sigma,SLLR,SLFOR,SNVOR,CRI,result_status
0.9,0.00016134362123226,0.00121609446944269,3.16870613775909e-06,0.000340658807855446,valid
0.95,0.00104744202291066,0.00845750707521947,4.90362999715177e-05,0.00232977388878459,valid
0.98,0.0025630541726724,0.012698822481562,0.000390950191746877,0.00415578703826523,valid
