sigma,SLLR,SLFOR,SNVOR,CRI
0.9,0.360324132627038,0.70868291888262,0.0740463358746731,0.372740330527681
0.95,0.503593567873263,1.10385225581369,0.120597348936776,0.547046061674051
0.98,0.666225658474345,1.70874623638323,0.212404606639498,0.783965563689153
