sigma,SLLR,SLFOR,SNVOR,CRI
0.9,0.346586230439239,0.70868291888262,0.0690577916937775,0.363499880378823
0.95,0.485508607774258,1.12515186092963,0.135810004159767,0.543497537682434
0.98,0.653237352959517,1.70874623638323,0.227589916849193,0.779209642422195
