sigma,basic_SLLR,paper_SLLR,delta_SLLR,basic_SLFOR,paper_SLFOR,delta_SLFOR,basic_SNVOR,paper_SNVOR,delta_SNVOR,basic_CRI,paper_CRI,delta_CRI
0.9,0.342077282095478,0.000109431466369825,-0.341967850629108,0.69841934367981,0.00133226125329374,-0.697087082426516,0.0712738100727969,2.57807802346616e-06,-0.0712712319947734,0.359185000007808,0.000332626746085336,-0.358852373261723
0.95,0.594702585290276,0.00101113025487591,-0.5936914550354,1.0207036587721,0.00619651008245637,-1.01450714868964,0.138662183129087,6.52307657278385e-05,-0.138596952363359,0.588694719554403,0.00185902632256239,-0.586835693231841
0.98,0.731256845367056,0.0025967710834569,-0.728660074283599,1.65592435928679,0.0118292861626497,-1.64409507312414,0.227589916849193,0.000344737468810076,-0.227245179380383,0.81545696244743,0.0039928673763661,-0.811464095071064
