sigma,SLLR,SLFOR,SNVOR,CRI
0.9,0.342077282095478,0.69841934367981,0.0712738100727969,0.359185000007808
0.95,0.594702585290276,1.0207036587721,0.138662183129087,0.588694719554403
0.98,0.731256845367056,1.65592435928679,0.227589916849193,0.81545696244743
