sigma,SLLR,SLFOR,SNVOR,CRI
0.9,0.313640927820051,0.73511284747432,0.0642600681383282,0.34805913981456
0.95,0.589717479210071,1.0207036587721,0.144273148732873,0.586825849027037
0.98,0.759037123674697,1.65592435928679,0.227589916849193,0.832125129432015
