sigma,SLLR,SLFOR,SNVOR,CRI,result_status
0.9,0.000109431466369825,0.00133226125329374,2.57807802346616e-06,0.000332626746085336,valid
0.95,0.00101113025487591,0.00619651008245637,6.52307657278385e-05,0.00185902632256239,valid
0.98,0.0025967710834569,0.0118292861626497,0.000344737468810076,0.0039928673763661,valid
