sigma,uniform_SLLR,weighted_SLLR,delta_SLLR,uniform_SLFOR,weighted_SLFOR,delta_SLFOR,uniform_SNVOR,weighted_SNVOR,delta_SNVOR,uniform_CRI,weighted_CRI,delta_CRI
0.9,0.342077282095478,0.313640927820051,-0.028436354275427,0.69841934367981,0.73511284747432,0.0366935037945101,0.0712738100727969,0.0642600681383282,-0.0070137419344687,0.359185000007808,0.34805913981456,-0.011125860193248
0.95,0.594702585290276,0.589717479210071,-0.00498510608020497,1.0207036587721,1.0207036587721,0,0.138662183129087,0.144273148732873,0.00561096560378599,0.588694719554403,0.586825849027037,-0.00186887052736595
0.98,0.731256845367056,0.759037123674697,0.027780278307641,1.65592435928679,1.65592435928679,0,0.227589916849193,0.227589916849193,0,0.81545696244743,0.832125129432015,0.016668166984585
