sigma,SLLR,SLFOR,SNVOR,CRI,result_status
0.9,0,0.00123314460649922,0,0.000246628921299845,valid
0.95,0.00377773172791934,0.0102318006966373,0.000101584069693893,0.00433331599001784,valid
0.98,0.00377773172791934,0.0102318006966373,0.000101584069693893,0.00433331599001784,valid
