sigma,basic_SLLR,paper_SLLR,delta_SLLR,basic_SLFOR,paper_SLFOR,delta_SLFOR,basic_SNVOR,paper_SNVOR,delta_SNVOR,basic_CRI,paper_CRI,delta_CRI
0.9,0.341147887110004,0.000139963429106484,-0.341007923680897,0.5459448847842,0.00133309620346683,-0.544611788580733,0.0546132838203331,2.7202361446454e-06,-0.0546105635841885,0.324800365986909,0.000351141345386186,-0.324449224641523
0.95,0.555683461433302,0.000878785511141342,-0.554804675922161,1.01620163720282,0.00677173253385308,-1.00942990466897,0.128660958580614,4.44036659812184e-05,-0.128616554914633,0.562382596016668,0.00189049854665166,-0.560492097470016
0.98,0.678559710787739,0.00244888920470253,-0.676110821583036,1.68016012490255,0.0121045429327748,-1.66805558196978,0.220468317519024,0.000252795772541633,-0.220215521746482,0.787261514956958,0.0039408012638848,-0.783320713693073
