sigma,SLLR,SLFOR,SNVOR,CRI,result_status
0.9,0.000139963429106484,0.00133309620346683,2.7202361446454e-06,0.000351141345386186,valid
0.95,0.000878785511141342,0.00677173253385308,4.44036659812184e-05,0.00189049854665166,valid
0.98,0.00244888920470253,0.0121045429327748,0.000252795772541633,0.0039408012638848,valid
