sigma,SLLR,SLFOR,SNVOR,CRI
0.9,0.341147887110004,0.5459448847842,0.0546132838203331,0.324800365986909
0.95,0.555683461433302,1.01620163720282,0.128660958580614,0.562382596016668
0.98,0.678559710787739,1.68016012490255,0.220468317519024,0.787261514956958
