sigma,SLLR,SLFOR,SNVOR,CRI
0.9,0.341095290707249,0.5459448847842,0.0546132838203331,0.324768808145256
0.95,0.546863482794844,1.02478905866576,0.128660958580614,0.558808093126181
0.98,0.700291642616277,1.68016012490255,0.227589916849193,0.801724993920115
