sigma,uniform_SLLR,weighted_SLLR,delta_SLLR,uniform_SLFOR,weighted_SLFOR,delta_SLFOR,uniform_SNVOR,weighted_SNVOR,delta_SNVOR,uniform_CRI,weighted_CRI,delta_CRI
0.9,0.341147887110004,0.341095290707249,-5.25964027550119e-05,0.5459448847842,0.5459448847842,0,0.0546132838203331,0.0546132838203331,0,0.324800365986909,0.324768808145256,-3.15578416529849e-05
0.95,0.555683461433302,0.546863482794844,-0.00881997863845807,1.01620163720282,1.02478905866576,0.00858742146294,0.128660958580614,0.128660958580614,0,0.562382596016668,0.558808093126181,-0.003574502890487
0.98,0.678559710787739,0.700291642616277,0.0217319318285379,1.68016012490255,1.68016012490255,0,0.220468317519024,0.227589916849193,0.00712159933016901,0.787261514956958,0.801724993920115,0.014463478963157
