sigma,basic_SLLR,paper_SLLR,delta_SLLR,basic_SLFOR,paper_SLFOR,delta_SLFOR,basic_SNVOR,paper_SNVOR,delta_SNVOR,basic_CRI,paper_CRI,delta_CRI
0.9,0.396445125938765,0.000105794822652687,-0.396339331116112,0.71450580625649,0.00113098124619257,-0.713374825010297,0.0804563802234464,3.67709827590688e-06,-0.0804527031251705,0.396859512859246,0.000290408562485307,-0.396569104296761
0.95,0.59344779453266,0.000856427398831432,-0.592591367133829,1.10925640621352,0.00836124586422653,-1.10089516034929,0.144287618498472,4.94774627093761e-05,-0.144238141035763,0.606777481661994,0.00219600110468604,-0.604581480557308
0.98,0.700291642616277,0.00446329426756656,-0.69582834834871,1.73881024562463,0.0183946989263112,-1.72041554669832,0.227589916849193,0.000650450726996458,-0.226939466122197,0.813455018064531,0.00648700649120147,-0.80696801157333
