sigma,basic_SLLR,paper_SLLR,delta_SLLR,basic_SLFOR,paper_SLFOR,delta_SLFOR,basic_SNVOR,paper_SNVOR,delta_SNVOR,basic_CRI,paper_CRI,delta_CRI
0.9,0.396445125938765,0.000105794822652687,-0.396339331116112,0.71450580625649,0.00477732741670568,-0.709728478839784,0.0804563802234464,5.36404280262999e-06,-0.0804510161806438,0.396859512859246,0.00102001518549327,-0.395839497673753
0.95,0.59344779453266,0.000856427398831432,-0.592591367133829,1.10925640621352,0.0104216856032226,-1.0988347206103,0.144287618498472,0.000135755827004073,-0.144151862671468,0.606777481661994,0.00262534472534419,-0.60415213693665
0.98,0.700291642616277,0.00446329426756656,-0.69582834834871,1.73881024562463,0.331873185298321,-1.40693706032631,0.227589916849193,0.00469355727585466,-0.222896359573338,0.813455018064531,0.069991325075375,-0.743463692989156
