sigma,SLLR,SLFOR,SNVOR,CRI
0.9,0.000105794822652687,0.00477732741670568,5.36404280262999e-06,0.00102001518549327
0.95,0.000856427398831432,0.0104216856032226,0.000135755827004073,0.00262534472534419
0.98,0.00446329426756656,0.331873185298321,0.00469355727585466,0.069991325075375
