sigma,SLLR,SLFOR,SNVOR,CRI
0.9,0.31214795955322,0.58130978427412,0.0347947764767139,0.310509687882098
0.95,0.41545547776144,0.819703673960797,0.0787386277013779,0.428961746989299
0.98,0.635392248651355,1.57056907971958,0.102881808101393,0.715925526755007
