sigma,basic_SLLR,paper_SLLR,delta_SLLR,basic_SLFOR,paper_SLFOR,delta_SLFOR,basic_SNVOR,paper_SNVOR,delta_SNVOR,basic_CRI,paper_CRI,delta_CRI
0.9,0.563111526119123,0.00081496133892365,-0.562296564780199,0.9260505788692,0.00748660622399882,-0.918563972645201,0.142869897008195,0.000322177532966963,-0.142547719475228,0.551651010846953,0.00205073355474735,-0.549600277292206
0.95,0.654530106024243,0.00230843428179936,-0.652221671742444,1.33756978569022,0.0165588060378297,-1.32101097965239,0.176192577472418,0.000894171631873164,-0.175298405840545,0.695470536247073,0.00487565610302019,-0.690594880144053
0.98,0.746435732296382,0.00464074346334018,-0.741794988833042,1.96718004142574,0.0220806101133166,-1.94509943131242,0.244456059502692,0.00232844131432164,-0.24212761818837,0.890188659563516,0.00766625636353175,-0.882522403199984
