sigma,SLLR,SLFOR,SNVOR,CRI,result_status
0.9,0.000111743457863146,0.00161682857121419,0,0.000390411788960726,valid
0.95,0.000488655309346554,0.00693908481874634,3.62811520737505e-05,0.00168826637977195,valid
0.98,0.00259677459885169,0.0123013814469206,0.000194510872959568,0.00405724322328704,valid
