sigma,SLLR,SLFOR,SNVOR,CRI
0.9,0.302913410549429,0.437983058313721,0.00388319440813989,0.270121296874029
0.95,0.429969679272636,0.615155490082967,0.102695377309664,0.401551981042108
0.98,0.549649152490225,0.86430308444958,0.220467620625408,0.546743632509133
