sigma,SLLR,SLFOR,SNVOR,CRI
0.9,0.179492446870495,0.354626154538323,0,0.178620699029962
0.95,0.42319058087617,0.604370302710079,0.0989094528850391,0.394570299644726
0.98,0.549649152490225,0.768033510688164,0.199993059326634,0.523394805497095
