scenario_id,total_wind_capacity_mw,wind_buses,wind_speed_mps,renewable_dispatch_mode,total_wind_output_mw,wind_capacity_factor,basecase_slack_pg_mw,basecase_overloaded_line_count,basecase_voltage_violation_count,basecase_converged,chain_count,invalid_stage_ratio,basic_CRI_095,weighted_CRI_095,paper_CRI_095,paper_result_status,overall_status,paper_note
wind_speed_8mps,3000,"30,31,32,33,34,35,36,37,38,39",8,wind_plus_redispatch,855.379188712522,0.285126396237507,731.182120344011,0,0,1,920,0.0290611028315946,0.487645665156855,0.519747360424465,0.00158387703810225,valid,success_all_valid,
wind_speed_10mps,3000,"30,31,32,33,34,35,36,37,38,39",10,wind_plus_redispatch,1716.04938271605,0.57201646090535,817.275687349107,0,0,1,920,0.0321637426900585,0.524246915921041,0.522813439886284,0.00161684801126665,valid,success_all_valid,
wind_speed_12mps,3000,"30,31,32,33,34,35,36,37,38,39",12,wind_plus_redispatch,3000,1,945.611063463387,0,0,1,920,0.0287769784172662,0.606777481661994,0.616438348328113,0.00219600110468604,valid,success_all_valid,
wind_speed_14mps,3000,"30,31,32,33,34,35,36,37,38,39",14,wind_plus_redispatch,3000,1,945.611063463387,0,0,1,920,0.0287769784172662,0.606777481661994,0.616438348328113,0.00219600110468604,valid,success_all_valid,
wind_speed_16mps,3000,"30,31,32,33,34,35,36,37,38,39",16,wind_plus_redispatch,3000,1,945.611063463387,0,0,1,920,0.0287769784172662,0.606777481661994,0.616438348328113,0.00219600110468604,valid,success_all_valid,
