scenario_id,total_wind_capacity_mw,wind_buses,wind_speed_mps,renewable_dispatch_mode,basecase_converged,chain_count,invalid_stage_ratio,basic_CRI_095,weighted_CRI_095,paper_CRI_095,paper_result_status,overall_status,paper_note
distributed_wind_40pct,3000,"30,31,32,33,34,35,36,37,38,39",12,wind_plus_redispatch,1,920,0.0287769784172662,0.606777481661994,0.616438348328113,0.00219600110468604,valid,success_all_valid,
distributed_wind_45pct,2814.4035,"30,31,32,33,34,35,36,37,38,39",12,wind_plus_redispatch,1,920,0.0239303843364757,0.581862638619973,0.589780994207157,0.00233095922724223,valid,success_all_valid,
distributed_wind_50pct,3127.115,"30,31,32,33,34,35,36,37,38,39",12,wind_plus_redispatch,1,920,0.0271622587562545,0.640016129397288,0.640016129397288,0.00228145543005064,valid,success_all_valid,
distributed_wind_55pct,3439.8265,"30,31,32,33,34,35,36,37,38,39",12,wind_plus_redispatch,1,920,0.0276792051100071,0.588823934499075,0.606930834577092,0.00251170187957319,valid,success_all_valid,
distributed_wind_60pct,3752.538,"30,31,32,33,34,35,36,37,38,39",12,wind_plus_redispatch,1,920,0.0332179930795848,0.613481647996088,0.650533533101562,0.00317028596979229,valid,success_all_valid,
distributed_wind_65pct,4065.2495,"30,31,32,33,34,35,36,37,38,39",12,wind_plus_redispatch,1,920,0.0381383322559793,0.648787684894968,0.64865383158233,0.00304814675199094,valid,success_all_valid,
distributed_wind_70pct,4377.961,"30,31,32,33,34,35,36,37,38,39",12,wind_plus_redispatch,1,920,0.0460048426150121,0.679076659539605,0.67836751167592,0.00459904620982985,valid,success_all_valid,
distributed_wind_75pct,4690.6725,"30,31,32,33,34,35,36,37,38,39",12,wind_plus_redispatch,1,920,0.0481569560047562,0.695470536247073,0.692503310878108,0.00487565610302019,valid,success_all_valid,
distributed_wind_80pct,5003.384,"30,31,32,33,34,35,36,37,38,39",12,wind_plus_redispatch,1,920,0.0555237550085861,0.687486882992135,0.686246070659188,0.0052719243208235,valid,success_all_valid,
