sigma,SLLR,SLFOR,SNVOR,CRI,result_status
0.9,0,0.00123887243965514,0,0.000247774487931028,valid
0.95,0.00382788191784953,0.0103127360712685,0.000103137712723393,0.0043799039075081,valid
0.98,0.00382788191784953,0.0103127360712685,0.000103137712723393,0.0043799039075081,valid
