initial_branch,trial_id,chain_depth,terminated_reason,total_load_shed_mw,total_load_shed_frac,max_line_loading_pu,max_voltage_deviation_pu,num_total_outaged_branches,final_converged,basic_LLR,basic_LFOR,basic_NVOR,basic_CRI,chain_transition_probability,chain_probability_status,stage_probability_mode,valid_stage_probability_count,missing_stage_probability_count,initial_line_probability,total_chain_probability_actual,total_chain_probability_display
1,1,4,load_loss_threshold,1940.206,0.310223001072874,1.3001732065106,0.0399949597321373,7,1,0.310223001072874,0.557430888658312,0.199974798660686,0.337614938107524,0.0873213102250088,full_event_available,bernoulli_full_event,4,0,0.000438,3.82467338785539e-05,0.382467338785539
1,2,4,load_loss_threshold,1940.206,0.310223001072874,1.3001732065106,0.0399949597321373,7,1,0.310223001072874,0.557430888658312,0.199974798660686,0.337614938107524,0.0873213102250088,full_event_available,bernoulli_full_event,4,0,0.000438,3.82467338785539e-05,0.382467338785539
1,3,5,max_depth_reached,3573.34105,0.571347879754982,2.27458287513225,0.113265911247894,8,1,0.571347879754982,6.37291437566126,1.92552049121421,2.00249570122808,0.0152715320259237,full_event_available,bernoulli_full_event,5,0,0.000438,6.68893102735457e-06,0.0668893102735457
1,4,4,load_loss_threshold,3176.14,0.507838694771379,1.96737921779696,0.192682338253775,9,1,0.507838694771379,6.77165452457875,1.92682338253775,2.04439879828613,0.0229046735534731,full_event_available,bernoulli_full_event,4,0,0.000438,1.00322470164212e-05,0.100322470164212
1,5,4,load_loss_threshold,2479.459,0.396445125938765,1.3001732065106,0.0516888041619931,7,1,0.396445125938765,0.238714299153191,0.568576845781924,0.399325304550282,0.00668264211344632,full_event_available,bernoulli_full_event,4,0,0.000438,2.92699724568949e-06,0.0292699724568949
1,6,5,max_depth_reached,4522.5931,0.723125484671974,1.3001732065106,0.0353677277346379,13,0,1,1,1,1,0.0138427867763141,full_event_available,bernoulli_full_event,5,0,0.000438,6.06314060802556e-06,0.0606314060802556
1,7,4,load_loss_threshold,3285.3361,0.525298254141597,1.3001732065106,0.0561130801106728,7,0,1,1,1,1,0.00138311177497693,full_event_available,bernoulli_full_event,4,0,0.000438,6.05802957439896e-07,0.00605802957439896
1,8,4,load_loss_threshold,3461.135,0.553407054105781,1.73410676798107,0.281798331123254,11,1,0.553407054105781,5.13874737586748,2.25438664898603,1.81067103743417,1.97444026566942e-05,full_event_available,bernoulli_full_event,4,0,0.000438,8.64804836363208e-09,8.64804836363208e-05
1,9,5,max_depth_reached,4923.04,0.787153654406697,1.35676122303537,0.038463878438842,14,1,0.787153654406697,0,0,0.472292192644018,0.0341257040514152,full_event_available,bernoulli_full_event,5,0,0.000438,1.49470583745198e-05,0.149470583745198
1,10,4,load_loss_threshold,3176.14,0.507838694771379,1.96737921779696,0.192682338253775,8,1,0.507838694771379,6.77165452457875,1.92682338253775,2.04439879828613,0.0312056882193024,full_event_available,bernoulli_full_event,4,0,0.000438,1.36680914400545e-05,0.136680914400545
1,11,5,max_depth_reached,4527.967,0.723984727136674,1.35676122303537,0.038463878438842,13,0,1,1,1,1,0.0794774417138219,full_event_available,bernoulli_full_event,5,0,0.000438,3.4811119470654e-05,0.34811119470654
1,12,4,load_loss_threshold,3176.14,0.507838694771379,1.96737921779696,0.192682338253775,8,1,0.507838694771379,6.77165452457875,1.92682338253775,2.04439879828613,0.0312056882193024,full_event_available,bernoulli_full_event,4,0,0.000438,1.36680914400545e-05,0.136680914400545
1,13,4,load_loss_threshold,3176.14,0.507838694771379,1.96737921779696,0.192682338253775,8,1,0.507838694771379,6.77165452457875,1.92682338253775,2.04439879828613,0.0309582273535734,full_event_available,bernoulli_full_event,4,0,0.000438,1.35597035808652e-05,0.135597035808652
1,14,4,load_loss_threshold,3518.15,0.562523284241226,2.17693242197775,0.123778709316718,10,1,0.562523284241226,8.23852695384423,1.3615658024839,2.25753252181036,3.56820238401645e-05,full_event_available,bernoulli_full_event,4,0,0.000438,1.56287264419921e-08,0.000156287264419921
1,15,4,load_loss_threshold,2479.459,0.396445125938765,1.3001732065106,0.101870885237463,8,1,0.396445125938765,0.243564834088429,1.12057973761209,0.510695989903364,0.00656268532206769,full_event_available,bernoulli_full_event,4,0,0.000438,2.87445617106565e-06,0.0287445617106565
1,16,4,load_loss_threshold,1940.206,0.310223001072874,2.07946236140205,0.2466433145589,8,1,0.310223001072874,4.31784944560822,1.4798598873534,1.34567566723605,0.000603556235463422,full_event_available,bernoulli_full_event,4,0,0.000438,2.64357631132979e-07,0.00264357631132979
1,17,4,load_loss_threshold,3176.14,0.507838694771379,1.96737921779696,0.192682338253775,8,1,0.507838694771379,6.77165452457875,1.92682338253775,2.04439879828613,0.0312056882193024,full_event_available,bernoulli_full_event,4,0,0.000438,1.36680914400545e-05,0.136680914400545
1,18,4,load_loss_threshold,3176.14,0.507838694771379,1.96737921779696,0.192682338253775,9,1,0.507838694771379,6.77165452457875,1.92682338253775,2.04439879828613,0.0229046735534731,full_event_available,bernoulli_full_event,4,0,0.000438,1.00322470164212e-05,0.100322470164212
1,19,4,load_loss_threshold,3176.14,0.507838694771379,1.96737921779696,0.192682338253775,8,1,0.507838694771379,6.77165452457875,1.92682338253775,2.04439879828613,0.0312056882193024,full_event_available,bernoulli_full_event,4,0,0.000438,1.36680914400545e-05,0.136680914400545
1,20,4,load_loss_threshold,3176.14,0.507838694771379,1.96737921779696,0.192682338253775,8,1,0.507838694771379,6.77165452457875,1.92682338253775,2.04439879828613,0.0857538487306258,full_event_available,bernoulli_full_event,4,0,0.000438,3.75601857440141e-05,0.375601857440141
2,1,1,no_new_outage,0,0,0.955033810314675,0,1,1,0,0,0,0,0.420578997520146,full_event_available,bernoulli_full_event,1,0,0.000582,0.000244776976556725,2.44776976556725
2,2,4,load_loss_threshold,2018.286,0.322707351664394,1.18581029621944,0.0399949597321373,7,1,0.322707351664394,0.557430888658312,0.199974798660686,0.345105548462436,0.0802610096112003,full_event_available,bernoulli_full_event,4,0,0.000582,4.67119075937186e-05,0.467119075937186
2,3,1,no_new_outage,0,0,0.955033810314675,0,1,1,0,0,0,0,0.420578997520146,full_event_available,bernoulli_full_event,1,0,0.000582,0.000244776976556725,2.44776976556725
2,4,5,max_depth_reached,4527.967,0.723984727136674,1.35676122303537,0.038463878438842,13,0,1,1,1,1,0.100432046361214,full_event_available,bernoulli_full_event,5,0,0.000582,5.84514509822264e-05,0.584514509822264
2,5,4,load_loss_threshold,3176.14,0.507838694771379,1.96737921779696,0.192682338253775,7,1,0.507838694771379,6.77165452457875,1.92682338253775,2.04439879828613,0.108960771307591,full_event_available,bernoulli_full_event,4,0,0.000582,6.34151689010181e-05,0.634151689010181
2,6,5,max_depth_reached,4527.967,0.723984727136674,1.48903566394403,0.044554399095361,13,0,1,1,1,1,0.0145823559369921,full_event_available,bernoulli_full_event,5,0,0.000582,8.48693115532943e-06,0.0848693115532943
2,7,4,load_loss_threshold,3176.14,0.507838694771379,1.96737921779696,0.192682338253775,8,1,0.507838694771379,6.77165452457875,1.92682338253775,2.04439879828613,0.0587359895016448,full_event_available,bernoulli_full_event,4,0,0.000582,3.41843458899573e-05,0.341843458899573
2,8,4,load_loss_threshold,2018.286,0.322707351664394,1.18850056302353,0.0404263541904392,8,1,0.322707351664394,0.565501689070584,0.202131770952196,0.347151103003192,0.000133685972868884,full_event_available,bernoulli_full_event,4,0,0.000582,7.78052362096906e-08,0.000778052362096906
2,9,4,load_loss_threshold,3346.8241,0.535129680232419,1.21087461786729,0.0638104245733192,11,0,1,1,1,1,8.41354600570968e-07,full_event_available,bernoulli_full_event,4,0,0.000582,4.89668377532303e-10,4.89668377532303e-06
2,10,5,max_depth_reached,3334.13,0.533099997921407,1.54281715595493,0.011002272158844,11,1,0.533099997921407,2.71408577977467,0.0330068164765319,0.869278518003085,4.05744607066701e-05,full_event_available,bernoulli_full_event,5,0,0.000582,2.3614336131282e-08,0.00023614336131282
2,11,1,no_new_outage,0,0,0.955033810314675,0,1,1,0,0,0,0,0.420578997520146,full_event_available,bernoulli_full_event,1,0,0.000582,0.000244776976556725,2.44776976556725
2,12,1,no_new_outage,0,0,0.955033810314675,0,1,1,0,0,0,0,0.420578997520146,full_event_available,bernoulli_full_event,1,0,0.000582,0.000244776976556725,2.44776976556725
2,13,5,max_depth_reached,5211.04,0.833202488555745,1.35676122303537,0.038463878438842,15,1,0.833202488555745,0,0,0.499921493133447,6.76394947774758e-05,full_event_available,bernoulli_full_event,5,0,0.000582,3.93661859604909e-08,0.000393661859604909
2,14,4,load_loss_threshold,2018.286,0.322707351664394,1.18581029621944,0.0399949597321373,7,1,0.322707351664394,0.557430888658312,0.199974798660686,0.345105548462436,0.0802610096112003,full_event_available,bernoulli_full_event,4,0,0.000582,4.67119075937186e-05,0.467119075937186
2,15,5,max_depth_reached,4527.967,0.723984727136674,1.35676122303537,0.038463878438842,13,0,1,1,1,1,0.100432046361214,full_event_available,bernoulli_full_event,5,0,0.000582,5.84514509822264e-05,0.584514509822264
2,16,1,no_new_outage,0,0,0.955033810314675,0,1,1,0,0,0,0,0.420578997520146,full_event_available,bernoulli_full_event,1,0,0.000582,0.000244776976556725,2.44776976556725
2,17,3,load_loss_threshold,2283.0325,0.365038142185369,1.15454494715427,0,7,1,0.365038142185369,0.0956444298461638,0,0.238151771280454,5.65186197906843e-07,full_event_available,bernoulli_full_event,3,0,0.000582,3.28938367181783e-10,3.28938367181782e-06
2,18,4,load_loss_threshold,3176.14,0.507838694771379,1.96737921779696,0.192682338253775,8,1,0.507838694771379,6.77165452457875,1.92682338253775,2.04439879828613,0.0587359895016448,full_event_available,bernoulli_full_event,4,0,0.000582,3.41843458899573e-05,0.341843458899573
2,19,1,no_new_outage,0,0,0.955033810314675,0,1,1,0,0,0,0,0.420578997520146,full_event_available,bernoulli_full_event,1,0,0.000582,0.000244776976556725,2.44776976556725
2,20,1,no_new_outage,0,0,0.955033810314675,0,1,1,0,0,0,0,0.420578997520146,full_event_available,bernoulli_full_event,1,0,0.000582,0.000244776976556725,2.44776976556725
3,1,1,no_new_outage,0,0,0.80295157398254,0,1,1,0,0,0,0,0.934101596589296,full_event_available,bernoulli_full_event,1,0,0.000378,0.000353090403510754,3.53090403510754
3,2,1,no_new_outage,0,0,0.80295157398254,0,1,1,0,0,0,0,0.934101596589296,full_event_available,bernoulli_full_event,1,0,0.000378,0.000353090403510754,3.53090403510754
3,3,1,no_new_outage,0,0,0.80295157398254,0,1,1,0,0,0,0,0.934101596589296,full_event_available,bernoulli_full_event,1,0,0.000378,0.000353090403510754,3.53090403510754
3,4,1,no_new_outage,0,0,0.80295157398254,0,1,1,0,0,0,0,0.934101596589296,full_event_available,bernoulli_full_event,1,0,0.000378,0.000353090403510754,3.53090403510754
3,5,1,no_new_outage,0,0,0.80295157398254,0,1,1,0,0,0,0,0.934101596589296,full_event_available,bernoulli_full_event,1,0,0.000378,0.000353090403510754,3.53090403510754
3,6,1,no_new_outage,0,0,0.80295157398254,0,1,1,0,0,0,0,0.934101596589296,full_event_available,bernoulli_full_event,1,0,0.000378,0.000353090403510754,3.53090403510754
3,7,1,no_new_outage,0,0,0.80295157398254,0,1,1,0,0,0,0,0.934101596589296,full_event_available,bernoulli_full_event,1,0,0.000378,0.000353090403510754,3.53090403510754
3,8,1,no_new_outage,0,0,0.80295157398254,0,1,1,0,0,0,0,0.934101596589296,full_event_available,bernoulli_full_event,1,0,0.000378,0.000353090403510754,3.53090403510754
3,9,1,no_new_outage,0,0,0.80295157398254,0,1,1,0,0,0,0,0.934101596589296,full_event_available,bernoulli_full_event,1,0,0.000378,0.000353090403510754,3.53090403510754
3,10,1,no_new_outage,0,0,0.80295157398254,0,1,1,0,0,0,0,0.934101596589296,full_event_available,bernoulli_full_event,1,0,0.000378,0.000353090403510754,3.53090403510754
3,11,1,no_new_outage,0,0,0.80295157398254,0,1,1,0,0,0,0,0.934101596589296,full_event_available,bernoulli_full_event,1,0,0.000378,0.000353090403510754,3.53090403510754
3,12,1,no_new_outage,0,0,0.80295157398254,0,1,1,0,0,0,0,0.934101596589296,full_event_available,bernoulli_full_event,1,0,0.000378,0.000353090403510754,3.53090403510754
3,13,1,no_new_outage,0,0,0.80295157398254,0,1,1,0,0,0,0,0.934101596589296,full_event_available,bernoulli_full_event,1,0,0.000378,0.000353090403510754,3.53090403510754
3,14,1,no_new_outage,0,0,0.80295157398254,0,1,1,0,0,0,0,0.934101596589296,full_event_available,bernoulli_full_event,1,0,0.000378,0.000353090403510754,3.53090403510754
3,15,1,no_new_outage,0,0,0.80295157398254,0,1,1,0,0,0,0,0.934101596589296,full_event_available,bernoulli_full_event,1,0,0.000378,0.000353090403510754,3.53090403510754
3,16,1,no_new_outage,0,0,0.80295157398254,0,1,1,0,0,0,0,0.934101596589296,full_event_available,bernoulli_full_event,1,0,0.000378,0.000353090403510754,3.53090403510754
3,17,1,no_new_outage,0,0,0.80295157398254,0,1,1,0,0,0,0,0.934101596589296,full_event_available,bernoulli_full_event,1,0,0.000378,0.000353090403510754,3.53090403510754
3,18,1,no_new_outage,0,0,0.80295157398254,0,1,1,0,0,0,0,0.934101596589296,full_event_available,bernoulli_full_event,1,0,0.000378,0.000353090403510754,3.53090403510754
3,19,1,no_new_outage,0,0,0.80295157398254,0,1,1,0,0,0,0,0.934101596589296,full_event_available,bernoulli_full_event,1,0,0.000378,0.000353090403510754,3.53090403510754
3,20,1,no_new_outage,0,0,0.80295157398254,0,1,1,0,0,0,0,0.934101596589296,full_event_available,bernoulli_full_event,1,0,0.000378,0.000353090403510754,3.53090403510754
4,1,1,no_new_outage,0,0,0.791869196582766,0,1,1,0,0,0,0,0.934164152820412,full_event_available,bernoulli_full_event,1,0,0.000445,0.000415703048005083,4.15703048005083
4,2,1,no_new_outage,0,0,0.791869196582766,0,1,1,0,0,0,0,0.934164152820412,full_event_available,bernoulli_full_event,1,0,0.000445,0.000415703048005083,4.15703048005083
4,3,1,no_new_outage,0,0,0.791869196582766,0,1,1,0,0,0,0,0.934164152820412,full_event_available,bernoulli_full_event,1,0,0.000445,0.000415703048005083,4.15703048005083
4,4,1,no_new_outage,0,0,0.791869196582766,0,1,1,0,0,0,0,0.934164152820412,full_event_available,bernoulli_full_event,1,0,0.000445,0.000415703048005083,4.15703048005083
4,5,1,no_new_outage,0,0,0.791869196582766,0,1,1,0,0,0,0,0.934164152820412,full_event_available,bernoulli_full_event,1,0,0.000445,0.000415703048005083,4.15703048005083
4,6,1,no_new_outage,0,0,0.791869196582766,0,1,1,0,0,0,0,0.934164152820412,full_event_available,bernoulli_full_event,1,0,0.000445,0.000415703048005083,4.15703048005083
4,7,1,no_new_outage,0,0,0.791869196582766,0,1,1,0,0,0,0,0.934164152820412,full_event_available,bernoulli_full_event,1,0,0.000445,0.000415703048005083,4.15703048005083
4,8,1,no_new_outage,0,0,0.791869196582766,0,1,1,0,0,0,0,0.934164152820412,full_event_available,bernoulli_full_event,1,0,0.000445,0.000415703048005083,4.15703048005083
4,9,1,no_new_outage,0,0,0.791869196582766,0,1,1,0,0,0,0,0.934164152820412,full_event_available,bernoulli_full_event,1,0,0.000445,0.000415703048005083,4.15703048005083
4,10,1,no_new_outage,0,0,0.791869196582766,0,1,1,0,0,0,0,0.934164152820412,full_event_available,bernoulli_full_event,1,0,0.000445,0.000415703048005083,4.15703048005083
4,11,1,no_new_outage,0,0,0.791869196582766,0,1,1,0,0,0,0,0.934164152820412,full_event_available,bernoulli_full_event,1,0,0.000445,0.000415703048005083,4.15703048005083
4,12,1,no_new_outage,0,0,0.791869196582766,0,1,1,0,0,0,0,0.934164152820412,full_event_available,bernoulli_full_event,1,0,0.000445,0.000415703048005083,4.15703048005083
4,13,1,no_new_outage,0,0,0.791869196582766,0,1,1,0,0,0,0,0.934164152820412,full_event_available,bernoulli_full_event,1,0,0.000445,0.000415703048005083,4.15703048005083
4,14,1,no_new_outage,0,0,0.791869196582766,0,1,1,0,0,0,0,0.934164152820412,full_event_available,bernoulli_full_event,1,0,0.000445,0.000415703048005083,4.15703048005083
4,15,1,no_new_outage,0,0,0.791869196582766,0,1,1,0,0,0,0,0.934164152820412,full_event_available,bernoulli_full_event,1,0,0.000445,0.000415703048005083,4.15703048005083
4,16,1,no_new_outage,0,0,0.791869196582766,0,1,1,0,0,0,0,0.934164152820412,full_event_available,bernoulli_full_event,1,0,0.000445,0.000415703048005083,4.15703048005083
4,17,1,no_new_outage,0,0,0.791869196582766,0,1,1,0,0,0,0,0.934164152820412,full_event_available,bernoulli_full_event,1,0,0.000445,0.000415703048005083,4.15703048005083
4,18,1,no_new_outage,0,0,0.791869196582766,0,1,1,0,0,0,0,0.934164152820412,full_event_available,bernoulli_full_event,1,0,0.000445,0.000415703048005083,4.15703048005083
4,19,1,no_new_outage,0,0,0.791869196582766,0,1,1,0,0,0,0,0.934164152820412,full_event_available,bernoulli_full_event,1,0,0.000445,0.000415703048005083,4.15703048005083
4,20,1,no_new_outage,0,0,0.791869196582766,0,1,1,0,0,0,0,0.934164152820412,full_event_available,bernoulli_full_event,1,0,0.000445,0.000415703048005083,4.15703048005083
5,1,1,no_new_outage,0,0,0.831927425426279,0,1,1,0,0,0,0,0.93419403337996,full_event_available,bernoulli_full_event,1,0,0.000477,0.000445610553922241,4.45610553922241
5,2,1,no_new_outage,0,0,0.831927425426279,0,1,1,0,0,0,0,0.93419403337996,full_event_available,bernoulli_full_event,1,0,0.000477,0.000445610553922241,4.45610553922241
5,3,1,no_new_outage,0,0,0.831927425426279,0,1,1,0,0,0,0,0.93419403337996,full_event_available,bernoulli_full_event,1,0,0.000477,0.000445610553922241,4.45610553922241
5,4,1,no_new_outage,0,0,0.831927425426279,0,1,1,0,0,0,0,0.93419403337996,full_event_available,bernoulli_full_event,1,0,0.000477,0.000445610553922241,4.45610553922241
5,5,3,load_loss_threshold,1884.03,0.301240920145246,1.62959661405123,0.169529610983036,6,1,0.301240920145246,5.03677291240986,1.86482572081339,1.5610642787318,1.67871007736769e-06,full_event_available,bernoulli_full_event,3,0,0.000477,8.00744706904387e-10,8.00744706904387e-06
5,6,1,no_new_outage,0,0,0.831927425426279,0,1,1,0,0,0,0,0.93419403337996,full_event_available,bernoulli_full_event,1,0,0.000477,0.000445610553922241,4.45610553922241
5,7,1,no_new_outage,0,0,0.831927425426279,0,1,1,0,0,0,0,0.93419403337996,full_event_available,bernoulli_full_event,1,0,0.000477,0.000445610553922241,4.45610553922241
5,8,1,no_new_outage,0,0,0.831927425426279,0,1,1,0,0,0,0,0.93419403337996,full_event_available,bernoulli_full_event,1,0,0.000477,0.000445610553922241,4.45610553922241
5,9,1,no_new_outage,0,0,0.831927425426279,0,1,1,0,0,0,0,0.93419403337996,full_event_available,bernoulli_full_event,1,0,0.000477,0.000445610553922241,4.45610553922241
5,10,1,no_new_outage,0,0,0.831927425426279,0,1,1,0,0,0,0,0.93419403337996,full_event_available,bernoulli_full_event,1,0,0.000477,0.000445610553922241,4.45610553922241
5,11,1,no_new_outage,0,0,0.831927425426279,0,1,1,0,0,0,0,0.93419403337996,full_event_available,bernoulli_full_event,1,0,0.000477,0.000445610553922241,4.45610553922241
5,12,2,no_new_outage,0,0,0.850898657660302,0,2,1,0,0,0,0,0.00144115142640334,full_event_available,bernoulli_full_event,2,0,0.000477,6.87429230394394e-07,0.00687429230394394
5,13,2,no_new_outage,0,0,0.835749349666261,0,2,1,0,0,0,0,0.00133509280838612,full_event_available,bernoulli_full_event,2,0,0.000477,6.36839269600181e-07,0.00636839269600181
5,14,1,no_new_outage,0,0,0.831927425426279,0,1,1,0,0,0,0,0.93419403337996,full_event_available,bernoulli_full_event,1,0,0.000477,0.000445610553922241,4.45610553922241
5,15,1,no_new_outage,0,0,0.831927425426279,0,1,1,0,0,0,0,0.93419403337996,full_event_available,bernoulli_full_event,1,0,0.000477,0.000445610553922241,4.45610553922241
5,16,1,no_new_outage,0,0,0.831927425426279,0,1,1,0,0,0,0,0.93419403337996,full_event_available,bernoulli_full_event,1,0,0.000477,0.000445610553922241,4.45610553922241
5,17,1,no_new_outage,0,0,0.831927425426279,0,1,1,0,0,0,0,0.93419403337996,full_event_available,bernoulli_full_event,1,0,0.000477,0.000445610553922241,4.45610553922241
5,18,1,no_new_outage,0,0,0.831927425426279,0,1,1,0,0,0,0,0.93419403337996,full_event_available,bernoulli_full_event,1,0,0.000477,0.000445610553922241,4.45610553922241
5,19,1,no_new_outage,0,0,0.831927425426279,0,1,1,0,0,0,0,0.93419403337996,full_event_available,bernoulli_full_event,1,0,0.000477,0.000445610553922241,4.45610553922241
5,20,1,no_new_outage,0,0,0.831927425426279,0,1,1,0,0,0,0,0.93419403337996,full_event_available,bernoulli_full_event,1,0,0.000477,0.000445610553922241,4.45610553922241
6,1,1,no_new_outage,0,0,0.789596400817363,0,1,1,0,0,0,0,0.934260337697683,full_event_available,bernoulli_full_event,1,0,0.000548,0.00051197466505833,5.1197466505833
6,2,1,no_new_outage,0,0,0.789596400817363,0,1,1,0,0,0,0,0.934260337697683,full_event_available,bernoulli_full_event,1,0,0.000548,0.00051197466505833,5.1197466505833
6,3,1,no_new_outage,0,0,0.789596400817363,0,1,1,0,0,0,0,0.934260337697683,full_event_available,bernoulli_full_event,1,0,0.000548,0.00051197466505833,5.1197466505833
6,4,1,no_new_outage,0,0,0.789596400817363,0,1,1,0,0,0,0,0.934260337697683,full_event_available,bernoulli_full_event,1,0,0.000548,0.00051197466505833,5.1197466505833
6,5,1,no_new_outage,0,0,0.789596400817363,0,1,1,0,0,0,0,0.934260337697683,full_event_available,bernoulli_full_event,1,0,0.000548,0.00051197466505833,5.1197466505833
6,6,1,no_new_outage,0,0,0.789596400817363,0,1,1,0,0,0,0,0.934260337697683,full_event_available,bernoulli_full_event,1,0,0.000548,0.00051197466505833,5.1197466505833
6,7,1,no_new_outage,0,0,0.789596400817363,0,1,1,0,0,0,0,0.934260337697683,full_event_available,bernoulli_full_event,1,0,0.000548,0.00051197466505833,5.1197466505833
6,8,1,no_new_outage,0,0,0.789596400817363,0,1,1,0,0,0,0,0.934260337697683,full_event_available,bernoulli_full_event,1,0,0.000548,0.00051197466505833,5.1197466505833
6,9,5,max_depth_reached,1735.548825,0.2775,1.33499049687557,0.111090563424203,8,1,0.2775,0.146258386570238,0.444362253696811,0.28462412805341,4.89441811820667e-06,full_event_available,bernoulli_full_event,5,0,0.000548,2.68214112877725e-09,2.68214112877725e-05
6,10,1,no_new_outage,0,0,0.789596400817363,0,1,1,0,0,0,0,0.934260337697683,full_event_available,bernoulli_full_event,1,0,0.000548,0.00051197466505833,5.1197466505833
6,11,1,no_new_outage,0,0,0.789596400817363,0,1,1,0,0,0,0,0.934260337697683,full_event_available,bernoulli_full_event,1,0,0.000548,0.00051197466505833,5.1197466505833
6,12,1,no_new_outage,0,0,0.789596400817363,0,1,1,0,0,0,0,0.934260337697683,full_event_available,bernoulli_full_event,1,0,0.000548,0.00051197466505833,5.1197466505833
6,13,1,no_new_outage,0,0,0.789596400817363,0,1,1,0,0,0,0,0.934260337697683,full_event_available,bernoulli_full_event,1,0,0.000548,0.00051197466505833,5.1197466505833
6,14,1,no_new_outage,0,0,0.789596400817363,0,1,1,0,0,0,0,0.934260337697683,full_event_available,bernoulli_full_event,1,0,0.000548,0.00051197466505833,5.1197466505833
6,15,1,no_new_outage,0,0,0.789596400817363,0,1,1,0,0,0,0,0.934260337697683,full_event_available,bernoulli_full_event,1,0,0.000548,0.00051197466505833,5.1197466505833
6,16,1,no_new_outage,0,0,0.789596400817363,0,1,1,0,0,0,0,0.934260337697683,full_event_available,bernoulli_full_event,1,0,0.000548,0.00051197466505833,5.1197466505833
6,17,1,no_new_outage,0,0,0.789596400817363,0,1,1,0,0,0,0,0.934260337697683,full_event_available,bernoulli_full_event,1,0,0.000548,0.00051197466505833,5.1197466505833
6,18,1,no_new_outage,0,0,0.789596400817363,0,1,1,0,0,0,0,0.934260337697683,full_event_available,bernoulli_full_event,1,0,0.000548,0.00051197466505833,5.1197466505833
6,19,1,no_new_outage,0,0,0.789596400817363,0,1,1,0,0,0,0,0.934260337697683,full_event_available,bernoulli_full_event,1,0,0.000548,0.00051197466505833,5.1197466505833
6,20,1,no_new_outage,0,0,0.789596400817363,0,1,1,0,0,0,0,0.934260337697683,full_event_available,bernoulli_full_event,1,0,0.000548,0.00051197466505833,5.1197466505833
7,1,1,no_new_outage,0,0,0.790734340571356,0,1,1,0,0,0,0,0.934153881819533,full_event_available,bernoulli_full_event,1,0,0.000434,0.000405422784709677,4.05422784709677
7,2,1,no_new_outage,0,0,0.790734340571356,0,1,1,0,0,0,0,0.934153881819533,full_event_available,bernoulli_full_event,1,0,0.000434,0.000405422784709677,4.05422784709677
7,3,1,no_new_outage,0,0,0.790734340571356,0,1,1,0,0,0,0,0.934153881819533,full_event_available,bernoulli_full_event,1,0,0.000434,0.000405422784709677,4.05422784709677
7,4,1,no_new_outage,0,0,0.790734340571356,0,1,1,0,0,0,0,0.934153881819533,full_event_available,bernoulli_full_event,1,0,0.000434,0.000405422784709677,4.05422784709677
7,5,1,no_new_outage,0,0,0.790734340571356,0,1,1,0,0,0,0,0.934153881819533,full_event_available,bernoulli_full_event,1,0,0.000434,0.000405422784709677,4.05422784709677
7,6,1,no_new_outage,0,0,0.790734340571356,0,1,1,0,0,0,0,0.934153881819533,full_event_available,bernoulli_full_event,1,0,0.000434,0.000405422784709677,4.05422784709677
7,7,1,no_new_outage,0,0,0.790734340571356,0,1,1,0,0,0,0,0.934153881819533,full_event_available,bernoulli_full_event,1,0,0.000434,0.000405422784709677,4.05422784709677
7,8,1,no_new_outage,0,0,0.790734340571356,0,1,1,0,0,0,0,0.934153881819533,full_event_available,bernoulli_full_event,1,0,0.000434,0.000405422784709677,4.05422784709677
7,9,1,no_new_outage,0,0,0.790734340571356,0,1,1,0,0,0,0,0.934153881819533,full_event_available,bernoulli_full_event,1,0,0.000434,0.000405422784709677,4.05422784709677
7,10,1,no_new_outage,0,0,0.790734340571356,0,1,1,0,0,0,0,0.934153881819533,full_event_available,bernoulli_full_event,1,0,0.000434,0.000405422784709677,4.05422784709677
7,11,1,no_new_outage,0,0,0.790734340571356,0,1,1,0,0,0,0,0.934153881819533,full_event_available,bernoulli_full_event,1,0,0.000434,0.000405422784709677,4.05422784709677
7,12,1,no_new_outage,0,0,0.790734340571356,0,1,1,0,0,0,0,0.934153881819533,full_event_available,bernoulli_full_event,1,0,0.000434,0.000405422784709677,4.05422784709677
7,13,1,no_new_outage,0,0,0.790734340571356,0,1,1,0,0,0,0,0.934153881819533,full_event_available,bernoulli_full_event,1,0,0.000434,0.000405422784709677,4.05422784709677
7,14,1,no_new_outage,0,0,0.790734340571356,0,1,1,0,0,0,0,0.934153881819533,full_event_available,bernoulli_full_event,1,0,0.000434,0.000405422784709677,4.05422784709677
7,15,1,no_new_outage,0,0,0.790734340571356,0,1,1,0,0,0,0,0.934153881819533,full_event_available,bernoulli_full_event,1,0,0.000434,0.000405422784709677,4.05422784709677
7,16,1,no_new_outage,0,0,0.790734340571356,0,1,1,0,0,0,0,0.934153881819533,full_event_available,bernoulli_full_event,1,0,0.000434,0.000405422784709677,4.05422784709677
7,17,1,no_new_outage,0,0,0.790734340571356,0,1,1,0,0,0,0,0.934153881819533,full_event_available,bernoulli_full_event,1,0,0.000434,0.000405422784709677,4.05422784709677
7,18,1,no_new_outage,0,0,0.790734340571356,0,1,1,0,0,0,0,0.934153881819533,full_event_available,bernoulli_full_event,1,0,0.000434,0.000405422784709677,4.05422784709677
7,19,5,max_depth_reached,4385.29,0.701171846894022,2.35849009554454,0.0603763786926195,18,1,0.701171846894022,2.71698019108907,0.362258272155717,1.03655080078537,2.09836713481781e-05,full_event_available,bernoulli_full_event,5,0,0.000434,9.10691336510931e-09,9.1069133651093e-05
7,20,1,no_new_outage,0,0,0.790734340571356,0,1,1,0,0,0,0,0.934153881819533,full_event_available,bernoulli_full_event,1,0,0.000434,0.000405422784709677,4.05422784709677
8,1,4,load_loss_threshold,2965.31955,0.474130236655831,1.08645285191311,0.0471127882530263,7,0,1,1,1,1,0.0415689809961306,full_event_available,bernoulli_full_event,4,0,3.4e-05,1.41334535386844e-06,0.0141334535386844
8,2,1,no_new_outage,0,0,0.951410317781808,0,1,1,0,0,0,0,0.281299789589489,full_event_available,bernoulli_full_event,1,0,3.4e-05,9.56419284604261e-06,0.0956419284604261
8,3,4,load_loss_threshold,4580.4865,0.732382163751573,1.67694487613538,0.175966511253034,13,1,0.732382163751573,0.335467087430141,0.527899533759103,0.612102622488793,0.0225364664569621,full_event_available,bernoulli_full_event,4,0,3.4e-05,7.66239859536711e-07,0.00766239859536711
8,4,4,load_loss_threshold,2547.36705,0.407303065285415,1.08645285191311,0.0471127882530263,6,0,1,1,1,1,0.0779466280514799,full_event_available,bernoulli_full_event,4,0,3.4e-05,2.65018535375032e-06,0.0265018535375032
8,5,1,no_new_outage,0,0,0.951410317781808,0,1,1,0,0,0,0,0.281299789589489,full_event_available,bernoulli_full_event,1,0,3.4e-05,9.56419284604261e-06,0.0956419284604261
8,6,4,load_loss_threshold,4379.785,0.700291642616277,1.71450580625649,0.0787015826609874,13,1,0.700291642616277,0,0,0.420174985569766,0.0958977465500438,full_event_available,bernoulli_full_event,4,0,3.4e-05,3.26052338270149e-06,0.0326052338270149
8,7,1,no_new_outage,0,0,0.951410317781808,0,1,1,0,0,0,0,0.281299789589489,full_event_available,bernoulli_full_event,1,0,3.4e-05,9.56419284604261e-06,0.0956419284604261
8,8,4,load_loss_threshold,4379.785,0.700291642616277,1.71450580625649,0.0787015826609874,13,1,0.700291642616277,0,0,0.420174985569766,0.0958977465500438,full_event_available,bernoulli_full_event,4,0,3.4e-05,3.26052338270149e-06,0.0326052338270149
8,9,1,no_new_outage,0,0,0.951410317781808,0,1,1,0,0,0,0,0.281299789589489,full_event_available,bernoulli_full_event,1,0,3.4e-05,9.56419284604261e-06,0.0956419284604261
8,10,4,load_loss_threshold,4379.785,0.700291642616277,1.71450580625649,0.0787015826609874,13,1,0.700291642616277,0,0,0.420174985569766,0.0958977465500438,full_event_available,bernoulli_full_event,4,0,3.4e-05,3.26052338270149e-06,0.0326052338270149
8,11,4,load_loss_threshold,4379.785,0.700291642616277,1.71450580625649,0.0787015826609874,13,1,0.700291642616277,0,0,0.420174985569766,0.0958977465500438,full_event_available,bernoulli_full_event,4,0,3.4e-05,3.26052338270149e-06,0.0326052338270149
8,12,4,load_loss_threshold,4580.4865,0.732382163751573,1.67694487613538,0.175966511253034,12,1,0.732382163751573,0.335467087430141,0.527899533759103,0.612102622488793,0.0452106464895381,full_event_available,bernoulli_full_event,4,0,3.4e-05,1.5371619806443e-06,0.015371619806443
8,13,4,load_loss_threshold,5106.535,0.816492997539265,1.7145058062565,0.0787015826609857,15,1,0.816492997539265,0,0,0.489895798523559,0.028000366755239,full_event_available,bernoulli_full_event,4,0,3.4e-05,9.52012469678127e-07,0.00952012469678127
8,14,4,load_loss_threshold,4580.4865,0.732382163751573,1.67694487613538,0.175966511253034,12,1,0.732382163751573,0.335467087430141,0.527899533759103,0.612102622488793,0.0452106464895381,full_event_available,bernoulli_full_event,4,0,3.4e-05,1.5371619806443e-06,0.015371619806443
8,15,4,load_loss_threshold,3852.47,0.615978305882579,1.67694487613538,0.154029483706873,14,1,0.615978305882579,1.10698027364354,0,0.590983038258255,5.21358288761372e-05,full_event_available,bernoulli_full_event,4,0,3.4e-05,1.77261818178866e-09,1.77261818178866e-05
8,16,4,load_loss_threshold,2010.926,0.321530548125029,2.02833387511451,0.20764699056154,6,1,0.321530548125029,4.11333550045804,1.0382349528077,1.22323241952817,0.000279341773243393,full_event_available,bernoulli_full_event,4,0,3.4e-05,9.49762029027537e-09,9.49762029027536e-05
8,17,1,no_new_outage,0,0,0.951410317781808,0,1,1,0,0,0,0,0.281299789589489,full_event_available,bernoulli_full_event,1,0,3.4e-05,9.56419284604261e-06,0.0956419284604261
8,18,1,no_new_outage,0,0,0.951410317781808,0,1,1,0,0,0,0,0.281299789589489,full_event_available,bernoulli_full_event,1,0,3.4e-05,9.56419284604261e-06,0.0956419284604261
8,19,4,load_loss_threshold,2965.31955,0.474130236655831,1.08645285191311,0.0471127882530263,7,0,1,1,1,1,0.0415689809961306,full_event_available,bernoulli_full_event,4,0,3.4e-05,1.41334535386844e-06,0.0141334535386844
8,20,4,load_loss_threshold,5106.535,0.816492997539265,1.7145058062565,0.0787015826609857,15,1,0.816492997539265,0,0,0.489895798523559,0.028000366755239,full_event_available,bernoulli_full_event,4,0,3.4e-05,9.52012469678127e-07,0.00952012469678127
9,1,1,no_new_outage,0,0,0.882543862252867,0,1,1,0,0,0,0,0.934323849248874,full_event_available,bernoulli_full_event,1,0,0.000616,0.000575543491137306,5.75543491137306
9,2,1,no_new_outage,0,0,0.882543862252867,0,1,1,0,0,0,0,0.934323849248874,full_event_available,bernoulli_full_event,1,0,0.000616,0.000575543491137306,5.75543491137306
9,3,1,no_new_outage,0,0,0.882543862252867,0,1,1,0,0,0,0,0.934323849248874,full_event_available,bernoulli_full_event,1,0,0.000616,0.000575543491137306,5.75543491137306
9,4,1,no_new_outage,0,0,0.882543862252867,0,1,1,0,0,0,0,0.934323849248874,full_event_available,bernoulli_full_event,1,0,0.000616,0.000575543491137306,5.75543491137306
9,5,1,no_new_outage,0,0,0.882543862252867,0,1,1,0,0,0,0,0.934323849248874,full_event_available,bernoulli_full_event,1,0,0.000616,0.000575543491137306,5.75543491137306
9,6,1,no_new_outage,0,0,0.882543862252867,0,1,1,0,0,0,0,0.934323849248874,full_event_available,bernoulli_full_event,1,0,0.000616,0.000575543491137306,5.75543491137306
9,7,1,no_new_outage,0,0,0.882543862252867,0,1,1,0,0,0,0,0.934323849248874,full_event_available,bernoulli_full_event,1,0,0.000616,0.000575543491137306,5.75543491137306
9,8,1,no_new_outage,0,0,0.882543862252867,0,1,1,0,0,0,0,0.934323849248874,full_event_available,bernoulli_full_event,1,0,0.000616,0.000575543491137306,5.75543491137306
9,9,1,no_new_outage,0,0,0.882543862252867,0,1,1,0,0,0,0,0.934323849248874,full_event_available,bernoulli_full_event,1,0,0.000616,0.000575543491137306,5.75543491137306
9,10,1,no_new_outage,0,0,0.882543862252867,0,1,1,0,0,0,0,0.934323849248874,full_event_available,bernoulli_full_event,1,0,0.000616,0.000575543491137306,5.75543491137306
9,11,1,no_new_outage,0,0,0.882543862252867,0,1,1,0,0,0,0,0.934323849248874,full_event_available,bernoulli_full_event,1,0,0.000616,0.000575543491137306,5.75543491137306
9,12,1,no_new_outage,0,0,0.882543862252867,0,1,1,0,0,0,0,0.934323849248874,full_event_available,bernoulli_full_event,1,0,0.000616,0.000575543491137306,5.75543491137306
9,13,1,no_new_outage,0,0,0.882543862252867,0,1,1,0,0,0,0,0.934323849248874,full_event_available,bernoulli_full_event,1,0,0.000616,0.000575543491137306,5.75543491137306
9,14,1,no_new_outage,0,0,0.882543862252867,0,1,1,0,0,0,0,0.934323849248874,full_event_available,bernoulli_full_event,1,0,0.000616,0.000575543491137306,5.75543491137306
9,15,1,no_new_outage,0,0,0.882543862252867,0,1,1,0,0,0,0,0.934323849248874,full_event_available,bernoulli_full_event,1,0,0.000616,0.000575543491137306,5.75543491137306
9,16,1,no_new_outage,0,0,0.882543862252867,0,1,1,0,0,0,0,0.934323849248874,full_event_available,bernoulli_full_event,1,0,0.000616,0.000575543491137306,5.75543491137306
9,17,1,no_new_outage,0,0,0.882543862252867,0,1,1,0,0,0,0,0.934323849248874,full_event_available,bernoulli_full_event,1,0,0.000616,0.000575543491137306,5.75543491137306
9,18,2,no_new_outage,0,0,0.8847725463617,0,2,1,0,0,0,0,0.00133546388392042,full_event_available,bernoulli_full_event,2,0,0.000616,8.2264575249498e-07,0.0082264575249498
9,19,1,no_new_outage,0,0,0.882543862252867,0,1,1,0,0,0,0,0.934323849248874,full_event_available,bernoulli_full_event,1,0,0.000616,0.000575543491137306,5.75543491137306
9,20,1,no_new_outage,0,0,0.882543862252867,0,1,1,0,0,0,0,0.934323849248874,full_event_available,bernoulli_full_event,1,0,0.000616,0.000575543491137306,5.75543491137306
10,1,4,load_loss_threshold,4280.972,0.684492255641382,1.80693297476902,0.16439105157487,9,0,1,1,1,1,0.271231807334333,full_event_available,bernoulli_full_event,4,0,0.000582,0.000157856911868582,1.57856911868582
10,2,4,load_loss_threshold,4280.972,0.684492255641382,1.80693297476902,0.16439105157487,9,0,1,1,1,1,0.271231807334333,full_event_available,bernoulli_full_event,4,0,0.000582,0.000157856911868582,1.57856911868582
10,3,4,load_loss_threshold,4280.972,0.684492255641382,1.80693297476902,0.16439105157487,10,0,1,1,1,1,0.00270487263121268,full_event_available,bernoulli_full_event,4,0,0.000582,1.57423587136578e-06,0.0157423587136578
10,4,4,load_loss_threshold,4280.972,0.684492255641382,1.80693297476902,0.16439105157487,9,0,1,1,1,1,0.271231807334333,full_event_available,bernoulli_full_event,4,0,0.000582,0.000157856911868582,1.57856911868582
10,5,3,load_loss_threshold,1894.49,0.302913388218853,2.4405112576073,0.151788701409016,9,1,0.302913388218853,4.00698908989906,0.607154805636063,1.10457681203834,0.000253540979776527,full_event_available,bernoulli_full_event,3,0,0.000582,1.47560850229939e-07,0.00147560850229939
10,6,3,load_loss_threshold,2003.5075,0.320344390916228,1.55506268669232,0.158607241200439,10,1,0.320344390916228,0.277312582478059,0.634428964801756,0.3745549440057,0.012052915073185,full_event_available,bernoulli_full_event,3,0,0.000582,7.01479657259366e-06,0.0701479657259366
10,7,4,load_loss_threshold,4958.14,0.792765856068613,1.80693297476902,0.141237340325018,10,1,0.792765856068613,0,0,0.475659513641168,0.00183026614613942,full_event_available,bernoulli_full_event,4,0,0.000582,1.06521489705314e-06,0.0106521489705314
10,8,4,load_loss_threshold,4280.972,0.684492255641382,1.80693297476902,0.16439105157487,9,0,1,1,1,1,0.271231807334333,full_event_available,bernoulli_full_event,4,0,0.000582,0.000157856911868582,1.57856911868582
10,9,4,load_loss_threshold,4280.972,0.684492255641382,1.80693297476902,0.16439105157487,10,0,1,1,1,1,0.236357002905871,full_event_available,bernoulli_full_event,4,0,0.000582,0.000137559775691217,1.37559775691217
10,10,4,load_loss_threshold,4280.972,0.684492255641382,1.80693297476902,0.16439105157487,9,0,1,1,1,1,0.271231807334333,full_event_available,bernoulli_full_event,4,0,0.000582,0.000157856911868582,1.57856911868582
10,11,3,load_loss_threshold,2240.7844,0.358283018053382,1.45677560820658,0.0252920438156811,6,1,0.358283018053382,1.82710243282632,0.177044306709767,0.615799158739246,0.000210211042551066,full_event_available,bernoulli_full_event,3,0,0.000582,1.2234282676472e-07,0.0012234282676472
10,12,4,load_loss_threshold,2948.1125,0.471378970712622,1.77183062024994,0.0750866469933688,11,0,1,1,1,1,0.14104509124354,full_event_available,bernoulli_full_event,4,0,0.000582,8.20882431037401e-05,0.820882431037401
10,13,4,load_loss_threshold,4280.972,0.684492255641382,1.80693297476902,0.174497562571789,10,0,1,1,1,1,0.000307852708609868,full_event_available,bernoulli_full_event,4,0,0.000582,1.79170276410943e-07,0.00179170276410943
10,14,4,load_loss_threshold,3334.13,0.533099997921407,1.92393732312761,0.152101445220563,10,1,0.533099997921407,2.71408577977467,0.0330068164765319,0.869278518003085,0.000108277491506936,full_event_available,bernoulli_full_event,4,0,0.000582,6.30175000570368e-08,0.000630175000570368
10,15,4,load_loss_threshold,4280.972,0.684492255641382,1.80693297476902,0.16439105157487,9,0,1,1,1,1,0.271231807334333,full_event_available,bernoulli_full_event,4,0,0.000582,0.000157856911868582,1.57856911868582
10,16,4,load_loss_threshold,4280.972,0.684492255641382,1.80693297476902,0.16439105157487,9,0,1,1,1,1,0.271231807334333,full_event_available,bernoulli_full_event,4,0,0.000582,0.000157856911868582,1.57856911868582
10,17,4,load_loss_threshold,2093.838,0.334787495822827,2.73881024562463,0.244456059502701,12,1,0.334787495822827,3.25070085548916,1.31651413784205,1.11431549615994,6.3301121877117e-05,full_event_available,bernoulli_full_event,4,0,0.000582,3.68412529324821e-08,0.000368412529324821
10,18,4,load_loss_threshold,2418.87,0.386757442562873,2.73881024562463,0.244456059502701,11,1,0.386757442562873,0.441354333054038,0,0.320325332148532,0.0392992800158137,full_event_available,bernoulli_full_event,4,0,0.000582,2.28721809692036e-05,0.228721809692036
10,19,4,load_loss_threshold,2948.1125,0.471378970712622,1.77183062024994,0.0750866469933688,11,0,1,1,1,1,0.14104509124354,full_event_available,bernoulli_full_event,4,0,0.000582,8.20882431037401e-05,0.820882431037401
10,20,4,load_loss_threshold,4280.972,0.684492255641382,1.80693297476902,0.16439105157487,10,0,1,1,1,1,0.236357002905871,full_event_available,bernoulli_full_event,4,0,0.000582,0.000137559775691217,1.37559775691217
11,1,3,load_loss_threshold,3546.4825,0.567053418246531,1.35387285428965,0.154793512908784,5,1,0.567053418246531,1.4154914171586,0,0.623330334379639,0.878980715254393,full_event_available,bernoulli_full_event,3,0,0.000565,0.000496624104118732,4.96624104118732
11,2,3,load_loss_threshold,3546.4825,0.567053418246531,1.35387285428965,0.154793512908784,5,1,0.567053418246531,1.4154914171586,0,0.623330334379639,0.878980715254393,full_event_available,bernoulli_full_event,3,0,0.000565,0.000496624104118732,4.96624104118732
11,3,3,load_loss_threshold,3546.4825,0.567053418246531,1.35387285428965,0.154793512908784,5,1,0.567053418246531,1.4154914171586,0,0.623330334379639,0.878980715254393,full_event_available,bernoulli_full_event,3,0,0.000565,0.000496624104118732,4.96624104118732
11,4,3,load_loss_threshold,3546.4825,0.567053418246531,1.35387285428965,0.154793512908784,5,1,0.567053418246531,1.4154914171586,0,0.623330334379639,0.878980715254393,full_event_available,bernoulli_full_event,3,0,0.000565,0.000496624104118732,4.96624104118732
11,5,3,load_loss_threshold,3546.4825,0.567053418246531,1.35387285428965,0.154793512908784,5,1,0.567053418246531,1.4154914171586,0,0.623330334379639,0.878980715254393,full_event_available,bernoulli_full_event,3,0,0.000565,0.000496624104118732,4.96624104118732
11,6,3,load_loss_threshold,3546.4825,0.567053418246531,1.35387285428965,0.154793512908784,5,1,0.567053418246531,1.4154914171586,0,0.623330334379639,0.878980715254393,full_event_available,bernoulli_full_event,3,0,0.000565,0.000496624104118732,4.96624104118732
11,7,3,load_loss_threshold,3546.4825,0.567053418246531,1.35387285428965,0.154793512908784,5,1,0.567053418246531,1.4154914171586,0,0.623330334379639,0.878980715254393,full_event_available,bernoulli_full_event,3,0,0.000565,0.000496624104118732,4.96624104118732
11,8,3,load_loss_threshold,3552.88,0.568076325942602,1.31919413724901,0.154793512908784,6,1,0.568076325942602,0.319194137249013,0,0.404684623015364,0.00134878137439185,full_event_available,bernoulli_full_event,3,0,0.000565,7.62061476531398e-07,0.00762061476531398
11,9,3,load_loss_threshold,3546.4825,0.567053418246531,1.35387285428965,0.154793512908784,5,1,0.567053418246531,1.4154914171586,0,0.623330334379639,0.878980715254393,full_event_available,bernoulli_full_event,3,0,0.000565,0.000496624104118732,4.96624104118732
11,10,3,load_loss_threshold,3546.4825,0.567053418246531,1.35387285428965,0.154793512908784,5,1,0.567053418246531,1.4154914171586,0,0.623330334379639,0.878980715254393,full_event_available,bernoulli_full_event,3,0,0.000565,0.000496624104118732,4.96624104118732
11,11,3,load_loss_threshold,3546.4825,0.567053418246531,1.35387285428965,0.154793512908784,5,1,0.567053418246531,1.4154914171586,0,0.623330334379639,0.878980715254393,full_event_available,bernoulli_full_event,3,0,0.000565,0.000496624104118732,4.96624104118732
11,12,3,load_loss_threshold,3546.4825,0.567053418246531,1.35387285428965,0.154793512908784,5,1,0.567053418246531,1.4154914171586,0,0.623330334379639,0.878980715254393,full_event_available,bernoulli_full_event,3,0,0.000565,0.000496624104118732,4.96624104118732
11,13,3,load_loss_threshold,3546.4825,0.567053418246531,1.35387285428965,0.154793512908784,5,1,0.567053418246531,1.4154914171586,0,0.623330334379639,0.878980715254393,full_event_available,bernoulli_full_event,3,0,0.000565,0.000496624104118732,4.96624104118732
11,14,3,load_loss_threshold,3546.4825,0.567053418246531,1.35387285428965,0.154793512908784,5,1,0.567053418246531,1.4154914171586,0,0.623330334379639,0.878980715254393,full_event_available,bernoulli_full_event,3,0,0.000565,0.000496624104118732,4.96624104118732
11,15,3,load_loss_threshold,3546.4825,0.567053418246531,1.35387285428965,0.154793512908784,5,1,0.567053418246531,1.4154914171586,0,0.623330334379639,0.878980715254393,full_event_available,bernoulli_full_event,3,0,0.000565,0.000496624104118732,4.96624104118732
11,16,3,load_loss_threshold,3546.4825,0.567053418246531,1.35387285428965,0.154793512908784,5,1,0.567053418246531,1.4154914171586,0,0.623330334379639,0.878980715254393,full_event_available,bernoulli_full_event,3,0,0.000565,0.000496624104118732,4.96624104118732
11,17,3,load_loss_threshold,3546.4825,0.567053418246531,1.35715451003434,0.154793512908787,6,1,0.567053418246531,1.42861804013736,0,0.62595565897539,0.0013190257325001,full_event_available,bernoulli_full_event,3,0,0.000565,7.45249538862557e-07,0.00745249538862557
11,18,3,load_loss_threshold,3546.4825,0.567053418246531,1.35387285428965,0.154793512908784,5,1,0.567053418246531,1.4154914171586,0,0.623330334379639,0.878980715254393,full_event_available,bernoulli_full_event,3,0,0.000565,0.000496624104118732,4.96624104118732
11,19,3,load_loss_threshold,3546.4825,0.567053418246531,1.35387285428965,0.154793512908784,5,1,0.567053418246531,1.4154914171586,0,0.623330334379639,0.878980715254393,full_event_available,bernoulli_full_event,3,0,0.000565,0.000496624104118732,4.96624104118732
11,20,3,load_loss_threshold,3546.4825,0.567053418246531,1.35387285428965,0.154793512908784,5,1,0.567053418246531,1.4154914171586,0,0.623330334379639,0.878980715254393,full_event_available,bernoulli_full_event,3,0,0.000565,0.000496624104118732,4.96624104118732
12,1,3,load_loss_threshold,3546.4825,0.567053418246531,1.36827184175339,0.154793512908784,6,1,0.567053418246531,1.47308736701356,0,0.63484952435063,0.00026877656498565,full_event_available,bernoulli_full_event,3,0,0.000263,7.0688236591226e-08,0.00070688236591226
12,2,3,load_loss_threshold,3546.4825,0.567053418246531,1.35387285428965,0.154793512908784,5,1,0.567053418246531,1.4154914171586,0,0.623330334379639,0.18192219111068,full_event_available,bernoulli_full_event,3,0,0.000263,4.78455362621089e-05,0.478455362621089
12,3,3,load_loss_threshold,3553.3825,0.568156671564685,1.25271561767895,0.154793512908788,7,1,0.568156671564685,0.0173244820832517,0,0.344358899355461,0.000958538944024097,full_event_available,bernoulli_full_event,3,0,0.000263,2.52095742278337e-07,0.00252095742278337
12,4,3,load_loss_threshold,3553.3825,0.568156671564685,1.25271561767895,0.154793512908788,6,1,0.568156671564685,0.0130861055305289,0,0.343511224044917,0.563618328341862,full_event_available,bernoulli_full_event,3,0,0.000263,0.00014823162035391,1.4823162035391
12,5,3,load_loss_threshold,3553.3825,0.568156671564685,1.25271561767895,0.154793512908788,6,1,0.568156671564685,0.0130861055305289,0,0.343511224044917,0.563618328341862,full_event_available,bernoulli_full_event,3,0,0.000263,0.00014823162035391,1.4823162035391
12,6,3,load_loss_threshold,3049.78,0.487634768788484,1.25290399118163,0.154793512908783,7,1,0.487634768788484,0.104868301104362,0,0.313554521493963,0.000545060099993206,full_event_available,bernoulli_full_event,3,0,0.000263,1.43350806298213e-07,0.00143350806298213
12,7,3,load_loss_threshold,3553.3825,0.568156671564685,1.25271561767895,0.154793512908788,7,1,0.568156671564685,0.105388621717317,0,0.361971727282274,0.137020559990512,full_event_available,bernoulli_full_event,3,0,0.000263,3.60364072775047e-05,0.360364072775047
12,8,3,load_loss_threshold,3553.3825,0.568156671564685,1.25271561767895,0.154793512908788,6,1,0.568156671564685,0.0130861055305289,0,0.343511224044917,0.563618328341862,full_event_available,bernoulli_full_event,3,0,0.000263,0.00014823162035391,1.4823162035391
12,9,3,load_loss_threshold,4662.7075,0.74552862622577,1.25211629343138,0.154793512908788,9,1,0.74552862622577,0.405420266556798,0,0.528401229046822,0.000558274808256014,full_event_available,bernoulli_full_event,3,0,0.000263,1.46826274571332e-07,0.00146826274571332
12,10,3,load_loss_threshold,3553.3825,0.568156671564685,1.25271561767895,0.154793512908788,6,1,0.568156671564685,0.0130861055305289,0,0.343511224044917,0.563618328341862,full_event_available,bernoulli_full_event,3,0,0.000263,0.00014823162035391,1.4823162035391
12,11,3,load_loss_threshold,3553.3825,0.568156671564685,1.25271561767895,0.154793512908788,6,1,0.568156671564685,0.0130861055305289,0,0.343511224044917,0.563618328341862,full_event_available,bernoulli_full_event,3,0,0.000263,0.00014823162035391,1.4823162035391
12,12,3,load_loss_threshold,3553.3825,0.568156671564685,1.25271561767895,0.154793512908788,6,1,0.568156671564685,0.0130861055305289,0,0.343511224044917,0.563618328341862,full_event_available,bernoulli_full_event,3,0,0.000263,0.00014823162035391,1.4823162035391
12,13,3,load_loss_threshold,3553.3825,0.568156671564685,1.25271561767895,0.154793512908788,6,1,0.568156671564685,0.0130861055305289,0,0.343511224044917,0.563618328341862,full_event_available,bernoulli_full_event,3,0,0.000263,0.00014823162035391,1.4823162035391
12,14,3,load_loss_threshold,3546.4825,0.567053418246531,1.35387285428965,0.154793512908784,5,1,0.567053418246531,1.4154914171586,0,0.623330334379639,0.18192219111068,full_event_available,bernoulli_full_event,3,0,0.000263,4.78455362621089e-05,0.478455362621089
12,15,3,load_loss_threshold,3553.3825,0.568156671564685,1.25271561767895,0.154793512908788,6,1,0.568156671564685,0.0130861055305289,0,0.343511224044917,0.563618328341862,full_event_available,bernoulli_full_event,3,0,0.000263,0.00014823162035391,1.4823162035391
12,16,3,load_loss_threshold,3553.3825,0.568156671564685,1.25271561767895,0.154793512908788,6,1,0.568156671564685,0.0130861055305289,0,0.343511224044917,0.563618328341862,full_event_available,bernoulli_full_event,3,0,0.000263,0.00014823162035391,1.4823162035391
12,17,3,load_loss_threshold,3546.4825,0.567053418246531,1.35387285428965,0.154793512908784,5,1,0.567053418246531,1.4154914171586,0,0.623330334379639,0.18192219111068,full_event_available,bernoulli_full_event,3,0,0.000263,4.78455362621089e-05,0.478455362621089
12,18,3,load_loss_threshold,3553.3825,0.568156671564685,1.25271561767895,0.154793512908788,6,1,0.568156671564685,0.0130861055305289,0,0.343511224044917,0.563618328341862,full_event_available,bernoulli_full_event,3,0,0.000263,0.00014823162035391,1.4823162035391
12,19,3,load_loss_threshold,3546.4825,0.567053418246531,1.35387285428965,0.154793512908784,5,1,0.567053418246531,1.4154914171586,0,0.623330334379639,0.18192219111068,full_event_available,bernoulli_full_event,3,0,0.000263,4.78455362621089e-05,0.478455362621089
12,20,3,load_loss_threshold,3553.3825,0.568156671564685,1.25271561767895,0.154793512908788,6,1,0.568156671564685,0.0130861055305289,0,0.343511224044917,0.563618328341862,full_event_available,bernoulli_full_event,3,0,0.000263,0.00014823162035391,1.4823162035391
13,1,5,max_depth_reached,2031.29,0.324786584439651,1.67634760672344,0.199992902465965,6,1,0.324786584439651,2.02904282017032,1.85785556689423,0.9722516280767,0.0392206715810942,full_event_available,bernoulli_full_event,5,0,0.000502,1.96887771337093e-05,0.196887771337093
13,2,5,max_depth_reached,2031.29,0.324786584439651,1.67634760672344,0.199992902465965,7,1,0.324786584439651,2.02904282017032,1.85785556689423,0.9722516280767,0.351700655776563,full_event_available,bernoulli_full_event,5,0,0.000502,0.000176553729199835,1.76553729199835
13,3,4,load_loss_threshold,1888.68,0.30198441694661,1.80323405180973,0.0639695609035184,7,0,1,1,1,1,0.000227821280244588,full_event_available,bernoulli_full_event,4,0,0.000502,1.14366282682783e-07,0.00114366282682783
13,4,5,max_depth_reached,4379.785,0.700291642616277,1.71450580625649,0.0787015826609874,13,1,0.700291642616277,0,0,0.420174985569766,0.105964178659501,full_event_available,bernoulli_full_event,5,0,0.000502,5.31940176870697e-05,0.531940176870697
13,5,5,max_depth_reached,2253.55,0.360324132627038,1.53716319546282,0.22769799146603,8,1,0.360324132627038,2.6858159773141,3.18777188052441,1.39091205114393,0.000603768265200731,full_event_available,bernoulli_full_event,5,0,0.000502,3.03091669130767e-07,0.00303091669130767
13,6,5,max_depth_reached,4379.785,0.700291642616277,1.71450580625649,0.0787015826609874,13,1,0.700291642616277,0,0,0.420174985569766,0.105964178659501,full_event_available,bernoulli_full_event,5,0,0.000502,5.31940176870697e-05,0.531940176870697
13,7,5,max_depth_reached,4610.635,0.737202661238873,1.7145058062565,0.0787015826609857,15,1,0.737202661238873,0,0.0608884473216171,0.454499286207647,0.000122279499386693,full_event_available,bernoulli_full_event,5,0,0.000502,6.138430869212e-08,0.0006138430869212
13,8,5,max_depth_reached,4280.972,0.684492255641382,1.80323405180973,0.149153926207207,10,0,1,1,1,1,0.121515044066992,full_event_available,bernoulli_full_event,5,0,0.000502,6.10005521216299e-05,0.610005521216299
13,9,5,max_depth_reached,2031.29,0.324786584439651,1.67634760672344,0.199992902465965,7,1,0.324786584439651,2.02904282017032,1.85785556689423,0.9722516280767,0.351700655776563,full_event_available,bernoulli_full_event,5,0,0.000502,0.000176553729199835,1.76553729199835
13,10,5,max_depth_reached,4379.785,0.700291642616277,1.71450580625649,0.0787015826609874,13,1,0.700291642616277,0,0,0.420174985569766,0.105964178659501,full_event_available,bernoulli_full_event,5,0,0.000502,5.31940176870697e-05,0.531940176870697
13,11,5,max_depth_reached,5106.535,0.816492997539265,1.7145058062565,0.0787015826609857,15,1,0.816492997539265,0,0,0.489895798523559,0.000724042814191051,full_event_available,bernoulli_full_event,5,0,0.000502,3.63469492723908e-07,0.00363469492723908
13,12,4,load_loss_threshold,2992.31,0.478445787890756,1.40005159298495,0.199992902465965,8,1,0.478445787890756,0.400051592984953,0.999964512329824,0.567070693797409,0.0142102483335001,full_event_available,bernoulli_full_event,4,0,0.000502,7.13354466341704e-06,0.0713354466341704
13,13,5,max_depth_reached,2031.29,0.324786584439651,1.67634760672344,0.199992902465965,7,1,0.324786584439651,2.02904282017032,1.85785556689423,0.9722516280767,0.351700655776563,full_event_available,bernoulli_full_event,5,0,0.000502,0.000176553729199835,1.76553729199835
13,14,5,max_depth_reached,2253.55,0.360324132627038,1.53716319546282,0.22769799146603,7,1,0.360324132627038,2.6858159773141,3.18777188052441,1.39091205114393,0.00350160578870873,full_event_available,bernoulli_full_event,5,0,0.000502,1.75780610593178e-06,0.0175780610593178
13,15,5,max_depth_reached,4379.785,0.700291642616277,1.71450580625649,0.0787015826609874,13,1,0.700291642616277,0,0,0.420174985569766,0.105964178659501,full_event_available,bernoulli_full_event,5,0,0.000502,5.31940176870697e-05,0.531940176870697
13,16,5,max_depth_reached,4280.972,0.684492255641382,1.80323405180973,0.149153926207207,9,0,1,1,1,1,0.0135510171995286,full_event_available,bernoulli_full_event,5,0,0.000502,6.80261063416333e-06,0.0680261063416333
13,17,5,max_depth_reached,4958.14,0.792765856068613,1.80323405180973,0.121654148987702,10,1,0.792765856068613,0,0,0.475659513641168,0.0003164409702734,full_event_available,bernoulli_full_event,5,0,0.000502,1.58853367077247e-07,0.00158853367077247
13,18,5,max_depth_reached,4472.505,0.715116808943707,1.71450580625649,0.0787015826609874,14,1,0.715116808943707,0,0,0.429070085366224,0.000178302021952935,full_event_available,bernoulli_full_event,5,0,0.000502,8.95076150203735e-08,0.000895076150203735
13,19,2,no_new_outage,8.53,0.00136387692809506,1.00771303352027,0,3,1,0.00136387692809506,0,0,0.000818326156857039,0.0443870652746237,full_event_available,bernoulli_full_event,2,0,0.000502,2.22823067678611e-05,0.222823067678611
13,20,5,max_depth_reached,4280.972,0.684492255641382,1.80323405180973,0.149153926207207,10,0,1,1,1,1,0.121515044066992,full_event_available,bernoulli_full_event,5,0,0.000502,6.10005521216299e-05,0.610005521216299
14,1,4,load_loss_threshold,3573.34105,0.571347879754982,2.27458287513225,0.113265911247894,8,1,0.571347879754982,6.37291437566126,1.92552049121421,2.00249570122808,0.397813478010536,full_event_available,bernoulli_full_event,4,0,0.000377,0.000149975681209972,1.49975681209972
14,2,4,load_loss_threshold,3573.34105,0.571347879754982,2.27458287513225,0.113265911247894,8,1,0.571347879754982,6.37291437566126,1.92552049121421,2.00249570122808,0.397813478010536,full_event_available,bernoulli_full_event,4,0,0.000377,0.000149975681209972,1.49975681209972
14,3,4,load_loss_threshold,3573.34105,0.571347879754982,2.27458287513225,0.113265911247894,8,1,0.571347879754982,6.37291437566126,1.92552049121421,2.00249570122808,0.397813478010536,full_event_available,bernoulli_full_event,4,0,0.000377,0.000149975681209972,1.49975681209972
14,4,4,load_loss_threshold,4046.4391,0.646992371562926,1.28569575632965,0.0142331145136021,9,0,1,1,1,1,0.306487544600325,full_event_available,bernoulli_full_event,4,0,0.000377,0.000115545804314322,1.15545804314322
14,5,4,load_loss_threshold,3573.34105,0.571347879754982,2.27458287513225,0.113265911247894,8,1,0.571347879754982,6.37291437566126,1.92552049121421,2.00249570122808,0.397813478010536,full_event_available,bernoulli_full_event,4,0,0.000377,0.000149975681209972,1.49975681209972
14,6,4,load_loss_threshold,3573.34105,0.571347879754982,2.27458287513225,0.113265911247894,8,1,0.571347879754982,6.37291437566126,1.92552049121421,2.00249570122808,0.397813478010536,full_event_available,bernoulli_full_event,4,0,0.000377,0.000149975681209972,1.49975681209972
14,7,4,load_loss_threshold,2488.243,0.397849615380311,2.10925640621352,0.0804563802234464,7,1,0.397849615380311,6.65553843728112,1.0459329429048,1.77900404526537,0.0737279524962366,full_event_available,bernoulli_full_event,4,0,0.000377,2.77954380910812e-05,0.277954380910812
14,8,4,load_loss_threshold,3618.0391,0.578494730766217,1.28569575632965,0.0142331145136021,8,0,1,1,1,1,0.0568022462234989,full_event_available,bernoulli_full_event,4,0,0.000377,2.14144468262591e-05,0.214144468262591
14,9,4,load_loss_threshold,4046.4391,0.646992371562926,1.28569575632965,0.0142331145136021,9,0,1,1,1,1,0.306487544600325,full_event_available,bernoulli_full_event,4,0,0.000377,0.000115545804314322,1.15545804314322
14,10,4,load_loss_threshold,4046.4391,0.646992371562926,1.28569575632965,0.0142331145136021,9,0,1,1,1,1,0.306487544600325,full_event_available,bernoulli_full_event,4,0,0.000377,0.000115545804314322,1.15545804314322
14,11,4,load_loss_threshold,3573.34105,0.571347879754982,2.27458287513225,0.113265911247894,8,1,0.571347879754982,6.37291437566126,1.92552049121421,2.00249570122808,0.397813478010536,full_event_available,bernoulli_full_event,4,0,0.000377,0.000149975681209972,1.49975681209972
14,12,4,load_loss_threshold,3573.34105,0.571347879754982,2.27458287513225,0.113265911247894,8,1,0.571347879754982,6.37291437566126,1.92552049121421,2.00249570122808,0.397813478010536,full_event_available,bernoulli_full_event,4,0,0.000377,0.000149975681209972,1.49975681209972
14,13,4,load_loss_threshold,3573.34105,0.571347879754982,2.27458287513225,0.113265911247894,8,1,0.571347879754982,6.37291437566126,1.92552049121421,2.00249570122808,0.397813478010536,full_event_available,bernoulli_full_event,4,0,0.000377,0.000149975681209972,1.49975681209972
14,14,4,load_loss_threshold,2741.143,0.438286247867443,1.69916856089383,0.0293521099213337,8,1,0.438286247867443,2.0975056826815,0.146760549606669,0.711824995178099,0.00012405931108824,full_event_available,bernoulli_full_event,4,0,0.000377,4.67703602802666e-08,0.000467703602802666
14,15,4,load_loss_threshold,3573.34105,0.571347879754982,2.27458287513225,0.113265911247894,8,1,0.571347879754982,6.37291437566126,1.92552049121421,2.00249570122808,0.397813478010536,full_event_available,bernoulli_full_event,4,0,0.000377,0.000149975681209972,1.49975681209972
14,16,4,load_loss_threshold,4046.4391,0.646992371562926,1.28569575632965,0.0142331145136021,9,0,1,1,1,1,0.306487544600325,full_event_available,bernoulli_full_event,4,0,0.000377,0.000115545804314322,1.15545804314322
14,17,4,load_loss_threshold,3573.34105,0.571347879754982,2.27458287513225,0.113265911247894,8,1,0.571347879754982,6.37291437566126,1.92552049121421,2.00249570122808,0.397813478010536,full_event_available,bernoulli_full_event,4,0,0.000377,0.000149975681209972,1.49975681209972
14,18,4,load_loss_threshold,4046.4391,0.646992371562926,1.28569575632965,0.0142331145136021,9,0,1,1,1,1,0.306487544600325,full_event_available,bernoulli_full_event,4,0,0.000377,0.000115545804314322,1.15545804314322
14,19,4,load_loss_threshold,3618.0391,0.578494730766217,1.28569575632965,0.0142331145136021,8,0,1,1,1,1,0.0568022462234989,full_event_available,bernoulli_full_event,4,0,0.000377,2.14144468262591e-05,0.214144468262591
14,20,4,load_loss_threshold,4046.4391,0.646992371562926,1.28569575632965,0.0142331145136021,9,0,1,1,1,1,0.306487544600325,full_event_available,bernoulli_full_event,4,0,0.000377,0.000115545804314322,1.15545804314322
15,1,1,no_new_outage,0,0,0.790404978128304,0,1,1,0,0,0,0,0.933770281682943,full_event_available,bernoulli_full_event,1,0,2.3e-05,2.14767164787077e-05,0.214767164787077
15,2,1,no_new_outage,0,0,0.790404978128304,0,1,1,0,0,0,0,0.933770281682943,full_event_available,bernoulli_full_event,1,0,2.3e-05,2.14767164787077e-05,0.214767164787077
15,3,5,max_depth_reached,4104.46,0.656269436845143,2.68106948916829,0.0709557181441122,13,0,1,1,1,1,0.000152992396095722,full_event_available,bernoulli_full_event,5,0,2.3e-05,3.5188251102016e-09,3.5188251102016e-05
15,4,1,no_new_outage,0,0,0.790404978128304,0,1,1,0,0,0,0,0.933770281682943,full_event_available,bernoulli_full_event,1,0,2.3e-05,2.14767164787077e-05,0.214767164787077
15,5,1,no_new_outage,0,0,0.790404978128304,0,1,1,0,0,0,0,0.933770281682943,full_event_available,bernoulli_full_event,1,0,2.3e-05,2.14767164787077e-05,0.214767164787077
15,6,1,no_new_outage,0,0,0.790404978128304,0,1,1,0,0,0,0,0.933770281682943,full_event_available,bernoulli_full_event,1,0,2.3e-05,2.14767164787077e-05,0.214767164787077
15,7,1,no_new_outage,0,0,0.790404978128304,0,1,1,0,0,0,0,0.933770281682943,full_event_available,bernoulli_full_event,1,0,2.3e-05,2.14767164787077e-05,0.214767164787077
15,8,2,no_new_outage,0,0,0.794838984355877,0,2,1,0,0,0,0,0.00146962809187654,full_event_available,bernoulli_full_event,2,0,2.3e-05,3.38014461131604e-08,0.000338014461131604
15,9,1,no_new_outage,0,0,0.790404978128304,0,1,1,0,0,0,0,0.933770281682943,full_event_available,bernoulli_full_event,1,0,2.3e-05,2.14767164787077e-05,0.214767164787077
15,10,1,no_new_outage,0,0,0.790404978128304,0,1,1,0,0,0,0,0.933770281682943,full_event_available,bernoulli_full_event,1,0,2.3e-05,2.14767164787077e-05,0.214767164787077
15,11,1,no_new_outage,0,0,0.790404978128304,0,1,1,0,0,0,0,0.933770281682943,full_event_available,bernoulli_full_event,1,0,2.3e-05,2.14767164787077e-05,0.214767164787077
15,12,1,no_new_outage,0,0,0.790404978128304,0,1,1,0,0,0,0,0.933770281682943,full_event_available,bernoulli_full_event,1,0,2.3e-05,2.14767164787077e-05,0.214767164787077
15,13,1,no_new_outage,0,0,0.790404978128304,0,1,1,0,0,0,0,0.933770281682943,full_event_available,bernoulli_full_event,1,0,2.3e-05,2.14767164787077e-05,0.214767164787077
15,14,1,no_new_outage,0,0,0.790404978128304,0,1,1,0,0,0,0,0.933770281682943,full_event_available,bernoulli_full_event,1,0,2.3e-05,2.14767164787077e-05,0.214767164787077
15,15,1,no_new_outage,0,0,0.790404978128304,0,1,1,0,0,0,0,0.933770281682943,full_event_available,bernoulli_full_event,1,0,2.3e-05,2.14767164787077e-05,0.214767164787077
15,16,1,no_new_outage,0,0,0.790404978128304,0,1,1,0,0,0,0,0.933770281682943,full_event_available,bernoulli_full_event,1,0,2.3e-05,2.14767164787077e-05,0.214767164787077
15,17,1,no_new_outage,0,0,0.790404978128304,0,1,1,0,0,0,0,0.933770281682943,full_event_available,bernoulli_full_event,1,0,2.3e-05,2.14767164787077e-05,0.214767164787077
15,18,1,no_new_outage,0,0,0.790404978128304,0,1,1,0,0,0,0,0.933770281682943,full_event_available,bernoulli_full_event,1,0,2.3e-05,2.14767164787077e-05,0.214767164787077
15,19,1,no_new_outage,0,0,0.790404978128304,0,1,1,0,0,0,0,0.933770281682943,full_event_available,bernoulli_full_event,1,0,2.3e-05,2.14767164787077e-05,0.214767164787077
15,20,1,no_new_outage,0,0,0.790404978128304,0,1,1,0,0,0,0,0.933770281682943,full_event_available,bernoulli_full_event,1,0,2.3e-05,2.14767164787077e-05,0.214767164787077
16,1,1,no_new_outage,0,0,0.795202174308459,0,1,1,0,0,0,0,0.933770281682943,full_event_available,bernoulli_full_event,1,0,2.3e-05,2.14767164787077e-05,0.214767164787077
16,2,1,no_new_outage,0,0,0.795202174308459,0,1,1,0,0,0,0,0.933770281682943,full_event_available,bernoulli_full_event,1,0,2.3e-05,2.14767164787077e-05,0.214767164787077
16,3,1,no_new_outage,0,0,0.795202174308459,0,1,1,0,0,0,0,0.933770281682943,full_event_available,bernoulli_full_event,1,0,2.3e-05,2.14767164787077e-05,0.214767164787077
16,4,1,no_new_outage,0,0,0.795202174308459,0,1,1,0,0,0,0,0.933770281682943,full_event_available,bernoulli_full_event,1,0,2.3e-05,2.14767164787077e-05,0.214767164787077
16,5,1,no_new_outage,0,0,0.795202174308459,0,1,1,0,0,0,0,0.933770281682943,full_event_available,bernoulli_full_event,1,0,2.3e-05,2.14767164787077e-05,0.214767164787077
16,6,1,no_new_outage,0,0,0.795202174308459,0,1,1,0,0,0,0,0.933770281682943,full_event_available,bernoulli_full_event,1,0,2.3e-05,2.14767164787077e-05,0.214767164787077
16,7,1,no_new_outage,0,0,0.795202174308459,0,1,1,0,0,0,0,0.933770281682943,full_event_available,bernoulli_full_event,1,0,2.3e-05,2.14767164787077e-05,0.214767164787077
16,8,1,no_new_outage,0,0,0.795202174308459,0,1,1,0,0,0,0,0.933770281682943,full_event_available,bernoulli_full_event,1,0,2.3e-05,2.14767164787077e-05,0.214767164787077
16,9,1,no_new_outage,0,0,0.795202174308459,0,1,1,0,0,0,0,0.933770281682943,full_event_available,bernoulli_full_event,1,0,2.3e-05,2.14767164787077e-05,0.214767164787077
16,10,1,no_new_outage,0,0,0.795202174308459,0,1,1,0,0,0,0,0.933770281682943,full_event_available,bernoulli_full_event,1,0,2.3e-05,2.14767164787077e-05,0.214767164787077
16,11,1,no_new_outage,0,0,0.795202174308459,0,1,1,0,0,0,0,0.933770281682943,full_event_available,bernoulli_full_event,1,0,2.3e-05,2.14767164787077e-05,0.214767164787077
16,12,1,no_new_outage,0,0,0.795202174308459,0,1,1,0,0,0,0,0.933770281682943,full_event_available,bernoulli_full_event,1,0,2.3e-05,2.14767164787077e-05,0.214767164787077
16,13,1,no_new_outage,0,0,0.795202174308459,0,1,1,0,0,0,0,0.933770281682943,full_event_available,bernoulli_full_event,1,0,2.3e-05,2.14767164787077e-05,0.214767164787077
16,14,1,no_new_outage,0,0,0.795202174308459,0,1,1,0,0,0,0,0.933770281682943,full_event_available,bernoulli_full_event,1,0,2.3e-05,2.14767164787077e-05,0.214767164787077
16,15,1,no_new_outage,0,0,0.795202174308459,0,1,1,0,0,0,0,0.933770281682943,full_event_available,bernoulli_full_event,1,0,2.3e-05,2.14767164787077e-05,0.214767164787077
16,16,1,no_new_outage,0,0,0.795202174308459,0,1,1,0,0,0,0,0.933770281682943,full_event_available,bernoulli_full_event,1,0,2.3e-05,2.14767164787077e-05,0.214767164787077
16,17,2,no_new_outage,0,0,0.804100644150936,0,2,1,0,0,0,0,0.00148539761634265,full_event_available,bernoulli_full_event,2,0,2.3e-05,3.4164145175881e-08,0.00034164145175881
16,18,1,no_new_outage,0,0,0.795202174308459,0,1,1,0,0,0,0,0.933770281682943,full_event_available,bernoulli_full_event,1,0,2.3e-05,2.14767164787077e-05,0.214767164787077
16,19,1,no_new_outage,0,0,0.795202174308459,0,1,1,0,0,0,0,0.933770281682943,full_event_available,bernoulli_full_event,1,0,2.3e-05,2.14767164787077e-05,0.214767164787077
16,20,1,no_new_outage,0,0,0.795202174308459,0,1,1,0,0,0,0,0.933770281682943,full_event_available,bernoulli_full_event,1,0,2.3e-05,2.14767164787077e-05,0.214767164787077
17,1,1,no_new_outage,0,0,0.790064009220173,0,1,1,0,0,0,0,0.93438830362059,full_event_available,bernoulli_full_event,1,0,0.000685,0.000640055987980104,6.40055987980104
17,2,1,no_new_outage,0,0,0.790064009220173,0,1,1,0,0,0,0,0.93438830362059,full_event_available,bernoulli_full_event,1,0,0.000685,0.000640055987980104,6.40055987980104
17,3,1,no_new_outage,0,0,0.790064009220173,0,1,1,0,0,0,0,0.93438830362059,full_event_available,bernoulli_full_event,1,0,0.000685,0.000640055987980104,6.40055987980104
17,4,1,no_new_outage,0,0,0.790064009220173,0,1,1,0,0,0,0,0.93438830362059,full_event_available,bernoulli_full_event,1,0,0.000685,0.000640055987980104,6.40055987980104
17,5,1,no_new_outage,0,0,0.790064009220173,0,1,1,0,0,0,0,0.93438830362059,full_event_available,bernoulli_full_event,1,0,0.000685,0.000640055987980104,6.40055987980104
17,6,1,no_new_outage,0,0,0.790064009220173,0,1,1,0,0,0,0,0.93438830362059,full_event_available,bernoulli_full_event,1,0,0.000685,0.000640055987980104,6.40055987980104
17,7,1,no_new_outage,0,0,0.790064009220173,0,1,1,0,0,0,0,0.93438830362059,full_event_available,bernoulli_full_event,1,0,0.000685,0.000640055987980104,6.40055987980104
17,8,1,no_new_outage,0,0,0.790064009220173,0,1,1,0,0,0,0,0.93438830362059,full_event_available,bernoulli_full_event,1,0,0.000685,0.000640055987980104,6.40055987980104
17,9,1,no_new_outage,0,0,0.790064009220173,0,1,1,0,0,0,0,0.93438830362059,full_event_available,bernoulli_full_event,1,0,0.000685,0.000640055987980104,6.40055987980104
17,10,1,no_new_outage,0,0,0.790064009220173,0,1,1,0,0,0,0,0.93438830362059,full_event_available,bernoulli_full_event,1,0,0.000685,0.000640055987980104,6.40055987980104
17,11,1,no_new_outage,0,0,0.790064009220173,0,1,1,0,0,0,0,0.93438830362059,full_event_available,bernoulli_full_event,1,0,0.000685,0.000640055987980104,6.40055987980104
17,12,1,no_new_outage,0,0,0.790064009220173,0,1,1,0,0,0,0,0.93438830362059,full_event_available,bernoulli_full_event,1,0,0.000685,0.000640055987980104,6.40055987980104
17,13,1,no_new_outage,0,0,0.790064009220173,0,1,1,0,0,0,0,0.93438830362059,full_event_available,bernoulli_full_event,1,0,0.000685,0.000640055987980104,6.40055987980104
17,14,1,no_new_outage,0,0,0.790064009220173,0,1,1,0,0,0,0,0.93438830362059,full_event_available,bernoulli_full_event,1,0,0.000685,0.000640055987980104,6.40055987980104
17,15,1,no_new_outage,0,0,0.790064009220173,0,1,1,0,0,0,0,0.93438830362059,full_event_available,bernoulli_full_event,1,0,0.000685,0.000640055987980104,6.40055987980104
17,16,1,no_new_outage,0,0,0.790064009220173,0,1,1,0,0,0,0,0.93438830362059,full_event_available,bernoulli_full_event,1,0,0.000685,0.000640055987980104,6.40055987980104
17,17,1,no_new_outage,0,0,0.790064009220173,0,1,1,0,0,0,0,0.93438830362059,full_event_available,bernoulli_full_event,1,0,0.000685,0.000640055987980104,6.40055987980104
17,18,4,load_loss_threshold,3758.89,0.601015632619843,1.73458825172897,0.188770475306997,14,1,0.601015632619843,0.538362096586722,0.105800753162963,0.489441949521843,0.000120957887723889,full_event_available,bernoulli_full_event,4,0,0.000685,8.2856153090864e-08,0.00082856153090864
17,19,1,no_new_outage,0,0,0.790064009220173,0,1,1,0,0,0,0,0.93438830362059,full_event_available,bernoulli_full_event,1,0,0.000685,0.000640055987980104,6.40055987980104
17,20,1,no_new_outage,0,0,0.790064009220173,0,1,1,0,0,0,0,0.93438830362059,full_event_available,bernoulli_full_event,1,0,0.000685,0.000640055987980104,6.40055987980104
18,1,4,load_loss_threshold,3123.63,0.499442777128439,1.86212287806171,0.0852162465278721,9,1,0.499442777128439,0,0,0.299665666277064,9.64335056551505e-10,full_event_available,bernoulli_full_event,4,0,0.000223,2.15046717610986e-13,2.15046717610986e-09
18,2,5,max_depth_reached,4275.89665,0.683680748869165,1.8348576444717,0.19114612123687,9,0,1,1,1,1,0.25616014563584,full_event_available,bernoulli_full_event,5,0,0.000223,5.71237124767923e-05,0.571237124767923
18,3,5,max_depth_reached,3325.02715,0.531644526984137,1.8348576444717,0.170079109779718,10,0,1,1,1,1,0.000651676946513175,full_event_available,bernoulli_full_event,5,0,0.000223,1.45323959072438e-07,0.00145323959072438
18,4,4,load_loss_threshold,2247.759,0.359398199298715,1.86012171570103,0.115963062559045,7,1,0.359398199298715,1.67102742786835,1.15963062559045,0.781770530270989,0.000493394515593608,full_event_available,bernoulli_full_event,4,0,0.000223,1.10026976977375e-07,0.00110026976977375
18,5,2,no_new_outage,0,0,1.05488689232023,0,2,1,0,0,0,0,0.0842522786814204,full_event_available,bernoulli_full_event,2,0,0.000223,1.87882581459567e-05,0.187882581459567
18,6,5,max_depth_reached,4085.49665,0.653237352959517,1.8348576444717,0.19114612123687,8,0,1,1,1,1,0.068598493261839,full_event_available,bernoulli_full_event,5,0,0.000223,1.52974639973901e-05,0.152974639973901
18,7,5,max_depth_reached,4275.89665,0.683680748869165,1.8348576444717,0.19114612123687,9,0,1,1,1,1,0.25616014563584,full_event_available,bernoulli_full_event,5,0,0.000223,5.71237124767923e-05,0.571237124767923
18,8,5,max_depth_reached,4275.89665,0.683680748869165,1.8348576444717,0.19114612123687,9,0,1,1,1,1,0.25616014563584,full_event_available,bernoulli_full_event,5,0,0.000223,5.71237124767923e-05,0.571237124767923
18,9,5,max_depth_reached,4280.972,0.684492255641382,1.8348576444717,0.198781657744849,11,0,1,1,1,1,0.000392934615201139,full_event_available,bernoulli_full_event,5,0,0.000223,8.76244191898541e-08,0.000876244191898541
18,10,4,load_loss_threshold,1882.709,0.301029703096944,1.8348576444717,0.0789523332572321,6,0,1,1,1,1,0.272643205028429,full_event_available,bernoulli_full_event,4,0,0.000223,6.07994347213396e-05,0.607994347213396
18,11,5,max_depth_reached,4275.89665,0.683680748869165,1.8348576444717,0.19114612123687,9,0,1,1,1,1,0.25616014563584,full_event_available,bernoulli_full_event,5,0,0.000223,5.71237124767923e-05,0.571237124767923
18,12,4,load_loss_threshold,1882.709,0.301029703096944,1.8348576444717,0.0789523332572321,6,0,1,1,1,1,0.272643205028429,full_event_available,bernoulli_full_event,4,0,0.000223,6.07994347213396e-05,0.607994347213396
18,13,5,max_depth_reached,4085.49665,0.653237352959517,1.8348576444717,0.19114612123687,8,0,1,1,1,1,0.068598493261839,full_event_available,bernoulli_full_event,5,0,0.000223,1.52974639973901e-05,0.152974639973901
18,14,4,load_loss_threshold,2876.16,0.459874357035159,2.13809557571162,0.170411289312424,9,1,0.459874357035159,0,0,0.275924614221095,0.00134227404460621,full_event_available,bernoulli_full_event,4,0,0.000223,2.99327111947184e-07,0.00299327111947184
18,15,5,max_depth_reached,4275.89665,0.683680748869165,1.8348576444717,0.19114612123687,10,0,1,1,1,1,0.0661330440826018,full_event_available,bernoulli_full_event,5,0,0.000223,1.47476688304202e-05,0.147476688304202
18,16,4,load_loss_threshold,1882.709,0.301029703096944,1.8348576444717,0.0789523332572321,6,0,1,1,1,1,0.272643205028429,full_event_available,bernoulli_full_event,4,0,0.000223,6.07994347213396e-05,0.607994347213396
18,17,5,max_depth_reached,4958.14,0.792765856068613,1.34563897115847,0.151162366003102,12,1,0.792765856068613,0,0,0.475659513641168,0.000148331091282993,full_event_available,bernoulli_full_event,5,0,0.000223,3.30778333561073e-08,0.000330778333561073
18,18,4,load_loss_threshold,1882.709,0.301029703096944,1.8348576444717,0.0789523332572321,6,0,1,1,1,1,0.272643205028429,full_event_available,bernoulli_full_event,4,0,0.000223,6.07994347213396e-05,0.607994347213396
18,19,5,max_depth_reached,4275.89665,0.683680748869165,1.8348576444717,0.19114612123687,9,0,1,1,1,1,0.25616014563584,full_event_available,bernoulli_full_event,5,0,0.000223,5.71237124767923e-05,0.571237124767923
18,20,5,max_depth_reached,4275.89665,0.683680748869165,1.8348576444717,0.19114612123687,10,0,1,1,1,1,0.0661330440826018,full_event_available,bernoulli_full_event,5,0,0.000223,1.47476688304202e-05,0.147476688304202
19,1,4,load_loss_threshold,1882.709,0.301029703096944,1.83795297116165,0.0822990276335265,7,0,1,1,1,1,0.0562714640948331,full_event_available,bernoulli_full_event,4,0,0.000685,3.85459529049607e-05,0.385459529049607
19,2,4,load_loss_threshold,1882.709,0.301029703096944,1.84099672481183,0.102027305461505,8,0,1,1,1,1,1.33658480092095e-05,full_event_available,bernoulli_full_event,4,0,0.000685,9.15560588630853e-09,9.15560588630853e-05
19,3,4,load_loss_threshold,1882.709,0.301029703096944,1.83795297116165,0.0822990276335265,7,0,1,1,1,1,0.0562714640948331,full_event_available,bernoulli_full_event,4,0,0.000685,3.85459529049607e-05,0.385459529049607
19,4,4,load_loss_threshold,1882.709,0.301029703096944,1.83795297116165,0.0822990276335265,7,0,1,1,1,1,0.0562714640948331,full_event_available,bernoulli_full_event,4,0,0.000685,3.85459529049607e-05,0.385459529049607
19,5,5,max_depth_reached,2024.8072,0.323750037974299,1.73134028743837,0.206878069093983,7,1,0.323750037974299,2.1940208623151,3.7238052436917,1.37781524398594,0.596594944862551,full_event_available,bernoulli_full_event,5,0,0.000685,0.000408667537230847,4.08667537230847
19,6,5,max_depth_reached,4508.245,0.720831341348176,1.83795297116165,0.21058343861303,12,1,0.720831341348176,1.10698027364353,0,0.653894859537612,0.0165248124947974,full_event_available,bernoulli_full_event,5,0,0.000685,1.13194965589362e-05,0.113194965589362
19,7,5,max_depth_reached,2024.8072,0.323750037974299,1.73134028743837,0.206878069093983,7,1,0.323750037974299,2.1940208623151,3.7238052436917,1.37781524398594,0.596594944862551,full_event_available,bernoulli_full_event,5,0,0.000685,0.000408667537230847,4.08667537230847
19,8,5,max_depth_reached,4280.972,0.684492255641382,1.83795297116165,0.21058343861303,11,0,1,1,1,1,0.0477832247659886,full_event_available,bernoulli_full_event,5,0,0.000685,3.27315089647022e-05,0.327315089647022
19,9,5,max_depth_reached,2024.8072,0.323750037974299,1.73134028743837,0.206878069093983,7,1,0.323750037974299,2.1940208623151,3.7238052436917,1.37781524398594,0.596594944862551,full_event_available,bernoulli_full_event,5,0,0.000685,0.000408667537230847,4.08667537230847
19,10,5,max_depth_reached,3517.3712,0.562398760518881,1.73245741375286,0.210242494406991,8,1,0.562398760518881,2.19737224125858,2.94339492169788,1.36559268890262,0.000917854012369544,full_event_available,bernoulli_full_event,5,0,0.000685,6.28729998473138e-07,0.00628729998473138
19,11,5,max_depth_reached,2024.8072,0.323750037974299,1.73134028743837,0.206878069093983,7,1,0.323750037974299,2.1940208623151,3.7238052436917,1.37781524398594,0.596594944862551,full_event_available,bernoulli_full_event,5,0,0.000685,0.000408667537230847,4.08667537230847
19,12,5,max_depth_reached,4714.9972,0.753889319708421,1.42791284503724,0.199992902465965,9,1,0.753889319708421,1.71165138014897,2.40270248213604,1.27520436428205,0.000295845050349081,full_event_available,bernoulli_full_event,5,0,0.000685,2.0265385948912e-07,0.0020265385948912
19,13,5,max_depth_reached,2024.8072,0.323750037974299,1.73134028743837,0.206878069093983,7,1,0.323750037974299,2.1940208623151,3.7238052436917,1.37781524398594,0.596594944862551,full_event_available,bernoulli_full_event,5,0,0.000685,0.000408667537230847,4.08667537230847
19,14,4,load_loss_threshold,2024.8072,0.323750037974299,1.73134028743837,0.206878069093983,7,1,0.323750037974299,2.1940208623151,3.7238052436917,1.37781524398594,0.000273098051434964,full_event_available,bernoulli_full_event,4,0,0.000685,1.8707216523295e-07,0.0018707216523295
19,15,5,max_depth_reached,2024.8072,0.323750037974299,1.73134028743837,0.206878069093983,7,1,0.323750037974299,2.1940208623151,3.7238052436917,1.37781524398594,0.596594944862551,full_event_available,bernoulli_full_event,5,0,0.000685,0.000408667537230847,4.08667537230847
19,16,4,load_loss_threshold,4290.772,0.686059195136732,1.90967722564644,0.214935819355149,9,1,0.686059195136732,1.81935445129288,2.57922983226178,1.29135237379297,0.0011225026972371,full_event_available,bernoulli_full_event,4,0,0.000685,7.6891434760741e-07,0.0076891434760741
19,17,5,max_depth_reached,2024.8072,0.323750037974299,1.73134028743837,0.206878069093983,7,1,0.323750037974299,2.1940208623151,3.7238052436917,1.37781524398594,0.596594944862551,full_event_available,bernoulli_full_event,5,0,0.000685,0.000408667537230847,4.08667537230847
19,18,5,max_depth_reached,4622.145,0.739043015686983,1.83795297116165,0.21058343861303,12,1,0.739043015686983,1.54212793134512,0.241632716683444,0.800177939017903,6.32754563733219e-05,full_event_available,bernoulli_full_event,5,0,0.000685,4.33436876157255e-08,0.000433436876157255
19,19,5,max_depth_reached,4379.785,0.700291642616277,1.75566584551845,0.171174577850739,13,1,0.700291642616277,0,0,0.420174985569766,0.032943117838019,full_event_available,bernoulli_full_event,5,0,0.000685,2.2566035719043e-05,0.22566035719043
19,20,3,load_loss_threshold,2024.8072,0.323750037974299,1.3236885283279,0.139118574508678,7,1,0.323750037974299,0.230926019031326,0.556474298034712,0.351730086197787,0.000463480773763195,full_event_available,bernoulli_full_event,3,0,0.000685,3.17484330027789e-07,0.00317484330027789
20,1,4,load_loss_threshold,4788.20425,0.765594525625057,1.82650074752137,0.0900807695611272,8,0,1,1,1,1,0.000583205890264352,full_event_available,bernoulli_full_event,4,0,0.000553,3.22512857316187e-07,0.00322512857316187
20,2,4,load_loss_threshold,4159.5241,0.665073734096763,1.82650074752137,0.226088044218431,9,0,1,1,1,1,0.000428407896263893,full_event_available,bernoulli_full_event,4,0,0.000553,2.36909566633933e-07,0.00236909566633933
20,3,4,load_loss_threshold,4275.89665,0.683680748869165,1.82650074752137,0.165533939963003,8,0,1,1,1,1,0.195728490913997,full_event_available,bernoulli_full_event,4,0,0.000553,0.00010823785547544,1.0823785547544
20,4,4,load_loss_threshold,4085.49665,0.653237352959517,1.82650074752137,0.165533939963003,7,0,1,1,1,1,0.117853038417732,full_event_available,bernoulli_full_event,4,0,0.000553,6.51727302450056e-05,0.651727302450056
20,5,4,load_loss_threshold,4649.85415,0.743473481147959,1.82650074752137,0.165533939963003,9,0,1,1,1,1,0.0335123287628696,full_event_available,bernoulli_full_event,4,0,0.000553,1.85323178058669e-05,0.185323178058669
20,6,3,load_loss_threshold,1882.709,0.301029703096944,1.82650074752137,0.0648990804216826,5,0,1,1,1,1,0.335163005346619,full_event_available,bernoulli_full_event,3,0,0.000553,0.00018534514195668,1.8534514195668
20,7,4,load_loss_threshold,4275.89665,0.683680748869165,1.82650074752137,0.165533939963003,8,0,1,1,1,1,0.195728490913997,full_event_available,bernoulli_full_event,4,0,0.000553,0.00010823785547544,1.0823785547544
20,8,4,load_loss_threshold,4085.49665,0.653237352959517,1.82650074752137,0.165533939963003,7,0,1,1,1,1,0.117853038417732,full_event_available,bernoulli_full_event,4,0,0.000553,6.51727302450056e-05,0.651727302450056
20,9,4,load_loss_threshold,4085.49665,0.653237352959517,1.82650074752137,0.165533939963003,7,0,1,1,1,1,0.117853038417732,full_event_available,bernoulli_full_event,4,0,0.000553,6.51727302450056e-05,0.651727302450056
20,10,4,load_loss_threshold,4085.49665,0.653237352959517,1.82650074752137,0.165533939963003,8,0,1,1,1,1,0.000198306968534166,full_event_available,bernoulli_full_event,4,0,0.000553,1.09663753599394e-07,0.00109663753599394
20,11,3,load_loss_threshold,3170.079,0.506869590661041,1.83751220496594,0.0670770242668343,6,0,1,1,1,1,0.000481885102625608,full_event_available,bernoulli_full_event,3,0,0.000553,2.66482461751961e-07,0.00266482461751961
20,12,3,load_loss_threshold,1882.709,0.301029703096944,1.82650074752137,0.0648990804216826,5,0,1,1,1,1,0.335163005346619,full_event_available,bernoulli_full_event,3,0,0.000553,0.00018534514195668,1.8534514195668
20,13,1,no_new_outage,0,0,0.982313938054614,0,1,1,0,0,0,0,0.16592783779193,full_event_available,bernoulli_full_event,1,0,0.000553,9.17580942989372e-05,0.917580942989372
20,14,3,load_loss_threshold,1882.709,0.301029703096944,1.82650074752137,0.0648990804216826,5,0,1,1,1,1,0.335163005346619,full_event_available,bernoulli_full_event,3,0,0.000553,0.00018534514195668,1.8534514195668
20,15,1,no_new_outage,0,0,0.982313938054614,0,1,1,0,0,0,0,0.16592783779193,full_event_available,bernoulli_full_event,1,0,0.000553,9.17580942989372e-05,0.917580942989372
20,16,1,no_new_outage,0,0,0.982313938054614,0,1,1,0,0,0,0,0.16592783779193,full_event_available,bernoulli_full_event,1,0,0.000553,9.17580942989372e-05,0.917580942989372
20,17,4,load_loss_threshold,4275.89665,0.683680748869165,1.82904861062538,0.201319738516667,9,0,1,1,1,1,0.000314802234554864,full_event_available,bernoulli_full_event,4,0,0.000553,1.7408563570884e-07,0.0017408563570884
20,18,1,no_new_outage,0,0,0.982313938054614,0,1,1,0,0,0,0,0.16592783779193,full_event_available,bernoulli_full_event,1,0,0.000553,9.17580942989372e-05,0.917580942989372
20,19,4,load_loss_threshold,4275.89665,0.683680748869165,1.82650074752137,0.165533939963003,8,0,1,1,1,1,0.195728490913997,full_event_available,bernoulli_full_event,4,0,0.000553,0.00010823785547544,1.0823785547544
20,20,3,load_loss_threshold,1882.709,0.301029703096944,1.82650074752137,0.0648990804216826,5,0,1,1,1,1,0.335163005346619,full_event_available,bernoulli_full_event,3,0,0.000553,0.00018534514195668,1.8534514195668
21,1,1,no_new_outage,0,0,0.789847106780974,0,1,1,0,0,0,0,0.934147345845658,full_event_available,bernoulli_full_event,1,0,0.000427,0.000398880916676096,3.98880916676096
21,2,1,no_new_outage,0,0,0.789847106780974,0,1,1,0,0,0,0,0.934147345845658,full_event_available,bernoulli_full_event,1,0,0.000427,0.000398880916676096,3.98880916676096
21,3,1,no_new_outage,0,0,0.789847106780974,0,1,1,0,0,0,0,0.934147345845658,full_event_available,bernoulli_full_event,1,0,0.000427,0.000398880916676096,3.98880916676096
21,4,1,no_new_outage,0,0,0.789847106780974,0,1,1,0,0,0,0,0.934147345845658,full_event_available,bernoulli_full_event,1,0,0.000427,0.000398880916676096,3.98880916676096
21,5,1,no_new_outage,0,0,0.789847106780974,0,1,1,0,0,0,0,0.934147345845658,full_event_available,bernoulli_full_event,1,0,0.000427,0.000398880916676096,3.98880916676096
21,6,2,no_new_outage,0,0,0.79349521581776,0,2,1,0,0,0,0,0.00137877464556169,full_event_available,bernoulli_full_event,2,0,0.000427,5.88736773654841e-07,0.00588736773654841
21,7,1,no_new_outage,0,0,0.789847106780974,0,1,1,0,0,0,0,0.934147345845658,full_event_available,bernoulli_full_event,1,0,0.000427,0.000398880916676096,3.98880916676096
21,8,1,no_new_outage,0,0,0.789847106780974,0,1,1,0,0,0,0,0.934147345845658,full_event_available,bernoulli_full_event,1,0,0.000427,0.000398880916676096,3.98880916676096
21,9,5,max_depth_reached,1967.98,0.314663835516123,1.76935371144747,0.115527784709678,10,1,0.314663835516123,2.23927517104262,1.50186120122581,0.93702557576336,0.00010082189076265,full_event_available,bernoulli_full_event,5,0,0.000427,4.30509473556516e-08,0.000430509473556516
21,10,2,no_new_outage,0,0,0.790572224446841,0,2,1,0,0,0,0,0.00156114017927849,full_event_available,bernoulli_full_event,2,0,0.000427,6.66606856551914e-07,0.00666606856551914
21,11,1,no_new_outage,0,0,0.789847106780974,0,1,1,0,0,0,0,0.934147345845658,full_event_available,bernoulli_full_event,1,0,0.000427,0.000398880916676096,3.98880916676096
21,12,1,no_new_outage,0,0,0.789847106780974,0,1,1,0,0,0,0,0.934147345845658,full_event_available,bernoulli_full_event,1,0,0.000427,0.000398880916676096,3.98880916676096
21,13,1,no_new_outage,0,0,0.789847106780974,0,1,1,0,0,0,0,0.934147345845658,full_event_available,bernoulli_full_event,1,0,0.000427,0.000398880916676096,3.98880916676096
21,14,1,no_new_outage,0,0,0.789847106780974,0,1,1,0,0,0,0,0.934147345845658,full_event_available,bernoulli_full_event,1,0,0.000427,0.000398880916676096,3.98880916676096
21,15,1,no_new_outage,0,0,0.789847106780974,0,1,1,0,0,0,0,0.934147345845658,full_event_available,bernoulli_full_event,1,0,0.000427,0.000398880916676096,3.98880916676096
21,16,1,no_new_outage,0,0,0.789847106780974,0,1,1,0,0,0,0,0.934147345845658,full_event_available,bernoulli_full_event,1,0,0.000427,0.000398880916676096,3.98880916676096
21,17,1,no_new_outage,0,0,0.789847106780974,0,1,1,0,0,0,0,0.934147345845658,full_event_available,bernoulli_full_event,1,0,0.000427,0.000398880916676096,3.98880916676096
21,18,1,no_new_outage,0,0,0.789847106780974,0,1,1,0,0,0,0,0.934147345845658,full_event_available,bernoulli_full_event,1,0,0.000427,0.000398880916676096,3.98880916676096
21,19,1,no_new_outage,0,0,0.789847106780974,0,1,1,0,0,0,0,0.934147345845658,full_event_available,bernoulli_full_event,1,0,0.000427,0.000398880916676096,3.98880916676096
21,20,1,no_new_outage,0,0,0.789847106780974,0,1,1,0,0,0,0,0.934147345845658,full_event_available,bernoulli_full_event,1,0,0.000427,0.000398880916676096,3.98880916676096
22,1,1,no_new_outage,0,0,0.788982576858355,0,1,1,0,0,0,0,0.934135207851109,full_event_available,bernoulli_full_event,1,0,0.000414,0.000386731976050359,3.86731976050359
22,2,1,no_new_outage,0,0,0.788982576858355,0,1,1,0,0,0,0,0.934135207851109,full_event_available,bernoulli_full_event,1,0,0.000414,0.000386731976050359,3.86731976050359
22,3,1,no_new_outage,0,0,0.788982576858355,0,1,1,0,0,0,0,0.934135207851109,full_event_available,bernoulli_full_event,1,0,0.000414,0.000386731976050359,3.86731976050359
22,4,1,no_new_outage,0,0,0.788982576858355,0,1,1,0,0,0,0,0.934135207851109,full_event_available,bernoulli_full_event,1,0,0.000414,0.000386731976050359,3.86731976050359
22,5,1,no_new_outage,0,0,0.788982576858355,0,1,1,0,0,0,0,0.934135207851109,full_event_available,bernoulli_full_event,1,0,0.000414,0.000386731976050359,3.86731976050359
22,6,1,no_new_outage,0,0,0.788982576858355,0,1,1,0,0,0,0,0.934135207851109,full_event_available,bernoulli_full_event,1,0,0.000414,0.000386731976050359,3.86731976050359
22,7,1,no_new_outage,0,0,0.788982576858355,0,1,1,0,0,0,0,0.934135207851109,full_event_available,bernoulli_full_event,1,0,0.000414,0.000386731976050359,3.86731976050359
22,8,1,no_new_outage,0,0,0.788982576858355,0,1,1,0,0,0,0,0.934135207851109,full_event_available,bernoulli_full_event,1,0,0.000414,0.000386731976050359,3.86731976050359
22,9,1,no_new_outage,0,0,0.788982576858355,0,1,1,0,0,0,0,0.934135207851109,full_event_available,bernoulli_full_event,1,0,0.000414,0.000386731976050359,3.86731976050359
22,10,1,no_new_outage,0,0,0.788982576858355,0,1,1,0,0,0,0,0.934135207851109,full_event_available,bernoulli_full_event,1,0,0.000414,0.000386731976050359,3.86731976050359
22,11,1,no_new_outage,0,0,0.788982576858355,0,1,1,0,0,0,0,0.934135207851109,full_event_available,bernoulli_full_event,1,0,0.000414,0.000386731976050359,3.86731976050359
22,12,1,no_new_outage,0,0,0.788982576858355,0,1,1,0,0,0,0,0.934135207851109,full_event_available,bernoulli_full_event,1,0,0.000414,0.000386731976050359,3.86731976050359
22,13,1,no_new_outage,0,0,0.788982576858355,0,1,1,0,0,0,0,0.934135207851109,full_event_available,bernoulli_full_event,1,0,0.000414,0.000386731976050359,3.86731976050359
22,14,2,no_new_outage,0,0,0.832893129195613,0,2,1,0,0,0,0,0.00137873881513198,full_event_available,bernoulli_full_event,2,0,0.000414,5.70797869464641e-07,0.00570797869464641
22,15,1,no_new_outage,0,0,0.788982576858355,0,1,1,0,0,0,0,0.934135207851109,full_event_available,bernoulli_full_event,1,0,0.000414,0.000386731976050359,3.86731976050359
22,16,1,no_new_outage,0,0,0.788982576858355,0,1,1,0,0,0,0,0.934135207851109,full_event_available,bernoulli_full_event,1,0,0.000414,0.000386731976050359,3.86731976050359
22,17,1,no_new_outage,0,0,0.788982576858355,0,1,1,0,0,0,0,0.934135207851109,full_event_available,bernoulli_full_event,1,0,0.000414,0.000386731976050359,3.86731976050359
22,18,2,no_new_outage,0,0,0.790342072049111,0,2,1,0,0,0,0,0.00134105812690001,full_event_available,bernoulli_full_event,2,0,0.000414,5.55198064536604e-07,0.00555198064536604
22,19,1,no_new_outage,0,0,0.788982576858355,0,1,1,0,0,0,0,0.934135207851109,full_event_available,bernoulli_full_event,1,0,0.000414,0.000386731976050359,3.86731976050359
22,20,1,no_new_outage,0,0,0.788982576858355,0,1,1,0,0,0,0,0.934135207851109,full_event_available,bernoulli_full_event,1,0,0.000414,0.000386731976050359,3.86731976050359
23,1,4,load_loss_threshold,4379.785,0.700291642616277,1.71450580625649,0.0787015826609874,13,1,0.700291642616277,0,0,0.420174985569766,0.528249244447683,full_event_available,bernoulli_full_event,4,0,0.000434,0.000229260172090294,2.29260172090294
23,2,4,load_loss_threshold,4379.785,0.700291642616277,1.71450580625649,0.0787015826609874,13,1,0.700291642616277,0,0,0.420174985569766,0.528249244447683,full_event_available,bernoulli_full_event,4,0,0.000434,0.000229260172090294,2.29260172090294
23,3,4,load_loss_threshold,4379.785,0.700291642616277,1.71450580625649,0.0787015826609874,13,1,0.700291642616277,0,0,0.420174985569766,0.528249244447683,full_event_available,bernoulli_full_event,4,0,0.000434,0.000229260172090294,2.29260172090294
23,4,4,load_loss_threshold,4379.785,0.700291642616277,1.71450580625649,0.0787015826609874,13,1,0.700291642616277,0,0,0.420174985569766,0.528249244447683,full_event_available,bernoulli_full_event,4,0,0.000434,0.000229260172090294,2.29260172090294
23,5,4,load_loss_threshold,4379.785,0.700291642616277,1.71450580625649,0.0787015826609874,13,1,0.700291642616277,0,0,0.420174985569766,0.528249244447683,full_event_available,bernoulli_full_event,4,0,0.000434,0.000229260172090294,2.29260172090294
23,6,5,max_depth_reached,4379.785,0.700291642616277,1.71450580625649,0.0787015826609874,13,1,0.700291642616277,0,0,0.420174985569766,0.0467051380067022,full_event_available,bernoulli_full_event,5,0,0.000434,2.02700298949088e-05,0.202700298949088
23,7,4,load_loss_threshold,4379.785,0.700291642616277,1.71450580625649,0.0787015826609874,13,1,0.700291642616277,0,0,0.420174985569766,0.528249244447683,full_event_available,bernoulli_full_event,4,0,0.000434,0.000229260172090294,2.29260172090294
23,8,5,max_depth_reached,2031.29,0.324786584439651,1.67634760672344,0.199992902465965,7,1,0.324786584439651,2.02904282017032,1.85785556689423,0.9722516280767,0.155016797873506,full_event_available,bernoulli_full_event,5,0,0.000434,6.72772902771018e-05,0.672772902771018
23,9,4,load_loss_threshold,4379.785,0.700291642616277,1.71450580625649,0.0787015826609874,13,1,0.700291642616277,0,0,0.420174985569766,0.528249244447683,full_event_available,bernoulli_full_event,4,0,0.000434,0.000229260172090294,2.29260172090294
23,10,4,load_loss_threshold,4379.785,0.700291642616277,1.71450580625649,0.0787015826609874,13,1,0.700291642616277,0,0,0.420174985569766,0.528249244447683,full_event_available,bernoulli_full_event,4,0,0.000434,0.000229260172090294,2.29260172090294
23,11,4,load_loss_threshold,4379.785,0.700291642616277,1.71450580625649,0.0787015826609874,13,1,0.700291642616277,0,0,0.420174985569766,0.528249244447683,full_event_available,bernoulli_full_event,4,0,0.000434,0.000229260172090294,2.29260172090294
23,12,4,load_loss_threshold,4379.785,0.700291642616277,1.71450580625649,0.0787015826609874,13,1,0.700291642616277,0,0,0.420174985569766,0.528249244447683,full_event_available,bernoulli_full_event,4,0,0.000434,0.000229260172090294,2.29260172090294
23,13,4,load_loss_threshold,4379.785,0.700291642616277,1.71450580625649,0.0787015826609874,13,1,0.700291642616277,0,0,0.420174985569766,0.528249244447683,full_event_available,bernoulli_full_event,4,0,0.000434,0.000229260172090294,2.29260172090294
23,14,4,load_loss_threshold,4379.785,0.700291642616277,1.71450580625649,0.0787015826609874,13,1,0.700291642616277,0,0,0.420174985569766,0.528249244447683,full_event_available,bernoulli_full_event,4,0,0.000434,0.000229260172090294,2.29260172090294
23,15,4,load_loss_threshold,4379.785,0.700291642616277,1.71450580625649,0.0787015826609874,13,1,0.700291642616277,0,0,0.420174985569766,0.528249244447683,full_event_available,bernoulli_full_event,4,0,0.000434,0.000229260172090294,2.29260172090294
23,16,4,load_loss_threshold,4379.785,0.700291642616277,1.71450580625649,0.0787015826609874,13,1,0.700291642616277,0,0,0.420174985569766,0.528249244447683,full_event_available,bernoulli_full_event,4,0,0.000434,0.000229260172090294,2.29260172090294
23,17,4,load_loss_threshold,4379.785,0.700291642616277,1.71450580625649,0.0787015826609874,13,1,0.700291642616277,0,0,0.420174985569766,0.528249244447683,full_event_available,bernoulli_full_event,4,0,0.000434,0.000229260172090294,2.29260172090294
23,18,5,max_depth_reached,2031.29,0.324786584439651,1.67634760672344,0.199992902465965,7,1,0.324786584439651,2.02904282017032,1.85785556689423,0.9722516280767,0.155016797873506,full_event_available,bernoulli_full_event,5,0,0.000434,6.72772902771018e-05,0.672772902771018
23,19,4,load_loss_threshold,4379.785,0.700291642616277,1.71450580625649,0.0787015826609874,13,1,0.700291642616277,0,0,0.420174985569766,0.528249244447683,full_event_available,bernoulli_full_event,4,0,0.000434,0.000229260172090294,2.29260172090294
23,20,5,max_depth_reached,2031.29,0.324786584439651,1.67634760672344,0.199992902465965,7,1,0.324786584439651,2.02904282017032,1.85785556689423,0.9722516280767,0.155016797873506,full_event_available,bernoulli_full_event,5,0,0.000434,6.72772902771018e-05,0.672772902771018
24,1,1,no_new_outage,0,0,0.797838897440752,0,1,1,0,0,0,0,0.934100662977662,full_event_available,bernoulli_full_event,1,0,0.000377,0.000352155949942578,3.52155949942578
24,2,1,no_new_outage,0,0,0.797838897440752,0,1,1,0,0,0,0,0.934100662977662,full_event_available,bernoulli_full_event,1,0,0.000377,0.000352155949942578,3.52155949942578
24,3,2,no_new_outage,0,0,0.810006852133787,0,2,1,0,0,0,0,0.00098115469139144,full_event_available,bernoulli_full_event,2,0,0.000377,3.69895318654573e-07,0.00369895318654573
24,4,1,no_new_outage,0,0,0.797838897440752,0,1,1,0,0,0,0,0.934100662977662,full_event_available,bernoulli_full_event,1,0,0.000377,0.000352155949942578,3.52155949942578
24,5,1,no_new_outage,0,0,0.797838897440752,0,1,1,0,0,0,0,0.934100662977662,full_event_available,bernoulli_full_event,1,0,0.000377,0.000352155949942578,3.52155949942578
24,6,1,no_new_outage,0,0,0.797838897440752,0,1,1,0,0,0,0,0.934100662977662,full_event_available,bernoulli_full_event,1,0,0.000377,0.000352155949942578,3.52155949942578
24,7,1,no_new_outage,0,0,0.797838897440752,0,1,1,0,0,0,0,0.934100662977662,full_event_available,bernoulli_full_event,1,0,0.000377,0.000352155949942578,3.52155949942578
24,8,1,no_new_outage,0,0,0.797838897440752,0,1,1,0,0,0,0,0.934100662977662,full_event_available,bernoulli_full_event,1,0,0.000377,0.000352155949942578,3.52155949942578
24,9,1,no_new_outage,0,0,0.797838897440752,0,1,1,0,0,0,0,0.934100662977662,full_event_available,bernoulli_full_event,1,0,0.000377,0.000352155949942578,3.52155949942578
24,10,1,no_new_outage,0,0,0.797838897440752,0,1,1,0,0,0,0,0.934100662977662,full_event_available,bernoulli_full_event,1,0,0.000377,0.000352155949942578,3.52155949942578
24,11,1,no_new_outage,0,0,0.797838897440752,0,1,1,0,0,0,0,0.934100662977662,full_event_available,bernoulli_full_event,1,0,0.000377,0.000352155949942578,3.52155949942578
24,12,1,no_new_outage,0,0,0.797838897440752,0,1,1,0,0,0,0,0.934100662977662,full_event_available,bernoulli_full_event,1,0,0.000377,0.000352155949942578,3.52155949942578
24,13,1,no_new_outage,0,0,0.797838897440752,0,1,1,0,0,0,0,0.934100662977662,full_event_available,bernoulli_full_event,1,0,0.000377,0.000352155949942578,3.52155949942578
24,14,1,no_new_outage,0,0,0.797838897440752,0,1,1,0,0,0,0,0.934100662977662,full_event_available,bernoulli_full_event,1,0,0.000377,0.000352155949942578,3.52155949942578
24,15,1,no_new_outage,0,0,0.797838897440752,0,1,1,0,0,0,0,0.934100662977662,full_event_available,bernoulli_full_event,1,0,0.000377,0.000352155949942578,3.52155949942578
24,16,1,no_new_outage,0,0,0.797838897440752,0,1,1,0,0,0,0,0.934100662977662,full_event_available,bernoulli_full_event,1,0,0.000377,0.000352155949942578,3.52155949942578
24,17,1,no_new_outage,0,0,0.797838897440752,0,1,1,0,0,0,0,0.934100662977662,full_event_available,bernoulli_full_event,1,0,0.000377,0.000352155949942578,3.52155949942578
24,18,1,no_new_outage,0,0,0.797838897440752,0,1,1,0,0,0,0,0.934100662977662,full_event_available,bernoulli_full_event,1,0,0.000377,0.000352155949942578,3.52155949942578
24,19,1,no_new_outage,0,0,0.797838897440752,0,1,1,0,0,0,0,0.934100662977662,full_event_available,bernoulli_full_event,1,0,0.000377,0.000352155949942578,3.52155949942578
24,20,1,no_new_outage,0,0,0.797838897440752,0,1,1,0,0,0,0,0.934100662977662,full_event_available,bernoulli_full_event,1,0,0.000377,0.000352155949942578,3.52155949942578
25,1,1,no_new_outage,0,0,0.794545081779867,0,1,1,0,0,0,0,0.934185629279381,full_event_available,bernoulli_full_event,1,0,0.000468,0.00043719887450275,4.3719887450275
25,2,1,no_new_outage,0,0,0.794545081779867,0,1,1,0,0,0,0,0.934185629279381,full_event_available,bernoulli_full_event,1,0,0.000468,0.00043719887450275,4.3719887450275
25,3,3,no_new_outage,1839.1,0.294056982234424,1.0151436355822,0,4,1,0.294056982234424,0,0,0.176434189340654,0.00114558940437735,full_event_available,bernoulli_full_event,3,0,0.000468,5.36135841248602e-07,0.00536135841248602
25,4,1,no_new_outage,0,0,0.794545081779867,0,1,1,0,0,0,0,0.934185629279381,full_event_available,bernoulli_full_event,1,0,0.000468,0.00043719887450275,4.3719887450275
25,5,1,no_new_outage,0,0,0.794545081779867,0,1,1,0,0,0,0,0.934185629279381,full_event_available,bernoulli_full_event,1,0,0.000468,0.00043719887450275,4.3719887450275
25,6,1,no_new_outage,0,0,0.794545081779867,0,1,1,0,0,0,0,0.934185629279381,full_event_available,bernoulli_full_event,1,0,0.000468,0.00043719887450275,4.3719887450275
25,7,1,no_new_outage,0,0,0.794545081779867,0,1,1,0,0,0,0,0.934185629279381,full_event_available,bernoulli_full_event,1,0,0.000468,0.00043719887450275,4.3719887450275
25,8,1,no_new_outage,0,0,0.794545081779867,0,1,1,0,0,0,0,0.934185629279381,full_event_available,bernoulli_full_event,1,0,0.000468,0.00043719887450275,4.3719887450275
25,9,1,no_new_outage,0,0,0.794545081779867,0,1,1,0,0,0,0,0.934185629279381,full_event_available,bernoulli_full_event,1,0,0.000468,0.00043719887450275,4.3719887450275
25,10,1,no_new_outage,0,0,0.794545081779867,0,1,1,0,0,0,0,0.934185629279381,full_event_available,bernoulli_full_event,1,0,0.000468,0.00043719887450275,4.3719887450275
25,11,1,no_new_outage,0,0,0.794545081779867,0,1,1,0,0,0,0,0.934185629279381,full_event_available,bernoulli_full_event,1,0,0.000468,0.00043719887450275,4.3719887450275
25,12,1,no_new_outage,0,0,0.794545081779867,0,1,1,0,0,0,0,0.934185629279381,full_event_available,bernoulli_full_event,1,0,0.000468,0.00043719887450275,4.3719887450275
25,13,1,no_new_outage,0,0,0.794545081779867,0,1,1,0,0,0,0,0.934185629279381,full_event_available,bernoulli_full_event,1,0,0.000468,0.00043719887450275,4.3719887450275
25,14,1,no_new_outage,0,0,0.794545081779867,0,1,1,0,0,0,0,0.934185629279381,full_event_available,bernoulli_full_event,1,0,0.000468,0.00043719887450275,4.3719887450275
25,15,1,no_new_outage,0,0,0.794545081779867,0,1,1,0,0,0,0,0.934185629279381,full_event_available,bernoulli_full_event,1,0,0.000468,0.00043719887450275,4.3719887450275
25,16,1,no_new_outage,0,0,0.794545081779867,0,1,1,0,0,0,0,0.934185629279381,full_event_available,bernoulli_full_event,1,0,0.000468,0.00043719887450275,4.3719887450275
25,17,1,no_new_outage,0,0,0.794545081779867,0,1,1,0,0,0,0,0.934185629279381,full_event_available,bernoulli_full_event,1,0,0.000468,0.00043719887450275,4.3719887450275
25,18,1,no_new_outage,0,0,0.794545081779867,0,1,1,0,0,0,0,0.934185629279381,full_event_available,bernoulli_full_event,1,0,0.000468,0.00043719887450275,4.3719887450275
25,19,1,no_new_outage,0,0,0.794545081779867,0,1,1,0,0,0,0,0.934185629279381,full_event_available,bernoulli_full_event,1,0,0.000468,0.00043719887450275,4.3719887450275
25,20,1,no_new_outage,0,0,0.794545081779867,0,1,1,0,0,0,0,0.934185629279381,full_event_available,bernoulli_full_event,1,0,0.000468,0.00043719887450275,4.3719887450275
26,1,1,no_new_outage,0,0,0.831693904937114,0,1,1,0,0,0,0,0.93403438132138,full_event_available,bernoulli_full_event,1,0,0.000306,0.000285814520684342,2.85814520684342
26,2,1,no_new_outage,0,0,0.831693904937114,0,1,1,0,0,0,0,0.93403438132138,full_event_available,bernoulli_full_event,1,0,0.000306,0.000285814520684342,2.85814520684342
26,3,1,no_new_outage,0,0,0.831693904937114,0,1,1,0,0,0,0,0.93403438132138,full_event_available,bernoulli_full_event,1,0,0.000306,0.000285814520684342,2.85814520684342
26,4,1,no_new_outage,0,0,0.831693904937114,0,1,1,0,0,0,0,0.93403438132138,full_event_available,bernoulli_full_event,1,0,0.000306,0.000285814520684342,2.85814520684342
26,5,1,no_new_outage,0,0,0.831693904937114,0,1,1,0,0,0,0,0.93403438132138,full_event_available,bernoulli_full_event,1,0,0.000306,0.000285814520684342,2.85814520684342
26,6,1,no_new_outage,0,0,0.831693904937114,0,1,1,0,0,0,0,0.93403438132138,full_event_available,bernoulli_full_event,1,0,0.000306,0.000285814520684342,2.85814520684342
26,7,1,no_new_outage,0,0,0.831693904937114,0,1,1,0,0,0,0,0.93403438132138,full_event_available,bernoulli_full_event,1,0,0.000306,0.000285814520684342,2.85814520684342
26,8,1,no_new_outage,0,0,0.831693904937114,0,1,1,0,0,0,0,0.93403438132138,full_event_available,bernoulli_full_event,1,0,0.000306,0.000285814520684342,2.85814520684342
26,9,4,load_loss_threshold,3400.05,0.543640064404411,1.8416027947799,0,10,0,1,1,1,1,0.000211429928457084,full_event_available,bernoulli_full_event,4,0,0.000306,6.46975581078677e-08,0.000646975581078677
26,10,1,no_new_outage,0,0,0.831693904937114,0,1,1,0,0,0,0,0.93403438132138,full_event_available,bernoulli_full_event,1,0,0.000306,0.000285814520684342,2.85814520684342
26,11,1,no_new_outage,0,0,0.831693904937114,0,1,1,0,0,0,0,0.93403438132138,full_event_available,bernoulli_full_event,1,0,0.000306,0.000285814520684342,2.85814520684342
26,12,1,no_new_outage,0,0,0.831693904937114,0,1,1,0,0,0,0,0.93403438132138,full_event_available,bernoulli_full_event,1,0,0.000306,0.000285814520684342,2.85814520684342
26,13,1,no_new_outage,0,0,0.831693904937114,0,1,1,0,0,0,0,0.93403438132138,full_event_available,bernoulli_full_event,1,0,0.000306,0.000285814520684342,2.85814520684342
26,14,1,no_new_outage,0,0,0.831693904937114,0,1,1,0,0,0,0,0.93403438132138,full_event_available,bernoulli_full_event,1,0,0.000306,0.000285814520684342,2.85814520684342
26,15,1,no_new_outage,0,0,0.831693904937114,0,1,1,0,0,0,0,0.93403438132138,full_event_available,bernoulli_full_event,1,0,0.000306,0.000285814520684342,2.85814520684342
26,16,1,no_new_outage,0,0,0.831693904937114,0,1,1,0,0,0,0,0.93403438132138,full_event_available,bernoulli_full_event,1,0,0.000306,0.000285814520684342,2.85814520684342
26,17,1,no_new_outage,0,0,0.831693904937114,0,1,1,0,0,0,0,0.93403438132138,full_event_available,bernoulli_full_event,1,0,0.000306,0.000285814520684342,2.85814520684342
26,18,1,no_new_outage,0,0,0.831693904937114,0,1,1,0,0,0,0,0.93403438132138,full_event_available,bernoulli_full_event,1,0,0.000306,0.000285814520684342,2.85814520684342
26,19,1,no_new_outage,0,0,0.831693904937114,0,1,1,0,0,0,0,0.93403438132138,full_event_available,bernoulli_full_event,1,0,0.000306,0.000285814520684342,2.85814520684342
26,20,1,no_new_outage,0,0,0.831693904937114,0,1,1,0,0,0,0,0.93403438132138,full_event_available,bernoulli_full_event,1,0,0.000306,0.000285814520684342,2.85814520684342
27,1,1,no_new_outage,680,0.10872641396303,0.883069510404634,0,1,1,0.10872641396303,0,0,0.0652358483778179,0.937373583523531,full_event_available,bernoulli_full_event,1,0,1.1e-05,1.03111094187588e-05,0.103111094187588
27,2,1,no_new_outage,680,0.10872641396303,0.883069510404634,0,1,1,0.10872641396303,0,0,0.0652358483778179,0.937373583523531,full_event_available,bernoulli_full_event,1,0,1.1e-05,1.03111094187588e-05,0.103111094187588
27,3,1,no_new_outage,680,0.10872641396303,0.883069510404634,0,1,1,0.10872641396303,0,0,0.0652358483778179,0.937373583523531,full_event_available,bernoulli_full_event,1,0,1.1e-05,1.03111094187588e-05,0.103111094187588
27,4,5,max_depth_reached,4379.785,0.700291642616277,1.70615487909841,0.047471253180714,14,1,0.700291642616277,0,0,0.420174985569766,0.00137100040730258,full_event_available,bernoulli_full_event,5,0,1.1e-05,1.50810044803284e-08,0.000150810044803284
27,5,1,no_new_outage,680,0.10872641396303,0.883069510404634,0,1,1,0.10872641396303,0,0,0.0652358483778179,0.937373583523531,full_event_available,bernoulli_full_event,1,0,1.1e-05,1.03111094187588e-05,0.103111094187588
27,6,1,no_new_outage,680,0.10872641396303,0.883069510404634,0,1,1,0.10872641396303,0,0,0.0652358483778179,0.937373583523531,full_event_available,bernoulli_full_event,1,0,1.1e-05,1.03111094187588e-05,0.103111094187588
27,7,1,no_new_outage,680,0.10872641396303,0.883069510404634,0,1,1,0.10872641396303,0,0,0.0652358483778179,0.937373583523531,full_event_available,bernoulli_full_event,1,0,1.1e-05,1.03111094187588e-05,0.103111094187588
27,8,1,no_new_outage,680,0.10872641396303,0.883069510404634,0,1,1,0.10872641396303,0,0,0.0652358483778179,0.937373583523531,full_event_available,bernoulli_full_event,1,0,1.1e-05,1.03111094187588e-05,0.103111094187588
27,9,1,no_new_outage,680,0.10872641396303,0.883069510404634,0,1,1,0.10872641396303,0,0,0.0652358483778179,0.937373583523531,full_event_available,bernoulli_full_event,1,0,1.1e-05,1.03111094187588e-05,0.103111094187588
27,10,1,no_new_outage,680,0.10872641396303,0.883069510404634,0,1,1,0.10872641396303,0,0,0.0652358483778179,0.937373583523531,full_event_available,bernoulli_full_event,1,0,1.1e-05,1.03111094187588e-05,0.103111094187588
27,11,1,no_new_outage,680,0.10872641396303,0.883069510404634,0,1,1,0.10872641396303,0,0,0.0652358483778179,0.937373583523531,full_event_available,bernoulli_full_event,1,0,1.1e-05,1.03111094187588e-05,0.103111094187588
27,12,1,no_new_outage,680,0.10872641396303,0.883069510404634,0,1,1,0.10872641396303,0,0,0.0652358483778179,0.937373583523531,full_event_available,bernoulli_full_event,1,0,1.1e-05,1.03111094187588e-05,0.103111094187588
27,13,1,no_new_outage,680,0.10872641396303,0.883069510404634,0,1,1,0.10872641396303,0,0,0.0652358483778179,0.937373583523531,full_event_available,bernoulli_full_event,1,0,1.1e-05,1.03111094187588e-05,0.103111094187588
27,14,1,no_new_outage,680,0.10872641396303,0.883069510404634,0,1,1,0.10872641396303,0,0,0.0652358483778179,0.937373583523531,full_event_available,bernoulli_full_event,1,0,1.1e-05,1.03111094187588e-05,0.103111094187588
27,15,1,no_new_outage,680,0.10872641396303,0.883069510404634,0,1,1,0.10872641396303,0,0,0.0652358483778179,0.937373583523531,full_event_available,bernoulli_full_event,1,0,1.1e-05,1.03111094187588e-05,0.103111094187588
27,16,1,no_new_outage,680,0.10872641396303,0.883069510404634,0,1,1,0.10872641396303,0,0,0.0652358483778179,0.937373583523531,full_event_available,bernoulli_full_event,1,0,1.1e-05,1.03111094187588e-05,0.103111094187588
27,17,1,no_new_outage,680,0.10872641396303,0.883069510404634,0,1,1,0.10872641396303,0,0,0.0652358483778179,0.937373583523531,full_event_available,bernoulli_full_event,1,0,1.1e-05,1.03111094187588e-05,0.103111094187588
27,18,1,no_new_outage,680,0.10872641396303,0.883069510404634,0,1,1,0.10872641396303,0,0,0.0652358483778179,0.937373583523531,full_event_available,bernoulli_full_event,1,0,1.1e-05,1.03111094187588e-05,0.103111094187588
27,19,1,no_new_outage,680,0.10872641396303,0.883069510404634,0,1,1,0.10872641396303,0,0,0.0652358483778179,0.937373583523531,full_event_available,bernoulli_full_event,1,0,1.1e-05,1.03111094187588e-05,0.103111094187588
27,20,1,no_new_outage,680,0.10872641396303,0.883069510404634,0,1,1,0.10872641396303,0,0,0.0652358483778179,0.937373583523531,full_event_available,bernoulli_full_event,1,0,1.1e-05,1.03111094187588e-05,0.103111094187588
28,1,4,load_loss_threshold,4104.46,0.656269436845143,2.68106948916829,0.0445836471990985,13,0,1,1,1,1,0.413053732460745,full_event_available,bernoulli_full_event,4,0,0.000473,0.000195374415453932,1.95374415453932
28,2,4,load_loss_threshold,4104.46,0.656269436845143,2.68106948916829,0.0445836471990985,13,0,1,1,1,1,0.413053732460745,full_event_available,bernoulli_full_event,4,0,0.000473,0.000195374415453932,1.95374415453932
28,3,4,load_loss_threshold,1967.98,0.314663835516123,1.78348275979094,0.115527784709678,7,1,0.314663835516123,2.23927517104262,1.50186120122581,0.93702557576336,0.0235413623592724,full_event_available,bernoulli_full_event,4,0,0.000473,1.11350643959358e-05,0.111350643959358
28,4,4,load_loss_threshold,3553.438,0.568165545558766,2.13257325085167,0.0484915294596061,12,1,0.568165545558766,2.83889460460953,0.339440706217243,0.976566389500615,0.0208945375655876,full_event_available,bernoulli_full_event,4,0,0.000473,9.88311626852296e-06,0.0988311626852296
28,5,4,load_loss_threshold,2339.83,0.374119595857524,1.69930553896952,0.229641826874315,14,1,0.374119595857524,0.000510639277933489,1.14820913437157,0.454215712244416,3.16105906370421e-07,full_event_available,bernoulli_full_event,4,0,0.000473,1.49518093713209e-10,1.49518093713209e-06
28,6,4,load_loss_threshold,4104.46,0.656269436845143,2.68106948916829,0.0445836471990985,13,0,1,1,1,1,0.413053732460745,full_event_available,bernoulli_full_event,4,0,0.000473,0.000195374415453932,1.95374415453932
28,7,4,load_loss_threshold,1967.98,0.314663835516123,1.78593492184462,0.115527784709678,8,1,0.314663835516123,2.23927517104262,1.50186120122581,0.93702557576336,0.1063860773636,full_event_available,bernoulli_full_event,4,0,0.000473,5.03206145929827e-05,0.503206145929827
28,8,4,load_loss_threshold,3553.438,0.568165545558766,2.13257325085167,0.15229747991509,13,1,0.568165545558766,3.7191318265764,1.37067731923581,1.3588611564977,0.0182674081311932,full_event_available,bernoulli_full_event,4,0,0.000473,8.64048404605436e-06,0.0864048404605436
28,9,4,load_loss_threshold,3628.46,0.580160947071022,2.68106948916829,0.105680685736178,11,1,0.580160947071022,3.06884323367152,0.634084114417068,1.08868203786033,0.00324100680740287,full_event_available,bernoulli_full_event,4,0,0.000473,1.53299621990156e-06,0.0153299621990156
28,10,4,load_loss_threshold,4104.46,0.656269436845143,2.68106948916829,0.0445836471990985,13,0,1,1,1,1,0.413053732460745,full_event_available,bernoulli_full_event,4,0,0.000473,0.000195374415453932,1.95374415453932
28,11,4,load_loss_threshold,1967.98,0.314663835516123,1.78593492184462,0.115527784709678,8,1,0.314663835516123,2.23927517104262,1.50186120122581,0.93702557576336,0.1063860773636,full_event_available,bernoulli_full_event,4,0,0.000473,5.03206145929827e-05,0.503206145929827
28,12,4,load_loss_threshold,3553.438,0.568165545558766,2.13257325085167,0.15229747991509,13,1,0.568165545558766,3.7191318265764,1.37067731923581,1.3588611564977,0.0182674081311932,full_event_available,bernoulli_full_event,4,0,0.000473,8.64048404605436e-06,0.0864048404605436
28,13,4,load_loss_threshold,1967.98,0.314663835516123,1.78593492184462,0.115527784709678,8,1,0.314663835516123,2.23927517104262,1.50186120122581,0.93702557576336,0.1063860773636,full_event_available,bernoulli_full_event,4,0,0.000473,5.03206145929827e-05,0.503206145929827
28,14,3,load_loss_threshold,3785.26,0.605231978996615,1.08350524956208,0,8,0,1,1,1,1,0.00119600712210203,full_event_available,bernoulli_full_event,3,0,0.000473,5.65711368754261e-07,0.00565711368754261
28,15,4,load_loss_threshold,4104.46,0.656269436845143,2.68106948916829,0.0445836471990985,13,0,1,1,1,1,0.413053732460745,full_event_available,bernoulli_full_event,4,0,0.000473,0.000195374415453932,1.95374415453932
28,16,4,load_loss_threshold,3553.438,0.568165545558766,2.13257325085167,0.0484915294596061,12,1,0.568165545558766,2.83889460460953,0.339440706217243,0.976566389500615,0.0208945375655876,full_event_available,bernoulli_full_event,4,0,0.000473,9.88311626852296e-06,0.0988311626852296
28,17,4,load_loss_threshold,3553.438,0.568165545558766,2.13257325085167,0.0484915294596061,13,1,0.568165545558766,2.83889460460953,0.339440706217243,0.976566389500615,0.0127504701170216,full_event_available,bernoulli_full_event,4,0,0.000473,6.03097236535123e-06,0.0603097236535123
28,18,4,load_loss_threshold,4104.46,0.656269436845143,2.68106948916829,0.0445836471990985,13,0,1,1,1,1,0.413053732460745,full_event_available,bernoulli_full_event,4,0,0.000473,0.000195374415453932,1.95374415453932
28,19,4,load_loss_threshold,4104.46,0.656269436845143,2.68106948916829,0.0445836471990985,12,0,1,1,1,1,0.0914015050717095,full_event_available,bernoulli_full_event,4,0,0.000473,4.32329118989186e-05,0.432329118989186
28,20,4,load_loss_threshold,3553.438,0.568165545558766,2.13257325085167,0.15229747991509,13,1,0.568165545558766,3.7191318265764,1.37067731923581,1.3588611564977,0.0182674081311932,full_event_available,bernoulli_full_event,4,0,0.000473,8.64048404605436e-06,0.0864048404605436
29,1,1,no_new_outage,0,0,0.79686015995082,0,1,1,0,0,0,0,0.934308904577628,full_event_available,bernoulli_full_event,1,0,0.0006,0.000560585342746577,5.60585342746577
29,2,1,no_new_outage,0,0,0.79686015995082,0,1,1,0,0,0,0,0.934308904577628,full_event_available,bernoulli_full_event,1,0,0.0006,0.000560585342746577,5.60585342746577
29,3,2,no_new_outage,206,0.0329377077593884,0.80373144209028,0,3,1,0.0329377077593884,0,0,0.0197626246556331,2.14461658189062e-06,full_event_available,bernoulli_full_event,2,0,0.0006,1.28676994913437e-09,1.28676994913437e-05
29,4,1,no_new_outage,0,0,0.79686015995082,0,1,1,0,0,0,0,0.934308904577628,full_event_available,bernoulli_full_event,1,0,0.0006,0.000560585342746577,5.60585342746577
29,5,1,no_new_outage,0,0,0.79686015995082,0,1,1,0,0,0,0,0.934308904577628,full_event_available,bernoulli_full_event,1,0,0.0006,0.000560585342746577,5.60585342746577
29,6,1,no_new_outage,0,0,0.79686015995082,0,1,1,0,0,0,0,0.934308904577628,full_event_available,bernoulli_full_event,1,0,0.0006,0.000560585342746577,5.60585342746577
29,7,3,no_new_outage,830.1,0.132726170927516,1.0872341003911,0,4,1,0.132726170927516,0,0,0.0796357025565098,0.00122214496837605,full_event_available,bernoulli_full_event,3,0,0.0006,7.33286981025631e-07,0.00733286981025631
29,8,1,no_new_outage,0,0,0.79686015995082,0,1,1,0,0,0,0,0.934308904577628,full_event_available,bernoulli_full_event,1,0,0.0006,0.000560585342746577,5.60585342746577
29,9,1,no_new_outage,0,0,0.79686015995082,0,1,1,0,0,0,0,0.934308904577628,full_event_available,bernoulli_full_event,1,0,0.0006,0.000560585342746577,5.60585342746577
29,10,1,no_new_outage,0,0,0.79686015995082,0,1,1,0,0,0,0,0.934308904577628,full_event_available,bernoulli_full_event,1,0,0.0006,0.000560585342746577,5.60585342746577
29,11,1,no_new_outage,0,0,0.79686015995082,0,1,1,0,0,0,0,0.934308904577628,full_event_available,bernoulli_full_event,1,0,0.0006,0.000560585342746577,5.60585342746577
29,12,1,no_new_outage,0,0,0.79686015995082,0,1,1,0,0,0,0,0.934308904577628,full_event_available,bernoulli_full_event,1,0,0.0006,0.000560585342746577,5.60585342746577
29,13,1,no_new_outage,0,0,0.79686015995082,0,1,1,0,0,0,0,0.934308904577628,full_event_available,bernoulli_full_event,1,0,0.0006,0.000560585342746577,5.60585342746577
29,14,1,no_new_outage,0,0,0.79686015995082,0,1,1,0,0,0,0,0.934308904577628,full_event_available,bernoulli_full_event,1,0,0.0006,0.000560585342746577,5.60585342746577
29,15,1,no_new_outage,0,0,0.79686015995082,0,1,1,0,0,0,0,0.934308904577628,full_event_available,bernoulli_full_event,1,0,0.0006,0.000560585342746577,5.60585342746577
29,16,2,no_new_outage,830.1,0.132726170927516,0.802938129286594,0,2,1,0.132726170927516,0,0,0.0796357025565098,0.00138667906342195,full_event_available,bernoulli_full_event,2,0,0.0006,8.32007438053169e-07,0.00832007438053169
29,17,1,no_new_outage,0,0,0.79686015995082,0,1,1,0,0,0,0,0.934308904577628,full_event_available,bernoulli_full_event,1,0,0.0006,0.000560585342746577,5.60585342746577
29,18,1,no_new_outage,0,0,0.79686015995082,0,1,1,0,0,0,0,0.934308904577628,full_event_available,bernoulli_full_event,1,0,0.0006,0.000560585342746577,5.60585342746577
29,19,1,no_new_outage,0,0,0.79686015995082,0,1,1,0,0,0,0,0.934308904577628,full_event_available,bernoulli_full_event,1,0,0.0006,0.000560585342746577,5.60585342746577
29,20,1,no_new_outage,0,0,0.79686015995082,0,1,1,0,0,0,0,0.934308904577628,full_event_available,bernoulli_full_event,1,0,0.0006,0.000560585342746577,5.60585342746577
30,1,1,no_new_outage,0,0,0.809209568230122,0,1,1,0,0,0,0,0.934355608262743,full_event_available,bernoulli_full_event,1,0,0.00065,0.000607331145370783,6.07331145370783
30,2,1,no_new_outage,0,0,0.809209568230122,0,1,1,0,0,0,0,0.934355608262743,full_event_available,bernoulli_full_event,1,0,0.00065,0.000607331145370783,6.07331145370783
30,3,1,no_new_outage,0,0,0.809209568230122,0,1,1,0,0,0,0,0.934355608262743,full_event_available,bernoulli_full_event,1,0,0.00065,0.000607331145370783,6.07331145370783
30,4,1,no_new_outage,0,0,0.809209568230122,0,1,1,0,0,0,0,0.934355608262743,full_event_available,bernoulli_full_event,1,0,0.00065,0.000607331145370783,6.07331145370783
30,5,1,no_new_outage,0,0,0.809209568230122,0,1,1,0,0,0,0,0.934355608262743,full_event_available,bernoulli_full_event,1,0,0.00065,0.000607331145370783,6.07331145370783
30,6,1,no_new_outage,0,0,0.809209568230122,0,1,1,0,0,0,0,0.934355608262743,full_event_available,bernoulli_full_event,1,0,0.00065,0.000607331145370783,6.07331145370783
30,7,1,no_new_outage,0,0,0.809209568230122,0,1,1,0,0,0,0,0.934355608262743,full_event_available,bernoulli_full_event,1,0,0.00065,0.000607331145370783,6.07331145370783
30,8,1,no_new_outage,0,0,0.809209568230122,0,1,1,0,0,0,0,0.934355608262743,full_event_available,bernoulli_full_event,1,0,0.00065,0.000607331145370783,6.07331145370783
30,9,1,no_new_outage,0,0,0.809209568230122,0,1,1,0,0,0,0,0.934355608262743,full_event_available,bernoulli_full_event,1,0,0.00065,0.000607331145370783,6.07331145370783
30,10,1,no_new_outage,0,0,0.809209568230122,0,1,1,0,0,0,0,0.934355608262743,full_event_available,bernoulli_full_event,1,0,0.00065,0.000607331145370783,6.07331145370783
30,11,1,no_new_outage,0,0,0.809209568230122,0,1,1,0,0,0,0,0.934355608262743,full_event_available,bernoulli_full_event,1,0,0.00065,0.000607331145370783,6.07331145370783
30,12,1,no_new_outage,0,0,0.809209568230122,0,1,1,0,0,0,0,0.934355608262743,full_event_available,bernoulli_full_event,1,0,0.00065,0.000607331145370783,6.07331145370783
30,13,1,no_new_outage,0,0,0.809209568230122,0,1,1,0,0,0,0,0.934355608262743,full_event_available,bernoulli_full_event,1,0,0.00065,0.000607331145370783,6.07331145370783
30,14,1,no_new_outage,0,0,0.809209568230122,0,1,1,0,0,0,0,0.934355608262743,full_event_available,bernoulli_full_event,1,0,0.00065,0.000607331145370783,6.07331145370783
30,15,1,no_new_outage,0,0,0.809209568230122,0,1,1,0,0,0,0,0.934355608262743,full_event_available,bernoulli_full_event,1,0,0.00065,0.000607331145370783,6.07331145370783
30,16,1,no_new_outage,0,0,0.809209568230122,0,1,1,0,0,0,0,0.934355608262743,full_event_available,bernoulli_full_event,1,0,0.00065,0.000607331145370783,6.07331145370783
30,17,1,no_new_outage,0,0,0.809209568230122,0,1,1,0,0,0,0,0.934355608262743,full_event_available,bernoulli_full_event,1,0,0.00065,0.000607331145370783,6.07331145370783
30,18,1,no_new_outage,0,0,0.809209568230122,0,1,1,0,0,0,0,0.934355608262743,full_event_available,bernoulli_full_event,1,0,0.00065,0.000607331145370783,6.07331145370783
30,19,1,no_new_outage,0,0,0.809209568230122,0,1,1,0,0,0,0,0.934355608262743,full_event_available,bernoulli_full_event,1,0,0.00065,0.000607331145370783,6.07331145370783
30,20,2,no_new_outage,0,0,0.809209568230122,0,2,1,0,0,0,0,0.00156183635011514,full_event_available,bernoulli_full_event,2,0,0.00065,1.01519362757484e-06,0.0101519362757484
31,1,1,no_new_outage,0,0,0.793548131083996,0,1,1,0,0,0,0,0.934292092393927,full_event_available,bernoulli_full_event,1,0,0.000582,0.000543757997773266,5.43757997773266
31,2,4,no_new_outage,1133.5,0.181237338569256,1.34343426291918,0,4,1,0.181237338569256,0,0,0.108742403141554,0.000398659692066144,full_event_available,bernoulli_full_event,4,0,0.000582,2.32019940782496e-07,0.00232019940782496
31,3,1,no_new_outage,0,0,0.793548131083996,0,1,1,0,0,0,0,0.934292092393927,full_event_available,bernoulli_full_event,1,0,0.000582,0.000543757997773266,5.43757997773266
31,4,1,no_new_outage,0,0,0.793548131083996,0,1,1,0,0,0,0,0.934292092393927,full_event_available,bernoulli_full_event,1,0,0.000582,0.000543757997773266,5.43757997773266
31,5,1,no_new_outage,0,0,0.793548131083996,0,1,1,0,0,0,0,0.934292092393927,full_event_available,bernoulli_full_event,1,0,0.000582,0.000543757997773266,5.43757997773266
31,6,1,no_new_outage,0,0,0.793548131083996,0,1,1,0,0,0,0,0.934292092393927,full_event_available,bernoulli_full_event,1,0,0.000582,0.000543757997773266,5.43757997773266
31,7,1,no_new_outage,0,0,0.793548131083996,0,1,1,0,0,0,0,0.934292092393927,full_event_available,bernoulli_full_event,1,0,0.000582,0.000543757997773266,5.43757997773266
31,8,1,no_new_outage,0,0,0.793548131083996,0,1,1,0,0,0,0,0.934292092393927,full_event_available,bernoulli_full_event,1,0,0.000582,0.000543757997773266,5.43757997773266
31,9,1,no_new_outage,0,0,0.793548131083996,0,1,1,0,0,0,0,0.934292092393927,full_event_available,bernoulli_full_event,1,0,0.000582,0.000543757997773266,5.43757997773266
31,10,1,no_new_outage,0,0,0.793548131083996,0,1,1,0,0,0,0,0.934292092393927,full_event_available,bernoulli_full_event,1,0,0.000582,0.000543757997773266,5.43757997773266
31,11,1,no_new_outage,0,0,0.793548131083996,0,1,1,0,0,0,0,0.934292092393927,full_event_available,bernoulli_full_event,1,0,0.000582,0.000543757997773266,5.43757997773266
31,12,1,no_new_outage,0,0,0.793548131083996,0,1,1,0,0,0,0,0.934292092393927,full_event_available,bernoulli_full_event,1,0,0.000582,0.000543757997773266,5.43757997773266
31,13,1,no_new_outage,0,0,0.793548131083996,0,1,1,0,0,0,0,0.934292092393927,full_event_available,bernoulli_full_event,1,0,0.000582,0.000543757997773266,5.43757997773266
31,14,1,no_new_outage,0,0,0.793548131083996,0,1,1,0,0,0,0,0.934292092393927,full_event_available,bernoulli_full_event,1,0,0.000582,0.000543757997773266,5.43757997773266
31,15,1,no_new_outage,0,0,0.793548131083996,0,1,1,0,0,0,0,0.934292092393927,full_event_available,bernoulli_full_event,1,0,0.000582,0.000543757997773266,5.43757997773266
31,16,1,no_new_outage,0,0,0.793548131083996,0,1,1,0,0,0,0,0.934292092393927,full_event_available,bernoulli_full_event,1,0,0.000582,0.000543757997773266,5.43757997773266
31,17,1,no_new_outage,0,0,0.793548131083996,0,1,1,0,0,0,0,0.934292092393927,full_event_available,bernoulli_full_event,1,0,0.000582,0.000543757997773266,5.43757997773266
31,18,1,no_new_outage,0,0,0.793548131083996,0,1,1,0,0,0,0,0.934292092393927,full_event_available,bernoulli_full_event,1,0,0.000582,0.000543757997773266,5.43757997773266
31,19,1,no_new_outage,0,0,0.793548131083996,0,1,1,0,0,0,0,0.934292092393927,full_event_available,bernoulli_full_event,1,0,0.000582,0.000543757997773266,5.43757997773266
31,20,1,no_new_outage,0,0,0.793548131083996,0,1,1,0,0,0,0,0.934292092393927,full_event_available,bernoulli_full_event,1,0,0.000582,0.000543757997773266,5.43757997773266
32,1,2,no_new_outage,680,0.10872641396303,1.02210314365898,0,2,1,0.10872641396303,0,0,0.0652358483778179,0.877681654779003,full_event_available,bernoulli_full_event,2,0,0.000515,0.000452006052211186,4.52006052211186
32,2,2,no_new_outage,680,0.10872641396303,1.02210314365898,0,2,1,0.10872641396303,0,0,0.0652358483778179,0.877681654779003,full_event_available,bernoulli_full_event,2,0,0.000515,0.000452006052211186,4.52006052211186
32,3,2,no_new_outage,680,0.10872641396303,1.02210314365898,0,2,1,0.10872641396303,0,0,0.0652358483778179,0.877681654779003,full_event_available,bernoulli_full_event,2,0,0.000515,0.000452006052211186,4.52006052211186
32,4,2,no_new_outage,680,0.10872641396303,1.02210314365898,0,2,1,0.10872641396303,0,0,0.0652358483778179,0.877681654779003,full_event_available,bernoulli_full_event,2,0,0.000515,0.000452006052211186,4.52006052211186
32,5,2,no_new_outage,680,0.10872641396303,1.02210314365898,0,2,1,0.10872641396303,0,0,0.0652358483778179,0.877681654779003,full_event_available,bernoulli_full_event,2,0,0.000515,0.000452006052211186,4.52006052211186
32,6,2,no_new_outage,680,0.10872641396303,1.02210314365898,0,2,1,0.10872641396303,0,0,0.0652358483778179,0.877681654779003,full_event_available,bernoulli_full_event,2,0,0.000515,0.000452006052211186,4.52006052211186
32,7,2,no_new_outage,680,0.10872641396303,1.02210314365898,0,2,1,0.10872641396303,0,0,0.0652358483778179,0.877681654779003,full_event_available,bernoulli_full_event,2,0,0.000515,0.000452006052211186,4.52006052211186
32,8,2,no_new_outage,680,0.10872641396303,1.02210314365898,0,2,1,0.10872641396303,0,0,0.0652358483778179,0.877681654779003,full_event_available,bernoulli_full_event,2,0,0.000515,0.000452006052211186,4.52006052211186
32,9,2,no_new_outage,680,0.10872641396303,1.02210314365898,0,2,1,0.10872641396303,0,0,0.0652358483778179,0.877681654779003,full_event_available,bernoulli_full_event,2,0,0.000515,0.000452006052211186,4.52006052211186
32,10,2,no_new_outage,680,0.10872641396303,1.02210314365898,0,2,1,0.10872641396303,0,0,0.0652358483778179,0.877681654779003,full_event_available,bernoulli_full_event,2,0,0.000515,0.000452006052211186,4.52006052211186
32,11,4,load_loss_threshold,4826.5105,0.771719380323397,2.79251227278614,0.145469091974163,18,1,0.771719380323397,0,0.581876367896651,0.579406901773368,0.000443452982923317,full_event_available,bernoulli_full_event,4,0,0.000515,2.28378286205508e-07,0.00228378286205508
32,12,2,no_new_outage,680,0.10872641396303,1.02210314365898,0,2,1,0.10872641396303,0,0,0.0652358483778179,0.877681654779003,full_event_available,bernoulli_full_event,2,0,0.000515,0.000452006052211186,4.52006052211186
32,13,2,no_new_outage,680,0.10872641396303,1.02210314365898,0,2,1,0.10872641396303,0,0,0.0652358483778179,0.877681654779003,full_event_available,bernoulli_full_event,2,0,0.000515,0.000452006052211186,4.52006052211186
32,14,2,no_new_outage,680,0.10872641396303,1.02210314365898,0,2,1,0.10872641396303,0,0,0.0652358483778179,0.877681654779003,full_event_available,bernoulli_full_event,2,0,0.000515,0.000452006052211186,4.52006052211186
32,15,2,no_new_outage,680,0.10872641396303,1.02210314365898,0,2,1,0.10872641396303,0,0,0.0652358483778179,0.877681654779003,full_event_available,bernoulli_full_event,2,0,0.000515,0.000452006052211186,4.52006052211186
32,16,2,no_new_outage,680,0.10872641396303,1.02210314365898,0,2,1,0.10872641396303,0,0,0.0652358483778179,0.877681654779003,full_event_available,bernoulli_full_event,2,0,0.000515,0.000452006052211186,4.52006052211186
32,17,2,no_new_outage,680,0.10872641396303,1.02210314365898,0,2,1,0.10872641396303,0,0,0.0652358483778179,0.877681654779003,full_event_available,bernoulli_full_event,2,0,0.000515,0.000452006052211186,4.52006052211186
32,18,2,no_new_outage,680,0.10872641396303,1.02210314365898,0,2,1,0.10872641396303,0,0,0.0652358483778179,0.877681654779003,full_event_available,bernoulli_full_event,2,0,0.000515,0.000452006052211186,4.52006052211186
32,19,2,no_new_outage,680,0.10872641396303,1.02210314365898,0,2,1,0.10872641396303,0,0,0.0652358483778179,0.877681654779003,full_event_available,bernoulli_full_event,2,0,0.000515,0.000452006052211186,4.52006052211186
32,20,2,no_new_outage,680,0.10872641396303,1.02210314365898,0,2,1,0.10872641396303,0,0,0.0652358483778179,0.877681654779003,full_event_available,bernoulli_full_event,2,0,0.000515,0.000452006052211186,4.52006052211186
33,1,3,load_loss_threshold,1888.68,0.30198441694661,1.75665282752918,0.123266664468057,8,1,0.30198441694661,1.37568206905309,0.986133315744453,0.653553727127475,0.000171184768390001,full_event_available,bernoulli_full_event,3,0,2.5e-05,4.27961920975003e-09,4.27961920975003e-05
33,2,4,load_loss_threshold,3521.829,0.563111526119123,1.70553297451145,0.0756681337299084,10,0,1,1,1,1,0.024922936916883,full_event_available,bernoulli_full_event,4,0,2.5e-05,6.23073422922074e-07,0.00623073422922074
33,3,4,load_loss_threshold,4073.086,0.651252991975031,1.75665282752918,0.138682866469139,12,0,1,1,1,1,0.0977325576220623,full_event_available,bernoulli_full_event,4,0,2.5e-05,2.44331394055156e-06,0.0244331394055156
33,4,3,load_loss_threshold,2836.15,0.453477086707716,2.60127202383699,0.20399727494696,11,1,0.453477086707716,4.50989075902024,2.24397002441656,1.62285840871199,0.0703471607982555,full_event_available,bernoulli_full_event,3,0,2.5e-05,1.75867901995639e-06,0.0175867901995639
33,5,5,max_depth_reached,4496.334,0.718926870294185,1.86430461829425,0.212404606639503,13,1,0.718926870294185,1.3817984653921,0.815258690098946,0.87076755327472,0.0424054189480631,full_event_available,bernoulli_full_event,5,0,2.5e-05,1.06013547370158e-06,0.0106013547370158
33,6,4,load_loss_threshold,4073.086,0.651252991975031,1.75425016927987,0.138682866469139,11,0,1,1,1,1,0.0708733519206122,full_event_available,bernoulli_full_event,4,0,2.5e-05,1.7718337980153e-06,0.017718337980153
33,7,4,load_loss_threshold,4073.086,0.651252991975031,1.75425016927987,0.138682866469139,11,0,1,1,1,1,0.0708733519206122,full_event_available,bernoulli_full_event,4,0,2.5e-05,1.7718337980153e-06,0.017718337980153
33,8,4,load_loss_threshold,3519.766,0.562781669366173,2.2370705259062,0.212404606639498,12,1,0.562781669366173,3.44086304964873,0.548006888140851,1.13544298917762,9.3512905827271e-05,full_event_available,bernoulli_full_event,4,0,2.5e-05,2.33782264568178e-09,2.33782264568178e-05
33,9,5,max_depth_reached,4496.334,0.718926870294185,1.86430461829425,0.212404606639503,13,1,0.718926870294185,1.3817984653921,0.815258690098946,0.87076755327472,0.0424054189480631,full_event_available,bernoulli_full_event,5,0,2.5e-05,1.06013547370158e-06,0.0106013547370158
33,10,4,load_loss_threshold,4474.3603,0.715413456172862,1.9853365908406,0.110131719208991,13,0,1,1,1,1,0.0002432796104588,full_event_available,bernoulli_full_event,4,0,2.5e-05,6.08199026147e-09,6.08199026147e-05
33,11,4,load_loss_threshold,4606.405,0.736526318987309,1.74522980701021,0.160094231738221,12,1,0.736526318987309,0.341000783038899,0,0.510115948000165,0.00103943428059484,full_event_available,bernoulli_full_event,4,0,2.5e-05,2.5985857014871e-08,0.00025985857014871
33,12,4,load_loss_threshold,4073.086,0.651252991975031,1.75425016927987,0.138682866469139,11,0,1,1,1,1,0.0708733519206122,full_event_available,bernoulli_full_event,4,0,2.5e-05,1.7718337980153e-06,0.017718337980153
33,13,4,load_loss_threshold,4073.086,0.651252991975031,1.75665282752918,0.138682866469139,12,0,1,1,1,1,0.0977325576220623,full_event_available,bernoulli_full_event,4,0,2.5e-05,2.44331394055156e-06,0.0244331394055156
33,14,4,load_loss_threshold,4073.086,0.651252991975031,1.75425016927987,0.138682866469139,12,0,1,1,1,1,0.000119255979802699,full_event_available,bernoulli_full_event,4,0,2.5e-05,2.98139949506748e-09,2.98139949506748e-05
33,15,4,load_loss_threshold,4069.446,0.650670985876759,1.75425016927987,0.138682866469139,10,0,1,1,1,1,0.00633078031850949,full_event_available,bernoulli_full_event,4,0,2.5e-05,1.58269507962737e-07,0.00158269507962737
33,16,4,load_loss_threshold,3711.559,0.59344779453266,2.11081888246062,0.218446187034157,11,1,0.59344779453266,5.55409441230311,2.83980043144404,2.03484764546903,0.000494935477028124,full_event_available,bernoulli_full_event,4,0,2.5e-05,1.23733869257031e-08,0.000123733869257031
33,17,4,load_loss_threshold,4073.086,0.651252991975031,1.75425016927987,0.138682866469139,11,0,1,1,1,1,0.0708733519206122,full_event_available,bernoulli_full_event,4,0,2.5e-05,1.7718337980153e-06,0.017718337980153
33,18,4,load_loss_threshold,4068.3092,0.650489220895298,1.74037062095769,0.17624328577295,11,0,1,1,1,1,0.0345779469696917,full_event_available,bernoulli_full_event,4,0,2.5e-05,8.64448674242291e-07,0.00864448674242291
33,19,3,load_loss_threshold,2836.15,0.453477086707716,2.60127202383699,0.20399727494696,11,1,0.453477086707716,4.50989075902024,2.24397002441656,1.62285840871199,0.0703471607982555,full_event_available,bernoulli_full_event,3,0,2.5e-05,1.75867901995639e-06,0.0175867901995639
33,20,5,max_depth_reached,3742.95,0.598466957563121,1.99830380346967,0.212404606639503,12,1,0.598466957563121,4.99151901734837,1.97869352271723,1.75312268255099,0.0232507297083887,full_event_available,bernoulli_full_event,5,0,2.5e-05,5.81268242709718e-07,0.00581268242709718
34,1,4,load_loss_threshold,3521.829,0.563111526119123,1.663346635766,0.0558359492470112,11,0,1,1,1,1,4.35805549364289e-05,full_event_available,bernoulli_full_event,4,0,2.5e-05,1.08951387341072e-09,1.08951387341072e-05
34,2,5,max_depth_reached,4469.52379,0.714640137954632,1.8334772373429,0.165523147839504,14,1,0.714640137954632,1.59338597224371,1.48970833055554,1.04540294333263,0.00516245595586273,full_event_available,bernoulli_full_event,5,0,2.5e-05,1.29061398896568e-07,0.00129061398896568
34,3,1,no_new_outage,0,0,0.938490148082563,0,1,1,0,0,0,0,0.410010078513529,full_event_available,bernoulli_full_event,1,0,2.5e-05,1.02502519628382e-05,0.102502519628382
34,4,4,load_loss_threshold,3521.829,0.563111526119123,1.66259539341604,0.0537182998037739,10,0,1,1,1,1,0.0286892879460319,full_event_available,bernoulli_full_event,4,0,2.5e-05,7.17232198650796e-07,0.00717232198650796
34,5,5,max_depth_reached,3846.29305,0.614990662319742,1.62937265637652,0.158607241200436,11,1,0.614990662319742,2.51749062550607,1.42597829997843,1.15768818248874,0.0255061409214474,full_event_available,bernoulli_full_event,5,0,2.5e-05,6.37653523036186e-07,0.00637653523036186
34,6,5,max_depth_reached,3719.40675,0.594702585290276,1.81835464045896,0.0963934237841364,13,1,0.594702585290276,4.91012784275377,0.963934237841364,1.53163396729319,0.0462011890455587,full_event_available,bernoulli_full_event,5,0,2.5e-05,1.15502972613897e-06,0.0115502972613897
34,7,5,max_depth_reached,4370.77,0.698850218172341,1.73731358875505,0.218136917965443,13,1,0.698850218172341,1.96859794494064,1.09068458982722,1.03116663785698,0.0422899543959132,full_event_available,bernoulli_full_event,5,0,2.5e-05,1.05724885989783e-06,0.0105724885989783
34,8,5,max_depth_reached,3742.95,0.598466957563121,1.77597596830784,0.212404606639498,12,1,0.598466957563121,3.87987984153918,0.879787532132824,1.31101364927227,0.0357804652939821,full_event_available,bernoulli_full_event,5,0,2.5e-05,8.94511632349552e-07,0.00894511632349552
34,9,5,max_depth_reached,4370.77,0.698850218172341,1.73731358875505,0.218136917965443,13,1,0.698850218172341,1.96859794494064,1.09068458982722,1.03116663785698,0.0422899543959132,full_event_available,bernoulli_full_event,5,0,2.5e-05,1.05724885989783e-06,0.0105724885989783
34,10,1,no_new_outage,0,0,0.938490148082563,0,1,1,0,0,0,0,0.410010078513529,full_event_available,bernoulli_full_event,1,0,2.5e-05,1.02502519628382e-05,0.102502519628382
34,11,1,no_new_outage,0,0,0.938490148082563,0,1,1,0,0,0,0,0.410010078513529,full_event_available,bernoulli_full_event,1,0,2.5e-05,1.02502519628382e-05,0.102502519628382
34,12,1,no_new_outage,0,0,0.938490148082563,0,1,1,0,0,0,0,0.410010078513529,full_event_available,bernoulli_full_event,1,0,2.5e-05,1.02502519628382e-05,0.102502519628382
34,13,5,max_depth_reached,4479.853725,0.716291809703193,1.78829820311395,0.106408243669932,14,1,0.716291809703193,1.29170304664362,0.532041218349659,0.794523938820571,0.0880749057665612,full_event_available,bernoulli_full_event,5,0,2.5e-05,2.20187264416403e-06,0.0220187264416403
34,14,4,load_loss_threshold,4069.446,0.650670985876759,1.71044199140982,0.101627450405564,11,0,1,1,1,1,0.00239974246833431,full_event_available,bernoulli_full_event,4,0,2.5e-05,5.99935617083578e-08,0.000599935617083578
34,15,4,load_loss_threshold,3521.829,0.563111526119123,1.66259539341604,0.0537182998037739,10,0,1,1,1,1,0.0286892879460319,full_event_available,bernoulli_full_event,4,0,2.5e-05,7.17232198650796e-07,0.00717232198650796
34,16,3,load_loss_threshold,2232.709,0.356991827930856,1.42528550716404,0.240544249436938,10,1,0.356991827930856,0,2.16489824493244,0.647174745745003,0.00058643515985264,full_event_available,bernoulli_full_event,3,0,2.5e-05,1.4660878996316e-08,0.00014660878996316
34,17,1,no_new_outage,0,0,0.938490148082563,0,1,1,0,0,0,0,0.410010078513529,full_event_available,bernoulli_full_event,1,0,2.5e-05,1.02502519628382e-05,0.102502519628382
34,18,4,load_loss_threshold,3637.8535,0.581662890555672,2.00412486870532,0.140104972813837,11,1,0.581662890555672,7.02887408093722,1.54115470095221,2.06300349071129,4.22550781636512e-07,full_event_available,bernoulli_full_event,4,0,2.5e-05,1.05637695409128e-11,1.05637695409128e-07
34,19,4,load_loss_threshold,2196.64975,0.35122625007395,1.6186036777362,0.160261567281758,10,1,0.35122625007395,2.47441471094481,1.28209253825406,0.962037199884143,3.35618057867577e-05,full_event_available,bernoulli_full_event,4,0,2.5e-05,8.39045144668941e-10,8.39045144668941e-06
34,20,5,max_depth_reached,3846.29305,0.614990662319742,1.62937265637652,0.158607241200436,11,1,0.614990662319742,2.51749062550607,1.42597829997843,1.15768818248874,0.0255061409214474,full_event_available,bernoulli_full_event,5,0,2.5e-05,6.37653523036186e-07,0.00637653523036186
35,1,4,load_loss_threshold,4341.235,0.694127814295285,2.1138663151702,0,15,0,1,1,1,1,0.017539349717884,full_event_available,bernoulli_full_event,4,0,0.000514,9.01522575499236e-06,0.0901522575499236
35,2,4,load_loss_threshold,1993.93,0.318813027343094,1.78186673763701,0.152924177883212,10,1,0.318813027343094,2.8706262275508,2.14093849036497,1.19360075998901,0.115595068466388,full_event_available,bernoulli_full_event,4,0,0.000514,5.94158651917237e-05,0.594158651917237
35,3,5,max_depth_reached,3454.006,0.552267185568807,1.84048025808662,0.212404606639498,13,0,1,1,1,1,0.085640011369292,full_event_available,bernoulli_full_event,5,0,0.000514,4.40189658438161e-05,0.440189658438161
35,4,4,load_loss_threshold,1993.93,0.318813027343094,1.78186673763701,0.152924177883212,10,1,0.318813027343094,2.8706262275508,2.14093849036497,1.19360075998901,0.115595068466388,full_event_available,bernoulli_full_event,4,0,0.000514,5.94158651917237e-05,0.594158651917237
35,5,4,load_loss_threshold,4128.68,0.66014201588365,2.67297727884469,0.0726079637690449,14,0,1,1,1,1,0.0669239528143315,full_event_available,bernoulli_full_event,4,0,0.000514,3.43989117465664e-05,0.343989117465664
35,6,4,load_loss_threshold,4128.68,0.66014201588365,2.67297727884469,0.0726079637690449,15,0,1,1,1,1,0.164042204525221,full_event_available,bernoulli_full_event,4,0,0.000514,8.43176931259637e-05,0.843176931259637
35,7,4,load_loss_threshold,3766.892,0.602295086685331,2.17751990059761,0.22755554664778,14,1,0.602295086685331,1.07663151890576,1.32623089815368,0.841949535423088,0.000299643460592448,full_event_available,bernoulli_full_event,4,0,0.000514,1.54016738744518e-07,0.00154016738744518
35,8,4,load_loss_threshold,1987.5325,0.317790119647023,1.76428113066086,0.224477734347868,9,1,0.317790119647023,3.81240791911057,4.04059921826163,1.76127549926265,0.0183385283659901,full_event_available,bernoulli_full_event,4,0,0.000514,9.42600358011891e-06,0.0942600358011891
35,9,5,max_depth_reached,5052.63,0.807874030855917,1.7902426421274,0.139335003588218,18,1,0.807874030855917,0,0,0.48472441851355,0.00288488162877972,full_event_available,bernoulli_full_event,5,0,0.000514,1.48282915719277e-06,0.0148282915719277
35,10,4,load_loss_threshold,4128.68,0.66014201588365,2.67297727884469,0.0726079637690449,15,0,1,1,1,1,0.164042204525221,full_event_available,bernoulli_full_event,4,0,0.000514,8.43176931259637e-05,0.843176931259637
35,11,3,load_loss_threshold,2621.979,0.419232903171134,1.55998319561438,0.0662008577856037,14,0,1,1,1,1,0.00089923389232621,full_event_available,bernoulli_full_event,3,0,0.000514,4.62206220655672e-07,0.00462206220655672
35,12,4,load_loss_threshold,1993.93,0.318813027343094,1.78186673763701,0.152924177883212,10,1,0.318813027343094,2.8706262275508,2.14093849036497,1.19360075998901,0.115595068466388,full_event_available,bernoulli_full_event,4,0,0.000514,5.94158651917237e-05,0.594158651917237
35,13,4,load_loss_threshold,4001.11,0.639744620840615,2.10722984188588,0.212404606639498,13,1,0.639744620840615,1.24778613666667,1.06202303319749,0.845808606477202,2.30063593282984e-05,full_event_available,bernoulli_full_event,4,0,0.000514,1.18252686947454e-08,0.000118252686947454
35,14,4,load_loss_threshold,4128.68,0.66014201588365,2.67297727884469,0.0726079637690449,15,0,1,1,1,1,0.164042204525221,full_event_available,bernoulli_full_event,4,0,0.000514,8.43176931259637e-05,0.843176931259637
35,15,4,load_loss_threshold,5205.43,0.83230549564055,2.44327757976998,0.0209501072856411,17,1,0.83230549564055,0,0,0.49938329738433,6.272275317724e-07,full_event_available,bernoulli_full_event,4,0,0.000514,3.22394951331014e-10,3.22394951331014e-06
35,16,4,load_loss_threshold,4128.68,0.66014201588365,2.67297727884469,0.0726079637690449,15,0,1,1,1,1,0.164042204525221,full_event_available,bernoulli_full_event,4,0,0.000514,8.43176931259637e-05,0.843176931259637
35,17,4,load_loss_threshold,2747.979,0.439379268111342,2.08279032152354,0.0140147887834674,11,0,1,1,1,1,0.0201033891999718,full_event_available,bernoulli_full_event,4,0,0.000514,1.03331420487855e-05,0.103331420487855
35,18,4,load_loss_threshold,4341.235,0.694127814295285,2.1138663151702,0,15,0,1,1,1,1,0.017539349717884,full_event_available,bernoulli_full_event,4,0,0.000514,9.01522575499236e-06,0.0901522575499236
35,19,4,load_loss_threshold,4341.235,0.694127814295285,2.1138663151702,0,14,0,1,1,1,1,0.0201141643060656,full_event_available,bernoulli_full_event,4,0,0.000514,1.03386804533177e-05,0.103386804533177
35,20,4,load_loss_threshold,1993.93,0.318813027343094,1.77900024316863,0.152924177883212,9,1,0.318813027343094,2.8706262275508,2.14093849036497,1.19360075998901,0.0488031065472427,full_event_available,bernoulli_full_event,4,0,0.000514,2.50847967652828e-05,0.250847967652828
36,1,1,no_new_outage,0,0,0.791040874203984,0,1,1,0,0,0,0,0.934292092393927,full_event_available,bernoulli_full_event,1,0,0.000582,0.000543757997773266,5.43757997773266
36,2,5,max_depth_reached,4280.972,0.684492255641382,1.80858306053928,0.166165668223062,11,0,1,1,1,1,0.000384640833692683,full_event_available,bernoulli_full_event,5,0,0.000582,2.23860965209142e-07,0.00223860965209142
36,3,1,no_new_outage,0,0,0.791040874203984,0,1,1,0,0,0,0,0.934292092393927,full_event_available,bernoulli_full_event,1,0,0.000582,0.000543757997773266,5.43757997773266
36,4,1,no_new_outage,0,0,0.791040874203984,0,1,1,0,0,0,0,0.934292092393927,full_event_available,bernoulli_full_event,1,0,0.000582,0.000543757997773266,5.43757997773266
36,5,1,no_new_outage,0,0,0.791040874203984,0,1,1,0,0,0,0,0.934292092393927,full_event_available,bernoulli_full_event,1,0,0.000582,0.000543757997773266,5.43757997773266
36,6,1,no_new_outage,0,0,0.791040874203984,0,1,1,0,0,0,0,0.934292092393927,full_event_available,bernoulli_full_event,1,0,0.000582,0.000543757997773266,5.43757997773266
36,7,1,no_new_outage,0,0,0.791040874203984,0,1,1,0,0,0,0,0.934292092393927,full_event_available,bernoulli_full_event,1,0,0.000582,0.000543757997773266,5.43757997773266
36,8,1,no_new_outage,0,0,0.791040874203984,0,1,1,0,0,0,0,0.934292092393927,full_event_available,bernoulli_full_event,1,0,0.000582,0.000543757997773266,5.43757997773266
36,9,2,no_new_outage,0,0,0.794860366076718,0,2,1,0,0,0,0,0.00137131212136368,full_event_available,bernoulli_full_event,2,0,0.000582,7.98103654633664e-07,0.00798103654633664
36,10,1,no_new_outage,0,0,0.791040874203984,0,1,1,0,0,0,0,0.934292092393927,full_event_available,bernoulli_full_event,1,0,0.000582,0.000543757997773266,5.43757997773266
36,11,1,no_new_outage,0,0,0.791040874203984,0,1,1,0,0,0,0,0.934292092393927,full_event_available,bernoulli_full_event,1,0,0.000582,0.000543757997773266,5.43757997773266
36,12,4,load_loss_threshold,3553.3825,0.568156671564685,1.25268037282546,0.154793512908786,7,1,0.568156671564685,0.0137098606603074,0,0.343635975070872,0.000723957918764149,full_event_available,bernoulli_full_event,4,0,0.000582,4.21343508720735e-07,0.00421343508720735
36,13,1,no_new_outage,0,0,0.791040874203984,0,1,1,0,0,0,0,0.934292092393927,full_event_available,bernoulli_full_event,1,0,0.000582,0.000543757997773266,5.43757997773266
36,14,1,no_new_outage,0,0,0.791040874203984,0,1,1,0,0,0,0,0.934292092393927,full_event_available,bernoulli_full_event,1,0,0.000582,0.000543757997773266,5.43757997773266
36,15,1,no_new_outage,0,0,0.791040874203984,0,1,1,0,0,0,0,0.934292092393927,full_event_available,bernoulli_full_event,1,0,0.000582,0.000543757997773266,5.43757997773266
36,16,1,no_new_outage,0,0,0.791040874203984,0,1,1,0,0,0,0,0.934292092393927,full_event_available,bernoulli_full_event,1,0,0.000582,0.000543757997773266,5.43757997773266
36,17,1,no_new_outage,0,0,0.791040874203984,0,1,1,0,0,0,0,0.934292092393927,full_event_available,bernoulli_full_event,1,0,0.000582,0.000543757997773266,5.43757997773266
36,18,1,no_new_outage,0,0,0.791040874203984,0,1,1,0,0,0,0,0.934292092393927,full_event_available,bernoulli_full_event,1,0,0.000582,0.000543757997773266,5.43757997773266
36,19,4,load_loss_threshold,3546.4825,0.567053418246531,1.35432162084432,0.154793512908786,6,1,0.567053418246531,1.41728648337728,0,0.623689347623375,0.00137247220105795,full_event_available,bernoulli_full_event,4,0,0.000582,7.98778821015729e-07,0.00798778821015729
36,20,1,no_new_outage,0,0,0.791040874203984,0,1,1,0,0,0,0,0.934292092393927,full_event_available,bernoulli_full_event,1,0,0.000582,0.000543757997773266,5.43757997773266
37,1,3,load_loss_threshold,3233.884,0.517071486018263,1.99719407673181,0,9,0,1,1,1,1,0.0152105661622081,full_event_available,bernoulli_full_event,3,0,0.000502,7.63570421342847e-06,0.0763570421342847
37,2,3,load_loss_threshold,3233.884,0.517071486018263,1.99719407673181,0,10,0,1,1,1,1,0.0162109708077391,full_event_available,bernoulli_full_event,3,0,0.000502,8.13790734548504e-06,0.0813790734548504
37,3,4,load_loss_threshold,4453.886,0.712139783794328,1.76086846234501,0.141003677769628,13,0,1,1,1,1,0.118488356672177,full_event_available,bernoulli_full_event,4,0,0.000502,5.94811550494328e-05,0.594811550494328
37,4,4,load_loss_threshold,3927.67675,0.628003247402158,2.04739725983028,0.0866656046899569,11,0,1,1,1,1,0.0111646691719829,full_event_available,bernoulli_full_event,4,0,0.000502,5.60466392433539e-06,0.0560466392433539
37,5,3,load_loss_threshold,3739.41,0.597900940643373,2.61326651889464,0.0321602020697346,12,0,1,1,1,1,0.0710707581384807,full_event_available,bernoulli_full_event,3,0,0.000502,3.56775205855173e-05,0.356775205855173
37,6,3,load_loss_threshold,4646.1935,0.742888173284321,3.46114480485752,0.0882169898133973,15,0,1,1,1,1,6.40579974494298e-05,full_event_available,bernoulli_full_event,3,0,0.000502,3.21571147196138e-08,0.000321571147196138
37,7,3,load_loss_threshold,3233.884,0.517071486018263,1.99578095678968,0,11,0,1,1,1,1,3.55402641212786e-05,full_event_available,bernoulli_full_event,3,0,0.000502,1.78412125888819e-08,0.000178412125888819
37,8,3,load_loss_threshold,3990.892,0.638110846579035,1.99749004581179,0.0467359619229272,12,0,1,1,1,1,0.000170000068098706,full_event_available,bernoulli_full_event,3,0,0.000502,8.53400341855502e-08,0.000853400341855502
37,9,4,load_loss_threshold,3927.67675,0.628003247402158,2.04739725983028,0.0866656046899569,11,0,1,1,1,1,0.0111646691719829,full_event_available,bernoulli_full_event,4,0,0.000502,5.60466392433539e-06,0.0560466392433539
37,10,4,load_loss_threshold,5280.934,0.844377964993293,1.99719407673181,0.117749950018249,17,1,0.844377964993293,0,0,0.506626778995976,0.00397162663010989,full_event_available,bernoulli_full_event,4,0,0.000502,1.99375656831517e-06,0.0199375656831517
37,11,4,load_loss_threshold,3997.829,0.639220015893243,1.70994468802195,0.0762779579102215,11,0,1,1,1,1,0.0172397225506997,full_event_available,bernoulli_full_event,4,0,0.000502,8.65434072045125e-06,0.0865434072045125
37,12,3,load_loss_threshold,3739.41,0.597900940643373,2.61326651889464,0.0321602020697346,11,0,1,1,1,1,0.0437606277277297,full_event_available,bernoulli_full_event,3,0,0.000502,2.19678351193203e-05,0.219678351193203
37,13,4,load_loss_threshold,4532.86,0.724767077641852,1.77443488797539,0.0878258578109563,16,0,1,1,1,1,2.30425131816374e-05,full_event_available,bernoulli_full_event,4,0,0.000502,1.15673416171819e-08,0.000115673416171819
37,14,4,load_loss_threshold,3142.59,0.502474325376585,1.82943010463616,0.212404606639498,10,1,0.502474325376585,2.42960354503405,1.90654800491168,1.1687149052151,0.0950428231326432,full_event_available,bernoulli_full_event,4,0,0.000502,4.77114972125869e-05,0.477114972125869
37,15,3,load_loss_threshold,3739.41,0.597900940643373,2.61326651889464,0.0321602020697346,11,0,1,1,1,1,0.0437606277277297,full_event_available,bernoulli_full_event,3,0,0.000502,2.19678351193203e-05,0.219678351193203
37,16,4,load_loss_threshold,4453.886,0.712139783794328,1.76086846234501,0.141003677769628,13,0,1,1,1,1,0.118488356672177,full_event_available,bernoulli_full_event,4,0,0.000502,5.94811550494328e-05,0.594811550494328
37,17,3,load_loss_threshold,1888.68,0.30198441694661,1.75849177078046,0,7,0,1,1,1,1,0.000128549003369846,full_event_available,bernoulli_full_event,3,0,0.000502,6.45315996916628e-08,0.000645315996916628
37,18,4,load_loss_threshold,4336.28915,0.693337013509257,1.90322057683596,0.0732455818355021,9,0,1,1,1,1,2.8961769405187e-05,full_event_available,bernoulli_full_event,4,0,0.000502,1.45388082414039e-08,0.000145388082414039
37,19,3,load_loss_threshold,3739.41,0.597900940643373,2.61326651889464,0.0321602020697346,12,0,1,1,1,1,0.0710707581384807,full_event_available,bernoulli_full_event,3,0,0.000502,3.56775205855173e-05,0.356775205855173
37,20,3,load_loss_threshold,2836.15,0.453477086707716,2.61326651889464,0.216899537447163,10,1,0.453477086707716,5.61742906278606,2.81969398681312,1.95951086194447,0.0225975675693616,full_event_available,bernoulli_full_event,3,0,0.000502,1.13439789198195e-05,0.113439789198195
38,1,4,load_loss_threshold,4104.46,0.656269436845143,2.68106948916829,0.0445836471990985,15,0,1,1,1,1,0.000626564410450744,full_event_available,bernoulli_full_event,4,0,0.000377,2.36214782739931e-07,0.00236214782739931
38,2,4,load_loss_threshold,3323.13,0.53134118828377,2.26509665167449,0.221751718787922,13,1,0.53134118828377,2.53578709618267,0,0.825962132206796,7.65278131374427e-05,full_event_available,bernoulli_full_event,4,0,0.000377,2.88509855528159e-08,0.000288509855528159
38,3,4,load_loss_threshold,4319.437,0.690642493160629,2.13257325085167,0.010494508443281,14,0,1,1,1,1,0.00416255668597951,full_event_available,bernoulli_full_event,4,0,0.000377,1.56928387061428e-06,0.0156928387061428
38,4,4,load_loss_threshold,4104.46,0.656269436845143,2.68106948916829,0.0445836471990985,14,0,1,1,1,1,0.413720638758899,full_event_available,bernoulli_full_event,4,0,0.000377,0.000155972680812105,1.55972680812105
38,5,4,load_loss_threshold,4104.46,0.656269436845143,2.68106948916829,0.0445836471990985,14,0,1,1,1,1,0.413720638758899,full_event_available,bernoulli_full_event,4,0,0.000377,0.000155972680812105,1.55972680812105
38,6,4,load_loss_threshold,1967.98,0.314663835516123,1.78593492184462,0.115527784709678,9,1,0.314663835516123,2.23927517104262,1.50186120122581,0.93702557576336,0.10655784568199,full_event_available,bernoulli_full_event,4,0,0.000377,4.01723078221103e-05,0.401723078221103
38,7,4,load_loss_threshold,4663.471,0.745650703603801,3.25268319646246,0.247754535069949,16,1,0.745650703603801,0,1.23877267534974,0.695144957232229,0.000731944846328508,full_event_available,bernoulli_full_event,4,0,0.000377,2.75943207065848e-07,0.00275943207065848
38,8,4,load_loss_threshold,4104.46,0.656269436845143,2.68106948916829,0.0445836471990985,14,0,1,1,1,1,0.413720638758899,full_event_available,bernoulli_full_event,4,0,0.000377,0.000155972680812105,1.55972680812105
38,9,4,load_loss_threshold,1967.98,0.314663835516123,1.78593492184462,0.115527784709678,9,1,0.314663835516123,2.23927517104262,1.50186120122581,0.93702557576336,0.10655784568199,full_event_available,bernoulli_full_event,4,0,0.000377,4.01723078221103e-05,0.401723078221103
38,10,4,load_loss_threshold,4104.46,0.656269436845143,2.68106948916829,0.0445836471990985,14,0,1,1,1,1,0.413720638758899,full_event_available,bernoulli_full_event,4,0,0.000377,0.000155972680812105,1.55972680812105
38,11,4,load_loss_threshold,4104.46,0.656269436845143,2.68106948916829,0.0445836471990985,14,0,1,1,1,1,0.413720638758899,full_event_available,bernoulli_full_event,4,0,0.000377,0.000155972680812105,1.55972680812105
38,12,4,load_loss_threshold,4104.46,0.656269436845143,2.68106948916829,0.0445836471990985,14,0,1,1,1,1,0.413720638758899,full_event_available,bernoulli_full_event,4,0,0.000377,0.000155972680812105,1.55972680812105
38,13,3,load_loss_threshold,2582.98,0.412997283438569,1.77891521430371,0.127456194457808,15,1,0.412997283438569,3.11566085721486,0.50982477783123,0.972895497072358,3.47570955441136e-05,full_event_available,bernoulli_full_event,3,0,0.000377,1.31034250201308e-08,0.000131034250201308
38,14,4,load_loss_threshold,4104.46,0.656269436845143,2.68106948916829,0.0445836471990985,14,0,1,1,1,1,0.413720638758899,full_event_available,bernoulli_full_event,4,0,0.000377,0.000155972680812105,1.55972680812105
38,15,5,max_depth_reached,3434.63,0.549169122338002,1.88628393569703,0.212404606639498,12,0,1,1,1,1,0.0304512251802957,full_event_available,bernoulli_full_event,5,0,0.000377,1.14801118929715e-05,0.114801118929715
38,16,5,max_depth_reached,3434.63,0.549169122338002,1.88628393569703,0.212404606639498,12,0,1,1,1,1,0.0304512251802957,full_event_available,bernoulli_full_event,5,0,0.000377,1.14801118929715e-05,0.114801118929715
38,17,4,load_loss_threshold,3553.438,0.568165545558766,2.13257325085167,0.0484915294596061,14,1,0.568165545558766,2.83889460460953,0.339440706217243,0.976566389500615,0.0127710567094119,full_event_available,bernoulli_full_event,4,0,0.000377,4.8146883794483e-06,0.048146883794483
38,18,4,load_loss_threshold,4104.46,0.656269436845143,2.68106948916829,0.0445836471990985,14,0,1,1,1,1,0.413720638758899,full_event_available,bernoulli_full_event,4,0,0.000377,0.000155972680812105,1.55972680812105
38,19,4,load_loss_threshold,4104.46,0.656269436845143,2.68106948916829,0.0445836471990985,14,0,1,1,1,1,0.413720638758899,full_event_available,bernoulli_full_event,4,0,0.000377,0.000155972680812105,1.55972680812105
38,20,4,load_loss_threshold,4104.46,0.656269436845143,2.68106948916829,0.0445836471990985,13,0,1,1,1,1,0.0915490796718225,full_event_available,bernoulli_full_event,4,0,0.000377,3.45140030362771e-05,0.345140030362771
39,1,4,load_loss_threshold,4453.886,0.712139783794328,1.71843385582001,0.0963429726123658,13,0,1,1,1,1,0.00757947850480664,full_event_available,bernoulli_full_event,4,0,0.000445,3.37286793463895e-06,0.0337286793463895
39,2,4,load_loss_threshold,2915.212,0.466118451032341,1.91581677282163,0.212404606639498,9,1,0.466118451032341,2.74745031846489,2.76388037725669,1.38193720976372,0.00792174571063667,full_event_available,bernoulli_full_event,4,0,0.000445,3.52517684123332e-06,0.0352517684123332
39,3,4,load_loss_threshold,2920.33,0.466936777189198,1.87279263596809,0.212404606639498,9,1,0.466936777189198,2.61837790790426,1.13029208533939,1.02989606496225,0.102579335250887,full_event_available,bernoulli_full_event,4,0,0.000445,4.56478041866445e-05,0.456478041866445
39,4,1,no_new_outage,0,0,0.950179820394921,0,1,1,0,0,0,0,0.239922993520918,full_event_available,bernoulli_full_event,1,0,0.000445,0.000106765732116808,1.06765732116808
39,5,4,load_loss_threshold,2920.33,0.466936777189198,1.91431466590586,0.212404606639498,10,1,0.466936777189198,4.5715733295293,2.64920613863451,1.72431795994628,0.000169114140152659,full_event_available,bernoulli_full_event,4,0,0.000445,7.52557923679333e-08,0.000752557923679333
39,6,4,load_loss_threshold,2920.33,0.466936777189198,1.87279263596809,0.212404606639498,9,1,0.466936777189198,2.61837790790426,1.13029208533939,1.02989606496225,0.102579335250887,full_event_available,bernoulli_full_event,4,0,0.000445,4.56478041866445e-05,0.456478041866445
39,7,4,load_loss_threshold,4826.5105,0.771719380323397,1.79968455313674,0.156779770334766,18,1,0.771719380323397,0,0.581876367896651,0.579406901773368,0.000141577322344652,full_event_available,bernoulli_full_event,4,0,0.000445,6.300190844337e-08,0.0006300190844337
39,8,4,load_loss_threshold,2920.33,0.466936777189198,1.87279263596809,0.212404606639498,9,1,0.466936777189198,2.61837790790426,1.13029208533939,1.02989606496225,0.102579335250887,full_event_available,bernoulli_full_event,4,0,0.000445,4.56478041866445e-05,0.456478041866445
39,9,4,load_loss_threshold,2920.33,0.466936777189198,1.88138226381497,0.212404606639498,11,1,0.466936777189198,2.6441467914449,1.54385223139677,1.11776187088185,7.80250521790903e-05,full_event_available,bernoulli_full_event,4,0,0.000445,3.47211482196952e-08,0.000347211482196952
39,10,4,load_loss_threshold,2920.33,0.466936777189198,1.87279263596809,0.212404606639498,9,1,0.466936777189198,2.61837790790426,1.13029208533939,1.02989606496225,0.102579335250887,full_event_available,bernoulli_full_event,4,0,0.000445,4.56478041866445e-05,0.456478041866445
39,11,4,load_loss_threshold,2920.33,0.466936777189198,1.87279263596809,0.212404606639498,10,1,0.466936777189198,2.61837790790426,1.13029208533939,1.02989606496225,0.04946022878253,full_event_available,bernoulli_full_event,4,0,0.000445,2.20098018082259e-05,0.220098018082259
39,12,1,no_new_outage,0,0,0.950179820394921,0,1,1,0,0,0,0,0.239922993520918,full_event_available,bernoulli_full_event,1,0,0.000445,0.000106765732116808,1.06765732116808
39,13,4,load_loss_threshold,2920.33,0.466936777189198,1.87279263596809,0.212404606639498,10,1,0.466936777189198,2.61837790790426,1.13029208533939,1.02989606496225,0.04946022878253,full_event_available,bernoulli_full_event,4,0,0.000445,2.20098018082259e-05,0.220098018082259
39,14,4,load_loss_threshold,3082.14815,0.492810170076892,1.87647578263253,0.13537465765482,10,1,0.492810170076892,2.62942734789759,1.89524520716748,1.20062061305915,0.00985018431973313,full_event_available,bernoulli_full_event,4,0,0.000445,4.38333202228124e-06,0.0438333202228124
39,15,4,load_loss_threshold,2920.33,0.466936777189198,1.87279263596809,0.212404606639498,10,1,0.466936777189198,2.61837790790426,1.13029208533939,1.02989606496225,0.04946022878253,full_event_available,bernoulli_full_event,4,0,0.000445,2.20098018082259e-05,0.220098018082259
39,16,4,load_loss_threshold,2920.33,0.466936777189198,1.87279263596809,0.212404606639498,9,1,0.466936777189198,2.61837790790426,1.13029208533939,1.02989606496225,0.102579335250887,full_event_available,bernoulli_full_event,4,0,0.000445,4.56478041866445e-05,0.456478041866445
39,17,4,load_loss_threshold,2920.33,0.466936777189198,1.87279263596809,0.212404606639498,10,1,0.466936777189198,2.61837790790426,1.13029208533939,1.02989606496225,0.04946022878253,full_event_available,bernoulli_full_event,4,0,0.000445,2.20098018082259e-05,0.220098018082259
39,18,4,load_loss_threshold,4449.1092,0.711376012714595,1.70319378424301,0.121858137988071,12,0,1,1,1,1,0.0141240399782784,full_event_available,bernoulli_full_event,4,0,0.000445,6.2851977903339e-06,0.062851977903339
39,19,4,load_loss_threshold,2920.33,0.466936777189198,1.87279263596809,0.212404606639498,10,1,0.466936777189198,2.61837790790426,1.13029208533939,1.02989606496225,0.04946022878253,full_event_available,bernoulli_full_event,4,0,0.000445,2.20098018082259e-05,0.220098018082259
39,20,1,no_new_outage,0,0,0.950179820394921,0,1,1,0,0,0,0,0.239922993520918,full_event_available,bernoulli_full_event,1,0,0.000445,0.000106765732116808,1.06765732116808
40,1,1,no_new_outage,0,0,0.902026592491471,0,1,1,0,0,0,0,0.91529068523668,full_event_available,bernoulli_full_event,1,0,0.00049,0.000448492435765973,4.48492435765973
40,2,1,no_new_outage,0,0,0.902026592491471,0,1,1,0,0,0,0,0.91529068523668,full_event_available,bernoulli_full_event,1,0,0.00049,0.000448492435765973,4.48492435765973
40,3,1,no_new_outage,0,0,0.902026592491471,0,1,1,0,0,0,0,0.91529068523668,full_event_available,bernoulli_full_event,1,0,0.00049,0.000448492435765973,4.48492435765973
40,4,1,no_new_outage,0,0,0.902026592491471,0,1,1,0,0,0,0,0.91529068523668,full_event_available,bernoulli_full_event,1,0,0.00049,0.000448492435765973,4.48492435765973
40,5,1,no_new_outage,0,0,0.902026592491471,0,1,1,0,0,0,0,0.91529068523668,full_event_available,bernoulli_full_event,1,0,0.00049,0.000448492435765973,4.48492435765973
40,6,1,no_new_outage,0,0,0.902026592491471,0,1,1,0,0,0,0,0.91529068523668,full_event_available,bernoulli_full_event,1,0,0.00049,0.000448492435765973,4.48492435765973
40,7,1,no_new_outage,0,0,0.902026592491471,0,1,1,0,0,0,0,0.91529068523668,full_event_available,bernoulli_full_event,1,0,0.00049,0.000448492435765973,4.48492435765973
40,8,1,no_new_outage,0,0,0.902026592491471,0,1,1,0,0,0,0,0.91529068523668,full_event_available,bernoulli_full_event,1,0,0.00049,0.000448492435765973,4.48492435765973
40,9,1,no_new_outage,0,0,0.902026592491471,0,1,1,0,0,0,0,0.91529068523668,full_event_available,bernoulli_full_event,1,0,0.00049,0.000448492435765973,4.48492435765973
40,10,1,no_new_outage,0,0,0.902026592491471,0,1,1,0,0,0,0,0.91529068523668,full_event_available,bernoulli_full_event,1,0,0.00049,0.000448492435765973,4.48492435765973
40,11,1,no_new_outage,0,0,0.902026592491471,0,1,1,0,0,0,0,0.91529068523668,full_event_available,bernoulli_full_event,1,0,0.00049,0.000448492435765973,4.48492435765973
40,12,1,no_new_outage,0,0,0.902026592491471,0,1,1,0,0,0,0,0.91529068523668,full_event_available,bernoulli_full_event,1,0,0.00049,0.000448492435765973,4.48492435765973
40,13,1,no_new_outage,0,0,0.902026592491471,0,1,1,0,0,0,0,0.91529068523668,full_event_available,bernoulli_full_event,1,0,0.00049,0.000448492435765973,4.48492435765973
40,14,1,no_new_outage,0,0,0.902026592491471,0,1,1,0,0,0,0,0.91529068523668,full_event_available,bernoulli_full_event,1,0,0.00049,0.000448492435765973,4.48492435765973
40,15,1,no_new_outage,0,0,0.902026592491471,0,1,1,0,0,0,0,0.91529068523668,full_event_available,bernoulli_full_event,1,0,0.00049,0.000448492435765973,4.48492435765973
40,16,1,no_new_outage,0,0,0.902026592491471,0,1,1,0,0,0,0,0.91529068523668,full_event_available,bernoulli_full_event,1,0,0.00049,0.000448492435765973,4.48492435765973
40,17,1,no_new_outage,0,0,0.902026592491471,0,1,1,0,0,0,0,0.91529068523668,full_event_available,bernoulli_full_event,1,0,0.00049,0.000448492435765973,4.48492435765973
40,18,1,no_new_outage,0,0,0.902026592491471,0,1,1,0,0,0,0,0.91529068523668,full_event_available,bernoulli_full_event,1,0,0.00049,0.000448492435765973,4.48492435765973
40,19,1,no_new_outage,0,0,0.902026592491471,0,1,1,0,0,0,0,0.91529068523668,full_event_available,bernoulli_full_event,1,0,0.00049,0.000448492435765973,4.48492435765973
40,20,1,no_new_outage,0,0,0.902026592491471,0,1,1,0,0,0,0,0.91529068523668,full_event_available,bernoulli_full_event,1,0,0.00049,0.000448492435765973,4.48492435765973
41,1,1,no_new_outage,0,0,0.916674770921461,0,1,1,0,0,0,0,0.778528773055294,full_event_available,bernoulli_full_event,1,0,0.000457,0.000355787649286269,3.55787649286269
41,2,1,no_new_outage,0,0,0.916674770921461,0,1,1,0,0,0,0,0.778528773055294,full_event_available,bernoulli_full_event,1,0,0.000457,0.000355787649286269,3.55787649286269
41,3,1,no_new_outage,0,0,0.916674770921461,0,1,1,0,0,0,0,0.778528773055294,full_event_available,bernoulli_full_event,1,0,0.000457,0.000355787649286269,3.55787649286269
41,4,1,no_new_outage,0,0,0.916674770921461,0,1,1,0,0,0,0,0.778528773055294,full_event_available,bernoulli_full_event,1,0,0.000457,0.000355787649286269,3.55787649286269
41,5,1,no_new_outage,0,0,0.916674770921461,0,1,1,0,0,0,0,0.778528773055294,full_event_available,bernoulli_full_event,1,0,0.000457,0.000355787649286269,3.55787649286269
41,6,1,no_new_outage,0,0,0.916674770921461,0,1,1,0,0,0,0,0.778528773055294,full_event_available,bernoulli_full_event,1,0,0.000457,0.000355787649286269,3.55787649286269
41,7,1,no_new_outage,0,0,0.916674770921461,0,1,1,0,0,0,0,0.778528773055294,full_event_available,bernoulli_full_event,1,0,0.000457,0.000355787649286269,3.55787649286269
41,8,1,no_new_outage,0,0,0.916674770921461,0,1,1,0,0,0,0,0.778528773055294,full_event_available,bernoulli_full_event,1,0,0.000457,0.000355787649286269,3.55787649286269
41,9,1,no_new_outage,0,0,0.916674770921461,0,1,1,0,0,0,0,0.778528773055294,full_event_available,bernoulli_full_event,1,0,0.000457,0.000355787649286269,3.55787649286269
41,10,1,no_new_outage,0,0,0.916674770921461,0,1,1,0,0,0,0,0.778528773055294,full_event_available,bernoulli_full_event,1,0,0.000457,0.000355787649286269,3.55787649286269
41,11,1,no_new_outage,0,0,0.916674770921461,0,1,1,0,0,0,0,0.778528773055294,full_event_available,bernoulli_full_event,1,0,0.000457,0.000355787649286269,3.55787649286269
41,12,1,no_new_outage,0,0,0.916674770921461,0,1,1,0,0,0,0,0.778528773055294,full_event_available,bernoulli_full_event,1,0,0.000457,0.000355787649286269,3.55787649286269
41,13,1,no_new_outage,0,0,0.916674770921461,0,1,1,0,0,0,0,0.778528773055294,full_event_available,bernoulli_full_event,1,0,0.000457,0.000355787649286269,3.55787649286269
41,14,1,no_new_outage,0,0,0.916674770921461,0,1,1,0,0,0,0,0.778528773055294,full_event_available,bernoulli_full_event,1,0,0.000457,0.000355787649286269,3.55787649286269
41,15,1,no_new_outage,0,0,0.916674770921461,0,1,1,0,0,0,0,0.778528773055294,full_event_available,bernoulli_full_event,1,0,0.000457,0.000355787649286269,3.55787649286269
41,16,1,no_new_outage,0,0,0.916674770921461,0,1,1,0,0,0,0,0.778528773055294,full_event_available,bernoulli_full_event,1,0,0.000457,0.000355787649286269,3.55787649286269
41,17,1,no_new_outage,0,0,0.916674770921461,0,1,1,0,0,0,0,0.778528773055294,full_event_available,bernoulli_full_event,1,0,0.000457,0.000355787649286269,3.55787649286269
41,18,1,no_new_outage,0,0,0.916674770921461,0,1,1,0,0,0,0,0.778528773055294,full_event_available,bernoulli_full_event,1,0,0.000457,0.000355787649286269,3.55787649286269
41,19,1,no_new_outage,0,0,0.916674770921461,0,1,1,0,0,0,0,0.778528773055294,full_event_available,bernoulli_full_event,1,0,0.000457,0.000355787649286269,3.55787649286269
41,20,1,no_new_outage,0,0,0.916674770921461,0,1,1,0,0,0,0,0.778528773055294,full_event_available,bernoulli_full_event,1,0,0.000457,0.000355787649286269,3.55787649286269
42,1,3,load_loss_threshold,3176.14,0.507838694771379,1.96737921779696,0.192682338253775,5,1,0.507838694771379,6.77165452457875,1.92682338253775,2.04439879828613,0.0656794336911148,full_event_available,bernoulli_full_event,3,0,0.000603,3.96046985157422e-05,0.396046985157422
42,2,4,load_loss_threshold,4336.16,0.693316363485193,1.97447529187635,0.0431076759878695,12,0,1,1,1,1,0.0812535638946551,full_event_available,bernoulli_full_event,4,0,0.000603,4.8995899028477e-05,0.48995899028477
42,3,4,load_loss_threshold,4336.16,0.693316363485193,1.97447529187635,0.0431076759878695,11,0,1,1,1,1,0.324289164076373,full_event_available,bernoulli_full_event,4,0,0.000603,0.000195546365938053,1.95546365938053
42,4,4,load_loss_threshold,4336.16,0.693316363485193,1.97447529187635,0.0431076759878695,11,0,1,1,1,1,0.324289164076373,full_event_available,bernoulli_full_event,4,0,0.000603,0.000195546365938053,1.95546365938053
42,5,4,load_loss_threshold,4336.16,0.693316363485193,1.97447529187635,0.0431076759878695,12,0,1,1,1,1,0.0812535638946551,full_event_available,bernoulli_full_event,4,0,0.000603,4.8995899028477e-05,0.48995899028477
42,6,4,load_loss_threshold,4336.16,0.693316363485193,1.97447529187635,0.0431076759878695,11,0,1,1,1,1,0.324289164076373,full_event_available,bernoulli_full_event,4,0,0.000603,0.000195546365938053,1.95546365938053
42,7,4,load_loss_threshold,4336.16,0.693316363485193,1.97447529187635,0.0431076759878695,11,0,1,1,1,1,0.324289164076373,full_event_available,bernoulli_full_event,4,0,0.000603,0.000195546365938053,1.95546365938053
42,8,4,load_loss_threshold,4336.16,0.693316363485193,1.97447529187635,0.0431076759878695,11,0,1,1,1,1,0.324289164076373,full_event_available,bernoulli_full_event,4,0,0.000603,0.000195546365938053,1.95546365938053
42,9,4,load_loss_threshold,4336.16,0.693316363485193,1.97447529187635,0.0431076759878695,11,0,1,1,1,1,0.324289164076373,full_event_available,bernoulli_full_event,4,0,0.000603,0.000195546365938053,1.95546365938053
42,10,4,load_loss_threshold,4336.16,0.693316363485193,1.97447529187635,0.0431076759878695,11,0,1,1,1,1,0.324289164076373,full_event_available,bernoulli_full_event,4,0,0.000603,0.000195546365938053,1.95546365938053
42,11,4,load_loss_threshold,4095.13,0.654777646488856,1.97447529187635,0.0431076759878695,12,1,0.654777646488856,0.852088129771571,0,0.563284213847628,5.26437334824942e-05,full_event_available,bernoulli_full_event,4,0,0.000603,3.1744171289944e-08,0.00031744171289944
42,12,4,load_loss_threshold,4683.11,0.748790818374124,1.97447529187635,0.199992902465965,12,1,0.748790818374124,0,0.999964512329824,0.649267393490439,0.113921449976205,full_event_available,bernoulli_full_event,4,0,0.000603,6.86946343356519e-05,0.686946343356519
42,13,3,load_loss_threshold,1932.846,0.309046197533509,1.34343426291918,0.0203825117349258,5,1,0.309046197533509,0.376221834690438,0.0611475352047773,0.272901592499149,0.0106645814354169,full_event_available,bernoulli_full_event,3,0,0.000603,6.43074260555641e-06,0.0643074260555641
42,14,4,load_loss_threshold,4336.16,0.693316363485193,1.97447529187635,0.0431076759878695,12,0,1,1,1,1,0.0812535638946551,full_event_available,bernoulli_full_event,4,0,0.000603,4.8995899028477e-05,0.48995899028477
42,15,4,load_loss_threshold,3860.16,0.617207873711072,1.97447529187635,0.144287618498472,10,1,0.617207873711072,2.70834796506795,0.721438092492361,1.05628193573871,0.133179755701434,full_event_available,bernoulli_full_event,4,0,0.000603,8.03073926879644e-05,0.803073926879644
42,16,4,load_loss_threshold,4683.11,0.748790818374124,1.97447529187635,0.199992902465965,13,1,0.748790818374124,0,0.999964512329824,0.649267393490439,0.0285440429099054,full_event_available,bernoulli_full_event,4,0,0.000603,1.7212057874673e-05,0.17212057874673
42,17,4,load_loss_threshold,4683.11,0.748790818374124,1.97447529187635,0.199992902465965,12,1,0.748790818374124,0,0.999964512329824,0.649267393490439,0.113921449976205,full_event_available,bernoulli_full_event,4,0,0.000603,6.86946343356519e-05,0.686946343356519
42,18,4,load_loss_threshold,4095.13,0.654777646488856,1.97447529187635,0.0431076759878695,11,1,0.654777646488856,0,0,0.392866587893314,0.0467855005892549,full_event_available,bernoulli_full_event,4,0,0.000603,2.82116568553207e-05,0.282116568553207
42,19,4,load_loss_threshold,4336.16,0.693316363485193,1.97447529187635,0.0431076759878695,11,0,1,1,1,1,0.324289164076373,full_event_available,bernoulli_full_event,4,0,0.000603,0.000195546365938053,1.95546365938053
42,20,4,load_loss_threshold,4095.13,0.654777646488856,1.97447529187635,0.0431076759878695,11,1,0.654777646488856,0,0,0.392866587893314,0.0467855005892549,full_event_available,bernoulli_full_event,4,0,0.000603,2.82116568553207e-05,0.282116568553207
43,1,1,no_new_outage,0,0,0.792942453774412,0,1,1,0,0,0,0,0.93419403337996,full_event_available,bernoulli_full_event,1,0,0.000477,0.000445610553922241,4.45610553922241
43,2,1,no_new_outage,0,0,0.792942453774412,0,1,1,0,0,0,0,0.93419403337996,full_event_available,bernoulli_full_event,1,0,0.000477,0.000445610553922241,4.45610553922241
43,3,1,no_new_outage,0,0,0.792942453774412,0,1,1,0,0,0,0,0.93419403337996,full_event_available,bernoulli_full_event,1,0,0.000477,0.000445610553922241,4.45610553922241
43,4,1,no_new_outage,0,0,0.792942453774412,0,1,1,0,0,0,0,0.93419403337996,full_event_available,bernoulli_full_event,1,0,0.000477,0.000445610553922241,4.45610553922241
43,5,1,no_new_outage,0,0,0.792942453774412,0,1,1,0,0,0,0,0.93419403337996,full_event_available,bernoulli_full_event,1,0,0.000477,0.000445610553922241,4.45610553922241
43,6,1,no_new_outage,0,0,0.792942453774412,0,1,1,0,0,0,0,0.93419403337996,full_event_available,bernoulli_full_event,1,0,0.000477,0.000445610553922241,4.45610553922241
43,7,1,no_new_outage,0,0,0.792942453774412,0,1,1,0,0,0,0,0.93419403337996,full_event_available,bernoulli_full_event,1,0,0.000477,0.000445610553922241,4.45610553922241
43,8,1,no_new_outage,0,0,0.792942453774412,0,1,1,0,0,0,0,0.93419403337996,full_event_available,bernoulli_full_event,1,0,0.000477,0.000445610553922241,4.45610553922241
43,9,1,no_new_outage,0,0,0.792942453774412,0,1,1,0,0,0,0,0.93419403337996,full_event_available,bernoulli_full_event,1,0,0.000477,0.000445610553922241,4.45610553922241
43,10,1,no_new_outage,0,0,0.792942453774412,0,1,1,0,0,0,0,0.93419403337996,full_event_available,bernoulli_full_event,1,0,0.000477,0.000445610553922241,4.45610553922241
43,11,1,no_new_outage,0,0,0.792942453774412,0,1,1,0,0,0,0,0.93419403337996,full_event_available,bernoulli_full_event,1,0,0.000477,0.000445610553922241,4.45610553922241
43,12,1,no_new_outage,0,0,0.792942453774412,0,1,1,0,0,0,0,0.93419403337996,full_event_available,bernoulli_full_event,1,0,0.000477,0.000445610553922241,4.45610553922241
43,13,1,no_new_outage,0,0,0.792942453774412,0,1,1,0,0,0,0,0.93419403337996,full_event_available,bernoulli_full_event,1,0,0.000477,0.000445610553922241,4.45610553922241
43,14,1,no_new_outage,0,0,0.792942453774412,0,1,1,0,0,0,0,0.93419403337996,full_event_available,bernoulli_full_event,1,0,0.000477,0.000445610553922241,4.45610553922241
43,15,1,no_new_outage,0,0,0.792942453774412,0,1,1,0,0,0,0,0.93419403337996,full_event_available,bernoulli_full_event,1,0,0.000477,0.000445610553922241,4.45610553922241
43,16,1,no_new_outage,0,0,0.792942453774412,0,1,1,0,0,0,0,0.93419403337996,full_event_available,bernoulli_full_event,1,0,0.000477,0.000445610553922241,4.45610553922241
43,17,1,no_new_outage,0,0,0.792942453774412,0,1,1,0,0,0,0,0.93419403337996,full_event_available,bernoulli_full_event,1,0,0.000477,0.000445610553922241,4.45610553922241
43,18,5,max_depth_reached,4379.785,0.700291642616277,1.7215085885266,0.109326375691957,14,1,0.700291642616277,0,0,0.420174985569766,0.000614754719034699,full_event_available,bernoulli_full_event,5,0,0.000477,2.93238000979552e-07,0.00293238000979552
43,19,1,no_new_outage,0,0,0.792942453774412,0,1,1,0,0,0,0,0.93419403337996,full_event_available,bernoulli_full_event,1,0,0.000477,0.000445610553922241,4.45610553922241
43,20,1,no_new_outage,0,0,0.792942453774412,0,1,1,0,0,0,0,0.93419403337996,full_event_available,bernoulli_full_event,1,0,0.000477,0.000445610553922241,4.45610553922241
44,1,1,no_new_outage,0,0,0.794182844027415,0,1,1,0,0,0,0,0.933772147587476,full_event_available,bernoulli_full_event,1,0,2.5e-05,2.33443036896869e-05,0.233443036896869
44,2,1,no_new_outage,0,0,0.794182844027415,0,1,1,0,0,0,0,0.933772147587476,full_event_available,bernoulli_full_event,1,0,2.5e-05,2.33443036896869e-05,0.233443036896869
44,3,1,no_new_outage,0,0,0.794182844027415,0,1,1,0,0,0,0,0.933772147587476,full_event_available,bernoulli_full_event,1,0,2.5e-05,2.33443036896869e-05,0.233443036896869
44,4,1,no_new_outage,0,0,0.794182844027415,0,1,1,0,0,0,0,0.933772147587476,full_event_available,bernoulli_full_event,1,0,2.5e-05,2.33443036896869e-05,0.233443036896869
44,5,1,no_new_outage,0,0,0.794182844027415,0,1,1,0,0,0,0,0.933772147587476,full_event_available,bernoulli_full_event,1,0,2.5e-05,2.33443036896869e-05,0.233443036896869
44,6,1,no_new_outage,0,0,0.794182844027415,0,1,1,0,0,0,0,0.933772147587476,full_event_available,bernoulli_full_event,1,0,2.5e-05,2.33443036896869e-05,0.233443036896869
44,7,1,no_new_outage,0,0,0.794182844027415,0,1,1,0,0,0,0,0.933772147587476,full_event_available,bernoulli_full_event,1,0,2.5e-05,2.33443036896869e-05,0.233443036896869
44,8,1,no_new_outage,0,0,0.794182844027415,0,1,1,0,0,0,0,0.933772147587476,full_event_available,bernoulli_full_event,1,0,2.5e-05,2.33443036896869e-05,0.233443036896869
44,9,1,no_new_outage,0,0,0.794182844027415,0,1,1,0,0,0,0,0.933772147587476,full_event_available,bernoulli_full_event,1,0,2.5e-05,2.33443036896869e-05,0.233443036896869
44,10,1,no_new_outage,0,0,0.794182844027415,0,1,1,0,0,0,0,0.933772147587476,full_event_available,bernoulli_full_event,1,0,2.5e-05,2.33443036896869e-05,0.233443036896869
44,11,1,no_new_outage,0,0,0.794182844027415,0,1,1,0,0,0,0,0.933772147587476,full_event_available,bernoulli_full_event,1,0,2.5e-05,2.33443036896869e-05,0.233443036896869
44,12,1,no_new_outage,0,0,0.794182844027415,0,1,1,0,0,0,0,0.933772147587476,full_event_available,bernoulli_full_event,1,0,2.5e-05,2.33443036896869e-05,0.233443036896869
44,13,1,no_new_outage,0,0,0.794182844027415,0,1,1,0,0,0,0,0.933772147587476,full_event_available,bernoulli_full_event,1,0,2.5e-05,2.33443036896869e-05,0.233443036896869
44,14,1,no_new_outage,0,0,0.794182844027415,0,1,1,0,0,0,0,0.933772147587476,full_event_available,bernoulli_full_event,1,0,2.5e-05,2.33443036896869e-05,0.233443036896869
44,15,1,no_new_outage,0,0,0.794182844027415,0,1,1,0,0,0,0,0.933772147587476,full_event_available,bernoulli_full_event,1,0,2.5e-05,2.33443036896869e-05,0.233443036896869
44,16,1,no_new_outage,0,0,0.794182844027415,0,1,1,0,0,0,0,0.933772147587476,full_event_available,bernoulli_full_event,1,0,2.5e-05,2.33443036896869e-05,0.233443036896869
44,17,1,no_new_outage,0,0,0.794182844027415,0,1,1,0,0,0,0,0.933772147587476,full_event_available,bernoulli_full_event,1,0,2.5e-05,2.33443036896869e-05,0.233443036896869
44,18,1,no_new_outage,0,0,0.794182844027415,0,1,1,0,0,0,0,0.933772147587476,full_event_available,bernoulli_full_event,1,0,2.5e-05,2.33443036896869e-05,0.233443036896869
44,19,1,no_new_outage,0,0,0.794182844027415,0,1,1,0,0,0,0,0.933772147587476,full_event_available,bernoulli_full_event,1,0,2.5e-05,2.33443036896869e-05,0.233443036896869
44,20,1,no_new_outage,0,0,0.794182844027415,0,1,1,0,0,0,0,0.933772147587476,full_event_available,bernoulli_full_event,1,0,2.5e-05,2.33443036896869e-05,0.233443036896869
45,1,1,no_new_outage,0,0,0.794952840739759,0,1,1,0,0,0,0,0.934170689029478,full_event_available,bernoulli_full_event,1,0,0.000452,0.000422245151441324,4.22245151441324
45,2,1,no_new_outage,0,0,0.794952840739759,0,1,1,0,0,0,0,0.934170689029478,full_event_available,bernoulli_full_event,1,0,0.000452,0.000422245151441324,4.22245151441324
45,3,1,no_new_outage,0,0,0.794952840739759,0,1,1,0,0,0,0,0.934170689029478,full_event_available,bernoulli_full_event,1,0,0.000452,0.000422245151441324,4.22245151441324
45,4,2,no_new_outage,206,0.0329377077593884,0.794952840739759,0,2,1,0.0329377077593884,0,0,0.0197626246556331,0.00137884355416004,full_event_available,bernoulli_full_event,2,0,0.000452,6.23237286480338e-07,0.00623237286480338
45,5,1,no_new_outage,0,0,0.794952840739759,0,1,1,0,0,0,0,0.934170689029478,full_event_available,bernoulli_full_event,1,0,0.000452,0.000422245151441324,4.22245151441324
45,6,1,no_new_outage,0,0,0.794952840739759,0,1,1,0,0,0,0,0.934170689029478,full_event_available,bernoulli_full_event,1,0,0.000452,0.000422245151441324,4.22245151441324
45,7,1,no_new_outage,0,0,0.794952840739759,0,1,1,0,0,0,0,0.934170689029478,full_event_available,bernoulli_full_event,1,0,0.000452,0.000422245151441324,4.22245151441324
45,8,1,no_new_outage,0,0,0.794952840739759,0,1,1,0,0,0,0,0.934170689029478,full_event_available,bernoulli_full_event,1,0,0.000452,0.000422245151441324,4.22245151441324
45,9,1,no_new_outage,0,0,0.794952840739759,0,1,1,0,0,0,0,0.934170689029478,full_event_available,bernoulli_full_event,1,0,0.000452,0.000422245151441324,4.22245151441324
45,10,1,no_new_outage,0,0,0.794952840739759,0,1,1,0,0,0,0,0.934170689029478,full_event_available,bernoulli_full_event,1,0,0.000452,0.000422245151441324,4.22245151441324
45,11,1,no_new_outage,0,0,0.794952840739759,0,1,1,0,0,0,0,0.934170689029478,full_event_available,bernoulli_full_event,1,0,0.000452,0.000422245151441324,4.22245151441324
45,12,2,no_new_outage,0,0,0.944708823725831,0,2,1,0,0,0,0,0.000323772875897836,full_event_available,bernoulli_full_event,2,0,0.000452,1.46345339905822e-07,0.00146345339905822
45,13,1,no_new_outage,0,0,0.794952840739759,0,1,1,0,0,0,0,0.934170689029478,full_event_available,bernoulli_full_event,1,0,0.000452,0.000422245151441324,4.22245151441324
45,14,1,no_new_outage,0,0,0.794952840739759,0,1,1,0,0,0,0,0.934170689029478,full_event_available,bernoulli_full_event,1,0,0.000452,0.000422245151441324,4.22245151441324
45,15,1,no_new_outage,0,0,0.794952840739759,0,1,1,0,0,0,0,0.934170689029478,full_event_available,bernoulli_full_event,1,0,0.000452,0.000422245151441324,4.22245151441324
45,16,1,no_new_outage,0,0,0.794952840739759,0,1,1,0,0,0,0,0.934170689029478,full_event_available,bernoulli_full_event,1,0,0.000452,0.000422245151441324,4.22245151441324
45,17,1,no_new_outage,0,0,0.794952840739759,0,1,1,0,0,0,0,0.934170689029478,full_event_available,bernoulli_full_event,1,0,0.000452,0.000422245151441324,4.22245151441324
45,18,5,max_depth_reached,2479.459,0.396445125938765,1.27821145892,0.126546770604038,9,1,0.396445125938765,0.487930019475662,1.51856124724845,0.639165328908081,3.38934773629729e-05,full_event_available,bernoulli_full_event,5,0,0.000452,1.53198517680637e-08,0.000153198517680637
45,19,1,no_new_outage,0,0,0.794952840739759,0,1,1,0,0,0,0,0.934170689029478,full_event_available,bernoulli_full_event,1,0,0.000452,0.000422245151441324,4.22245151441324
45,20,1,no_new_outage,0,0,0.794952840739759,0,1,1,0,0,0,0,0.934170689029478,full_event_available,bernoulli_full_event,1,0,0.000452,0.000422245151441324,4.22245151441324
46,1,4,load_loss_threshold,4618.9285,0.738528723759759,1.45612681881521,0.0889826476550293,15,0,1,1,1,1,1.20815773129553e-05,full_event_available,bernoulli_full_event,4,0,0.000414,5.00177300756348e-09,5.00177300756348e-05
46,2,3,load_loss_threshold,3896.21,0.622971972568965,2.30858753201277,0.0397388411972138,13,0,1,1,1,1,0.0999622465098989,full_event_available,bernoulli_full_event,3,0,0.000414,4.13843700550982e-05,0.413843700550982
46,3,3,load_loss_threshold,3896.21,0.622971972568965,2.30858753201277,0.0397388411972138,13,0,1,1,1,1,0.0999622465098989,full_event_available,bernoulli_full_event,3,0,0.000414,4.13843700550982e-05,0.413843700550982
46,4,3,load_loss_threshold,3896.21,0.622971972568965,2.30858753201277,0.0397388411972138,13,0,1,1,1,1,0.0999622465098989,full_event_available,bernoulli_full_event,3,0,0.000414,4.13843700550982e-05,0.413843700550982
46,5,3,load_loss_threshold,3420.21,0.546863482794844,2.30858753201277,0.0397388411972138,11,0,1,1,1,1,0.0877692053197951,full_event_available,bernoulli_full_event,3,0,0.000414,3.63364510023952e-05,0.363364510023952
46,6,3,load_loss_threshold,3896.21,0.622971972568965,2.30858753201277,0.0397388411972138,11,0,1,1,1,1,0.123988396347718,full_event_available,bernoulli_full_event,3,0,0.000414,5.13311960879551e-05,0.513311960879551
46,7,3,load_loss_threshold,2039.509,0.326100735022537,1.72745745079742,0,8,0,1,1,1,1,0.11570812438556,full_event_available,bernoulli_full_event,3,0,0.000414,4.79031634956219e-05,0.479031634956219
46,8,3,load_loss_threshold,3896.21,0.622971972568965,2.30858753201277,0.0397388411972138,12,0,1,1,1,1,0.0651232120605435,full_event_available,bernoulli_full_event,3,0,0.000414,2.6961009793065e-05,0.26961009793065
46,9,3,load_loss_threshold,3896.21,0.622971972568965,2.30858753201277,0.0397388411972138,11,0,1,1,1,1,0.123988396347718,full_event_available,bernoulli_full_event,3,0,0.000414,5.13311960879551e-05,0.513311960879551
46,10,3,load_loss_threshold,3896.21,0.622971972568965,2.30858753201277,0.0397388411972138,13,0,1,1,1,1,0.000320242103319654,full_event_available,bernoulli_full_event,3,0,0.000414,1.32580230774337e-07,0.00132580230774337
46,11,3,load_loss_threshold,3896.21,0.622971972568965,2.30858753201277,0.0397388411972138,12,0,1,1,1,1,0.0651232120605435,full_event_available,bernoulli_full_event,3,0,0.000414,2.6961009793065e-05,0.26961009793065
46,12,3,load_loss_threshold,3896.21,0.622971972568965,2.30858753201277,0.0397388411972138,13,0,1,1,1,1,0.0999622465098989,full_event_available,bernoulli_full_event,3,0,0.000414,4.13843700550982e-05,0.413843700550982
46,13,3,load_loss_threshold,3896.21,0.622971972568965,2.30858753201277,0.0397388411972138,13,0,1,1,1,1,0.0999622465098989,full_event_available,bernoulli_full_event,3,0,0.000414,4.13843700550982e-05,0.413843700550982
46,14,3,load_loss_threshold,4249.913,0.679526176683621,2.31968044752328,0.0175413130984704,13,0,1,1,1,1,0.000561847469174781,full_event_available,bernoulli_full_event,3,0,0.000414,2.32604852238359e-07,0.00232604852238359
46,15,3,load_loss_threshold,3896.21,0.622971972568965,2.30858753201277,0.0397388411972138,11,0,1,1,1,1,0.123988396347718,full_event_available,bernoulli_full_event,3,0,0.000414,5.13311960879551e-05,0.513311960879551
46,16,3,load_loss_threshold,3896.21,0.622971972568965,2.30858753201277,0.0397388411972138,12,0,1,1,1,1,0.0651232120605435,full_event_available,bernoulli_full_event,3,0,0.000414,2.6961009793065e-05,0.26961009793065
46,17,3,load_loss_threshold,3896.21,0.622971972568965,2.30858753201277,0.0397388411972138,12,0,1,1,1,1,0.190318601431316,full_event_available,bernoulli_full_event,3,0,0.000414,7.87919009925647e-05,0.787919009925646
46,18,3,load_loss_threshold,3420.21,0.546863482794844,2.30858753201277,0.0397388411972138,11,0,1,1,1,1,0.0877692053197951,full_event_available,bernoulli_full_event,3,0,0.000414,3.63364510023952e-05,0.363364510023952
46,19,3,load_loss_threshold,2039.509,0.326100735022537,1.72745745079742,0,8,0,1,1,1,1,0.11570812438556,full_event_available,bernoulli_full_event,3,0,0.000414,4.79031634956219e-05,0.479031634956219
46,20,4,load_loss_threshold,4774.9075,0.76346848452967,1.45612681881521,0,12,1,0.76346848452967,0.532156792169466,0,0.564512449151695,0.0266621104409115,full_event_available,bernoulli_full_event,4,0,0.000414,1.10381137225374e-05,0.110381137225374
