sigma,SLLR,SLFOR,SNVOR,CRI
0.9,0.377138192871065,0.70847664607933,0.0772746875564981,0.383433182449805
0.95,0.562365311157409,1.10366074117984,0.118556518447796,0.581862638619973
0.98,0.69554986784944,1.70768293391464,0.212404606639498,0.801347428820492
