sigma,uniform_SLLR,weighted_SLLR,delta_SLLR,uniform_SLFOR,weighted_SLFOR,delta_SLFOR,uniform_SNVOR,weighted_SNVOR,delta_SNVOR,uniform_CRI,weighted_CRI,delta_CRI
0.9,0.377138192871065,0.360324132627038,-0.016814060244027,0.70847664607933,0.7236958249129,0.0152191788335699,0.0772746875564981,0.0772746875564981,0,0.383433182449805,0.376388582070102,-0.007044600379703
0.95,0.562365311157409,0.557093303252359,-0.00527200790505,1.10366074117984,1.13850648677003,0.03484574559019,0.118556518447796,0.139118574508676,0.02056205606088,0.581862638619973,0.589780994207157,0.00791835558718401
0.98,0.69554986784944,0.695549867849439,-9.99200722162641e-16,1.70768293391464,1.70768293391464,0,0.212404606639498,0.227589916849193,0.015185310209695,0.801347428820492,0.80438449086243,0.00303706204193799
