sigma,basic_SLLR,paper_SLLR,delta_SLLR,basic_SLFOR,paper_SLFOR,delta_SLFOR,basic_SNVOR,paper_SNVOR,delta_SNVOR,basic_CRI,paper_CRI,delta_CRI
0.9,0.10872641396303,0.000117743084356738,-0.108608670878673,0.33495430681671,0.0015395720872068,-0.333414734729503,0,0,0,0.13222670974116,0.000378560268055402,-0.131848149473105
0.95,0.346586230439239,0.0008334389911524,-0.345752791448087,0.73277181323348,0.00376415868081345,-0.729007654552666,0.0778362469214495,5.68284970648094e-07,-0.0778356786364788,0.370073350294529,0.00125300878784826,-0.368820341506681
0.98,0.565583213281251,0.00364910063674934,-0.561934112644502,1.29653313055615,0.00773501744691361,-1.28879811310924,0.150745040419264,2.24043885174779e-05,-0.150722636030747,0.628805562163833,0.00374094474913582,-0.625064617414697
