sigma,basic_SLLR,paper_SLLR,delta_SLLR,basic_SLFOR,paper_SLFOR,delta_SLFOR,basic_SNVOR,paper_SNVOR,delta_SNVOR,basic_CRI,paper_CRI,delta_CRI
0.9,0.10872641396303,0.000117743084356738,-0.108608670878673,0.23938260559949,0.00173235676941111,-0.237650248830079,0,0,0,0.113112369497716,0.000417117204496265,-0.11269525229322
0.95,0.364396816234772,0.000937801932245665,-0.363459014302526,0.47611259272417,0.00623459026381366,-0.469878002460356,0.0953083878028241,5.2132599322127e-06,-0.0953031745428919,0.332922285846262,0.00181064186409657,-0.331111643982165
0.98,0.565583213281251,0.00364910063674934,-0.561934112644502,1.43064367381946,0.010431144362913,-1.42021252945655,0.137897762573277,4.09915559570296e-05,-0.13785677101732,0.653058215247298,0.00428388756582361,-0.648774327681474
