initial_branch,trial_id,stage_id,pf_converged,severity_valid,invalid_reason,replay_source,stage_load_shed_mw,base_load_mw,stage_cumulative_probability,max_P_li_pu_if_available,min_voltage_pu_if_available,max_voltage_pu_if_available
10,1,3,0,0,nonconverged_power_flow,invalid_nonconverged,4615.7365,6254.23,2.52926892254846e-07,0.62563079341067,0.00112959673766499,1.07324003458465
13,2,2,0,0,nonconverged_power_flow,invalid_nonconverged,1876.269,6254.23,3.04706026429573e-05,7.32385849928925,0.522786108987523,1.47080420678915
13,17,2,0,0,nonconverged_power_flow,invalid_nonconverged,1876.269,6254.23,3.04706026429573e-05,7.32385849928925,0.522786108987523,1.47080420678915
14,10,3,0,0,nonconverged_power_flow,invalid_nonconverged,1882.709,6254.23,7.70077104602889e-08,49.0207476226256,0.00259291689840276,3.62631210934087
35,15,4,0,0,nonconverged_power_flow,invalid_nonconverged,3421.624,6254.23,2.66622940485804e-09,4.83903793275151,0.278098473952303,1.0636
38,12,5,0,0,nonconverged_power_flow,invalid_nonconverged,3082.18,6254.23,7.1929419022828e-12,5.83115083161889,0.0343938813988013,1.61407219237395
39,20,5,0,0,nonconverged_power_flow,invalid_nonconverged,4386.4655,6254.23,3.7996405825856e-08,32.6311327072937,0.839841739968356,1.46375754412596
