sigma,SLLR,SLFOR,SNVOR,CRI
0.9,0.10872641396303,0.33495430681671,0,0.13222670974116
0.95,0.446645550291563,0.83597326665836,0.120597358765854,0.459301455259781
0.98,0.565583213281251,1.43064367381946,0.153717440252168,0.656222150783076
