sigma,SLLR,SLFOR,SNVOR,CRI
0.9,0.10872641396303,0.33495430681671,0,0.13222670974116
0.95,0.346586230439239,0.73277181323348,0.0778362469214495,0.370073350294529
0.98,0.565583213281251,1.29653313055615,0.150745040419264,0.628805562163833
