sigma,SLLR,SLFOR,SNVOR,CRI
0.9,0.10872641396303,0.33525106008434,0,0.132286060394686
0.95,0.346586230439239,0.83597326665836,0.0860940916426634,0.392365209923748
0.98,0.565583213281251,1.42806266068632,0.150745040419264,0.655111468189867
