sigma,SLLR,SLFOR,SNVOR,CRI,result_status
0.9,0.000117743084356738,0.00173235676941111,0,0.000417117204496265,valid
0.95,0.000937801932245665,0.00623459026381366,5.2132599322127e-06,0.00181064186409657,valid
0.98,0.00364910063674934,0.010431144362913,4.09915559570296e-05,0.00428388756582361,valid
