sigma,SLLR,SLFOR,SNVOR,CRI
0.9,0.10872641396303,0.23938260559949,0,0.113112369497716
0.95,0.364396816234772,0.47611259272417,0.0953083878028241,0.332922285846262
0.98,0.565583213281251,1.43064367381946,0.137897762573277,0.653058215247298
