sigma,SLLR,SLFOR,SNVOR,CRI,result_status
0.9,0.000117743084356738,0.0015395720872068,0,0.000378560268055402,valid
0.95,0.0008334389911524,0.00376415868081345,5.68284970648094e-07,0.00125300878784826,valid
0.98,0.00364910063674934,0.00773501744691361,2.24043885174779e-05,0.00374094474913582,valid
