sigma,uniform_SLLR,weighted_SLLR,delta_SLLR,uniform_SLFOR,weighted_SLFOR,delta_SLFOR,uniform_SNVOR,weighted_SNVOR,delta_SNVOR,uniform_CRI,weighted_CRI,delta_CRI
0.9,0.10872641396303,0.10872641396303,0,0.33495430681671,0.33525106008434,0.000296753267630012,0,0,0,0.13222670974116,0.132286060394686,5.93506535259969e-05
0.95,0.346586230439239,0.346586230439239,0,0.73277181323348,0.83597326665836,0.10320145342488,0.0778362469214495,0.0860940916426634,0.00825784472121391,0.370073350294529,0.392365209923748,0.022291859629219
0.98,0.565583213281251,0.565583213281251,0,1.29653313055615,1.42806266068632,0.13152953013017,0.150745040419264,0.150745040419264,0,0.628805562163833,0.655111468189867,0.026305906026034
