sigma,uniform_SLLR,weighted_SLLR,delta_SLLR,uniform_SLFOR,weighted_SLFOR,delta_SLFOR,uniform_SNVOR,weighted_SNVOR,delta_SNVOR,uniform_CRI,weighted_CRI,delta_CRI
0.9,0.10872641396303,0.10872641396303,0,0.23938260559949,0.33495430681671,0.09557170121722,0,0,0,0.113112369497716,0.13222670974116,0.019114340243444
0.95,0.364396816234772,0.446645550291563,0.082248734056791,0.47611259272417,0.83597326665836,0.35986067393419,0.0953083878028241,0.120597358765854,0.0252889709630299,0.332922285846262,0.459301455259781,0.126379169413519
0.98,0.565583213281251,0.565583213281251,0,1.43064367381946,1.43064367381946,0,0.137897762573277,0.153717440252168,0.015819677678891,0.653058215247298,0.656222150783076,0.00316393553577798
