sigma,SLLR,SLFOR,SNVOR,CRI,result_status
0.9,0.000844009819097064,0.0039657897822275,9.50858867801674e-05,0.00131858102525977,valid
0.95,0.00367994768606646,0.00742152469870508,0.0012691405538425,0.00394610166214939,valid
0.98,0.00544514683689224,0.0169906031714319,0.00312225143852612,0.00728965902412695,valid
