sigma,SLLR,SLFOR,SNVOR,CRI
0.9,0.646992371562926,1.1224743724449,0.199992902465965,0.652688877919929
0.95,0.700291642616277,1.38001290578044,0.240544249436925,0.744286416613239
0.98,0.764491392225742,1.65296736730628,0.244456059502701,0.838179520697241
