sigma,SLLR,SLFOR,SNVOR,CRI
0.9,0.656269436845143,1.05863621397403,0.199992902465951,0.645487485395082
0.95,0.718926870294185,1.29639641257013,0.212404606639498,0.733116326018437
0.98,0.777749415195796,1.65296736730628,0.244456059502701,0.846134334479274
