sigma,basic_SLLR,paper_SLLR,delta_SLLR,basic_SLFOR,paper_SLFOR,delta_SLFOR,basic_SNVOR,paper_SNVOR,delta_SNVOR,basic_CRI,paper_CRI,delta_CRI
0.9,0.136307746916887,0.000113664256623791,-0.136194082660263,0.39433542122364,0.00196440346684863,-0.392371017756791,0.00741611787466312,0,-0.00741611787466312,0.162134955969793,0.000461079247344001,-0.161673876722449
0.95,0.517071486018263,0.00114473427853671,-0.515926751739726,0.79041056471567,0.0044649584791238,-0.785945606236546,0.0966033030138154,2.02238757773194e-05,-0.0965830791380381,0.487645665156855,0.00158387703810225,-0.486061788118753
0.98,0.655505793678838,0.00341241372512428,-0.652093379953714,1.16727667996905,0.00668251036787242,-1.16059416960118,0.162948385048887,0.000127848313350758,-0.162820536735536,0.65934848921089,0.0034095199713192,-0.655938969239571
