sigma,SLLR,SLFOR,SNVOR,CRI
0.9,0.3,0.43036610507547,0.0415567080625076,0.274384562627596
0.95,0.524635326810814,0.91374025826568,0.111090563424203,0.519747360424465
0.98,0.666266670717258,1.32803898706043,0.172005362837,0.699768872409841
