sigma,SLLR,SLFOR,SNVOR,CRI,result_status
0.9,0.000113664256623791,0.00196440346684863,0,0.000461079247344001,valid
0.95,0.00114473427853671,0.0044649584791238,2.02238757773194e-05,0.00158387703810225,valid
0.98,0.00341241372512428,0.00668251036787242,0.000127848313350758,0.0034095199713192,valid
