sigma,SLLR,SLFOR,SNVOR,CRI
0.9,0.136307746916887,0.39433542122364,0.00741611787466312,0.162134955969793
0.95,0.517071486018263,0.79041056471567,0.0966033030138154,0.487645665156855
0.98,0.655505793678838,1.16727667996905,0.162948385048887,0.65934848921089
