sigma,uniform_SLLR,weighted_SLLR,delta_SLLR,uniform_SLFOR,weighted_SLFOR,delta_SLFOR,uniform_SNVOR,weighted_SNVOR,delta_SNVOR,uniform_CRI,weighted_CRI,delta_CRI
0.9,0.136307746916887,0.3,0.163692253083113,0.39433542122364,0.43036610507547,0.03603068385183,0.00741611787466312,0.0415567080625076,0.0341405901878445,0.162134955969793,0.274384562627596,0.112249606657803
0.95,0.517071486018263,0.524635326810814,0.00756384079255101,0.79041056471567,0.91374025826568,0.12332969355001,0.0966033030138154,0.111090563424203,0.0144872604103876,0.487645665156855,0.519747360424465,0.03210169526761
0.98,0.655505793678838,0.666266670717258,0.01076087703842,1.16727667996905,1.32803898706043,0.16076230709138,0.162948385048887,0.172005362837,0.00905697778811299,0.65934848921089,0.699768872409841,0.040420383198951
