sigma,SLLR,SLFOR,SNVOR,CRI
0.9,0.359323326760402,0.643814404699253,0.0633431463076189,0.357025506257616
0.95,0.559522810030459,0.762462470563625,0.199993370928878,0.528204854316776
0.98,0.700291678973129,0.867118928113228,0.232804030239953,0.640159599054514
