sigma,SLLR,SLFOR,SNVOR,CRI,result_status
0.9,0.00114149475529264,0.00167320778693023,1.176134071739e-05,0.00102189067870511,valid
0.95,0.00225902865608793,0.00840440796123499,0.000147269329005042,0.00306575265170077,valid
0.98,0.00446329686183221,0.0590612018411098,0.0037140891476517,0.0152330363148516,valid
