sigma,SLLR,SLFOR,SNVOR,CRI,result_status
0.9,0.000203309220357632,0.00231335517277499,6.5338052289812e-06,0.000585963327815374,valid
0.95,0.000940952558103773,0.00964981873300337,8.58329905512609e-05,0.00251170187957319,valid
0.98,0.0032265126553195,0.0155480159611257,0.000592646060688315,0.0051640399975545,valid
