sigma,uniform_SLLR,weighted_SLLR,delta_SLLR,uniform_SLFOR,weighted_SLFOR,delta_SLFOR,uniform_SNVOR,weighted_SNVOR,delta_SNVOR,uniform_CRI,weighted_CRI,delta_CRI
0.9,0.396914248436658,0.396914248436658,0,0.81134519086214,0.82686646022114,0.015521269359,0.0818839693271938,0.0818839693271938,0,0.416794381099862,0.419898634971662,0.00310425387180002
0.95,0.563111526119123,0.577839973905661,0.014728447786538,1.12264928439579,1.16591513389415,0.04326584949836,0.132135809742217,0.135219117274329,0.003083307532112,0.588823934499075,0.606930834577092,0.018106900078017
0.98,0.716291809703193,0.730262478354649,0.013970668651456,1.81409158048572,1.90728194737764,0.0931903668919198,0.210062387163303,0.22298091197298,0.012918524809677,0.83460587935172,0.864210058882913,0.029604179531193
