sigma,SLLR,SLFOR,SNVOR,CRI
0.9,0.3140119177075,0.595009506841151,0.0332476895937195,0.314058589911474
0.95,0.604495742634956,0.762872526732756,0.0607206640690372,0.527416083741332
0.98,0.708001357660606,1.06534326255111,0.10034157154763,0.657937781416112
