sigma,SLLR,SLFOR,SNVOR,CRI,result_status
0.9,0.00105176965997499,0.00263235016328135,6.90904457959819e-06,0.00115891363755718,valid
0.95,0.0033052580887328,0.00611092862397971,0.000141551237730133,0.00323365082558165,valid
0.98,0.00420040861205098,0.0142547191747814,0.0015059190231592,0.0056723728068187,valid
