sigma,uniform_SLLR,weighted_SLLR,delta_SLLR,uniform_SLFOR,weighted_SLFOR,delta_SLFOR,uniform_SNVOR,weighted_SNVOR,delta_SNVOR,uniform_CRI,weighted_CRI,delta_CRI
0.9,0.396445125938765,0.366015660600905,-0.03042946533786,0.71450580625649,0.76465554588428,0.05014973962779,0.0804563802234464,0.0924241143295707,0.0119677341061243,0.396859512859246,0.391025328403313,-0.00583418445593298
0.95,0.59344779453266,0.594544332395834,0.0010965378631741,1.10925640621352,1.15427112595459,0.04501471974107,0.144287618498472,0.144287618498472,0,0.606777481661994,0.616438348328113,0.00966086666611898
0.98,0.700291642616277,0.69554986784944,-0.00474177476683701,1.73881024562463,1.88684075998282,0.14803051435819,0.227589916849193,0.244456059502701,0.016866142653508,0.813455018064531,0.843589284606768,0.0301342665422369
