parameter_set_id,scenario_id,initial_branch,trial_id,stage_id,candidate_branch,line_loading_pu,P_flow,P_HF_D,P_HF_L,P_mis_r,P1,P2,P3,P_L,candidate_probability,selected,random_u,formula_status,parameter_status,calibration_status,note
benchmark_calibrated_seed,wind_speed_11_28,1,1,1,2,0.107141961901021,NaN,NaN,NaN,NaN,NaN,NaN,NaN,0.001679836582,0.001679836582,0,0.947077509664361,component_fields_missing_in_existing_trace,diagnostic_not_recomputed,benchmark_calibrated_not_original_paper_or_diagnostic,Existing trace exposes candidate_probability but not P_flow/P_HF_L/P1/P2 components.
benchmark_calibrated_seed,wind_speed_11_28,1,1,1,3,1.08619497297673,NaN,NaN,NaN,NaN,NaN,NaN,NaN,1,1,1,0.167770970289712,component_fields_missing_in_existing_trace,diagnostic_not_recomputed,benchmark_calibrated_not_original_paper_or_diagnostic,Existing trace exposes candidate_probability but not P_flow/P_HF_L/P1/P2 components.
benchmark_calibrated_seed,wind_speed_11_28,1,1,1,4,0.297907850556406,NaN,NaN,NaN,NaN,NaN,NaN,NaN,0.001543110445,0.001543110445,0,0.21974637570249,component_fields_missing_in_existing_trace,diagnostic_not_recomputed,benchmark_calibrated_not_original_paper_or_diagnostic,Existing trace exposes candidate_probability but not P_flow/P_HF_L/P1/P2 components.
benchmark_calibrated_seed,wind_speed_11_28,1,1,1,5,0.452325695805974,NaN,NaN,NaN,NaN,NaN,NaN,NaN,0.001575046477,0.001575046477,0,0.287252781494014,component_fields_missing_in_existing_trace,diagnostic_not_recomputed,benchmark_calibrated_not_original_paper_or_diagnostic,Existing trace exposes candidate_probability but not P_flow/P_HF_L/P1/P2 components.
benchmark_calibrated_seed,wind_speed_11_28,1,1,1,6,0.389241741294285,NaN,NaN,NaN,NaN,NaN,NaN,NaN,0.001645904548,0.001645904548,0,0.104141867102996,component_fields_missing_in_existing_trace,diagnostic_not_recomputed,benchmark_calibrated_not_original_paper_or_diagnostic,Existing trace exposes candidate_probability but not P_flow/P_HF_L/P1/P2 components.
benchmark_calibrated_seed,wind_speed_11_28,1,1,1,7,0.0835954425896956,NaN,NaN,NaN,NaN,NaN,NaN,NaN,0.001532132434,0.001532132434,0,0.0711452267337908,component_fields_missing_in_existing_trace,diagnostic_not_recomputed,benchmark_calibrated_not_original_paper_or_diagnostic,Existing trace exposes candidate_probability but not P_flow/P_HF_L/P1/P2 components.
benchmark_calibrated_seed,wind_speed_11_28,1,1,1,8,0.140699001894697,NaN,NaN,NaN,NaN,NaN,NaN,NaN,0.001132932034,0.001132932034,0,0.501642818670789,component_fields_missing_in_existing_trace,diagnostic_not_recomputed,benchmark_calibrated_not_original_paper_or_diagnostic,Existing trace exposes candidate_probability but not P_flow/P_HF_L/P1/P2 components.
benchmark_calibrated_seed,wind_speed_11_28,1,1,1,9,0.510138843600603,NaN,NaN,NaN,NaN,NaN,NaN,NaN,0.001713768616,0.001713768616,0,0.808429241105173,component_fields_missing_in_existing_trace,diagnostic_not_recomputed,benchmark_calibrated_not_original_paper_or_diagnostic,Existing trace exposes candidate_probability but not P_flow/P_HF_L/P1/P2 components.
benchmark_calibrated_seed,wind_speed_11_28,1,1,1,10,0.51923566205108,NaN,NaN,NaN,NaN,NaN,NaN,NaN,0.001679836582,0.001679836582,0,0.0643687105025803,component_fields_missing_in_existing_trace,diagnostic_not_recomputed,benchmark_calibrated_not_original_paper_or_diagnostic,Existing trace exposes candidate_probability but not P_flow/P_HF_L/P1/P2 components.
benchmark_calibrated_seed,wind_speed_11_28,1,1,1,11,0.603663072264828,NaN,NaN,NaN,NaN,NaN,NaN,NaN,0.001662870565,0.001662870565,0,0.269723873384041,component_fields_missing_in_existing_trace,diagnostic_not_recomputed,benchmark_calibrated_not_original_paper_or_diagnostic,Existing trace exposes candidate_probability but not P_flow/P_HF_L/P1/P2 components.
benchmark_calibrated_seed,wind_speed_11_28,1,1,1,12,0.713351540277933,NaN,NaN,NaN,NaN,NaN,NaN,NaN,0.001361474263,0.001361474263,0,0.259281127130561,component_fields_missing_in_existing_trace,diagnostic_not_recomputed,benchmark_calibrated_not_original_paper_or_diagnostic,Existing trace exposes candidate_probability but not P_flow/P_HF_L/P1/P2 components.
benchmark_calibrated_seed,wind_speed_11_28,1,1,1,13,0.747792567683895,NaN,NaN,NaN,NaN,NaN,NaN,NaN,0.001599996502,0.001599996502,0,0.462935764514544,component_fields_missing_in_existing_trace,diagnostic_not_recomputed,benchmark_calibrated_not_original_paper_or_diagnostic,Existing trace exposes candidate_probability but not P_flow/P_HF_L/P1/P2 components.
benchmark_calibrated_seed,wind_speed_11_28,1,1,1,14,0.543939820516747,NaN,NaN,NaN,NaN,NaN,NaN,NaN,0.001475246377,0.001475246377,0,0.879286300246613,component_fields_missing_in_existing_trace,diagnostic_not_recomputed,benchmark_calibrated_not_original_paper_or_diagnostic,Existing trace exposes candidate_probability but not P_flow/P_HF_L/P1/P2 components.
benchmark_calibrated_seed,wind_speed_11_28,1,1,1,15,0.435971214745289,NaN,NaN,NaN,NaN,NaN,NaN,NaN,0.001121954023,0.001121954023,0,0.816301472305733,component_fields_missing_in_existing_trace,diagnostic_not_recomputed,benchmark_calibrated_not_original_paper_or_diagnostic,Existing trace exposes candidate_probability but not P_flow/P_HF_L/P1/P2 components.
benchmark_calibrated_seed,wind_speed_11_28,1,1,1,16,0.461490011911451,NaN,NaN,NaN,NaN,NaN,NaN,NaN,0.001121954023,0.001121954023,0,0.206821647288256,component_fields_missing_in_existing_trace,diagnostic_not_recomputed,benchmark_calibrated_not_original_paper_or_diagnostic,Existing trace exposes candidate_probability but not P_flow/P_HF_L/P1/P2 components.
benchmark_calibrated_seed,wind_speed_11_28,1,1,1,17,0.439430091983496,NaN,NaN,NaN,NaN,NaN,NaN,NaN,0.001782630685,0.001782630685,0,0.207799682383354,component_fields_missing_in_existing_trace,diagnostic_not_recomputed,benchmark_calibrated_not_original_paper_or_diagnostic,Existing trace exposes candidate_probability but not P_flow/P_HF_L/P1/P2 components.
benchmark_calibrated_seed,wind_speed_11_28,1,1,1,18,0.620281587237513,NaN,NaN,NaN,NaN,NaN,NaN,NaN,0.001321554223,0.001321554223,0,0.711922651806709,component_fields_missing_in_existing_trace,diagnostic_not_recomputed,benchmark_calibrated_not_original_paper_or_diagnostic,Existing trace exposes candidate_probability but not P_flow/P_HF_L/P1/P2 components.
benchmark_calibrated_seed,wind_speed_11_28,1,1,1,19,0.476843128584579,NaN,NaN,NaN,NaN,NaN,NaN,NaN,0.001782630685,0.001782630685,0,0.28443379458984,component_fields_missing_in_existing_trace,diagnostic_not_recomputed,benchmark_calibrated_not_original_paper_or_diagnostic,Existing trace exposes candidate_probability but not P_flow/P_HF_L/P1/P2 components.
benchmark_calibrated_seed,wind_speed_11_28,1,1,1,20,0.775146432602964,NaN,NaN,NaN,NaN,NaN,NaN,NaN,0.001650894553,0.001650894553,0,0.696500198808592,component_fields_missing_in_existing_trace,diagnostic_not_recomputed,benchmark_calibrated_not_original_paper_or_diagnostic,Existing trace exposes candidate_probability but not P_flow/P_HF_L/P1/P2 components.
benchmark_calibrated_seed,wind_speed_11_28,1,1,1,21,0.0869044025107542,NaN,NaN,NaN,NaN,NaN,NaN,NaN,0.001525146427,0.001525146427,0,0.503733882592069,component_fields_missing_in_existing_trace,diagnostic_not_recomputed,benchmark_calibrated_not_original_paper_or_diagnostic,Existing trace exposes candidate_probability but not P_flow/P_HF_L/P1/P2 components.
benchmark_calibrated_seed,wind_speed_11_28,1,1,1,22,0.0941313882204501,NaN,NaN,NaN,NaN,NaN,NaN,NaN,0.001512172414,0.001512172414,0,0.655614841147796,component_fields_missing_in_existing_trace,diagnostic_not_recomputed,benchmark_calibrated_not_original_paper_or_diagnostic,Existing trace exposes candidate_probability but not P_flow/P_HF_L/P1/P2 components.
benchmark_calibrated_seed,wind_speed_11_28,1,1,1,23,0.44305020502271,NaN,NaN,NaN,NaN,NaN,NaN,NaN,0.001532132434,0.001532132434,0,0.623374882083086,component_fields_missing_in_existing_trace,diagnostic_not_recomputed,benchmark_calibrated_not_original_paper_or_diagnostic,Existing trace exposes candidate_probability but not P_flow/P_HF_L/P1/P2 components.
benchmark_calibrated_seed,wind_speed_11_28,1,1,1,24,0.0655687643936659,NaN,NaN,NaN,NaN,NaN,NaN,NaN,0.001475246377,0.001475246377,0,0.155317707442154,component_fields_missing_in_existing_trace,diagnostic_not_recomputed,benchmark_calibrated_not_original_paper_or_diagnostic,Existing trace exposes candidate_probability but not P_flow/P_HF_L/P1/P2 components.
benchmark_calibrated_seed,wind_speed_11_28,1,1,1,25,0.548822172388474,NaN,NaN,NaN,NaN,NaN,NaN,NaN,0.001566064468,0.001566064468,0,0.52894515397785,component_fields_missing_in_existing_trace,diagnostic_not_recomputed,benchmark_calibrated_not_original_paper_or_diagnostic,Existing trace exposes candidate_probability but not P_flow/P_HF_L/P1/P2 components.
benchmark_calibrated_seed,wind_speed_11_28,1,1,1,26,0.251122618668712,NaN,NaN,NaN,NaN,NaN,NaN,NaN,0.001404388306,0.001404388306,0,0.246451107974866,component_fields_missing_in_existing_trace,diagnostic_not_recomputed,benchmark_calibrated_not_original_paper_or_diagnostic,Existing trace exposes candidate_probability but not P_flow/P_HF_L/P1/P2 components.
benchmark_calibrated_seed,wind_speed_11_28,1,1,1,27,0.795721891618119,NaN,NaN,NaN,NaN,NaN,NaN,NaN,0.001109978011,0.001109978011,0,0.116488994240136,component_fields_missing_in_existing_trace,diagnostic_not_recomputed,benchmark_calibrated_not_original_paper_or_diagnostic,Existing trace exposes candidate_probability but not P_flow/P_HF_L/P1/P2 components.
benchmark_calibrated_seed,wind_speed_11_28,1,1,1,28,0.535190678238495,NaN,NaN,NaN,NaN,NaN,NaN,NaN,0.001571054473,0.001571054473,0,0.651304258664072,component_fields_missing_in_existing_trace,diagnostic_not_recomputed,benchmark_calibrated_not_original_paper_or_diagnostic,Existing trace exposes candidate_probability but not P_flow/P_HF_L/P1/P2 components.
benchmark_calibrated_seed,wind_speed_11_28,1,1,1,29,0.099078671300846,NaN,NaN,NaN,NaN,NaN,NaN,NaN,0.0016978006,0.0016978006,0,0.89726864228207,component_fields_missing_in_existing_trace,diagnostic_not_recomputed,benchmark_calibrated_not_original_paper_or_diagnostic,Existing trace exposes candidate_probability but not P_flow/P_HF_L/P1/P2 components.
benchmark_calibrated_seed,wind_speed_11_28,1,1,1,30,0.21746052706209,NaN,NaN,NaN,NaN,NaN,NaN,NaN,0.00174770065,0.00174770065,0,0.224642804451432,component_fields_missing_in_existing_trace,diagnostic_not_recomputed,benchmark_calibrated_not_original_paper_or_diagnostic,Existing trace exposes candidate_probability but not P_flow/P_HF_L/P1/P2 components.
benchmark_calibrated_seed,wind_speed_11_28,1,1,1,31,0.0683341101841675,NaN,NaN,NaN,NaN,NaN,NaN,NaN,0.001679836582,0.001679836582,0,0.27873012227652,component_fields_missing_in_existing_trace,diagnostic_not_recomputed,benchmark_calibrated_not_original_paper_or_diagnostic,Existing trace exposes candidate_probability but not P_flow/P_HF_L/P1/P2 components.
benchmark_calibrated_seed,wind_speed_11_28,1,1,1,32,0.165684225669958,NaN,NaN,NaN,NaN,NaN,NaN,NaN,0.001612970515,0.001612970515,0,0.344351526922499,component_fields_missing_in_existing_trace,diagnostic_not_recomputed,benchmark_calibrated_not_original_paper_or_diagnostic,Existing trace exposes candidate_probability but not P_flow/P_HF_L/P1/P2 components.
benchmark_calibrated_seed,wind_speed_11_28,1,1,1,33,0.709697000281514,NaN,NaN,NaN,NaN,NaN,NaN,NaN,0.001123950025,0.001123950025,0,0.846418109204633,component_fields_missing_in_existing_trace,diagnostic_not_recomputed,benchmark_calibrated_not_original_paper_or_diagnostic,Existing trace exposes candidate_probability but not P_flow/P_HF_L/P1/P2 components.
benchmark_calibrated_seed,wind_speed_11_28,1,1,1,34,0.621313340630398,NaN,NaN,NaN,NaN,NaN,NaN,NaN,0.001123950025,0.001123950025,0,0.637035251917216,component_fields_missing_in_existing_trace,diagnostic_not_recomputed,benchmark_calibrated_not_original_paper_or_diagnostic,Existing trace exposes candidate_probability but not P_flow/P_HF_L/P1/P2 components.
benchmark_calibrated_seed,wind_speed_11_28,1,1,1,35,0.653351442662463,NaN,NaN,NaN,NaN,NaN,NaN,NaN,0.001611972514,0.001611972514,0,0.807883947108997,component_fields_missing_in_existing_trace,diagnostic_not_recomputed,benchmark_calibrated_not_original_paper_or_diagnostic,Existing trace exposes candidate_probability but not P_flow/P_HF_L/P1/P2 components.
benchmark_calibrated_seed,wind_speed_11_28,1,1,1,36,0.14509252308059,NaN,NaN,NaN,NaN,NaN,NaN,NaN,0.001679836582,0.001679836582,0,0.725160674369531,component_fields_missing_in_existing_trace,diagnostic_not_recomputed,benchmark_calibrated_not_original_paper_or_diagnostic,Existing trace exposes candidate_probability but not P_flow/P_HF_L/P1/P2 components.
benchmark_calibrated_seed,wind_speed_11_28,1,1,1,37,0.708770582914823,NaN,NaN,NaN,NaN,NaN,NaN,NaN,0.001599996502,0.001599996502,0,0.29893111856515,component_fields_missing_in_existing_trace,diagnostic_not_recomputed,benchmark_calibrated_not_original_paper_or_diagnostic,Existing trace exposes candidate_probability but not P_flow/P_HF_L/P1/P2 components.
benchmark_calibrated_seed,wind_speed_11_28,1,1,1,38,0.574727774207931,NaN,NaN,NaN,NaN,NaN,NaN,NaN,0.001475246377,0.001475246377,0,0.862056806291439,component_fields_missing_in_existing_trace,diagnostic_not_recomputed,benchmark_calibrated_not_original_paper_or_diagnostic,Existing trace exposes candidate_probability but not P_flow/P_HF_L/P1/P2 components.
benchmark_calibrated_seed,wind_speed_11_28,1,1,1,39,0.627947987389031,NaN,NaN,NaN,NaN,NaN,NaN,NaN,0.001543110445,0.001543110445,0,0.291938793150478,component_fields_missing_in_existing_trace,diagnostic_not_recomputed,benchmark_calibrated_not_original_paper_or_diagnostic,Existing trace exposes candidate_probability but not P_flow/P_HF_L/P1/P2 components.
benchmark_calibrated_seed,wind_speed_11_28,1,1,1,40,0.307847675583741,NaN,NaN,NaN,NaN,NaN,NaN,NaN,0.00158802049,0.00158802049,0,0.620604819523615,component_fields_missing_in_existing_trace,diagnostic_not_recomputed,benchmark_calibrated_not_original_paper_or_diagnostic,Existing trace exposes candidate_probability but not P_flow/P_HF_L/P1/P2 components.
benchmark_calibrated_seed,wind_speed_11_28,1,1,1,41,0.61578884557256,NaN,NaN,NaN,NaN,NaN,NaN,NaN,0.001555086457,0.001555086457,0,0.163290239030076,component_fields_missing_in_existing_trace,diagnostic_not_recomputed,benchmark_calibrated_not_original_paper_or_diagnostic,Existing trace exposes candidate_probability but not P_flow/P_HF_L/P1/P2 components.
benchmark_calibrated_seed,wind_speed_11_28,1,1,1,42,0.448485134845309,NaN,NaN,NaN,NaN,NaN,NaN,NaN,0.001700794603,0.001700794603,0,0.461904997768522,component_fields_missing_in_existing_trace,diagnostic_not_recomputed,benchmark_calibrated_not_original_paper_or_diagnostic,Existing trace exposes candidate_probability but not P_flow/P_HF_L/P1/P2 components.
benchmark_calibrated_seed,wind_speed_11_28,1,1,1,43,0.158105581219144,NaN,NaN,NaN,NaN,NaN,NaN,NaN,0.001575046477,0.001575046477,0,0.901782380542035,component_fields_missing_in_existing_trace,diagnostic_not_recomputed,benchmark_calibrated_not_original_paper_or_diagnostic,Existing trace exposes candidate_probability but not P_flow/P_HF_L/P1/P2 components.
benchmark_calibrated_seed,wind_speed_11_28,1,1,1,44,0.243533542975639,NaN,NaN,NaN,NaN,NaN,NaN,NaN,0.001123950025,0.001123950025,0,0.933878854174965,component_fields_missing_in_existing_trace,diagnostic_not_recomputed,benchmark_calibrated_not_original_paper_or_diagnostic,Existing trace exposes candidate_probability but not P_flow/P_HF_L/P1/P2 components.
benchmark_calibrated_seed,wind_speed_11_28,1,1,1,45,0.489166444938391,NaN,NaN,NaN,NaN,NaN,NaN,NaN,0.001550096452,0.001550096452,0,0.82062212247485,component_fields_missing_in_existing_trace,diagnostic_not_recomputed,benchmark_calibrated_not_original_paper_or_diagnostic,Existing trace exposes candidate_probability but not P_flow/P_HF_L/P1/P2 components.
benchmark_calibrated_seed,wind_speed_11_28,1,1,1,46,0.59601146371266,NaN,NaN,NaN,NaN,NaN,NaN,NaN,0.001512172414,0.001512172414,0,0.260715083597364,component_fields_missing_in_existing_trace,diagnostic_not_recomputed,benchmark_calibrated_not_original_paper_or_diagnostic,Existing trace exposes candidate_probability but not P_flow/P_HF_L/P1/P2 components.
benchmark_calibrated_seed,wind_speed_11_28,1,1,2,2,0.107141961901022,NaN,NaN,NaN,NaN,NaN,NaN,NaN,0.001679836582,0.001679836582,0,0.721014733829682,component_fields_missing_in_existing_trace,diagnostic_not_recomputed,benchmark_calibrated_not_original_paper_or_diagnostic,Existing trace exposes candidate_probability but not P_flow/P_HF_L/P1/P2 components.
benchmark_calibrated_seed,wind_speed_11_28,1,1,2,4,0.792449246000005,NaN,NaN,NaN,NaN,NaN,NaN,NaN,0.001543110445,0.001543110445,0,0.841338713849263,component_fields_missing_in_existing_trace,diagnostic_not_recomputed,benchmark_calibrated_not_original_paper_or_diagnostic,Existing trace exposes candidate_probability but not P_flow/P_HF_L/P1/P2 components.
benchmark_calibrated_seed,wind_speed_11_28,1,1,2,5,0.441975834928141,NaN,NaN,NaN,NaN,NaN,NaN,NaN,0.001575046477,0.001575046477,0,0.0740985352997853,component_fields_missing_in_existing_trace,diagnostic_not_recomputed,benchmark_calibrated_not_original_paper_or_diagnostic,Existing trace exposes candidate_probability but not P_flow/P_HF_L/P1/P2 components.
benchmark_calibrated_seed,wind_speed_11_28,1,1,2,6,0.0773368031820977,NaN,NaN,NaN,NaN,NaN,NaN,NaN,0.001645904548,0.001645904548,0,0.951382678558877,component_fields_missing_in_existing_trace,diagnostic_not_recomputed,benchmark_calibrated_not_original_paper_or_diagnostic,Existing trace exposes candidate_probability but not P_flow/P_HF_L/P1/P2 components.
benchmark_calibrated_seed,wind_speed_11_28,1,1,2,7,0.72182016349359,NaN,NaN,NaN,NaN,NaN,NaN,NaN,0.001532132434,0.001532132434,0,0.221142009938414,component_fields_missing_in_existing_trace,diagnostic_not_recomputed,benchmark_calibrated_not_original_paper_or_diagnostic,Existing trace exposes candidate_probability but not P_flow/P_HF_L/P1/P2 components.
benchmark_calibrated_seed,wind_speed_11_28,1,1,2,8,0.257135467705716,NaN,NaN,NaN,NaN,NaN,NaN,NaN,0.001132932034,0.001132932034,0,0.194800408565788,component_fields_missing_in_existing_trace,diagnostic_not_recomputed,benchmark_calibrated_not_original_paper_or_diagnostic,Existing trace exposes candidate_probability but not P_flow/P_HF_L/P1/P2 components.
benchmark_calibrated_seed,wind_speed_11_28,1,1,2,9,0.696132210754212,NaN,NaN,NaN,NaN,NaN,NaN,NaN,0.001713768616,0.001713768616,0,0.642268232375736,component_fields_missing_in_existing_trace,diagnostic_not_recomputed,benchmark_calibrated_not_original_paper_or_diagnostic,Existing trace exposes candidate_probability but not P_flow/P_HF_L/P1/P2 components.
benchmark_calibrated_seed,wind_speed_11_28,1,1,2,10,0.565961907114782,NaN,NaN,NaN,NaN,NaN,NaN,NaN,0.001679836582,0.001679836582,0,0.0204185362881291,component_fields_missing_in_existing_trace,diagnostic_not_recomputed,benchmark_calibrated_not_original_paper_or_diagnostic,Existing trace exposes candidate_probability but not P_flow/P_HF_L/P1/P2 components.
benchmark_calibrated_seed,wind_speed_11_28,1,1,2,11,0.595894509148453,NaN,NaN,NaN,NaN,NaN,NaN,NaN,0.001662870565,0.001662870565,0,0.586642692229454,component_fields_missing_in_existing_trace,diagnostic_not_recomputed,benchmark_calibrated_not_original_paper_or_diagnostic,Existing trace exposes candidate_probability but not P_flow/P_HF_L/P1/P2 components.
benchmark_calibrated_seed,wind_speed_11_28,1,1,2,12,0.718860249098029,NaN,NaN,NaN,NaN,NaN,NaN,NaN,0.001361474263,0.001361474263,0,0.921127834242827,component_fields_missing_in_existing_trace,diagnostic_not_recomputed,benchmark_calibrated_not_original_paper_or_diagnostic,Existing trace exposes candidate_probability but not P_flow/P_HF_L/P1/P2 components.
benchmark_calibrated_seed,wind_speed_11_28,1,1,2,13,0.783085331944579,NaN,NaN,NaN,NaN,NaN,NaN,NaN,0.001599996502,0.001599996502,0,0.974584161697346,component_fields_missing_in_existing_trace,diagnostic_not_recomputed,benchmark_calibrated_not_original_paper_or_diagnostic,Existing trace exposes candidate_probability but not P_flow/P_HF_L/P1/P2 components.
benchmark_calibrated_seed,wind_speed_11_28,1,1,2,14,0.578304830958323,NaN,NaN,NaN,NaN,NaN,NaN,NaN,0.001475246377,0.001475246377,0,0.136461747994997,component_fields_missing_in_existing_trace,diagnostic_not_recomputed,benchmark_calibrated_not_original_paper_or_diagnostic,Existing trace exposes candidate_probability but not P_flow/P_HF_L/P1/P2 components.
benchmark_calibrated_seed,wind_speed_11_28,1,1,2,15,0.441745524518712,NaN,NaN,NaN,NaN,NaN,NaN,NaN,0.001121954023,0.001121954023,0,0.741101172925067,component_fields_missing_in_existing_trace,diagnostic_not_recomputed,benchmark_calibrated_not_original_paper_or_diagnostic,Existing trace exposes candidate_probability but not P_flow/P_HF_L/P1/P2 components.
benchmark_calibrated_seed,wind_speed_11_28,1,1,2,16,0.468797746540774,NaN,NaN,NaN,NaN,NaN,NaN,NaN,0.001121954023,0.001121954023,0,0.901097893347671,component_fields_missing_in_existing_trace,diagnostic_not_recomputed,benchmark_calibrated_not_original_paper_or_diagnostic,Existing trace exposes candidate_probability but not P_flow/P_HF_L/P1/P2 components.
benchmark_calibrated_seed,wind_speed_11_28,1,1,2,17,0.443084606726607,NaN,NaN,NaN,NaN,NaN,NaN,NaN,0.001782630685,0.001782630685,0,0.121225701973294,component_fields_missing_in_existing_trace,diagnostic_not_recomputed,benchmark_calibrated_not_original_paper_or_diagnostic,Existing trace exposes candidate_probability but not P_flow/P_HF_L/P1/P2 components.
benchmark_calibrated_seed,wind_speed_11_28,1,1,2,18,0.648096663601433,NaN,NaN,NaN,NaN,NaN,NaN,NaN,0.001321554223,0.001321554223,0,0.690681738196416,component_fields_missing_in_existing_trace,diagnostic_not_recomputed,benchmark_calibrated_not_original_paper_or_diagnostic,Existing trace exposes candidate_probability but not P_flow/P_HF_L/P1/P2 components.
benchmark_calibrated_seed,wind_speed_11_28,1,1,2,19,0.485116269411815,NaN,NaN,NaN,NaN,NaN,NaN,NaN,0.001782630685,0.001782630685,0,0.00903141365245441,component_fields_missing_in_existing_trace,diagnostic_not_recomputed,benchmark_calibrated_not_original_paper_or_diagnostic,Existing trace exposes candidate_probability but not P_flow/P_HF_L/P1/P2 components.
benchmark_calibrated_seed,wind_speed_11_28,1,1,2,20,0.807707935040964,NaN,NaN,NaN,NaN,NaN,NaN,NaN,0.001650894553,0.001650894553,0,0.528713344643486,component_fields_missing_in_existing_trace,diagnostic_not_recomputed,benchmark_calibrated_not_original_paper_or_diagnostic,Existing trace exposes candidate_probability but not P_flow/P_HF_L/P1/P2 components.
benchmark_calibrated_seed,wind_speed_11_28,1,1,2,21,0.0900138839667108,NaN,NaN,NaN,NaN,NaN,NaN,NaN,0.001525146427,0.001525146427,0,0.685408299279165,component_fields_missing_in_existing_trace,diagnostic_not_recomputed,benchmark_calibrated_not_original_paper_or_diagnostic,Existing trace exposes candidate_probability but not P_flow/P_HF_L/P1/P2 components.
benchmark_calibrated_seed,wind_speed_11_28,1,1,2,22,0.0917899203554514,NaN,NaN,NaN,NaN,NaN,NaN,NaN,0.001512172414,0.001512172414,0,0.0486334876777912,component_fields_missing_in_existing_trace,diagnostic_not_recomputed,benchmark_calibrated_not_original_paper_or_diagnostic,Existing trace exposes candidate_probability but not P_flow/P_HF_L/P1/P2 components.
benchmark_calibrated_seed,wind_speed_11_28,1,1,2,23,0.44203955117978,NaN,NaN,NaN,NaN,NaN,NaN,NaN,0.001532132434,0.001532132434,0,0.423207908847725,component_fields_missing_in_existing_trace,diagnostic_not_recomputed,benchmark_calibrated_not_original_paper_or_diagnostic,Existing trace exposes candidate_probability but not P_flow/P_HF_L/P1/P2 components.
benchmark_calibrated_seed,wind_speed_11_28,1,1,2,24,0.183854839038062,NaN,NaN,NaN,NaN,NaN,NaN,NaN,0.001475246377,0.001475246377,0,0.805346317134497,component_fields_missing_in_existing_trace,diagnostic_not_recomputed,benchmark_calibrated_not_original_paper_or_diagnostic,Existing trace exposes candidate_probability but not P_flow/P_HF_L/P1/P2 components.
benchmark_calibrated_seed,wind_speed_11_28,1,1,2,25,0.716530825839423,NaN,NaN,NaN,NaN,NaN,NaN,NaN,0.001566064468,0.001566064468,0,0.916199353293787,component_fields_missing_in_existing_trace,diagnostic_not_recomputed,benchmark_calibrated_not_original_paper_or_diagnostic,Existing trace exposes candidate_probability but not P_flow/P_HF_L/P1/P2 components.
benchmark_calibrated_seed,wind_speed_11_28,1,1,2,26,0.228035133034967,NaN,NaN,NaN,NaN,NaN,NaN,NaN,0.001404388306,0.001404388306,0,0.0585596915309827,component_fields_missing_in_existing_trace,diagnostic_not_recomputed,benchmark_calibrated_not_original_paper_or_diagnostic,Existing trace exposes candidate_probability but not P_flow/P_HF_L/P1/P2 components.
benchmark_calibrated_seed,wind_speed_11_28,1,1,2,27,0.83826330824125,NaN,NaN,NaN,NaN,NaN,NaN,NaN,0.001109978011,0.001109978011,0,0.273140098744731,component_fields_missing_in_existing_trace,diagnostic_not_recomputed,benchmark_calibrated_not_original_paper_or_diagnostic,Existing trace exposes candidate_probability but not P_flow/P_HF_L/P1/P2 components.
benchmark_calibrated_seed,wind_speed_11_28,1,1,2,28,0.519660409312153,NaN,NaN,NaN,NaN,NaN,NaN,NaN,0.001571054473,0.001571054473,0,0.780449253301181,component_fields_missing_in_existing_trace,diagnostic_not_recomputed,benchmark_calibrated_not_original_paper_or_diagnostic,Existing trace exposes candidate_probability but not P_flow/P_HF_L/P1/P2 components.
benchmark_calibrated_seed,wind_speed_11_28,1,1,2,29,0.142346083590937,NaN,NaN,NaN,NaN,NaN,NaN,NaN,0.0016978006,0.0016978006,0,0.825599129787258,component_fields_missing_in_existing_trace,diagnostic_not_recomputed,benchmark_calibrated_not_original_paper_or_diagnostic,Existing trace exposes candidate_probability but not P_flow/P_HF_L/P1/P2 components.
benchmark_calibrated_seed,wind_speed_11_28,1,1,2,30,0.869806448262725,NaN,NaN,NaN,NaN,NaN,NaN,NaN,0.00174770065,0.00174770065,0,0.696697365737433,component_fields_missing_in_existing_trace,diagnostic_not_recomputed,benchmark_calibrated_not_original_paper_or_diagnostic,Existing trace exposes candidate_probability but not P_flow/P_HF_L/P1/P2 components.
benchmark_calibrated_seed,wind_speed_11_28,1,1,2,31,0.819493238471134,NaN,NaN,NaN,NaN,NaN,NaN,NaN,0.001679836582,0.001679836582,0,0.5520490162259,component_fields_missing_in_existing_trace,diagnostic_not_recomputed,benchmark_calibrated_not_original_paper_or_diagnostic,Existing trace exposes candidate_probability but not P_flow/P_HF_L/P1/P2 components.
benchmark_calibrated_seed,wind_speed_11_28,1,1,2,32,0.168441290808468,NaN,NaN,NaN,NaN,NaN,NaN,NaN,0.001612970515,0.001612970515,0,0.26813821672697,component_fields_missing_in_existing_trace,diagnostic_not_recomputed,benchmark_calibrated_not_original_paper_or_diagnostic,Existing trace exposes candidate_probability but not P_flow/P_HF_L/P1/P2 components.
benchmark_calibrated_seed,wind_speed_11_28,1,1,2,33,0.729475669466819,NaN,NaN,NaN,NaN,NaN,NaN,NaN,0.001123950025,0.001123950025,0,0.642927738447845,component_fields_missing_in_existing_trace,diagnostic_not_recomputed,benchmark_calibrated_not_original_paper_or_diagnostic,Existing trace exposes candidate_probability but not P_flow/P_HF_L/P1/P2 components.
benchmark_calibrated_seed,wind_speed_11_28,1,1,2,34,0.629221089616946,NaN,NaN,NaN,NaN,NaN,NaN,NaN,0.001123950025,0.001123950025,0,0.765308786649966,component_fields_missing_in_existing_trace,diagnostic_not_recomputed,benchmark_calibrated_not_original_paper_or_diagnostic,Existing trace exposes candidate_probability but not P_flow/P_HF_L/P1/P2 components.
benchmark_calibrated_seed,wind_speed_11_28,1,1,2,35,0.659951698233961,NaN,NaN,NaN,NaN,NaN,NaN,NaN,0.001611972514,0.001611972514,0,0.262664197308984,component_fields_missing_in_existing_trace,diagnostic_not_recomputed,benchmark_calibrated_not_original_paper_or_diagnostic,Existing trace exposes candidate_probability but not P_flow/P_HF_L/P1/P2 components.
benchmark_calibrated_seed,wind_speed_11_28,1,1,2,36,0.148403242660566,NaN,NaN,NaN,NaN,NaN,NaN,NaN,0.001679836582,0.001679836582,0,0.399059873741765,component_fields_missing_in_existing_trace,diagnostic_not_recomputed,benchmark_calibrated_not_original_paper_or_diagnostic,Existing trace exposes candidate_probability but not P_flow/P_HF_L/P1/P2 components.
benchmark_calibrated_seed,wind_speed_11_28,1,1,2,37,0.726947126549299,NaN,NaN,NaN,NaN,NaN,NaN,NaN,0.001599996502,0.001599996502,0,0.340530513132787,component_fields_missing_in_existing_trace,diagnostic_not_recomputed,benchmark_calibrated_not_original_paper_or_diagnostic,Existing trace exposes candidate_probability but not P_flow/P_HF_L/P1/P2 components.
benchmark_calibrated_seed,wind_speed_11_28,1,1,2,38,0.5706546844898,NaN,NaN,NaN,NaN,NaN,NaN,NaN,0.001475246377,0.001475246377,0,0.8014936705967,component_fields_missing_in_existing_trace,diagnostic_not_recomputed,benchmark_calibrated_not_original_paper_or_diagnostic,Existing trace exposes candidate_probability but not P_flow/P_HF_L/P1/P2 components.
benchmark_calibrated_seed,wind_speed_11_28,1,1,2,39,0.631504311798097,NaN,NaN,NaN,NaN,NaN,NaN,NaN,0.001543110445,0.001543110445,0,0.363567337010433,component_fields_missing_in_existing_trace,diagnostic_not_recomputed,benchmark_calibrated_not_original_paper_or_diagnostic,Existing trace exposes candidate_probability but not P_flow/P_HF_L/P1/P2 components.
benchmark_calibrated_seed,wind_speed_11_28,1,1,2,40,1.18817711755641,NaN,NaN,NaN,NaN,NaN,NaN,NaN,1,1,1,0.865074693263921,component_fields_missing_in_existing_trace,diagnostic_not_recomputed,benchmark_calibrated_not_original_paper_or_diagnostic,Existing trace exposes candidate_probability but not P_flow/P_HF_L/P1/P2 components.
benchmark_calibrated_seed,wind_speed_11_28,1,1,2,41,0.637408012789505,NaN,NaN,NaN,NaN,NaN,NaN,NaN,0.001555086457,0.001555086457,0,0.564400757951683,component_fields_missing_in_existing_trace,diagnostic_not_recomputed,benchmark_calibrated_not_original_paper_or_diagnostic,Existing trace exposes candidate_probability but not P_flow/P_HF_L/P1/P2 components.
benchmark_calibrated_seed,wind_speed_11_28,1,1,2,42,1.29526460980635,NaN,NaN,NaN,NaN,NaN,NaN,NaN,1,1,1,0.706729635488238,component_fields_missing_in_existing_trace,diagnostic_not_recomputed,benchmark_calibrated_not_original_paper_or_diagnostic,Existing trace exposes candidate_probability but not P_flow/P_HF_L/P1/P2 components.
benchmark_calibrated_seed,wind_speed_11_28,1,1,2,43,0.189361075884559,NaN,NaN,NaN,NaN,NaN,NaN,NaN,0.001575046477,0.001575046477,0,0.248839153232659,component_fields_missing_in_existing_trace,diagnostic_not_recomputed,benchmark_calibrated_not_original_paper_or_diagnostic,Existing trace exposes candidate_probability but not P_flow/P_HF_L/P1/P2 components.
benchmark_calibrated_seed,wind_speed_11_28,1,1,2,44,0.259036223472059,NaN,NaN,NaN,NaN,NaN,NaN,NaN,0.001123950025,0.001123950025,0,0.847767410940122,component_fields_missing_in_existing_trace,diagnostic_not_recomputed,benchmark_calibrated_not_original_paper_or_diagnostic,Existing trace exposes candidate_probability but not P_flow/P_HF_L/P1/P2 components.
benchmark_calibrated_seed,wind_speed_11_28,1,1,2,45,0.488740354253187,NaN,NaN,NaN,NaN,NaN,NaN,NaN,0.001550096452,0.001550096452,0,0.237067145586319,component_fields_missing_in_existing_trace,diagnostic_not_recomputed,benchmark_calibrated_not_original_paper_or_diagnostic,Existing trace exposes candidate_probability but not P_flow/P_HF_L/P1/P2 components.
benchmark_calibrated_seed,wind_speed_11_28,1,1,2,46,0.603894744432339,NaN,NaN,NaN,NaN,NaN,NaN,NaN,0.001512172414,0.001512172414,0,0.369269206842675,component_fields_missing_in_existing_trace,diagnostic_not_recomputed,benchmark_calibrated_not_original_paper_or_diagnostic,Existing trace exposes candidate_probability but not P_flow/P_HF_L/P1/P2 components.
benchmark_calibrated_seed,wind_speed_11_28,1,1,3,2,0.107141961901021,NaN,NaN,NaN,NaN,NaN,NaN,NaN,0.001679836582,0.001679836582,0,0.754014208326896,component_fields_missing_in_existing_trace,diagnostic_not_recomputed,benchmark_calibrated_not_original_paper_or_diagnostic,Existing trace exposes candidate_probability but not P_flow/P_HF_L/P1/P2 components.
benchmark_calibrated_seed,wind_speed_11_28,1,1,3,6,0.685364943940545,NaN,NaN,NaN,NaN,NaN,NaN,NaN,0.001645904548,0.001645904548,0,0.316408497059037,component_fields_missing_in_existing_trace,diagnostic_not_recomputed,benchmark_calibrated_not_original_paper_or_diagnostic,Existing trace exposes candidate_probability but not P_flow/P_HF_L/P1/P2 components.
benchmark_calibrated_seed,wind_speed_11_28,1,1,3,7,0.150007031141399,NaN,NaN,NaN,NaN,NaN,NaN,NaN,0.001532132434,0.001532132434,0,0.192539365438709,component_fields_missing_in_existing_trace,diagnostic_not_recomputed,benchmark_calibrated_not_original_paper_or_diagnostic,Existing trace exposes candidate_probability but not P_flow/P_HF_L/P1/P2 components.
benchmark_calibrated_seed,wind_speed_11_28,1,1,3,8,0.97007769104026,NaN,NaN,NaN,NaN,NaN,NaN,NaN,0.700485210606758,0.700485210606758,1,0.184450866092193,component_fields_missing_in_existing_trace,diagnostic_not_recomputed,benchmark_calibrated_not_original_paper_or_diagnostic,Existing trace exposes candidate_probability but not P_flow/P_HF_L/P1/P2 components.
benchmark_calibrated_seed,wind_speed_11_28,1,1,3,9,0.57995888389295,NaN,NaN,NaN,NaN,NaN,NaN,NaN,0.001713768616,0.001713768616,0,0.218854476673358,component_fields_missing_in_existing_trace,diagnostic_not_recomputed,benchmark_calibrated_not_original_paper_or_diagnostic,Existing trace exposes candidate_probability but not P_flow/P_HF_L/P1/P2 components.
benchmark_calibrated_seed,wind_speed_11_28,1,1,3,10,0.899820444304211,NaN,NaN,NaN,NaN,NaN,NaN,NaN,0.001679836582,0.001679836582,0,0.86744013560098,component_fields_missing_in_existing_trace,diagnostic_not_recomputed,benchmark_calibrated_not_original_paper_or_diagnostic,Existing trace exposes candidate_probability but not P_flow/P_HF_L/P1/P2 components.
benchmark_calibrated_seed,wind_speed_11_28,1,1,3,11,0.547144856019869,NaN,NaN,NaN,NaN,NaN,NaN,NaN,0.001662870565,0.001662870565,0,0.458199652065828,component_fields_missing_in_existing_trace,diagnostic_not_recomputed,benchmark_calibrated_not_original_paper_or_diagnostic,Existing trace exposes candidate_probability but not P_flow/P_HF_L/P1/P2 components.
benchmark_calibrated_seed,wind_speed_11_28,1,1,3,12,0.762015049360126,NaN,NaN,NaN,NaN,NaN,NaN,NaN,0.001361474263,0.001361474263,0,0.600332850745045,component_fields_missing_in_existing_trace,diagnostic_not_recomputed,benchmark_calibrated_not_original_paper_or_diagnostic,Existing trace exposes candidate_probability but not P_flow/P_HF_L/P1/P2 components.
benchmark_calibrated_seed,wind_speed_11_28,1,1,3,13,0.476308464556959,NaN,NaN,NaN,NaN,NaN,NaN,NaN,0.001599996502,0.001599996502,0,0.212295103568016,component_fields_missing_in_existing_trace,diagnostic_not_recomputed,benchmark_calibrated_not_original_paper_or_diagnostic,Existing trace exposes candidate_probability but not P_flow/P_HF_L/P1/P2 components.
benchmark_calibrated_seed,wind_speed_11_28,1,1,3,14,1.08710828267092,NaN,NaN,NaN,NaN,NaN,NaN,NaN,1,1,1,0.554921050936025,component_fields_missing_in_existing_trace,diagnostic_not_recomputed,benchmark_calibrated_not_original_paper_or_diagnostic,Existing trace exposes candidate_probability but not P_flow/P_HF_L/P1/P2 components.
benchmark_calibrated_seed,wind_speed_11_28,1,1,3,15,0.488745985862253,NaN,NaN,NaN,NaN,NaN,NaN,NaN,0.001121954023,0.001121954023,0,0.978392407045527,component_fields_missing_in_existing_trace,diagnostic_not_recomputed,benchmark_calibrated_not_original_paper_or_diagnostic,Existing trace exposes candidate_probability but not P_flow/P_HF_L/P1/P2 components.
benchmark_calibrated_seed,wind_speed_11_28,1,1,3,16,0.498876343926396,NaN,NaN,NaN,NaN,NaN,NaN,NaN,0.001121954023,0.001121954023,0,0.565127019455672,component_fields_missing_in_existing_trace,diagnostic_not_recomputed,benchmark_calibrated_not_original_paper_or_diagnostic,Existing trace exposes candidate_probability but not P_flow/P_HF_L/P1/P2 components.
benchmark_calibrated_seed,wind_speed_11_28,1,1,3,17,0.462788526363009,NaN,NaN,NaN,NaN,NaN,NaN,NaN,0.001782630685,0.001782630685,0,0.071710820438904,component_fields_missing_in_existing_trace,diagnostic_not_recomputed,benchmark_calibrated_not_original_paper_or_diagnostic,Existing trace exposes candidate_probability but not P_flow/P_HF_L/P1/P2 components.
benchmark_calibrated_seed,wind_speed_11_28,1,1,3,18,0.446335147827344,NaN,NaN,NaN,NaN,NaN,NaN,NaN,0.001321554223,0.001321554223,0,0.706930805343207,component_fields_missing_in_existing_trace,diagnostic_not_recomputed,benchmark_calibrated_not_original_paper_or_diagnostic,Existing trace exposes candidate_probability but not P_flow/P_HF_L/P1/P2 components.
benchmark_calibrated_seed,wind_speed_11_28,1,1,3,19,0.936392528209357,NaN,NaN,NaN,NaN,NaN,NaN,NaN,0.364731635649779,0.364731635649779,1,0.31451731692725,component_fields_missing_in_existing_trace,diagnostic_not_recomputed,benchmark_calibrated_not_original_paper_or_diagnostic,Existing trace exposes candidate_probability but not P_flow/P_HF_L/P1/P2 components.
benchmark_calibrated_seed,wind_speed_11_28,1,1,3,20,0.909844608153278,NaN,NaN,NaN,NaN,NaN,NaN,NaN,0.0998458505126331,0.0998458505126331,0,0.863428460709262,component_fields_missing_in_existing_trace,diagnostic_not_recomputed,benchmark_calibrated_not_original_paper_or_diagnostic,Existing trace exposes candidate_probability but not P_flow/P_HF_L/P1/P2 components.
benchmark_calibrated_seed,wind_speed_11_28,1,1,3,21,0.0984847719120204,NaN,NaN,NaN,NaN,NaN,NaN,NaN,0.001525146427,0.001525146427,0,0.0948200737226772,component_fields_missing_in_existing_trace,diagnostic_not_recomputed,benchmark_calibrated_not_original_paper_or_diagnostic,Existing trace exposes candidate_probability but not P_flow/P_HF_L/P1/P2 components.
benchmark_calibrated_seed,wind_speed_11_28,1,1,3,22,0.105042607337665,NaN,NaN,NaN,NaN,NaN,NaN,NaN,0.001512172414,0.001512172414,0,0.752187556827635,component_fields_missing_in_existing_trace,diagnostic_not_recomputed,benchmark_calibrated_not_original_paper_or_diagnostic,Existing trace exposes candidate_probability but not P_flow/P_HF_L/P1/P2 components.
benchmark_calibrated_seed,wind_speed_11_28,1,1,3,23,0.942762556824188,NaN,NaN,NaN,NaN,NaN,NaN,NaN,0.428117658661751,0.428117658661751,0,0.818354813260669,component_fields_missing_in_existing_trace,diagnostic_not_recomputed,benchmark_calibrated_not_original_paper_or_diagnostic,Existing trace exposes candidate_probability but not P_flow/P_HF_L/P1/P2 components.
benchmark_calibrated_seed,wind_speed_11_28,1,1,3,24,0.498653424446869,NaN,NaN,NaN,NaN,NaN,NaN,NaN,0.001475246377,0.001475246377,0,0.37127108948605,component_fields_missing_in_existing_trace,diagnostic_not_recomputed,benchmark_calibrated_not_original_paper_or_diagnostic,Existing trace exposes candidate_probability but not P_flow/P_HF_L/P1/P2 components.
benchmark_calibrated_seed,wind_speed_11_28,1,1,3,25,0.32839623100017,NaN,NaN,NaN,NaN,NaN,NaN,NaN,0.001566064468,0.001566064468,0,0.522510752359951,component_fields_missing_in_existing_trace,diagnostic_not_recomputed,benchmark_calibrated_not_original_paper_or_diagnostic,Existing trace exposes candidate_probability but not P_flow/P_HF_L/P1/P2 components.
benchmark_calibrated_seed,wind_speed_11_28,1,1,3,26,0.756205727317845,NaN,NaN,NaN,NaN,NaN,NaN,NaN,0.001404388306,0.001404388306,0,0.682714698051752,component_fields_missing_in_existing_trace,diagnostic_not_recomputed,benchmark_calibrated_not_original_paper_or_diagnostic,Existing trace exposes candidate_probability but not P_flow/P_HF_L/P1/P2 components.
benchmark_calibrated_seed,wind_speed_11_28,1,1,3,27,0.88385657623012,NaN,NaN,NaN,NaN,NaN,NaN,NaN,0.001109978011,0.001109978011,0,0.251737680786146,component_fields_missing_in_existing_trace,diagnostic_not_recomputed,benchmark_calibrated_not_original_paper_or_diagnostic,Existing trace exposes candidate_probability but not P_flow/P_HF_L/P1/P2 components.
benchmark_calibrated_seed,wind_speed_11_28,1,1,3,28,0.514698279117023,NaN,NaN,NaN,NaN,NaN,NaN,NaN,0.001571054473,0.001571054473,0,0.442351671862379,component_fields_missing_in_existing_trace,diagnostic_not_recomputed,benchmark_calibrated_not_original_paper_or_diagnostic,Existing trace exposes candidate_probability but not P_flow/P_HF_L/P1/P2 components.
benchmark_calibrated_seed,wind_speed_11_28,1,1,3,29,0.179919934571426,NaN,NaN,NaN,NaN,NaN,NaN,NaN,0.0016978006,0.0016978006,0,0.49455624394491,component_fields_missing_in_existing_trace,diagnostic_not_recomputed,benchmark_calibrated_not_original_paper_or_diagnostic,Existing trace exposes candidate_probability but not P_flow/P_HF_L/P1/P2 components.
benchmark_calibrated_seed,wind_speed_11_28,1,1,3,30,0.280689360876108,NaN,NaN,NaN,NaN,NaN,NaN,NaN,0.00174770065,0.00174770065,0,0.551148255861535,component_fields_missing_in_existing_trace,diagnostic_not_recomputed,benchmark_calibrated_not_original_paper_or_diagnostic,Existing trace exposes candidate_probability but not P_flow/P_HF_L/P1/P2 components.
benchmark_calibrated_seed,wind_speed_11_28,1,1,3,31,0.484943438855387,NaN,NaN,NaN,NaN,NaN,NaN,NaN,0.001679836582,0.001679836582,0,0.8671177379847,component_fields_missing_in_existing_trace,diagnostic_not_recomputed,benchmark_calibrated_not_original_paper_or_diagnostic,Existing trace exposes candidate_probability but not P_flow/P_HF_L/P1/P2 components.
benchmark_calibrated_seed,wind_speed_11_28,1,1,3,32,0.173346788398568,NaN,NaN,NaN,NaN,NaN,NaN,NaN,0.001612970515,0.001612970515,0,0.163433930399617,component_fields_missing_in_existing_trace,diagnostic_not_recomputed,benchmark_calibrated_not_original_paper_or_diagnostic,Existing trace exposes candidate_probability but not P_flow/P_HF_L/P1/P2 components.
benchmark_calibrated_seed,wind_speed_11_28,1,1,3,33,0.749305760665946,NaN,NaN,NaN,NaN,NaN,NaN,NaN,0.001123950025,0.001123950025,0,0.849849228915092,component_fields_missing_in_existing_trace,diagnostic_not_recomputed,benchmark_calibrated_not_original_paper_or_diagnostic,Existing trace exposes candidate_probability but not P_flow/P_HF_L/P1/P2 components.
benchmark_calibrated_seed,wind_speed_11_28,1,1,3,34,0.636741508867554,NaN,NaN,NaN,NaN,NaN,NaN,NaN,0.001123950025,0.001123950025,0,0.470235446168902,component_fields_missing_in_existing_trace,diagnostic_not_recomputed,benchmark_calibrated_not_original_paper_or_diagnostic,Existing trace exposes candidate_probability but not P_flow/P_HF_L/P1/P2 components.
benchmark_calibrated_seed,wind_speed_11_28,1,1,3,35,0.668767854209998,NaN,NaN,NaN,NaN,NaN,NaN,NaN,0.001611972514,0.001611972514,0,0.939833708821593,component_fields_missing_in_existing_trace,diagnostic_not_recomputed,benchmark_calibrated_not_original_paper_or_diagnostic,Existing trace exposes candidate_probability but not P_flow/P_HF_L/P1/P2 components.
benchmark_calibrated_seed,wind_speed_11_28,1,1,3,36,0.151204798843155,NaN,NaN,NaN,NaN,NaN,NaN,NaN,0.001679836582,0.001679836582,0,0.456574261369656,component_fields_missing_in_existing_trace,diagnostic_not_recomputed,benchmark_calibrated_not_original_paper_or_diagnostic,Existing trace exposes candidate_probability but not P_flow/P_HF_L/P1/P2 components.
benchmark_calibrated_seed,wind_speed_11_28,1,1,3,37,0.745973398219303,NaN,NaN,NaN,NaN,NaN,NaN,NaN,0.001599996502,0.001599996502,0,0.950256639944263,component_fields_missing_in_existing_trace,diagnostic_not_recomputed,benchmark_calibrated_not_original_paper_or_diagnostic,Existing trace exposes candidate_probability but not P_flow/P_HF_L/P1/P2 components.
benchmark_calibrated_seed,wind_speed_11_28,1,1,3,38,0.570796687798016,NaN,NaN,NaN,NaN,NaN,NaN,NaN,0.001475246377,0.001475246377,0,0.796377318880206,component_fields_missing_in_existing_trace,diagnostic_not_recomputed,benchmark_calibrated_not_original_paper_or_diagnostic,Existing trace exposes candidate_probability but not P_flow/P_HF_L/P1/P2 components.
benchmark_calibrated_seed,wind_speed_11_28,1,1,3,39,0.635924989340374,NaN,NaN,NaN,NaN,NaN,NaN,NaN,0.001543110445,0.001543110445,0,0.0781645729378129,component_fields_missing_in_existing_trace,diagnostic_not_recomputed,benchmark_calibrated_not_original_paper_or_diagnostic,Existing trace exposes candidate_probability but not P_flow/P_HF_L/P1/P2 components.
benchmark_calibrated_seed,wind_speed_11_28,1,1,4,2,0.0869259067164243,NaN,NaN,NaN,NaN,NaN,NaN,NaN,0.001679836582,0.001679836582,0,0.215623773156922,component_fields_missing_in_existing_trace,diagnostic_not_recomputed,benchmark_calibrated_not_original_paper_or_diagnostic,Existing trace exposes candidate_probability but not P_flow/P_HF_L/P1/P2 components.
benchmark_calibrated_seed,wind_speed_11_28,1,1,4,6,0.255136196610853,NaN,NaN,NaN,NaN,NaN,NaN,NaN,0.001645904548,0.001645904548,0,0.532402565111192,component_fields_missing_in_existing_trace,diagnostic_not_recomputed,benchmark_calibrated_not_original_paper_or_diagnostic,Existing trace exposes candidate_probability but not P_flow/P_HF_L/P1/P2 components.
benchmark_calibrated_seed,wind_speed_11_28,1,1,4,7,0.451913045160424,NaN,NaN,NaN,NaN,NaN,NaN,NaN,0.001532132434,0.001532132434,0,0.283795904897113,component_fields_missing_in_existing_trace,diagnostic_not_recomputed,benchmark_calibrated_not_original_paper_or_diagnostic,Existing trace exposes candidate_probability but not P_flow/P_HF_L/P1/P2 components.
benchmark_calibrated_seed,wind_speed_11_28,1,1,4,9,0.92574818136452,NaN,NaN,NaN,NaN,NaN,NaN,NaN,0.258522584377499,0.258522584377499,0,0.25216201257059,component_fields_missing_in_existing_trace,diagnostic_not_recomputed,benchmark_calibrated_not_original_paper_or_diagnostic,Existing trace exposes candidate_probability but not P_flow/P_HF_L/P1/P2 components.
benchmark_calibrated_seed,wind_speed_11_28,1,1,4,10,0.0502912243217896,NaN,NaN,NaN,NaN,NaN,NaN,NaN,0.001679836582,0.001679836582,0,0.226258493232184,component_fields_missing_in_existing_trace,diagnostic_not_recomputed,benchmark_calibrated_not_original_paper_or_diagnostic,Existing trace exposes candidate_probability but not P_flow/P_HF_L/P1/P2 components.
benchmark_calibrated_seed,wind_speed_11_28,1,1,4,11,0.0784143933896277,NaN,NaN,NaN,NaN,NaN,NaN,NaN,0.001662870565,0.001662870565,0,0.801307235202764,component_fields_missing_in_existing_trace,diagnostic_not_recomputed,benchmark_calibrated_not_original_paper_or_diagnostic,Existing trace exposes candidate_probability but not P_flow/P_HF_L/P1/P2 components.
benchmark_calibrated_seed,wind_speed_11_28,1,1,4,12,0.140209964761415,NaN,NaN,NaN,NaN,NaN,NaN,NaN,0.001361474263,0.001361474263,0,0.334280725670974,component_fields_missing_in_existing_trace,diagnostic_not_recomputed,benchmark_calibrated_not_original_paper_or_diagnostic,Existing trace exposes candidate_probability but not P_flow/P_HF_L/P1/P2 components.
benchmark_calibrated_seed,wind_speed_11_28,1,1,4,13,0.369758846628751,NaN,NaN,NaN,NaN,NaN,NaN,NaN,0.001599996502,0.001599996502,0,0.0651760910517032,component_fields_missing_in_existing_trace,diagnostic_not_recomputed,benchmark_calibrated_not_original_paper_or_diagnostic,Existing trace exposes candidate_probability but not P_flow/P_HF_L/P1/P2 components.
benchmark_calibrated_seed,wind_speed_11_28,1,1,4,15,0.0983728170765122,NaN,NaN,NaN,NaN,NaN,NaN,NaN,0.001121954023,0.001121954023,0,0.856395004824485,component_fields_missing_in_existing_trace,diagnostic_not_recomputed,benchmark_calibrated_not_original_paper_or_diagnostic,Existing trace exposes candidate_probability but not P_flow/P_HF_L/P1/P2 components.
benchmark_calibrated_seed,wind_speed_11_28,1,1,4,16,0.542198780479948,NaN,NaN,NaN,NaN,NaN,NaN,NaN,0.001121954023,0.001121954023,0,0.0456751783955942,component_fields_missing_in_existing_trace,diagnostic_not_recomputed,benchmark_calibrated_not_original_paper_or_diagnostic,Existing trace exposes candidate_probability but not P_flow/P_HF_L/P1/P2 components.
benchmark_calibrated_seed,wind_speed_11_28,1,1,4,17,0.536348649938637,NaN,NaN,NaN,NaN,NaN,NaN,NaN,0.001782630685,0.001782630685,0,0.361187148522848,component_fields_missing_in_existing_trace,diagnostic_not_recomputed,benchmark_calibrated_not_original_paper_or_diagnostic,Existing trace exposes candidate_probability but not P_flow/P_HF_L/P1/P2 components.
benchmark_calibrated_seed,wind_speed_11_28,1,1,4,18,1.1884366355307,NaN,NaN,NaN,NaN,NaN,NaN,NaN,1,1,0,0.890654623827998,component_fields_missing_in_existing_trace,diagnostic_not_recomputed,benchmark_calibrated_not_original_paper_or_diagnostic,Existing trace exposes candidate_probability but not P_flow/P_HF_L/P1/P2 components.
benchmark_calibrated_seed,wind_speed_11_28,1,1,4,20,0.869318374975963,NaN,NaN,NaN,NaN,NaN,NaN,NaN,0.001650894553,0.001650894553,0,0.425814306776971,component_fields_missing_in_existing_trace,diagnostic_not_recomputed,benchmark_calibrated_not_original_paper_or_diagnostic,Existing trace exposes candidate_probability but not P_flow/P_HF_L/P1/P2 components.
benchmark_calibrated_seed,wind_speed_11_28,1,1,4,21,1.06615192862057,NaN,NaN,NaN,NaN,NaN,NaN,NaN,1,1,0,0.274641998090405,component_fields_missing_in_existing_trace,diagnostic_not_recomputed,benchmark_calibrated_not_original_paper_or_diagnostic,Existing trace exposes candidate_probability but not P_flow/P_HF_L/P1/P2 components.
benchmark_calibrated_seed,wind_speed_11_28,1,1,4,22,0.931515725056558,NaN,NaN,NaN,NaN,NaN,NaN,NaN,0.31590920935369,0.31590920935369,0,0.416646963612238,component_fields_missing_in_existing_trace,diagnostic_not_recomputed,benchmark_calibrated_not_original_paper_or_diagnostic,Existing trace exposes candidate_probability but not P_flow/P_HF_L/P1/P2 components.
benchmark_calibrated_seed,wind_speed_11_28,1,1,4,23,0.77742673288567,NaN,NaN,NaN,NaN,NaN,NaN,NaN,0.001532132434,0.001532132434,0,0.367773124162222,component_fields_missing_in_existing_trace,diagnostic_not_recomputed,benchmark_calibrated_not_original_paper_or_diagnostic,Existing trace exposes candidate_probability but not P_flow/P_HF_L/P1/P2 components.
benchmark_calibrated_seed,wind_speed_11_28,1,1,4,24,0.26920567823055,NaN,NaN,NaN,NaN,NaN,NaN,NaN,0.001475246377,0.001475246377,0,0.129309949557035,component_fields_missing_in_existing_trace,diagnostic_not_recomputed,benchmark_calibrated_not_original_paper_or_diagnostic,Existing trace exposes candidate_probability but not P_flow/P_HF_L/P1/P2 components.
benchmark_calibrated_seed,wind_speed_11_28,1,1,4,25,0.616667421932429,NaN,NaN,NaN,NaN,NaN,NaN,NaN,0.001566064468,0.001566064468,0,0.890459699149508,component_fields_missing_in_existing_trace,diagnostic_not_recomputed,benchmark_calibrated_not_original_paper_or_diagnostic,Existing trace exposes candidate_probability but not P_flow/P_HF_L/P1/P2 components.
benchmark_calibrated_seed,wind_speed_11_28,1,1,4,26,0.980384628568228,NaN,NaN,NaN,NaN,NaN,NaN,NaN,0.803398300007735,0.803398300007735,0,0.781066131586434,component_fields_missing_in_existing_trace,diagnostic_not_recomputed,benchmark_calibrated_not_original_paper_or_diagnostic,Existing trace exposes candidate_probability but not P_flow/P_HF_L/P1/P2 components.
benchmark_calibrated_seed,wind_speed_11_28,1,1,4,27,1.14880482433685,NaN,NaN,NaN,NaN,NaN,NaN,NaN,1,1,0,0.138573490458062,component_fields_missing_in_existing_trace,diagnostic_not_recomputed,benchmark_calibrated_not_original_paper_or_diagnostic,Existing trace exposes candidate_probability but not P_flow/P_HF_L/P1/P2 components.
benchmark_calibrated_seed,wind_speed_11_28,1,1,4,28,0.648735955236841,NaN,NaN,NaN,NaN,NaN,NaN,NaN,0.001571054473,0.001571054473,0,0.814911287350604,component_fields_missing_in_existing_trace,diagnostic_not_recomputed,benchmark_calibrated_not_original_paper_or_diagnostic,Existing trace exposes candidate_probability but not P_flow/P_HF_L/P1/P2 components.
benchmark_calibrated_seed,wind_speed_11_28,1,1,4,29,0.278823195263586,NaN,NaN,NaN,NaN,NaN,NaN,NaN,0.0016978006,0.0016978006,0,0.0139308013021382,component_fields_missing_in_existing_trace,diagnostic_not_recomputed,benchmark_calibrated_not_original_paper_or_diagnostic,Existing trace exposes candidate_probability but not P_flow/P_HF_L/P1/P2 components.
benchmark_calibrated_seed,wind_speed_11_28,1,1,4,30,0.583492347288783,NaN,NaN,NaN,NaN,NaN,NaN,NaN,0.00174770065,0.00174770065,0,0.371502072289462,component_fields_missing_in_existing_trace,diagnostic_not_recomputed,benchmark_calibrated_not_original_paper_or_diagnostic,Existing trace exposes candidate_probability but not P_flow/P_HF_L/P1/P2 components.
benchmark_calibrated_seed,wind_speed_11_28,1,1,4,31,0.387954751076506,NaN,NaN,NaN,NaN,NaN,NaN,NaN,0.001679836582,0.001679836582,0,0.213683378323293,component_fields_missing_in_existing_trace,diagnostic_not_recomputed,benchmark_calibrated_not_original_paper_or_diagnostic,Existing trace exposes candidate_probability but not P_flow/P_HF_L/P1/P2 components.
benchmark_calibrated_seed,wind_speed_11_28,1,1,4,32,0.0869749543025669,NaN,NaN,NaN,NaN,NaN,NaN,NaN,0.001612970515,0.001612970515,0,0.338548177451184,component_fields_missing_in_existing_trace,diagnostic_not_recomputed,benchmark_calibrated_not_original_paper_or_diagnostic,Existing trace exposes candidate_probability but not P_flow/P_HF_L/P1/P2 components.
benchmark_calibrated_seed,wind_speed_11_28,1,1,4,33,0.777820037921125,NaN,NaN,NaN,NaN,NaN,NaN,NaN,0.001123950025,0.001123950025,0,0.904593426541404,component_fields_missing_in_existing_trace,diagnostic_not_recomputed,benchmark_calibrated_not_original_paper_or_diagnostic,Existing trace exposes candidate_probability but not P_flow/P_HF_L/P1/P2 components.
benchmark_calibrated_seed,wind_speed_11_28,1,1,4,34,0.641434398633906,NaN,NaN,NaN,NaN,NaN,NaN,NaN,0.001123950025,0.001123950025,0,0.290639121879774,component_fields_missing_in_existing_trace,diagnostic_not_recomputed,benchmark_calibrated_not_original_paper_or_diagnostic,Existing trace exposes candidate_probability but not P_flow/P_HF_L/P1/P2 components.
benchmark_calibrated_seed,wind_speed_11_28,1,1,4,35,0.706025006813298,NaN,NaN,NaN,NaN,NaN,NaN,NaN,0.001611972514,0.001611972514,0,0.878289140442609,component_fields_missing_in_existing_trace,diagnostic_not_recomputed,benchmark_calibrated_not_original_paper_or_diagnostic,Existing trace exposes candidate_probability but not P_flow/P_HF_L/P1/P2 components.
benchmark_calibrated_seed,wind_speed_11_28,1,1,4,36,0.144124615319063,NaN,NaN,NaN,NaN,NaN,NaN,NaN,0.001679836582,0.001679836582,0,0.331894394612475,component_fields_missing_in_existing_trace,diagnostic_not_recomputed,benchmark_calibrated_not_original_paper_or_diagnostic,Existing trace exposes candidate_probability but not P_flow/P_HF_L/P1/P2 components.
benchmark_calibrated_seed,wind_speed_11_28,1,1,4,37,0.77203648518483,NaN,NaN,NaN,NaN,NaN,NaN,NaN,0.001599996502,0.001599996502,0,0.416215169506328,component_fields_missing_in_existing_trace,diagnostic_not_recomputed,benchmark_calibrated_not_original_paper_or_diagnostic,Existing trace exposes candidate_probability but not P_flow/P_HF_L/P1/P2 components.
benchmark_calibrated_seed,wind_speed_11_28,1,1,4,38,0.624566875001715,NaN,NaN,NaN,NaN,NaN,NaN,NaN,0.001475246377,0.001475246377,0,0.60296858238178,component_fields_missing_in_existing_trace,diagnostic_not_recomputed,benchmark_calibrated_not_original_paper_or_diagnostic,Existing trace exposes candidate_probability but not P_flow/P_HF_L/P1/P2 components.
benchmark_calibrated_seed,wind_speed_11_28,1,1,4,39,0.642381160270757,NaN,NaN,NaN,NaN,NaN,NaN,NaN,0.001543110445,0.001543110445,0,0.841667741761537,component_fields_missing_in_existing_trace,diagnostic_not_recomputed,benchmark_calibrated_not_original_paper_or_diagnostic,Existing trace exposes candidate_probability but not P_flow/P_HF_L/P1/P2 components.
benchmark_calibrated_seed,wind_speed_11_28,1,2,1,2,0.107141961901021,NaN,NaN,NaN,NaN,NaN,NaN,NaN,0.001679836582,0.001679836582,0,0.333161171590336,component_fields_missing_in_existing_trace,diagnostic_not_recomputed,benchmark_calibrated_not_original_paper_or_diagnostic,Existing trace exposes candidate_probability but not P_flow/P_HF_L/P1/P2 components.
benchmark_calibrated_seed,wind_speed_11_28,1,2,1,3,1.08619497297673,NaN,NaN,NaN,NaN,NaN,NaN,NaN,1,1,1,0.639331958170653,component_fields_missing_in_existing_trace,diagnostic_not_recomputed,benchmark_calibrated_not_original_paper_or_diagnostic,Existing trace exposes candidate_probability but not P_flow/P_HF_L/P1/P2 components.
benchmark_calibrated_seed,wind_speed_11_28,1,2,1,4,0.297907850556406,NaN,NaN,NaN,NaN,NaN,NaN,NaN,0.001543110445,0.001543110445,0,0.583732865737462,component_fields_missing_in_existing_trace,diagnostic_not_recomputed,benchmark_calibrated_not_original_paper_or_diagnostic,Existing trace exposes candidate_probability but not P_flow/P_HF_L/P1/P2 components.
benchmark_calibrated_seed,wind_speed_11_28,1,2,1,5,0.452325695805974,NaN,NaN,NaN,NaN,NaN,NaN,NaN,0.001575046477,0.001575046477,0,0.87434772872168,component_fields_missing_in_existing_trace,diagnostic_not_recomputed,benchmark_calibrated_not_original_paper_or_diagnostic,Existing trace exposes candidate_probability but not P_flow/P_HF_L/P1/P2 components.
benchmark_calibrated_seed,wind_speed_11_28,1,2,1,6,0.389241741294285,NaN,NaN,NaN,NaN,NaN,NaN,NaN,0.001645904548,0.001645904548,0,0.850153379703439,component_fields_missing_in_existing_trace,diagnostic_not_recomputed,benchmark_calibrated_not_original_paper_or_diagnostic,Existing trace exposes candidate_probability but not P_flow/P_HF_L/P1/P2 components.
benchmark_calibrated_seed,wind_speed_11_28,1,2,1,7,0.0835954425896956,NaN,NaN,NaN,NaN,NaN,NaN,NaN,0.001532132434,0.001532132434,0,0.288845560147053,component_fields_missing_in_existing_trace,diagnostic_not_recomputed,benchmark_calibrated_not_original_paper_or_diagnostic,Existing trace exposes candidate_probability but not P_flow/P_HF_L/P1/P2 components.
benchmark_calibrated_seed,wind_speed_11_28,1,2,1,8,0.140699001894697,NaN,NaN,NaN,NaN,NaN,NaN,NaN,0.001132932034,0.001132932034,0,0.42946454693906,component_fields_missing_in_existing_trace,diagnostic_not_recomputed,benchmark_calibrated_not_original_paper_or_diagnostic,Existing trace exposes candidate_probability but not P_flow/P_HF_L/P1/P2 components.
benchmark_calibrated_seed,wind_speed_11_28,1,2,1,9,0.510138843600603,NaN,NaN,NaN,NaN,NaN,NaN,NaN,0.001713768616,0.001713768616,0,0.815238630424321,component_fields_missing_in_existing_trace,diagnostic_not_recomputed,benchmark_calibrated_not_original_paper_or_diagnostic,Existing trace exposes candidate_probability but not P_flow/P_HF_L/P1/P2 components.
benchmark_calibrated_seed,wind_speed_11_28,1,2,1,10,0.51923566205108,NaN,NaN,NaN,NaN,NaN,NaN,NaN,0.001679836582,0.001679836582,0,0.823268842606058,component_fields_missing_in_existing_trace,diagnostic_not_recomputed,benchmark_calibrated_not_original_paper_or_diagnostic,Existing trace exposes candidate_probability but not P_flow/P_HF_L/P1/P2 components.
benchmark_calibrated_seed,wind_speed_11_28,1,2,1,11,0.603663072264828,NaN,NaN,NaN,NaN,NaN,NaN,NaN,0.001662870565,0.001662870565,0,0.0815359940709081,component_fields_missing_in_existing_trace,diagnostic_not_recomputed,benchmark_calibrated_not_original_paper_or_diagnostic,Existing trace exposes candidate_probability but not P_flow/P_HF_L/P1/P2 components.
benchmark_calibrated_seed,wind_speed_11_28,1,2,1,12,0.713351540277933,NaN,NaN,NaN,NaN,NaN,NaN,NaN,0.001361474263,0.001361474263,0,0.130107194366244,component_fields_missing_in_existing_trace,diagnostic_not_recomputed,benchmark_calibrated_not_original_paper_or_diagnostic,Existing trace exposes candidate_probability but not P_flow/P_HF_L/P1/P2 components.
benchmark_calibrated_seed,wind_speed_11_28,1,2,1,13,0.747792567683895,NaN,NaN,NaN,NaN,NaN,NaN,NaN,0.001599996502,0.001599996502,0,0.443088551446085,component_fields_missing_in_existing_trace,diagnostic_not_recomputed,benchmark_calibrated_not_original_paper_or_diagnostic,Existing trace exposes candidate_probability but not P_flow/P_HF_L/P1/P2 components.
benchmark_calibrated_seed,wind_speed_11_28,1,2,1,14,0.543939820516747,NaN,NaN,NaN,NaN,NaN,NaN,NaN,0.001475246377,0.001475246377,0,0.922423753829099,component_fields_missing_in_existing_trace,diagnostic_not_recomputed,benchmark_calibrated_not_original_paper_or_diagnostic,Existing trace exposes candidate_probability but not P_flow/P_HF_L/P1/P2 components.
benchmark_calibrated_seed,wind_speed_11_28,1,2,1,15,0.435971214745289,NaN,NaN,NaN,NaN,NaN,NaN,NaN,0.001121954023,0.001121954023,0,0.272873052514082,component_fields_missing_in_existing_trace,diagnostic_not_recomputed,benchmark_calibrated_not_original_paper_or_diagnostic,Existing trace exposes candidate_probability but not P_flow/P_HF_L/P1/P2 components.
benchmark_calibrated_seed,wind_speed_11_28,1,2,1,16,0.461490011911451,NaN,NaN,NaN,NaN,NaN,NaN,NaN,0.001121954023,0.001121954023,0,0.613581294471816,component_fields_missing_in_existing_trace,diagnostic_not_recomputed,benchmark_calibrated_not_original_paper_or_diagnostic,Existing trace exposes candidate_probability but not P_flow/P_HF_L/P1/P2 components.
benchmark_calibrated_seed,wind_speed_11_28,1,2,1,17,0.439430091983496,NaN,NaN,NaN,NaN,NaN,NaN,NaN,0.001782630685,0.001782630685,0,0.0896647894312289,component_fields_missing_in_existing_trace,diagnostic_not_recomputed,benchmark_calibrated_not_original_paper_or_diagnostic,Existing trace exposes candidate_probability but not P_flow/P_HF_L/P1/P2 components.
benchmark_calibrated_seed,wind_speed_11_28,1,2,1,18,0.620281587237513,NaN,NaN,NaN,NaN,NaN,NaN,NaN,0.001321554223,0.001321554223,0,0.34356607571754,component_fields_missing_in_existing_trace,diagnostic_not_recomputed,benchmark_calibrated_not_original_paper_or_diagnostic,Existing trace exposes candidate_probability but not P_flow/P_HF_L/P1/P2 components.
benchmark_calibrated_seed,wind_speed_11_28,1,2,1,19,0.476843128584579,NaN,NaN,NaN,NaN,NaN,NaN,NaN,0.001782630685,0.001782630685,0,0.0135272914816942,component_fields_missing_in_existing_trace,diagnostic_not_recomputed,benchmark_calibrated_not_original_paper_or_diagnostic,Existing trace exposes candidate_probability but not P_flow/P_HF_L/P1/P2 components.
benchmark_calibrated_seed,wind_speed_11_28,1,2,1,20,0.775146432602964,NaN,NaN,NaN,NaN,NaN,NaN,NaN,0.001650894553,0.001650894553,0,0.00611653542112445,component_fields_missing_in_existing_trace,diagnostic_not_recomputed,benchmark_calibrated_not_original_paper_or_diagnostic,Existing trace exposes candidate_probability but not P_flow/P_HF_L/P1/P2 components.
benchmark_calibrated_seed,wind_speed_11_28,1,2,1,21,0.0869044025107542,NaN,NaN,NaN,NaN,NaN,NaN,NaN,0.001525146427,0.001525146427,0,0.38089324173664,component_fields_missing_in_existing_trace,diagnostic_not_recomputed,benchmark_calibrated_not_original_paper_or_diagnostic,Existing trace exposes candidate_probability but not P_flow/P_HF_L/P1/P2 components.
benchmark_calibrated_seed,wind_speed_11_28,1,2,1,22,0.0941313882204501,NaN,NaN,NaN,NaN,NaN,NaN,NaN,0.001512172414,0.001512172414,0,0.479802105958452,component_fields_missing_in_existing_trace,diagnostic_not_recomputed,benchmark_calibrated_not_original_paper_or_diagnostic,Existing trace exposes candidate_probability but not P_flow/P_HF_L/P1/P2 components.
benchmark_calibrated_seed,wind_speed_11_28,1,2,1,23,0.44305020502271,NaN,NaN,NaN,NaN,NaN,NaN,NaN,0.001532132434,0.001532132434,0,0.642173247221507,component_fields_missing_in_existing_trace,diagnostic_not_recomputed,benchmark_calibrated_not_original_paper_or_diagnostic,Existing trace exposes candidate_probability but not P_flow/P_HF_L/P1/P2 components.
benchmark_calibrated_seed,wind_speed_11_28,1,2,1,24,0.0655687643936659,NaN,NaN,NaN,NaN,NaN,NaN,NaN,0.001475246377,0.001475246377,0,0.245194865715626,component_fields_missing_in_existing_trace,diagnostic_not_recomputed,benchmark_calibrated_not_original_paper_or_diagnostic,Existing trace exposes candidate_probability but not P_flow/P_HF_L/P1/P2 components.
benchmark_calibrated_seed,wind_speed_11_28,1,2,1,25,0.548822172388474,NaN,NaN,NaN,NaN,NaN,NaN,NaN,0.001566064468,0.001566064468,0,0.976859708541152,component_fields_missing_in_existing_trace,diagnostic_not_recomputed,benchmark_calibrated_not_original_paper_or_diagnostic,Existing trace exposes candidate_probability but not P_flow/P_HF_L/P1/P2 components.
benchmark_calibrated_seed,wind_speed_11_28,1,2,1,26,0.251122618668712,NaN,NaN,NaN,NaN,NaN,NaN,NaN,0.001404388306,0.001404388306,0,0.194529045233652,component_fields_missing_in_existing_trace,diagnostic_not_recomputed,benchmark_calibrated_not_original_paper_or_diagnostic,Existing trace exposes candidate_probability but not P_flow/P_HF_L/P1/P2 components.
benchmark_calibrated_seed,wind_speed_11_28,1,2,1,27,0.795721891618119,NaN,NaN,NaN,NaN,NaN,NaN,NaN,0.001109978011,0.001109978011,0,0.203908185682039,component_fields_missing_in_existing_trace,diagnostic_not_recomputed,benchmark_calibrated_not_original_paper_or_diagnostic,Existing trace exposes candidate_probability but not P_flow/P_HF_L/P1/P2 components.
benchmark_calibrated_seed,wind_speed_11_28,1,2,1,28,0.535190678238495,NaN,NaN,NaN,NaN,NaN,NaN,NaN,0.001571054473,0.001571054473,0,0.880351487720883,component_fields_missing_in_existing_trace,diagnostic_not_recomputed,benchmark_calibrated_not_original_paper_or_diagnostic,Existing trace exposes candidate_probability but not P_flow/P_HF_L/P1/P2 components.
benchmark_calibrated_seed,wind_speed_11_28,1,2,1,29,0.099078671300846,NaN,NaN,NaN,NaN,NaN,NaN,NaN,0.0016978006,0.0016978006,0,0.619753258137357,component_fields_missing_in_existing_trace,diagnostic_not_recomputed,benchmark_calibrated_not_original_paper_or_diagnostic,Existing trace exposes candidate_probability but not P_flow/P_HF_L/P1/P2 components.
benchmark_calibrated_seed,wind_speed_11_28,1,2,1,30,0.21746052706209,NaN,NaN,NaN,NaN,NaN,NaN,NaN,0.00174770065,0.00174770065,0,0.855998056156526,component_fields_missing_in_existing_trace,diagnostic_not_recomputed,benchmark_calibrated_not_original_paper_or_diagnostic,Existing trace exposes candidate_probability but not P_flow/P_HF_L/P1/P2 components.
benchmark_calibrated_seed,wind_speed_11_28,1,2,1,31,0.0683341101841675,NaN,NaN,NaN,NaN,NaN,NaN,NaN,0.001679836582,0.001679836582,0,0.170489981285963,component_fields_missing_in_existing_trace,diagnostic_not_recomputed,benchmark_calibrated_not_original_paper_or_diagnostic,Existing trace exposes candidate_probability but not P_flow/P_HF_L/P1/P2 components.
benchmark_calibrated_seed,wind_speed_11_28,1,2,1,32,0.165684225669958,NaN,NaN,NaN,NaN,NaN,NaN,NaN,0.001612970515,0.001612970515,0,0.676935109635379,component_fields_missing_in_existing_trace,diagnostic_not_recomputed,benchmark_calibrated_not_original_paper_or_diagnostic,Existing trace exposes candidate_probability but not P_flow/P_HF_L/P1/P2 components.
benchmark_calibrated_seed,wind_speed_11_28,1,2,1,33,0.709697000281514,NaN,NaN,NaN,NaN,NaN,NaN,NaN,0.001123950025,0.001123950025,0,0.936017471074627,component_fields_missing_in_existing_trace,diagnostic_not_recomputed,benchmark_calibrated_not_original_paper_or_diagnostic,Existing trace exposes candidate_probability but not P_flow/P_HF_L/P1/P2 components.
benchmark_calibrated_seed,wind_speed_11_28,1,2,1,34,0.621313340630398,NaN,NaN,NaN,NaN,NaN,NaN,NaN,0.001123950025,0.001123950025,0,0.492381079229322,component_fields_missing_in_existing_trace,diagnostic_not_recomputed,benchmark_calibrated_not_original_paper_or_diagnostic,Existing trace exposes candidate_probability but not P_flow/P_HF_L/P1/P2 components.
benchmark_calibrated_seed,wind_speed_11_28,1,2,1,35,0.653351442662463,NaN,NaN,NaN,NaN,NaN,NaN,NaN,0.001611972514,0.001611972514,0,0.230907086463152,component_fields_missing_in_existing_trace,diagnostic_not_recomputed,benchmark_calibrated_not_original_paper_or_diagnostic,Existing trace exposes candidate_probability but not P_flow/P_HF_L/P1/P2 components.
benchmark_calibrated_seed,wind_speed_11_28,1,2,1,36,0.14509252308059,NaN,NaN,NaN,NaN,NaN,NaN,NaN,0.001679836582,0.001679836582,0,0.901087896662658,component_fields_missing_in_existing_trace,diagnostic_not_recomputed,benchmark_calibrated_not_original_paper_or_diagnostic,Existing trace exposes candidate_probability but not P_flow/P_HF_L/P1/P2 components.
benchmark_calibrated_seed,wind_speed_11_28,1,2,1,37,0.708770582914823,NaN,NaN,NaN,NaN,NaN,NaN,NaN,0.001599996502,0.001599996502,0,0.936751082930815,component_fields_missing_in_existing_trace,diagnostic_not_recomputed,benchmark_calibrated_not_original_paper_or_diagnostic,Existing trace exposes candidate_probability but not P_flow/P_HF_L/P1/P2 components.
benchmark_calibrated_seed,wind_speed_11_28,1,2,1,38,0.574727774207931,NaN,NaN,NaN,NaN,NaN,NaN,NaN,0.001475246377,0.001475246377,0,0.868755212083348,component_fields_missing_in_existing_trace,diagnostic_not_recomputed,benchmark_calibrated_not_original_paper_or_diagnostic,Existing trace exposes candidate_probability but not P_flow/P_HF_L/P1/P2 components.
benchmark_calibrated_seed,wind_speed_11_28,1,2,1,39,0.627947987389031,NaN,NaN,NaN,NaN,NaN,NaN,NaN,0.001543110445,0.001543110445,0,0.837066708648664,component_fields_missing_in_existing_trace,diagnostic_not_recomputed,benchmark_calibrated_not_original_paper_or_diagnostic,Existing trace exposes candidate_probability but not P_flow/P_HF_L/P1/P2 components.
benchmark_calibrated_seed,wind_speed_11_28,1,2,1,40,0.307847675583741,NaN,NaN,NaN,NaN,NaN,NaN,NaN,0.00158802049,0.00158802049,0,0.443447361418861,component_fields_missing_in_existing_trace,diagnostic_not_recomputed,benchmark_calibrated_not_original_paper_or_diagnostic,Existing trace exposes candidate_probability but not P_flow/P_HF_L/P1/P2 components.
benchmark_calibrated_seed,wind_speed_11_28,1,2,1,41,0.61578884557256,NaN,NaN,NaN,NaN,NaN,NaN,NaN,0.001555086457,0.001555086457,0,0.45792763859962,component_fields_missing_in_existing_trace,diagnostic_not_recomputed,benchmark_calibrated_not_original_paper_or_diagnostic,Existing trace exposes candidate_probability but not P_flow/P_HF_L/P1/P2 components.
benchmark_calibrated_seed,wind_speed_11_28,1,2,1,42,0.448485134845309,NaN,NaN,NaN,NaN,NaN,NaN,NaN,0.001700794603,0.001700794603,0,0.405935009770215,component_fields_missing_in_existing_trace,diagnostic_not_recomputed,benchmark_calibrated_not_original_paper_or_diagnostic,Existing trace exposes candidate_probability but not P_flow/P_HF_L/P1/P2 components.
benchmark_calibrated_seed,wind_speed_11_28,1,2,1,43,0.158105581219144,NaN,NaN,NaN,NaN,NaN,NaN,NaN,0.001575046477,0.001575046477,0,0.354409622777031,component_fields_missing_in_existing_trace,diagnostic_not_recomputed,benchmark_calibrated_not_original_paper_or_diagnostic,Existing trace exposes candidate_probability but not P_flow/P_HF_L/P1/P2 components.
benchmark_calibrated_seed,wind_speed_11_28,1,2,1,44,0.243533542975639,NaN,NaN,NaN,NaN,NaN,NaN,NaN,0.001123950025,0.001123950025,0,0.532376542727097,component_fields_missing_in_existing_trace,diagnostic_not_recomputed,benchmark_calibrated_not_original_paper_or_diagnostic,Existing trace exposes candidate_probability but not P_flow/P_HF_L/P1/P2 components.
benchmark_calibrated_seed,wind_speed_11_28,1,2,1,45,0.489166444938391,NaN,NaN,NaN,NaN,NaN,NaN,NaN,0.001550096452,0.001550096452,0,0.583848207614297,component_fields_missing_in_existing_trace,diagnostic_not_recomputed,benchmark_calibrated_not_original_paper_or_diagnostic,Existing trace exposes candidate_probability but not P_flow/P_HF_L/P1/P2 components.
benchmark_calibrated_seed,wind_speed_11_28,1,2,1,46,0.59601146371266,NaN,NaN,NaN,NaN,NaN,NaN,NaN,0.001512172414,0.001512172414,0,0.143214943580778,component_fields_missing_in_existing_trace,diagnostic_not_recomputed,benchmark_calibrated_not_original_paper_or_diagnostic,Existing trace exposes candidate_probability but not P_flow/P_HF_L/P1/P2 components.
benchmark_calibrated_seed,wind_speed_11_28,1,2,2,2,0.107141961901022,NaN,NaN,NaN,NaN,NaN,NaN,NaN,0.001679836582,0.001679836582,0,0.988680570957047,component_fields_missing_in_existing_trace,diagnostic_not_recomputed,benchmark_calibrated_not_original_paper_or_diagnostic,Existing trace exposes candidate_probability but not P_flow/P_HF_L/P1/P2 components.
benchmark_calibrated_seed,wind_speed_11_28,1,2,2,4,0.792449246000005,NaN,NaN,NaN,NaN,NaN,NaN,NaN,0.001543110445,0.001543110445,0,0.971151419769862,component_fields_missing_in_existing_trace,diagnostic_not_recomputed,benchmark_calibrated_not_original_paper_or_diagnostic,Existing trace exposes candidate_probability but not P_flow/P_HF_L/P1/P2 components.
benchmark_calibrated_seed,wind_speed_11_28,1,2,2,5,0.441975834928141,NaN,NaN,NaN,NaN,NaN,NaN,NaN,0.001575046477,0.001575046477,0,0.248891973039755,component_fields_missing_in_existing_trace,diagnostic_not_recomputed,benchmark_calibrated_not_original_paper_or_diagnostic,Existing trace exposes candidate_probability but not P_flow/P_HF_L/P1/P2 components.
benchmark_calibrated_seed,wind_speed_11_28,1,2,2,6,0.0773368031820977,NaN,NaN,NaN,NaN,NaN,NaN,NaN,0.001645904548,0.001645904548,0,0.724817252860233,component_fields_missing_in_existing_trace,diagnostic_not_recomputed,benchmark_calibrated_not_original_paper_or_diagnostic,Existing trace exposes candidate_probability but not P_flow/P_HF_L/P1/P2 components.
benchmark_calibrated_seed,wind_speed_11_28,1,2,2,7,0.72182016349359,NaN,NaN,NaN,NaN,NaN,NaN,NaN,0.001532132434,0.001532132434,0,0.288661656919094,component_fields_missing_in_existing_trace,diagnostic_not_recomputed,benchmark_calibrated_not_original_paper_or_diagnostic,Existing trace exposes candidate_probability but not P_flow/P_HF_L/P1/P2 components.
benchmark_calibrated_seed,wind_speed_11_28,1,2,2,8,0.257135467705716,NaN,NaN,NaN,NaN,NaN,NaN,NaN,0.001132932034,0.001132932034,0,0.162901266077897,component_fields_missing_in_existing_trace,diagnostic_not_recomputed,benchmark_calibrated_not_original_paper_or_diagnostic,Existing trace exposes candidate_probability but not P_flow/P_HF_L/P1/P2 components.
benchmark_calibrated_seed,wind_speed_11_28,1,2,2,9,0.696132210754212,NaN,NaN,NaN,NaN,NaN,NaN,NaN,0.001713768616,0.001713768616,0,0.631149493266145,component_fields_missing_in_existing_trace,diagnostic_not_recomputed,benchmark_calibrated_not_original_paper_or_diagnostic,Existing trace exposes candidate_probability but not P_flow/P_HF_L/P1/P2 components.
benchmark_calibrated_seed,wind_speed_11_28,1,2,2,10,0.565961907114782,NaN,NaN,NaN,NaN,NaN,NaN,NaN,0.001679836582,0.001679836582,0,0.626469089955735,component_fields_missing_in_existing_trace,diagnostic_not_recomputed,benchmark_calibrated_not_original_paper_or_diagnostic,Existing trace exposes candidate_probability but not P_flow/P_HF_L/P1/P2 components.
benchmark_calibrated_seed,wind_speed_11_28,1,2,2,11,0.595894509148453,NaN,NaN,NaN,NaN,NaN,NaN,NaN,0.001662870565,0.001662870565,0,0.962433656223496,component_fields_missing_in_existing_trace,diagnostic_not_recomputed,benchmark_calibrated_not_original_paper_or_diagnostic,Existing trace exposes candidate_probability but not P_flow/P_HF_L/P1/P2 components.
benchmark_calibrated_seed,wind_speed_11_28,1,2,2,12,0.718860249098029,NaN,NaN,NaN,NaN,NaN,NaN,NaN,0.001361474263,0.001361474263,0,0.259105287786841,component_fields_missing_in_existing_trace,diagnostic_not_recomputed,benchmark_calibrated_not_original_paper_or_diagnostic,Existing trace exposes candidate_probability but not P_flow/P_HF_L/P1/P2 components.
benchmark_calibrated_seed,wind_speed_11_28,1,2,2,13,0.783085331944579,NaN,NaN,NaN,NaN,NaN,NaN,NaN,0.001599996502,0.001599996502,0,0.69675976586361,component_fields_missing_in_existing_trace,diagnostic_not_recomputed,benchmark_calibrated_not_original_paper_or_diagnostic,Existing trace exposes candidate_probability but not P_flow/P_HF_L/P1/P2 components.
benchmark_calibrated_seed,wind_speed_11_28,1,2,2,14,0.578304830958323,NaN,NaN,NaN,NaN,NaN,NaN,NaN,0.001475246377,0.001475246377,0,0.190207142722324,component_fields_missing_in_existing_trace,diagnostic_not_recomputed,benchmark_calibrated_not_original_paper_or_diagnostic,Existing trace exposes candidate_probability but not P_flow/P_HF_L/P1/P2 components.
benchmark_calibrated_seed,wind_speed_11_28,1,2,2,15,0.441745524518712,NaN,NaN,NaN,NaN,NaN,NaN,NaN,0.001121954023,0.001121954023,0,0.0135914527842329,component_fields_missing_in_existing_trace,diagnostic_not_recomputed,benchmark_calibrated_not_original_paper_or_diagnostic,Existing trace exposes candidate_probability but not P_flow/P_HF_L/P1/P2 components.
benchmark_calibrated_seed,wind_speed_11_28,1,2,2,16,0.468797746540774,NaN,NaN,NaN,NaN,NaN,NaN,NaN,0.001121954023,0.001121954023,0,0.71861071438071,component_fields_missing_in_existing_trace,diagnostic_not_recomputed,benchmark_calibrated_not_original_paper_or_diagnostic,Existing trace exposes candidate_probability but not P_flow/P_HF_L/P1/P2 components.
benchmark_calibrated_seed,wind_speed_11_28,1,2,2,17,0.443084606726607,NaN,NaN,NaN,NaN,NaN,NaN,NaN,0.001782630685,0.001782630685,0,0.934345248100976,component_fields_missing_in_existing_trace,diagnostic_not_recomputed,benchmark_calibrated_not_original_paper_or_diagnostic,Existing trace exposes candidate_probability but not P_flow/P_HF_L/P1/P2 components.
benchmark_calibrated_seed,wind_speed_11_28,1,2,2,18,0.648096663601433,NaN,NaN,NaN,NaN,NaN,NaN,NaN,0.001321554223,0.001321554223,0,0.395174504409164,component_fields_missing_in_existing_trace,diagnostic_not_recomputed,benchmark_calibrated_not_original_paper_or_diagnostic,Existing trace exposes candidate_probability but not P_flow/P_HF_L/P1/P2 components.
benchmark_calibrated_seed,wind_speed_11_28,1,2,2,19,0.485116269411815,NaN,NaN,NaN,NaN,NaN,NaN,NaN,0.001782630685,0.001782630685,0,0.473952180254896,component_fields_missing_in_existing_trace,diagnostic_not_recomputed,benchmark_calibrated_not_original_paper_or_diagnostic,Existing trace exposes candidate_probability but not P_flow/P_HF_L/P1/P2 components.
benchmark_calibrated_seed,wind_speed_11_28,1,2,2,20,0.807707935040964,NaN,NaN,NaN,NaN,NaN,NaN,NaN,0.001650894553,0.001650894553,0,0.401487556422289,component_fields_missing_in_existing_trace,diagnostic_not_recomputed,benchmark_calibrated_not_original_paper_or_diagnostic,Existing trace exposes candidate_probability but not P_flow/P_HF_L/P1/P2 components.
benchmark_calibrated_seed,wind_speed_11_28,1,2,2,21,0.0900138839667108,NaN,NaN,NaN,NaN,NaN,NaN,NaN,0.001525146427,0.001525146427,0,0.243632086305701,component_fields_missing_in_existing_trace,diagnostic_not_recomputed,benchmark_calibrated_not_original_paper_or_diagnostic,Existing trace exposes candidate_probability but not P_flow/P_HF_L/P1/P2 components.
benchmark_calibrated_seed,wind_speed_11_28,1,2,2,22,0.0917899203554514,NaN,NaN,NaN,NaN,NaN,NaN,NaN,0.001512172414,0.001512172414,0,0.219846561754181,component_fields_missing_in_existing_trace,diagnostic_not_recomputed,benchmark_calibrated_not_original_paper_or_diagnostic,Existing trace exposes candidate_probability but not P_flow/P_HF_L/P1/P2 components.
benchmark_calibrated_seed,wind_speed_11_28,1,2,2,23,0.44203955117978,NaN,NaN,NaN,NaN,NaN,NaN,NaN,0.001532132434,0.001532132434,0,0.0788522047602753,component_fields_missing_in_existing_trace,diagnostic_not_recomputed,benchmark_calibrated_not_original_paper_or_diagnostic,Existing trace exposes candidate_probability but not P_flow/P_HF_L/P1/P2 components.
benchmark_calibrated_seed,wind_speed_11_28,1,2,2,24,0.183854839038062,NaN,NaN,NaN,NaN,NaN,NaN,NaN,0.001475246377,0.001475246377,0,0.953594836676931,component_fields_missing_in_existing_trace,diagnostic_not_recomputed,benchmark_calibrated_not_original_paper_or_diagnostic,Existing trace exposes candidate_probability but not P_flow/P_HF_L/P1/P2 components.
benchmark_calibrated_seed,wind_speed_11_28,1,2,2,25,0.716530825839423,NaN,NaN,NaN,NaN,NaN,NaN,NaN,0.001566064468,0.001566064468,0,0.0939592681432899,component_fields_missing_in_existing_trace,diagnostic_not_recomputed,benchmark_calibrated_not_original_paper_or_diagnostic,Existing trace exposes candidate_probability but not P_flow/P_HF_L/P1/P2 components.
benchmark_calibrated_seed,wind_speed_11_28,1,2,2,26,0.228035133034967,NaN,NaN,NaN,NaN,NaN,NaN,NaN,0.001404388306,0.001404388306,0,0.188924865241417,component_fields_missing_in_existing_trace,diagnostic_not_recomputed,benchmark_calibrated_not_original_paper_or_diagnostic,Existing trace exposes candidate_probability but not P_flow/P_HF_L/P1/P2 components.
benchmark_calibrated_seed,wind_speed_11_28,1,2,2,27,0.83826330824125,NaN,NaN,NaN,NaN,NaN,NaN,NaN,0.001109978011,0.001109978011,0,0.863442836831594,component_fields_missing_in_existing_trace,diagnostic_not_recomputed,benchmark_calibrated_not_original_paper_or_diagnostic,Existing trace exposes candidate_probability but not P_flow/P_HF_L/P1/P2 components.
benchmark_calibrated_seed,wind_speed_11_28,1,2,2,28,0.519660409312153,NaN,NaN,NaN,NaN,NaN,NaN,NaN,0.001571054473,0.001571054473,0,0.376592114973514,component_fields_missing_in_existing_trace,diagnostic_not_recomputed,benchmark_calibrated_not_original_paper_or_diagnostic,Existing trace exposes candidate_probability but not P_flow/P_HF_L/P1/P2 components.
benchmark_calibrated_seed,wind_speed_11_28,1,2,2,29,0.142346083590937,NaN,NaN,NaN,NaN,NaN,NaN,NaN,0.0016978006,0.0016978006,0,0.683761443720752,component_fields_missing_in_existing_trace,diagnostic_not_recomputed,benchmark_calibrated_not_original_paper_or_diagnostic,Existing trace exposes candidate_probability but not P_flow/P_HF_L/P1/P2 components.
benchmark_calibrated_seed,wind_speed_11_28,1,2,2,30,0.869806448262725,NaN,NaN,NaN,NaN,NaN,NaN,NaN,0.00174770065,0.00174770065,0,0.396945643848482,component_fields_missing_in_existing_trace,diagnostic_not_recomputed,benchmark_calibrated_not_original_paper_or_diagnostic,Existing trace exposes candidate_probability but not P_flow/P_HF_L/P1/P2 components.
benchmark_calibrated_seed,wind_speed_11_28,1,2,2,31,0.819493238471134,NaN,NaN,NaN,NaN,NaN,NaN,NaN,0.001679836582,0.001679836582,0,0.85963467471611,component_fields_missing_in_existing_trace,diagnostic_not_recomputed,benchmark_calibrated_not_original_paper_or_diagnostic,Existing trace exposes candidate_probability but not P_flow/P_HF_L/P1/P2 components.
benchmark_calibrated_seed,wind_speed_11_28,1,2,2,32,0.168441290808468,NaN,NaN,NaN,NaN,NaN,NaN,NaN,0.001612970515,0.001612970515,0,0.878581698603214,component_fields_missing_in_existing_trace,diagnostic_not_recomputed,benchmark_calibrated_not_original_paper_or_diagnostic,Existing trace exposes candidate_probability but not P_flow/P_HF_L/P1/P2 components.
benchmark_calibrated_seed,wind_speed_11_28,1,2,2,33,0.729475669466819,NaN,NaN,NaN,NaN,NaN,NaN,NaN,0.001123950025,0.001123950025,0,0.282577930027136,component_fields_missing_in_existing_trace,diagnostic_not_recomputed,benchmark_calibrated_not_original_paper_or_diagnostic,Existing trace exposes candidate_probability but not P_flow/P_HF_L/P1/P2 components.
benchmark_calibrated_seed,wind_speed_11_28,1,2,2,34,0.629221089616946,NaN,NaN,NaN,NaN,NaN,NaN,NaN,0.001123950025,0.001123950025,0,0.28731537477851,component_fields_missing_in_existing_trace,diagnostic_not_recomputed,benchmark_calibrated_not_original_paper_or_diagnostic,Existing trace exposes candidate_probability but not P_flow/P_HF_L/P1/P2 components.
benchmark_calibrated_seed,wind_speed_11_28,1,2,2,35,0.659951698233961,NaN,NaN,NaN,NaN,NaN,NaN,NaN,0.001611972514,0.001611972514,0,0.536268256379787,component_fields_missing_in_existing_trace,diagnostic_not_recomputed,benchmark_calibrated_not_original_paper_or_diagnostic,Existing trace exposes candidate_probability but not P_flow/P_HF_L/P1/P2 components.
benchmark_calibrated_seed,wind_speed_11_28,1,2,2,36,0.148403242660566,NaN,NaN,NaN,NaN,NaN,NaN,NaN,0.001679836582,0.001679836582,0,0.752868392002661,component_fields_missing_in_existing_trace,diagnostic_not_recomputed,benchmark_calibrated_not_original_paper_or_diagnostic,Existing trace exposes candidate_probability but not P_flow/P_HF_L/P1/P2 components.
benchmark_calibrated_seed,wind_speed_11_28,1,2,2,37,0.726947126549299,NaN,NaN,NaN,NaN,NaN,NaN,NaN,0.001599996502,0.001599996502,0,0.283126392775864,component_fields_missing_in_existing_trace,diagnostic_not_recomputed,benchmark_calibrated_not_original_paper_or_diagnostic,Existing trace exposes candidate_probability but not P_flow/P_HF_L/P1/P2 components.
benchmark_calibrated_seed,wind_speed_11_28,1,2,2,38,0.5706546844898,NaN,NaN,NaN,NaN,NaN,NaN,NaN,0.001475246377,0.001475246377,0,0.62866364121559,component_fields_missing_in_existing_trace,diagnostic_not_recomputed,benchmark_calibrated_not_original_paper_or_diagnostic,Existing trace exposes candidate_probability but not P_flow/P_HF_L/P1/P2 components.
benchmark_calibrated_seed,wind_speed_11_28,1,2,2,39,0.631504311798097,NaN,NaN,NaN,NaN,NaN,NaN,NaN,0.001543110445,0.001543110445,0,0.936648860264739,component_fields_missing_in_existing_trace,diagnostic_not_recomputed,benchmark_calibrated_not_original_paper_or_diagnostic,Existing trace exposes candidate_probability but not P_flow/P_HF_L/P1/P2 components.
benchmark_calibrated_seed,wind_speed_11_28,1,2,2,40,1.18817711755641,NaN,NaN,NaN,NaN,NaN,NaN,NaN,1,1,1,0.922009130708156,component_fields_missing_in_existing_trace,diagnostic_not_recomputed,benchmark_calibrated_not_original_paper_or_diagnostic,Existing trace exposes candidate_probability but not P_flow/P_HF_L/P1/P2 components.
benchmark_calibrated_seed,wind_speed_11_28,1,2,2,41,0.637408012789505,NaN,NaN,NaN,NaN,NaN,NaN,NaN,0.001555086457,0.001555086457,0,0.534928997655639,component_fields_missing_in_existing_trace,diagnostic_not_recomputed,benchmark_calibrated_not_original_paper_or_diagnostic,Existing trace exposes candidate_probability but not P_flow/P_HF_L/P1/P2 components.
benchmark_calibrated_seed,wind_speed_11_28,1,2,2,42,1.29526460980635,NaN,NaN,NaN,NaN,NaN,NaN,NaN,1,1,1,0.457235575224784,component_fields_missing_in_existing_trace,diagnostic_not_recomputed,benchmark_calibrated_not_original_paper_or_diagnostic,Existing trace exposes candidate_probability but not P_flow/P_HF_L/P1/P2 components.
benchmark_calibrated_seed,wind_speed_11_28,1,2,2,43,0.189361075884559,NaN,NaN,NaN,NaN,NaN,NaN,NaN,0.001575046477,0.001575046477,0,0.927679408917494,component_fields_missing_in_existing_trace,diagnostic_not_recomputed,benchmark_calibrated_not_original_paper_or_diagnostic,Existing trace exposes candidate_probability but not P_flow/P_HF_L/P1/P2 components.
benchmark_calibrated_seed,wind_speed_11_28,1,2,2,44,0.259036223472059,NaN,NaN,NaN,NaN,NaN,NaN,NaN,0.001123950025,0.001123950025,0,0.264608146217687,component_fields_missing_in_existing_trace,diagnostic_not_recomputed,benchmark_calibrated_not_original_paper_or_diagnostic,Existing trace exposes candidate_probability but not P_flow/P_HF_L/P1/P2 components.
benchmark_calibrated_seed,wind_speed_11_28,1,2,2,45,0.488740354253187,NaN,NaN,NaN,NaN,NaN,NaN,NaN,0.001550096452,0.001550096452,0,0.916963659442385,component_fields_missing_in_existing_trace,diagnostic_not_recomputed,benchmark_calibrated_not_original_paper_or_diagnostic,Existing trace exposes candidate_probability but not P_flow/P_HF_L/P1/P2 components.
benchmark_calibrated_seed,wind_speed_11_28,1,2,2,46,0.603894744432339,NaN,NaN,NaN,NaN,NaN,NaN,NaN,0.001512172414,0.001512172414,0,0.934903182075812,component_fields_missing_in_existing_trace,diagnostic_not_recomputed,benchmark_calibrated_not_original_paper_or_diagnostic,Existing trace exposes candidate_probability but not P_flow/P_HF_L/P1/P2 components.
benchmark_calibrated_seed,wind_speed_11_28,1,2,3,2,0.107141961901021,NaN,NaN,NaN,NaN,NaN,NaN,NaN,0.001679836582,0.001679836582,0,0.88599414866422,component_fields_missing_in_existing_trace,diagnostic_not_recomputed,benchmark_calibrated_not_original_paper_or_diagnostic,Existing trace exposes candidate_probability but not P_flow/P_HF_L/P1/P2 components.
benchmark_calibrated_seed,wind_speed_11_28,1,2,3,6,0.685364943940545,NaN,NaN,NaN,NaN,NaN,NaN,NaN,0.001645904548,0.001645904548,0,0.636623717373365,component_fields_missing_in_existing_trace,diagnostic_not_recomputed,benchmark_calibrated_not_original_paper_or_diagnostic,Existing trace exposes candidate_probability but not P_flow/P_HF_L/P1/P2 components.
benchmark_calibrated_seed,wind_speed_11_28,1,2,3,7,0.150007031141399,NaN,NaN,NaN,NaN,NaN,NaN,NaN,0.001532132434,0.001532132434,0,0.675283229158045,component_fields_missing_in_existing_trace,diagnostic_not_recomputed,benchmark_calibrated_not_original_paper_or_diagnostic,Existing trace exposes candidate_probability but not P_flow/P_HF_L/P1/P2 components.
benchmark_calibrated_seed,wind_speed_11_28,1,2,3,8,0.97007769104026,NaN,NaN,NaN,NaN,NaN,NaN,NaN,0.700485210606758,0.700485210606758,1,0.284483002526485,component_fields_missing_in_existing_trace,diagnostic_not_recomputed,benchmark_calibrated_not_original_paper_or_diagnostic,Existing trace exposes candidate_probability but not P_flow/P_HF_L/P1/P2 components.
benchmark_calibrated_seed,wind_speed_11_28,1,2,3,9,0.57995888389295,NaN,NaN,NaN,NaN,NaN,NaN,NaN,0.001713768616,0.001713768616,0,0.600776184290853,component_fields_missing_in_existing_trace,diagnostic_not_recomputed,benchmark_calibrated_not_original_paper_or_diagnostic,Existing trace exposes candidate_probability but not P_flow/P_HF_L/P1/P2 components.
benchmark_calibrated_seed,wind_speed_11_28,1,2,3,10,0.899820444304211,NaN,NaN,NaN,NaN,NaN,NaN,NaN,0.001679836582,0.001679836582,0,0.794928671607233,component_fields_missing_in_existing_trace,diagnostic_not_recomputed,benchmark_calibrated_not_original_paper_or_diagnostic,Existing trace exposes candidate_probability but not P_flow/P_HF_L/P1/P2 components.
benchmark_calibrated_seed,wind_speed_11_28,1,2,3,11,0.547144856019869,NaN,NaN,NaN,NaN,NaN,NaN,NaN,0.001662870565,0.001662870565,0,0.861720117587542,component_fields_missing_in_existing_trace,diagnostic_not_recomputed,benchmark_calibrated_not_original_paper_or_diagnostic,Existing trace exposes candidate_probability but not P_flow/P_HF_L/P1/P2 components.
benchmark_calibrated_seed,wind_speed_11_28,1,2,3,12,0.762015049360126,NaN,NaN,NaN,NaN,NaN,NaN,NaN,0.001361474263,0.001361474263,0,0.972904280403224,component_fields_missing_in_existing_trace,diagnostic_not_recomputed,benchmark_calibrated_not_original_paper_or_diagnostic,Existing trace exposes candidate_probability but not P_flow/P_HF_L/P1/P2 components.
benchmark_calibrated_seed,wind_speed_11_28,1,2,3,13,0.476308464556959,NaN,NaN,NaN,NaN,NaN,NaN,NaN,0.001599996502,0.001599996502,0,0.208147317458145,component_fields_missing_in_existing_trace,diagnostic_not_recomputed,benchmark_calibrated_not_original_paper_or_diagnostic,Existing trace exposes candidate_probability but not P_flow/P_HF_L/P1/P2 components.
benchmark_calibrated_seed,wind_speed_11_28,1,2,3,14,1.08710828267092,NaN,NaN,NaN,NaN,NaN,NaN,NaN,1,1,1,0.58235589602897,component_fields_missing_in_existing_trace,diagnostic_not_recomputed,benchmark_calibrated_not_original_paper_or_diagnostic,Existing trace exposes candidate_probability but not P_flow/P_HF_L/P1/P2 components.
benchmark_calibrated_seed,wind_speed_11_28,1,2,3,15,0.488745985862253,NaN,NaN,NaN,NaN,NaN,NaN,NaN,0.001121954023,0.001121954023,0,0.521541451150483,component_fields_missing_in_existing_trace,diagnostic_not_recomputed,benchmark_calibrated_not_original_paper_or_diagnostic,Existing trace exposes candidate_probability but not P_flow/P_HF_L/P1/P2 components.
benchmark_calibrated_seed,wind_speed_11_28,1,2,3,16,0.498876343926396,NaN,NaN,NaN,NaN,NaN,NaN,NaN,0.001121954023,0.001121954023,0,0.902140443969018,component_fields_missing_in_existing_trace,diagnostic_not_recomputed,benchmark_calibrated_not_original_paper_or_diagnostic,Existing trace exposes candidate_probability but not P_flow/P_HF_L/P1/P2 components.
benchmark_calibrated_seed,wind_speed_11_28,1,2,3,17,0.462788526363009,NaN,NaN,NaN,NaN,NaN,NaN,NaN,0.001782630685,0.001782630685,0,0.0399745441854472,component_fields_missing_in_existing_trace,diagnostic_not_recomputed,benchmark_calibrated_not_original_paper_or_diagnostic,Existing trace exposes candidate_probability but not P_flow/P_HF_L/P1/P2 components.
benchmark_calibrated_seed,wind_speed_11_28,1,2,3,18,0.446335147827344,NaN,NaN,NaN,NaN,NaN,NaN,NaN,0.001321554223,0.001321554223,0,0.617925540362208,component_fields_missing_in_existing_trace,diagnostic_not_recomputed,benchmark_calibrated_not_original_paper_or_diagnostic,Existing trace exposes candidate_probability but not P_flow/P_HF_L/P1/P2 components.
benchmark_calibrated_seed,wind_speed_11_28,1,2,3,19,0.936392528209357,NaN,NaN,NaN,NaN,NaN,NaN,NaN,0.364731635649779,0.364731635649779,1,0.335042392265014,component_fields_missing_in_existing_trace,diagnostic_not_recomputed,benchmark_calibrated_not_original_paper_or_diagnostic,Existing trace exposes candidate_probability but not P_flow/P_HF_L/P1/P2 components.
benchmark_calibrated_seed,wind_speed_11_28,1,2,3,20,0.909844608153278,NaN,NaN,NaN,NaN,NaN,NaN,NaN,0.0998458505126331,0.0998458505126331,0,0.550213097695979,component_fields_missing_in_existing_trace,diagnostic_not_recomputed,benchmark_calibrated_not_original_paper_or_diagnostic,Existing trace exposes candidate_probability but not P_flow/P_HF_L/P1/P2 components.
benchmark_calibrated_seed,wind_speed_11_28,1,2,3,21,0.0984847719120204,NaN,NaN,NaN,NaN,NaN,NaN,NaN,0.001525146427,0.001525146427,0,0.612859731602072,component_fields_missing_in_existing_trace,diagnostic_not_recomputed,benchmark_calibrated_not_original_paper_or_diagnostic,Existing trace exposes candidate_probability but not P_flow/P_HF_L/P1/P2 components.
benchmark_calibrated_seed,wind_speed_11_28,1,2,3,22,0.105042607337665,NaN,NaN,NaN,NaN,NaN,NaN,NaN,0.001512172414,0.001512172414,0,0.0585015045930941,component_fields_missing_in_existing_trace,diagnostic_not_recomputed,benchmark_calibrated_not_original_paper_or_diagnostic,Existing trace exposes candidate_probability but not P_flow/P_HF_L/P1/P2 components.
benchmark_calibrated_seed,wind_speed_11_28,1,2,3,23,0.942762556824188,NaN,NaN,NaN,NaN,NaN,NaN,NaN,0.428117658661751,0.428117658661751,0,0.719200602045499,component_fields_missing_in_existing_trace,diagnostic_not_recomputed,benchmark_calibrated_not_original_paper_or_diagnostic,Existing trace exposes candidate_probability but not P_flow/P_HF_L/P1/P2 components.
benchmark_calibrated_seed,wind_speed_11_28,1,2,3,24,0.498653424446869,NaN,NaN,NaN,NaN,NaN,NaN,NaN,0.001475246377,0.001475246377,0,0.981861892605878,component_fields_missing_in_existing_trace,diagnostic_not_recomputed,benchmark_calibrated_not_original_paper_or_diagnostic,Existing trace exposes candidate_probability but not P_flow/P_HF_L/P1/P2 components.
benchmark_calibrated_seed,wind_speed_11_28,1,2,3,25,0.32839623100017,NaN,NaN,NaN,NaN,NaN,NaN,NaN,0.001566064468,0.001566064468,0,0.304181033755344,component_fields_missing_in_existing_trace,diagnostic_not_recomputed,benchmark_calibrated_not_original_paper_or_diagnostic,Existing trace exposes candidate_probability but not P_flow/P_HF_L/P1/P2 components.
benchmark_calibrated_seed,wind_speed_11_28,1,2,3,26,0.756205727317845,NaN,NaN,NaN,NaN,NaN,NaN,NaN,0.001404388306,0.001404388306,0,0.922021476299209,component_fields_missing_in_existing_trace,diagnostic_not_recomputed,benchmark_calibrated_not_original_paper_or_diagnostic,Existing trace exposes candidate_probability but not P_flow/P_HF_L/P1/P2 components.
benchmark_calibrated_seed,wind_speed_11_28,1,2,3,27,0.88385657623012,NaN,NaN,NaN,NaN,NaN,NaN,NaN,0.001109978011,0.001109978011,0,0.180863823295928,component_fields_missing_in_existing_trace,diagnostic_not_recomputed,benchmark_calibrated_not_original_paper_or_diagnostic,Existing trace exposes candidate_probability but not P_flow/P_HF_L/P1/P2 components.
benchmark_calibrated_seed,wind_speed_11_28,1,2,3,28,0.514698279117023,NaN,NaN,NaN,NaN,NaN,NaN,NaN,0.001571054473,0.001571054473,0,0.0941623929638924,component_fields_missing_in_existing_trace,diagnostic_not_recomputed,benchmark_calibrated_not_original_paper_or_diagnostic,Existing trace exposes candidate_probability but not P_flow/P_HF_L/P1/P2 components.
benchmark_calibrated_seed,wind_speed_11_28,1,2,3,29,0.179919934571426,NaN,NaN,NaN,NaN,NaN,NaN,NaN,0.0016978006,0.0016978006,0,0.265971005685277,component_fields_missing_in_existing_trace,diagnostic_not_recomputed,benchmark_calibrated_not_original_paper_or_diagnostic,Existing trace exposes candidate_probability but not P_flow/P_HF_L/P1/P2 components.
benchmark_calibrated_seed,wind_speed_11_28,1,2,3,30,0.280689360876108,NaN,NaN,NaN,NaN,NaN,NaN,NaN,0.00174770065,0.00174770065,0,0.750286777536657,component_fields_missing_in_existing_trace,diagnostic_not_recomputed,benchmark_calibrated_not_original_paper_or_diagnostic,Existing trace exposes candidate_probability but not P_flow/P_HF_L/P1/P2 components.
benchmark_calibrated_seed,wind_speed_11_28,1,2,3,31,0.484943438855387,NaN,NaN,NaN,NaN,NaN,NaN,NaN,0.001679836582,0.001679836582,0,0.637383419907431,component_fields_missing_in_existing_trace,diagnostic_not_recomputed,benchmark_calibrated_not_original_paper_or_diagnostic,Existing trace exposes candidate_probability but not P_flow/P_HF_L/P1/P2 components.
benchmark_calibrated_seed,wind_speed_11_28,1,2,3,32,0.173346788398568,NaN,NaN,NaN,NaN,NaN,NaN,NaN,0.001612970515,0.001612970515,0,0.722669668937774,component_fields_missing_in_existing_trace,diagnostic_not_recomputed,benchmark_calibrated_not_original_paper_or_diagnostic,Existing trace exposes candidate_probability but not P_flow/P_HF_L/P1/P2 components.
benchmark_calibrated_seed,wind_speed_11_28,1,2,3,33,0.749305760665946,NaN,NaN,NaN,NaN,NaN,NaN,NaN,0.001123950025,0.001123950025,0,0.146414004005736,component_fields_missing_in_existing_trace,diagnostic_not_recomputed,benchmark_calibrated_not_original_paper_or_diagnostic,Existing trace exposes candidate_probability but not P_flow/P_HF_L/P1/P2 components.
benchmark_calibrated_seed,wind_speed_11_28,1,2,3,34,0.636741508867554,NaN,NaN,NaN,NaN,NaN,NaN,NaN,0.001123950025,0.001123950025,0,0.721901872798153,component_fields_missing_in_existing_trace,diagnostic_not_recomputed,benchmark_calibrated_not_original_paper_or_diagnostic,Existing trace exposes candidate_probability but not P_flow/P_HF_L/P1/P2 components.
benchmark_calibrated_seed,wind_speed_11_28,1,2,3,35,0.668767854209998,NaN,NaN,NaN,NaN,NaN,NaN,NaN,0.001611972514,0.001611972514,0,0.0698760824957089,component_fields_missing_in_existing_trace,diagnostic_not_recomputed,benchmark_calibrated_not_original_paper_or_diagnostic,Existing trace exposes candidate_probability but not P_flow/P_HF_L/P1/P2 components.
benchmark_calibrated_seed,wind_speed_11_28,1,2,3,36,0.151204798843155,NaN,NaN,NaN,NaN,NaN,NaN,NaN,0.001679836582,0.001679836582,0,0.798677584781401,component_fields_missing_in_existing_trace,diagnostic_not_recomputed,benchmark_calibrated_not_original_paper_or_diagnostic,Existing trace exposes candidate_probability but not P_flow/P_HF_L/P1/P2 components.
benchmark_calibrated_seed,wind_speed_11_28,1,2,3,37,0.745973398219303,NaN,NaN,NaN,NaN,NaN,NaN,NaN,0.001599996502,0.001599996502,0,0.569640436575847,component_fields_missing_in_existing_trace,diagnostic_not_recomputed,benchmark_calibrated_not_original_paper_or_diagnostic,Existing trace exposes candidate_probability but not P_flow/P_HF_L/P1/P2 components.
benchmark_calibrated_seed,wind_speed_11_28,1,2,3,38,0.570796687798016,NaN,NaN,NaN,NaN,NaN,NaN,NaN,0.001475246377,0.001475246377,0,0.538793269410941,component_fields_missing_in_existing_trace,diagnostic_not_recomputed,benchmark_calibrated_not_original_paper_or_diagnostic,Existing trace exposes candidate_probability but not P_flow/P_HF_L/P1/P2 components.
benchmark_calibrated_seed,wind_speed_11_28,1,2,3,39,0.635924989340374,NaN,NaN,NaN,NaN,NaN,NaN,NaN,0.001543110445,0.001543110445,0,0.326353073451639,component_fields_missing_in_existing_trace,diagnostic_not_recomputed,benchmark_calibrated_not_original_paper_or_diagnostic,Existing trace exposes candidate_probability but not P_flow/P_HF_L/P1/P2 components.
benchmark_calibrated_seed,wind_speed_11_28,1,2,4,2,0.0869259067164243,NaN,NaN,NaN,NaN,NaN,NaN,NaN,0.001679836582,0.001679836582,0,0.820972678529856,component_fields_missing_in_existing_trace,diagnostic_not_recomputed,benchmark_calibrated_not_original_paper_or_diagnostic,Existing trace exposes candidate_probability but not P_flow/P_HF_L/P1/P2 components.
benchmark_calibrated_seed,wind_speed_11_28,1,2,4,6,0.255136196610853,NaN,NaN,NaN,NaN,NaN,NaN,NaN,0.001645904548,0.001645904548,0,0.911903330322584,component_fields_missing_in_existing_trace,diagnostic_not_recomputed,benchmark_calibrated_not_original_paper_or_diagnostic,Existing trace exposes candidate_probability but not P_flow/P_HF_L/P1/P2 components.
benchmark_calibrated_seed,wind_speed_11_28,1,2,4,7,0.451913045160424,NaN,NaN,NaN,NaN,NaN,NaN,NaN,0.001532132434,0.001532132434,0,0.576887843269394,component_fields_missing_in_existing_trace,diagnostic_not_recomputed,benchmark_calibrated_not_original_paper_or_diagnostic,Existing trace exposes candidate_probability but not P_flow/P_HF_L/P1/P2 components.
benchmark_calibrated_seed,wind_speed_11_28,1,2,4,9,0.92574818136452,NaN,NaN,NaN,NaN,NaN,NaN,NaN,0.258522584377499,0.258522584377499,0,0.0690059390342144,component_fields_missing_in_existing_trace,diagnostic_not_recomputed,benchmark_calibrated_not_original_paper_or_diagnostic,Existing trace exposes candidate_probability but not P_flow/P_HF_L/P1/P2 components.
benchmark_calibrated_seed,wind_speed_11_28,1,2,4,10,0.0502912243217896,NaN,NaN,NaN,NaN,NaN,NaN,NaN,0.001679836582,0.001679836582,0,0.323555878946907,component_fields_missing_in_existing_trace,diagnostic_not_recomputed,benchmark_calibrated_not_original_paper_or_diagnostic,Existing trace exposes candidate_probability but not P_flow/P_HF_L/P1/P2 components.
benchmark_calibrated_seed,wind_speed_11_28,1,2,4,11,0.0784143933896277,NaN,NaN,NaN,NaN,NaN,NaN,NaN,0.001662870565,0.001662870565,0,0.500229289772611,component_fields_missing_in_existing_trace,diagnostic_not_recomputed,benchmark_calibrated_not_original_paper_or_diagnostic,Existing trace exposes candidate_probability but not P_flow/P_HF_L/P1/P2 components.
benchmark_calibrated_seed,wind_speed_11_28,1,2,4,12,0.140209964761415,NaN,NaN,NaN,NaN,NaN,NaN,NaN,0.001361474263,0.001361474263,0,0.351076986678293,component_fields_missing_in_existing_trace,diagnostic_not_recomputed,benchmark_calibrated_not_original_paper_or_diagnostic,Existing trace exposes candidate_probability but not P_flow/P_HF_L/P1/P2 components.
benchmark_calibrated_seed,wind_speed_11_28,1,2,4,13,0.369758846628751,NaN,NaN,NaN,NaN,NaN,NaN,NaN,0.001599996502,0.001599996502,0,0.91558166187548,component_fields_missing_in_existing_trace,diagnostic_not_recomputed,benchmark_calibrated_not_original_paper_or_diagnostic,Existing trace exposes candidate_probability but not P_flow/P_HF_L/P1/P2 components.
benchmark_calibrated_seed,wind_speed_11_28,1,2,4,15,0.0983728170765122,NaN,NaN,NaN,NaN,NaN,NaN,NaN,0.001121954023,0.001121954023,0,0.134647749980049,component_fields_missing_in_existing_trace,diagnostic_not_recomputed,benchmark_calibrated_not_original_paper_or_diagnostic,Existing trace exposes candidate_probability but not P_flow/P_HF_L/P1/P2 components.
benchmark_calibrated_seed,wind_speed_11_28,1,2,4,16,0.542198780479948,NaN,NaN,NaN,NaN,NaN,NaN,NaN,0.001121954023,0.001121954023,0,0.849134826259588,component_fields_missing_in_existing_trace,diagnostic_not_recomputed,benchmark_calibrated_not_original_paper_or_diagnostic,Existing trace exposes candidate_probability but not P_flow/P_HF_L/P1/P2 components.
benchmark_calibrated_seed,wind_speed_11_28,1,2,4,17,0.536348649938637,NaN,NaN,NaN,NaN,NaN,NaN,NaN,0.001782630685,0.001782630685,0,0.849696246084691,component_fields_missing_in_existing_trace,diagnostic_not_recomputed,benchmark_calibrated_not_original_paper_or_diagnostic,Existing trace exposes candidate_probability but not P_flow/P_HF_L/P1/P2 components.
benchmark_calibrated_seed,wind_speed_11_28,1,2,4,18,1.1884366355307,NaN,NaN,NaN,NaN,NaN,NaN,NaN,1,1,0,0.469643642565812,component_fields_missing_in_existing_trace,diagnostic_not_recomputed,benchmark_calibrated_not_original_paper_or_diagnostic,Existing trace exposes candidate_probability but not P_flow/P_HF_L/P1/P2 components.
benchmark_calibrated_seed,wind_speed_11_28,1,2,4,20,0.869318374975963,NaN,NaN,NaN,NaN,NaN,NaN,NaN,0.001650894553,0.001650894553,0,0.579405608427369,component_fields_missing_in_existing_trace,diagnostic_not_recomputed,benchmark_calibrated_not_original_paper_or_diagnostic,Existing trace exposes candidate_probability but not P_flow/P_HF_L/P1/P2 components.
benchmark_calibrated_seed,wind_speed_11_28,1,2,4,21,1.06615192862057,NaN,NaN,NaN,NaN,NaN,NaN,NaN,1,1,0,0.394641127282103,component_fields_missing_in_existing_trace,diagnostic_not_recomputed,benchmark_calibrated_not_original_paper_or_diagnostic,Existing trace exposes candidate_probability but not P_flow/P_HF_L/P1/P2 components.
benchmark_calibrated_seed,wind_speed_11_28,1,2,4,22,0.931515725056558,NaN,NaN,NaN,NaN,NaN,NaN,NaN,0.31590920935369,0.31590920935369,0,0.057180409044946,component_fields_missing_in_existing_trace,diagnostic_not_recomputed,benchmark_calibrated_not_original_paper_or_diagnostic,Existing trace exposes candidate_probability but not P_flow/P_HF_L/P1/P2 components.
benchmark_calibrated_seed,wind_speed_11_28,1,2,4,23,0.77742673288567,NaN,NaN,NaN,NaN,NaN,NaN,NaN,0.001532132434,0.001532132434,0,0.697391910410891,component_fields_missing_in_existing_trace,diagnostic_not_recomputed,benchmark_calibrated_not_original_paper_or_diagnostic,Existing trace exposes candidate_probability but not P_flow/P_HF_L/P1/P2 components.
benchmark_calibrated_seed,wind_speed_11_28,1,2,4,24,0.26920567823055,NaN,NaN,NaN,NaN,NaN,NaN,NaN,0.001475246377,0.001475246377,0,0.284213635671869,component_fields_missing_in_existing_trace,diagnostic_not_recomputed,benchmark_calibrated_not_original_paper_or_diagnostic,Existing trace exposes candidate_probability but not P_flow/P_HF_L/P1/P2 components.
benchmark_calibrated_seed,wind_speed_11_28,1,2,4,25,0.616667421932429,NaN,NaN,NaN,NaN,NaN,NaN,NaN,0.001566064468,0.001566064468,0,0.976558340038089,component_fields_missing_in_existing_trace,diagnostic_not_recomputed,benchmark_calibrated_not_original_paper_or_diagnostic,Existing trace exposes candidate_probability but not P_flow/P_HF_L/P1/P2 components.
benchmark_calibrated_seed,wind_speed_11_28,1,2,4,26,0.980384628568228,NaN,NaN,NaN,NaN,NaN,NaN,NaN,0.803398300007735,0.803398300007735,0,0.842636767732309,component_fields_missing_in_existing_trace,diagnostic_not_recomputed,benchmark_calibrated_not_original_paper_or_diagnostic,Existing trace exposes candidate_probability but not P_flow/P_HF_L/P1/P2 components.
benchmark_calibrated_seed,wind_speed_11_28,1,2,4,27,1.14880482433685,NaN,NaN,NaN,NaN,NaN,NaN,NaN,1,1,0,0.837231992568142,component_fields_missing_in_existing_trace,diagnostic_not_recomputed,benchmark_calibrated_not_original_paper_or_diagnostic,Existing trace exposes candidate_probability but not P_flow/P_HF_L/P1/P2 components.
benchmark_calibrated_seed,wind_speed_11_28,1,2,4,28,0.648735955236841,NaN,NaN,NaN,NaN,NaN,NaN,NaN,0.001571054473,0.001571054473,0,0.19321403092053,component_fields_missing_in_existing_trace,diagnostic_not_recomputed,benchmark_calibrated_not_original_paper_or_diagnostic,Existing trace exposes candidate_probability but not P_flow/P_HF_L/P1/P2 components.
benchmark_calibrated_seed,wind_speed_11_28,1,2,4,29,0.278823195263586,NaN,NaN,NaN,NaN,NaN,NaN,NaN,0.0016978006,0.0016978006,0,0.29311559755965,component_fields_missing_in_existing_trace,diagnostic_not_recomputed,benchmark_calibrated_not_original_paper_or_diagnostic,Existing trace exposes candidate_probability but not P_flow/P_HF_L/P1/P2 components.
benchmark_calibrated_seed,wind_speed_11_28,1,2,4,30,0.583492347288783,NaN,NaN,NaN,NaN,NaN,NaN,NaN,0.00174770065,0.00174770065,0,0.0660748883377673,component_fields_missing_in_existing_trace,diagnostic_not_recomputed,benchmark_calibrated_not_original_paper_or_diagnostic,Existing trace exposes candidate_probability but not P_flow/P_HF_L/P1/P2 components.
benchmark_calibrated_seed,wind_speed_11_28,1,2,4,31,0.387954751076506,NaN,NaN,NaN,NaN,NaN,NaN,NaN,0.001679836582,0.001679836582,0,0.146302251285794,component_fields_missing_in_existing_trace,diagnostic_not_recomputed,benchmark_calibrated_not_original_paper_or_diagnostic,Existing trace exposes candidate_probability but not P_flow/P_HF_L/P1/P2 components.
benchmark_calibrated_seed,wind_speed_11_28,1,2,4,32,0.0869749543025669,NaN,NaN,NaN,NaN,NaN,NaN,NaN,0.001612970515,0.001612970515,0,0.0628575834724594,component_fields_missing_in_existing_trace,diagnostic_not_recomputed,benchmark_calibrated_not_original_paper_or_diagnostic,Existing trace exposes candidate_probability but not P_flow/P_HF_L/P1/P2 components.
benchmark_calibrated_seed,wind_speed_11_28,1,2,4,33,0.777820037921125,NaN,NaN,NaN,NaN,NaN,NaN,NaN,0.001123950025,0.001123950025,0,0.0055587641405469,component_fields_missing_in_existing_trace,diagnostic_not_recomputed,benchmark_calibrated_not_original_paper_or_diagnostic,Existing trace exposes candidate_probability but not P_flow/P_HF_L/P1/P2 components.
benchmark_calibrated_seed,wind_speed_11_28,1,2,4,34,0.641434398633906,NaN,NaN,NaN,NaN,NaN,NaN,NaN,0.001123950025,0.001123950025,0,0.141592560776205,component_fields_missing_in_existing_trace,diagnostic_not_recomputed,benchmark_calibrated_not_original_paper_or_diagnostic,Existing trace exposes candidate_probability but not P_flow/P_HF_L/P1/P2 components.
benchmark_calibrated_seed,wind_speed_11_28,1,2,4,35,0.706025006813298,NaN,NaN,NaN,NaN,NaN,NaN,NaN,0.001611972514,0.001611972514,0,0.397804146503844,component_fields_missing_in_existing_trace,diagnostic_not_recomputed,benchmark_calibrated_not_original_paper_or_diagnostic,Existing trace exposes candidate_probability but not P_flow/P_HF_L/P1/P2 components.
benchmark_calibrated_seed,wind_speed_11_28,1,2,4,36,0.144124615319063,NaN,NaN,NaN,NaN,NaN,NaN,NaN,0.001679836582,0.001679836582,0,0.686353491709406,component_fields_missing_in_existing_trace,diagnostic_not_recomputed,benchmark_calibrated_not_original_paper_or_diagnostic,Existing trace exposes candidate_probability but not P_flow/P_HF_L/P1/P2 components.
benchmark_calibrated_seed,wind_speed_11_28,1,2,4,37,0.77203648518483,NaN,NaN,NaN,NaN,NaN,NaN,NaN,0.001599996502,0.001599996502,0,0.424510892816486,component_fields_missing_in_existing_trace,diagnostic_not_recomputed,benchmark_calibrated_not_original_paper_or_diagnostic,Existing trace exposes candidate_probability but not P_flow/P_HF_L/P1/P2 components.
benchmark_calibrated_seed,wind_speed_11_28,1,2,4,38,0.624566875001715,NaN,NaN,NaN,NaN,NaN,NaN,NaN,0.001475246377,0.001475246377,0,0.889293555824548,component_fields_missing_in_existing_trace,diagnostic_not_recomputed,benchmark_calibrated_not_original_paper_or_diagnostic,Existing trace exposes candidate_probability but not P_flow/P_HF_L/P1/P2 components.
benchmark_calibrated_seed,wind_speed_11_28,1,2,4,39,0.642381160270757,NaN,NaN,NaN,NaN,NaN,NaN,NaN,0.001543110445,0.001543110445,0,0.843465810926485,component_fields_missing_in_existing_trace,diagnostic_not_recomputed,benchmark_calibrated_not_original_paper_or_diagnostic,Existing trace exposes candidate_probability but not P_flow/P_HF_L/P1/P2 components.
benchmark_calibrated_seed,wind_speed_11_28,2,1,1,1,0.178569936501703,NaN,NaN,NaN,NaN,NaN,NaN,NaN,0.001536124438,0.001536124438,0,0.641768371714749,component_fields_missing_in_existing_trace,diagnostic_not_recomputed,benchmark_calibrated_not_original_paper_or_diagnostic,Existing trace exposes candidate_probability but not P_flow/P_HF_L/P1/P2 components.
benchmark_calibrated_seed,wind_speed_11_28,2,1,1,3,0.927462420748831,NaN,NaN,NaN,NaN,NaN,NaN,NaN,0.2754478776372,0.2754478776372,1,0.0217565301447629,component_fields_missing_in_existing_trace,diagnostic_not_recomputed,benchmark_calibrated_not_original_paper_or_diagnostic,Existing trace exposes candidate_probability but not P_flow/P_HF_L/P1/P2 components.
benchmark_calibrated_seed,wind_speed_11_28,2,1,1,4,0.34128080952223,NaN,NaN,NaN,NaN,NaN,NaN,NaN,0.001543110445,0.001543110445,0,0.498681583346345,component_fields_missing_in_existing_trace,diagnostic_not_recomputed,benchmark_calibrated_not_original_paper_or_diagnostic,Existing trace exposes candidate_probability but not P_flow/P_HF_L/P1/P2 components.
benchmark_calibrated_seed,wind_speed_11_28,2,1,1,5,0.448933525338047,NaN,NaN,NaN,NaN,NaN,NaN,NaN,0.001575046477,0.001575046477,0,0.913855708577221,component_fields_missing_in_existing_trace,diagnostic_not_recomputed,benchmark_calibrated_not_original_paper_or_diagnostic,Existing trace exposes candidate_probability but not P_flow/P_HF_L/P1/P2 components.
benchmark_calibrated_seed,wind_speed_11_28,2,1,1,6,0.273761039302678,NaN,NaN,NaN,NaN,NaN,NaN,NaN,0.001645904548,0.001645904548,0,0.475984977317583,component_fields_missing_in_existing_trace,diagnostic_not_recomputed,benchmark_calibrated_not_original_paper_or_diagnostic,Existing trace exposes candidate_probability but not P_flow/P_HF_L/P1/P2 components.
benchmark_calibrated_seed,wind_speed_11_28,2,1,1,7,0.057276079542317,NaN,NaN,NaN,NaN,NaN,NaN,NaN,0.001532132434,0.001532132434,0,0.440383344180503,component_fields_missing_in_existing_trace,diagnostic_not_recomputed,benchmark_calibrated_not_original_paper_or_diagnostic,Existing trace exposes candidate_probability but not P_flow/P_HF_L/P1/P2 components.
benchmark_calibrated_seed,wind_speed_11_28,2,1,1,8,0.241296161006245,NaN,NaN,NaN,NaN,NaN,NaN,NaN,0.001132932034,0.001132932034,0,0.363843438018417,component_fields_missing_in_existing_trace,diagnostic_not_recomputed,benchmark_calibrated_not_original_paper_or_diagnostic,Existing trace exposes candidate_probability but not P_flow/P_HF_L/P1/P2 components.
benchmark_calibrated_seed,wind_speed_11_28,2,1,1,9,0.510328132651439,NaN,NaN,NaN,NaN,NaN,NaN,NaN,0.001713768616,0.001713768616,0,0.17012227155851,component_fields_missing_in_existing_trace,diagnostic_not_recomputed,benchmark_calibrated_not_original_paper_or_diagnostic,Existing trace exposes candidate_probability but not P_flow/P_HF_L/P1/P2 components.
benchmark_calibrated_seed,wind_speed_11_28,2,1,1,10,0.5246260702515,NaN,NaN,NaN,NaN,NaN,NaN,NaN,0.001679836582,0.001679836582,0,0.341379200247238,component_fields_missing_in_existing_trace,diagnostic_not_recomputed,benchmark_calibrated_not_original_paper_or_diagnostic,Existing trace exposes candidate_probability but not P_flow/P_HF_L/P1/P2 components.
benchmark_calibrated_seed,wind_speed_11_28,2,1,1,11,0.539605844292016,NaN,NaN,NaN,NaN,NaN,NaN,NaN,0.001662870565,0.001662870565,0,0.601543199851059,component_fields_missing_in_existing_trace,diagnostic_not_recomputed,benchmark_calibrated_not_original_paper_or_diagnostic,Existing trace exposes candidate_probability but not P_flow/P_HF_L/P1/P2 components.
benchmark_calibrated_seed,wind_speed_11_28,2,1,1,12,0.662284781825769,NaN,NaN,NaN,NaN,NaN,NaN,NaN,0.001361474263,0.001361474263,0,0.39203537884661,component_fields_missing_in_existing_trace,diagnostic_not_recomputed,benchmark_calibrated_not_original_paper_or_diagnostic,Existing trace exposes candidate_probability but not P_flow/P_HF_L/P1/P2 components.
benchmark_calibrated_seed,wind_speed_11_28,2,1,1,13,0.679401033048363,NaN,NaN,NaN,NaN,NaN,NaN,NaN,0.001599996502,0.001599996502,0,0.698571655772462,component_fields_missing_in_existing_trace,diagnostic_not_recomputed,benchmark_calibrated_not_original_paper_or_diagnostic,Existing trace exposes candidate_probability but not P_flow/P_HF_L/P1/P2 components.
benchmark_calibrated_seed,wind_speed_11_28,2,1,1,14,0.53757361733607,NaN,NaN,NaN,NaN,NaN,NaN,NaN,0.001475246377,0.001475246377,0,0.384743810620258,component_fields_missing_in_existing_trace,diagnostic_not_recomputed,benchmark_calibrated_not_original_paper_or_diagnostic,Existing trace exposes candidate_probability but not P_flow/P_HF_L/P1/P2 components.
benchmark_calibrated_seed,wind_speed_11_28,2,1,1,15,0.386669084220722,NaN,NaN,NaN,NaN,NaN,NaN,NaN,0.001121954023,0.001121954023,0,0.919445527853935,component_fields_missing_in_existing_trace,diagnostic_not_recomputed,benchmark_calibrated_not_original_paper_or_diagnostic,Existing trace exposes candidate_probability but not P_flow/P_HF_L/P1/P2 components.
benchmark_calibrated_seed,wind_speed_11_28,2,1,1,16,0.353300010518198,NaN,NaN,NaN,NaN,NaN,NaN,NaN,0.001121954023,0.001121954023,0,0.624842226677418,component_fields_missing_in_existing_trace,diagnostic_not_recomputed,benchmark_calibrated_not_original_paper_or_diagnostic,Existing trace exposes candidate_probability but not P_flow/P_HF_L/P1/P2 components.
benchmark_calibrated_seed,wind_speed_11_28,2,1,1,17,0.334937614660915,NaN,NaN,NaN,NaN,NaN,NaN,NaN,0.001782630685,0.001782630685,0,0.778090054295642,component_fields_missing_in_existing_trace,diagnostic_not_recomputed,benchmark_calibrated_not_original_paper_or_diagnostic,Existing trace exposes candidate_probability but not P_flow/P_HF_L/P1/P2 components.
benchmark_calibrated_seed,wind_speed_11_28,2,1,1,18,0.5694568487398,NaN,NaN,NaN,NaN,NaN,NaN,NaN,0.001321554223,0.001321554223,0,0.969780976754192,component_fields_missing_in_existing_trace,diagnostic_not_recomputed,benchmark_calibrated_not_original_paper_or_diagnostic,Existing trace exposes candidate_probability but not P_flow/P_HF_L/P1/P2 components.
benchmark_calibrated_seed,wind_speed_11_28,2,1,1,19,0.520573554645031,NaN,NaN,NaN,NaN,NaN,NaN,NaN,0.001782630685,0.001782630685,0,0.707837905479985,component_fields_missing_in_existing_trace,diagnostic_not_recomputed,benchmark_calibrated_not_original_paper_or_diagnostic,Existing trace exposes candidate_probability but not P_flow/P_HF_L/P1/P2 components.
benchmark_calibrated_seed,wind_speed_11_28,2,1,1,20,0.767784943255741,NaN,NaN,NaN,NaN,NaN,NaN,NaN,0.001650894553,0.001650894553,0,0.820349376512533,component_fields_missing_in_existing_trace,diagnostic_not_recomputed,benchmark_calibrated_not_original_paper_or_diagnostic,Existing trace exposes candidate_probability but not P_flow/P_HF_L/P1/P2 components.
benchmark_calibrated_seed,wind_speed_11_28,2,1,1,21,0.0880810041489524,NaN,NaN,NaN,NaN,NaN,NaN,NaN,0.001525146427,0.001525146427,0,0.312085455621121,component_fields_missing_in_existing_trace,diagnostic_not_recomputed,benchmark_calibrated_not_original_paper_or_diagnostic,Existing trace exposes candidate_probability but not P_flow/P_HF_L/P1/P2 components.
benchmark_calibrated_seed,wind_speed_11_28,2,1,1,22,0.0922982691843082,NaN,NaN,NaN,NaN,NaN,NaN,NaN,0.001512172414,0.001512172414,0,0.883538143075581,component_fields_missing_in_existing_trace,diagnostic_not_recomputed,benchmark_calibrated_not_original_paper_or_diagnostic,Existing trace exposes candidate_probability but not P_flow/P_HF_L/P1/P2 components.
benchmark_calibrated_seed,wind_speed_11_28,2,1,1,23,0.492916663179993,NaN,NaN,NaN,NaN,NaN,NaN,NaN,0.001532132434,0.001532132434,0,0.535925306340423,component_fields_missing_in_existing_trace,diagnostic_not_recomputed,benchmark_calibrated_not_original_paper_or_diagnostic,Existing trace exposes candidate_probability but not P_flow/P_HF_L/P1/P2 components.
benchmark_calibrated_seed,wind_speed_11_28,2,1,1,24,0.0953835897444782,NaN,NaN,NaN,NaN,NaN,NaN,NaN,0.001475246377,0.001475246377,0,0.78250749086017,component_fields_missing_in_existing_trace,diagnostic_not_recomputed,benchmark_calibrated_not_original_paper_or_diagnostic,Existing trace exposes candidate_probability but not P_flow/P_HF_L/P1/P2 components.
benchmark_calibrated_seed,wind_speed_11_28,2,1,1,25,0.501090743752921,NaN,NaN,NaN,NaN,NaN,NaN,NaN,0.001566064468,0.001566064468,0,0.307690531730179,component_fields_missing_in_existing_trace,diagnostic_not_recomputed,benchmark_calibrated_not_original_paper_or_diagnostic,Existing trace exposes candidate_probability but not P_flow/P_HF_L/P1/P2 components.
benchmark_calibrated_seed,wind_speed_11_28,2,1,1,26,0.303187142649034,NaN,NaN,NaN,NaN,NaN,NaN,NaN,0.001404388306,0.001404388306,0,0.719666800067753,component_fields_missing_in_existing_trace,diagnostic_not_recomputed,benchmark_calibrated_not_original_paper_or_diagnostic,Existing trace exposes candidate_probability but not P_flow/P_HF_L/P1/P2 components.
benchmark_calibrated_seed,wind_speed_11_28,2,1,1,27,0.792758025260382,NaN,NaN,NaN,NaN,NaN,NaN,NaN,0.001109978011,0.001109978011,0,0.677389816068572,component_fields_missing_in_existing_trace,diagnostic_not_recomputed,benchmark_calibrated_not_original_paper_or_diagnostic,Existing trace exposes candidate_probability but not P_flow/P_HF_L/P1/P2 components.
benchmark_calibrated_seed,wind_speed_11_28,2,1,1,28,0.536963620068724,NaN,NaN,NaN,NaN,NaN,NaN,NaN,0.001571054473,0.001571054473,0,0.312095205338283,component_fields_missing_in_existing_trace,diagnostic_not_recomputed,benchmark_calibrated_not_original_paper_or_diagnostic,Existing trace exposes candidate_probability but not P_flow/P_HF_L/P1/P2 components.
benchmark_calibrated_seed,wind_speed_11_28,2,1,1,29,0.0955991876212148,NaN,NaN,NaN,NaN,NaN,NaN,NaN,0.0016978006,0.0016978006,0,0.718027134046304,component_fields_missing_in_existing_trace,diagnostic_not_recomputed,benchmark_calibrated_not_original_paper_or_diagnostic,Existing trace exposes candidate_probability but not P_flow/P_HF_L/P1/P2 components.
benchmark_calibrated_seed,wind_speed_11_28,2,1,1,30,0.233252125000229,NaN,NaN,NaN,NaN,NaN,NaN,NaN,0.00174770065,0.00174770065,0,0.629778464548261,component_fields_missing_in_existing_trace,diagnostic_not_recomputed,benchmark_calibrated_not_original_paper_or_diagnostic,Existing trace exposes candidate_probability but not P_flow/P_HF_L/P1/P2 components.
benchmark_calibrated_seed,wind_speed_11_28,2,1,1,31,0.091891794198765,NaN,NaN,NaN,NaN,NaN,NaN,NaN,0.001679836582,0.001679836582,0,0.547618273459181,component_fields_missing_in_existing_trace,diagnostic_not_recomputed,benchmark_calibrated_not_original_paper_or_diagnostic,Existing trace exposes candidate_probability but not P_flow/P_HF_L/P1/P2 components.
benchmark_calibrated_seed,wind_speed_11_28,2,1,1,32,0.165640274802999,NaN,NaN,NaN,NaN,NaN,NaN,NaN,0.001612970515,0.001612970515,0,0.595938744315007,component_fields_missing_in_existing_trace,diagnostic_not_recomputed,benchmark_calibrated_not_original_paper_or_diagnostic,Existing trace exposes candidate_probability but not P_flow/P_HF_L/P1/P2 components.
benchmark_calibrated_seed,wind_speed_11_28,2,1,1,33,0.708215416327138,NaN,NaN,NaN,NaN,NaN,NaN,NaN,0.001123950025,0.001123950025,0,0.649491015708292,component_fields_missing_in_existing_trace,diagnostic_not_recomputed,benchmark_calibrated_not_original_paper_or_diagnostic,Existing trace exposes candidate_probability but not P_flow/P_HF_L/P1/P2 components.
benchmark_calibrated_seed,wind_speed_11_28,2,1,1,34,0.620695445337585,NaN,NaN,NaN,NaN,NaN,NaN,NaN,0.001123950025,0.001123950025,0,0.694506119196514,component_fields_missing_in_existing_trace,diagnostic_not_recomputed,benchmark_calibrated_not_original_paper_or_diagnostic,Existing trace exposes candidate_probability but not P_flow/P_HF_L/P1/P2 components.
benchmark_calibrated_seed,wind_speed_11_28,2,1,1,35,0.652987476056737,NaN,NaN,NaN,NaN,NaN,NaN,NaN,0.001611972514,0.001611972514,0,0.135484492413688,component_fields_missing_in_existing_trace,diagnostic_not_recomputed,benchmark_calibrated_not_original_paper_or_diagnostic,Existing trace exposes candidate_probability but not P_flow/P_HF_L/P1/P2 components.
benchmark_calibrated_seed,wind_speed_11_28,2,1,1,36,0.144813884855965,NaN,NaN,NaN,NaN,NaN,NaN,NaN,0.001679836582,0.001679836582,0,0.552827688358336,component_fields_missing_in_existing_trace,diagnostic_not_recomputed,benchmark_calibrated_not_original_paper_or_diagnostic,Existing trace exposes candidate_probability but not P_flow/P_HF_L/P1/P2 components.
benchmark_calibrated_seed,wind_speed_11_28,2,1,1,37,0.707455617001205,NaN,NaN,NaN,NaN,NaN,NaN,NaN,0.001599996502,0.001599996502,0,0.84102322229651,component_fields_missing_in_existing_trace,diagnostic_not_recomputed,benchmark_calibrated_not_original_paper_or_diagnostic,Existing trace exposes candidate_probability but not P_flow/P_HF_L/P1/P2 components.
benchmark_calibrated_seed,wind_speed_11_28,2,1,1,38,0.575277145085196,NaN,NaN,NaN,NaN,NaN,NaN,NaN,0.001475246377,0.001475246377,0,0.256736865437295,component_fields_missing_in_existing_trace,diagnostic_not_recomputed,benchmark_calibrated_not_original_paper_or_diagnostic,Existing trace exposes candidate_probability but not P_flow/P_HF_L/P1/P2 components.
benchmark_calibrated_seed,wind_speed_11_28,2,1,1,39,0.627728965397236,NaN,NaN,NaN,NaN,NaN,NaN,NaN,0.001543110445,0.001543110445,0,0.322531841563636,component_fields_missing_in_existing_trace,diagnostic_not_recomputed,benchmark_calibrated_not_original_paper_or_diagnostic,Existing trace exposes candidate_probability but not P_flow/P_HF_L/P1/P2 components.
benchmark_calibrated_seed,wind_speed_11_28,2,1,1,40,0.275909643951713,NaN,NaN,NaN,NaN,NaN,NaN,NaN,0.00158802049,0.00158802049,0,0.555982839711035,component_fields_missing_in_existing_trace,diagnostic_not_recomputed,benchmark_calibrated_not_original_paper_or_diagnostic,Existing trace exposes candidate_probability but not P_flow/P_HF_L/P1/P2 components.
benchmark_calibrated_seed,wind_speed_11_28,2,1,1,41,0.614791267669314,NaN,NaN,NaN,NaN,NaN,NaN,NaN,0.001555086457,0.001555086457,0,0.097493259557157,component_fields_missing_in_existing_trace,diagnostic_not_recomputed,benchmark_calibrated_not_original_paper_or_diagnostic,Existing trace exposes candidate_probability but not P_flow/P_HF_L/P1/P2 components.
benchmark_calibrated_seed,wind_speed_11_28,2,1,1,42,0.41960156219803,NaN,NaN,NaN,NaN,NaN,NaN,NaN,0.001700794603,0.001700794603,0,0.852666820540742,component_fields_missing_in_existing_trace,diagnostic_not_recomputed,benchmark_calibrated_not_original_paper_or_diagnostic,Existing trace exposes candidate_probability but not P_flow/P_HF_L/P1/P2 components.
benchmark_calibrated_seed,wind_speed_11_28,2,1,1,43,0.159878773128228,NaN,NaN,NaN,NaN,NaN,NaN,NaN,0.001575046477,0.001575046477,0,0.691003725345075,component_fields_missing_in_existing_trace,diagnostic_not_recomputed,benchmark_calibrated_not_original_paper_or_diagnostic,Existing trace exposes candidate_probability but not P_flow/P_HF_L/P1/P2 components.
benchmark_calibrated_seed,wind_speed_11_28,2,1,1,44,0.24513799783112,NaN,NaN,NaN,NaN,NaN,NaN,NaN,0.001123950025,0.001123950025,0,0.385120068286116,component_fields_missing_in_existing_trace,diagnostic_not_recomputed,benchmark_calibrated_not_original_paper_or_diagnostic,Existing trace exposes candidate_probability but not P_flow/P_HF_L/P1/P2 components.
benchmark_calibrated_seed,wind_speed_11_28,2,1,1,45,0.489532590814435,NaN,NaN,NaN,NaN,NaN,NaN,NaN,0.001550096452,0.001550096452,0,0.692409924987538,component_fields_missing_in_existing_trace,diagnostic_not_recomputed,benchmark_calibrated_not_original_paper_or_diagnostic,Existing trace exposes candidate_probability but not P_flow/P_HF_L/P1/P2 components.
benchmark_calibrated_seed,wind_speed_11_28,2,1,1,46,0.595894597586229,NaN,NaN,NaN,NaN,NaN,NaN,NaN,0.001512172414,0.001512172414,0,0.294936852274797,component_fields_missing_in_existing_trace,diagnostic_not_recomputed,benchmark_calibrated_not_original_paper_or_diagnostic,Existing trace exposes candidate_probability but not P_flow/P_HF_L/P1/P2 components.
benchmark_calibrated_seed,wind_speed_11_28,2,1,2,1,0.178569936501681,NaN,NaN,NaN,NaN,NaN,NaN,NaN,0.001536124438,0.001536124438,0,0.978586168993574,component_fields_missing_in_existing_trace,diagnostic_not_recomputed,benchmark_calibrated_not_original_paper_or_diagnostic,Existing trace exposes candidate_probability but not P_flow/P_HF_L/P1/P2 components.
benchmark_calibrated_seed,wind_speed_11_28,2,1,2,4,0.597127311677563,NaN,NaN,NaN,NaN,NaN,NaN,NaN,0.001543110445,0.001543110445,0,0.513445101456559,component_fields_missing_in_existing_trace,diagnostic_not_recomputed,benchmark_calibrated_not_original_paper_or_diagnostic,Existing trace exposes candidate_probability but not P_flow/P_HF_L/P1/P2 components.
benchmark_calibrated_seed,wind_speed_11_28,2,1,2,5,0.440615885848344,NaN,NaN,NaN,NaN,NaN,NaN,NaN,0.001575046477,0.001575046477,0,0.609660713210698,component_fields_missing_in_existing_trace,diagnostic_not_recomputed,benchmark_calibrated_not_original_paper_or_diagnostic,Existing trace exposes candidate_probability but not P_flow/P_HF_L/P1/P2 components.
benchmark_calibrated_seed,wind_speed_11_28,2,1,2,6,0.0408077419179015,NaN,NaN,NaN,NaN,NaN,NaN,NaN,0.001645904548,0.001645904548,0,0.209027730719169,component_fields_missing_in_existing_trace,diagnostic_not_recomputed,benchmark_calibrated_not_original_paper_or_diagnostic,Existing trace exposes candidate_probability but not P_flow/P_HF_L/P1/P2 components.
benchmark_calibrated_seed,wind_speed_11_28,2,1,2,7,0.638180168883017,NaN,NaN,NaN,NaN,NaN,NaN,NaN,0.001532132434,0.001532132434,0,0.883356651522737,component_fields_missing_in_existing_trace,diagnostic_not_recomputed,benchmark_calibrated_not_original_paper_or_diagnostic,Existing trace exposes candidate_probability but not P_flow/P_HF_L/P1/P2 components.
benchmark_calibrated_seed,wind_speed_11_28,2,1,2,8,0.3297241223811,NaN,NaN,NaN,NaN,NaN,NaN,NaN,0.001132932034,0.001132932034,0,0.220824150161724,component_fields_missing_in_existing_trace,diagnostic_not_recomputed,benchmark_calibrated_not_original_paper_or_diagnostic,Existing trace exposes candidate_probability but not P_flow/P_HF_L/P1/P2 components.
benchmark_calibrated_seed,wind_speed_11_28,2,1,2,9,0.671484688205007,NaN,NaN,NaN,NaN,NaN,NaN,NaN,0.001713768616,0.001713768616,0,0.643317343387231,component_fields_missing_in_existing_trace,diagnostic_not_recomputed,benchmark_calibrated_not_original_paper_or_diagnostic,Existing trace exposes candidate_probability but not P_flow/P_HF_L/P1/P2 components.
benchmark_calibrated_seed,wind_speed_11_28,2,1,2,10,0.561062801513447,NaN,NaN,NaN,NaN,NaN,NaN,NaN,0.001679836582,0.001679836582,0,0.268721184750254,component_fields_missing_in_existing_trace,diagnostic_not_recomputed,benchmark_calibrated_not_original_paper_or_diagnostic,Existing trace exposes candidate_probability but not P_flow/P_HF_L/P1/P2 components.
benchmark_calibrated_seed,wind_speed_11_28,2,1,2,11,0.533394509333432,NaN,NaN,NaN,NaN,NaN,NaN,NaN,0.001662870565,0.001662870565,0,0.448455692712133,component_fields_missing_in_existing_trace,diagnostic_not_recomputed,benchmark_calibrated_not_original_paper_or_diagnostic,Existing trace exposes candidate_probability but not P_flow/P_HF_L/P1/P2 components.
benchmark_calibrated_seed,wind_speed_11_28,2,1,2,12,0.666449134303733,NaN,NaN,NaN,NaN,NaN,NaN,NaN,0.001361474263,0.001361474263,0,0.842482743211908,component_fields_missing_in_existing_trace,diagnostic_not_recomputed,benchmark_calibrated_not_original_paper_or_diagnostic,Existing trace exposes candidate_probability but not P_flow/P_HF_L/P1/P2 components.
benchmark_calibrated_seed,wind_speed_11_28,2,1,2,13,0.714004487318269,NaN,NaN,NaN,NaN,NaN,NaN,NaN,0.001599996502,0.001599996502,0,0.985553019746721,component_fields_missing_in_existing_trace,diagnostic_not_recomputed,benchmark_calibrated_not_original_paper_or_diagnostic,Existing trace exposes candidate_probability but not P_flow/P_HF_L/P1/P2 components.
benchmark_calibrated_seed,wind_speed_11_28,2,1,2,14,0.562043722844657,NaN,NaN,NaN,NaN,NaN,NaN,NaN,0.001475246377,0.001475246377,0,0.228399050710953,component_fields_missing_in_existing_trace,diagnostic_not_recomputed,benchmark_calibrated_not_original_paper_or_diagnostic,Existing trace exposes candidate_probability but not P_flow/P_HF_L/P1/P2 components.
benchmark_calibrated_seed,wind_speed_11_28,2,1,2,15,0.391139505904843,NaN,NaN,NaN,NaN,NaN,NaN,NaN,0.001121954023,0.001121954023,0,0.495093024866055,component_fields_missing_in_existing_trace,diagnostic_not_recomputed,benchmark_calibrated_not_original_paper_or_diagnostic,Existing trace exposes candidate_probability but not P_flow/P_HF_L/P1/P2 components.
benchmark_calibrated_seed,wind_speed_11_28,2,1,2,16,0.358976758866089,NaN,NaN,NaN,NaN,NaN,NaN,NaN,0.001121954023,0.001121954023,0,0.329363495693812,component_fields_missing_in_existing_trace,diagnostic_not_recomputed,benchmark_calibrated_not_original_paper_or_diagnostic,Existing trace exposes candidate_probability but not P_flow/P_HF_L/P1/P2 components.
benchmark_calibrated_seed,wind_speed_11_28,2,1,2,17,0.33096013337785,NaN,NaN,NaN,NaN,NaN,NaN,NaN,0.001782630685,0.001782630685,0,0.266464810036074,component_fields_missing_in_existing_trace,diagnostic_not_recomputed,benchmark_calibrated_not_original_paper_or_diagnostic,Existing trace exposes candidate_probability but not P_flow/P_HF_L/P1/P2 components.
benchmark_calibrated_seed,wind_speed_11_28,2,1,2,18,0.596421419870027,NaN,NaN,NaN,NaN,NaN,NaN,NaN,0.001321554223,0.001321554223,0,0.0185098024964355,component_fields_missing_in_existing_trace,diagnostic_not_recomputed,benchmark_calibrated_not_original_paper_or_diagnostic,Existing trace exposes candidate_probability but not P_flow/P_HF_L/P1/P2 components.
benchmark_calibrated_seed,wind_speed_11_28,2,1,2,19,0.519592129346802,NaN,NaN,NaN,NaN,NaN,NaN,NaN,0.001782630685,0.001782630685,0,0.545271970647489,component_fields_missing_in_existing_trace,diagnostic_not_recomputed,benchmark_calibrated_not_original_paper_or_diagnostic,Existing trace exposes candidate_probability but not P_flow/P_HF_L/P1/P2 components.
benchmark_calibrated_seed,wind_speed_11_28,2,1,2,20,0.793408142603363,NaN,NaN,NaN,NaN,NaN,NaN,NaN,0.001650894553,0.001650894553,0,0.548904295140254,component_fields_missing_in_existing_trace,diagnostic_not_recomputed,benchmark_calibrated_not_original_paper_or_diagnostic,Existing trace exposes candidate_probability but not P_flow/P_HF_L/P1/P2 components.
benchmark_calibrated_seed,wind_speed_11_28,2,1,2,21,0.090438949295958,NaN,NaN,NaN,NaN,NaN,NaN,NaN,0.001525146427,0.001525146427,0,0.714271635689042,component_fields_missing_in_existing_trace,diagnostic_not_recomputed,benchmark_calibrated_not_original_paper_or_diagnostic,Existing trace exposes candidate_probability but not P_flow/P_HF_L/P1/P2 components.
benchmark_calibrated_seed,wind_speed_11_28,2,1,2,22,0.0902942822510421,NaN,NaN,NaN,NaN,NaN,NaN,NaN,0.001512172414,0.001512172414,0,0.58731335132781,component_fields_missing_in_existing_trace,diagnostic_not_recomputed,benchmark_calibrated_not_original_paper_or_diagnostic,Existing trace exposes candidate_probability but not P_flow/P_HF_L/P1/P2 components.
benchmark_calibrated_seed,wind_speed_11_28,2,1,2,23,0.483558456062228,NaN,NaN,NaN,NaN,NaN,NaN,NaN,0.001532132434,0.001532132434,0,0.0644170279124396,component_fields_missing_in_existing_trace,diagnostic_not_recomputed,benchmark_calibrated_not_original_paper_or_diagnostic,Existing trace exposes candidate_probability but not P_flow/P_HF_L/P1/P2 components.
benchmark_calibrated_seed,wind_speed_11_28,2,1,2,24,0.123940436212672,NaN,NaN,NaN,NaN,NaN,NaN,NaN,0.001475246377,0.001475246377,0,0.0972248669419422,component_fields_missing_in_existing_trace,diagnostic_not_recomputed,benchmark_calibrated_not_original_paper_or_diagnostic,Existing trace exposes candidate_probability but not P_flow/P_HF_L/P1/P2 components.
benchmark_calibrated_seed,wind_speed_11_28,2,1,2,25,0.64632783498983,NaN,NaN,NaN,NaN,NaN,NaN,NaN,0.001566064468,0.001566064468,0,0.145332984448556,component_fields_missing_in_existing_trace,diagnostic_not_recomputed,benchmark_calibrated_not_original_paper_or_diagnostic,Existing trace exposes candidate_probability but not P_flow/P_HF_L/P1/P2 components.
benchmark_calibrated_seed,wind_speed_11_28,2,1,2,26,0.209265704036913,NaN,NaN,NaN,NaN,NaN,NaN,NaN,0.001404388306,0.001404388306,0,0.656844380209105,component_fields_missing_in_existing_trace,diagnostic_not_recomputed,benchmark_calibrated_not_original_paper_or_diagnostic,Existing trace exposes candidate_probability but not P_flow/P_HF_L/P1/P2 components.
benchmark_calibrated_seed,wind_speed_11_28,2,1,2,27,0.824531979695506,NaN,NaN,NaN,NaN,NaN,NaN,NaN,0.001109978011,0.001109978011,0,0.942236985984543,component_fields_missing_in_existing_trace,diagnostic_not_recomputed,benchmark_calibrated_not_original_paper_or_diagnostic,Existing trace exposes candidate_probability but not P_flow/P_HF_L/P1/P2 components.
benchmark_calibrated_seed,wind_speed_11_28,2,1,2,28,0.523113361649874,NaN,NaN,NaN,NaN,NaN,NaN,NaN,0.001571054473,0.001571054473,0,0.780768700740582,component_fields_missing_in_existing_trace,diagnostic_not_recomputed,benchmark_calibrated_not_original_paper_or_diagnostic,Existing trace exposes candidate_probability but not P_flow/P_HF_L/P1/P2 components.
benchmark_calibrated_seed,wind_speed_11_28,2,1,2,29,0.129515229203793,NaN,NaN,NaN,NaN,NaN,NaN,NaN,0.0016978006,0.0016978006,0,0.326118879259571,component_fields_missing_in_existing_trace,diagnostic_not_recomputed,benchmark_calibrated_not_original_paper_or_diagnostic,Existing trace exposes candidate_probability but not P_flow/P_HF_L/P1/P2 components.
benchmark_calibrated_seed,wind_speed_11_28,2,1,2,30,0.799800002205425,NaN,NaN,NaN,NaN,NaN,NaN,NaN,0.00174770065,0.00174770065,0,0.125017964652677,component_fields_missing_in_existing_trace,diagnostic_not_recomputed,benchmark_calibrated_not_original_paper_or_diagnostic,Existing trace exposes candidate_probability but not P_flow/P_HF_L/P1/P2 components.
benchmark_calibrated_seed,wind_speed_11_28,2,1,2,31,0.671462228199485,NaN,NaN,NaN,NaN,NaN,NaN,NaN,0.001679836582,0.001679836582,0,0.164125730422486,component_fields_missing_in_existing_trace,diagnostic_not_recomputed,benchmark_calibrated_not_original_paper_or_diagnostic,Existing trace exposes candidate_probability but not P_flow/P_HF_L/P1/P2 components.
benchmark_calibrated_seed,wind_speed_11_28,2,1,2,32,0.167283827721985,NaN,NaN,NaN,NaN,NaN,NaN,NaN,0.001612970515,0.001612970515,0,0.410076235672965,component_fields_missing_in_existing_trace,diagnostic_not_recomputed,benchmark_calibrated_not_original_paper_or_diagnostic,Existing trace exposes candidate_probability but not P_flow/P_HF_L/P1/P2 components.
benchmark_calibrated_seed,wind_speed_11_28,2,1,2,33,0.723304197588987,NaN,NaN,NaN,NaN,NaN,NaN,NaN,0.001123950025,0.001123950025,0,0.76703358791973,component_fields_missing_in_existing_trace,diagnostic_not_recomputed,benchmark_calibrated_not_original_paper_or_diagnostic,Existing trace exposes candidate_probability but not P_flow/P_HF_L/P1/P2 components.
benchmark_calibrated_seed,wind_speed_11_28,2,1,2,34,0.626809928469698,NaN,NaN,NaN,NaN,NaN,NaN,NaN,0.001123950025,0.001123950025,0,0.394488942636952,component_fields_missing_in_existing_trace,diagnostic_not_recomputed,benchmark_calibrated_not_original_paper_or_diagnostic,Existing trace exposes candidate_probability but not P_flow/P_HF_L/P1/P2 components.
benchmark_calibrated_seed,wind_speed_11_28,2,1,2,35,0.657598619187097,NaN,NaN,NaN,NaN,NaN,NaN,NaN,0.001611972514,0.001611972514,0,0.385857037464398,component_fields_missing_in_existing_trace,diagnostic_not_recomputed,benchmark_calibrated_not_original_paper_or_diagnostic,Existing trace exposes candidate_probability but not P_flow/P_HF_L/P1/P2 components.
benchmark_calibrated_seed,wind_speed_11_28,2,1,2,36,0.147439179809749,NaN,NaN,NaN,NaN,NaN,NaN,NaN,0.001679836582,0.001679836582,0,0.226369738221912,component_fields_missing_in_existing_trace,diagnostic_not_recomputed,benchmark_calibrated_not_original_paper_or_diagnostic,Existing trace exposes candidate_probability but not P_flow/P_HF_L/P1/P2 components.
benchmark_calibrated_seed,wind_speed_11_28,2,1,2,37,0.721169712219001,NaN,NaN,NaN,NaN,NaN,NaN,NaN,0.001599996502,0.001599996502,0,0.180480535461767,component_fields_missing_in_existing_trace,diagnostic_not_recomputed,benchmark_calibrated_not_original_paper_or_diagnostic,Existing trace exposes candidate_probability but not P_flow/P_HF_L/P1/P2 components.
benchmark_calibrated_seed,wind_speed_11_28,2,1,2,38,0.571369902995375,NaN,NaN,NaN,NaN,NaN,NaN,NaN,0.001475246377,0.001475246377,0,0.998724186324002,component_fields_missing_in_existing_trace,diagnostic_not_recomputed,benchmark_calibrated_not_original_paper_or_diagnostic,Existing trace exposes candidate_probability but not P_flow/P_HF_L/P1/P2 components.
benchmark_calibrated_seed,wind_speed_11_28,2,1,2,39,0.63028509748857,NaN,NaN,NaN,NaN,NaN,NaN,NaN,0.001543110445,0.001543110445,0,0.776901813179954,component_fields_missing_in_existing_trace,diagnostic_not_recomputed,benchmark_calibrated_not_original_paper_or_diagnostic,Existing trace exposes candidate_probability but not P_flow/P_HF_L/P1/P2 components.
benchmark_calibrated_seed,wind_speed_11_28,2,1,2,40,1.03111266391158,NaN,NaN,NaN,NaN,NaN,NaN,NaN,1,1,1,0.683712780020403,component_fields_missing_in_existing_trace,diagnostic_not_recomputed,benchmark_calibrated_not_original_paper_or_diagnostic,Existing trace exposes candidate_probability but not P_flow/P_HF_L/P1/P2 components.
benchmark_calibrated_seed,wind_speed_11_28,2,1,2,41,0.626928502152175,NaN,NaN,NaN,NaN,NaN,NaN,NaN,0.001555086457,0.001555086457,0,0.43155091029692,component_fields_missing_in_existing_trace,diagnostic_not_recomputed,benchmark_calibrated_not_original_paper_or_diagnostic,Existing trace exposes candidate_probability but not P_flow/P_HF_L/P1/P2 components.
benchmark_calibrated_seed,wind_speed_11_28,2,1,2,42,1.14757068694307,NaN,NaN,NaN,NaN,NaN,NaN,NaN,1,1,1,0.843313694766234,component_fields_missing_in_existing_trace,diagnostic_not_recomputed,benchmark_calibrated_not_original_paper_or_diagnostic,Existing trace exposes candidate_probability but not P_flow/P_HF_L/P1/P2 components.
benchmark_calibrated_seed,wind_speed_11_28,2,1,2,43,0.177110426338038,NaN,NaN,NaN,NaN,NaN,NaN,NaN,0.001575046477,0.001575046477,0,0.211833713100231,component_fields_missing_in_existing_trace,diagnostic_not_recomputed,benchmark_calibrated_not_original_paper_or_diagnostic,Existing trace exposes candidate_probability but not P_flow/P_HF_L/P1/P2 components.
benchmark_calibrated_seed,wind_speed_11_28,2,1,2,44,0.250177729366811,NaN,NaN,NaN,NaN,NaN,NaN,NaN,0.001123950025,0.001123950025,0,0.413970696244678,component_fields_missing_in_existing_trace,diagnostic_not_recomputed,benchmark_calibrated_not_original_paper_or_diagnostic,Existing trace exposes candidate_probability but not P_flow/P_HF_L/P1/P2 components.
benchmark_calibrated_seed,wind_speed_11_28,2,1,2,45,0.487544388161469,NaN,NaN,NaN,NaN,NaN,NaN,NaN,0.001550096452,0.001550096452,0,0.0565671016771848,component_fields_missing_in_existing_trace,diagnostic_not_recomputed,benchmark_calibrated_not_original_paper_or_diagnostic,Existing trace exposes candidate_probability but not P_flow/P_HF_L/P1/P2 components.
benchmark_calibrated_seed,wind_speed_11_28,2,1,2,46,0.6004113335565,NaN,NaN,NaN,NaN,NaN,NaN,NaN,0.001512172414,0.001512172414,0,0.938660118535647,component_fields_missing_in_existing_trace,diagnostic_not_recomputed,benchmark_calibrated_not_original_paper_or_diagnostic,Existing trace exposes candidate_probability but not P_flow/P_HF_L/P1/P2 components.
benchmark_calibrated_seed,wind_speed_11_28,2,1,3,6,0.683831567419507,NaN,NaN,NaN,NaN,NaN,NaN,NaN,0.001645904548,0.001645904548,0,0.708650869403997,component_fields_missing_in_existing_trace,diagnostic_not_recomputed,benchmark_calibrated_not_original_paper_or_diagnostic,Existing trace exposes candidate_probability but not P_flow/P_HF_L/P1/P2 components.
benchmark_calibrated_seed,wind_speed_11_28,2,1,3,7,0.130064487970705,NaN,NaN,NaN,NaN,NaN,NaN,NaN,0.001532132434,0.001532132434,0,0.520991406970006,component_fields_missing_in_existing_trace,diagnostic_not_recomputed,benchmark_calibrated_not_original_paper_or_diagnostic,Existing trace exposes candidate_probability but not P_flow/P_HF_L/P1/P2 components.
benchmark_calibrated_seed,wind_speed_11_28,2,1,3,8,0.978141528365204,NaN,NaN,NaN,NaN,NaN,NaN,NaN,0.780959651524044,0.780959651524044,1,0.687793090414225,component_fields_missing_in_existing_trace,diagnostic_not_recomputed,benchmark_calibrated_not_original_paper_or_diagnostic,Existing trace exposes candidate_probability but not P_flow/P_HF_L/P1/P2 components.
benchmark_calibrated_seed,wind_speed_11_28,2,1,3,9,0.566050951229822,NaN,NaN,NaN,NaN,NaN,NaN,NaN,0.001713768616,0.001713768616,0,0.330097469852247,component_fields_missing_in_existing_trace,diagnostic_not_recomputed,benchmark_calibrated_not_original_paper_or_diagnostic,Existing trace exposes candidate_probability but not P_flow/P_HF_L/P1/P2 components.
benchmark_calibrated_seed,wind_speed_11_28,2,1,3,10,0.860423501756319,NaN,NaN,NaN,NaN,NaN,NaN,NaN,0.001679836582,0.001679836582,0,0.0753602754080485,component_fields_missing_in_existing_trace,diagnostic_not_recomputed,benchmark_calibrated_not_original_paper_or_diagnostic,Existing trace exposes candidate_probability but not P_flow/P_HF_L/P1/P2 components.
benchmark_calibrated_seed,wind_speed_11_28,2,1,3,11,0.489330067574858,NaN,NaN,NaN,NaN,NaN,NaN,NaN,0.001662870565,0.001662870565,0,0.502907269757276,component_fields_missing_in_existing_trace,diagnostic_not_recomputed,benchmark_calibrated_not_original_paper_or_diagnostic,Existing trace exposes candidate_probability but not P_flow/P_HF_L/P1/P2 components.
benchmark_calibrated_seed,wind_speed_11_28,2,1,3,12,0.704921425264753,NaN,NaN,NaN,NaN,NaN,NaN,NaN,0.001361474263,0.001361474263,0,0.870282799158569,component_fields_missing_in_existing_trace,diagnostic_not_recomputed,benchmark_calibrated_not_original_paper_or_diagnostic,Existing trace exposes candidate_probability but not P_flow/P_HF_L/P1/P2 components.
benchmark_calibrated_seed,wind_speed_11_28,2,1,3,13,0.417329926975599,NaN,NaN,NaN,NaN,NaN,NaN,NaN,0.001599996502,0.001599996502,0,0.508366413521394,component_fields_missing_in_existing_trace,diagnostic_not_recomputed,benchmark_calibrated_not_original_paper_or_diagnostic,Existing trace exposes candidate_probability but not P_flow/P_HF_L/P1/P2 components.
benchmark_calibrated_seed,wind_speed_11_28,2,1,3,14,1.00742067524542,NaN,NaN,NaN,NaN,NaN,NaN,NaN,1,1,1,0.561079318421148,component_fields_missing_in_existing_trace,diagnostic_not_recomputed,benchmark_calibrated_not_original_paper_or_diagnostic,Existing trace exposes candidate_probability but not P_flow/P_HF_L/P1/P2 components.
benchmark_calibrated_seed,wind_speed_11_28,2,1,3,15,0.433365604450207,NaN,NaN,NaN,NaN,NaN,NaN,NaN,0.001121954023,0.001121954023,0,0.678079658191549,component_fields_missing_in_existing_trace,diagnostic_not_recomputed,benchmark_calibrated_not_original_paper_or_diagnostic,Existing trace exposes candidate_probability but not P_flow/P_HF_L/P1/P2 components.
benchmark_calibrated_seed,wind_speed_11_28,2,1,3,16,0.38560396550837,NaN,NaN,NaN,NaN,NaN,NaN,NaN,0.001121954023,0.001121954023,0,0.811313722050552,component_fields_missing_in_existing_trace,diagnostic_not_recomputed,benchmark_calibrated_not_original_paper_or_diagnostic,Existing trace exposes candidate_probability but not P_flow/P_HF_L/P1/P2 components.
benchmark_calibrated_seed,wind_speed_11_28,2,1,3,17,0.347679579759114,NaN,NaN,NaN,NaN,NaN,NaN,NaN,0.001782630685,0.001782630685,0,0.69567824952071,component_fields_missing_in_existing_trace,diagnostic_not_recomputed,benchmark_calibrated_not_original_paper_or_diagnostic,Existing trace exposes candidate_probability but not P_flow/P_HF_L/P1/P2 components.
benchmark_calibrated_seed,wind_speed_11_28,2,1,3,18,0.400237560075168,NaN,NaN,NaN,NaN,NaN,NaN,NaN,0.001321554223,0.001321554223,0,0.377178501242557,component_fields_missing_in_existing_trace,diagnostic_not_recomputed,benchmark_calibrated_not_original_paper_or_diagnostic,Existing trace exposes candidate_probability but not P_flow/P_HF_L/P1/P2 components.
benchmark_calibrated_seed,wind_speed_11_28,2,1,3,19,0.929411519202305,NaN,NaN,NaN,NaN,NaN,NaN,NaN,0.295108820269007,0.295108820269007,0,0.835205471648967,component_fields_missing_in_existing_trace,diagnostic_not_recomputed,benchmark_calibrated_not_original_paper_or_diagnostic,Existing trace exposes candidate_probability but not P_flow/P_HF_L/P1/P2 components.
benchmark_calibrated_seed,wind_speed_11_28,2,1,3,20,0.880179366642771,NaN,NaN,NaN,NaN,NaN,NaN,NaN,0.001650894553,0.001650894553,0,0.979282225682498,component_fields_missing_in_existing_trace,diagnostic_not_recomputed,benchmark_calibrated_not_original_paper_or_diagnostic,Existing trace exposes candidate_probability but not P_flow/P_HF_L/P1/P2 components.
benchmark_calibrated_seed,wind_speed_11_28,2,1,3,21,0.100448826055134,NaN,NaN,NaN,NaN,NaN,NaN,NaN,0.001525146427,0.001525146427,0,0.677037727719889,component_fields_missing_in_existing_trace,diagnostic_not_recomputed,benchmark_calibrated_not_original_paper_or_diagnostic,Existing trace exposes candidate_probability but not P_flow/P_HF_L/P1/P2 components.
benchmark_calibrated_seed,wind_speed_11_28,2,1,3,22,0.101962328546501,NaN,NaN,NaN,NaN,NaN,NaN,NaN,0.001512172414,0.001512172414,0,0.927519841726821,component_fields_missing_in_existing_trace,diagnostic_not_recomputed,benchmark_calibrated_not_original_paper_or_diagnostic,Existing trace exposes candidate_probability but not P_flow/P_HF_L/P1/P2 components.
benchmark_calibrated_seed,wind_speed_11_28,2,1,3,23,0.935926467538589,NaN,NaN,NaN,NaN,NaN,NaN,NaN,0.359923028550493,0.359923028550493,0,0.849836006846823,component_fields_missing_in_existing_trace,diagnostic_not_recomputed,benchmark_calibrated_not_original_paper_or_diagnostic,Existing trace exposes candidate_probability but not P_flow/P_HF_L/P1/P2 components.
benchmark_calibrated_seed,wind_speed_11_28,2,1,3,24,0.492777582828965,NaN,NaN,NaN,NaN,NaN,NaN,NaN,0.001475246377,0.001475246377,0,0.194597262921552,component_fields_missing_in_existing_trace,diagnostic_not_recomputed,benchmark_calibrated_not_original_paper_or_diagnostic,Existing trace exposes candidate_probability but not P_flow/P_HF_L/P1/P2 components.
benchmark_calibrated_seed,wind_speed_11_28,2,1,3,25,0.305715295649541,NaN,NaN,NaN,NaN,NaN,NaN,NaN,0.001566064468,0.001566064468,0,0.787513685629349,component_fields_missing_in_existing_trace,diagnostic_not_recomputed,benchmark_calibrated_not_original_paper_or_diagnostic,Existing trace exposes candidate_probability but not P_flow/P_HF_L/P1/P2 components.
benchmark_calibrated_seed,wind_speed_11_28,2,1,3,26,0.747789361987653,NaN,NaN,NaN,NaN,NaN,NaN,NaN,0.001404388306,0.001404388306,0,0.276496493628714,component_fields_missing_in_existing_trace,diagnostic_not_recomputed,benchmark_calibrated_not_original_paper_or_diagnostic,Existing trace exposes candidate_probability but not P_flow/P_HF_L/P1/P2 components.
benchmark_calibrated_seed,wind_speed_11_28,2,1,3,27,0.871760899017967,NaN,NaN,NaN,NaN,NaN,NaN,NaN,0.001109978011,0.001109978011,0,0.225846601107276,component_fields_missing_in_existing_trace,diagnostic_not_recomputed,benchmark_calibrated_not_original_paper_or_diagnostic,Existing trace exposes candidate_probability but not P_flow/P_HF_L/P1/P2 components.
benchmark_calibrated_seed,wind_speed_11_28,2,1,3,28,0.515227022811895,NaN,NaN,NaN,NaN,NaN,NaN,NaN,0.001571054473,0.001571054473,0,0.163883146824656,component_fields_missing_in_existing_trace,diagnostic_not_recomputed,benchmark_calibrated_not_original_paper_or_diagnostic,Existing trace exposes candidate_probability but not P_flow/P_HF_L/P1/P2 components.
benchmark_calibrated_seed,wind_speed_11_28,2,1,3,29,0.170563008804884,NaN,NaN,NaN,NaN,NaN,NaN,NaN,0.0016978006,0.0016978006,0,0.45584586452462,component_fields_missing_in_existing_trace,diagnostic_not_recomputed,benchmark_calibrated_not_original_paper_or_diagnostic,Existing trace exposes candidate_probability but not P_flow/P_HF_L/P1/P2 components.
benchmark_calibrated_seed,wind_speed_11_28,2,1,3,30,0.270293308706583,NaN,NaN,NaN,NaN,NaN,NaN,NaN,0.00174770065,0.00174770065,0,0.302845668309045,component_fields_missing_in_existing_trace,diagnostic_not_recomputed,benchmark_calibrated_not_original_paper_or_diagnostic,Existing trace exposes candidate_probability but not P_flow/P_HF_L/P1/P2 components.
benchmark_calibrated_seed,wind_speed_11_28,2,1,3,31,0.484943438855389,NaN,NaN,NaN,NaN,NaN,NaN,NaN,0.001679836582,0.001679836582,0,0.427836061756433,component_fields_missing_in_existing_trace,diagnostic_not_recomputed,benchmark_calibrated_not_original_paper_or_diagnostic,Existing trace exposes candidate_probability but not P_flow/P_HF_L/P1/P2 components.
benchmark_calibrated_seed,wind_speed_11_28,2,1,3,32,0.171915816088956,NaN,NaN,NaN,NaN,NaN,NaN,NaN,0.001612970515,0.001612970515,0,0.770608790434368,component_fields_missing_in_existing_trace,diagnostic_not_recomputed,benchmark_calibrated_not_original_paper_or_diagnostic,Existing trace exposes candidate_probability but not P_flow/P_HF_L/P1/P2 components.
benchmark_calibrated_seed,wind_speed_11_28,2,1,3,33,0.74410984529471,NaN,NaN,NaN,NaN,NaN,NaN,NaN,0.001123950025,0.001123950025,0,0.905200716513472,component_fields_missing_in_existing_trace,diagnostic_not_recomputed,benchmark_calibrated_not_original_paper_or_diagnostic,Existing trace exposes candidate_probability but not P_flow/P_HF_L/P1/P2 components.
benchmark_calibrated_seed,wind_speed_11_28,2,1,3,34,0.634798253312347,NaN,NaN,NaN,NaN,NaN,NaN,NaN,0.001123950025,0.001123950025,0,0.671243001843835,component_fields_missing_in_existing_trace,diagnostic_not_recomputed,benchmark_calibrated_not_original_paper_or_diagnostic,Existing trace exposes candidate_probability but not P_flow/P_HF_L/P1/P2 components.
benchmark_calibrated_seed,wind_speed_11_28,2,1,3,35,0.666301852242166,NaN,NaN,NaN,NaN,NaN,NaN,NaN,0.001611972514,0.001611972514,0,0.03315182142564,component_fields_missing_in_existing_trace,diagnostic_not_recomputed,benchmark_calibrated_not_original_paper_or_diagnostic,Existing trace exposes candidate_probability but not P_flow/P_HF_L/P1/P2 components.
benchmark_calibrated_seed,wind_speed_11_28,2,1,3,36,0.150507697616792,NaN,NaN,NaN,NaN,NaN,NaN,NaN,0.001679836582,0.001679836582,0,0.395547729328075,component_fields_missing_in_existing_trace,diagnostic_not_recomputed,benchmark_calibrated_not_original_paper_or_diagnostic,Existing trace exposes candidate_probability but not P_flow/P_HF_L/P1/P2 components.
benchmark_calibrated_seed,wind_speed_11_28,2,1,3,37,0.740929965571651,NaN,NaN,NaN,NaN,NaN,NaN,NaN,0.001599996502,0.001599996502,0,0.679364770644518,component_fields_missing_in_existing_trace,diagnostic_not_recomputed,benchmark_calibrated_not_original_paper_or_diagnostic,Existing trace exposes candidate_probability but not P_flow/P_HF_L/P1/P2 components.
benchmark_calibrated_seed,wind_speed_11_28,2,1,3,38,0.570451707114285,NaN,NaN,NaN,NaN,NaN,NaN,NaN,0.001475246377,0.001475246377,0,0.427343560354373,component_fields_missing_in_existing_trace,diagnostic_not_recomputed,benchmark_calibrated_not_original_paper_or_diagnostic,Existing trace exposes candidate_probability but not P_flow/P_HF_L/P1/P2 components.
benchmark_calibrated_seed,wind_speed_11_28,2,1,3,39,0.634701508109634,NaN,NaN,NaN,NaN,NaN,NaN,NaN,0.001543110445,0.001543110445,0,0.32590459944443,component_fields_missing_in_existing_trace,diagnostic_not_recomputed,benchmark_calibrated_not_original_paper_or_diagnostic,Existing trace exposes candidate_probability but not P_flow/P_HF_L/P1/P2 components.
benchmark_calibrated_seed,wind_speed_11_28,2,1,4,6,0.363959981531496,NaN,NaN,NaN,NaN,NaN,NaN,NaN,0.001645904548,0.001645904548,0,0.935915930327888,component_fields_missing_in_existing_trace,diagnostic_not_recomputed,benchmark_calibrated_not_original_paper_or_diagnostic,Existing trace exposes candidate_probability but not P_flow/P_HF_L/P1/P2 components.
benchmark_calibrated_seed,wind_speed_11_28,2,1,4,7,0.318294135732911,NaN,NaN,NaN,NaN,NaN,NaN,NaN,0.001532132434,0.001532132434,0,0.893300900460498,component_fields_missing_in_existing_trace,diagnostic_not_recomputed,benchmark_calibrated_not_original_paper_or_diagnostic,Existing trace exposes candidate_probability but not P_flow/P_HF_L/P1/P2 components.
benchmark_calibrated_seed,wind_speed_11_28,2,1,4,9,1.24400081325828,NaN,NaN,NaN,NaN,NaN,NaN,NaN,1,1,1,0.936541583634433,component_fields_missing_in_existing_trace,diagnostic_not_recomputed,benchmark_calibrated_not_original_paper_or_diagnostic,Existing trace exposes candidate_probability but not P_flow/P_HF_L/P1/P2 components.
benchmark_calibrated_seed,wind_speed_11_28,2,1,4,10,0.16840315297459,NaN,NaN,NaN,NaN,NaN,NaN,NaN,0.001679836582,0.001679836582,0,0.758662607014219,component_fields_missing_in_existing_trace,diagnostic_not_recomputed,benchmark_calibrated_not_original_paper_or_diagnostic,Existing trace exposes candidate_probability but not P_flow/P_HF_L/P1/P2 components.
benchmark_calibrated_seed,wind_speed_11_28,2,1,4,11,0.229235052560189,NaN,NaN,NaN,NaN,NaN,NaN,NaN,0.001662870565,0.001662870565,0,0.353327013204016,component_fields_missing_in_existing_trace,diagnostic_not_recomputed,benchmark_calibrated_not_original_paper_or_diagnostic,Existing trace exposes candidate_probability but not P_flow/P_HF_L/P1/P2 components.
benchmark_calibrated_seed,wind_speed_11_28,2,1,4,12,0.211511162423698,NaN,NaN,NaN,NaN,NaN,NaN,NaN,0.001361474263,0.001361474263,0,0.490793518047014,component_fields_missing_in_existing_trace,diagnostic_not_recomputed,benchmark_calibrated_not_original_paper_or_diagnostic,Existing trace exposes candidate_probability but not P_flow/P_HF_L/P1/P2 components.
benchmark_calibrated_seed,wind_speed_11_28,2,1,4,13,0.793934913815948,NaN,NaN,NaN,NaN,NaN,NaN,NaN,0.001599996502,0.001599996502,0,0.596058445192581,component_fields_missing_in_existing_trace,diagnostic_not_recomputed,benchmark_calibrated_not_original_paper_or_diagnostic,Existing trace exposes candidate_probability but not P_flow/P_HF_L/P1/P2 components.
benchmark_calibrated_seed,wind_speed_11_28,2,1,4,15,0.327069516120822,NaN,NaN,NaN,NaN,NaN,NaN,NaN,0.001121954023,0.001121954023,0,0.68992889446146,component_fields_missing_in_existing_trace,diagnostic_not_recomputed,benchmark_calibrated_not_original_paper_or_diagnostic,Existing trace exposes candidate_probability but not P_flow/P_HF_L/P1/P2 components.
benchmark_calibrated_seed,wind_speed_11_28,2,1,4,16,1.04373699568309,NaN,NaN,NaN,NaN,NaN,NaN,NaN,1,1,1,0.460226039379821,component_fields_missing_in_existing_trace,diagnostic_not_recomputed,benchmark_calibrated_not_original_paper_or_diagnostic,Existing trace exposes candidate_probability but not P_flow/P_HF_L/P1/P2 components.
benchmark_calibrated_seed,wind_speed_11_28,2,1,4,17,1.08707067213711,NaN,NaN,NaN,NaN,NaN,NaN,NaN,1,1,1,0.0623328612433848,component_fields_missing_in_existing_trace,diagnostic_not_recomputed,benchmark_calibrated_not_original_paper_or_diagnostic,Existing trace exposes candidate_probability but not P_flow/P_HF_L/P1/P2 components.
benchmark_calibrated_seed,wind_speed_11_28,2,1,4,18,0.649487793789247,NaN,NaN,NaN,NaN,NaN,NaN,NaN,0.001321554223,0.001321554223,0,0.660214788717319,component_fields_missing_in_existing_trace,diagnostic_not_recomputed,benchmark_calibrated_not_original_paper_or_diagnostic,Existing trace exposes candidate_probability but not P_flow/P_HF_L/P1/P2 components.
benchmark_calibrated_seed,wind_speed_11_28,2,1,4,19,1.29821805355211,NaN,NaN,NaN,NaN,NaN,NaN,NaN,1,1,1,0.923396141745756,component_fields_missing_in_existing_trace,diagnostic_not_recomputed,benchmark_calibrated_not_original_paper_or_diagnostic,Existing trace exposes candidate_probability but not P_flow/P_HF_L/P1/P2 components.
benchmark_calibrated_seed,wind_speed_11_28,2,1,4,20,1.01670087050627,NaN,NaN,NaN,NaN,NaN,NaN,NaN,1,1,1,0.274014272765547,component_fields_missing_in_existing_trace,diagnostic_not_recomputed,benchmark_calibrated_not_original_paper_or_diagnostic,Existing trace exposes candidate_probability but not P_flow/P_HF_L/P1/P2 components.
benchmark_calibrated_seed,wind_speed_11_28,2,1,4,21,0.116748521975175,NaN,NaN,NaN,NaN,NaN,NaN,NaN,0.001525146427,0.001525146427,0,0.958243720077594,component_fields_missing_in_existing_trace,diagnostic_not_recomputed,benchmark_calibrated_not_original_paper_or_diagnostic,Existing trace exposes candidate_probability but not P_flow/P_HF_L/P1/P2 components.
benchmark_calibrated_seed,wind_speed_11_28,2,1,4,22,0.128188255881932,NaN,NaN,NaN,NaN,NaN,NaN,NaN,0.001512172414,0.001512172414,0,0.346414566047274,component_fields_missing_in_existing_trace,diagnostic_not_recomputed,benchmark_calibrated_not_original_paper_or_diagnostic,Existing trace exposes candidate_probability but not P_flow/P_HF_L/P1/P2 components.
benchmark_calibrated_seed,wind_speed_11_28,2,1,4,23,1.3422041053345,NaN,NaN,NaN,NaN,NaN,NaN,NaN,1,1,1,0.903327474825128,component_fields_missing_in_existing_trace,diagnostic_not_recomputed,benchmark_calibrated_not_original_paper_or_diagnostic,Existing trace exposes candidate_probability but not P_flow/P_HF_L/P1/P2 components.
benchmark_calibrated_seed,wind_speed_11_28,2,1,4,24,0.355083854028944,NaN,NaN,NaN,NaN,NaN,NaN,NaN,0.001475246377,0.001475246377,0,0.266267285205757,component_fields_missing_in_existing_trace,diagnostic_not_recomputed,benchmark_calibrated_not_original_paper_or_diagnostic,Existing trace exposes candidate_probability but not P_flow/P_HF_L/P1/P2 components.
benchmark_calibrated_seed,wind_speed_11_28,2,1,4,25,0.41160252374957,NaN,NaN,NaN,NaN,NaN,NaN,NaN,0.001566064468,0.001566064468,0,0.471171620510561,component_fields_missing_in_existing_trace,diagnostic_not_recomputed,benchmark_calibrated_not_original_paper_or_diagnostic,Existing trace exposes candidate_probability but not P_flow/P_HF_L/P1/P2 components.
benchmark_calibrated_seed,wind_speed_11_28,2,1,4,26,0.932520014333322,NaN,NaN,NaN,NaN,NaN,NaN,NaN,0.325855144231814,0.325855144231814,0,0.905890008148243,component_fields_missing_in_existing_trace,diagnostic_not_recomputed,benchmark_calibrated_not_original_paper_or_diagnostic,Existing trace exposes candidate_probability but not P_flow/P_HF_L/P1/P2 components.
benchmark_calibrated_seed,wind_speed_11_28,2,1,4,27,1.0122034660719,NaN,NaN,NaN,NaN,NaN,NaN,NaN,1,1,1,0.993884291179382,component_fields_missing_in_existing_trace,diagnostic_not_recomputed,benchmark_calibrated_not_original_paper_or_diagnostic,Existing trace exposes candidate_probability but not P_flow/P_HF_L/P1/P2 components.
benchmark_calibrated_seed,wind_speed_11_28,2,1,4,28,0.579303301619937,NaN,NaN,NaN,NaN,NaN,NaN,NaN,0.001571054473,0.001571054473,0,0.805310820324551,component_fields_missing_in_existing_trace,diagnostic_not_recomputed,benchmark_calibrated_not_original_paper_or_diagnostic,Existing trace exposes candidate_probability but not P_flow/P_HF_L/P1/P2 components.
benchmark_calibrated_seed,wind_speed_11_28,2,1,4,29,0.220237195737581,NaN,NaN,NaN,NaN,NaN,NaN,NaN,0.0016978006,0.0016978006,0,0.0605896502032939,component_fields_missing_in_existing_trace,diagnostic_not_recomputed,benchmark_calibrated_not_original_paper_or_diagnostic,Existing trace exposes candidate_probability but not P_flow/P_HF_L/P1/P2 components.
benchmark_calibrated_seed,wind_speed_11_28,2,1,4,30,0.489351241286928,NaN,NaN,NaN,NaN,NaN,NaN,NaN,0.00174770065,0.00174770065,0,0.99524880109544,component_fields_missing_in_existing_trace,diagnostic_not_recomputed,benchmark_calibrated_not_original_paper_or_diagnostic,Existing trace exposes candidate_probability but not P_flow/P_HF_L/P1/P2 components.
benchmark_calibrated_seed,wind_speed_11_28,2,1,4,31,0.43644909496985,NaN,NaN,NaN,NaN,NaN,NaN,NaN,0.001679836582,0.001679836582,0,0.317933803741257,component_fields_missing_in_existing_trace,diagnostic_not_recomputed,benchmark_calibrated_not_original_paper_or_diagnostic,Existing trace exposes candidate_probability but not P_flow/P_HF_L/P1/P2 components.
benchmark_calibrated_seed,wind_speed_11_28,2,1,4,32,0.11188374137779,NaN,NaN,NaN,NaN,NaN,NaN,NaN,0.001612970515,0.001612970515,0,0.540889575007745,component_fields_missing_in_existing_trace,diagnostic_not_recomputed,benchmark_calibrated_not_original_paper_or_diagnostic,Existing trace exposes candidate_probability but not P_flow/P_HF_L/P1/P2 components.
benchmark_calibrated_seed,wind_speed_11_28,2,1,4,33,0.760894100268226,NaN,NaN,NaN,NaN,NaN,NaN,NaN,0.001123950025,0.001123950025,0,0.631078211254093,component_fields_missing_in_existing_trace,diagnostic_not_recomputed,benchmark_calibrated_not_original_paper_or_diagnostic,Existing trace exposes candidate_probability but not P_flow/P_HF_L/P1/P2 components.
benchmark_calibrated_seed,wind_speed_11_28,2,1,4,34,0.638213651045538,NaN,NaN,NaN,NaN,NaN,NaN,NaN,0.001123950025,0.001123950025,0,0.128706484475664,component_fields_missing_in_existing_trace,diagnostic_not_recomputed,benchmark_calibrated_not_original_paper_or_diagnostic,Existing trace exposes candidate_probability but not P_flow/P_HF_L/P1/P2 components.
benchmark_calibrated_seed,wind_speed_11_28,2,1,4,35,0.686004380318149,NaN,NaN,NaN,NaN,NaN,NaN,NaN,0.001611972514,0.001611972514,0,0.67889287351464,component_fields_missing_in_existing_trace,diagnostic_not_recomputed,benchmark_calibrated_not_original_paper_or_diagnostic,Existing trace exposes candidate_probability but not P_flow/P_HF_L/P1/P2 components.
benchmark_calibrated_seed,wind_speed_11_28,2,1,4,36,0.146366943931755,NaN,NaN,NaN,NaN,NaN,NaN,NaN,0.001679836582,0.001679836582,0,0.539817107111266,component_fields_missing_in_existing_trace,diagnostic_not_recomputed,benchmark_calibrated_not_original_paper_or_diagnostic,Existing trace exposes candidate_probability but not P_flow/P_HF_L/P1/P2 components.
benchmark_calibrated_seed,wind_speed_11_28,2,1,4,37,0.75657682413016,NaN,NaN,NaN,NaN,NaN,NaN,NaN,0.001599996502,0.001599996502,0,0.56487974309088,component_fields_missing_in_existing_trace,diagnostic_not_recomputed,benchmark_calibrated_not_original_paper_or_diagnostic,Existing trace exposes candidate_probability but not P_flow/P_HF_L/P1/P2 components.
benchmark_calibrated_seed,wind_speed_11_28,2,1,4,38,0.596384453083999,NaN,NaN,NaN,NaN,NaN,NaN,NaN,0.001475246377,0.001475246377,0,0.871012243499723,component_fields_missing_in_existing_trace,diagnostic_not_recomputed,benchmark_calibrated_not_original_paper_or_diagnostic,Existing trace exposes candidate_probability but not P_flow/P_HF_L/P1/P2 components.
benchmark_calibrated_seed,wind_speed_11_28,2,1,4,39,0.638456280226505,NaN,NaN,NaN,NaN,NaN,NaN,NaN,0.001543110445,0.001543110445,0,0.335536660360046,component_fields_missing_in_existing_trace,diagnostic_not_recomputed,benchmark_calibrated_not_original_paper_or_diagnostic,Existing trace exposes candidate_probability but not P_flow/P_HF_L/P1/P2 components.
benchmark_calibrated_seed,wind_speed_11_28,2,2,1,1,0.178569936501703,NaN,NaN,NaN,NaN,NaN,NaN,NaN,0.001536124438,0.001536124438,0,0.186434092059,component_fields_missing_in_existing_trace,diagnostic_not_recomputed,benchmark_calibrated_not_original_paper_or_diagnostic,Existing trace exposes candidate_probability but not P_flow/P_HF_L/P1/P2 components.
benchmark_calibrated_seed,wind_speed_11_28,2,2,1,3,0.927462420748831,NaN,NaN,NaN,NaN,NaN,NaN,NaN,0.2754478776372,0.2754478776372,0,0.545651619237104,component_fields_missing_in_existing_trace,diagnostic_not_recomputed,benchmark_calibrated_not_original_paper_or_diagnostic,Existing trace exposes candidate_probability but not P_flow/P_HF_L/P1/P2 components.
benchmark_calibrated_seed,wind_speed_11_28,2,2,1,4,0.34128080952223,NaN,NaN,NaN,NaN,NaN,NaN,NaN,0.001543110445,0.001543110445,0,0.0280373427672725,component_fields_missing_in_existing_trace,diagnostic_not_recomputed,benchmark_calibrated_not_original_paper_or_diagnostic,Existing trace exposes candidate_probability but not P_flow/P_HF_L/P1/P2 components.
benchmark_calibrated_seed,wind_speed_11_28,2,2,1,5,0.448933525338047,NaN,NaN,NaN,NaN,NaN,NaN,NaN,0.001575046477,0.001575046477,0,0.208594814660849,component_fields_missing_in_existing_trace,diagnostic_not_recomputed,benchmark_calibrated_not_original_paper_or_diagnostic,Existing trace exposes candidate_probability but not P_flow/P_HF_L/P1/P2 components.
benchmark_calibrated_seed,wind_speed_11_28,2,2,1,6,0.273761039302678,NaN,NaN,NaN,NaN,NaN,NaN,NaN,0.001645904548,0.001645904548,0,0.110051829833427,component_fields_missing_in_existing_trace,diagnostic_not_recomputed,benchmark_calibrated_not_original_paper_or_diagnostic,Existing trace exposes candidate_probability but not P_flow/P_HF_L/P1/P2 components.
benchmark_calibrated_seed,wind_speed_11_28,2,2,1,7,0.057276079542317,NaN,NaN,NaN,NaN,NaN,NaN,NaN,0.001532132434,0.001532132434,0,0.416045008462291,component_fields_missing_in_existing_trace,diagnostic_not_recomputed,benchmark_calibrated_not_original_paper_or_diagnostic,Existing trace exposes candidate_probability but not P_flow/P_HF_L/P1/P2 components.
benchmark_calibrated_seed,wind_speed_11_28,2,2,1,8,0.241296161006245,NaN,NaN,NaN,NaN,NaN,NaN,NaN,0.001132932034,0.001132932034,0,0.938738364501072,component_fields_missing_in_existing_trace,diagnostic_not_recomputed,benchmark_calibrated_not_original_paper_or_diagnostic,Existing trace exposes candidate_probability but not P_flow/P_HF_L/P1/P2 components.
benchmark_calibrated_seed,wind_speed_11_28,2,2,1,9,0.510328132651439,NaN,NaN,NaN,NaN,NaN,NaN,NaN,0.001713768616,0.001713768616,0,0.580481501811751,component_fields_missing_in_existing_trace,diagnostic_not_recomputed,benchmark_calibrated_not_original_paper_or_diagnostic,Existing trace exposes candidate_probability but not P_flow/P_HF_L/P1/P2 components.
benchmark_calibrated_seed,wind_speed_11_28,2,2,1,10,0.5246260702515,NaN,NaN,NaN,NaN,NaN,NaN,NaN,0.001679836582,0.001679836582,0,0.376446950454088,component_fields_missing_in_existing_trace,diagnostic_not_recomputed,benchmark_calibrated_not_original_paper_or_diagnostic,Existing trace exposes candidate_probability but not P_flow/P_HF_L/P1/P2 components.
benchmark_calibrated_seed,wind_speed_11_28,2,2,1,11,0.539605844292016,NaN,NaN,NaN,NaN,NaN,NaN,NaN,0.001662870565,0.001662870565,0,0.39594957075182,component_fields_missing_in_existing_trace,diagnostic_not_recomputed,benchmark_calibrated_not_original_paper_or_diagnostic,Existing trace exposes candidate_probability but not P_flow/P_HF_L/P1/P2 components.
benchmark_calibrated_seed,wind_speed_11_28,2,2,1,12,0.662284781825769,NaN,NaN,NaN,NaN,NaN,NaN,NaN,0.001361474263,0.001361474263,0,0.306211762132528,component_fields_missing_in_existing_trace,diagnostic_not_recomputed,benchmark_calibrated_not_original_paper_or_diagnostic,Existing trace exposes candidate_probability but not P_flow/P_HF_L/P1/P2 components.
benchmark_calibrated_seed,wind_speed_11_28,2,2,1,13,0.679401033048363,NaN,NaN,NaN,NaN,NaN,NaN,NaN,0.001599996502,0.001599996502,0,0.517514236751769,component_fields_missing_in_existing_trace,diagnostic_not_recomputed,benchmark_calibrated_not_original_paper_or_diagnostic,Existing trace exposes candidate_probability but not P_flow/P_HF_L/P1/P2 components.
benchmark_calibrated_seed,wind_speed_11_28,2,2,1,14,0.53757361733607,NaN,NaN,NaN,NaN,NaN,NaN,NaN,0.001475246377,0.001475246377,0,0.278836968038923,component_fields_missing_in_existing_trace,diagnostic_not_recomputed,benchmark_calibrated_not_original_paper_or_diagnostic,Existing trace exposes candidate_probability but not P_flow/P_HF_L/P1/P2 components.
benchmark_calibrated_seed,wind_speed_11_28,2,2,1,15,0.386669084220722,NaN,NaN,NaN,NaN,NaN,NaN,NaN,0.001121954023,0.001121954023,0,0.250760938106261,component_fields_missing_in_existing_trace,diagnostic_not_recomputed,benchmark_calibrated_not_original_paper_or_diagnostic,Existing trace exposes candidate_probability but not P_flow/P_HF_L/P1/P2 components.
benchmark_calibrated_seed,wind_speed_11_28,2,2,1,16,0.353300010518198,NaN,NaN,NaN,NaN,NaN,NaN,NaN,0.001121954023,0.001121954023,0,0.104570908105537,component_fields_missing_in_existing_trace,diagnostic_not_recomputed,benchmark_calibrated_not_original_paper_or_diagnostic,Existing trace exposes candidate_probability but not P_flow/P_HF_L/P1/P2 components.
benchmark_calibrated_seed,wind_speed_11_28,2,2,1,17,0.334937614660915,NaN,NaN,NaN,NaN,NaN,NaN,NaN,0.001782630685,0.001782630685,0,0.279379619653745,component_fields_missing_in_existing_trace,diagnostic_not_recomputed,benchmark_calibrated_not_original_paper_or_diagnostic,Existing trace exposes candidate_probability but not P_flow/P_HF_L/P1/P2 components.
benchmark_calibrated_seed,wind_speed_11_28,2,2,1,18,0.5694568487398,NaN,NaN,NaN,NaN,NaN,NaN,NaN,0.001321554223,0.001321554223,0,0.844306350394612,component_fields_missing_in_existing_trace,diagnostic_not_recomputed,benchmark_calibrated_not_original_paper_or_diagnostic,Existing trace exposes candidate_probability but not P_flow/P_HF_L/P1/P2 components.
benchmark_calibrated_seed,wind_speed_11_28,2,2,1,19,0.520573554645031,NaN,NaN,NaN,NaN,NaN,NaN,NaN,0.001782630685,0.001782630685,0,0.21892257513044,component_fields_missing_in_existing_trace,diagnostic_not_recomputed,benchmark_calibrated_not_original_paper_or_diagnostic,Existing trace exposes candidate_probability but not P_flow/P_HF_L/P1/P2 components.
benchmark_calibrated_seed,wind_speed_11_28,2,2,1,20,0.767784943255741,NaN,NaN,NaN,NaN,NaN,NaN,NaN,0.001650894553,0.001650894553,0,0.0912794636641396,component_fields_missing_in_existing_trace,diagnostic_not_recomputed,benchmark_calibrated_not_original_paper_or_diagnostic,Existing trace exposes candidate_probability but not P_flow/P_HF_L/P1/P2 components.
benchmark_calibrated_seed,wind_speed_11_28,2,2,1,21,0.0880810041489524,NaN,NaN,NaN,NaN,NaN,NaN,NaN,0.001525146427,0.001525146427,0,0.101066018945776,component_fields_missing_in_existing_trace,diagnostic_not_recomputed,benchmark_calibrated_not_original_paper_or_diagnostic,Existing trace exposes candidate_probability but not P_flow/P_HF_L/P1/P2 components.
benchmark_calibrated_seed,wind_speed_11_28,2,2,1,22,0.0922982691843082,NaN,NaN,NaN,NaN,NaN,NaN,NaN,0.001512172414,0.001512172414,0,0.256656753476046,component_fields_missing_in_existing_trace,diagnostic_not_recomputed,benchmark_calibrated_not_original_paper_or_diagnostic,Existing trace exposes candidate_probability but not P_flow/P_HF_L/P1/P2 components.
benchmark_calibrated_seed,wind_speed_11_28,2,2,1,23,0.492916663179993,NaN,NaN,NaN,NaN,NaN,NaN,NaN,0.001532132434,0.001532132434,0,0.189474608685909,component_fields_missing_in_existing_trace,diagnostic_not_recomputed,benchmark_calibrated_not_original_paper_or_diagnostic,Existing trace exposes candidate_probability but not P_flow/P_HF_L/P1/P2 components.
benchmark_calibrated_seed,wind_speed_11_28,2,2,1,24,0.0953835897444782,NaN,NaN,NaN,NaN,NaN,NaN,NaN,0.001475246377,0.001475246377,0,0.856512176931909,component_fields_missing_in_existing_trace,diagnostic_not_recomputed,benchmark_calibrated_not_original_paper_or_diagnostic,Existing trace exposes candidate_probability but not P_flow/P_HF_L/P1/P2 components.
benchmark_calibrated_seed,wind_speed_11_28,2,2,1,25,0.501090743752921,NaN,NaN,NaN,NaN,NaN,NaN,NaN,0.001566064468,0.001566064468,0,0.881680541758346,component_fields_missing_in_existing_trace,diagnostic_not_recomputed,benchmark_calibrated_not_original_paper_or_diagnostic,Existing trace exposes candidate_probability but not P_flow/P_HF_L/P1/P2 components.
benchmark_calibrated_seed,wind_speed_11_28,2,2,1,26,0.303187142649034,NaN,NaN,NaN,NaN,NaN,NaN,NaN,0.001404388306,0.001404388306,0,0.15425760006262,component_fields_missing_in_existing_trace,diagnostic_not_recomputed,benchmark_calibrated_not_original_paper_or_diagnostic,Existing trace exposes candidate_probability but not P_flow/P_HF_L/P1/P2 components.
benchmark_calibrated_seed,wind_speed_11_28,2,2,1,27,0.792758025260382,NaN,NaN,NaN,NaN,NaN,NaN,NaN,0.001109978011,0.001109978011,0,0.480959259446017,component_fields_missing_in_existing_trace,diagnostic_not_recomputed,benchmark_calibrated_not_original_paper_or_diagnostic,Existing trace exposes candidate_probability but not P_flow/P_HF_L/P1/P2 components.
benchmark_calibrated_seed,wind_speed_11_28,2,2,1,28,0.536963620068724,NaN,NaN,NaN,NaN,NaN,NaN,NaN,0.001571054473,0.001571054473,0,0.720887882027529,component_fields_missing_in_existing_trace,diagnostic_not_recomputed,benchmark_calibrated_not_original_paper_or_diagnostic,Existing trace exposes candidate_probability but not P_flow/P_HF_L/P1/P2 components.
benchmark_calibrated_seed,wind_speed_11_28,2,2,1,29,0.0955991876212148,NaN,NaN,NaN,NaN,NaN,NaN,NaN,0.0016978006,0.0016978006,0,0.898359709142862,component_fields_missing_in_existing_trace,diagnostic_not_recomputed,benchmark_calibrated_not_original_paper_or_diagnostic,Existing trace exposes candidate_probability but not P_flow/P_HF_L/P1/P2 components.
benchmark_calibrated_seed,wind_speed_11_28,2,2,1,30,0.233252125000229,NaN,NaN,NaN,NaN,NaN,NaN,NaN,0.00174770065,0.00174770065,0,0.399372963499393,component_fields_missing_in_existing_trace,diagnostic_not_recomputed,benchmark_calibrated_not_original_paper_or_diagnostic,Existing trace exposes candidate_probability but not P_flow/P_HF_L/P1/P2 components.
benchmark_calibrated_seed,wind_speed_11_28,2,2,1,31,0.091891794198765,NaN,NaN,NaN,NaN,NaN,NaN,NaN,0.001679836582,0.001679836582,0,0.127038926935081,component_fields_missing_in_existing_trace,diagnostic_not_recomputed,benchmark_calibrated_not_original_paper_or_diagnostic,Existing trace exposes candidate_probability but not P_flow/P_HF_L/P1/P2 components.
benchmark_calibrated_seed,wind_speed_11_28,2,2,1,32,0.165640274802999,NaN,NaN,NaN,NaN,NaN,NaN,NaN,0.001612970515,0.001612970515,0,0.608937729963803,component_fields_missing_in_existing_trace,diagnostic_not_recomputed,benchmark_calibrated_not_original_paper_or_diagnostic,Existing trace exposes candidate_probability but not P_flow/P_HF_L/P1/P2 components.
benchmark_calibrated_seed,wind_speed_11_28,2,2,1,33,0.708215416327138,NaN,NaN,NaN,NaN,NaN,NaN,NaN,0.001123950025,0.001123950025,0,0.129334873501052,component_fields_missing_in_existing_trace,diagnostic_not_recomputed,benchmark_calibrated_not_original_paper_or_diagnostic,Existing trace exposes candidate_probability but not P_flow/P_HF_L/P1/P2 components.
benchmark_calibrated_seed,wind_speed_11_28,2,2,1,34,0.620695445337585,NaN,NaN,NaN,NaN,NaN,NaN,NaN,0.001123950025,0.001123950025,0,0.565025413995496,component_fields_missing_in_existing_trace,diagnostic_not_recomputed,benchmark_calibrated_not_original_paper_or_diagnostic,Existing trace exposes candidate_probability but not P_flow/P_HF_L/P1/P2 components.
benchmark_calibrated_seed,wind_speed_11_28,2,2,1,35,0.652987476056737,NaN,NaN,NaN,NaN,NaN,NaN,NaN,0.001611972514,0.001611972514,0,0.41895883688726,component_fields_missing_in_existing_trace,diagnostic_not_recomputed,benchmark_calibrated_not_original_paper_or_diagnostic,Existing trace exposes candidate_probability but not P_flow/P_HF_L/P1/P2 components.
benchmark_calibrated_seed,wind_speed_11_28,2,2,1,36,0.144813884855965,NaN,NaN,NaN,NaN,NaN,NaN,NaN,0.001679836582,0.001679836582,0,0.874706412826422,component_fields_missing_in_existing_trace,diagnostic_not_recomputed,benchmark_calibrated_not_original_paper_or_diagnostic,Existing trace exposes candidate_probability but not P_flow/P_HF_L/P1/P2 components.
benchmark_calibrated_seed,wind_speed_11_28,2,2,1,37,0.707455617001205,NaN,NaN,NaN,NaN,NaN,NaN,NaN,0.001599996502,0.001599996502,0,0.734213382664398,component_fields_missing_in_existing_trace,diagnostic_not_recomputed,benchmark_calibrated_not_original_paper_or_diagnostic,Existing trace exposes candidate_probability but not P_flow/P_HF_L/P1/P2 components.
benchmark_calibrated_seed,wind_speed_11_28,2,2,1,38,0.575277145085196,NaN,NaN,NaN,NaN,NaN,NaN,NaN,0.001475246377,0.001475246377,0,0.959584250483544,component_fields_missing_in_existing_trace,diagnostic_not_recomputed,benchmark_calibrated_not_original_paper_or_diagnostic,Existing trace exposes candidate_probability but not P_flow/P_HF_L/P1/P2 components.
benchmark_calibrated_seed,wind_speed_11_28,2,2,1,39,0.627728965397236,NaN,NaN,NaN,NaN,NaN,NaN,NaN,0.001543110445,0.001543110445,0,0.255909329401634,component_fields_missing_in_existing_trace,diagnostic_not_recomputed,benchmark_calibrated_not_original_paper_or_diagnostic,Existing trace exposes candidate_probability but not P_flow/P_HF_L/P1/P2 components.
benchmark_calibrated_seed,wind_speed_11_28,2,2,1,40,0.275909643951713,NaN,NaN,NaN,NaN,NaN,NaN,NaN,0.00158802049,0.00158802049,0,0.987540851505934,component_fields_missing_in_existing_trace,diagnostic_not_recomputed,benchmark_calibrated_not_original_paper_or_diagnostic,Existing trace exposes candidate_probability but not P_flow/P_HF_L/P1/P2 components.
benchmark_calibrated_seed,wind_speed_11_28,2,2,1,41,0.614791267669314,NaN,NaN,NaN,NaN,NaN,NaN,NaN,0.001555086457,0.001555086457,0,0.737265932645335,component_fields_missing_in_existing_trace,diagnostic_not_recomputed,benchmark_calibrated_not_original_paper_or_diagnostic,Existing trace exposes candidate_probability but not P_flow/P_HF_L/P1/P2 components.
benchmark_calibrated_seed,wind_speed_11_28,2,2,1,42,0.41960156219803,NaN,NaN,NaN,NaN,NaN,NaN,NaN,0.001700794603,0.001700794603,0,0.717624758937453,component_fields_missing_in_existing_trace,diagnostic_not_recomputed,benchmark_calibrated_not_original_paper_or_diagnostic,Existing trace exposes candidate_probability but not P_flow/P_HF_L/P1/P2 components.
benchmark_calibrated_seed,wind_speed_11_28,2,2,1,43,0.159878773128228,NaN,NaN,NaN,NaN,NaN,NaN,NaN,0.001575046477,0.001575046477,0,0.78865809660227,component_fields_missing_in_existing_trace,diagnostic_not_recomputed,benchmark_calibrated_not_original_paper_or_diagnostic,Existing trace exposes candidate_probability but not P_flow/P_HF_L/P1/P2 components.
benchmark_calibrated_seed,wind_speed_11_28,2,2,1,44,0.24513799783112,NaN,NaN,NaN,NaN,NaN,NaN,NaN,0.001123950025,0.001123950025,0,0.872635102098719,component_fields_missing_in_existing_trace,diagnostic_not_recomputed,benchmark_calibrated_not_original_paper_or_diagnostic,Existing trace exposes candidate_probability but not P_flow/P_HF_L/P1/P2 components.
benchmark_calibrated_seed,wind_speed_11_28,2,2,1,45,0.489532590814435,NaN,NaN,NaN,NaN,NaN,NaN,NaN,0.001550096452,0.001550096452,0,0.110722366495212,component_fields_missing_in_existing_trace,diagnostic_not_recomputed,benchmark_calibrated_not_original_paper_or_diagnostic,Existing trace exposes candidate_probability but not P_flow/P_HF_L/P1/P2 components.
benchmark_calibrated_seed,wind_speed_11_28,2,2,1,46,0.595894597586229,NaN,NaN,NaN,NaN,NaN,NaN,NaN,0.001512172414,0.001512172414,0,0.18567369822803,component_fields_missing_in_existing_trace,diagnostic_not_recomputed,benchmark_calibrated_not_original_paper_or_diagnostic,Existing trace exposes candidate_probability but not P_flow/P_HF_L/P1/P2 components.
benchmark_calibrated_seed,wind_speed_11_28,3,1,1,1,0.633650288211307,NaN,NaN,NaN,NaN,NaN,NaN,NaN,0.001536124438,0.001536124438,0,0.693335134982891,component_fields_missing_in_existing_trace,diagnostic_not_recomputed,benchmark_calibrated_not_original_paper_or_diagnostic,Existing trace exposes candidate_probability but not P_flow/P_HF_L/P1/P2 components.
benchmark_calibrated_seed,wind_speed_11_28,3,1,1,2,0.279215695138598,NaN,NaN,NaN,NaN,NaN,NaN,NaN,0.001679836582,0.001679836582,0,0.193334362557161,component_fields_missing_in_existing_trace,diagnostic_not_recomputed,benchmark_calibrated_not_original_paper_or_diagnostic,Existing trace exposes candidate_probability but not P_flow/P_HF_L/P1/P2 components.
benchmark_calibrated_seed,wind_speed_11_28,3,1,1,4,0.0704687103088431,NaN,NaN,NaN,NaN,NaN,NaN,NaN,0.001543110445,0.001543110445,0,0.478067908734288,component_fields_missing_in_existing_trace,diagnostic_not_recomputed,benchmark_calibrated_not_original_paper_or_diagnostic,Existing trace exposes candidate_probability but not P_flow/P_HF_L/P1/P2 components.
benchmark_calibrated_seed,wind_speed_11_28,3,1,1,5,0.443187710199903,NaN,NaN,NaN,NaN,NaN,NaN,NaN,0.001575046477,0.001575046477,0,0.736264638760781,component_fields_missing_in_existing_trace,diagnostic_not_recomputed,benchmark_calibrated_not_original_paper_or_diagnostic,Existing trace exposes candidate_probability but not P_flow/P_HF_L/P1/P2 components.
benchmark_calibrated_seed,wind_speed_11_28,3,1,1,6,0.278157375908355,NaN,NaN,NaN,NaN,NaN,NaN,NaN,0.001645904548,0.001645904548,0,0.972737329352271,component_fields_missing_in_existing_trace,diagnostic_not_recomputed,benchmark_calibrated_not_original_paper_or_diagnostic,Existing trace exposes candidate_probability but not P_flow/P_HF_L/P1/P2 components.
benchmark_calibrated_seed,wind_speed_11_28,3,1,1,7,0.382641469603146,NaN,NaN,NaN,NaN,NaN,NaN,NaN,0.001532132434,0.001532132434,0,0.50980680122964,component_fields_missing_in_existing_trace,diagnostic_not_recomputed,benchmark_calibrated_not_original_paper_or_diagnostic,Existing trace exposes candidate_probability but not P_flow/P_HF_L/P1/P2 components.
benchmark_calibrated_seed,wind_speed_11_28,3,1,1,8,0.581974148564141,NaN,NaN,NaN,NaN,NaN,NaN,NaN,0.001132932034,0.001132932034,0,0.797492608790595,component_fields_missing_in_existing_trace,diagnostic_not_recomputed,benchmark_calibrated_not_original_paper_or_diagnostic,Existing trace exposes candidate_probability but not P_flow/P_HF_L/P1/P2 components.
benchmark_calibrated_seed,wind_speed_11_28,3,1,1,9,0.603541746434713,NaN,NaN,NaN,NaN,NaN,NaN,NaN,0.001713768616,0.001713768616,0,0.667031777703334,component_fields_missing_in_existing_trace,diagnostic_not_recomputed,benchmark_calibrated_not_original_paper_or_diagnostic,Existing trace exposes candidate_probability but not P_flow/P_HF_L/P1/P2 components.
benchmark_calibrated_seed,wind_speed_11_28,3,1,1,10,0.562696831845765,NaN,NaN,NaN,NaN,NaN,NaN,NaN,0.001679836582,0.001679836582,0,0.976264270268186,component_fields_missing_in_existing_trace,diagnostic_not_recomputed,benchmark_calibrated_not_original_paper_or_diagnostic,Existing trace exposes candidate_probability but not P_flow/P_HF_L/P1/P2 components.
benchmark_calibrated_seed,wind_speed_11_28,3,1,1,11,0.359793884787167,NaN,NaN,NaN,NaN,NaN,NaN,NaN,0.001662870565,0.001662870565,0,0.0272491467903255,component_fields_missing_in_existing_trace,diagnostic_not_recomputed,benchmark_calibrated_not_original_paper_or_diagnostic,Existing trace exposes candidate_probability but not P_flow/P_HF_L/P1/P2 components.
benchmark_calibrated_seed,wind_speed_11_28,3,1,1,12,0.525688044440766,NaN,NaN,NaN,NaN,NaN,NaN,NaN,0.001361474263,0.001361474263,0,0.714491972359294,component_fields_missing_in_existing_trace,diagnostic_not_recomputed,benchmark_calibrated_not_original_paper_or_diagnostic,Existing trace exposes candidate_probability but not P_flow/P_HF_L/P1/P2 components.
benchmark_calibrated_seed,wind_speed_11_28,3,1,1,13,0.514295960600757,NaN,NaN,NaN,NaN,NaN,NaN,NaN,0.001599996502,0.001599996502,0,0.597369254360454,component_fields_missing_in_existing_trace,diagnostic_not_recomputed,benchmark_calibrated_not_original_paper_or_diagnostic,Existing trace exposes candidate_probability but not P_flow/P_HF_L/P1/P2 components.
benchmark_calibrated_seed,wind_speed_11_28,3,1,1,14,0.540146554109634,NaN,NaN,NaN,NaN,NaN,NaN,NaN,0.001475246377,0.001475246377,0,0.666224513452012,component_fields_missing_in_existing_trace,diagnostic_not_recomputed,benchmark_calibrated_not_original_paper_or_diagnostic,Existing trace exposes candidate_probability but not P_flow/P_HF_L/P1/P2 components.
benchmark_calibrated_seed,wind_speed_11_28,3,1,1,15,0.252072726666267,NaN,NaN,NaN,NaN,NaN,NaN,NaN,0.001121954023,0.001121954023,0,0.286954671915561,component_fields_missing_in_existing_trace,diagnostic_not_recomputed,benchmark_calibrated_not_original_paper_or_diagnostic,Existing trace exposes candidate_probability but not P_flow/P_HF_L/P1/P2 components.
benchmark_calibrated_seed,wind_speed_11_28,3,1,1,16,0.122174468788229,NaN,NaN,NaN,NaN,NaN,NaN,NaN,0.001121954023,0.001121954023,0,0.155495160760512,component_fields_missing_in_existing_trace,diagnostic_not_recomputed,benchmark_calibrated_not_original_paper_or_diagnostic,Existing trace exposes candidate_probability but not P_flow/P_HF_L/P1/P2 components.
benchmark_calibrated_seed,wind_speed_11_28,3,1,1,17,0.128627825144339,NaN,NaN,NaN,NaN,NaN,NaN,NaN,0.001782630685,0.001782630685,0,0.622680234015374,component_fields_missing_in_existing_trace,diagnostic_not_recomputed,benchmark_calibrated_not_original_paper_or_diagnostic,Existing trace exposes candidate_probability but not P_flow/P_HF_L/P1/P2 components.
benchmark_calibrated_seed,wind_speed_11_28,3,1,1,18,0.451110653021093,NaN,NaN,NaN,NaN,NaN,NaN,NaN,0.001321554223,0.001321554223,0,0.486668111853147,component_fields_missing_in_existing_trace,diagnostic_not_recomputed,benchmark_calibrated_not_original_paper_or_diagnostic,Existing trace exposes candidate_probability but not P_flow/P_HF_L/P1/P2 components.
benchmark_calibrated_seed,wind_speed_11_28,3,1,1,19,0.647139762046641,NaN,NaN,NaN,NaN,NaN,NaN,NaN,0.001782630685,0.001782630685,0,0.854090064505993,component_fields_missing_in_existing_trace,diagnostic_not_recomputed,benchmark_calibrated_not_original_paper_or_diagnostic,Existing trace exposes candidate_probability but not P_flow/P_HF_L/P1/P2 components.
benchmark_calibrated_seed,wind_speed_11_28,3,1,1,20,0.773798885268894,NaN,NaN,NaN,NaN,NaN,NaN,NaN,0.001650894553,0.001650894553,0,0.451790391122725,component_fields_missing_in_existing_trace,diagnostic_not_recomputed,benchmark_calibrated_not_original_paper_or_diagnostic,Existing trace exposes candidate_probability but not P_flow/P_HF_L/P1/P2 components.
benchmark_calibrated_seed,wind_speed_11_28,3,1,1,21,0.0933870089562803,NaN,NaN,NaN,NaN,NaN,NaN,NaN,0.001525146427,0.001525146427,0,0.298377568469274,component_fields_missing_in_existing_trace,diagnostic_not_recomputed,benchmark_calibrated_not_original_paper_or_diagnostic,Existing trace exposes candidate_probability but not P_flow/P_HF_L/P1/P2 components.
benchmark_calibrated_seed,wind_speed_11_28,3,1,1,22,0.0885753520556125,NaN,NaN,NaN,NaN,NaN,NaN,NaN,0.001512172414,0.001512172414,0,0.0540368272852515,component_fields_missing_in_existing_trace,diagnostic_not_recomputed,benchmark_calibrated_not_original_paper_or_diagnostic,Existing trace exposes candidate_probability but not P_flow/P_HF_L/P1/P2 components.
benchmark_calibrated_seed,wind_speed_11_28,3,1,1,23,0.630592852365264,NaN,NaN,NaN,NaN,NaN,NaN,NaN,0.001532132434,0.001532132434,0,0.00155511555557442,component_fields_missing_in_existing_trace,diagnostic_not_recomputed,benchmark_calibrated_not_original_paper_or_diagnostic,Existing trace exposes candidate_probability but not P_flow/P_HF_L/P1/P2 components.
benchmark_calibrated_seed,wind_speed_11_28,3,1,1,24,0.142959590534213,NaN,NaN,NaN,NaN,NaN,NaN,NaN,0.001475246377,0.001475246377,0,0.26470247658382,component_fields_missing_in_existing_trace,diagnostic_not_recomputed,benchmark_calibrated_not_original_paper_or_diagnostic,Existing trace exposes candidate_probability but not P_flow/P_HF_L/P1/P2 components.
benchmark_calibrated_seed,wind_speed_11_28,3,1,1,25,0.448218639894547,NaN,NaN,NaN,NaN,NaN,NaN,NaN,0.001566064468,0.001566064468,0,0.290920407088205,component_fields_missing_in_existing_trace,diagnostic_not_recomputed,benchmark_calibrated_not_original_paper_or_diagnostic,Existing trace exposes candidate_probability but not P_flow/P_HF_L/P1/P2 components.
benchmark_calibrated_seed,wind_speed_11_28,3,1,1,26,0.358950329649187,NaN,NaN,NaN,NaN,NaN,NaN,NaN,0.001404388306,0.001404388306,0,0.627806860512262,component_fields_missing_in_existing_trace,diagnostic_not_recomputed,benchmark_calibrated_not_original_paper_or_diagnostic,Existing trace exposes candidate_probability but not P_flow/P_HF_L/P1/P2 components.
benchmark_calibrated_seed,wind_speed_11_28,3,1,1,27,0.804487606937684,NaN,NaN,NaN,NaN,NaN,NaN,NaN,0.001109978011,0.001109978011,0,0.644457849473676,component_fields_missing_in_existing_trace,diagnostic_not_recomputed,benchmark_calibrated_not_original_paper_or_diagnostic,Existing trace exposes candidate_probability but not P_flow/P_HF_L/P1/P2 components.
benchmark_calibrated_seed,wind_speed_11_28,3,1,1,28,0.530633249002716,NaN,NaN,NaN,NaN,NaN,NaN,NaN,0.001571054473,0.001571054473,0,0.107130537545865,component_fields_missing_in_existing_trace,diagnostic_not_recomputed,benchmark_calibrated_not_original_paper_or_diagnostic,Existing trace exposes candidate_probability but not P_flow/P_HF_L/P1/P2 components.
benchmark_calibrated_seed,wind_speed_11_28,3,1,1,29,0.108945426478659,NaN,NaN,NaN,NaN,NaN,NaN,NaN,0.0016978006,0.0016978006,0,0.709897734217882,component_fields_missing_in_existing_trace,diagnostic_not_recomputed,benchmark_calibrated_not_original_paper_or_diagnostic,Existing trace exposes candidate_probability but not P_flow/P_HF_L/P1/P2 components.
benchmark_calibrated_seed,wind_speed_11_28,3,1,1,30,0.584704059867577,NaN,NaN,NaN,NaN,NaN,NaN,NaN,0.00174770065,0.00174770065,0,0.128926991387871,component_fields_missing_in_existing_trace,diagnostic_not_recomputed,benchmark_calibrated_not_original_paper_or_diagnostic,Existing trace exposes candidate_probability but not P_flow/P_HF_L/P1/P2 components.
benchmark_calibrated_seed,wind_speed_11_28,3,1,1,31,0.22578931167647,NaN,NaN,NaN,NaN,NaN,NaN,NaN,0.001679836582,0.001679836582,0,0.61870940113437,component_fields_missing_in_existing_trace,diagnostic_not_recomputed,benchmark_calibrated_not_original_paper_or_diagnostic,Existing trace exposes candidate_probability but not P_flow/P_HF_L/P1/P2 components.
benchmark_calibrated_seed,wind_speed_11_28,3,1,1,32,0.165993438723668,NaN,NaN,NaN,NaN,NaN,NaN,NaN,0.001612970515,0.001612970515,0,0.808784814789346,component_fields_missing_in_existing_trace,diagnostic_not_recomputed,benchmark_calibrated_not_original_paper_or_diagnostic,Existing trace exposes candidate_probability but not P_flow/P_HF_L/P1/P2 components.
benchmark_calibrated_seed,wind_speed_11_28,3,1,1,33,0.713968522259004,NaN,NaN,NaN,NaN,NaN,NaN,NaN,0.001123950025,0.001123950025,0,0.033314606406094,component_fields_missing_in_existing_trace,diagnostic_not_recomputed,benchmark_calibrated_not_original_paper_or_diagnostic,Existing trace exposes candidate_probability but not P_flow/P_HF_L/P1/P2 components.
benchmark_calibrated_seed,wind_speed_11_28,3,1,1,34,0.623070825203606,NaN,NaN,NaN,NaN,NaN,NaN,NaN,0.001123950025,0.001123950025,0,0.694898728883938,component_fields_missing_in_existing_trace,diagnostic_not_recomputed,benchmark_calibrated_not_original_paper_or_diagnostic,Existing trace exposes candidate_probability but not P_flow/P_HF_L/P1/P2 components.
benchmark_calibrated_seed,wind_speed_11_28,3,1,1,35,0.654520974250435,NaN,NaN,NaN,NaN,NaN,NaN,NaN,0.001611972514,0.001611972514,0,0.226082737525487,component_fields_missing_in_existing_trace,diagnostic_not_recomputed,benchmark_calibrated_not_original_paper_or_diagnostic,Existing trace exposes candidate_probability but not P_flow/P_HF_L/P1/P2 components.
benchmark_calibrated_seed,wind_speed_11_28,3,1,1,36,0.145867622563044,NaN,NaN,NaN,NaN,NaN,NaN,NaN,0.001679836582,0.001679836582,0,0.180493073473176,component_fields_missing_in_existing_trace,diagnostic_not_recomputed,benchmark_calibrated_not_original_paper_or_diagnostic,Existing trace exposes candidate_probability but not P_flow/P_HF_L/P1/P2 components.
benchmark_calibrated_seed,wind_speed_11_28,3,1,1,37,0.712604339282761,NaN,NaN,NaN,NaN,NaN,NaN,NaN,0.001599996502,0.001599996502,0,0.0491917465156378,component_fields_missing_in_existing_trace,diagnostic_not_recomputed,benchmark_calibrated_not_original_paper_or_diagnostic,Existing trace exposes candidate_probability but not P_flow/P_HF_L/P1/P2 components.
benchmark_calibrated_seed,wind_speed_11_28,3,1,1,38,0.573366906770934,NaN,NaN,NaN,NaN,NaN,NaN,NaN,0.001475246377,0.001475246377,0,0.839050566621789,component_fields_missing_in_existing_trace,diagnostic_not_recomputed,benchmark_calibrated_not_original_paper_or_diagnostic,Existing trace exposes candidate_probability but not P_flow/P_HF_L/P1/P2 components.
benchmark_calibrated_seed,wind_speed_11_28,3,1,1,39,0.628622106116609,NaN,NaN,NaN,NaN,NaN,NaN,NaN,0.001543110445,0.001543110445,0,0.711777143718199,component_fields_missing_in_existing_trace,diagnostic_not_recomputed,benchmark_calibrated_not_original_paper_or_diagnostic,Existing trace exposes candidate_probability but not P_flow/P_HF_L/P1/P2 components.
benchmark_calibrated_seed,wind_speed_11_28,3,1,1,40,0.572101752612633,NaN,NaN,NaN,NaN,NaN,NaN,NaN,0.00158802049,0.00158802049,0,0.929255416851766,component_fields_missing_in_existing_trace,diagnostic_not_recomputed,benchmark_calibrated_not_original_paper_or_diagnostic,Existing trace exposes candidate_probability but not P_flow/P_HF_L/P1/P2 components.
benchmark_calibrated_seed,wind_speed_11_28,3,1,1,41,0.616965573222123,NaN,NaN,NaN,NaN,NaN,NaN,NaN,0.001555086457,0.001555086457,0,0.548232595300508,component_fields_missing_in_existing_trace,diagnostic_not_recomputed,benchmark_calibrated_not_original_paper_or_diagnostic,Existing trace exposes candidate_probability but not P_flow/P_HF_L/P1/P2 components.
benchmark_calibrated_seed,wind_speed_11_28,3,1,1,42,0.70528406808675,NaN,NaN,NaN,NaN,NaN,NaN,NaN,0.001700794603,0.001700794603,0,0.0545940258114797,component_fields_missing_in_existing_trace,diagnostic_not_recomputed,benchmark_calibrated_not_original_paper_or_diagnostic,Existing trace exposes candidate_probability but not P_flow/P_HF_L/P1/P2 components.
benchmark_calibrated_seed,wind_speed_11_28,3,1,1,43,0.158518208028347,NaN,NaN,NaN,NaN,NaN,NaN,NaN,0.001575046477,0.001575046477,0,0.864047815817873,component_fields_missing_in_existing_trace,diagnostic_not_recomputed,benchmark_calibrated_not_original_paper_or_diagnostic,Existing trace exposes candidate_probability but not P_flow/P_HF_L/P1/P2 components.
benchmark_calibrated_seed,wind_speed_11_28,3,1,1,44,0.238385029856993,NaN,NaN,NaN,NaN,NaN,NaN,NaN,0.001123950025,0.001123950025,0,0.41138652743294,component_fields_missing_in_existing_trace,diagnostic_not_recomputed,benchmark_calibrated_not_original_paper_or_diagnostic,Existing trace exposes candidate_probability but not P_flow/P_HF_L/P1/P2 components.
benchmark_calibrated_seed,wind_speed_11_28,3,1,1,45,0.488153681385447,NaN,NaN,NaN,NaN,NaN,NaN,NaN,0.001550096452,0.001550096452,0,0.419679869596436,component_fields_missing_in_existing_trace,diagnostic_not_recomputed,benchmark_calibrated_not_original_paper_or_diagnostic,Existing trace exposes candidate_probability but not P_flow/P_HF_L/P1/P2 components.
benchmark_calibrated_seed,wind_speed_11_28,3,1,1,46,0.596640004062941,NaN,NaN,NaN,NaN,NaN,NaN,NaN,0.001512172414,0.001512172414,0,0.805141628667597,component_fields_missing_in_existing_trace,diagnostic_not_recomputed,benchmark_calibrated_not_original_paper_or_diagnostic,Existing trace exposes candidate_probability but not P_flow/P_HF_L/P1/P2 components.
benchmark_calibrated_seed,wind_speed_11_28,3,2,1,1,0.633650288211307,NaN,NaN,NaN,NaN,NaN,NaN,NaN,0.001536124438,0.001536124438,0,0.340841669760308,component_fields_missing_in_existing_trace,diagnostic_not_recomputed,benchmark_calibrated_not_original_paper_or_diagnostic,Existing trace exposes candidate_probability but not P_flow/P_HF_L/P1/P2 components.
benchmark_calibrated_seed,wind_speed_11_28,3,2,1,2,0.279215695138598,NaN,NaN,NaN,NaN,NaN,NaN,NaN,0.001679836582,0.001679836582,0,0.432990611229969,component_fields_missing_in_existing_trace,diagnostic_not_recomputed,benchmark_calibrated_not_original_paper_or_diagnostic,Existing trace exposes candidate_probability but not P_flow/P_HF_L/P1/P2 components.
benchmark_calibrated_seed,wind_speed_11_28,3,2,1,4,0.0704687103088431,NaN,NaN,NaN,NaN,NaN,NaN,NaN,0.001543110445,0.001543110445,0,0.293669663661764,component_fields_missing_in_existing_trace,diagnostic_not_recomputed,benchmark_calibrated_not_original_paper_or_diagnostic,Existing trace exposes candidate_probability but not P_flow/P_HF_L/P1/P2 components.
benchmark_calibrated_seed,wind_speed_11_28,3,2,1,5,0.443187710199903,NaN,NaN,NaN,NaN,NaN,NaN,NaN,0.001575046477,0.001575046477,0,0.264675351349181,component_fields_missing_in_existing_trace,diagnostic_not_recomputed,benchmark_calibrated_not_original_paper_or_diagnostic,Existing trace exposes candidate_probability but not P_flow/P_HF_L/P1/P2 components.
benchmark_calibrated_seed,wind_speed_11_28,3,2,1,6,0.278157375908355,NaN,NaN,NaN,NaN,NaN,NaN,NaN,0.001645904548,0.001645904548,0,0.515173113048057,component_fields_missing_in_existing_trace,diagnostic_not_recomputed,benchmark_calibrated_not_original_paper_or_diagnostic,Existing trace exposes candidate_probability but not P_flow/P_HF_L/P1/P2 components.
benchmark_calibrated_seed,wind_speed_11_28,3,2,1,7,0.382641469603146,NaN,NaN,NaN,NaN,NaN,NaN,NaN,0.001532132434,0.001532132434,0,0.333823158980979,component_fields_missing_in_existing_trace,diagnostic_not_recomputed,benchmark_calibrated_not_original_paper_or_diagnostic,Existing trace exposes candidate_probability but not P_flow/P_HF_L/P1/P2 components.
benchmark_calibrated_seed,wind_speed_11_28,3,2,1,8,0.581974148564141,NaN,NaN,NaN,NaN,NaN,NaN,NaN,0.001132932034,0.001132932034,0,0.59311017122048,component_fields_missing_in_existing_trace,diagnostic_not_recomputed,benchmark_calibrated_not_original_paper_or_diagnostic,Existing trace exposes candidate_probability but not P_flow/P_HF_L/P1/P2 components.
benchmark_calibrated_seed,wind_speed_11_28,3,2,1,9,0.603541746434713,NaN,NaN,NaN,NaN,NaN,NaN,NaN,0.001713768616,0.001713768616,0,0.100640576170566,component_fields_missing_in_existing_trace,diagnostic_not_recomputed,benchmark_calibrated_not_original_paper_or_diagnostic,Existing trace exposes candidate_probability but not P_flow/P_HF_L/P1/P2 components.
benchmark_calibrated_seed,wind_speed_11_28,3,2,1,10,0.562696831845765,NaN,NaN,NaN,NaN,NaN,NaN,NaN,0.001679836582,0.001679836582,0,0.360486549138626,component_fields_missing_in_existing_trace,diagnostic_not_recomputed,benchmark_calibrated_not_original_paper_or_diagnostic,Existing trace exposes candidate_probability but not P_flow/P_HF_L/P1/P2 components.
benchmark_calibrated_seed,wind_speed_11_28,3,2,1,11,0.359793884787167,NaN,NaN,NaN,NaN,NaN,NaN,NaN,0.001662870565,0.001662870565,0,0.396712372736469,component_fields_missing_in_existing_trace,diagnostic_not_recomputed,benchmark_calibrated_not_original_paper_or_diagnostic,Existing trace exposes candidate_probability but not P_flow/P_HF_L/P1/P2 components.
benchmark_calibrated_seed,wind_speed_11_28,3,2,1,12,0.525688044440766,NaN,NaN,NaN,NaN,NaN,NaN,NaN,0.001361474263,0.001361474263,0,0.529131938181186,component_fields_missing_in_existing_trace,diagnostic_not_recomputed,benchmark_calibrated_not_original_paper_or_diagnostic,Existing trace exposes candidate_probability but not P_flow/P_HF_L/P1/P2 components.
benchmark_calibrated_seed,wind_speed_11_28,3,2,1,13,0.514295960600757,NaN,NaN,NaN,NaN,NaN,NaN,NaN,0.001599996502,0.001599996502,0,0.411866853342446,component_fields_missing_in_existing_trace,diagnostic_not_recomputed,benchmark_calibrated_not_original_paper_or_diagnostic,Existing trace exposes candidate_probability but not P_flow/P_HF_L/P1/P2 components.
benchmark_calibrated_seed,wind_speed_11_28,3,2,1,14,0.540146554109634,NaN,NaN,NaN,NaN,NaN,NaN,NaN,0.001475246377,0.001475246377,0,0.273780456928094,component_fields_missing_in_existing_trace,diagnostic_not_recomputed,benchmark_calibrated_not_original_paper_or_diagnostic,Existing trace exposes candidate_probability but not P_flow/P_HF_L/P1/P2 components.
benchmark_calibrated_seed,wind_speed_11_28,3,2,1,15,0.252072726666267,NaN,NaN,NaN,NaN,NaN,NaN,NaN,0.001121954023,0.001121954023,0,0.584916206654947,component_fields_missing_in_existing_trace,diagnostic_not_recomputed,benchmark_calibrated_not_original_paper_or_diagnostic,Existing trace exposes candidate_probability but not P_flow/P_HF_L/P1/P2 components.
benchmark_calibrated_seed,wind_speed_11_28,3,2,1,16,0.122174468788229,NaN,NaN,NaN,NaN,NaN,NaN,NaN,0.001121954023,0.001121954023,0,0.4233238458282,component_fields_missing_in_existing_trace,diagnostic_not_recomputed,benchmark_calibrated_not_original_paper_or_diagnostic,Existing trace exposes candidate_probability but not P_flow/P_HF_L/P1/P2 components.
benchmark_calibrated_seed,wind_speed_11_28,3,2,1,17,0.128627825144339,NaN,NaN,NaN,NaN,NaN,NaN,NaN,0.001782630685,0.001782630685,0,0.668216139258116,component_fields_missing_in_existing_trace,diagnostic_not_recomputed,benchmark_calibrated_not_original_paper_or_diagnostic,Existing trace exposes candidate_probability but not P_flow/P_HF_L/P1/P2 components.
benchmark_calibrated_seed,wind_speed_11_28,3,2,1,18,0.451110653021093,NaN,NaN,NaN,NaN,NaN,NaN,NaN,0.001321554223,0.001321554223,0,0.625133103123393,component_fields_missing_in_existing_trace,diagnostic_not_recomputed,benchmark_calibrated_not_original_paper_or_diagnostic,Existing trace exposes candidate_probability but not P_flow/P_HF_L/P1/P2 components.
benchmark_calibrated_seed,wind_speed_11_28,3,2,1,19,0.647139762046641,NaN,NaN,NaN,NaN,NaN,NaN,NaN,0.001782630685,0.001782630685,0,0.134290935678448,component_fields_missing_in_existing_trace,diagnostic_not_recomputed,benchmark_calibrated_not_original_paper_or_diagnostic,Existing trace exposes candidate_probability but not P_flow/P_HF_L/P1/P2 components.
benchmark_calibrated_seed,wind_speed_11_28,3,2,1,20,0.773798885268894,NaN,NaN,NaN,NaN,NaN,NaN,NaN,0.001650894553,0.001650894553,0,0.178708142838228,component_fields_missing_in_existing_trace,diagnostic_not_recomputed,benchmark_calibrated_not_original_paper_or_diagnostic,Existing trace exposes candidate_probability but not P_flow/P_HF_L/P1/P2 components.
benchmark_calibrated_seed,wind_speed_11_28,3,2,1,21,0.0933870089562803,NaN,NaN,NaN,NaN,NaN,NaN,NaN,0.001525146427,0.001525146427,0,0.694451188265597,component_fields_missing_in_existing_trace,diagnostic_not_recomputed,benchmark_calibrated_not_original_paper_or_diagnostic,Existing trace exposes candidate_probability but not P_flow/P_HF_L/P1/P2 components.
benchmark_calibrated_seed,wind_speed_11_28,3,2,1,22,0.0885753520556125,NaN,NaN,NaN,NaN,NaN,NaN,NaN,0.001512172414,0.001512172414,0,0.828082755081419,component_fields_missing_in_existing_trace,diagnostic_not_recomputed,benchmark_calibrated_not_original_paper_or_diagnostic,Existing trace exposes candidate_probability but not P_flow/P_HF_L/P1/P2 components.
benchmark_calibrated_seed,wind_speed_11_28,3,2,1,23,0.630592852365264,NaN,NaN,NaN,NaN,NaN,NaN,NaN,0.001532132434,0.001532132434,0,0.393987442753371,component_fields_missing_in_existing_trace,diagnostic_not_recomputed,benchmark_calibrated_not_original_paper_or_diagnostic,Existing trace exposes candidate_probability but not P_flow/P_HF_L/P1/P2 components.
benchmark_calibrated_seed,wind_speed_11_28,3,2,1,24,0.142959590534213,NaN,NaN,NaN,NaN,NaN,NaN,NaN,0.001475246377,0.001475246377,0,0.643278925380455,component_fields_missing_in_existing_trace,diagnostic_not_recomputed,benchmark_calibrated_not_original_paper_or_diagnostic,Existing trace exposes candidate_probability but not P_flow/P_HF_L/P1/P2 components.
benchmark_calibrated_seed,wind_speed_11_28,3,2,1,25,0.448218639894547,NaN,NaN,NaN,NaN,NaN,NaN,NaN,0.001566064468,0.001566064468,0,0.515030524887827,component_fields_missing_in_existing_trace,diagnostic_not_recomputed,benchmark_calibrated_not_original_paper_or_diagnostic,Existing trace exposes candidate_probability but not P_flow/P_HF_L/P1/P2 components.
benchmark_calibrated_seed,wind_speed_11_28,3,2,1,26,0.358950329649187,NaN,NaN,NaN,NaN,NaN,NaN,NaN,0.001404388306,0.001404388306,0,0.5930062266489,component_fields_missing_in_existing_trace,diagnostic_not_recomputed,benchmark_calibrated_not_original_paper_or_diagnostic,Existing trace exposes candidate_probability but not P_flow/P_HF_L/P1/P2 components.
benchmark_calibrated_seed,wind_speed_11_28,3,2,1,27,0.804487606937684,NaN,NaN,NaN,NaN,NaN,NaN,NaN,0.001109978011,0.001109978011,0,0.110070026603531,component_fields_missing_in_existing_trace,diagnostic_not_recomputed,benchmark_calibrated_not_original_paper_or_diagnostic,Existing trace exposes candidate_probability but not P_flow/P_HF_L/P1/P2 components.
benchmark_calibrated_seed,wind_speed_11_28,3,2,1,28,0.530633249002716,NaN,NaN,NaN,NaN,NaN,NaN,NaN,0.001571054473,0.001571054473,0,0.54121566168211,component_fields_missing_in_existing_trace,diagnostic_not_recomputed,benchmark_calibrated_not_original_paper_or_diagnostic,Existing trace exposes candidate_probability but not P_flow/P_HF_L/P1/P2 components.
benchmark_calibrated_seed,wind_speed_11_28,3,2,1,29,0.108945426478659,NaN,NaN,NaN,NaN,NaN,NaN,NaN,0.0016978006,0.0016978006,0,0.011905463513186,component_fields_missing_in_existing_trace,diagnostic_not_recomputed,benchmark_calibrated_not_original_paper_or_diagnostic,Existing trace exposes candidate_probability but not P_flow/P_HF_L/P1/P2 components.
benchmark_calibrated_seed,wind_speed_11_28,3,2,1,30,0.584704059867577,NaN,NaN,NaN,NaN,NaN,NaN,NaN,0.00174770065,0.00174770065,0,0.318625801592106,component_fields_missing_in_existing_trace,diagnostic_not_recomputed,benchmark_calibrated_not_original_paper_or_diagnostic,Existing trace exposes candidate_probability but not P_flow/P_HF_L/P1/P2 components.
benchmark_calibrated_seed,wind_speed_11_28,3,2,1,31,0.22578931167647,NaN,NaN,NaN,NaN,NaN,NaN,NaN,0.001679836582,0.001679836582,0,0.131324680527051,component_fields_missing_in_existing_trace,diagnostic_not_recomputed,benchmark_calibrated_not_original_paper_or_diagnostic,Existing trace exposes candidate_probability but not P_flow/P_HF_L/P1/P2 components.
benchmark_calibrated_seed,wind_speed_11_28,3,2,1,32,0.165993438723668,NaN,NaN,NaN,NaN,NaN,NaN,NaN,0.001612970515,0.001612970515,0,0.228016084408928,component_fields_missing_in_existing_trace,diagnostic_not_recomputed,benchmark_calibrated_not_original_paper_or_diagnostic,Existing trace exposes candidate_probability but not P_flow/P_HF_L/P1/P2 components.
benchmark_calibrated_seed,wind_speed_11_28,3,2,1,33,0.713968522259004,NaN,NaN,NaN,NaN,NaN,NaN,NaN,0.001123950025,0.001123950025,0,0.262312816820551,component_fields_missing_in_existing_trace,diagnostic_not_recomputed,benchmark_calibrated_not_original_paper_or_diagnostic,Existing trace exposes candidate_probability but not P_flow/P_HF_L/P1/P2 components.
benchmark_calibrated_seed,wind_speed_11_28,3,2,1,34,0.623070825203606,NaN,NaN,NaN,NaN,NaN,NaN,NaN,0.001123950025,0.001123950025,0,0.993895724717848,component_fields_missing_in_existing_trace,diagnostic_not_recomputed,benchmark_calibrated_not_original_paper_or_diagnostic,Existing trace exposes candidate_probability but not P_flow/P_HF_L/P1/P2 components.
benchmark_calibrated_seed,wind_speed_11_28,3,2,1,35,0.654520974250435,NaN,NaN,NaN,NaN,NaN,NaN,NaN,0.001611972514,0.001611972514,0,0.517477858446305,component_fields_missing_in_existing_trace,diagnostic_not_recomputed,benchmark_calibrated_not_original_paper_or_diagnostic,Existing trace exposes candidate_probability but not P_flow/P_HF_L/P1/P2 components.
benchmark_calibrated_seed,wind_speed_11_28,3,2,1,36,0.145867622563044,NaN,NaN,NaN,NaN,NaN,NaN,NaN,0.001679836582,0.001679836582,0,0.940627651178179,component_fields_missing_in_existing_trace,diagnostic_not_recomputed,benchmark_calibrated_not_original_paper_or_diagnostic,Existing trace exposes candidate_probability but not P_flow/P_HF_L/P1/P2 components.
benchmark_calibrated_seed,wind_speed_11_28,3,2,1,37,0.712604339282761,NaN,NaN,NaN,NaN,NaN,NaN,NaN,0.001599996502,0.001599996502,0,0.87373991559517,component_fields_missing_in_existing_trace,diagnostic_not_recomputed,benchmark_calibrated_not_original_paper_or_diagnostic,Existing trace exposes candidate_probability but not P_flow/P_HF_L/P1/P2 components.
benchmark_calibrated_seed,wind_speed_11_28,3,2,1,38,0.573366906770934,NaN,NaN,NaN,NaN,NaN,NaN,NaN,0.001475246377,0.001475246377,0,0.927087623821868,component_fields_missing_in_existing_trace,diagnostic_not_recomputed,benchmark_calibrated_not_original_paper_or_diagnostic,Existing trace exposes candidate_probability but not P_flow/P_HF_L/P1/P2 components.
benchmark_calibrated_seed,wind_speed_11_28,3,2,1,39,0.628622106116609,NaN,NaN,NaN,NaN,NaN,NaN,NaN,0.001543110445,0.001543110445,0,0.991965852973604,component_fields_missing_in_existing_trace,diagnostic_not_recomputed,benchmark_calibrated_not_original_paper_or_diagnostic,Existing trace exposes candidate_probability but not P_flow/P_HF_L/P1/P2 components.
benchmark_calibrated_seed,wind_speed_11_28,3,2,1,40,0.572101752612633,NaN,NaN,NaN,NaN,NaN,NaN,NaN,0.00158802049,0.00158802049,0,0.244018958445486,component_fields_missing_in_existing_trace,diagnostic_not_recomputed,benchmark_calibrated_not_original_paper_or_diagnostic,Existing trace exposes candidate_probability but not P_flow/P_HF_L/P1/P2 components.
benchmark_calibrated_seed,wind_speed_11_28,3,2,1,41,0.616965573222123,NaN,NaN,NaN,NaN,NaN,NaN,NaN,0.001555086457,0.001555086457,0,0.175746516713376,component_fields_missing_in_existing_trace,diagnostic_not_recomputed,benchmark_calibrated_not_original_paper_or_diagnostic,Existing trace exposes candidate_probability but not P_flow/P_HF_L/P1/P2 components.
benchmark_calibrated_seed,wind_speed_11_28,3,2,1,42,0.70528406808675,NaN,NaN,NaN,NaN,NaN,NaN,NaN,0.001700794603,0.001700794603,0,0.30692173079571,component_fields_missing_in_existing_trace,diagnostic_not_recomputed,benchmark_calibrated_not_original_paper_or_diagnostic,Existing trace exposes candidate_probability but not P_flow/P_HF_L/P1/P2 components.
benchmark_calibrated_seed,wind_speed_11_28,3,2,1,43,0.158518208028347,NaN,NaN,NaN,NaN,NaN,NaN,NaN,0.001575046477,0.001575046477,0,0.663513486067811,component_fields_missing_in_existing_trace,diagnostic_not_recomputed,benchmark_calibrated_not_original_paper_or_diagnostic,Existing trace exposes candidate_probability but not P_flow/P_HF_L/P1/P2 components.
benchmark_calibrated_seed,wind_speed_11_28,3,2,1,44,0.238385029856993,NaN,NaN,NaN,NaN,NaN,NaN,NaN,0.001123950025,0.001123950025,0,0.324856240636771,component_fields_missing_in_existing_trace,diagnostic_not_recomputed,benchmark_calibrated_not_original_paper_or_diagnostic,Existing trace exposes candidate_probability but not P_flow/P_HF_L/P1/P2 components.
benchmark_calibrated_seed,wind_speed_11_28,3,2,1,45,0.488153681385447,NaN,NaN,NaN,NaN,NaN,NaN,NaN,0.001550096452,0.001550096452,0,0.883172910266172,component_fields_missing_in_existing_trace,diagnostic_not_recomputed,benchmark_calibrated_not_original_paper_or_diagnostic,Existing trace exposes candidate_probability but not P_flow/P_HF_L/P1/P2 components.
benchmark_calibrated_seed,wind_speed_11_28,3,2,1,46,0.596640004062941,NaN,NaN,NaN,NaN,NaN,NaN,NaN,0.001512172414,0.001512172414,0,0.300357340448874,component_fields_missing_in_existing_trace,diagnostic_not_recomputed,benchmark_calibrated_not_original_paper_or_diagnostic,Existing trace exposes candidate_probability but not P_flow/P_HF_L/P1/P2 components.
