sigma,SLLR,SLFOR,SNVOR,CRI
0.9,0.656269436845143,0.95943709382888,0.154793512908789,0.61660778345462
0.95,0.694127814295285,1.16996629520673,0.196265375285685,0.689723022675654
0.98,0.712139783794328,1.29639641257013,0.212404606639498,0.729044074118522
