sigma,SLLR,SLFOR,SNVOR,CRI,result_status
0.9,0.00526553397333651,0.0117038433236027,0.00202057380774556,0.00590420381027155,valid
0.95,0.0108162871121601,0.0237667417142857,0.0038968002841382,0.0120224806669808,valid
0.98,0.0111147891857378,0.0463968400431338,0.00814960551608121,0.0175781626232857,valid
