sigma,SLLR,SLFOR,SNVOR,CRI
0.9,0.656269436845143,0.95943709382888,0.154793512908789,0.61660778345462
0.95,0.700291642616277,1.11125917692642,0.196265375285685,0.681679896012187
0.98,0.718926870294185,1.29639641257013,0.212404606639498,0.733116326018437
