sigma,SLLR,SLFOR,SNVOR,CRI
0.9,0.3,0,0.196175810999135,0.219235162199827
0.95,0.3,0,0.196175810999135,0.219235162199827
0.98,0.312781109744925,0.90806264912367,0.196175810999135,0.408516357871516
