sigma,SLLR,SLFOR,SNVOR,CRI
0.9,0.396914248436658,0.300173206510597,0.0375849796053709,0.305700186285188
0.95,0.423576451457653,1.03463053642409,0.0393162888172491,0.46893523592286
0.98,0.423576451457653,1.03463053642409,0.0393162888172491,0.46893523592286
