sigma,SLLR,SLFOR,SNVOR,CRI,result_status
0.9,0.00162212783452649,0.0103450359417667,6.62555560979126e-06,0.0030436090001912,valid
0.95,0.00222648498579085,0.0104108072520677,4.3311665505358e-05,0.00342671477498912,valid
0.98,0.00222648498579085,0.0104108072520677,4.3311665505358e-05,0.00342671477498912,valid
