sigma,SLLR,SLFOR,SNVOR,CRI
0.9,0.3,0,0.196175810999135,0.219235162199827
0.95,0.312781109744925,0.76030151409115,0.196175810999135,0.378964130865012
0.98,0.353205750348164,0.90806264912367,0.196175810999135,0.432771142233459
