sigma,basic_SLLR,paper_SLLR,delta_SLLR,basic_SLFOR,paper_SLFOR,delta_SLFOR,basic_SNVOR,paper_SNVOR,delta_SNVOR,basic_CRI,paper_CRI,delta_CRI
0.9,0.461316421046236,0.000359800867149559,-0.460956620179086,0.8665926665227,0.00302519689455326,-0.863567469628147,0.108376823489778,4.92179507028262e-05,-0.108327605539075,0.471783750630237,0.000830763489340953,-0.470952987140896
0.95,0.59344779453266,0.00117656037233741,-0.592271234160323,1.13227134347367,0.0121035847421602,-1.12016775873151,0.154793512908789,0.000218163989789006,-0.154575348919,0.613481647996088,0.00317028596979229,-0.610311362026296
0.98,0.699640003645533,0.0038124811983541,-0.695827522447179,1.86929069859895,0.0252707817533124,-1.84401991684564,0.227589916849193,0.00116753195221623,-0.226422384896977,0.839160125276948,0.00757515146011819,-0.83158497381683
