sigma,SLLR,SLFOR,SNVOR,CRI,result_status
0.9,0.000359800867149559,0.00302519689455326,4.92179507028262e-05,0.000830763489340953,valid
0.95,0.00117656037233741,0.0121035847421602,0.000218163989789006,0.00317028596979229,valid
0.98,0.0038124811983541,0.0252707817533124,0.00116753195221623,0.00757515146011819,valid
