sigma,SLLR,SLFOR,SNVOR,CRI
0.9,0.439424373583958,0.8665926665227,0.110656596492033,0.459104476753321
0.95,0.598466957563121,1.30186386560645,0.155402927211995,0.650533533101562
0.98,0.738528723759759,1.86929069859895,0.227589916849193,0.862493357345484
