sigma,SLLR,SLFOR,SNVOR,CRI
0.9,0.461316421046236,0.8665926665227,0.108376823489778,0.471783750630237
0.95,0.59344779453266,1.13227134347367,0.154793512908789,0.613481647996088
0.98,0.699640003645533,1.86929069859895,0.227589916849193,0.839160125276948
