sigma,uniform_SLLR,weighted_SLLR,delta_SLLR,uniform_SLFOR,weighted_SLFOR,delta_SLFOR,uniform_SNVOR,weighted_SNVOR,delta_SNVOR,uniform_CRI,weighted_CRI,delta_CRI
0.9,0.461316421046236,0.439424373583958,-0.021892047462278,0.8665926665227,0.8665926665227,0,0.108376823489778,0.110656596492033,0.002279773002255,0.471783750630237,0.459104476753321,-0.012679273876916
0.95,0.59344779453266,0.598466957563121,0.00501916303046102,1.13227134347367,1.30186386560645,0.16959252213278,0.154793512908789,0.155402927211995,0.000609414303205991,0.613481647996088,0.650533533101562,0.0370518851054741
0.98,0.699640003645533,0.738528723759759,0.0388887201142259,1.86929069859895,1.86929069859895,0,0.227589916849193,0.227589916849193,0,0.839160125276948,0.862493357345484,0.023333232068536
