initial_branch,trial_id,chain_depth,terminated_reason,total_load_shed_mw,total_load_shed_frac,max_line_loading_pu,max_voltage_deviation_pu,num_total_outaged_branches,final_converged,basic_LLR,basic_LFOR,basic_NVOR,basic_CRI,chain_transition_probability,chain_probability_status,stage_probability_mode,valid_stage_probability_count,missing_stage_probability_count,initial_line_probability,total_chain_probability_actual,total_chain_probability_display
1,1,4,load_loss_threshold,1940.206,0.310223001072874,1.29526460980635,0.0368211904620486,7,1,0.310223001072874,0.565309906592115,0.184105952310243,0.336016972424196,0.110374086111803,full_event_available,bernoulli_full_event,4,0,0.000438,4.83438497169697e-05,0.483438497169697
1,2,4,load_loss_threshold,1940.206,0.310223001072874,1.29526460980635,0.0368211904620486,7,1,0.310223001072874,0.565309906592115,0.184105952310243,0.336016972424196,0.110374086111803,full_event_available,bernoulli_full_event,4,0,0.000438,4.83438497169697e-05,0.483438497169697
1,3,5,max_depth_reached,3573.34105,0.571347879754982,2.25672554662428,0.110579234947298,8,1,0.571347879754982,6.28362773312141,1.87984699410406,1.97550367329808,0.037295386470965,full_event_available,bernoulli_full_event,5,0,0.000438,1.63353792742827e-05,0.163353792742827
1,4,5,max_depth_reached,4527.967,0.723984727136674,1.48343813808783,0.043153729722846,13,0,1,1,1,1,0.00443351818251159,full_event_available,bernoulli_full_event,5,0,0.000438,1.94188096394008e-06,0.0194188096394008
1,5,5,max_depth_reached,4527.967,0.723984727136674,1.3422041053345,0.0319524045226984,13,0,1,1,1,1,0.124744749396126,full_event_available,bernoulli_full_event,5,0,0.000438,5.46382002355034e-05,0.546382002355034
1,6,4,load_loss_threshold,3176.14,0.507838694771379,1.96551329303833,0.192360456873104,8,1,0.507838694771379,6.75859305126834,1.92360456873104,2.0411427408627,0.0826273026940115,full_event_available,bernoulli_full_event,4,0,0.000438,3.61907585799771e-05,0.361907585799771
1,7,4,load_loss_threshold,3285.3361,0.525298254141597,1.29526460980635,0.04273198502457,7,0,1,1,1,1,0.00138311177497693,full_event_available,bernoulli_full_event,4,0,0.000438,6.05802957439896e-07,0.00605802957439896
1,8,4,load_loss_threshold,2324.206,0.371621446604938,1.34754830627138,0.191072719278767,10,1,0.371621446604938,0.695096612542757,2.48394535062397,0.858781260596307,0.000215026129439667,full_event_available,bernoulli_full_event,4,0,0.000438,9.41814446945744e-08,0.000941814446945744
1,9,4,load_loss_threshold,3176.14,0.507838694771379,1.96551329303833,0.192360456873104,7,1,0.507838694771379,6.75859305126834,1.92360456873104,2.0411427408627,0.143915433438018,full_event_available,bernoulli_full_event,4,0,0.000438,6.30349598458521e-05,0.630349598458521
1,10,5,max_depth_reached,4527.967,0.723984727136674,1.3422041053345,0.0319524045226984,13,0,1,1,1,1,0.124744749396126,full_event_available,bernoulli_full_event,5,0,0.000438,5.46382002355034e-05,0.546382002355034
1,11,4,load_loss_threshold,3176.14,0.507838694771379,1.96551329303833,0.192360456873104,7,1,0.507838694771379,6.75859305126834,1.92360456873104,2.0411427408627,0.143915433438018,full_event_available,bernoulli_full_event,4,0,0.000438,6.30349598458521e-05,0.630349598458521
1,12,4,load_loss_threshold,2479.459,0.396445125938765,1.29526460980635,0.117850853513569,8,1,0.396445125938765,0.486895595244333,1.29635938864926,0.594518072341978,0.0122427858702464,full_event_available,bernoulli_full_event,4,0,0.000438,5.36234021116791e-06,0.0536234021116791
1,13,5,max_depth_reached,4527.967,0.723984727136674,1.4909284799681,0.0391919672753782,13,0,1,1,1,1,0.0478770148861552,full_event_available,bernoulli_full_event,5,0,0.000438,2.0970132520136e-05,0.20970132520136
1,14,5,max_depth_reached,4527.967,0.723984727136674,1.61248583141809,0.0636630789872913,14,0,1,1,1,1,0.00027340445619213,full_event_available,bernoulli_full_event,5,0,0.000438,1.19751151812153e-07,0.00119751151812153
1,15,5,max_depth_reached,3573.34105,0.571347879754982,2.25672554662428,0.110579234947298,8,1,0.571347879754982,6.28362773312141,1.87984699410406,1.97550367329808,0.037295386470965,full_event_available,bernoulli_full_event,5,0,0.000438,1.63353792742827e-05,0.163353792742827
1,16,5,max_depth_reached,4527.967,0.723984727136674,1.48545847318926,0.0420229956600358,14,0,1,1,1,1,5.27724675874026e-05,full_event_available,bernoulli_full_event,5,0,0.000438,2.31143408032823e-08,0.000231143408032823
1,17,5,max_depth_reached,4923.04,0.787153654406697,1.3422041053345,0.0319524045226984,14,1,0.787153654406697,0,0,0.472292192644018,0.0602967121366182,full_event_available,bernoulli_full_event,5,0,0.000438,2.64099599158388e-05,0.264099599158388
1,18,5,max_depth_reached,4046.4391,0.646992371562926,1.29526460980635,0.0102873200887794,9,0,1,1,1,1,0.0285995215432545,full_event_available,bernoulli_full_event,5,0,0.000438,1.25265904359455e-05,0.125265904359455
1,19,5,max_depth_reached,4527.967,0.723984727136674,1.3422041053345,0.0319524045226984,13,0,1,1,1,1,0.124744749396126,full_event_available,bernoulli_full_event,5,0,0.000438,5.46382002355034e-05,0.546382002355034
1,20,4,load_loss_threshold,3176.14,0.507838694771379,1.96551329303833,0.192360456873104,7,1,0.507838694771379,6.75859305126834,1.92360456873104,2.0411427408627,0.143915433438018,full_event_available,bernoulli_full_event,4,0,0.000438,6.30349598458521e-05,0.630349598458521
1,21,4,load_loss_threshold,1940.206,0.310223001072874,1.29526460980635,0.0368211904620486,7,1,0.310223001072874,0.565309906592115,0.184105952310243,0.336016972424196,0.110374086111803,full_event_available,bernoulli_full_event,4,0,0.000438,4.83438497169697e-05,0.483438497169697
1,22,4,load_loss_threshold,3176.14,0.507838694771379,1.96551329303833,0.192360456873104,7,1,0.507838694771379,6.75859305126834,1.92360456873104,2.0411427408627,0.143915433438018,full_event_available,bernoulli_full_event,4,0,0.000438,6.30349598458521e-05,0.630349598458521
1,23,5,max_depth_reached,4522.5931,0.723125484671974,1.29526460980635,0.0305601318108294,13,0,1,1,1,1,0.0254592283871776,full_event_available,bernoulli_full_event,5,0,0.000438,1.11511420335838e-05,0.111511420335838
1,24,4,load_loss_threshold,3176.14,0.507838694771379,1.96551329303833,0.192360456873104,8,1,0.507838694771379,6.75859305126834,1.92360456873104,2.0411427408627,0.0826273026940115,full_event_available,bernoulli_full_event,4,0,0.000438,3.61907585799771e-05,0.361907585799771
1,25,5,max_depth_reached,4522.5931,0.723125484671974,1.29526460980635,0.0305601318108294,13,0,1,1,1,1,0.0254592283871776,full_event_available,bernoulli_full_event,5,0,0.000438,1.11511420335838e-05,0.111511420335838
1,26,4,load_loss_threshold,3176.14,0.507838694771379,1.94953392224538,0.180649029665052,9,1,0.507838694771379,6.64673745571769,1.98713932631557,2.03147857326948,2.67163018776331e-05,full_event_available,bernoulli_full_event,4,0,0.000438,1.17017402224033e-08,0.000117017402224033
1,27,5,max_depth_reached,4532.86,0.724767077641852,1.39657131147967,0.0377753779221259,13,0,1,1,1,1,1.58557533526136e-06,full_event_available,bernoulli_full_event,5,0,0.000438,6.94481996844476e-10,6.94481996844476e-06
1,28,5,max_depth_reached,4522.5931,0.723125484671974,1.29526460980635,0.0305601318108294,13,0,1,1,1,1,0.0254592283871776,full_event_available,bernoulli_full_event,5,0,0.000438,1.11511420335838e-05,0.111511420335838
1,29,5,max_depth_reached,4527.967,0.723984727136674,1.3422041053345,0.0319524045226984,13,0,1,1,1,1,0.124744749396126,full_event_available,bernoulli_full_event,5,0,0.000438,5.46382002355034e-05,0.546382002355034
1,30,2,no_new_outage,0,0,1.08619497297673,0,3,1,0,0,0,0,0.00136417576347045,full_event_available,bernoulli_full_event,2,0,0.000438,5.97508984400058e-07,0.00597508984400058
2,1,1,no_new_outage,0,0,0.927462420748831,0,1,1,0,0,0,0,0.677944129660811,full_event_available,bernoulli_full_event,1,0,0.000582,0.000394563483462592,3.94563483462592
2,2,1,no_new_outage,0,0,0.927462420748831,0,1,1,0,0,0,0,0.677944129660811,full_event_available,bernoulli_full_event,1,0,0.000582,0.000394563483462592,3.94563483462592
2,3,5,max_depth_reached,4527.967,0.723984727136674,1.3422041053345,0.0319524045226984,13,0,1,1,1,1,0.0529581228488437,full_event_available,bernoulli_full_event,5,0,0.000582,3.08216274980271e-05,0.308216274980271
2,4,1,no_new_outage,0,0,0.927462420748831,0,1,1,0,0,0,0,0.677944129660811,full_event_available,bernoulli_full_event,1,0,0.000582,0.000394563483462592,3.94563483462592
2,5,1,no_new_outage,0,0,0.927462420748831,0,1,1,0,0,0,0,0.677944129660811,full_event_available,bernoulli_full_event,1,0,0.000582,0.000394563483462592,3.94563483462592
2,6,3,no_new_outage,0,0,0.934622035999809,0,3,1,0,0,0,0,7.34861605873593e-07,full_event_available,bernoulli_full_event,3,0,0.000582,4.27689454618431e-10,4.27689454618431e-06
2,7,1,no_new_outage,0,0,0.927462420748831,0,1,1,0,0,0,0,0.677944129660811,full_event_available,bernoulli_full_event,1,0,0.000582,0.000394563483462592,3.94563483462592
2,8,1,no_new_outage,0,0,0.927462420748831,0,1,1,0,0,0,0,0.677944129660811,full_event_available,bernoulli_full_event,1,0,0.000582,0.000394563483462592,3.94563483462592
2,9,1,no_new_outage,0,0,0.927462420748831,0,1,1,0,0,0,0,0.677944129660811,full_event_available,bernoulli_full_event,1,0,0.000582,0.000394563483462592,3.94563483462592
2,10,5,max_depth_reached,3573.34105,0.571347879754982,2.25672554662428,0.110579234947298,8,1,0.571347879754982,6.28362773312141,1.87984699410406,1.97550367329808,0.0103858403776863,full_event_available,bernoulli_full_event,5,0,0.000582,6.04455909981343e-06,0.0604455909981343
2,11,5,max_depth_reached,4923.04,0.787153654406697,1.3422041053345,0.0319524045226984,14,1,0.787153654406697,0,0,0.472292192644018,0.0255978764971694,full_event_available,bernoulli_full_event,5,0,0.000582,1.48979641213526e-05,0.148979641213526
2,12,5,max_depth_reached,4527.967,0.723984727136674,1.3422041053345,0.0319524045226984,13,0,1,1,1,1,0.0529581228488437,full_event_available,bernoulli_full_event,5,0,0.000582,3.08216274980271e-05,0.308216274980271
2,13,1,no_new_outage,0,0,0.927462420748831,0,1,1,0,0,0,0,0.677944129660811,full_event_available,bernoulli_full_event,1,0,0.000582,0.000394563483462592,3.94563483462592
2,14,1,no_new_outage,0,0,0.927462420748831,0,1,1,0,0,0,0,0.677944129660811,full_event_available,bernoulli_full_event,1,0,0.000582,0.000394563483462592,3.94563483462592
2,15,1,no_new_outage,0,0,0.927462420748831,0,1,1,0,0,0,0,0.677944129660811,full_event_available,bernoulli_full_event,1,0,0.000582,0.000394563483462592,3.94563483462592
2,16,5,max_depth_reached,4522.5931,0.723125484671974,1.27356112717322,0.0305601318108294,12,0,1,1,1,1,0.00403856419878203,full_event_available,bernoulli_full_event,5,0,0.000582,2.35044436369114e-06,0.0235044436369114
2,17,1,no_new_outage,0,0,0.927462420748831,0,1,1,0,0,0,0,0.677944129660811,full_event_available,bernoulli_full_event,1,0,0.000582,0.000394563483462592,3.94563483462592
2,18,1,no_new_outage,0,0,0.927462420748831,0,1,1,0,0,0,0,0.677944129660811,full_event_available,bernoulli_full_event,1,0,0.000582,0.000394563483462592,3.94563483462592
2,19,1,no_new_outage,0,0,0.927462420748831,0,1,1,0,0,0,0,0.677944129660811,full_event_available,bernoulli_full_event,1,0,0.000582,0.000394563483462592,3.94563483462592
2,20,1,no_new_outage,0,0,0.927462420748831,0,1,1,0,0,0,0,0.677944129660811,full_event_available,bernoulli_full_event,1,0,0.000582,0.000394563483462592,3.94563483462592
2,21,4,load_loss_threshold,2018.286,0.322707351664394,1.1884366355307,0.0368211904620486,7,1,0.322707351664394,0.565309906592115,0.184105952310243,0.343507582779108,0.0341107429936241,full_event_available,bernoulli_full_event,4,0,0.000582,1.98524524222892e-05,0.198524524222892
2,22,1,no_new_outage,0,0,0.927462420748831,0,1,1,0,0,0,0,0.677944129660811,full_event_available,bernoulli_full_event,1,0,0.000582,0.000394563483462592,3.94563483462592
2,23,1,no_new_outage,0,0,0.927462420748831,0,1,1,0,0,0,0,0.677944129660811,full_event_available,bernoulli_full_event,1,0,0.000582,0.000394563483462592,3.94563483462592
2,24,1,no_new_outage,0,0,0.927462420748831,0,1,1,0,0,0,0,0.677944129660811,full_event_available,bernoulli_full_event,1,0,0.000582,0.000394563483462592,3.94563483462592
2,25,1,no_new_outage,0,0,0.927462420748831,0,1,1,0,0,0,0,0.677944129660811,full_event_available,bernoulli_full_event,1,0,0.000582,0.000394563483462592,3.94563483462592
2,26,1,no_new_outage,0,0,0.927462420748831,0,1,1,0,0,0,0,0.677944129660811,full_event_available,bernoulli_full_event,1,0,0.000582,0.000394563483462592,3.94563483462592
2,27,1,no_new_outage,0,0,0.927462420748831,0,1,1,0,0,0,0,0.677944129660811,full_event_available,bernoulli_full_event,1,0,0.000582,0.000394563483462592,3.94563483462592
2,28,4,load_loss_threshold,2018.286,0.322707351664394,1.1884366355307,0.0368211904620486,7,1,0.322707351664394,0.565309906592115,0.184105952310243,0.343507582779108,0.0341107429936241,full_event_available,bernoulli_full_event,4,0,0.000582,1.98524524222892e-05,0.198524524222892
2,29,5,max_depth_reached,4923.04,0.787153654406697,1.3422041053345,0.0319524045226984,14,1,0.787153654406697,0,0,0.472292192644018,0.0255978764971694,full_event_available,bernoulli_full_event,5,0,0.000582,1.48979641213526e-05,0.148979641213526
2,30,4,load_loss_threshold,2018.286,0.322707351664394,1.1884366355307,0.0368211904620486,7,1,0.322707351664394,0.565309906592115,0.184105952310243,0.343507582779108,0.0341107429936241,full_event_available,bernoulli_full_event,4,0,0.000582,1.98524524222892e-05,0.198524524222892
3,1,1,no_new_outage,0,0,0.804487606937684,0,1,1,0,0,0,0,0.934101596589296,full_event_available,bernoulli_full_event,1,0,0.000378,0.000353090403510754,3.53090403510754
3,2,1,no_new_outage,0,0,0.804487606937684,0,1,1,0,0,0,0,0.934101596589296,full_event_available,bernoulli_full_event,1,0,0.000378,0.000353090403510754,3.53090403510754
3,3,1,no_new_outage,0,0,0.804487606937684,0,1,1,0,0,0,0,0.934101596589296,full_event_available,bernoulli_full_event,1,0,0.000378,0.000353090403510754,3.53090403510754
3,4,1,no_new_outage,0,0,0.804487606937684,0,1,1,0,0,0,0,0.934101596589296,full_event_available,bernoulli_full_event,1,0,0.000378,0.000353090403510754,3.53090403510754
3,5,2,no_new_outage,0,0,0.92085923816903,0,3,1,0,0,0,0,1.29582312961733e-06,full_event_available,bernoulli_full_event,2,0,0.000378,4.8982114299535e-10,4.8982114299535e-06
3,6,1,no_new_outage,0,0,0.804487606937684,0,1,1,0,0,0,0,0.934101596589296,full_event_available,bernoulli_full_event,1,0,0.000378,0.000353090403510754,3.53090403510754
3,7,1,no_new_outage,0,0,0.804487606937684,0,1,1,0,0,0,0,0.934101596589296,full_event_available,bernoulli_full_event,1,0,0.000378,0.000353090403510754,3.53090403510754
3,8,1,no_new_outage,0,0,0.804487606937684,0,1,1,0,0,0,0,0.934101596589296,full_event_available,bernoulli_full_event,1,0,0.000378,0.000353090403510754,3.53090403510754
3,9,1,no_new_outage,0,0,0.804487606937684,0,1,1,0,0,0,0,0.934101596589296,full_event_available,bernoulli_full_event,1,0,0.000378,0.000353090403510754,3.53090403510754
3,10,1,no_new_outage,0,0,0.804487606937684,0,1,1,0,0,0,0,0.934101596589296,full_event_available,bernoulli_full_event,1,0,0.000378,0.000353090403510754,3.53090403510754
3,11,1,no_new_outage,0,0,0.804487606937684,0,1,1,0,0,0,0,0.934101596589296,full_event_available,bernoulli_full_event,1,0,0.000378,0.000353090403510754,3.53090403510754
3,12,4,load_loss_threshold,4336.16,0.693316363485193,1.95960158223342,0.0365555001647329,11,0,1,1,1,1,0.000652728793254323,full_event_available,bernoulli_full_event,4,0,0.000378,2.46731483850134e-07,0.00246731483850134
3,13,4,load_loss_threshold,4379.785,0.700291642616277,1.69802633645155,0.0749277327641455,13,1,0.700291642616277,0,0,0.420174985569766,0.00128893770027674,full_event_available,bernoulli_full_event,4,0,0.000378,4.87218450704608e-07,0.00487218450704608
3,14,1,no_new_outage,0,0,0.804487606937684,0,1,1,0,0,0,0,0.934101596589296,full_event_available,bernoulli_full_event,1,0,0.000378,0.000353090403510754,3.53090403510754
3,15,1,no_new_outage,0,0,0.804487606937684,0,1,1,0,0,0,0,0.934101596589296,full_event_available,bernoulli_full_event,1,0,0.000378,0.000353090403510754,3.53090403510754
3,16,1,no_new_outage,0,0,0.804487606937684,0,1,1,0,0,0,0,0.934101596589296,full_event_available,bernoulli_full_event,1,0,0.000378,0.000353090403510754,3.53090403510754
3,17,1,no_new_outage,0,0,0.804487606937684,0,1,1,0,0,0,0,0.934101596589296,full_event_available,bernoulli_full_event,1,0,0.000378,0.000353090403510754,3.53090403510754
3,18,1,no_new_outage,0,0,0.804487606937684,0,1,1,0,0,0,0,0.934101596589296,full_event_available,bernoulli_full_event,1,0,0.000378,0.000353090403510754,3.53090403510754
3,19,1,no_new_outage,0,0,0.804487606937684,0,1,1,0,0,0,0,0.934101596589296,full_event_available,bernoulli_full_event,1,0,0.000378,0.000353090403510754,3.53090403510754
3,20,1,no_new_outage,0,0,0.804487606937684,0,1,1,0,0,0,0,0.934101596589296,full_event_available,bernoulli_full_event,1,0,0.000378,0.000353090403510754,3.53090403510754
3,21,1,no_new_outage,0,0,0.804487606937684,0,1,1,0,0,0,0,0.934101596589296,full_event_available,bernoulli_full_event,1,0,0.000378,0.000353090403510754,3.53090403510754
3,22,1,no_new_outage,0,0,0.804487606937684,0,1,1,0,0,0,0,0.934101596589296,full_event_available,bernoulli_full_event,1,0,0.000378,0.000353090403510754,3.53090403510754
3,23,1,no_new_outage,0,0,0.804487606937684,0,1,1,0,0,0,0,0.934101596589296,full_event_available,bernoulli_full_event,1,0,0.000378,0.000353090403510754,3.53090403510754
3,24,1,no_new_outage,0,0,0.804487606937684,0,1,1,0,0,0,0,0.934101596589296,full_event_available,bernoulli_full_event,1,0,0.000378,0.000353090403510754,3.53090403510754
3,25,1,no_new_outage,0,0,0.804487606937684,0,1,1,0,0,0,0,0.934101596589296,full_event_available,bernoulli_full_event,1,0,0.000378,0.000353090403510754,3.53090403510754
3,26,1,no_new_outage,0,0,0.804487606937684,0,1,1,0,0,0,0,0.934101596589296,full_event_available,bernoulli_full_event,1,0,0.000378,0.000353090403510754,3.53090403510754
3,27,1,no_new_outage,0,0,0.804487606937684,0,1,1,0,0,0,0,0.934101596589296,full_event_available,bernoulli_full_event,1,0,0.000378,0.000353090403510754,3.53090403510754
3,28,4,load_loss_threshold,3637.8535,0.581662890555672,1.98127822325384,0.129172561023543,9,1,0.581662890555672,6.86894756277688,1.55007073228251,2.03280139334528,8.90881510733614e-05,full_event_available,bernoulli_full_event,4,0,0.000378,3.36753211057306e-08,0.000336753211057306
3,29,1,no_new_outage,0,0,0.804487606937684,0,1,1,0,0,0,0,0.934101596589296,full_event_available,bernoulli_full_event,1,0,0.000378,0.000353090403510754,3.53090403510754
3,30,1,no_new_outage,0,0,0.804487606937684,0,1,1,0,0,0,0,0.934101596589296,full_event_available,bernoulli_full_event,1,0,0.000378,0.000353090403510754,3.53090403510754
4,1,1,no_new_outage,0,0,0.793825534142186,0,1,1,0,0,0,0,0.934164152820412,full_event_available,bernoulli_full_event,1,0,0.000445,0.000415703048005083,4.15703048005083
4,2,1,no_new_outage,0,0,0.793825534142186,0,1,1,0,0,0,0,0.934164152820412,full_event_available,bernoulli_full_event,1,0,0.000445,0.000415703048005083,4.15703048005083
4,3,1,no_new_outage,0,0,0.793825534142186,0,1,1,0,0,0,0,0.934164152820412,full_event_available,bernoulli_full_event,1,0,0.000445,0.000415703048005083,4.15703048005083
4,4,1,no_new_outage,0,0,0.793825534142186,0,1,1,0,0,0,0,0.934164152820412,full_event_available,bernoulli_full_event,1,0,0.000445,0.000415703048005083,4.15703048005083
4,5,1,no_new_outage,0,0,0.793825534142186,0,1,1,0,0,0,0,0.934164152820412,full_event_available,bernoulli_full_event,1,0,0.000445,0.000415703048005083,4.15703048005083
4,6,1,no_new_outage,0,0,0.793825534142186,0,1,1,0,0,0,0,0.934164152820412,full_event_available,bernoulli_full_event,1,0,0.000445,0.000415703048005083,4.15703048005083
4,7,1,no_new_outage,0,0,0.793825534142186,0,1,1,0,0,0,0,0.934164152820412,full_event_available,bernoulli_full_event,1,0,0.000445,0.000415703048005083,4.15703048005083
4,8,1,no_new_outage,0,0,0.793825534142186,0,1,1,0,0,0,0,0.934164152820412,full_event_available,bernoulli_full_event,1,0,0.000445,0.000415703048005083,4.15703048005083
4,9,1,no_new_outage,0,0,0.793825534142186,0,1,1,0,0,0,0,0.934164152820412,full_event_available,bernoulli_full_event,1,0,0.000445,0.000415703048005083,4.15703048005083
4,10,1,no_new_outage,0,0,0.793825534142186,0,1,1,0,0,0,0,0.934164152820412,full_event_available,bernoulli_full_event,1,0,0.000445,0.000415703048005083,4.15703048005083
4,11,1,no_new_outage,0,0,0.793825534142186,0,1,1,0,0,0,0,0.934164152820412,full_event_available,bernoulli_full_event,1,0,0.000445,0.000415703048005083,4.15703048005083
4,12,1,no_new_outage,0,0,0.793825534142186,0,1,1,0,0,0,0,0.934164152820412,full_event_available,bernoulli_full_event,1,0,0.000445,0.000415703048005083,4.15703048005083
4,13,1,no_new_outage,0,0,0.793825534142186,0,1,1,0,0,0,0,0.934164152820412,full_event_available,bernoulli_full_event,1,0,0.000445,0.000415703048005083,4.15703048005083
4,14,1,no_new_outage,0,0,0.793825534142186,0,1,1,0,0,0,0,0.934164152820412,full_event_available,bernoulli_full_event,1,0,0.000445,0.000415703048005083,4.15703048005083
4,15,1,no_new_outage,0,0,0.793825534142186,0,1,1,0,0,0,0,0.934164152820412,full_event_available,bernoulli_full_event,1,0,0.000445,0.000415703048005083,4.15703048005083
4,16,1,no_new_outage,0,0,0.793825534142186,0,1,1,0,0,0,0,0.934164152820412,full_event_available,bernoulli_full_event,1,0,0.000445,0.000415703048005083,4.15703048005083
4,17,1,no_new_outage,0,0,0.793825534142186,0,1,1,0,0,0,0,0.934164152820412,full_event_available,bernoulli_full_event,1,0,0.000445,0.000415703048005083,4.15703048005083
4,18,1,no_new_outage,0,0,0.793825534142186,0,1,1,0,0,0,0,0.934164152820412,full_event_available,bernoulli_full_event,1,0,0.000445,0.000415703048005083,4.15703048005083
4,19,1,no_new_outage,0,0,0.793825534142186,0,1,1,0,0,0,0,0.934164152820412,full_event_available,bernoulli_full_event,1,0,0.000445,0.000415703048005083,4.15703048005083
4,20,1,no_new_outage,0,0,0.793825534142186,0,1,1,0,0,0,0,0.934164152820412,full_event_available,bernoulli_full_event,1,0,0.000445,0.000415703048005083,4.15703048005083
4,21,1,no_new_outage,0,0,0.793825534142186,0,1,1,0,0,0,0,0.934164152820412,full_event_available,bernoulli_full_event,1,0,0.000445,0.000415703048005083,4.15703048005083
4,22,1,no_new_outage,0,0,0.793825534142186,0,1,1,0,0,0,0,0.934164152820412,full_event_available,bernoulli_full_event,1,0,0.000445,0.000415703048005083,4.15703048005083
4,23,1,no_new_outage,0,0,0.793825534142186,0,1,1,0,0,0,0,0.934164152820412,full_event_available,bernoulli_full_event,1,0,0.000445,0.000415703048005083,4.15703048005083
4,24,1,no_new_outage,0,0,0.793825534142186,0,1,1,0,0,0,0,0.934164152820412,full_event_available,bernoulli_full_event,1,0,0.000445,0.000415703048005083,4.15703048005083
4,25,1,no_new_outage,0,0,0.793825534142186,0,1,1,0,0,0,0,0.934164152820412,full_event_available,bernoulli_full_event,1,0,0.000445,0.000415703048005083,4.15703048005083
4,26,1,no_new_outage,0,0,0.793825534142186,0,1,1,0,0,0,0,0.934164152820412,full_event_available,bernoulli_full_event,1,0,0.000445,0.000415703048005083,4.15703048005083
4,27,1,no_new_outage,0,0,0.793825534142186,0,1,1,0,0,0,0,0.934164152820412,full_event_available,bernoulli_full_event,1,0,0.000445,0.000415703048005083,4.15703048005083
4,28,1,no_new_outage,0,0,0.793825534142186,0,1,1,0,0,0,0,0.934164152820412,full_event_available,bernoulli_full_event,1,0,0.000445,0.000415703048005083,4.15703048005083
4,29,2,no_new_outage,0,0,0.88891913673591,0,2,1,0,0,0,0,0.00136129646634342,full_event_available,bernoulli_full_event,2,0,0.000445,6.05776927522822e-07,0.00605776927522822
4,30,1,no_new_outage,0,0,0.793825534142186,0,1,1,0,0,0,0,0.934164152820412,full_event_available,bernoulli_full_event,1,0,0.000445,0.000415703048005083,4.15703048005083
5,1,1,no_new_outage,0,0,0.802768073383152,0,1,1,0,0,0,0,0.93419403337996,full_event_available,bernoulli_full_event,1,0,0.000477,0.000445610553922241,4.45610553922241
5,2,1,no_new_outage,0,0,0.802768073383152,0,1,1,0,0,0,0,0.93419403337996,full_event_available,bernoulli_full_event,1,0,0.000477,0.000445610553922241,4.45610553922241
5,3,1,no_new_outage,0,0,0.802768073383152,0,1,1,0,0,0,0,0.93419403337996,full_event_available,bernoulli_full_event,1,0,0.000477,0.000445610553922241,4.45610553922241
5,4,1,no_new_outage,0,0,0.802768073383152,0,1,1,0,0,0,0,0.93419403337996,full_event_available,bernoulli_full_event,1,0,0.000477,0.000445610553922241,4.45610553922241
5,5,1,no_new_outage,0,0,0.802768073383152,0,1,1,0,0,0,0,0.93419403337996,full_event_available,bernoulli_full_event,1,0,0.000477,0.000445610553922241,4.45610553922241
5,6,1,no_new_outage,0,0,0.802768073383152,0,1,1,0,0,0,0,0.93419403337996,full_event_available,bernoulli_full_event,1,0,0.000477,0.000445610553922241,4.45610553922241
5,7,1,no_new_outage,0,0,0.802768073383152,0,1,1,0,0,0,0,0.93419403337996,full_event_available,bernoulli_full_event,1,0,0.000477,0.000445610553922241,4.45610553922241
5,8,1,no_new_outage,0,0,0.802768073383152,0,1,1,0,0,0,0,0.93419403337996,full_event_available,bernoulli_full_event,1,0,0.000477,0.000445610553922241,4.45610553922241
5,9,1,no_new_outage,0,0,0.802768073383152,0,1,1,0,0,0,0,0.93419403337996,full_event_available,bernoulli_full_event,1,0,0.000477,0.000445610553922241,4.45610553922241
5,10,1,no_new_outage,0,0,0.802768073383152,0,1,1,0,0,0,0,0.93419403337996,full_event_available,bernoulli_full_event,1,0,0.000477,0.000445610553922241,4.45610553922241
5,11,1,no_new_outage,0,0,0.802768073383152,0,1,1,0,0,0,0,0.93419403337996,full_event_available,bernoulli_full_event,1,0,0.000477,0.000445610553922241,4.45610553922241
5,12,1,no_new_outage,0,0,0.802768073383152,0,1,1,0,0,0,0,0.93419403337996,full_event_available,bernoulli_full_event,1,0,0.000477,0.000445610553922241,4.45610553922241
5,13,1,no_new_outage,0,0,0.802768073383152,0,1,1,0,0,0,0,0.93419403337996,full_event_available,bernoulli_full_event,1,0,0.000477,0.000445610553922241,4.45610553922241
5,14,1,no_new_outage,0,0,0.802768073383152,0,1,1,0,0,0,0,0.93419403337996,full_event_available,bernoulli_full_event,1,0,0.000477,0.000445610553922241,4.45610553922241
5,15,1,no_new_outage,0,0,0.802768073383152,0,1,1,0,0,0,0,0.93419403337996,full_event_available,bernoulli_full_event,1,0,0.000477,0.000445610553922241,4.45610553922241
5,16,1,no_new_outage,0,0,0.802768073383152,0,1,1,0,0,0,0,0.93419403337996,full_event_available,bernoulli_full_event,1,0,0.000477,0.000445610553922241,4.45610553922241
5,17,1,no_new_outage,0,0,0.802768073383152,0,1,1,0,0,0,0,0.93419403337996,full_event_available,bernoulli_full_event,1,0,0.000477,0.000445610553922241,4.45610553922241
5,18,1,no_new_outage,0,0,0.802768073383152,0,1,1,0,0,0,0,0.93419403337996,full_event_available,bernoulli_full_event,1,0,0.000477,0.000445610553922241,4.45610553922241
5,19,1,no_new_outage,0,0,0.802768073383152,0,1,1,0,0,0,0,0.93419403337996,full_event_available,bernoulli_full_event,1,0,0.000477,0.000445610553922241,4.45610553922241
5,20,2,no_new_outage,0,0,0.807134385126541,0,2,1,0,0,0,0,0.00139030701326227,full_event_available,bernoulli_full_event,2,0,0.000477,6.63176445326105e-07,0.00663176445326105
5,21,1,no_new_outage,0,0,0.802768073383152,0,1,1,0,0,0,0,0.93419403337996,full_event_available,bernoulli_full_event,1,0,0.000477,0.000445610553922241,4.45610553922241
5,22,1,no_new_outage,0,0,0.802768073383152,0,1,1,0,0,0,0,0.93419403337996,full_event_available,bernoulli_full_event,1,0,0.000477,0.000445610553922241,4.45610553922241
5,23,1,no_new_outage,0,0,0.802768073383152,0,1,1,0,0,0,0,0.93419403337996,full_event_available,bernoulli_full_event,1,0,0.000477,0.000445610553922241,4.45610553922241
5,24,1,no_new_outage,0,0,0.802768073383152,0,1,1,0,0,0,0,0.93419403337996,full_event_available,bernoulli_full_event,1,0,0.000477,0.000445610553922241,4.45610553922241
5,25,1,no_new_outage,0,0,0.802768073383152,0,1,1,0,0,0,0,0.93419403337996,full_event_available,bernoulli_full_event,1,0,0.000477,0.000445610553922241,4.45610553922241
5,26,1,no_new_outage,0,0,0.802768073383152,0,1,1,0,0,0,0,0.93419403337996,full_event_available,bernoulli_full_event,1,0,0.000477,0.000445610553922241,4.45610553922241
5,27,1,no_new_outage,0,0,0.802768073383152,0,1,1,0,0,0,0,0.93419403337996,full_event_available,bernoulli_full_event,1,0,0.000477,0.000445610553922241,4.45610553922241
5,28,1,no_new_outage,0,0,0.802768073383152,0,1,1,0,0,0,0,0.93419403337996,full_event_available,bernoulli_full_event,1,0,0.000477,0.000445610553922241,4.45610553922241
5,29,1,no_new_outage,0,0,0.802768073383152,0,1,1,0,0,0,0,0.93419403337996,full_event_available,bernoulli_full_event,1,0,0.000477,0.000445610553922241,4.45610553922241
5,30,1,no_new_outage,0,0,0.802768073383152,0,1,1,0,0,0,0,0.93419403337996,full_event_available,bernoulli_full_event,1,0,0.000477,0.000445610553922241,4.45610553922241
6,1,1,no_new_outage,0,0,0.791190801650661,0,1,1,0,0,0,0,0.934260337697683,full_event_available,bernoulli_full_event,1,0,0.000548,0.00051197466505833,5.1197466505833
6,2,1,no_new_outage,0,0,0.791190801650661,0,1,1,0,0,0,0,0.934260337697683,full_event_available,bernoulli_full_event,1,0,0.000548,0.00051197466505833,5.1197466505833
6,3,1,no_new_outage,0,0,0.791190801650661,0,1,1,0,0,0,0,0.934260337697683,full_event_available,bernoulli_full_event,1,0,0.000548,0.00051197466505833,5.1197466505833
6,4,1,no_new_outage,0,0,0.791190801650661,0,1,1,0,0,0,0,0.934260337697683,full_event_available,bernoulli_full_event,1,0,0.000548,0.00051197466505833,5.1197466505833
6,5,1,no_new_outage,0,0,0.791190801650661,0,1,1,0,0,0,0,0.934260337697683,full_event_available,bernoulli_full_event,1,0,0.000548,0.00051197466505833,5.1197466505833
6,6,5,max_depth_reached,2479.13,0.396392521541421,1.68497791655873,0.0941833796282427,14,0,1,1,1,1,1.050329701335e-06,full_event_available,bernoulli_full_event,5,0,0.000548,5.75580676331578e-10,5.75580676331578e-06
6,7,1,no_new_outage,0,0,0.791190801650661,0,1,1,0,0,0,0,0.934260337697683,full_event_available,bernoulli_full_event,1,0,0.000548,0.00051197466505833,5.1197466505833
6,8,1,no_new_outage,0,0,0.791190801650661,0,1,1,0,0,0,0,0.934260337697683,full_event_available,bernoulli_full_event,1,0,0.000548,0.00051197466505833,5.1197466505833
6,9,1,no_new_outage,0,0,0.791190801650661,0,1,1,0,0,0,0,0.934260337697683,full_event_available,bernoulli_full_event,1,0,0.000548,0.00051197466505833,5.1197466505833
6,10,1,no_new_outage,0,0,0.791190801650661,0,1,1,0,0,0,0,0.934260337697683,full_event_available,bernoulli_full_event,1,0,0.000548,0.00051197466505833,5.1197466505833
6,11,1,no_new_outage,0,0,0.791190801650661,0,1,1,0,0,0,0,0.934260337697683,full_event_available,bernoulli_full_event,1,0,0.000548,0.00051197466505833,5.1197466505833
6,12,1,no_new_outage,0,0,0.791190801650661,0,1,1,0,0,0,0,0.934260337697683,full_event_available,bernoulli_full_event,1,0,0.000548,0.00051197466505833,5.1197466505833
6,13,1,no_new_outage,0,0,0.791190801650661,0,1,1,0,0,0,0,0.934260337697683,full_event_available,bernoulli_full_event,1,0,0.000548,0.00051197466505833,5.1197466505833
6,14,1,no_new_outage,0,0,0.791190801650661,0,1,1,0,0,0,0,0.934260337697683,full_event_available,bernoulli_full_event,1,0,0.000548,0.00051197466505833,5.1197466505833
6,15,1,no_new_outage,0,0,0.791190801650661,0,1,1,0,0,0,0,0.934260337697683,full_event_available,bernoulli_full_event,1,0,0.000548,0.00051197466505833,5.1197466505833
6,16,1,no_new_outage,0,0,0.791190801650661,0,1,1,0,0,0,0,0.934260337697683,full_event_available,bernoulli_full_event,1,0,0.000548,0.00051197466505833,5.1197466505833
6,17,1,no_new_outage,0,0,0.791190801650661,0,1,1,0,0,0,0,0.934260337697683,full_event_available,bernoulli_full_event,1,0,0.000548,0.00051197466505833,5.1197466505833
6,18,1,no_new_outage,0,0,0.791190801650661,0,1,1,0,0,0,0,0.934260337697683,full_event_available,bernoulli_full_event,1,0,0.000548,0.00051197466505833,5.1197466505833
6,19,1,no_new_outage,0,0,0.791190801650661,0,1,1,0,0,0,0,0.934260337697683,full_event_available,bernoulli_full_event,1,0,0.000548,0.00051197466505833,5.1197466505833
6,20,1,no_new_outage,0,0,0.791190801650661,0,1,1,0,0,0,0,0.934260337697683,full_event_available,bernoulli_full_event,1,0,0.000548,0.00051197466505833,5.1197466505833
6,21,1,no_new_outage,0,0,0.791190801650661,0,1,1,0,0,0,0,0.934260337697683,full_event_available,bernoulli_full_event,1,0,0.000548,0.00051197466505833,5.1197466505833
6,22,1,no_new_outage,0,0,0.791190801650661,0,1,1,0,0,0,0,0.934260337697683,full_event_available,bernoulli_full_event,1,0,0.000548,0.00051197466505833,5.1197466505833
6,23,1,no_new_outage,0,0,0.791190801650661,0,1,1,0,0,0,0,0.934260337697683,full_event_available,bernoulli_full_event,1,0,0.000548,0.00051197466505833,5.1197466505833
6,24,1,no_new_outage,0,0,0.791190801650661,0,1,1,0,0,0,0,0.934260337697683,full_event_available,bernoulli_full_event,1,0,0.000548,0.00051197466505833,5.1197466505833
6,25,1,no_new_outage,0,0,0.791190801650661,0,1,1,0,0,0,0,0.934260337697683,full_event_available,bernoulli_full_event,1,0,0.000548,0.00051197466505833,5.1197466505833
6,26,1,no_new_outage,0,0,0.791190801650661,0,1,1,0,0,0,0,0.934260337697683,full_event_available,bernoulli_full_event,1,0,0.000548,0.00051197466505833,5.1197466505833
6,27,1,no_new_outage,0,0,0.791190801650661,0,1,1,0,0,0,0,0.934260337697683,full_event_available,bernoulli_full_event,1,0,0.000548,0.00051197466505833,5.1197466505833
6,28,1,no_new_outage,0,0,0.791190801650661,0,1,1,0,0,0,0,0.934260337697683,full_event_available,bernoulli_full_event,1,0,0.000548,0.00051197466505833,5.1197466505833
6,29,1,no_new_outage,0,0,0.791190801650661,0,1,1,0,0,0,0,0.934260337697683,full_event_available,bernoulli_full_event,1,0,0.000548,0.00051197466505833,5.1197466505833
6,30,1,no_new_outage,0,0,0.791190801650661,0,1,1,0,0,0,0,0.934260337697683,full_event_available,bernoulli_full_event,1,0,0.000548,0.00051197466505833,5.1197466505833
7,1,1,no_new_outage,0,0,0.792388243970017,0,1,1,0,0,0,0,0.934153881819533,full_event_available,bernoulli_full_event,1,0,0.000434,0.000405422784709677,4.05422784709677
7,2,1,no_new_outage,0,0,0.792388243970017,0,1,1,0,0,0,0,0.934153881819533,full_event_available,bernoulli_full_event,1,0,0.000434,0.000405422784709677,4.05422784709677
7,3,1,no_new_outage,0,0,0.792388243970017,0,1,1,0,0,0,0,0.934153881819533,full_event_available,bernoulli_full_event,1,0,0.000434,0.000405422784709677,4.05422784709677
7,4,2,no_new_outage,0,0,0.855635529210454,0,2,1,0,0,0,0,0.00139018750533474,full_event_available,bernoulli_full_event,2,0,0.000434,6.03341377315277e-07,0.00603341377315277
7,5,1,no_new_outage,0,0,0.792388243970017,0,1,1,0,0,0,0,0.934153881819533,full_event_available,bernoulli_full_event,1,0,0.000434,0.000405422784709677,4.05422784709677
7,6,1,no_new_outage,0,0,0.792388243970017,0,1,1,0,0,0,0,0.934153881819533,full_event_available,bernoulli_full_event,1,0,0.000434,0.000405422784709677,4.05422784709677
7,7,1,no_new_outage,0,0,0.792388243970017,0,1,1,0,0,0,0,0.934153881819533,full_event_available,bernoulli_full_event,1,0,0.000434,0.000405422784709677,4.05422784709677
7,8,1,no_new_outage,0,0,0.792388243970017,0,1,1,0,0,0,0,0.934153881819533,full_event_available,bernoulli_full_event,1,0,0.000434,0.000405422784709677,4.05422784709677
7,9,1,no_new_outage,0,0,0.792388243970017,0,1,1,0,0,0,0,0.934153881819533,full_event_available,bernoulli_full_event,1,0,0.000434,0.000405422784709677,4.05422784709677
7,10,1,no_new_outage,0,0,0.792388243970017,0,1,1,0,0,0,0,0.934153881819533,full_event_available,bernoulli_full_event,1,0,0.000434,0.000405422784709677,4.05422784709677
7,11,1,no_new_outage,0,0,0.792388243970017,0,1,1,0,0,0,0,0.934153881819533,full_event_available,bernoulli_full_event,1,0,0.000434,0.000405422784709677,4.05422784709677
7,12,1,no_new_outage,0,0,0.792388243970017,0,1,1,0,0,0,0,0.934153881819533,full_event_available,bernoulli_full_event,1,0,0.000434,0.000405422784709677,4.05422784709677
7,13,1,no_new_outage,0,0,0.792388243970017,0,1,1,0,0,0,0,0.934153881819533,full_event_available,bernoulli_full_event,1,0,0.000434,0.000405422784709677,4.05422784709677
7,14,1,no_new_outage,0,0,0.792388243970017,0,1,1,0,0,0,0,0.934153881819533,full_event_available,bernoulli_full_event,1,0,0.000434,0.000405422784709677,4.05422784709677
7,15,1,no_new_outage,0,0,0.792388243970017,0,1,1,0,0,0,0,0.934153881819533,full_event_available,bernoulli_full_event,1,0,0.000434,0.000405422784709677,4.05422784709677
7,16,1,no_new_outage,0,0,0.792388243970017,0,1,1,0,0,0,0,0.934153881819533,full_event_available,bernoulli_full_event,1,0,0.000434,0.000405422784709677,4.05422784709677
7,17,2,no_new_outage,0,0,0.794326008851607,0,2,1,0,0,0,0,0.00147083580932954,full_event_available,bernoulli_full_event,2,0,0.000434,6.3834274124902e-07,0.0063834274124902
7,18,1,no_new_outage,0,0,0.792388243970017,0,1,1,0,0,0,0,0.934153881819533,full_event_available,bernoulli_full_event,1,0,0.000434,0.000405422784709677,4.05422784709677
7,19,1,no_new_outage,0,0,0.792388243970017,0,1,1,0,0,0,0,0.934153881819533,full_event_available,bernoulli_full_event,1,0,0.000434,0.000405422784709677,4.05422784709677
7,20,1,no_new_outage,0,0,0.792388243970017,0,1,1,0,0,0,0,0.934153881819533,full_event_available,bernoulli_full_event,1,0,0.000434,0.000405422784709677,4.05422784709677
7,21,1,no_new_outage,0,0,0.792388243970017,0,1,1,0,0,0,0,0.934153881819533,full_event_available,bernoulli_full_event,1,0,0.000434,0.000405422784709677,4.05422784709677
7,22,1,no_new_outage,0,0,0.792388243970017,0,1,1,0,0,0,0,0.934153881819533,full_event_available,bernoulli_full_event,1,0,0.000434,0.000405422784709677,4.05422784709677
7,23,1,no_new_outage,0,0,0.792388243970017,0,1,1,0,0,0,0,0.934153881819533,full_event_available,bernoulli_full_event,1,0,0.000434,0.000405422784709677,4.05422784709677
7,24,1,no_new_outage,0,0,0.792388243970017,0,1,1,0,0,0,0,0.934153881819533,full_event_available,bernoulli_full_event,1,0,0.000434,0.000405422784709677,4.05422784709677
7,25,1,no_new_outage,0,0,0.792388243970017,0,1,1,0,0,0,0,0.934153881819533,full_event_available,bernoulli_full_event,1,0,0.000434,0.000405422784709677,4.05422784709677
7,26,1,no_new_outage,0,0,0.792388243970017,0,1,1,0,0,0,0,0.934153881819533,full_event_available,bernoulli_full_event,1,0,0.000434,0.000405422784709677,4.05422784709677
7,27,1,no_new_outage,0,0,0.792388243970017,0,1,1,0,0,0,0,0.934153881819533,full_event_available,bernoulli_full_event,1,0,0.000434,0.000405422784709677,4.05422784709677
7,28,1,no_new_outage,0,0,0.792388243970017,0,1,1,0,0,0,0,0.934153881819533,full_event_available,bernoulli_full_event,1,0,0.000434,0.000405422784709677,4.05422784709677
7,29,1,no_new_outage,0,0,0.792388243970017,0,1,1,0,0,0,0,0.934153881819533,full_event_available,bernoulli_full_event,1,0,0.000434,0.000405422784709677,4.05422784709677
7,30,1,no_new_outage,0,0,0.792388243970017,0,1,1,0,0,0,0,0.934153881819533,full_event_available,bernoulli_full_event,1,0,0.000434,0.000405422784709677,4.05422784709677
8,1,1,no_new_outage,0,0,0.92291430100332,0,1,1,0,0,0,0,0.625706360918864,full_event_available,bernoulli_full_event,1,0,3.4e-05,2.12740162712414e-05,0.212740162712414
8,2,4,load_loss_threshold,4613.305,0.737629572305464,1.73762512147388,0.158041996955284,15,1,0.737629572305464,0.28963905512076,0.485738730092256,0.597653300425881,1.90517780400139e-05,full_event_available,bernoulli_full_event,4,0,3.4e-05,6.47760453360471e-10,6.47760453360471e-06
8,3,1,no_new_outage,0,0,0.92291430100332,0,1,1,0,0,0,0,0.625706360918864,full_event_available,bernoulli_full_event,1,0,3.4e-05,2.12740162712414e-05,0.212740162712414
8,4,4,load_loss_threshold,4379.785,0.700291642616277,1.69802633645155,0.0749277327641455,13,1,0.700291642616277,0,0,0.420174985569766,0.128318337580182,full_event_available,bernoulli_full_event,4,0,3.4e-05,4.36282347772618e-06,0.0436282347772618
8,5,5,max_depth_reached,3736.126,0.597375856020645,1.81856645958871,0.199992902465965,10,1,0.597375856020645,4.91139875753228,1.95637334026075,1.73197993317099,1.35402078895881e-07,full_event_available,bernoulli_full_event,5,0,3.4e-05,4.60367068245996e-12,4.60367068245996e-08
8,6,1,no_new_outage,0,0,0.92291430100332,0,1,1,0,0,0,0,0.625706360918864,full_event_available,bernoulli_full_event,1,0,3.4e-05,2.12740162712414e-05,0.212740162712414
8,7,4,load_loss_threshold,2547.36705,0.407303065285415,1.09121888320593,0.0377156181592918,6,0,1,1,1,1,0.0629059702136684,full_event_available,bernoulli_full_event,4,0,3.4e-05,2.13880298726473e-06,0.0213880298726473
8,8,1,no_new_outage,0,0,0.92291430100332,0,1,1,0,0,0,0,0.625706360918864,full_event_available,bernoulli_full_event,1,0,3.4e-05,2.12740162712414e-05,0.212740162712414
8,9,1,no_new_outage,0,0,0.92291430100332,0,1,1,0,0,0,0,0.625706360918864,full_event_available,bernoulli_full_event,1,0,3.4e-05,2.12740162712414e-05,0.212740162712414
8,10,3,load_loss_threshold,3523.854,0.563435306984233,2.11051028289066,0.286076808034262,12,1,0.563435306984233,3.68274398658411,3.14684488837688,1.70397895918274,7.62745319335984e-05,full_event_available,bernoulli_full_event,3,0,3.4e-05,2.59333408574235e-09,2.59333408574235e-05
8,11,4,load_loss_threshold,4379.785,0.700291642616277,1.69802633645155,0.0749277327641455,13,1,0.700291642616277,0,0,0.420174985569766,0.128318337580182,full_event_available,bernoulli_full_event,4,0,3.4e-05,4.36282347772618e-06,0.0436282347772618
8,12,1,no_new_outage,0,0,0.92291430100332,0,1,1,0,0,0,0,0.625706360918864,full_event_available,bernoulli_full_event,1,0,3.4e-05,2.12740162712414e-05,0.212740162712414
8,13,1,no_new_outage,0,0,0.92291430100332,0,1,1,0,0,0,0,0.625706360918864,full_event_available,bernoulli_full_event,1,0,3.4e-05,2.12740162712414e-05,0.212740162712414
8,14,4,load_loss_threshold,4761.666,0.761351277455418,1.69802633834218,0.168357392389353,16,1,0.761351277455418,0,0.505072177168058,0.557825201906862,0.0104452317249244,full_event_available,bernoulli_full_event,4,0,3.4e-05,3.55137878647429e-07,0.00355137878647429
8,15,4,load_loss_threshold,2547.36705,0.407303065285415,1.09121888320593,0.0377156181592918,6,0,1,1,1,1,0.0629059702136684,full_event_available,bernoulli_full_event,4,0,3.4e-05,2.13880298726473e-06,0.0213880298726473
8,16,4,load_loss_threshold,3852.47,0.615978305882579,1.59183850479529,0.152534670124734,13,1,0.615978305882579,1.07837628500816,0,0.585262240531178,0.000407735908313524,full_event_available,bernoulli_full_event,4,0,3.4e-05,1.38630208826598e-08,0.000138630208826598
8,17,1,no_new_outage,0,0,0.92291430100332,0,1,1,0,0,0,0,0.625706360918864,full_event_available,bernoulli_full_event,1,0,3.4e-05,2.12740162712414e-05,0.212740162712414
8,18,1,no_new_outage,0,0,0.92291430100332,0,1,1,0,0,0,0,0.625706360918864,full_event_available,bernoulli_full_event,1,0,3.4e-05,2.12740162712414e-05,0.212740162712414
8,19,1,no_new_outage,0,0,0.92291430100332,0,1,1,0,0,0,0,0.625706360918864,full_event_available,bernoulli_full_event,1,0,3.4e-05,2.12740162712414e-05,0.212740162712414
8,20,1,no_new_outage,0,0,0.92291430100332,0,1,1,0,0,0,0,0.625706360918864,full_event_available,bernoulli_full_event,1,0,3.4e-05,2.12740162712414e-05,0.212740162712414
8,21,1,no_new_outage,0,0,0.92291430100332,0,1,1,0,0,0,0,0.625706360918864,full_event_available,bernoulli_full_event,1,0,3.4e-05,2.12740162712414e-05,0.212740162712414
8,22,1,no_new_outage,0,0,0.92291430100332,0,1,1,0,0,0,0,0.625706360918864,full_event_available,bernoulli_full_event,1,0,3.4e-05,2.12740162712414e-05,0.212740162712414
8,23,1,no_new_outage,0,0,0.92291430100332,0,1,1,0,0,0,0,0.625706360918864,full_event_available,bernoulli_full_event,1,0,3.4e-05,2.12740162712414e-05,0.212740162712414
8,24,4,load_loss_threshold,4379.785,0.700291642616277,1.69802633645155,0.0749277327641455,14,1,0.700291642616277,0,0,0.420174985569766,0.0196690218000314,full_event_available,bernoulli_full_event,4,0,3.4e-05,6.68746741201069e-07,0.00668746741201069
8,25,1,no_new_outage,0,0,0.92291430100332,0,1,1,0,0,0,0,0.625706360918864,full_event_available,bernoulli_full_event,1,0,3.4e-05,2.12740162712414e-05,0.212740162712414
8,26,1,no_new_outage,0,0,0.92291430100332,0,1,1,0,0,0,0,0.625706360918864,full_event_available,bernoulli_full_event,1,0,3.4e-05,2.12740162712414e-05,0.212740162712414
8,27,1,no_new_outage,0,0,0.92291430100332,0,1,1,0,0,0,0,0.625706360918864,full_event_available,bernoulli_full_event,1,0,3.4e-05,2.12740162712414e-05,0.212740162712414
8,28,1,no_new_outage,0,0,0.92291430100332,0,1,1,0,0,0,0,0.625706360918864,full_event_available,bernoulli_full_event,1,0,3.4e-05,2.12740162712414e-05,0.212740162712414
8,29,4,load_loss_threshold,4859.9203,0.7770613328899,1.88721954560459,0.0405783497769974,12,0,1,1,1,1,0.000128937027463749,full_event_available,bernoulli_full_event,4,0,3.4e-05,4.38385893376745e-09,4.38385893376745e-05
8,30,1,no_new_outage,0,0,0.92291430100332,0,1,1,0,0,0,0,0.625706360918864,full_event_available,bernoulli_full_event,1,0,3.4e-05,2.12740162712414e-05,0.212740162712414
9,1,1,no_new_outage,0,0,0.914150366472219,0,1,1,0,0,0,0,0.802232780454089,full_event_available,bernoulli_full_event,1,0,0.000616,0.000494175392759719,4.94175392759719
9,2,1,no_new_outage,0,0,0.914150366472219,0,1,1,0,0,0,0,0.802232780454089,full_event_available,bernoulli_full_event,1,0,0.000616,0.000494175392759719,4.94175392759719
9,3,1,no_new_outage,0,0,0.914150366472219,0,1,1,0,0,0,0,0.802232780454089,full_event_available,bernoulli_full_event,1,0,0.000616,0.000494175392759719,4.94175392759719
9,4,1,no_new_outage,0,0,0.914150366472219,0,1,1,0,0,0,0,0.802232780454089,full_event_available,bernoulli_full_event,1,0,0.000616,0.000494175392759719,4.94175392759719
9,5,1,no_new_outage,0,0,0.914150366472219,0,1,1,0,0,0,0,0.802232780454089,full_event_available,bernoulli_full_event,1,0,0.000616,0.000494175392759719,4.94175392759719
9,6,3,load_loss_threshold,2167.63,0.346586230439239,1.21967166972593,0.00358859628645347,6,1,0.346586230439239,0.208578112909246,0.00717719257290694,0.251102799359974,0.112545100451642,full_event_available,bernoulli_full_event,3,0,0.000616,6.93277818782113e-05,0.693277818782113
9,7,1,no_new_outage,0,0,0.914150366472219,0,1,1,0,0,0,0,0.802232780454089,full_event_available,bernoulli_full_event,1,0,0.000616,0.000494175392759719,4.94175392759719
9,8,1,no_new_outage,0,0,0.914150366472219,0,1,1,0,0,0,0,0.802232780454089,full_event_available,bernoulli_full_event,1,0,0.000616,0.000494175392759719,4.94175392759719
9,9,3,load_loss_threshold,2167.63,0.346586230439239,1.21967166972593,0.00358859628645347,6,1,0.346586230439239,0.208578112909246,0.00717719257290694,0.251102799359974,0.112545100451642,full_event_available,bernoulli_full_event,3,0,0.000616,6.93277818782113e-05,0.693277818782113
9,10,1,no_new_outage,0,0,0.914150366472219,0,1,1,0,0,0,0,0.802232780454089,full_event_available,bernoulli_full_event,1,0,0.000616,0.000494175392759719,4.94175392759719
9,11,1,no_new_outage,0,0,0.914150366472219,0,1,1,0,0,0,0,0.802232780454089,full_event_available,bernoulli_full_event,1,0,0.000616,0.000494175392759719,4.94175392759719
9,12,1,no_new_outage,0,0,0.914150366472219,0,1,1,0,0,0,0,0.802232780454089,full_event_available,bernoulli_full_event,1,0,0.000616,0.000494175392759719,4.94175392759719
9,13,1,no_new_outage,0,0,0.914150366472219,0,1,1,0,0,0,0,0.802232780454089,full_event_available,bernoulli_full_event,1,0,0.000616,0.000494175392759719,4.94175392759719
9,14,1,no_new_outage,0,0,0.914150366472219,0,1,1,0,0,0,0,0.802232780454089,full_event_available,bernoulli_full_event,1,0,0.000616,0.000494175392759719,4.94175392759719
9,15,1,no_new_outage,0,0,0.914150366472219,0,1,1,0,0,0,0,0.802232780454089,full_event_available,bernoulli_full_event,1,0,0.000616,0.000494175392759719,4.94175392759719
9,16,1,no_new_outage,0,0,0.914150366472219,0,1,1,0,0,0,0,0.802232780454089,full_event_available,bernoulli_full_event,1,0,0.000616,0.000494175392759719,4.94175392759719
9,17,1,no_new_outage,0,0,0.914150366472219,0,1,1,0,0,0,0,0.802232780454089,full_event_available,bernoulli_full_event,1,0,0.000616,0.000494175392759719,4.94175392759719
9,18,5,max_depth_reached,1767.35625,0.282585745967129,1.45534131059831,0.227589916849164,9,1,0.282585745967129,0.455341310598313,1.13794958424582,0.488209626549105,0.000887667673402792,full_event_available,bernoulli_full_event,5,0,0.000616,5.4680328681612e-07,0.0054680328681612
9,19,1,no_new_outage,0,0,0.914150366472219,0,1,1,0,0,0,0,0.802232780454089,full_event_available,bernoulli_full_event,1,0,0.000616,0.000494175392759719,4.94175392759719
9,20,1,no_new_outage,0,0,0.914150366472219,0,1,1,0,0,0,0,0.802232780454089,full_event_available,bernoulli_full_event,1,0,0.000616,0.000494175392759719,4.94175392759719
9,21,3,load_loss_threshold,2167.63,0.346586230439239,1.21967166972593,0.00358859628645347,5,1,0.346586230439239,0.208578112909246,0.00717719257290694,0.251102799359974,0.00692519266699023,full_event_available,bernoulli_full_event,3,0,0.000616,4.26591868286598e-06,0.0426591868286598
9,22,1,no_new_outage,0,0,0.914150366472219,0,1,1,0,0,0,0,0.802232780454089,full_event_available,bernoulli_full_event,1,0,0.000616,0.000494175392759719,4.94175392759719
9,23,1,no_new_outage,0,0,0.914150366472219,0,1,1,0,0,0,0,0.802232780454089,full_event_available,bernoulli_full_event,1,0,0.000616,0.000494175392759719,4.94175392759719
9,24,1,no_new_outage,0,0,0.914150366472219,0,1,1,0,0,0,0,0.802232780454089,full_event_available,bernoulli_full_event,1,0,0.000616,0.000494175392759719,4.94175392759719
9,25,3,load_loss_threshold,2325.63,0.371849132507119,1.22256422326843,0,10,1,0.371849132507119,0,0,0.223109479504271,3.07045456168719e-07,full_event_available,bernoulli_full_event,3,0,0.000616,1.89140000999931e-10,1.89140000999931e-06
9,26,1,no_new_outage,0,0,0.914150366472219,0,1,1,0,0,0,0,0.802232780454089,full_event_available,bernoulli_full_event,1,0,0.000616,0.000494175392759719,4.94175392759719
9,27,1,no_new_outage,0,0,0.914150366472219,0,1,1,0,0,0,0,0.802232780454089,full_event_available,bernoulli_full_event,1,0,0.000616,0.000494175392759719,4.94175392759719
9,28,1,no_new_outage,0,0,0.914150366472219,0,1,1,0,0,0,0,0.802232780454089,full_event_available,bernoulli_full_event,1,0,0.000616,0.000494175392759719,4.94175392759719
9,29,2,no_new_outage,0,0,0.914150366472219,0,2,1,0,0,0,0,0.00108822600759372,full_event_available,bernoulli_full_event,2,0,0.000616,6.70347220677731e-07,0.00670347220677731
9,30,3,load_loss_threshold,2167.63,0.346586230439239,1.21967166972593,0.00358859628645347,6,1,0.346586230439239,0.208578112909246,0.00717719257290694,0.251102799359974,0.112545100451642,full_event_available,bernoulli_full_event,3,0,0.000616,6.93277818782113e-05,0.693277818782113
10,1,4,load_loss_threshold,2992.31,0.478445787890756,2.65390367507157,0.244456059502701,11,1,0.478445787890756,0.383043495131449,0.977824238010806,0.559241019362904,0.0541302873421296,full_event_available,bernoulli_full_event,4,0,0.000582,3.15038272331194e-05,0.315038272331194
10,2,3,load_loss_threshold,3553.3825,0.568156671564685,1.29968170462313,0.154793512908778,8,1,0.568156671564685,0.149047781921828,0,0.370703559323177,0.000225712151819267,full_event_available,bernoulli_full_event,3,0,0.000582,1.31364472358813e-07,0.00131364472358813
10,3,5,max_depth_reached,2253.55,0.360324132627038,2.65390367507157,0.244456059502701,10,1,0.360324132627038,2.60557551846493,2.87314727788747,1.3119390388467,0.03439408645146,full_event_available,bernoulli_full_event,5,0,0.000582,2.00173583147497e-05,0.200173583147497
10,4,3,load_loss_threshold,1888.68,0.30198441694661,1.77954631839604,0.08446797220878,6,0,1,1,1,1,0.000411557863812731,full_event_available,bernoulli_full_event,3,0,0.000582,2.39526676739009e-07,0.00239526676739009
10,5,4,load_loss_threshold,2992.31,0.478445787890756,2.65390367507157,0.244456059502701,10,1,0.478445787890756,0.383043495131449,0.977824238010806,0.559241019362904,0.0501092510155483,full_event_available,bernoulli_full_event,4,0,0.000582,2.91635840910491e-05,0.291635840910491
10,6,4,load_loss_threshold,4280.972,0.684492255641382,1.77954631839604,0.162709741756249,10,0,1,1,1,1,0.0667987779535148,full_event_available,bernoulli_full_event,4,0,0.000582,3.88768887689456e-05,0.388768887689456
10,7,4,load_loss_threshold,2948.1125,0.471378970712622,1.74699920177101,0.0747834389109241,11,0,1,1,1,1,0.132035742390814,full_event_available,bernoulli_full_event,4,0,0.000582,7.68448020714538e-05,0.768448020714538
10,8,4,load_loss_threshold,2948.1125,0.471378970712622,1.74699920177101,0.0747834389109241,11,0,1,1,1,1,0.132035742390814,full_event_available,bernoulli_full_event,4,0,0.000582,7.68448020714538e-05,0.768448020714538
10,9,4,load_loss_threshold,4280.972,0.684492255641382,1.77954631839604,0.162709741756249,10,0,1,1,1,1,0.0667987779535148,full_event_available,bernoulli_full_event,4,0,0.000582,3.88768887689456e-05,0.388768887689456
10,10,4,load_loss_threshold,2948.1125,0.471378970712622,1.74699920177101,0.0747834389109241,11,0,1,1,1,1,0.132035742390814,full_event_available,bernoulli_full_event,4,0,0.000582,7.68448020714538e-05,0.768448020714538
10,11,4,load_loss_threshold,2948.1125,0.471378970712622,1.74699920177101,0.0747834389109241,11,0,1,1,1,1,0.132035742390814,full_event_available,bernoulli_full_event,4,0,0.000582,7.68448020714538e-05,0.768448020714538
10,12,4,load_loss_threshold,4280.972,0.684492255641382,1.77954631839604,0.162709741756249,9,0,1,1,1,1,0.20303877655792,full_event_available,bernoulli_full_event,4,0,0.000582,0.00011816856795671,1.1816856795671
10,13,5,max_depth_reached,2253.55,0.360324132627038,2.65390367507157,0.244456059502701,11,1,0.360324132627038,2.60557551846493,2.87314727788747,1.3119390388467,0.0371540532886811,full_event_available,bernoulli_full_event,5,0,0.000582,2.16236590140124e-05,0.216236590140124
10,14,4,load_loss_threshold,2992.31,0.478445787890756,2.65390367507157,0.244456059502701,10,1,0.478445787890756,0.383043495131449,0.977824238010806,0.559241019362904,0.0501092510155483,full_event_available,bernoulli_full_event,4,0,0.000582,2.91635840910491e-05,0.291635840910491
10,15,4,load_loss_threshold,4280.972,0.684492255641382,1.77954631839604,0.162709741756249,9,0,1,1,1,1,0.20303877655792,full_event_available,bernoulli_full_event,4,0,0.000582,0.00011816856795671,1.1816856795671
10,16,4,load_loss_threshold,2418.87,0.386757442562873,2.65390367507157,0.244456059502701,10,1,0.386757442562873,0.41420113784925,0,0.314894693107574,0.0436993485756639,full_event_available,bernoulli_full_event,4,0,0.000582,2.54330208710364e-05,0.254330208710364
10,17,4,load_loss_threshold,4280.972,0.684492255641382,1.77954631839604,0.162709741756249,9,0,1,1,1,1,0.20303877655792,full_event_available,bernoulli_full_event,4,0,0.000582,0.00011816856795671,1.1816856795671
10,18,5,max_depth_reached,2253.55,0.360324132627038,2.65390367507157,0.244456059502701,11,1,0.360324132627038,2.60557551846493,2.87314727788747,1.3119390388467,0.0371540532886811,full_event_available,bernoulli_full_event,5,0,0.000582,2.16236590140124e-05,0.216236590140124
10,19,4,load_loss_threshold,4280.972,0.684492255641382,1.77954631839604,0.162709741756249,10,0,1,1,1,1,0.000325381942232418,full_event_available,bernoulli_full_event,4,0,0.000582,1.89372290379267e-07,0.00189372290379267
10,20,4,load_loss_threshold,4280.972,0.684492255641382,1.77954631839604,0.162709741756249,9,0,1,1,1,1,0.20303877655792,full_event_available,bernoulli_full_event,4,0,0.000582,0.00011816856795671,1.1816856795671
10,21,4,load_loss_threshold,3602.15,0.575954194201365,2.65390367507157,0.244456059502701,11,1,0.575954194201365,0.383043495125626,0,0.422181215545944,0.0352698973232529,full_event_available,bernoulli_full_event,4,0,0.000582,2.05270802421332e-05,0.205270802421332
10,22,4,load_loss_threshold,4280.972,0.684492255641382,1.77954631839604,0.162709741756249,9,0,1,1,1,1,0.20303877655792,full_event_available,bernoulli_full_event,4,0,0.000582,0.00011816856795671,1.1816856795671
10,23,5,max_depth_reached,2802.406,0.448081698306586,2.65390367507157,0.244456059502701,12,1,0.448081698306586,2.60557551846493,2.21011329068267,1.23198678081347,0.000384077564473196,full_event_available,bernoulli_full_event,5,0,0.000582,2.235331425234e-07,0.002235331425234
10,24,5,max_depth_reached,2253.55,0.360324132627038,2.65390367507157,0.244456059502701,10,1,0.360324132627038,2.60557551846493,2.87314727788747,1.3119390388467,0.03439408645146,full_event_available,bernoulli_full_event,5,0,0.000582,2.00173583147497e-05,0.200173583147497
10,25,4,load_loss_threshold,4280.972,0.684492255641382,1.77954631839604,0.162709741756249,9,0,1,1,1,1,0.20303877655792,full_event_available,bernoulli_full_event,4,0,0.000582,0.00011816856795671,1.1816856795671
10,26,4,load_loss_threshold,2992.31,0.478445787890756,2.65390367507157,0.244456059502701,10,1,0.478445787890756,0.383043495131449,0.977824238010806,0.559241019362904,0.0501092510155483,full_event_available,bernoulli_full_event,4,0,0.000582,2.91635840910491e-05,0.291635840910491
10,27,4,load_loss_threshold,4280.972,0.684492255641382,1.77954631839604,0.162709741756249,9,0,1,1,1,1,0.20303877655792,full_event_available,bernoulli_full_event,4,0,0.000582,0.00011816856795671,1.1816856795671
10,28,3,load_loss_threshold,1967.98,0.314663835516123,1.80067599437799,0.245494117626616,8,1,0.314663835516123,4.28661124736192,3.19142352914601,1.68440525661126,0.000106492667337103,full_event_available,bernoulli_full_event,3,0,0.000582,6.19787323901938e-08,0.000619787323901938
10,29,4,load_loss_threshold,3602.15,0.575954194201365,2.65390367507157,0.244456059502701,12,1,0.575954194201365,0.383043495125626,0,0.422181215545944,0.0381001439443326,full_event_available,bernoulli_full_event,4,0,0.000582,2.21742837756016e-05,0.221742837756016
10,30,4,load_loss_threshold,2418.87,0.386757442562873,2.65390367507157,0.244456059502701,11,1,0.386757442562873,0.41420113784925,0,0.314894693107574,0.047206019789252,full_event_available,bernoulli_full_event,4,0,0.000582,2.74739035173447e-05,0.274739035173447
11,1,3,load_loss_threshold,3546.4825,0.567053418246531,1.32706363682287,0.154793512908785,5,1,0.567053418246531,1.63531818411433,0,0.667295687770785,0.726346485038956,full_event_available,bernoulli_full_event,3,0,0.000565,0.00041038576404701,4.1038576404701
11,2,1,no_new_outage,0,0,0.989790345650159,0,1,1,0,0,0,0,0.096142402375351,full_event_available,bernoulli_full_event,1,0,0.000565,5.43204573420733e-05,0.543204573420733
11,3,3,load_loss_threshold,3546.4825,0.567053418246531,1.32706363682287,0.154793512908785,5,1,0.567053418246531,1.63531818411433,0,0.667295687770785,0.726346485038956,full_event_available,bernoulli_full_event,3,0,0.000565,0.00041038576404701,4.1038576404701
11,4,3,load_loss_threshold,3546.4825,0.567053418246531,1.32706363682287,0.154793512908785,5,1,0.567053418246531,1.63531818411433,0,0.667295687770785,0.726346485038956,full_event_available,bernoulli_full_event,3,0,0.000565,0.00041038576404701,4.1038576404701
11,5,3,load_loss_threshold,4781.305,0.764491392225742,1.5250920548239,0.154793512908788,10,1,0.764491392225742,0,0.464380538726364,0.551570943080718,0.0012467598024702,full_event_available,bernoulli_full_event,3,0,0.000565,7.04419288395664e-07,0.00704419288395664
11,6,3,load_loss_threshold,3546.4825,0.567053418246531,1.32706363682287,0.154793512908785,5,1,0.567053418246531,1.63531818411433,0,0.667295687770785,0.726346485038956,full_event_available,bernoulli_full_event,3,0,0.000565,0.00041038576404701,4.1038576404701
11,7,3,load_loss_threshold,3546.4825,0.567053418246531,1.32706363682287,0.154793512908785,5,1,0.567053418246531,1.63531818411433,0,0.667295687770785,0.726346485038956,full_event_available,bernoulli_full_event,3,0,0.000565,0.00041038576404701,4.1038576404701
11,8,3,load_loss_threshold,3546.4825,0.567053418246531,1.32706363682287,0.154793512908785,5,1,0.567053418246531,1.63531818411433,0,0.667295687770785,0.726346485038956,full_event_available,bernoulli_full_event,3,0,0.000565,0.00041038576404701,4.1038576404701
11,9,3,load_loss_threshold,3546.4825,0.567053418246531,1.28797637733574,0.154793512908789,5,1,0.567053418246531,0.287976377335744,0,0.397827326415067,0.00130294062231076,full_event_available,bernoulli_full_event,3,0,0.000565,7.3616145160558e-07,0.00736161451605579
11,10,3,load_loss_threshold,3546.4825,0.567053418246531,1.32706363682287,0.154793512908785,5,1,0.567053418246531,1.63531818411433,0,0.667295687770785,0.726346485038956,full_event_available,bernoulli_full_event,3,0,0.000565,0.00041038576404701,4.1038576404701
11,11,1,no_new_outage,0,0,0.989790345650159,0,1,1,0,0,0,0,0.096142402375351,full_event_available,bernoulli_full_event,1,0,0.000565,5.43204573420733e-05,0.543204573420733
11,12,3,load_loss_threshold,3546.4825,0.567053418246531,1.32706363682287,0.154793512908785,5,1,0.567053418246531,1.63531818411433,0,0.667295687770785,0.726346485038956,full_event_available,bernoulli_full_event,3,0,0.000565,0.00041038576404701,4.1038576404701
11,13,3,load_loss_threshold,3546.4825,0.567053418246531,1.32706363682287,0.154793512908785,5,1,0.567053418246531,1.63531818411433,0,0.667295687770785,0.726346485038956,full_event_available,bernoulli_full_event,3,0,0.000565,0.00041038576404701,4.1038576404701
11,14,3,load_loss_threshold,3546.4825,0.567053418246531,1.32706363682287,0.154793512908785,5,1,0.567053418246531,1.63531818411433,0,0.667295687770785,0.726346485038956,full_event_available,bernoulli_full_event,3,0,0.000565,0.00041038576404701,4.1038576404701
11,15,3,load_loss_threshold,3546.4825,0.567053418246531,1.39484554829764,0.154793512908785,6,1,0.567053418246531,1.9742277414882,0,0.735077599245558,0.0635240589485671,full_event_available,bernoulli_full_event,3,0,0.000565,3.58910933059404e-05,0.358910933059404
11,16,3,load_loss_threshold,3546.4825,0.567053418246531,1.32706363682287,0.154793512908785,5,1,0.567053418246531,1.63531818411433,0,0.667295687770785,0.726346485038956,full_event_available,bernoulli_full_event,3,0,0.000565,0.00041038576404701,4.1038576404701
11,17,3,load_loss_threshold,3546.4825,0.567053418246531,1.32706363682287,0.154793512908785,5,1,0.567053418246531,1.63531818411433,0,0.667295687770785,0.726346485038956,full_event_available,bernoulli_full_event,3,0,0.000565,0.00041038576404701,4.1038576404701
11,18,3,load_loss_threshold,3546.4825,0.567053418246531,1.32706363682287,0.154793512908785,5,1,0.567053418246531,1.63531818411433,0,0.667295687770785,0.726346485038956,full_event_available,bernoulli_full_event,3,0,0.000565,0.00041038576404701,4.1038576404701
11,19,3,load_loss_threshold,3553.3825,0.568156671564685,1.17928393080375,0.154793512908785,7,1,0.568156671564685,0.356830232891697,0,0.41226004951715,7.20500691439212e-05,full_event_available,bernoulli_full_event,3,0,0.000565,4.07082890663155e-08,0.000407082890663155
11,20,1,no_new_outage,0,0,0.989790345650159,0,1,1,0,0,0,0,0.096142402375351,full_event_available,bernoulli_full_event,1,0,0.000565,5.43204573420733e-05,0.543204573420733
11,21,3,load_loss_threshold,3546.4825,0.567053418246531,1.32706363682287,0.154793512908785,5,1,0.567053418246531,1.63531818411433,0,0.667295687770785,0.726346485038956,full_event_available,bernoulli_full_event,3,0,0.000565,0.00041038576404701,4.1038576404701
11,22,3,load_loss_threshold,3546.4825,0.567053418246531,1.32706363682287,0.154793512908785,5,1,0.567053418246531,1.63531818411433,0,0.667295687770785,0.726346485038956,full_event_available,bernoulli_full_event,3,0,0.000565,0.00041038576404701,4.1038576404701
11,23,3,load_loss_threshold,3546.4825,0.567053418246531,1.32706363682287,0.154793512908785,5,1,0.567053418246531,1.63531818411433,0,0.667295687770785,0.726346485038956,full_event_available,bernoulli_full_event,3,0,0.000565,0.00041038576404701,4.1038576404701
11,24,3,load_loss_threshold,3546.4825,0.567053418246531,1.32706363682287,0.154793512908785,5,1,0.567053418246531,1.63531818411433,0,0.667295687770785,0.726346485038956,full_event_available,bernoulli_full_event,3,0,0.000565,0.00041038576404701,4.1038576404701
11,25,3,load_loss_threshold,3546.4825,0.567053418246531,1.39484554829764,0.154793512908785,6,1,0.567053418246531,1.9742277414882,0,0.735077599245558,0.0635240589485671,full_event_available,bernoulli_full_event,3,0,0.000565,3.58910933059404e-05,0.358910933059404
11,26,3,load_loss_threshold,3546.4825,0.567053418246531,1.32706363682287,0.154793512908785,5,1,0.567053418246531,1.63531818411433,0,0.667295687770785,0.726346485038956,full_event_available,bernoulli_full_event,3,0,0.000565,0.00041038576404701,4.1038576404701
11,27,3,load_loss_threshold,3546.4825,0.567053418246531,1.32706363682287,0.154793512908785,5,1,0.567053418246531,1.63531818411433,0,0.667295687770785,0.726346485038956,full_event_available,bernoulli_full_event,3,0,0.000565,0.00041038576404701,4.1038576404701
11,28,3,load_loss_threshold,3546.4825,0.567053418246531,1.32706363682287,0.154793512908785,5,1,0.567053418246531,1.63531818411433,0,0.667295687770785,0.726346485038956,full_event_available,bernoulli_full_event,3,0,0.000565,0.00041038576404701,4.1038576404701
11,29,4,load_loss_threshold,3559.78,0.569179579260756,1.28511692436338,0.154793512908789,8,1,0.569179579260756,0.128945426642743,0,0.367296832885002,0.000111435206132988,full_event_available,bernoulli_full_event,4,0,0.000565,6.29608914651381e-08,0.000629608914651381
11,30,3,load_loss_threshold,3546.4825,0.567053418246531,1.3197576698724,0.154793512908791,6,1,0.567053418246531,1.59878834936199,0,0.659989720820317,0.00119299384896146,full_event_available,bernoulli_full_event,3,0,0.000565,6.74041524663223e-07,0.00674041524663223
12,1,4,load_loss_threshold,3602.15,0.575954194201365,2.65390367507157,0.244456059502701,12,1,0.575954194201365,0.383043495125626,0,0.422181215545944,0.00626880973538077,full_event_available,bernoulli_full_event,4,0,0.000263,1.64869696040514e-06,0.0164869696040514
12,2,3,load_loss_threshold,3963.5575,0.633740284575399,1.65410131385918,0.154793512908792,9,1,0.633740284575399,0.371596585341117,0,0.454563487813463,0.000559354075436238,full_event_available,bernoulli_full_event,3,0,0.000263,1.47110121839731e-07,0.00147110121839731
12,3,3,load_loss_threshold,3553.3825,0.568156671564685,1.30659948366278,0.154793512908785,7,1,0.568156671564685,0.132718285866079,0,0.367437660112027,0.366904173093579,full_event_available,bernoulli_full_event,3,0,0.000263,9.64957975236112e-05,0.964957975236112
12,4,1,no_new_outage,0,0,0.98456712875519,0,1,1,0,0,0,0,0.0715078725769556,full_event_available,bernoulli_full_event,1,0,0.000263,1.88065704877393e-05,0.188065704877393
12,5,3,load_loss_threshold,3553.3825,0.568156671564685,1.30659948366278,0.154793512908785,7,1,0.568156671564685,0.132718285866079,0,0.367437660112027,0.366904173093579,full_event_available,bernoulli_full_event,3,0,0.000263,9.64957975236112e-05,0.964957975236112
12,6,3,load_loss_threshold,3553.3825,0.568156671564685,1.30659948366278,0.154793512908785,7,1,0.568156671564685,0.132718285866079,0,0.367437660112027,0.366904173093579,full_event_available,bernoulli_full_event,3,0,0.000263,9.64957975236112e-05,0.964957975236112
12,7,3,load_loss_threshold,3546.4825,0.567053418246531,1.67521445671379,0.154793512908785,6,1,0.567053418246531,5.40171565371028,0,1.42057518168998,0.000545332621979661,full_event_available,bernoulli_full_event,3,0,0.000263,1.43422479580651e-07,0.00143422479580651
12,8,3,load_loss_threshold,3553.3825,0.568156671564685,1.30659948366278,0.154793512908785,7,1,0.568156671564685,0.132718285866079,0,0.367437660112027,0.366904173093579,full_event_available,bernoulli_full_event,3,0,0.000263,9.64957975236112e-05,0.964957975236112
12,9,3,load_loss_threshold,3546.4825,0.567053418246531,1.32706363682287,0.154793512908785,5,1,0.567053418246531,1.63531818411433,0,0.667295687770785,0.337756106914638,full_event_available,bernoulli_full_event,3,0,0.000263,8.88298561185499e-05,0.888298561185499
12,10,3,load_loss_threshold,3546.4825,0.567053418246531,1.390894179395,0.154793512908789,7,1,0.567053418246531,1.95447089697501,0,0.731126230342921,3.55233938071592e-05,full_event_available,bernoulli_full_event,3,0,0.000263,9.34265257128288e-09,9.34265257128288e-05
12,11,3,load_loss_threshold,3553.3825,0.568156671564685,1.30659948366278,0.154793512908785,7,1,0.568156671564685,0.132718285866079,0,0.367437660112027,0.366904173093579,full_event_available,bernoulli_full_event,3,0,0.000263,9.64957975236112e-05,0.964957975236112
12,12,3,load_loss_threshold,3546.4825,0.567053418246531,1.32706363682287,0.154793512908785,5,1,0.567053418246531,1.63531818411433,0,0.667295687770785,0.337756106914638,full_event_available,bernoulli_full_event,3,0,0.000263,8.88298561185499e-05,0.888298561185499
12,13,3,load_loss_threshold,3553.3825,0.568156671564685,1.30659948366278,0.154793512908785,7,1,0.568156671564685,0.132718285866079,0,0.367437660112027,0.366904173093579,full_event_available,bernoulli_full_event,3,0,0.000263,9.64957975236112e-05,0.964957975236112
12,14,4,load_loss_threshold,2992.31,0.478445787890756,2.65390367507157,0.244456059502701,10,1,0.478445787890756,0.383043495131449,0.977824238010806,0.559241019362904,0.00824472897157213,full_event_available,bernoulli_full_event,4,0,0.000263,2.16836371952347e-06,0.0216836371952347
12,15,3,load_loss_threshold,3553.3825,0.568156671564685,1.30659948366278,0.154793512908785,7,1,0.568156671564685,0.132718285866079,0,0.367437660112027,0.366904173093579,full_event_available,bernoulli_full_event,3,0,0.000263,9.64957975236112e-05,0.964957975236112
12,16,3,load_loss_threshold,3553.3825,0.568156671564685,1.30659948366278,0.154793512908785,8,1,0.568156671564685,0.652374355844693,0,0.47136887410775,0.000542073744389961,full_event_available,bernoulli_full_event,3,0,0.000263,1.4256539477456e-07,0.0014256539477456
12,17,3,load_loss_threshold,3553.3825,0.568156671564685,1.30659948366278,0.154793512908785,7,1,0.568156671564685,0.132718285866079,0,0.367437660112027,0.366904173093579,full_event_available,bernoulli_full_event,3,0,0.000263,9.64957975236112e-05,0.964957975236112
12,18,1,no_new_outage,0,0,0.98456712875519,0,1,1,0,0,0,0,0.0715078725769556,full_event_available,bernoulli_full_event,1,0,0.000263,1.88065704877393e-05,0.188065704877393
12,19,1,no_new_outage,0,0,0.98456712875519,0,1,1,0,0,0,0,0.0715078725769556,full_event_available,bernoulli_full_event,1,0,0.000263,1.88065704877393e-05,0.188065704877393
12,20,3,load_loss_threshold,3546.4825,0.567053418246531,1.32706363682287,0.154793512908785,5,1,0.567053418246531,1.63531818411433,0,0.667295687770785,0.337756106914638,full_event_available,bernoulli_full_event,3,0,0.000263,8.88298561185499e-05,0.888298561185499
12,21,3,load_loss_threshold,3553.3825,0.568156671564685,1.30659948366278,0.154793512908785,7,1,0.568156671564685,0.132718285866079,0,0.367437660112027,0.366904173093579,full_event_available,bernoulli_full_event,3,0,0.000263,9.64957975236112e-05,0.964957975236112
12,22,3,load_loss_threshold,3546.4825,0.567053418246531,1.67521445671379,0.154793512908785,6,1,0.567053418246531,5.40171565371028,0,1.42057518168998,0.000545332621979661,full_event_available,bernoulli_full_event,3,0,0.000263,1.43422479580651e-07,0.00143422479580651
12,23,3,load_loss_threshold,3553.3825,0.568156671564685,1.30659948366278,0.154793512908785,7,1,0.568156671564685,0.132718285866079,0,0.367437660112027,0.366904173093579,full_event_available,bernoulli_full_event,3,0,0.000263,9.64957975236112e-05,0.964957975236112
12,24,3,load_loss_threshold,3546.4825,0.567053418246531,1.32706363682287,0.154793512908785,5,1,0.567053418246531,1.63531818411433,0,0.667295687770785,0.337756106914638,full_event_available,bernoulli_full_event,3,0,0.000263,8.88298561185499e-05,0.888298561185499
12,25,3,load_loss_threshold,3553.3825,0.568156671564685,1.30659948366278,0.154793512908785,8,1,0.568156671564685,0.149047781921828,0,0.370703559323177,0.000655222657425799,full_event_available,bernoulli_full_event,3,0,0.000263,1.72323558902985e-07,0.00172323558902985
12,26,3,load_loss_threshold,3553.3825,0.568156671564685,1.30659948366278,0.154793512908785,7,1,0.568156671564685,0.132718285866079,0,0.367437660112027,0.366904173093579,full_event_available,bernoulli_full_event,3,0,0.000263,9.64957975236112e-05,0.964957975236112
12,27,3,load_loss_threshold,3553.3825,0.568156671564685,1.30659948366278,0.154793512908785,7,1,0.568156671564685,0.132718285866079,0,0.367437660112027,0.366904173093579,full_event_available,bernoulli_full_event,3,0,0.000263,9.64957975236112e-05,0.964957975236112
12,28,3,load_loss_threshold,3553.3825,0.568156671564685,1.30659948366278,0.154793512908785,7,1,0.568156671564685,0.132718285866079,0,0.367437660112027,0.366904173093579,full_event_available,bernoulli_full_event,3,0,0.000263,9.64957975236112e-05,0.964957975236112
12,29,3,load_loss_threshold,3546.4825,0.567053418246531,1.32706363682287,0.154793512908785,5,1,0.567053418246531,1.63531818411433,0,0.667295687770785,0.337756106914638,full_event_available,bernoulli_full_event,3,0,0.000263,8.88298561185499e-05,0.888298561185499
12,30,5,max_depth_reached,3811.262,0.609389485196419,2.65390367507157,0.244456059502701,13,1,0.609389485196419,1.2037233132071,1.46752812995838,0.899883979750947,9.55077550057858e-06,full_event_available,bernoulli_full_event,5,0,0.000263,2.51185395665217e-09,2.51185395665217e-05
13,1,5,max_depth_reached,4379.785,0.700291642616277,1.69802633645155,0.0749277327641455,13,1,0.700291642616277,0,0,0.420174985569766,0.0949403779770455,full_event_available,bernoulli_full_event,5,0,0.000502,4.76600697444768e-05,0.476600697444768
13,2,5,max_depth_reached,4164.898,0.665932976561463,1.72780789119929,0.205618400119427,14,0,1,1,1,1,4.679124155784e-10,full_event_available,bernoulli_full_event,5,0,0.000502,2.34892032620357e-13,2.34892032620357e-09
13,3,2,no_new_outage,8.53,0.00136387692809506,1.0202298296628,0,3,1,0.00136387692809506,0,0,0.000818326156857039,0.180737754645047,full_event_available,bernoulli_full_event,2,0,0.000502,9.07303528318134e-05,0.907303528318134
13,4,2,no_new_outage,8.53,0.00136387692809506,1.0202298296628,0,3,1,0.00136387692809506,0,0,0.000818326156857039,0.180737754645047,full_event_available,bernoulli_full_event,2,0,0.000502,9.07303528318134e-05,0.907303528318134
13,5,5,max_depth_reached,2031.29,0.324786584439651,1.66145049472348,0.199992902465965,7,1,0.324786584439651,1.98435148417044,1.85785556689423,0.963313360876724,0.0748869157038882,full_event_available,bernoulli_full_event,5,0,0.000502,3.75932316833519e-05,0.375932316833519
13,6,4,load_loss_threshold,4781.305,0.764491392225742,1.19045961399413,0.154793512908789,13,1,0.764491392225742,0,0.464380538726364,0.551570943080718,1.20573758159339e-05,full_event_available,bernoulli_full_event,4,0,0.000502,6.0528026595988e-09,6.0528026595988e-05
13,7,5,max_depth_reached,2253.55,0.360324132627038,1.52111510369299,0.221011329068267,8,1,0.360324132627038,2.60557551846493,3.09415860695574,1.35614130466036,0.025019271743597,full_event_available,bernoulli_full_event,5,0,0.000502,1.25596744152857e-05,0.125596744152857
13,8,4,no_new_outage,795.815,0.127244281070571,1.44047313443804,0,7,1,0.127244281070571,0,0,0.0763465686423428,0.0338158036491443,full_event_available,bernoulli_full_event,4,0,0.000502,1.69755334318704e-05,0.169755334318704
13,9,4,load_loss_threshold,1888.68,0.30198441694661,1.89032922952771,0.130226452800721,7,0,1,1,1,1,0.0611347684359361,full_event_available,bernoulli_full_event,4,0,0.000502,3.06896537548399e-05,0.306896537548399
13,10,5,max_depth_reached,4379.785,0.700291642616277,1.69802633645155,0.0749277327641455,13,1,0.700291642616277,0,0,0.420174985569766,0.0949403779770455,full_event_available,bernoulli_full_event,5,0,0.000502,4.76600697444768e-05,0.476600697444768
13,11,4,load_loss_threshold,2112.68,0.337800176840314,1.63333004454109,0.0944781699425766,8,0,1,1,1,1,0.000245526661497505,full_event_available,bernoulli_full_event,4,0,0.000502,1.23254384071748e-07,0.00123254384071748
13,12,2,no_new_outage,8.53,0.00136387692809506,1.0202298296628,0,3,1,0.00136387692809506,0,0,0.000818326156857039,0.180737754645047,full_event_available,bernoulli_full_event,2,0,0.000502,9.07303528318134e-05,0.907303528318134
13,13,5,max_depth_reached,2031.29,0.324786584439651,1.66145049472348,0.199992902465965,7,1,0.324786584439651,1.98435148417044,1.85785556689423,0.963313360876724,0.0748869157038882,full_event_available,bernoulli_full_event,5,0,0.000502,3.75932316833519e-05,0.375932316833519
13,14,5,max_depth_reached,3334.13,0.533099997921407,1.89032922952771,0.130226452800721,10,1,0.533099997921407,2.12924408304675,0.00387697475972004,0.746484210314137,0.00777529126119557,full_event_available,bernoulli_full_event,5,0,0.000502,3.90319621312017e-06,0.0390319621312017
13,15,5,max_depth_reached,4379.785,0.700291642616277,1.69802633645155,0.0749277327641455,13,1,0.700291642616277,0,0,0.420174985569766,0.0949403779770455,full_event_available,bernoulli_full_event,5,0,0.000502,4.76600697444768e-05,0.476600697444768
13,16,4,load_loss_threshold,2253.73,0.360352913148381,1.90928034116941,0.136134931669107,9,0,1,1,1,1,7.34032627393662e-05,full_event_available,bernoulli_full_event,4,0,0.000502,3.68484378951618e-08,0.000368484378951618
13,17,4,load_loss_threshold,1888.68,0.30198441694661,1.89032922952771,0.130226452800721,7,0,1,1,1,1,0.0611347684359361,full_event_available,bernoulli_full_event,4,0,0.000502,3.06896537548399e-05,0.306896537548399
13,18,5,max_depth_reached,2253.55,0.360324132627038,1.52111510369299,0.221011329068267,8,1,0.360324132627038,2.60557551846493,3.09415860695574,1.35614130466036,0.025019271743597,full_event_available,bernoulli_full_event,5,0,0.000502,1.25596744152857e-05,0.125596744152857
13,19,4,load_loss_threshold,2491.03,0.398295233785774,2.16513447922277,0.199992902465965,8,1,0.398295233785774,2.33026895844554,1.79993612219368,1.06501815639931,0.000106441258577471,full_event_available,bernoulli_full_event,4,0,0.000502,5.34335118058905e-08,0.000534335118058905
13,20,5,max_depth_reached,4379.785,0.700291642616277,1.69802633645155,0.0749277327641455,13,1,0.700291642616277,0,0,0.420174985569766,0.0949403779770455,full_event_available,bernoulli_full_event,5,0,0.000502,4.76600697444768e-05,0.476600697444768
13,21,5,max_depth_reached,4280.972,0.684492255641382,1.77602099485933,0.147688618376898,10,0,1,1,1,1,0.114055400453108,full_event_available,bernoulli_full_event,5,0,0.000502,5.72558110274604e-05,0.572558110274604
13,22,5,max_depth_reached,3334.13,0.533099997921407,1.89032922952771,0.130226452800721,9,1,0.533099997921407,2.12924408304675,0.00387697475972004,0.746484210314137,0.0322365222641508,full_event_available,bernoulli_full_event,5,0,0.000502,1.61827341766037e-05,0.161827341766037
13,23,5,max_depth_reached,2031.29,0.324786584439651,1.66145049472348,0.199992902465965,7,1,0.324786584439651,1.98435148417044,1.85785556689423,0.963313360876724,0.0748869157038882,full_event_available,bernoulli_full_event,5,0,0.000502,3.75932316833519e-05,0.375932316833519
13,24,5,max_depth_reached,3334.13,0.533099997921407,1.90157734731054,0.137236757725994,10,1,0.533099997921407,2.12924408304675,0.00387697475972004,0.746484210314137,1.07846130169327e-05,full_event_available,bernoulli_full_event,5,0,0.000502,5.4138757345002e-09,5.4138757345002e-05
13,25,4,load_loss_threshold,1888.68,0.30198441694661,1.89032922952771,0.130226452800721,7,0,1,1,1,1,0.0611347684359361,full_event_available,bernoulli_full_event,4,0,0.000502,3.06896537548399e-05,0.306896537548399
13,26,5,max_depth_reached,4379.785,0.700291642616277,1.69802633645155,0.0749277327641455,13,1,0.700291642616277,0,0,0.420174985569766,0.0949403779770455,full_event_available,bernoulli_full_event,5,0,0.000502,4.76600697444768e-05,0.476600697444768
13,27,4,no_new_outage,795.815,0.127244281070571,1.44047313443804,0,7,1,0.127244281070571,0,0,0.0763465686423428,0.0338158036491443,full_event_available,bernoulli_full_event,4,0,0.000502,1.69755334318704e-05,0.169755334318704
13,28,5,max_depth_reached,3334.13,0.533099997921407,1.89032922952771,0.130226452800721,9,1,0.533099997921407,2.12924408304675,0.00387697475972004,0.746484210314137,0.0106866425434011,full_event_available,bernoulli_full_event,5,0,0.000502,5.36469455678735e-06,0.0536469455678735
13,29,5,max_depth_reached,4379.785,0.700291642616277,1.69802633645155,0.0749277327641455,13,1,0.700291642616277,0,0,0.420174985569766,0.0949403779770455,full_event_available,bernoulli_full_event,5,0,0.000502,4.76600697444768e-05,0.476600697444768
13,30,2,no_new_outage,8.53,0.00136387692809506,1.0202298296628,0,4,1,0.00136387692809506,0,0,0.000818326156857039,0.123699391436852,full_event_available,bernoulli_full_event,2,0,0.000502,6.20970945012998e-05,0.620970945012998
14,1,4,load_loss_threshold,4046.4391,0.646992371562926,1.24942070390491,0.0102873200887794,9,0,1,1,1,1,0.304058713703102,full_event_available,bernoulli_full_event,4,0,0.000377,0.000114630135066069,1.14630135066069
14,2,4,load_loss_threshold,4046.4391,0.646992371562926,1.24942070390491,0.0102873200887794,9,0,1,1,1,1,0.304058713703102,full_event_available,bernoulli_full_event,4,0,0.000377,0.000114630135066069,1.14630135066069
14,3,4,load_loss_threshold,3573.34105,0.571347879754982,2.25672554662428,0.110579234947298,8,1,0.571347879754982,6.28362773312141,1.87984699410406,1.97550367329808,0.396509683571834,full_event_available,bernoulli_full_event,4,0,0.000377,0.000149484150706581,1.49484150706581
14,4,4,load_loss_threshold,3573.34105,0.571347879754982,2.25672554662428,0.110579234947298,8,1,0.571347879754982,6.28362773312141,1.87984699410406,1.97550367329808,0.00067257767995328,full_event_available,bernoulli_full_event,4,0,0.000377,2.53561785342386e-07,0.00253561785342386
14,5,4,load_loss_threshold,3573.34105,0.571347879754982,2.25672554662428,0.110579234947298,8,1,0.571347879754982,6.28362773312141,1.87984699410406,1.97550367329808,0.396509683571834,full_event_available,bernoulli_full_event,4,0,0.000377,0.000149484150706581,1.49484150706581
14,6,4,load_loss_threshold,4046.4391,0.646992371562926,1.24942070390491,0.0289476877005884,10,0,1,1,1,1,0.000905069681918959,full_event_available,bernoulli_full_event,4,0,0.000377,3.41211270083447e-07,0.00341211270083447
14,7,4,load_loss_threshold,3573.34105,0.571347879754982,2.25672554662428,0.110579234947298,8,1,0.571347879754982,6.28362773312141,1.87984699410406,1.97550367329808,0.396509683571834,full_event_available,bernoulli_full_event,4,0,0.000377,0.000149484150706581,1.49484150706581
14,8,4,load_loss_threshold,4046.4391,0.646992371562926,1.24942070390491,0.0844842461216622,12,0,1,1,1,1,0.000752933311214981,full_event_available,bernoulli_full_event,4,0,0.000377,2.83855858328048e-07,0.00283855858328048
14,9,4,load_loss_threshold,4046.4391,0.646992371562926,1.24942070390491,0.0102873200887794,9,0,1,1,1,1,0.304058713703102,full_event_available,bernoulli_full_event,4,0,0.000377,0.000114630135066069,1.14630135066069
14,10,4,load_loss_threshold,3573.34105,0.571347879754982,2.25672554662428,0.110579234947298,8,1,0.571347879754982,6.28362773312141,1.87984699410406,1.97550367329808,0.396509683571834,full_event_available,bernoulli_full_event,4,0,0.000377,0.000149484150706581,1.49484150706581
14,11,3,load_loss_threshold,3521.829,0.563111526119123,1.55803177235324,0.0455860885150249,10,0,1,1,1,1,0.00104299203242419,full_event_available,bernoulli_full_event,3,0,0.000377,3.93207996223919e-07,0.00393207996223919
14,12,4,load_loss_threshold,4046.4391,0.646992371562926,1.24942070390491,0.0102873200887794,9,0,1,1,1,1,0.304058713703102,full_event_available,bernoulli_full_event,4,0,0.000377,0.000114630135066069,1.14630135066069
14,13,4,load_loss_threshold,3573.34105,0.571347879754982,2.25672554662428,0.110579234947298,8,1,0.571347879754982,6.28362773312141,1.87984699410406,1.97550367329808,0.396509683571834,full_event_available,bernoulli_full_event,4,0,0.000377,0.000149484150706581,1.49484150706581
14,14,4,load_loss_threshold,3573.34105,0.571347879754982,2.25672554662428,0.110579234947298,8,1,0.571347879754982,6.28362773312141,1.87984699410406,1.97550367329808,0.396509683571834,full_event_available,bernoulli_full_event,4,0,0.000377,0.000149484150706581,1.49484150706581
14,15,4,load_loss_threshold,2488.243,0.397849615380311,2.09395446827803,0.0788546457466687,7,1,0.397849615380311,6.56372680966816,1.02511039470669,1.75647721010316,0.0759904530219314,full_event_available,bernoulli_full_event,4,0,0.000377,2.86484007892681e-05,0.286484007892681
14,16,4,load_loss_threshold,4525.8691,0.723649290160419,1.24942070390491,0.0262496810656307,11,0,1,1,1,1,0.00119076049840802,full_event_available,bernoulli_full_event,4,0,0.000377,4.48916707899825e-07,0.00448916707899825
14,17,4,load_loss_threshold,2488.243,0.397849615380311,2.17507956001386,0.139835580826586,8,1,0.397849615380311,7.05047736008318,1.95769813157221,2.04034486755926,0.000126572761670898,full_event_available,bernoulli_full_event,4,0,0.000377,4.77179311499287e-08,0.000477179311499287
14,18,3,load_loss_threshold,3573.34105,0.571347879754982,2.25672554662428,0.110579234947298,8,1,0.571347879754982,6.28362773312141,1.87984699410406,1.97550367329808,0.000576169907489692,full_event_available,bernoulli_full_event,3,0,0.000377,2.17216055123614e-07,0.00217216055123614
14,19,4,load_loss_threshold,3573.34105,0.571347879754982,2.25672554662428,0.110579234947298,8,1,0.571347879754982,6.28362773312141,1.87984699410406,1.97550367329808,0.396509683571834,full_event_available,bernoulli_full_event,4,0,0.000377,0.000149484150706581,1.49484150706581
14,20,4,load_loss_threshold,4046.4391,0.646992371562926,1.24942070390491,0.0102873200887794,9,0,1,1,1,1,0.304058713703102,full_event_available,bernoulli_full_event,4,0,0.000377,0.000114630135066069,1.14630135066069
14,21,4,load_loss_threshold,3618.0391,0.578494730766217,1.24942070390491,0.0102873200887794,8,0,1,1,1,1,0.0582723710337292,full_event_available,bernoulli_full_event,4,0,0.000377,2.19686838797159e-05,0.219686838797159
14,22,4,load_loss_threshold,3573.34105,0.571347879754982,2.25672554662428,0.110579234947298,8,1,0.571347879754982,6.28362773312141,1.87984699410406,1.97550367329808,0.396509683571834,full_event_available,bernoulli_full_event,4,0,0.000377,0.000149484150706581,1.49484150706581
14,23,4,load_loss_threshold,4046.4391,0.646992371562926,1.24942070390491,0.0102873200887794,9,0,1,1,1,1,0.304058713703102,full_event_available,bernoulli_full_event,4,0,0.000377,0.000114630135066069,1.14630135066069
14,24,4,load_loss_threshold,4046.4391,0.646992371562926,1.24942070390491,0.0102873200887794,9,0,1,1,1,1,0.304058713703102,full_event_available,bernoulli_full_event,4,0,0.000377,0.000114630135066069,1.14630135066069
14,25,4,load_loss_threshold,3573.34105,0.571347879754982,2.25672554662428,0.110579234947298,8,1,0.571347879754982,6.28362773312141,1.87984699410406,1.97550367329808,0.396509683571834,full_event_available,bernoulli_full_event,4,0,0.000377,0.000149484150706581,1.49484150706581
14,26,3,load_loss_threshold,3521.829,0.563111526119123,1.31618502919115,0.066924787738274,7,0,1,1,1,1,1.94369973359678e-06,full_event_available,bernoulli_full_event,3,0,0.000377,7.32774799565986e-10,7.32774799565986e-06
14,27,4,load_loss_threshold,4046.4391,0.646992371562926,1.24942070390491,0.0102873200887794,9,0,1,1,1,1,0.304058713703102,full_event_available,bernoulli_full_event,4,0,0.000377,0.000114630135066069,1.14630135066069
14,28,4,load_loss_threshold,3573.34105,0.571347879754982,2.25672554662428,0.110579234947298,8,1,0.571347879754982,6.28362773312141,1.87984699410406,1.97550367329808,0.396509683571834,full_event_available,bernoulli_full_event,4,0,0.000377,0.000149484150706581,1.49484150706581
14,29,4,load_loss_threshold,4046.4391,0.646992371562926,1.24942070390491,0.0102873200887794,10,0,1,1,1,1,0.000479662095913541,full_event_available,bernoulli_full_event,4,0,0.000377,1.80832610159405e-07,0.00180832610159405
14,30,4,load_loss_threshold,4046.4391,0.646992371562926,1.24942070390491,0.0102873200887794,9,0,1,1,1,1,0.304058713703102,full_event_available,bernoulli_full_event,4,0,0.000377,0.000114630135066069,1.14630135066069
15,1,1,no_new_outage,0,0,0.791903689804501,0,1,1,0,0,0,0,0.933770281682943,full_event_available,bernoulli_full_event,1,0,2.3e-05,2.14767164787077e-05,0.214767164787077
15,2,1,no_new_outage,0,0,0.791903689804501,0,1,1,0,0,0,0,0.933770281682943,full_event_available,bernoulli_full_event,1,0,2.3e-05,2.14767164787077e-05,0.214767164787077
15,3,1,no_new_outage,0,0,0.791903689804501,0,1,1,0,0,0,0,0.933770281682943,full_event_available,bernoulli_full_event,1,0,2.3e-05,2.14767164787077e-05,0.214767164787077
15,4,1,no_new_outage,0,0,0.791903689804501,0,1,1,0,0,0,0,0.933770281682943,full_event_available,bernoulli_full_event,1,0,2.3e-05,2.14767164787077e-05,0.214767164787077
15,5,1,no_new_outage,0,0,0.791903689804501,0,1,1,0,0,0,0,0.933770281682943,full_event_available,bernoulli_full_event,1,0,2.3e-05,2.14767164787077e-05,0.214767164787077
15,6,1,no_new_outage,0,0,0.791903689804501,0,1,1,0,0,0,0,0.933770281682943,full_event_available,bernoulli_full_event,1,0,2.3e-05,2.14767164787077e-05,0.214767164787077
15,7,1,no_new_outage,0,0,0.791903689804501,0,1,1,0,0,0,0,0.933770281682943,full_event_available,bernoulli_full_event,1,0,2.3e-05,2.14767164787077e-05,0.214767164787077
15,8,1,no_new_outage,0,0,0.791903689804501,0,1,1,0,0,0,0,0.933770281682943,full_event_available,bernoulli_full_event,1,0,2.3e-05,2.14767164787077e-05,0.214767164787077
15,9,1,no_new_outage,0,0,0.791903689804501,0,1,1,0,0,0,0,0.933770281682943,full_event_available,bernoulli_full_event,1,0,2.3e-05,2.14767164787077e-05,0.214767164787077
15,10,1,no_new_outage,0,0,0.791903689804501,0,1,1,0,0,0,0,0.933770281682943,full_event_available,bernoulli_full_event,1,0,2.3e-05,2.14767164787077e-05,0.214767164787077
15,11,2,no_new_outage,0,0,0.791903689804501,0,2,1,0,0,0,0,0.00152920780200159,full_event_available,bernoulli_full_event,2,0,2.3e-05,3.51717794460366e-08,0.000351717794460366
15,12,1,no_new_outage,0,0,0.791903689804501,0,1,1,0,0,0,0,0.933770281682943,full_event_available,bernoulli_full_event,1,0,2.3e-05,2.14767164787077e-05,0.214767164787077
15,13,1,no_new_outage,0,0,0.791903689804501,0,1,1,0,0,0,0,0.933770281682943,full_event_available,bernoulli_full_event,1,0,2.3e-05,2.14767164787077e-05,0.214767164787077
15,14,2,no_new_outage,0,0,0.803598761079707,0,2,1,0,0,0,0,0.00136978076830195,full_event_available,bernoulli_full_event,2,0,2.3e-05,3.15049576709448e-08,0.000315049576709448
15,15,1,no_new_outage,0,0,0.791903689804501,0,1,1,0,0,0,0,0.933770281682943,full_event_available,bernoulli_full_event,1,0,2.3e-05,2.14767164787077e-05,0.214767164787077
15,16,1,no_new_outage,0,0,0.791903689804501,0,1,1,0,0,0,0,0.933770281682943,full_event_available,bernoulli_full_event,1,0,2.3e-05,2.14767164787077e-05,0.214767164787077
15,17,2,no_new_outage,0,0,0.957757550611766,0,2,1,0,0,0,0,0.00061082744390073,full_event_available,bernoulli_full_event,2,0,2.3e-05,1.40490312097168e-08,0.000140490312097168
15,18,1,no_new_outage,0,0,0.791903689804501,0,1,1,0,0,0,0,0.933770281682943,full_event_available,bernoulli_full_event,1,0,2.3e-05,2.14767164787077e-05,0.214767164787077
15,19,1,no_new_outage,0,0,0.791903689804501,0,1,1,0,0,0,0,0.933770281682943,full_event_available,bernoulli_full_event,1,0,2.3e-05,2.14767164787077e-05,0.214767164787077
15,20,1,no_new_outage,0,0,0.791903689804501,0,1,1,0,0,0,0,0.933770281682943,full_event_available,bernoulli_full_event,1,0,2.3e-05,2.14767164787077e-05,0.214767164787077
15,21,1,no_new_outage,0,0,0.791903689804501,0,1,1,0,0,0,0,0.933770281682943,full_event_available,bernoulli_full_event,1,0,2.3e-05,2.14767164787077e-05,0.214767164787077
15,22,1,no_new_outage,0,0,0.791903689804501,0,1,1,0,0,0,0,0.933770281682943,full_event_available,bernoulli_full_event,1,0,2.3e-05,2.14767164787077e-05,0.214767164787077
15,23,1,no_new_outage,0,0,0.791903689804501,0,1,1,0,0,0,0,0.933770281682943,full_event_available,bernoulli_full_event,1,0,2.3e-05,2.14767164787077e-05,0.214767164787077
15,24,1,no_new_outage,0,0,0.791903689804501,0,1,1,0,0,0,0,0.933770281682943,full_event_available,bernoulli_full_event,1,0,2.3e-05,2.14767164787077e-05,0.214767164787077
15,25,1,no_new_outage,0,0,0.791903689804501,0,1,1,0,0,0,0,0.933770281682943,full_event_available,bernoulli_full_event,1,0,2.3e-05,2.14767164787077e-05,0.214767164787077
15,26,1,no_new_outage,0,0,0.791903689804501,0,1,1,0,0,0,0,0.933770281682943,full_event_available,bernoulli_full_event,1,0,2.3e-05,2.14767164787077e-05,0.214767164787077
15,27,1,no_new_outage,0,0,0.791903689804501,0,1,1,0,0,0,0,0.933770281682943,full_event_available,bernoulli_full_event,1,0,2.3e-05,2.14767164787077e-05,0.214767164787077
15,28,1,no_new_outage,0,0,0.791903689804501,0,1,1,0,0,0,0,0.933770281682943,full_event_available,bernoulli_full_event,1,0,2.3e-05,2.14767164787077e-05,0.214767164787077
15,29,1,no_new_outage,0,0,0.791903689804501,0,1,1,0,0,0,0,0.933770281682943,full_event_available,bernoulli_full_event,1,0,2.3e-05,2.14767164787077e-05,0.214767164787077
15,30,1,no_new_outage,0,0,0.791903689804501,0,1,1,0,0,0,0,0.933770281682943,full_event_available,bernoulli_full_event,1,0,2.3e-05,2.14767164787077e-05,0.214767164787077
16,1,1,no_new_outage,0,0,0.796262660646291,0,1,1,0,0,0,0,0.933770281682943,full_event_available,bernoulli_full_event,1,0,2.3e-05,2.14767164787077e-05,0.214767164787077
16,2,1,no_new_outage,0,0,0.796262660646291,0,1,1,0,0,0,0,0.933770281682943,full_event_available,bernoulli_full_event,1,0,2.3e-05,2.14767164787077e-05,0.214767164787077
16,3,1,no_new_outage,0,0,0.796262660646291,0,1,1,0,0,0,0,0.933770281682943,full_event_available,bernoulli_full_event,1,0,2.3e-05,2.14767164787077e-05,0.214767164787077
16,4,1,no_new_outage,0,0,0.796262660646291,0,1,1,0,0,0,0,0.933770281682943,full_event_available,bernoulli_full_event,1,0,2.3e-05,2.14767164787077e-05,0.214767164787077
16,5,1,no_new_outage,0,0,0.796262660646291,0,1,1,0,0,0,0,0.933770281682943,full_event_available,bernoulli_full_event,1,0,2.3e-05,2.14767164787077e-05,0.214767164787077
16,6,1,no_new_outage,0,0,0.796262660646291,0,1,1,0,0,0,0,0.933770281682943,full_event_available,bernoulli_full_event,1,0,2.3e-05,2.14767164787077e-05,0.214767164787077
16,7,1,no_new_outage,0,0,0.796262660646291,0,1,1,0,0,0,0,0.933770281682943,full_event_available,bernoulli_full_event,1,0,2.3e-05,2.14767164787077e-05,0.214767164787077
16,8,1,no_new_outage,0,0,0.796262660646291,0,1,1,0,0,0,0,0.933770281682943,full_event_available,bernoulli_full_event,1,0,2.3e-05,2.14767164787077e-05,0.214767164787077
16,9,1,no_new_outage,0,0,0.796262660646291,0,1,1,0,0,0,0,0.933770281682943,full_event_available,bernoulli_full_event,1,0,2.3e-05,2.14767164787077e-05,0.214767164787077
16,10,1,no_new_outage,0,0,0.796262660646291,0,1,1,0,0,0,0,0.933770281682943,full_event_available,bernoulli_full_event,1,0,2.3e-05,2.14767164787077e-05,0.214767164787077
16,11,2,no_new_outage,0,0,0.796795852879458,0,2,1,0,0,0,0,0.00134001054490495,full_event_available,bernoulli_full_event,2,0,2.3e-05,3.08202425328139e-08,0.000308202425328139
16,12,1,no_new_outage,0,0,0.796262660646291,0,1,1,0,0,0,0,0.933770281682943,full_event_available,bernoulli_full_event,1,0,2.3e-05,2.14767164787077e-05,0.214767164787077
16,13,1,no_new_outage,0,0,0.796262660646291,0,1,1,0,0,0,0,0.933770281682943,full_event_available,bernoulli_full_event,1,0,2.3e-05,2.14767164787077e-05,0.214767164787077
16,14,1,no_new_outage,0,0,0.796262660646291,0,1,1,0,0,0,0,0.933770281682943,full_event_available,bernoulli_full_event,1,0,2.3e-05,2.14767164787077e-05,0.214767164787077
16,15,2,no_new_outage,0,0,0.852101960248793,0,2,1,0,0,0,0,0.00149941592354005,full_event_available,bernoulli_full_event,2,0,2.3e-05,3.4486566241421e-08,0.00034486566241421
16,16,1,no_new_outage,0,0,0.796262660646291,0,1,1,0,0,0,0,0.933770281682943,full_event_available,bernoulli_full_event,1,0,2.3e-05,2.14767164787077e-05,0.214767164787077
16,17,1,no_new_outage,0,0,0.796262660646291,0,1,1,0,0,0,0,0.933770281682943,full_event_available,bernoulli_full_event,1,0,2.3e-05,2.14767164787077e-05,0.214767164787077
16,18,1,no_new_outage,0,0,0.796262660646291,0,1,1,0,0,0,0,0.933770281682943,full_event_available,bernoulli_full_event,1,0,2.3e-05,2.14767164787077e-05,0.214767164787077
16,19,1,no_new_outage,0,0,0.796262660646291,0,1,1,0,0,0,0,0.933770281682943,full_event_available,bernoulli_full_event,1,0,2.3e-05,2.14767164787077e-05,0.214767164787077
16,20,1,no_new_outage,0,0,0.796262660646291,0,1,1,0,0,0,0,0.933770281682943,full_event_available,bernoulli_full_event,1,0,2.3e-05,2.14767164787077e-05,0.214767164787077
16,21,1,no_new_outage,0,0,0.796262660646291,0,1,1,0,0,0,0,0.933770281682943,full_event_available,bernoulli_full_event,1,0,2.3e-05,2.14767164787077e-05,0.214767164787077
16,22,1,no_new_outage,0,0,0.796262660646291,0,1,1,0,0,0,0,0.933770281682943,full_event_available,bernoulli_full_event,1,0,2.3e-05,2.14767164787077e-05,0.214767164787077
16,23,1,no_new_outage,0,0,0.796262660646291,0,1,1,0,0,0,0,0.933770281682943,full_event_available,bernoulli_full_event,1,0,2.3e-05,2.14767164787077e-05,0.214767164787077
16,24,1,no_new_outage,0,0,0.796262660646291,0,1,1,0,0,0,0,0.933770281682943,full_event_available,bernoulli_full_event,1,0,2.3e-05,2.14767164787077e-05,0.214767164787077
16,25,1,no_new_outage,0,0,0.796262660646291,0,1,1,0,0,0,0,0.933770281682943,full_event_available,bernoulli_full_event,1,0,2.3e-05,2.14767164787077e-05,0.214767164787077
16,26,1,no_new_outage,0,0,0.796262660646291,0,1,1,0,0,0,0,0.933770281682943,full_event_available,bernoulli_full_event,1,0,2.3e-05,2.14767164787077e-05,0.214767164787077
16,27,1,no_new_outage,0,0,0.796262660646291,0,1,1,0,0,0,0,0.933770281682943,full_event_available,bernoulli_full_event,1,0,2.3e-05,2.14767164787077e-05,0.214767164787077
16,28,1,no_new_outage,0,0,0.796262660646291,0,1,1,0,0,0,0,0.933770281682943,full_event_available,bernoulli_full_event,1,0,2.3e-05,2.14767164787077e-05,0.214767164787077
16,29,1,no_new_outage,0,0,0.796262660646291,0,1,1,0,0,0,0,0.933770281682943,full_event_available,bernoulli_full_event,1,0,2.3e-05,2.14767164787077e-05,0.214767164787077
16,30,1,no_new_outage,0,0,0.796262660646291,0,1,1,0,0,0,0,0.933770281682943,full_event_available,bernoulli_full_event,1,0,2.3e-05,2.14767164787077e-05,0.214767164787077
17,1,1,no_new_outage,0,0,0.791240824362464,0,1,1,0,0,0,0,0.93438830362059,full_event_available,bernoulli_full_event,1,0,0.000685,0.000640055987980104,6.40055987980104
17,2,1,no_new_outage,0,0,0.791240824362464,0,1,1,0,0,0,0,0.93438830362059,full_event_available,bernoulli_full_event,1,0,0.000685,0.000640055987980104,6.40055987980104
17,3,1,no_new_outage,0,0,0.791240824362464,0,1,1,0,0,0,0,0.93438830362059,full_event_available,bernoulli_full_event,1,0,0.000685,0.000640055987980104,6.40055987980104
17,4,1,no_new_outage,0,0,0.791240824362464,0,1,1,0,0,0,0,0.93438830362059,full_event_available,bernoulli_full_event,1,0,0.000685,0.000640055987980104,6.40055987980104
17,5,1,no_new_outage,0,0,0.791240824362464,0,1,1,0,0,0,0,0.93438830362059,full_event_available,bernoulli_full_event,1,0,0.000685,0.000640055987980104,6.40055987980104
17,6,1,no_new_outage,0,0,0.791240824362464,0,1,1,0,0,0,0,0.93438830362059,full_event_available,bernoulli_full_event,1,0,0.000685,0.000640055987980104,6.40055987980104
17,7,1,no_new_outage,0,0,0.791240824362464,0,1,1,0,0,0,0,0.93438830362059,full_event_available,bernoulli_full_event,1,0,0.000685,0.000640055987980104,6.40055987980104
17,8,1,no_new_outage,0,0,0.791240824362464,0,1,1,0,0,0,0,0.93438830362059,full_event_available,bernoulli_full_event,1,0,0.000685,0.000640055987980104,6.40055987980104
17,9,1,no_new_outage,0,0,0.791240824362464,0,1,1,0,0,0,0,0.93438830362059,full_event_available,bernoulli_full_event,1,0,0.000685,0.000640055987980104,6.40055987980104
17,10,1,no_new_outage,0,0,0.791240824362464,0,1,1,0,0,0,0,0.93438830362059,full_event_available,bernoulli_full_event,1,0,0.000685,0.000640055987980104,6.40055987980104
17,11,1,no_new_outage,0,0,0.791240824362464,0,1,1,0,0,0,0,0.93438830362059,full_event_available,bernoulli_full_event,1,0,0.000685,0.000640055987980104,6.40055987980104
17,12,1,no_new_outage,0,0,0.791240824362464,0,1,1,0,0,0,0,0.93438830362059,full_event_available,bernoulli_full_event,1,0,0.000685,0.000640055987980104,6.40055987980104
17,13,1,no_new_outage,0,0,0.791240824362464,0,1,1,0,0,0,0,0.93438830362059,full_event_available,bernoulli_full_event,1,0,0.000685,0.000640055987980104,6.40055987980104
17,14,1,no_new_outage,0,0,0.791240824362464,0,1,1,0,0,0,0,0.93438830362059,full_event_available,bernoulli_full_event,1,0,0.000685,0.000640055987980104,6.40055987980104
17,15,1,no_new_outage,0,0,0.791240824362464,0,1,1,0,0,0,0,0.93438830362059,full_event_available,bernoulli_full_event,1,0,0.000685,0.000640055987980104,6.40055987980104
17,16,5,max_depth_reached,2481.63,0.39679225100452,1.9305409734855,0.0679082111668642,10,1,0.39679225100452,0.0628324182394109,0,0.250641834250594,0.000934746725247824,full_event_available,bernoulli_full_event,5,0,0.000685,6.4030150679476e-07,0.0064030150679476
17,17,1,no_new_outage,0,0,0.791240824362464,0,1,1,0,0,0,0,0.93438830362059,full_event_available,bernoulli_full_event,1,0,0.000685,0.000640055987980104,6.40055987980104
17,18,1,no_new_outage,0,0,0.791240824362464,0,1,1,0,0,0,0,0.93438830362059,full_event_available,bernoulli_full_event,1,0,0.000685,0.000640055987980104,6.40055987980104
17,19,1,no_new_outage,0,0,0.791240824362464,0,1,1,0,0,0,0,0.93438830362059,full_event_available,bernoulli_full_event,1,0,0.000685,0.000640055987980104,6.40055987980104
17,20,1,no_new_outage,0,0,0.791240824362464,0,1,1,0,0,0,0,0.93438830362059,full_event_available,bernoulli_full_event,1,0,0.000685,0.000640055987980104,6.40055987980104
17,21,1,no_new_outage,0,0,0.791240824362464,0,1,1,0,0,0,0,0.93438830362059,full_event_available,bernoulli_full_event,1,0,0.000685,0.000640055987980104,6.40055987980104
17,22,1,no_new_outage,0,0,0.791240824362464,0,1,1,0,0,0,0,0.93438830362059,full_event_available,bernoulli_full_event,1,0,0.000685,0.000640055987980104,6.40055987980104
17,23,1,no_new_outage,0,0,0.791240824362464,0,1,1,0,0,0,0,0.93438830362059,full_event_available,bernoulli_full_event,1,0,0.000685,0.000640055987980104,6.40055987980104
17,24,1,no_new_outage,0,0,0.791240824362464,0,1,1,0,0,0,0,0.93438830362059,full_event_available,bernoulli_full_event,1,0,0.000685,0.000640055987980104,6.40055987980104
17,25,1,no_new_outage,0,0,0.791240824362464,0,1,1,0,0,0,0,0.93438830362059,full_event_available,bernoulli_full_event,1,0,0.000685,0.000640055987980104,6.40055987980104
17,26,1,no_new_outage,0,0,0.791240824362464,0,1,1,0,0,0,0,0.93438830362059,full_event_available,bernoulli_full_event,1,0,0.000685,0.000640055987980104,6.40055987980104
17,27,1,no_new_outage,0,0,0.791240824362464,0,1,1,0,0,0,0,0.93438830362059,full_event_available,bernoulli_full_event,1,0,0.000685,0.000640055987980104,6.40055987980104
17,28,1,no_new_outage,0,0,0.791240824362464,0,1,1,0,0,0,0,0.93438830362059,full_event_available,bernoulli_full_event,1,0,0.000685,0.000640055987980104,6.40055987980104
17,29,1,no_new_outage,0,0,0.791240824362464,0,1,1,0,0,0,0,0.93438830362059,full_event_available,bernoulli_full_event,1,0,0.000685,0.000640055987980104,6.40055987980104
17,30,1,no_new_outage,0,0,0.791240824362464,0,1,1,0,0,0,0,0.93438830362059,full_event_available,bernoulli_full_event,1,0,0.000685,0.000640055987980104,6.40055987980104
18,1,4,load_loss_threshold,1882.709,0.301029703096944,1.80776754259167,0.0782483736136839,6,0,1,1,1,1,0.200550253545949,full_event_available,bernoulli_full_event,4,0,0.000223,4.47227065407467e-05,0.447227065407467
18,2,5,max_depth_reached,4275.89665,0.683680748869165,1.80776754259167,0.189023030726303,9,0,1,1,1,1,0.164396741709701,full_event_available,bernoulli_full_event,5,0,0.000223,3.66604734012633e-05,0.366604734012633
18,3,2,no_new_outage,0,0,1.06650429523677,0,2,1,0,0,0,0,0.370273230658319,full_event_available,bernoulli_full_event,2,0,0.000223,8.25709304368051e-05,0.825709304368051
18,4,4,load_loss_threshold,1882.709,0.301029703096944,1.80776754259167,0.0782483736136839,6,0,1,1,1,1,0.200550253545949,full_event_available,bernoulli_full_event,4,0,0.000223,4.47227065407467e-05,0.447227065407467
18,5,4,load_loss_threshold,1882.709,0.301029703096944,1.80776754259167,0.0782483736136839,6,0,1,1,1,1,0.200550253545949,full_event_available,bernoulli_full_event,4,0,0.000223,4.47227065407467e-05,0.447227065407467
18,6,5,max_depth_reached,4275.89665,0.683680748869165,1.80776754259167,0.189023030726303,9,0,1,1,1,1,0.164396741709701,full_event_available,bernoulli_full_event,5,0,0.000223,3.66604734012633e-05,0.366604734012633
18,7,5,max_depth_reached,4280.972,0.684492255641382,1.80619093761806,0.1978004363416,11,0,1,1,1,1,0.000161599383557595,full_event_available,bernoulli_full_event,5,0,0.000223,3.60366625333438e-08,0.000360366625333438
18,8,2,no_new_outage,0,0,1.06650429523677,0,2,1,0,0,0,0,0.370273230658319,full_event_available,bernoulli_full_event,2,0,0.000223,8.25709304368051e-05,0.825709304368051
18,9,2,no_new_outage,0,0,1.06650429523677,0,2,1,0,0,0,0,0.370273230658319,full_event_available,bernoulli_full_event,2,0,0.000223,8.25709304368051e-05,0.825709304368051
18,10,5,max_depth_reached,4275.89665,0.683680748869165,1.80776754259167,0.189023030726303,9,0,1,1,1,1,0.164396741709701,full_event_available,bernoulli_full_event,5,0,0.000223,3.66604734012633e-05,0.366604734012633
18,11,5,max_depth_reached,4085.49665,0.653237352959517,1.80776754259167,0.189023030726303,9,0,1,1,1,1,0.0108133605368296,full_event_available,bernoulli_full_event,5,0,0.000223,2.41137939971299e-06,0.0241137939971299
18,12,4,load_loss_threshold,1882.709,0.301029703096944,1.80776754259167,0.0782483736136839,6,0,1,1,1,1,0.200550253545949,full_event_available,bernoulli_full_event,4,0,0.000223,4.47227065407467e-05,0.447227065407467
18,13,4,load_loss_threshold,1882.709,0.301029703096944,1.80776754259167,0.0782483736136839,6,0,1,1,1,1,0.200550253545949,full_event_available,bernoulli_full_event,4,0,0.000223,4.47227065407467e-05,0.447227065407467
18,14,4,load_loss_threshold,2421.1472,0.387121548136221,2.41388131226947,0.22598349311057,9,1,0.387121548136221,5.65552524907787,3.8417193828797,2.13172185527325,7.34691589455909e-05,full_event_available,bernoulli_full_event,4,0,0.000223,1.63836224448668e-08,0.000163836224448668
18,15,5,max_depth_reached,4275.89665,0.683680748869165,1.80776754259167,0.189023030726303,9,0,1,1,1,1,0.164396741709701,full_event_available,bernoulli_full_event,5,0,0.000223,3.66604734012633e-05,0.366604734012633
18,16,5,max_depth_reached,4275.89665,0.683680748869165,1.80776754259167,0.189023030726303,9,0,1,1,1,1,0.164396741709701,full_event_available,bernoulli_full_event,5,0,0.000223,3.66604734012633e-05,0.366604734012633
18,17,5,max_depth_reached,4275.89665,0.683680748869165,1.80776754259167,0.189023030726303,10,0,1,1,1,1,0.05841425971471,full_event_available,bernoulli_full_event,5,0,0.000223,1.30263799163803e-05,0.130263799163803
18,18,2,no_new_outage,0,0,1.06650429523677,0,2,1,0,0,0,0,0.370273230658319,full_event_available,bernoulli_full_event,2,0,0.000223,8.25709304368051e-05,0.825709304368051
18,19,2,no_new_outage,0,0,1.06650429523677,0,2,1,0,0,0,0,0.370273230658319,full_event_available,bernoulli_full_event,2,0,0.000223,8.25709304368051e-05,0.825709304368051
18,20,2,no_new_outage,0,0,1.06650429523677,0,2,1,0,0,0,0,0.370273230658319,full_event_available,bernoulli_full_event,2,0,0.000223,8.25709304368051e-05,0.825709304368051
18,21,2,no_new_outage,0,0,1.06650429523677,0,2,1,0,0,0,0,0.370273230658319,full_event_available,bernoulli_full_event,2,0,0.000223,8.25709304368051e-05,0.825709304368051
18,22,4,load_loss_threshold,1882.709,0.301029703096944,1.80776754259167,0.0782483736136839,6,0,1,1,1,1,0.200550253545949,full_event_available,bernoulli_full_event,4,0,0.000223,4.47227065407467e-05,0.447227065407467
18,23,2,no_new_outage,0,0,1.06650429523677,0,2,1,0,0,0,0,0.370273230658319,full_event_available,bernoulli_full_event,2,0,0.000223,8.25709304368051e-05,0.825709304368051
18,24,4,load_loss_threshold,1882.709,0.301029703096944,1.86956494517378,0.105273142967849,6,0,1,1,1,1,0.000646290178258847,full_event_available,bernoulli_full_event,4,0,0.000223,1.44122709751723e-07,0.00144122709751723
18,25,5,max_depth_reached,4275.89665,0.683680748869165,1.80776754259167,0.189023030726303,9,0,1,1,1,1,0.164396741709701,full_event_available,bernoulli_full_event,5,0,0.000223,3.66604734012633e-05,0.366604734012633
18,26,2,no_new_outage,0,0,1.06650429523677,0,2,1,0,0,0,0,0.370273230658319,full_event_available,bernoulli_full_event,2,0,0.000223,8.25709304368051e-05,0.825709304368051
18,27,4,load_loss_threshold,1882.709,0.301029703096944,1.80776754259167,0.0782483736136839,6,0,1,1,1,1,0.200550253545949,full_event_available,bernoulli_full_event,4,0,0.000223,4.47227065407467e-05,0.447227065407467
18,28,5,max_depth_reached,4275.89665,0.683680748869165,1.80776754259167,0.189023030726303,9,0,1,1,1,1,0.164396741709701,full_event_available,bernoulli_full_event,5,0,0.000223,3.66604734012633e-05,0.366604734012633
18,29,4,load_loss_threshold,1882.709,0.301029703096944,1.80776754259167,0.0782483736136839,6,0,1,1,1,1,0.200550253545949,full_event_available,bernoulli_full_event,4,0,0.000223,4.47227065407467e-05,0.447227065407467
18,30,5,max_depth_reached,4275.89665,0.683680748869165,1.80776754259167,0.189023030726303,9,0,1,1,1,1,0.164396741709701,full_event_available,bernoulli_full_event,5,0,0.000223,3.66604734012633e-05,0.366604734012633
19,1,5,max_depth_reached,2024.8072,0.323750037974299,1.71401093297007,0.199992902465965,7,1,0.323750037974299,2.14203279891022,3.5960244356142,1.34186146968946,0.218792742955736,full_event_available,bernoulli_full_event,5,0,0.000685,0.000149873028924679,1.49873028924679
19,2,4,load_loss_threshold,1882.709,0.301029703096944,1.81081446743093,0.0819991643976491,7,0,1,1,1,1,0.118084006833771,full_event_available,bernoulli_full_event,4,0,0.000685,8.08875446811329e-05,0.808875446811329
19,3,2,no_new_outage,0,0,1.07321215246338,0.0153042283654955,3,1,0,0,0.030608456730991,0.0061216913461982,0.190130547742194,full_event_available,bernoulli_full_event,2,0,0.000685,0.000130239425203403,1.30239425203403
19,4,2,no_new_outage,0,0,1.07321215246338,0.0153042283654955,3,1,0,0,0.030608456730991,0.0061216913461982,0.190130547742194,full_event_available,bernoulli_full_event,2,0,0.000685,0.000130239425203403,1.30239425203403
19,5,5,max_depth_reached,4379.785,0.700291642616277,1.73810963728992,0.165767989253755,13,1,0.700291642616277,0,0,0.420174985569766,0.149056416675563,full_event_available,bernoulli_full_event,5,0,0.000685,0.000102103645422761,1.02103645422761
19,6,4,load_loss_threshold,1882.709,0.301029703096944,1.81081446743093,0.0819991643976491,7,0,1,1,1,1,0.118084006833771,full_event_available,bernoulli_full_event,4,0,0.000685,8.08875446811329e-05,0.808875446811329
19,7,5,max_depth_reached,4379.785,0.700291642616277,1.73810963728992,0.165767989253755,13,1,0.700291642616277,0,0,0.420174985569766,0.149056416675563,full_event_available,bernoulli_full_event,5,0,0.000685,0.000102103645422761,1.02103645422761
19,8,5,max_depth_reached,2024.8072,0.323750037974299,1.71401093297007,0.199992902465965,7,1,0.323750037974299,2.14203279891022,3.5960244356142,1.34186146968946,0.218792742955736,full_event_available,bernoulli_full_event,5,0,0.000685,0.000149873028924679,1.49873028924679
19,9,4,load_loss_threshold,3492.15,0.558366097824992,2.52343188172966,0.286649335703303,13,1,0.558366097824992,1.90631742908046,1.17772707447272,0.951828559405631,0.000243475669243693,full_event_available,bernoulli_full_event,4,0,0.000685,1.6678083343193e-07,0.0016678083343193
19,10,4,load_loss_threshold,1882.709,0.301029703096944,1.81081446743093,0.0819991643976491,7,0,1,1,1,1,0.118084006833771,full_event_available,bernoulli_full_event,4,0,0.000685,8.08875446811329e-05,0.808875446811329
19,11,2,no_new_outage,0,0,1.07321215246338,0.0153042283654955,3,1,0,0,0.030608456730991,0.0061216913461982,0.190130547742194,full_event_available,bernoulli_full_event,2,0,0.000685,0.000130239425203403,1.30239425203403
19,12,5,max_depth_reached,4280.972,0.684492255641382,1.81081446743093,0.209472953017177,11,0,1,1,1,1,0.107457906281138,full_event_available,bernoulli_full_event,5,0,0.000685,7.36086658025798e-05,0.736086658025798
19,13,5,max_depth_reached,4280.972,0.684492255641382,1.81081446743093,0.209472953017177,11,0,1,1,1,1,0.107457906281138,full_event_available,bernoulli_full_event,5,0,0.000685,7.36086658025798e-05,0.736086658025798
19,14,5,max_depth_reached,2024.8072,0.323750037974299,1.71401093297007,0.199992902465965,7,1,0.323750037974299,2.14203279891022,3.5960244356142,1.34186146968946,0.218792742955736,full_event_available,bernoulli_full_event,5,0,0.000685,0.000149873028924679,1.49873028924679
19,15,4,load_loss_threshold,1882.709,0.301029703096944,1.81081446743093,0.0819991643976491,7,0,1,1,1,1,0.118084006833771,full_event_available,bernoulli_full_event,4,0,0.000685,8.08875446811329e-05,0.808875446811329
19,16,5,max_depth_reached,4379.785,0.700291642616277,1.73810963728992,0.165767989253755,13,1,0.700291642616277,0,0,0.420174985569766,0.149056416675563,full_event_available,bernoulli_full_event,5,0,0.000685,0.000102103645422761,1.02103645422761
19,17,4,load_loss_threshold,2187.1565,0.349708357383723,1.73909344127412,0.174052242590547,6,1,0.349708357383723,5.91274753019295,2.26267915367711,1.84491035120425,0.000241741296324773,full_event_available,bernoulli_full_event,4,0,0.000685,1.6559278798247e-07,0.0016559278798247
19,18,4,load_loss_threshold,2080.4575,0.332648063790427,1.81081446743093,0.278715992568526,7,1,0.332648063790427,2.43992757883715,5.01688786623347,1.69095192728838,0.0036376771591666,full_event_available,bernoulli_full_event,4,0,0.000685,2.49180885402912e-06,0.0249180885402912
19,19,5,max_depth_reached,2024.8072,0.323750037974299,1.71401093297007,0.199992902465965,7,1,0.323750037974299,2.14203279891022,3.5960244356142,1.34186146968946,0.218792742955736,full_event_available,bernoulli_full_event,5,0,0.000685,0.000149873028924679,1.49873028924679
19,20,5,max_depth_reached,2024.8072,0.323750037974299,1.71401093297007,0.199992902465965,7,1,0.323750037974299,2.14203279891022,3.5960244356142,1.34186146968946,0.218792742955736,full_event_available,bernoulli_full_event,5,0,0.000685,0.000149873028924679,1.49873028924679
19,21,2,no_new_outage,0,0,1.07321215246338,0.0153042283654955,3,1,0,0,0.030608456730991,0.0061216913461982,0.190130547742194,full_event_available,bernoulli_full_event,2,0,0.000685,0.000130239425203403,1.30239425203403
19,22,5,max_depth_reached,4275.89665,0.683680748869165,1.81081446743093,0.209472953017177,10,0,1,1,1,1,0.00575506959273671,full_event_available,bernoulli_full_event,5,0,0.000685,3.94222267102464e-06,0.0394222267102464
19,23,4,load_loss_threshold,2202.206,0.352114648805688,1.07321215246338,0.199992902465965,8,1,0.352114648805688,0,0.999964512329824,0.411261691749378,6.53732515323839e-07,full_event_available,bernoulli_full_event,4,0,0.000685,4.4780677299683e-10,4.4780677299683e-06
19,24,5,max_depth_reached,4280.972,0.684492255641382,1.81081446743093,0.209472953017177,12,0,1,1,1,1,0.000182752374850533,full_event_available,bernoulli_full_event,5,0,0.000685,1.25185376772615e-07,0.00125185376772615
19,25,4,load_loss_threshold,1882.709,0.301029703096944,1.81081446743093,0.0819991643976491,7,0,1,1,1,1,0.118084006833771,full_event_available,bernoulli_full_event,4,0,0.000685,8.08875446811329e-05,0.808875446811329
19,26,5,max_depth_reached,4379.785,0.700291642616277,1.73810963728992,0.165767989253755,13,1,0.700291642616277,0,0,0.420174985569766,0.149056416675563,full_event_available,bernoulli_full_event,5,0,0.000685,0.000102103645422761,1.02103645422761
19,27,5,max_depth_reached,4379.785,0.700291642616277,1.73810963728992,0.165767989253755,14,1,0.700291642616277,0,0,0.420174985569766,0.00016772047267837,full_event_available,bernoulli_full_event,5,0,0.000685,1.14888523784683e-07,0.00114888523784683
19,28,5,max_depth_reached,2024.8072,0.323750037974299,1.71401093297007,0.199992902465965,7,1,0.323750037974299,2.14203279891022,3.5960244356142,1.34186146968946,0.218792742955736,full_event_available,bernoulli_full_event,5,0,0.000685,0.000149873028924679,1.49873028924679
19,29,5,max_depth_reached,4379.785,0.700291642616277,1.73810963728992,0.165767989253755,13,1,0.700291642616277,0,0,0.420174985569766,0.149056416675563,full_event_available,bernoulli_full_event,5,0,0.000685,0.000102103645422761,1.02103645422761
19,30,2,no_new_outage,0,0,1.07321215246338,0.0153042283654955,3,1,0,0,0.030608456730991,0.0061216913461982,0.190130547742194,full_event_available,bernoulli_full_event,2,0,0.000685,0.000130239425203403,1.30239425203403
20,1,1,no_new_outage,0,0,0.950639673902283,0,1,1,0,0,0,0,0.46158268121761,full_event_available,bernoulli_full_event,1,0,0.000553,0.000255255222713339,2.55255222713339
20,2,1,no_new_outage,0,0,0.950639673902283,0,1,1,0,0,0,0,0.46158268121761,full_event_available,bernoulli_full_event,1,0,0.000553,0.000255255222713339,2.55255222713339
20,3,4,load_loss_threshold,4085.49665,0.653237352959517,1.79958691952013,0.164290957984522,7,0,1,1,1,1,0.0627751365874666,full_event_available,bernoulli_full_event,4,0,0.000553,3.4714650532869e-05,0.34714650532869
20,4,1,no_new_outage,0,0,0.950639673902283,0,1,1,0,0,0,0,0.46158268121761,full_event_available,bernoulli_full_event,1,0,0.000553,0.000255255222713339,2.55255222713339
20,5,4,load_loss_threshold,4275.89665,0.683680748869165,1.79958691952013,0.164290957984522,8,0,1,1,1,1,0.13930865247724,full_event_available,bernoulli_full_event,4,0,0.000553,7.70376848199137e-05,0.770376848199137
20,6,1,no_new_outage,0,0,0.950639673902283,0,1,1,0,0,0,0,0.46158268121761,full_event_available,bernoulli_full_event,1,0,0.000553,0.000255255222713339,2.55255222713339
20,7,4,load_loss_threshold,4275.89665,0.683680748869165,1.79958691952013,0.164290957984522,8,0,1,1,1,1,0.13930865247724,full_event_available,bernoulli_full_event,4,0,0.000553,7.70376848199137e-05,0.770376848199137
20,8,4,load_loss_threshold,4085.49665,0.653237352959517,1.79958691952013,0.18103197550805,8,0,1,1,1,1,6.0272736100238e-05,full_event_available,bernoulli_full_event,4,0,0.000553,3.33308230634316e-08,0.000333308230634316
20,9,1,no_new_outage,0,0,0.950639673902283,0,1,1,0,0,0,0,0.46158268121761,full_event_available,bernoulli_full_event,1,0,0.000553,0.000255255222713339,2.55255222713339
20,10,4,load_loss_threshold,2904.67155,0.464433119664611,2.12418396636884,0.147724386188044,9,0,1,1,1,1,0.000460149175778077,full_event_available,bernoulli_full_event,4,0,0.000553,2.54462494205277e-07,0.00254462494205277
20,11,3,load_loss_threshold,1882.709,0.301029703096944,1.79958691952013,0.0642449768153672,5,0,1,1,1,1,0.231472591043989,full_event_available,bernoulli_full_event,3,0,0.000553,0.000128004342847326,1.28004342847326
20,12,1,no_new_outage,0,0,0.950639673902283,0,1,1,0,0,0,0,0.46158268121761,full_event_available,bernoulli_full_event,1,0,0.000553,0.000255255222713339,2.55255222713339
20,13,4,load_loss_threshold,4085.49665,0.653237352959517,1.79958691952013,0.164290957984522,8,0,1,1,1,1,9.58875177759416e-05,full_event_available,bernoulli_full_event,4,0,0.000553,5.30257973300957e-08,0.000530257973300957
20,14,1,no_new_outage,0,0,0.950639673902283,0,1,1,0,0,0,0,0.46158268121761,full_event_available,bernoulli_full_event,1,0,0.000553,0.000255255222713339,2.55255222713339
20,15,4,load_loss_threshold,4085.49665,0.653237352959517,1.79958691952013,0.164290957984522,7,0,1,1,1,1,0.0627751365874666,full_event_available,bernoulli_full_event,4,0,0.000553,3.4714650532869e-05,0.34714650532869
20,16,4,load_loss_threshold,4275.89665,0.683680748869165,1.79958691952013,0.164290957984522,8,0,1,1,1,1,0.13930865247724,full_event_available,bernoulli_full_event,4,0,0.000553,7.70376848199137e-05,0.770376848199137
20,17,3,load_loss_threshold,1882.709,0.301029703096944,1.79958691952013,0.0642449768153672,5,0,1,1,1,1,0.231472591043989,full_event_available,bernoulli_full_event,3,0,0.000553,0.000128004342847326,1.28004342847326
20,18,4,load_loss_threshold,4085.49665,0.653237352959517,1.79958691952013,0.164290957984522,7,0,1,1,1,1,0.0627751365874666,full_event_available,bernoulli_full_event,4,0,0.000553,3.4714650532869e-05,0.34714650532869
20,19,1,no_new_outage,0,0,0.950639673902283,0,1,1,0,0,0,0,0.46158268121761,full_event_available,bernoulli_full_event,1,0,0.000553,0.000255255222713339,2.55255222713339
20,20,3,load_loss_threshold,1882.709,0.301029703096944,1.79958691952013,0.0642449768153672,5,0,1,1,1,1,0.231472591043989,full_event_available,bernoulli_full_event,3,0,0.000553,0.000128004342847326,1.28004342847326
20,21,5,max_depth_reached,3334.13,0.533099997921407,1.96580677917756,0.177533299241029,8,1,0.533099997921407,2.70783735707905,0.0328631208940083,0.868000094347455,7.4136263367397e-05,full_event_available,bernoulli_full_event,5,0,0.000553,4.09973536421706e-08,0.000409973536421706
20,22,3,load_loss_threshold,1882.709,0.301029703096944,1.79958691952013,0.0642449768153672,5,0,1,1,1,1,0.231472591043989,full_event_available,bernoulli_full_event,3,0,0.000553,0.000128004342847326,1.28004342847326
20,23,1,no_new_outage,0,0,0.950639673902283,0,1,1,0,0,0,0,0.46158268121761,full_event_available,bernoulli_full_event,1,0,0.000553,0.000255255222713339,2.55255222713339
20,24,4,load_loss_threshold,4085.49665,0.653237352959517,1.79958691952013,0.164290957984522,7,0,1,1,1,1,0.0627751365874666,full_event_available,bernoulli_full_event,4,0,0.000553,3.4714650532869e-05,0.34714650532869
20,25,3,load_loss_threshold,1882.709,0.301029703096944,1.79958691952013,0.0642449768153672,5,0,1,1,1,1,0.231472591043989,full_event_available,bernoulli_full_event,3,0,0.000553,0.000128004342847326,1.28004342847326
20,26,1,no_new_outage,0,0,0.950639673902283,0,1,1,0,0,0,0,0.46158268121761,full_event_available,bernoulli_full_event,1,0,0.000553,0.000255255222713339,2.55255222713339
20,27,1,no_new_outage,0,0,0.950639673902283,0,1,1,0,0,0,0,0.46158268121761,full_event_available,bernoulli_full_event,1,0,0.000553,0.000255255222713339,2.55255222713339
20,28,1,no_new_outage,0,0,0.950639673902283,0,1,1,0,0,0,0,0.46158268121761,full_event_available,bernoulli_full_event,1,0,0.000553,0.000255255222713339,2.55255222713339
20,29,3,load_loss_threshold,1882.709,0.301029703096944,1.79958691952013,0.0642449768153672,5,0,1,1,1,1,0.231472591043989,full_event_available,bernoulli_full_event,3,0,0.000553,0.000128004342847326,1.28004342847326
20,30,1,no_new_outage,0,0,0.950639673902283,0,1,1,0,0,0,0,0.46158268121761,full_event_available,bernoulli_full_event,1,0,0.000553,0.000255255222713339,2.55255222713339
21,1,5,max_depth_reached,4508.245,0.720831341348176,1.81513256683716,0.220954117602827,12,1,0.720831341348176,1.07837628500816,0,0.648174061810538,0.000126112564735079,full_event_available,bernoulli_full_event,5,0,0.000427,5.38500651418788e-08,0.000538500651418788
21,2,1,no_new_outage,0,0,0.791446261114502,0,1,1,0,0,0,0,0.934147345845658,full_event_available,bernoulli_full_event,1,0,0.000427,0.000398880916676096,3.98880916676096
21,3,1,no_new_outage,0,0,0.791446261114502,0,1,1,0,0,0,0,0.934147345845658,full_event_available,bernoulli_full_event,1,0,0.000427,0.000398880916676096,3.98880916676096
21,4,1,no_new_outage,0,0,0.791446261114502,0,1,1,0,0,0,0,0.934147345845658,full_event_available,bernoulli_full_event,1,0,0.000427,0.000398880916676096,3.98880916676096
21,5,1,no_new_outage,0,0,0.791446261114502,0,1,1,0,0,0,0,0.934147345845658,full_event_available,bernoulli_full_event,1,0,0.000427,0.000398880916676096,3.98880916676096
21,6,1,no_new_outage,0,0,0.791446261114502,0,1,1,0,0,0,0,0.934147345845658,full_event_available,bernoulli_full_event,1,0,0.000427,0.000398880916676096,3.98880916676096
21,7,1,no_new_outage,0,0,0.791446261114502,0,1,1,0,0,0,0,0.934147345845658,full_event_available,bernoulli_full_event,1,0,0.000427,0.000398880916676096,3.98880916676096
21,8,1,no_new_outage,0,0,0.791446261114502,0,1,1,0,0,0,0,0.934147345845658,full_event_available,bernoulli_full_event,1,0,0.000427,0.000398880916676096,3.98880916676096
21,9,1,no_new_outage,0,0,0.791446261114502,0,1,1,0,0,0,0,0.934147345845658,full_event_available,bernoulli_full_event,1,0,0.000427,0.000398880916676096,3.98880916676096
21,10,1,no_new_outage,0,0,0.791446261114502,0,1,1,0,0,0,0,0.934147345845658,full_event_available,bernoulli_full_event,1,0,0.000427,0.000398880916676096,3.98880916676096
21,11,1,no_new_outage,0,0,0.791446261114502,0,1,1,0,0,0,0,0.934147345845658,full_event_available,bernoulli_full_event,1,0,0.000427,0.000398880916676096,3.98880916676096
21,12,1,no_new_outage,0,0,0.791446261114502,0,1,1,0,0,0,0,0.934147345845658,full_event_available,bernoulli_full_event,1,0,0.000427,0.000398880916676096,3.98880916676096
21,13,1,no_new_outage,0,0,0.791446261114502,0,1,1,0,0,0,0,0.934147345845658,full_event_available,bernoulli_full_event,1,0,0.000427,0.000398880916676096,3.98880916676096
21,14,1,no_new_outage,0,0,0.791446261114502,0,1,1,0,0,0,0,0.934147345845658,full_event_available,bernoulli_full_event,1,0,0.000427,0.000398880916676096,3.98880916676096
21,15,1,no_new_outage,0,0,0.791446261114502,0,1,1,0,0,0,0,0.934147345845658,full_event_available,bernoulli_full_event,1,0,0.000427,0.000398880916676096,3.98880916676096
21,16,1,no_new_outage,0,0,0.791446261114502,0,1,1,0,0,0,0,0.934147345845658,full_event_available,bernoulli_full_event,1,0,0.000427,0.000398880916676096,3.98880916676096
21,17,1,no_new_outage,0,0,0.791446261114502,0,1,1,0,0,0,0,0.934147345845658,full_event_available,bernoulli_full_event,1,0,0.000427,0.000398880916676096,3.98880916676096
21,18,3,no_new_outage,680,0.10872641396303,1.03243516736753,0,3,1,0.10872641396303,0,0,0.0652358483778179,0.00113342076416348,full_event_available,bernoulli_full_event,3,0,0.000427,4.83970666297805e-07,0.00483970666297804
21,19,1,no_new_outage,0,0,0.791446261114502,0,1,1,0,0,0,0,0.934147345845658,full_event_available,bernoulli_full_event,1,0,0.000427,0.000398880916676096,3.98880916676096
21,20,1,no_new_outage,0,0,0.791446261114502,0,1,1,0,0,0,0,0.934147345845658,full_event_available,bernoulli_full_event,1,0,0.000427,0.000398880916676096,3.98880916676096
21,21,1,no_new_outage,0,0,0.791446261114502,0,1,1,0,0,0,0,0.934147345845658,full_event_available,bernoulli_full_event,1,0,0.000427,0.000398880916676096,3.98880916676096
21,22,1,no_new_outage,0,0,0.791446261114502,0,1,1,0,0,0,0,0.934147345845658,full_event_available,bernoulli_full_event,1,0,0.000427,0.000398880916676096,3.98880916676096
21,23,1,no_new_outage,0,0,0.791446261114502,0,1,1,0,0,0,0,0.934147345845658,full_event_available,bernoulli_full_event,1,0,0.000427,0.000398880916676096,3.98880916676096
21,24,1,no_new_outage,0,0,0.791446261114502,0,1,1,0,0,0,0,0.934147345845658,full_event_available,bernoulli_full_event,1,0,0.000427,0.000398880916676096,3.98880916676096
21,25,1,no_new_outage,0,0,0.791446261114502,0,1,1,0,0,0,0,0.934147345845658,full_event_available,bernoulli_full_event,1,0,0.000427,0.000398880916676096,3.98880916676096
21,26,1,no_new_outage,0,0,0.791446261114502,0,1,1,0,0,0,0,0.934147345845658,full_event_available,bernoulli_full_event,1,0,0.000427,0.000398880916676096,3.98880916676096
21,27,1,no_new_outage,0,0,0.791446261114502,0,1,1,0,0,0,0,0.934147345845658,full_event_available,bernoulli_full_event,1,0,0.000427,0.000398880916676096,3.98880916676096
21,28,1,no_new_outage,0,0,0.791446261114502,0,1,1,0,0,0,0,0.934147345845658,full_event_available,bernoulli_full_event,1,0,0.000427,0.000398880916676096,3.98880916676096
21,29,1,no_new_outage,0,0,0.791446261114502,0,1,1,0,0,0,0,0.934147345845658,full_event_available,bernoulli_full_event,1,0,0.000427,0.000398880916676096,3.98880916676096
21,30,1,no_new_outage,0,0,0.791446261114502,0,1,1,0,0,0,0,0.934147345845658,full_event_available,bernoulli_full_event,1,0,0.000427,0.000398880916676096,3.98880916676096
22,1,1,no_new_outage,0,0,0.790586050230878,0,1,1,0,0,0,0,0.934135207851109,full_event_available,bernoulli_full_event,1,0,0.000414,0.000386731976050359,3.86731976050359
22,2,1,no_new_outage,0,0,0.790586050230878,0,1,1,0,0,0,0,0.934135207851109,full_event_available,bernoulli_full_event,1,0,0.000414,0.000386731976050359,3.86731976050359
22,3,1,no_new_outage,0,0,0.790586050230878,0,1,1,0,0,0,0,0.934135207851109,full_event_available,bernoulli_full_event,1,0,0.000414,0.000386731976050359,3.86731976050359
22,4,1,no_new_outage,0,0,0.790586050230878,0,1,1,0,0,0,0,0.934135207851109,full_event_available,bernoulli_full_event,1,0,0.000414,0.000386731976050359,3.86731976050359
22,5,1,no_new_outage,0,0,0.790586050230878,0,1,1,0,0,0,0,0.934135207851109,full_event_available,bernoulli_full_event,1,0,0.000414,0.000386731976050359,3.86731976050359
22,6,1,no_new_outage,0,0,0.790586050230878,0,1,1,0,0,0,0,0.934135207851109,full_event_available,bernoulli_full_event,1,0,0.000414,0.000386731976050359,3.86731976050359
22,7,1,no_new_outage,0,0,0.790586050230878,0,1,1,0,0,0,0,0.934135207851109,full_event_available,bernoulli_full_event,1,0,0.000414,0.000386731976050359,3.86731976050359
22,8,1,no_new_outage,0,0,0.790586050230878,0,1,1,0,0,0,0,0.934135207851109,full_event_available,bernoulli_full_event,1,0,0.000414,0.000386731976050359,3.86731976050359
22,9,1,no_new_outage,0,0,0.790586050230878,0,1,1,0,0,0,0,0.934135207851109,full_event_available,bernoulli_full_event,1,0,0.000414,0.000386731976050359,3.86731976050359
22,10,1,no_new_outage,0,0,0.790586050230878,0,1,1,0,0,0,0,0.934135207851109,full_event_available,bernoulli_full_event,1,0,0.000414,0.000386731976050359,3.86731976050359
22,11,1,no_new_outage,0,0,0.790586050230878,0,1,1,0,0,0,0,0.934135207851109,full_event_available,bernoulli_full_event,1,0,0.000414,0.000386731976050359,3.86731976050359
22,12,1,no_new_outage,0,0,0.790586050230878,0,1,1,0,0,0,0,0.934135207851109,full_event_available,bernoulli_full_event,1,0,0.000414,0.000386731976050359,3.86731976050359
22,13,1,no_new_outage,0,0,0.790586050230878,0,1,1,0,0,0,0,0.934135207851109,full_event_available,bernoulli_full_event,1,0,0.000414,0.000386731976050359,3.86731976050359
22,14,1,no_new_outage,0,0,0.790586050230878,0,1,1,0,0,0,0,0.934135207851109,full_event_available,bernoulli_full_event,1,0,0.000414,0.000386731976050359,3.86731976050359
22,15,1,no_new_outage,0,0,0.790586050230878,0,1,1,0,0,0,0,0.934135207851109,full_event_available,bernoulli_full_event,1,0,0.000414,0.000386731976050359,3.86731976050359
22,16,1,no_new_outage,0,0,0.790586050230878,0,1,1,0,0,0,0,0.934135207851109,full_event_available,bernoulli_full_event,1,0,0.000414,0.000386731976050359,3.86731976050359
22,17,1,no_new_outage,0,0,0.790586050230878,0,1,1,0,0,0,0,0.934135207851109,full_event_available,bernoulli_full_event,1,0,0.000414,0.000386731976050359,3.86731976050359
22,18,1,no_new_outage,0,0,0.790586050230878,0,1,1,0,0,0,0,0.934135207851109,full_event_available,bernoulli_full_event,1,0,0.000414,0.000386731976050359,3.86731976050359
22,19,1,no_new_outage,0,0,0.790586050230878,0,1,1,0,0,0,0,0.934135207851109,full_event_available,bernoulli_full_event,1,0,0.000414,0.000386731976050359,3.86731976050359
22,20,1,no_new_outage,0,0,0.790586050230878,0,1,1,0,0,0,0,0.934135207851109,full_event_available,bernoulli_full_event,1,0,0.000414,0.000386731976050359,3.86731976050359
22,21,1,no_new_outage,0,0,0.790586050230878,0,1,1,0,0,0,0,0.934135207851109,full_event_available,bernoulli_full_event,1,0,0.000414,0.000386731976050359,3.86731976050359
22,22,1,no_new_outage,0,0,0.790586050230878,0,1,1,0,0,0,0,0.934135207851109,full_event_available,bernoulli_full_event,1,0,0.000414,0.000386731976050359,3.86731976050359
22,23,1,no_new_outage,0,0,0.790586050230878,0,1,1,0,0,0,0,0.934135207851109,full_event_available,bernoulli_full_event,1,0,0.000414,0.000386731976050359,3.86731976050359
22,24,1,no_new_outage,0,0,0.790586050230878,0,1,1,0,0,0,0,0.934135207851109,full_event_available,bernoulli_full_event,1,0,0.000414,0.000386731976050359,3.86731976050359
22,25,1,no_new_outage,0,0,0.790586050230878,0,1,1,0,0,0,0,0.934135207851109,full_event_available,bernoulli_full_event,1,0,0.000414,0.000386731976050359,3.86731976050359
22,26,2,no_new_outage,0,0,0.791998939833415,0,2,1,0,0,0,0,0.00134105812690001,full_event_available,bernoulli_full_event,2,0,0.000414,5.55198064536604e-07,0.00555198064536604
22,27,1,no_new_outage,0,0,0.790586050230878,0,1,1,0,0,0,0,0.934135207851109,full_event_available,bernoulli_full_event,1,0,0.000414,0.000386731976050359,3.86731976050359
22,28,1,no_new_outage,0,0,0.790586050230878,0,1,1,0,0,0,0,0.934135207851109,full_event_available,bernoulli_full_event,1,0,0.000414,0.000386731976050359,3.86731976050359
22,29,1,no_new_outage,0,0,0.790586050230878,0,1,1,0,0,0,0,0.934135207851109,full_event_available,bernoulli_full_event,1,0,0.000414,0.000386731976050359,3.86731976050359
22,30,1,no_new_outage,0,0,0.790586050230878,0,1,1,0,0,0,0,0.934135207851109,full_event_available,bernoulli_full_event,1,0,0.000414,0.000386731976050359,3.86731976050359
23,1,2,no_new_outage,8.53,0.00136387692809506,1.28049521522018,0,3,1,0.00136387692809506,0,0,0.000818326156857039,0.209533807644325,full_event_available,bernoulli_full_event,2,0,0.000434,9.09376725176372e-05,0.909376725176372
23,2,4,load_loss_threshold,4379.785,0.700291642616277,1.69802633645155,0.0749277327641455,13,1,0.700291642616277,0,0,0.420174985569766,0.280634019770579,full_event_available,bernoulli_full_event,4,0,0.000434,0.000121795164580431,1.21795164580431
23,3,5,max_depth_reached,2031.29,0.324786584439651,1.66145049472348,0.199992902465965,7,1,0.324786584439651,1.98435148417044,1.85785556689423,0.963313360876724,0.086818277791443,full_event_available,bernoulli_full_event,5,0,0.000434,3.76791325614862e-05,0.376791325614862
23,4,2,no_new_outage,8.53,0.00136387692809506,1.28049521522018,0,3,1,0.00136387692809506,0,0,0.000818326156857039,0.209533807644325,full_event_available,bernoulli_full_event,2,0,0.000434,9.09376725176372e-05,0.909376725176372
23,5,4,load_loss_threshold,4379.785,0.700291642616277,1.69802633645155,0.0749277327641455,14,1,0.700291642616277,0,0,0.420174985569766,0.000453385697157308,full_event_available,bernoulli_full_event,4,0,0.000434,1.96769392566272e-07,0.00196769392566272
23,6,5,max_depth_reached,4379.785,0.700291642616277,1.69802633645155,0.0749277327641455,13,1,0.700291642616277,0,0,0.420174985569766,0.110066759077484,full_event_available,bernoulli_full_event,5,0,0.000434,4.77689734396281e-05,0.477689734396281
23,7,5,max_depth_reached,4280.972,0.684492255641382,1.77602099485933,0.147688618376898,10,0,1,1,1,1,0.132227283592588,full_event_available,bernoulli_full_event,5,0,0.000434,5.7386641079183e-05,0.57386641079183
23,8,5,max_depth_reached,4379.785,0.700291642616277,1.69802633645155,0.0749277327641455,13,1,0.700291642616277,0,0,0.420174985569766,0.110066759077484,full_event_available,bernoulli_full_event,5,0,0.000434,4.77689734396281e-05,0.477689734396281
23,9,5,max_depth_reached,4280.972,0.684492255641382,1.77602099485933,0.147688618376898,10,0,1,1,1,1,0.132227283592588,full_event_available,bernoulli_full_event,5,0,0.000434,5.7386641079183e-05,0.57386641079183
23,10,4,load_loss_threshold,4379.785,0.700291642616277,1.69802633645155,0.0749277327641455,13,1,0.700291642616277,0,0,0.420174985569766,0.280634019770579,full_event_available,bernoulli_full_event,4,0,0.000434,0.000121795164580431,1.21795164580431
23,11,2,no_new_outage,8.53,0.00136387692809506,1.28049521522018,0,3,1,0.00136387692809506,0,0,0.000818326156857039,0.209533807644325,full_event_available,bernoulli_full_event,2,0,0.000434,9.09376725176372e-05,0.909376725176372
23,12,5,max_depth_reached,4280.972,0.684492255641382,1.77602099485933,0.147688618376898,10,0,1,1,1,1,0.132227283592588,full_event_available,bernoulli_full_event,5,0,0.000434,5.7386641079183e-05,0.57386641079183
23,13,2,no_new_outage,8.53,0.00136387692809506,1.28049521522018,0,3,1,0.00136387692809506,0,0,0.000818326156857039,0.209533807644325,full_event_available,bernoulli_full_event,2,0,0.000434,9.09376725176372e-05,0.909376725176372
23,14,2,no_new_outage,8.53,0.00136387692809506,1.28049521522018,0,3,1,0.00136387692809506,0,0,0.000818326156857039,0.209533807644325,full_event_available,bernoulli_full_event,2,0,0.000434,9.09376725176372e-05,0.909376725176372
23,15,5,max_depth_reached,4958.14,0.792765856068613,1.77602099485933,0.118721831497051,12,1,0.792765856068613,0,0,0.475659513641168,0.00233267977685905,full_event_available,bernoulli_full_event,5,0,0.000434,1.01238302315683e-06,0.0101238302315683
23,16,5,max_depth_reached,2031.29,0.324786584439651,1.66145049472348,0.199992902465965,7,1,0.324786584439651,1.98435148417044,1.85785556689423,0.963313360876724,0.086818277791443,full_event_available,bernoulli_full_event,5,0,0.000434,3.76791325614862e-05,0.376791325614862
23,17,4,load_loss_threshold,4379.785,0.700291642616277,1.69802633645155,0.0749277327641455,13,1,0.700291642616277,0,0,0.420174985569766,0.280634019770579,full_event_available,bernoulli_full_event,4,0,0.000434,0.000121795164580431,1.21795164580431
23,18,4,load_loss_threshold,4379.785,0.700291642616277,1.69802633645155,0.0749277327641455,13,1,0.700291642616277,0,0,0.420174985569766,0.280634019770579,full_event_available,bernoulli_full_event,4,0,0.000434,0.000121795164580431,1.21795164580431
23,19,4,load_loss_threshold,4379.785,0.700291642616277,1.69802633645155,0.0749277327641455,13,1,0.700291642616277,0,0,0.420174985569766,0.280634019770579,full_event_available,bernoulli_full_event,4,0,0.000434,0.000121795164580431,1.21795164580431
23,20,5,max_depth_reached,4280.972,0.684492255641382,1.77602099485933,0.147688618376898,10,0,1,1,1,1,0.132227283592588,full_event_available,bernoulli_full_event,5,0,0.000434,5.7386641079183e-05,0.57386641079183
23,21,4,load_loss_threshold,4379.785,0.700291642616277,1.69802633645155,0.0749277327641455,15,1,0.700291642616277,0,0,0.420174985569766,6.61956244997826e-07,full_event_available,bernoulli_full_event,4,0,0.000434,2.87289010329056e-10,2.87289010329056e-06
23,22,5,max_depth_reached,4379.785,0.700291642616277,1.69802633645155,0.0749277327641455,13,1,0.700291642616277,0,0,0.420174985569766,0.110066759077484,full_event_available,bernoulli_full_event,5,0,0.000434,4.77689734396281e-05,0.477689734396281
23,23,5,max_depth_reached,2031.29,0.324786584439651,1.66145049472348,0.199992902465965,7,1,0.324786584439651,1.98435148417044,1.85785556689423,0.963313360876724,0.086818277791443,full_event_available,bernoulli_full_event,5,0,0.000434,3.76791325614862e-05,0.376791325614862
23,24,5,max_depth_reached,4379.785,0.700291642616277,1.69802633645155,0.0749277327641455,13,1,0.700291642616277,0,0,0.420174985569766,0.110066759077484,full_event_available,bernoulli_full_event,5,0,0.000434,4.77689734396281e-05,0.477689734396281
23,25,5,max_depth_reached,4379.785,0.700291642616277,1.69802633645155,0.0749277327641455,13,1,0.700291642616277,0,0,0.420174985569766,0.110066759077484,full_event_available,bernoulli_full_event,5,0,0.000434,4.77689734396281e-05,0.477689734396281
23,26,5,max_depth_reached,4280.972,0.684492255641382,1.77602099485933,0.147688618376898,10,0,1,1,1,1,0.132227283592588,full_event_available,bernoulli_full_event,5,0,0.000434,5.7386641079183e-05,0.57386641079183
23,27,4,load_loss_threshold,4379.785,0.700291642616277,1.69802633645155,0.0749277327641455,13,1,0.700291642616277,0,0,0.420174985569766,0.280634019770579,full_event_available,bernoulli_full_event,4,0,0.000434,0.000121795164580431,1.21795164580431
23,28,4,load_loss_threshold,4379.785,0.700291642616277,1.69802633645155,0.0749277327641455,13,1,0.700291642616277,0,0,0.420174985569766,0.280634019770579,full_event_available,bernoulli_full_event,4,0,0.000434,0.000121795164580431,1.21795164580431
23,29,5,max_depth_reached,3252.931,0.520116944851724,1.85062712214891,0.00638309474761489,8,0,1,1,1,1,5.03963517748772e-05,full_event_available,bernoulli_full_event,5,0,0.000434,2.18720166702967e-08,0.000218720166702967
23,30,2,no_new_outage,8.53,0.00136387692809506,1.28049521522018,0,3,1,0.00136387692809506,0,0,0.000818326156857039,0.209533807644325,full_event_available,bernoulli_full_event,2,0,0.000434,9.09376725176372e-05,0.909376725176372
24,1,1,no_new_outage,0,0,0.799705591038144,0,1,1,0,0,0,0,0.934100662977662,full_event_available,bernoulli_full_event,1,0,0.000377,0.000352155949942578,3.52155949942578
24,2,2,no_new_outage,0,0,0.810873993385146,0,2,1,0,0,0,0,0.00148644891217858,full_event_available,bernoulli_full_event,2,0,0.000377,5.60391239891324e-07,0.00560391239891323
24,3,1,no_new_outage,0,0,0.799705591038144,0,1,1,0,0,0,0,0.934100662977662,full_event_available,bernoulli_full_event,1,0,0.000377,0.000352155949942578,3.52155949942578
24,4,1,no_new_outage,0,0,0.799705591038144,0,1,1,0,0,0,0,0.934100662977662,full_event_available,bernoulli_full_event,1,0,0.000377,0.000352155949942578,3.52155949942578
24,5,1,no_new_outage,0,0,0.799705591038144,0,1,1,0,0,0,0,0.934100662977662,full_event_available,bernoulli_full_event,1,0,0.000377,0.000352155949942578,3.52155949942578
24,6,1,no_new_outage,0,0,0.799705591038144,0,1,1,0,0,0,0,0.934100662977662,full_event_available,bernoulli_full_event,1,0,0.000377,0.000352155949942578,3.52155949942578
24,7,1,no_new_outage,0,0,0.799705591038144,0,1,1,0,0,0,0,0.934100662977662,full_event_available,bernoulli_full_event,1,0,0.000377,0.000352155949942578,3.52155949942578
24,8,1,no_new_outage,0,0,0.799705591038144,0,1,1,0,0,0,0,0.934100662977662,full_event_available,bernoulli_full_event,1,0,0.000377,0.000352155949942578,3.52155949942578
24,9,5,max_depth_reached,4046.4391,0.646992371562926,1.25447380198635,0.0269699937870342,10,0,1,1,1,1,0.000917262169442208,full_event_available,bernoulli_full_event,5,0,0.000377,3.45807837879712e-07,0.00345807837879712
24,10,1,no_new_outage,0,0,0.799705591038144,0,1,1,0,0,0,0,0.934100662977662,full_event_available,bernoulli_full_event,1,0,0.000377,0.000352155949942578,3.52155949942578
24,11,1,no_new_outage,0,0,0.799705591038144,0,1,1,0,0,0,0,0.934100662977662,full_event_available,bernoulli_full_event,1,0,0.000377,0.000352155949942578,3.52155949942578
24,12,2,no_new_outage,0,0,0.805132375425342,0,2,1,0,0,0,0,0.00134095894248581,full_event_available,bernoulli_full_event,2,0,0.000377,5.05541521317151e-07,0.00505541521317151
24,13,1,no_new_outage,0,0,0.799705591038144,0,1,1,0,0,0,0,0.934100662977662,full_event_available,bernoulli_full_event,1,0,0.000377,0.000352155949942578,3.52155949942578
24,14,1,no_new_outage,0,0,0.799705591038144,0,1,1,0,0,0,0,0.934100662977662,full_event_available,bernoulli_full_event,1,0,0.000377,0.000352155949942578,3.52155949942578
24,15,1,no_new_outage,0,0,0.799705591038144,0,1,1,0,0,0,0,0.934100662977662,full_event_available,bernoulli_full_event,1,0,0.000377,0.000352155949942578,3.52155949942578
24,16,5,max_depth_reached,4781.305,0.764491392225742,1.52486854114661,0.154793512908788,12,1,0.764491392225742,0,0.464380538726364,0.551570943080718,8.5357885321772e-07,full_event_available,bernoulli_full_event,5,0,0.000377,3.21799227663081e-10,3.21799227663081e-06
24,17,1,no_new_outage,0,0,0.799705591038144,0,1,1,0,0,0,0,0.934100662977662,full_event_available,bernoulli_full_event,1,0,0.000377,0.000352155949942578,3.52155949942578
24,18,1,no_new_outage,0,0,0.799705591038144,0,1,1,0,0,0,0,0.934100662977662,full_event_available,bernoulli_full_event,1,0,0.000377,0.000352155949942578,3.52155949942578
24,19,1,no_new_outage,0,0,0.799705591038144,0,1,1,0,0,0,0,0.934100662977662,full_event_available,bernoulli_full_event,1,0,0.000377,0.000352155949942578,3.52155949942578
24,20,1,no_new_outage,0,0,0.799705591038144,0,1,1,0,0,0,0,0.934100662977662,full_event_available,bernoulli_full_event,1,0,0.000377,0.000352155949942578,3.52155949942578
24,21,1,no_new_outage,0,0,0.799705591038144,0,1,1,0,0,0,0,0.934100662977662,full_event_available,bernoulli_full_event,1,0,0.000377,0.000352155949942578,3.52155949942578
24,22,1,no_new_outage,0,0,0.799705591038144,0,1,1,0,0,0,0,0.934100662977662,full_event_available,bernoulli_full_event,1,0,0.000377,0.000352155949942578,3.52155949942578
24,23,1,no_new_outage,0,0,0.799705591038144,0,1,1,0,0,0,0,0.934100662977662,full_event_available,bernoulli_full_event,1,0,0.000377,0.000352155949942578,3.52155949942578
24,24,1,no_new_outage,0,0,0.799705591038144,0,1,1,0,0,0,0,0.934100662977662,full_event_available,bernoulli_full_event,1,0,0.000377,0.000352155949942578,3.52155949942578
24,25,1,no_new_outage,0,0,0.799705591038144,0,1,1,0,0,0,0,0.934100662977662,full_event_available,bernoulli_full_event,1,0,0.000377,0.000352155949942578,3.52155949942578
24,26,1,no_new_outage,0,0,0.799705591038144,0,1,1,0,0,0,0,0.934100662977662,full_event_available,bernoulli_full_event,1,0,0.000377,0.000352155949942578,3.52155949942578
24,27,1,no_new_outage,0,0,0.799705591038144,0,1,1,0,0,0,0,0.934100662977662,full_event_available,bernoulli_full_event,1,0,0.000377,0.000352155949942578,3.52155949942578
24,28,1,no_new_outage,0,0,0.799705591038144,0,1,1,0,0,0,0,0.934100662977662,full_event_available,bernoulli_full_event,1,0,0.000377,0.000352155949942578,3.52155949942578
24,29,1,no_new_outage,0,0,0.799705591038144,0,1,1,0,0,0,0,0.934100662977662,full_event_available,bernoulli_full_event,1,0,0.000377,0.000352155949942578,3.52155949942578
24,30,1,no_new_outage,0,0,0.799705591038144,0,1,1,0,0,0,0,0.934100662977662,full_event_available,bernoulli_full_event,1,0,0.000377,0.000352155949942578,3.52155949942578
25,1,4,load_loss_threshold,3281.63,0.52470567919632,1.61372385824594,0.0517167212249391,10,1,0.52470567919632,0,0,0.314823407517792,0.00019423294032413,full_event_available,bernoulli_full_event,4,0,0.000468,9.09010160716928e-08,0.000909010160716928
25,2,1,no_new_outage,0,0,0.799765577608536,0,1,1,0,0,0,0,0.934185629279381,full_event_available,bernoulli_full_event,1,0,0.000468,0.00043719887450275,4.3719887450275
25,3,1,no_new_outage,0,0,0.799765577608536,0,1,1,0,0,0,0,0.934185629279381,full_event_available,bernoulli_full_event,1,0,0.000468,0.00043719887450275,4.3719887450275
25,4,1,no_new_outage,0,0,0.799765577608536,0,1,1,0,0,0,0,0.934185629279381,full_event_available,bernoulli_full_event,1,0,0.000468,0.00043719887450275,4.3719887450275
25,5,1,no_new_outage,0,0,0.799765577608536,0,1,1,0,0,0,0,0.934185629279381,full_event_available,bernoulli_full_event,1,0,0.000468,0.00043719887450275,4.3719887450275
25,6,1,no_new_outage,0,0,0.799765577608536,0,1,1,0,0,0,0,0.934185629279381,full_event_available,bernoulli_full_event,1,0,0.000468,0.00043719887450275,4.3719887450275
25,7,1,no_new_outage,0,0,0.799765577608536,0,1,1,0,0,0,0,0.934185629279381,full_event_available,bernoulli_full_event,1,0,0.000468,0.00043719887450275,4.3719887450275
25,8,4,load_loss_threshold,3458.29,0.552952161976774,1.92988003787087,0.238529354407836,9,1,0.552952161976774,0.0518056410430701,0,0.342132425394678,0.00031052992249638,full_event_available,bernoulli_full_event,4,0,0.000468,1.45328003728306e-07,0.00145328003728306
25,9,2,no_new_outage,0,0,0.803031316805789,0,2,1,0,0,0,0,0.00135697712867719,full_event_available,bernoulli_full_event,2,0,0.000468,6.35065296220923e-07,0.00635065296220923
25,10,1,no_new_outage,0,0,0.799765577608536,0,1,1,0,0,0,0,0.934185629279381,full_event_available,bernoulli_full_event,1,0,0.000468,0.00043719887450275,4.3719887450275
25,11,1,no_new_outage,0,0,0.799765577608536,0,1,1,0,0,0,0,0.934185629279381,full_event_available,bernoulli_full_event,1,0,0.000468,0.00043719887450275,4.3719887450275
25,12,1,no_new_outage,0,0,0.799765577608536,0,1,1,0,0,0,0,0.934185629279381,full_event_available,bernoulli_full_event,1,0,0.000468,0.00043719887450275,4.3719887450275
25,13,1,no_new_outage,0,0,0.799765577608536,0,1,1,0,0,0,0,0.934185629279381,full_event_available,bernoulli_full_event,1,0,0.000468,0.00043719887450275,4.3719887450275
25,14,1,no_new_outage,0,0,0.799765577608536,0,1,1,0,0,0,0,0.934185629279381,full_event_available,bernoulli_full_event,1,0,0.000468,0.00043719887450275,4.3719887450275
25,15,1,no_new_outage,0,0,0.799765577608536,0,1,1,0,0,0,0,0.934185629279381,full_event_available,bernoulli_full_event,1,0,0.000468,0.00043719887450275,4.3719887450275
25,16,1,no_new_outage,0,0,0.799765577608536,0,1,1,0,0,0,0,0.934185629279381,full_event_available,bernoulli_full_event,1,0,0.000468,0.00043719887450275,4.3719887450275
25,17,1,no_new_outage,0,0,0.799765577608536,0,1,1,0,0,0,0,0.934185629279381,full_event_available,bernoulli_full_event,1,0,0.000468,0.00043719887450275,4.3719887450275
25,18,2,no_new_outage,680,0.10872641396303,0.894295167232793,0,2,1,0.10872641396303,0,0,0.0652358483778179,0.000974592936019549,full_event_available,bernoulli_full_event,2,0,0.000468,4.56109494057149e-07,0.00456109494057149
25,19,1,no_new_outage,0,0,0.799765577608536,0,1,1,0,0,0,0,0.934185629279381,full_event_available,bernoulli_full_event,1,0,0.000468,0.00043719887450275,4.3719887450275
25,20,1,no_new_outage,0,0,0.799765577608536,0,1,1,0,0,0,0,0.934185629279381,full_event_available,bernoulli_full_event,1,0,0.000468,0.00043719887450275,4.3719887450275
25,21,1,no_new_outage,0,0,0.799765577608536,0,1,1,0,0,0,0,0.934185629279381,full_event_available,bernoulli_full_event,1,0,0.000468,0.00043719887450275,4.3719887450275
25,22,1,no_new_outage,0,0,0.799765577608536,0,1,1,0,0,0,0,0.934185629279381,full_event_available,bernoulli_full_event,1,0,0.000468,0.00043719887450275,4.3719887450275
25,23,1,no_new_outage,0,0,0.799765577608536,0,1,1,0,0,0,0,0.934185629279381,full_event_available,bernoulli_full_event,1,0,0.000468,0.00043719887450275,4.3719887450275
25,24,1,no_new_outage,0,0,0.799765577608536,0,1,1,0,0,0,0,0.934185629279381,full_event_available,bernoulli_full_event,1,0,0.000468,0.00043719887450275,4.3719887450275
25,25,1,no_new_outage,0,0,0.799765577608536,0,1,1,0,0,0,0,0.934185629279381,full_event_available,bernoulli_full_event,1,0,0.000468,0.00043719887450275,4.3719887450275
25,26,1,no_new_outage,0,0,0.799765577608536,0,1,1,0,0,0,0,0.934185629279381,full_event_available,bernoulli_full_event,1,0,0.000468,0.00043719887450275,4.3719887450275
25,27,1,no_new_outage,0,0,0.799765577608536,0,1,1,0,0,0,0,0.934185629279381,full_event_available,bernoulli_full_event,1,0,0.000468,0.00043719887450275,4.3719887450275
25,28,1,no_new_outage,0,0,0.799765577608536,0,1,1,0,0,0,0,0.934185629279381,full_event_available,bernoulli_full_event,1,0,0.000468,0.00043719887450275,4.3719887450275
25,29,1,no_new_outage,0,0,0.799765577608536,0,1,1,0,0,0,0,0.934185629279381,full_event_available,bernoulli_full_event,1,0,0.000468,0.00043719887450275,4.3719887450275
25,30,1,no_new_outage,0,0,0.799765577608536,0,1,1,0,0,0,0,0.934185629279381,full_event_available,bernoulli_full_event,1,0,0.000468,0.00043719887450275,4.3719887450275
26,1,1,no_new_outage,0,0,0.835151643146037,0,1,1,0,0,0,0,0.93403438132138,full_event_available,bernoulli_full_event,1,0,0.000306,0.000285814520684342,2.85814520684342
26,2,1,no_new_outage,0,0,0.835151643146037,0,1,1,0,0,0,0,0.93403438132138,full_event_available,bernoulli_full_event,1,0,0.000306,0.000285814520684342,2.85814520684342
26,3,1,no_new_outage,0,0,0.835151643146037,0,1,1,0,0,0,0,0.93403438132138,full_event_available,bernoulli_full_event,1,0,0.000306,0.000285814520684342,2.85814520684342
26,4,3,no_new_outage,0,0,0.877323422350847,0,3,1,0,0,0,0,1.03335618946343e-06,full_event_available,bernoulli_full_event,3,0,0.000306,3.16206993975811e-10,3.16206993975811e-06
26,5,1,no_new_outage,0,0,0.835151643146037,0,1,1,0,0,0,0,0.93403438132138,full_event_available,bernoulli_full_event,1,0,0.000306,0.000285814520684342,2.85814520684342
26,6,1,no_new_outage,0,0,0.835151643146037,0,1,1,0,0,0,0,0.93403438132138,full_event_available,bernoulli_full_event,1,0,0.000306,0.000285814520684342,2.85814520684342
26,7,1,no_new_outage,0,0,0.835151643146037,0,1,1,0,0,0,0,0.93403438132138,full_event_available,bernoulli_full_event,1,0,0.000306,0.000285814520684342,2.85814520684342
26,8,1,no_new_outage,0,0,0.835151643146037,0,1,1,0,0,0,0,0.93403438132138,full_event_available,bernoulli_full_event,1,0,0.000306,0.000285814520684342,2.85814520684342
26,9,1,no_new_outage,0,0,0.835151643146037,0,1,1,0,0,0,0,0.93403438132138,full_event_available,bernoulli_full_event,1,0,0.000306,0.000285814520684342,2.85814520684342
26,10,1,no_new_outage,0,0,0.835151643146037,0,1,1,0,0,0,0,0.93403438132138,full_event_available,bernoulli_full_event,1,0,0.000306,0.000285814520684342,2.85814520684342
26,11,1,no_new_outage,0,0,0.835151643146037,0,1,1,0,0,0,0,0.93403438132138,full_event_available,bernoulli_full_event,1,0,0.000306,0.000285814520684342,2.85814520684342
26,12,1,no_new_outage,0,0,0.835151643146037,0,1,1,0,0,0,0,0.93403438132138,full_event_available,bernoulli_full_event,1,0,0.000306,0.000285814520684342,2.85814520684342
26,13,1,no_new_outage,0,0,0.835151643146037,0,1,1,0,0,0,0,0.93403438132138,full_event_available,bernoulli_full_event,1,0,0.000306,0.000285814520684342,2.85814520684342
26,14,1,no_new_outage,0,0,0.835151643146037,0,1,1,0,0,0,0,0.93403438132138,full_event_available,bernoulli_full_event,1,0,0.000306,0.000285814520684342,2.85814520684342
26,15,1,no_new_outage,0,0,0.835151643146037,0,1,1,0,0,0,0,0.93403438132138,full_event_available,bernoulli_full_event,1,0,0.000306,0.000285814520684342,2.85814520684342
26,16,1,no_new_outage,0,0,0.835151643146037,0,1,1,0,0,0,0,0.93403438132138,full_event_available,bernoulli_full_event,1,0,0.000306,0.000285814520684342,2.85814520684342
26,17,1,no_new_outage,0,0,0.835151643146037,0,1,1,0,0,0,0,0.93403438132138,full_event_available,bernoulli_full_event,1,0,0.000306,0.000285814520684342,2.85814520684342
26,18,1,no_new_outage,0,0,0.835151643146037,0,1,1,0,0,0,0,0.93403438132138,full_event_available,bernoulli_full_event,1,0,0.000306,0.000285814520684342,2.85814520684342
26,19,2,no_new_outage,0,0,0.957455739679276,0,2,1,0,0,0,0,0.000615530376231683,full_event_available,bernoulli_full_event,2,0,0.000306,1.88352295126895e-07,0.00188352295126895
26,20,1,no_new_outage,0,0,0.835151643146037,0,1,1,0,0,0,0,0.93403438132138,full_event_available,bernoulli_full_event,1,0,0.000306,0.000285814520684342,2.85814520684342
26,21,1,no_new_outage,0,0,0.835151643146037,0,1,1,0,0,0,0,0.93403438132138,full_event_available,bernoulli_full_event,1,0,0.000306,0.000285814520684342,2.85814520684342
26,22,1,no_new_outage,0,0,0.835151643146037,0,1,1,0,0,0,0,0.93403438132138,full_event_available,bernoulli_full_event,1,0,0.000306,0.000285814520684342,2.85814520684342
26,23,1,no_new_outage,0,0,0.835151643146037,0,1,1,0,0,0,0,0.93403438132138,full_event_available,bernoulli_full_event,1,0,0.000306,0.000285814520684342,2.85814520684342
26,24,1,no_new_outage,0,0,0.835151643146037,0,1,1,0,0,0,0,0.93403438132138,full_event_available,bernoulli_full_event,1,0,0.000306,0.000285814520684342,2.85814520684342
26,25,1,no_new_outage,0,0,0.835151643146037,0,1,1,0,0,0,0,0.93403438132138,full_event_available,bernoulli_full_event,1,0,0.000306,0.000285814520684342,2.85814520684342
26,26,1,no_new_outage,0,0,0.835151643146037,0,1,1,0,0,0,0,0.93403438132138,full_event_available,bernoulli_full_event,1,0,0.000306,0.000285814520684342,2.85814520684342
26,27,1,no_new_outage,0,0,0.835151643146037,0,1,1,0,0,0,0,0.93403438132138,full_event_available,bernoulli_full_event,1,0,0.000306,0.000285814520684342,2.85814520684342
26,28,1,no_new_outage,0,0,0.835151643146037,0,1,1,0,0,0,0,0.93403438132138,full_event_available,bernoulli_full_event,1,0,0.000306,0.000285814520684342,2.85814520684342
26,29,5,max_depth_reached,3439.13,0.54988863537158,1.75332248433298,0.0628187464405958,10,1,0.54988863537158,0,0,0.329933181222948,6.96314042299756e-08,full_event_available,bernoulli_full_event,5,0,0.000306,2.13072096943725e-11,2.13072096943725e-07
26,30,1,no_new_outage,0,0,0.835151643146037,0,1,1,0,0,0,0,0.93403438132138,full_event_available,bernoulli_full_event,1,0,0.000306,0.000285814520684342,2.85814520684342
27,1,1,no_new_outage,680,0.10872641396303,0.871725163078103,0,1,1,0.10872641396303,0,0,0.0652358483778179,0.937373583523531,full_event_available,bernoulli_full_event,1,0,1.1e-05,1.03111094187588e-05,0.103111094187588
27,2,1,no_new_outage,680,0.10872641396303,0.871725163078103,0,1,1,0.10872641396303,0,0,0.0652358483778179,0.937373583523531,full_event_available,bernoulli_full_event,1,0,1.1e-05,1.03111094187588e-05,0.103111094187588
27,3,1,no_new_outage,680,0.10872641396303,0.871725163078103,0,1,1,0.10872641396303,0,0,0.0652358483778179,0.937373583523531,full_event_available,bernoulli_full_event,1,0,1.1e-05,1.03111094187588e-05,0.103111094187588
27,4,1,no_new_outage,680,0.10872641396303,0.871725163078103,0,1,1,0.10872641396303,0,0,0.0652358483778179,0.937373583523531,full_event_available,bernoulli_full_event,1,0,1.1e-05,1.03111094187588e-05,0.103111094187588
27,5,1,no_new_outage,680,0.10872641396303,0.871725163078103,0,1,1,0.10872641396303,0,0,0.0652358483778179,0.937373583523531,full_event_available,bernoulli_full_event,1,0,1.1e-05,1.03111094187588e-05,0.103111094187588
27,6,4,load_loss_threshold,3559.78,0.569179579260756,2.36421479638254,0.212681615099362,11,1,0.569179579260756,2.56834569127745,2.33949776609299,1.32307643903054,1.94055989979295e-06,full_event_available,bernoulli_full_event,4,0,1.1e-05,2.13461588977224e-11,2.13461588977224e-07
27,7,1,no_new_outage,680,0.10872641396303,0.871725163078103,0,1,1,0.10872641396303,0,0,0.0652358483778179,0.937373583523531,full_event_available,bernoulli_full_event,1,0,1.1e-05,1.03111094187588e-05,0.103111094187588
27,8,1,no_new_outage,680,0.10872641396303,0.871725163078103,0,1,1,0.10872641396303,0,0,0.0652358483778179,0.937373583523531,full_event_available,bernoulli_full_event,1,0,1.1e-05,1.03111094187588e-05,0.103111094187588
27,9,1,no_new_outage,680,0.10872641396303,0.871725163078103,0,1,1,0.10872641396303,0,0,0.0652358483778179,0.937373583523531,full_event_available,bernoulli_full_event,1,0,1.1e-05,1.03111094187588e-05,0.103111094187588
27,10,1,no_new_outage,680,0.10872641396303,0.871725163078103,0,1,1,0.10872641396303,0,0,0.0652358483778179,0.937373583523531,full_event_available,bernoulli_full_event,1,0,1.1e-05,1.03111094187588e-05,0.103111094187588
27,11,1,no_new_outage,680,0.10872641396303,0.871725163078103,0,1,1,0.10872641396303,0,0,0.0652358483778179,0.937373583523531,full_event_available,bernoulli_full_event,1,0,1.1e-05,1.03111094187588e-05,0.103111094187588
27,12,1,no_new_outage,680,0.10872641396303,0.871725163078103,0,1,1,0.10872641396303,0,0,0.0652358483778179,0.937373583523531,full_event_available,bernoulli_full_event,1,0,1.1e-05,1.03111094187588e-05,0.103111094187588
27,13,1,no_new_outage,680,0.10872641396303,0.871725163078103,0,1,1,0.10872641396303,0,0,0.0652358483778179,0.937373583523531,full_event_available,bernoulli_full_event,1,0,1.1e-05,1.03111094187588e-05,0.103111094187588
27,14,1,no_new_outage,680,0.10872641396303,0.871725163078103,0,1,1,0.10872641396303,0,0,0.0652358483778179,0.937373583523531,full_event_available,bernoulli_full_event,1,0,1.1e-05,1.03111094187588e-05,0.103111094187588
27,15,1,no_new_outage,680,0.10872641396303,0.871725163078103,0,1,1,0.10872641396303,0,0,0.0652358483778179,0.937373583523531,full_event_available,bernoulli_full_event,1,0,1.1e-05,1.03111094187588e-05,0.103111094187588
27,16,1,no_new_outage,680,0.10872641396303,0.871725163078103,0,1,1,0.10872641396303,0,0,0.0652358483778179,0.937373583523531,full_event_available,bernoulli_full_event,1,0,1.1e-05,1.03111094187588e-05,0.103111094187588
27,17,1,no_new_outage,680,0.10872641396303,0.871725163078103,0,1,1,0.10872641396303,0,0,0.0652358483778179,0.937373583523531,full_event_available,bernoulli_full_event,1,0,1.1e-05,1.03111094187588e-05,0.103111094187588
27,18,1,no_new_outage,680,0.10872641396303,0.871725163078103,0,1,1,0.10872641396303,0,0,0.0652358483778179,0.937373583523531,full_event_available,bernoulli_full_event,1,0,1.1e-05,1.03111094187588e-05,0.103111094187588
27,19,1,no_new_outage,680,0.10872641396303,0.871725163078103,0,1,1,0.10872641396303,0,0,0.0652358483778179,0.937373583523531,full_event_available,bernoulli_full_event,1,0,1.1e-05,1.03111094187588e-05,0.103111094187588
27,20,1,no_new_outage,680,0.10872641396303,0.871725163078103,0,1,1,0.10872641396303,0,0,0.0652358483778179,0.937373583523531,full_event_available,bernoulli_full_event,1,0,1.1e-05,1.03111094187588e-05,0.103111094187588
27,21,2,no_new_outage,680,0.10872641396303,0.873591593737106,0,2,1,0.10872641396303,0,0,0.0652358483778179,0.00138831475962391,full_event_available,bernoulli_full_event,2,0,1.1e-05,1.5271462355863e-08,0.00015271462355863
27,22,1,no_new_outage,680,0.10872641396303,0.871725163078103,0,1,1,0.10872641396303,0,0,0.0652358483778179,0.937373583523531,full_event_available,bernoulli_full_event,1,0,1.1e-05,1.03111094187588e-05,0.103111094187588
27,23,1,no_new_outage,680,0.10872641396303,0.871725163078103,0,1,1,0.10872641396303,0,0,0.0652358483778179,0.937373583523531,full_event_available,bernoulli_full_event,1,0,1.1e-05,1.03111094187588e-05,0.103111094187588
27,24,1,no_new_outage,680,0.10872641396303,0.871725163078103,0,1,1,0.10872641396303,0,0,0.0652358483778179,0.937373583523531,full_event_available,bernoulli_full_event,1,0,1.1e-05,1.03111094187588e-05,0.103111094187588
27,25,1,no_new_outage,680,0.10872641396303,0.871725163078103,0,1,1,0.10872641396303,0,0,0.0652358483778179,0.937373583523531,full_event_available,bernoulli_full_event,1,0,1.1e-05,1.03111094187588e-05,0.103111094187588
27,26,1,no_new_outage,680,0.10872641396303,0.871725163078103,0,1,1,0.10872641396303,0,0,0.0652358483778179,0.937373583523531,full_event_available,bernoulli_full_event,1,0,1.1e-05,1.03111094187588e-05,0.103111094187588
27,27,1,no_new_outage,680,0.10872641396303,0.871725163078103,0,1,1,0.10872641396303,0,0,0.0652358483778179,0.937373583523531,full_event_available,bernoulli_full_event,1,0,1.1e-05,1.03111094187588e-05,0.103111094187588
27,28,1,no_new_outage,680,0.10872641396303,0.871725163078103,0,1,1,0.10872641396303,0,0,0.0652358483778179,0.937373583523531,full_event_available,bernoulli_full_event,1,0,1.1e-05,1.03111094187588e-05,0.103111094187588
27,29,1,no_new_outage,680,0.10872641396303,0.871725163078103,0,1,1,0.10872641396303,0,0,0.0652358483778179,0.937373583523531,full_event_available,bernoulli_full_event,1,0,1.1e-05,1.03111094187588e-05,0.103111094187588
27,30,1,no_new_outage,680,0.10872641396303,0.871725163078103,0,1,1,0.10872641396303,0,0,0.0652358483778179,0.937373583523531,full_event_available,bernoulli_full_event,1,0,1.1e-05,1.03111094187588e-05,0.103111094187588
28,1,4,load_loss_threshold,4104.46,0.656269436845143,2.6586769547881,0.0440561294017037,12,0,1,1,1,1,0.0590212177055031,full_event_available,bernoulli_full_event,4,0,0.000473,2.7917035974703e-05,0.27917035974703
28,2,5,max_depth_reached,3397.516,0.543234898620614,1.86375777939051,0.114211584849407,13,0,1,1,1,1,8.76678692307415e-06,full_event_available,bernoulli_full_event,5,0,0.000473,4.14669021461407e-09,4.14669021461407e-05
28,3,4,load_loss_threshold,4104.46,0.656269436845143,2.6586769547881,0.0440561294017037,12,0,1,1,1,1,0.000883760344177933,full_event_available,bernoulli_full_event,4,0,0.000473,4.18018642796163e-07,0.00418018642796163
28,4,4,load_loss_threshold,4319.437,0.690642493160629,2.11149344967049,0,13,0,1,1,1,1,0.0579590366717751,full_event_available,bernoulli_full_event,4,0,0.000473,2.74146243457496e-05,0.274146243457496
28,5,4,load_loss_threshold,1967.98,0.314663835516123,1.75884952304274,0.113474245184421,8,1,0.314663835516123,2.25306826117576,1.36169094221305,0.911750141987436,0.103409917813239,full_event_available,bernoulli_full_event,4,0,0.000473,4.89128911256621e-05,0.489128911256621
28,6,4,load_loss_threshold,4319.437,0.690642493160629,2.11149344967048,0,12,0,1,1,1,1,0.019014444021985,full_event_available,bernoulli_full_event,4,0,0.000473,8.9938320223989e-06,0.089938320223989
28,7,4,load_loss_threshold,4104.46,0.656269436845143,2.6586769547881,0.0440561294017037,13,0,1,1,1,1,0.180045174679587,full_event_available,bernoulli_full_event,4,0,0.000473,8.51613676234445e-05,0.851613676234445
28,8,4,load_loss_threshold,4104.46,0.656269436845143,2.6586769547881,0.0440561294017037,13,0,1,1,1,1,0.180045174679587,full_event_available,bernoulli_full_event,4,0,0.000473,8.51613676234445e-05,0.851613676234445
28,9,4,load_loss_threshold,1967.98,0.314663835516123,1.75884952304274,0.113474245184421,8,1,0.314663835516123,2.25306826117576,1.36169094221305,0.911750141987436,0.103409917813239,full_event_available,bernoulli_full_event,4,0,0.000473,4.89128911256621e-05,0.489128911256621
28,10,4,load_loss_threshold,1967.98,0.314663835516123,1.75884952304274,0.113474245184421,8,1,0.314663835516123,2.25306826117576,1.36169094221305,0.911750141987436,0.103409917813239,full_event_available,bernoulli_full_event,4,0,0.000473,4.89128911256621e-05,0.489128911256621
28,11,4,load_loss_threshold,1967.98,0.314663835516123,1.75639019209947,0.113474245184421,7,1,0.314663835516123,2.25306826117576,1.36169094221305,0.911750141987436,0.0338991549372267,full_event_available,bernoulli_full_event,4,0,0.000473,1.60343002853083e-05,0.160343002853083
28,12,5,max_depth_reached,3434.63,0.549169122338002,1.86375777939051,0.212404606639498,10,0,1,1,1,1,0.0304067472496667,full_event_available,bernoulli_full_event,5,0,0.000473,1.43823914490923e-05,0.143823914490923
28,13,4,load_loss_threshold,3553.438,0.568165545558766,2.11149344967049,0.0465139687022899,12,1,0.568165545558766,2.82822442889165,0.325597780916029,0.971663769296796,0.0524183084597978,full_event_available,bernoulli_full_event,4,0,0.000473,2.47938599014843e-05,0.247938599014843
28,14,4,load_loss_threshold,4319.437,0.690642493160629,2.11149344967049,0,15,0,1,1,1,1,0.00504830506101017,full_event_available,bernoulli_full_event,4,0,0.000473,2.38784829385781e-06,0.0238784829385781
28,15,4,load_loss_threshold,4319.437,0.690642493160629,2.11149344967049,0,13,0,1,1,1,1,0.0579590366717751,full_event_available,bernoulli_full_event,4,0,0.000473,2.74146243457496e-05,0.274146243457496
28,16,4,load_loss_threshold,3561.3025,0.569423014503784,2.12960225440319,0.193518180785182,11,1,0.569423014503784,1.76948715701312,0.213898338365071,0.738330907777908,0.000293800089589249,full_event_available,bernoulli_full_event,4,0,0.000473,1.38967442375715e-07,0.00138967442375715
28,17,4,load_loss_threshold,4104.46,0.656269436845143,2.6586769547881,0.0440561294017037,13,0,1,1,1,1,0.180045174679587,full_event_available,bernoulli_full_event,4,0,0.000473,8.51613676234445e-05,0.851613676234445
28,18,4,load_loss_threshold,4319.437,0.690642493160629,2.11149344967049,0,13,0,1,1,1,1,0.0579590366717751,full_event_available,bernoulli_full_event,4,0,0.000473,2.74146243457496e-05,0.274146243457496
28,19,4,load_loss_threshold,4104.46,0.656269436845143,2.6586769547881,0.0440561294017037,13,0,1,1,1,1,8.05751214300671e-05,full_event_available,bernoulli_full_event,4,0,0.000473,3.81120324364217e-08,0.000381120324364217
28,20,4,load_loss_threshold,3628.46,0.580160947071022,2.6586769547881,0.104125631179243,12,1,0.580160947071022,3.05643161450707,0.624753787075458,1.08433364855912,0.00545597685650008,full_event_available,bernoulli_full_event,4,0,0.000473,2.58067705312454e-06,0.0258067705312454
28,21,4,load_loss_threshold,3553.438,0.568165545558766,2.11149344967049,0.149222462160796,13,1,0.568165545558766,3.7021950683413,1.34300215944717,1.34993877289295,0.0382456987737952,full_event_available,bernoulli_full_event,4,0,0.000473,1.80902155200051e-05,0.180902155200051
28,22,4,load_loss_threshold,2175.7375,0.34788255308807,1.66176469033604,0.0607655357464326,9,1,0.34788255308807,2.64705876134414,0.169399967182122,0.772021277558094,0.0030995218730475,full_event_available,bernoulli_full_event,4,0,0.000473,1.46607384595147e-06,0.0146607384595147
28,23,4,load_loss_threshold,3553.438,0.568165545558766,2.11149344967049,0.0465139687022899,12,1,0.568165545558766,2.82822442889165,0.325597780916029,0.971663769296796,0.0524183084597978,full_event_available,bernoulli_full_event,4,0,0.000473,2.47938599014843e-05,0.247938599014843
28,24,5,max_depth_reached,3434.63,0.549169122338002,1.86352643894643,0.212404606639498,11,0,1,1,1,1,0.0956162237185353,full_event_available,bernoulli_full_event,5,0,0.000473,4.52264738188672e-05,0.452264738188672
28,25,4,load_loss_threshold,1967.98,0.314663835516123,1.75884952304274,0.113474245184421,8,1,0.314663835516123,2.25306826117576,1.36169094221305,0.911750141987436,0.103409917813239,full_event_available,bernoulli_full_event,4,0,0.000473,4.89128911256621e-05,0.489128911256621
28,26,4,load_loss_threshold,4104.46,0.656269436845143,2.6586769547881,0.0440561294017037,13,0,1,1,1,1,0.180045174679587,full_event_available,bernoulli_full_event,4,0,0.000473,8.51613676234445e-05,0.851613676234445
28,27,4,load_loss_threshold,4319.437,0.690642493160629,2.11149344967049,0,14,0,1,1,1,1,0.0422883515874639,full_event_available,bernoulli_full_event,4,0,0.000473,2.00023903008704e-05,0.200023903008704
28,28,4,load_loss_threshold,3553.438,0.568165545558766,2.11149344967048,0.0465139687022899,11,1,0.568165545558766,2.82822442889165,0.325597780916029,0.971663769296796,0.0171967142514918,full_event_available,bernoulli_full_event,4,0,0.000473,8.13404584095563e-06,0.0813404584095563
28,29,5,max_depth_reached,2294.063,0.366801828522456,1.86352643894643,0.114211584849407,12,1,0.366801828522456,2.88865588861645,0.344528074698439,0.866717889776452,0.00407116200343992,full_event_available,bernoulli_full_event,5,0,0.000473,1.92565962762708e-06,0.0192565962762708
28,30,4,load_loss_threshold,1967.98,0.314663835516123,1.75884952304274,0.113474245184421,8,1,0.314663835516123,2.25306826117576,1.36169094221305,0.911750141987436,0.103409917813239,full_event_available,bernoulli_full_event,4,0,0.000473,4.89128911256621e-05,0.489128911256621
29,1,1,no_new_outage,0,0,0.798374745996701,0,1,1,0,0,0,0,0.934308904577628,full_event_available,bernoulli_full_event,1,0,0.0006,0.000560585342746577,5.60585342746577
29,2,1,no_new_outage,0,0,0.798374745996701,0,1,1,0,0,0,0,0.934308904577628,full_event_available,bernoulli_full_event,1,0,0.0006,0.000560585342746577,5.60585342746577
29,3,1,no_new_outage,0,0,0.798374745996701,0,1,1,0,0,0,0,0.934308904577628,full_event_available,bernoulli_full_event,1,0,0.0006,0.000560585342746577,5.60585342746577
29,4,1,no_new_outage,0,0,0.798374745996701,0,1,1,0,0,0,0,0.934308904577628,full_event_available,bernoulli_full_event,1,0,0.0006,0.000560585342746577,5.60585342746577
29,5,1,no_new_outage,0,0,0.798374745996701,0,1,1,0,0,0,0,0.934308904577628,full_event_available,bernoulli_full_event,1,0,0.0006,0.000560585342746577,5.60585342746577
29,6,1,no_new_outage,0,0,0.798374745996701,0,1,1,0,0,0,0,0.934308904577628,full_event_available,bernoulli_full_event,1,0,0.0006,0.000560585342746577,5.60585342746577
29,7,1,no_new_outage,0,0,0.798374745996701,0,1,1,0,0,0,0,0.934308904577628,full_event_available,bernoulli_full_event,1,0,0.0006,0.000560585342746577,5.60585342746577
29,8,1,no_new_outage,0,0,0.798374745996701,0,1,1,0,0,0,0,0.934308904577628,full_event_available,bernoulli_full_event,1,0,0.0006,0.000560585342746577,5.60585342746577
29,9,1,no_new_outage,0,0,0.798374745996701,0,1,1,0,0,0,0,0.934308904577628,full_event_available,bernoulli_full_event,1,0,0.0006,0.000560585342746577,5.60585342746577
29,10,1,no_new_outage,0,0,0.798374745996701,0,1,1,0,0,0,0,0.934308904577628,full_event_available,bernoulli_full_event,1,0,0.0006,0.000560585342746577,5.60585342746577
29,11,1,no_new_outage,0,0,0.798374745996701,0,1,1,0,0,0,0,0.934308904577628,full_event_available,bernoulli_full_event,1,0,0.0006,0.000560585342746577,5.60585342746577
29,12,1,no_new_outage,0,0,0.798374745996701,0,1,1,0,0,0,0,0.934308904577628,full_event_available,bernoulli_full_event,1,0,0.0006,0.000560585342746577,5.60585342746577
29,13,1,no_new_outage,0,0,0.798374745996701,0,1,1,0,0,0,0,0.934308904577628,full_event_available,bernoulli_full_event,1,0,0.0006,0.000560585342746577,5.60585342746577
29,14,1,no_new_outage,0,0,0.798374745996701,0,1,1,0,0,0,0,0.934308904577628,full_event_available,bernoulli_full_event,1,0,0.0006,0.000560585342746577,5.60585342746577
29,15,1,no_new_outage,0,0,0.798374745996701,0,1,1,0,0,0,0,0.934308904577628,full_event_available,bernoulli_full_event,1,0,0.0006,0.000560585342746577,5.60585342746577
29,16,1,no_new_outage,0,0,0.798374745996701,0,1,1,0,0,0,0,0.934308904577628,full_event_available,bernoulli_full_event,1,0,0.0006,0.000560585342746577,5.60585342746577
29,17,1,no_new_outage,0,0,0.798374745996701,0,1,1,0,0,0,0,0.934308904577628,full_event_available,bernoulli_full_event,1,0,0.0006,0.000560585342746577,5.60585342746577
29,18,1,no_new_outage,0,0,0.798374745996701,0,1,1,0,0,0,0,0.934308904577628,full_event_available,bernoulli_full_event,1,0,0.0006,0.000560585342746577,5.60585342746577
29,19,1,no_new_outage,0,0,0.798374745996701,0,1,1,0,0,0,0,0.934308904577628,full_event_available,bernoulli_full_event,1,0,0.0006,0.000560585342746577,5.60585342746577
29,20,1,no_new_outage,0,0,0.798374745996701,0,1,1,0,0,0,0,0.934308904577628,full_event_available,bernoulli_full_event,1,0,0.0006,0.000560585342746577,5.60585342746577
29,21,1,no_new_outage,0,0,0.798374745996701,0,1,1,0,0,0,0,0.934308904577628,full_event_available,bernoulli_full_event,1,0,0.0006,0.000560585342746577,5.60585342746577
29,22,1,no_new_outage,0,0,0.798374745996701,0,1,1,0,0,0,0,0.934308904577628,full_event_available,bernoulli_full_event,1,0,0.0006,0.000560585342746577,5.60585342746577
29,23,1,no_new_outage,0,0,0.798374745996701,0,1,1,0,0,0,0,0.934308904577628,full_event_available,bernoulli_full_event,1,0,0.0006,0.000560585342746577,5.60585342746577
29,24,1,no_new_outage,0,0,0.798374745996701,0,1,1,0,0,0,0,0.934308904577628,full_event_available,bernoulli_full_event,1,0,0.0006,0.000560585342746577,5.60585342746577
29,25,1,no_new_outage,0,0,0.798374745996701,0,1,1,0,0,0,0,0.934308904577628,full_event_available,bernoulli_full_event,1,0,0.0006,0.000560585342746577,5.60585342746577
29,26,1,no_new_outage,0,0,0.798374745996701,0,1,1,0,0,0,0,0.934308904577628,full_event_available,bernoulli_full_event,1,0,0.0006,0.000560585342746577,5.60585342746577
29,27,1,no_new_outage,0,0,0.798374745996701,0,1,1,0,0,0,0,0.934308904577628,full_event_available,bernoulli_full_event,1,0,0.0006,0.000560585342746577,5.60585342746577
29,28,1,no_new_outage,0,0,0.798374745996701,0,1,1,0,0,0,0,0.934308904577628,full_event_available,bernoulli_full_event,1,0,0.0006,0.000560585342746577,5.60585342746577
29,29,1,no_new_outage,0,0,0.798374745996701,0,1,1,0,0,0,0,0.934308904577628,full_event_available,bernoulli_full_event,1,0,0.0006,0.000560585342746577,5.60585342746577
29,30,1,no_new_outage,0,0,0.798374745996701,0,1,1,0,0,0,0,0.934308904577628,full_event_available,bernoulli_full_event,1,0,0.0006,0.000560585342746577,5.60585342746577
30,1,1,no_new_outage,0,0,0.817663283876043,0,1,1,0,0,0,0,0.934355608262743,full_event_available,bernoulli_full_event,1,0,0.00065,0.000607331145370783,6.07331145370783
30,2,1,no_new_outage,0,0,0.817663283876043,0,1,1,0,0,0,0,0.934355608262743,full_event_available,bernoulli_full_event,1,0,0.00065,0.000607331145370783,6.07331145370783
30,3,1,no_new_outage,0,0,0.817663283876043,0,1,1,0,0,0,0,0.934355608262743,full_event_available,bernoulli_full_event,1,0,0.00065,0.000607331145370783,6.07331145370783
30,4,1,no_new_outage,0,0,0.817663283876043,0,1,1,0,0,0,0,0.934355608262743,full_event_available,bernoulli_full_event,1,0,0.00065,0.000607331145370783,6.07331145370783
30,5,1,no_new_outage,0,0,0.817663283876043,0,1,1,0,0,0,0,0.934355608262743,full_event_available,bernoulli_full_event,1,0,0.00065,0.000607331145370783,6.07331145370783
30,6,1,no_new_outage,0,0,0.817663283876043,0,1,1,0,0,0,0,0.934355608262743,full_event_available,bernoulli_full_event,1,0,0.00065,0.000607331145370783,6.07331145370783
30,7,1,no_new_outage,0,0,0.817663283876043,0,1,1,0,0,0,0,0.934355608262743,full_event_available,bernoulli_full_event,1,0,0.00065,0.000607331145370783,6.07331145370783
30,8,1,no_new_outage,0,0,0.817663283876043,0,1,1,0,0,0,0,0.934355608262743,full_event_available,bernoulli_full_event,1,0,0.00065,0.000607331145370783,6.07331145370783
30,9,1,no_new_outage,0,0,0.817663283876043,0,1,1,0,0,0,0,0.934355608262743,full_event_available,bernoulli_full_event,1,0,0.00065,0.000607331145370783,6.07331145370783
30,10,1,no_new_outage,0,0,0.817663283876043,0,1,1,0,0,0,0,0.934355608262743,full_event_available,bernoulli_full_event,1,0,0.00065,0.000607331145370783,6.07331145370783
30,11,1,no_new_outage,0,0,0.817663283876043,0,1,1,0,0,0,0,0.934355608262743,full_event_available,bernoulli_full_event,1,0,0.00065,0.000607331145370783,6.07331145370783
30,12,1,no_new_outage,0,0,0.817663283876043,0,1,1,0,0,0,0,0.934355608262743,full_event_available,bernoulli_full_event,1,0,0.00065,0.000607331145370783,6.07331145370783
30,13,1,no_new_outage,0,0,0.817663283876043,0,1,1,0,0,0,0,0.934355608262743,full_event_available,bernoulli_full_event,1,0,0.00065,0.000607331145370783,6.07331145370783
30,14,1,no_new_outage,0,0,0.817663283876043,0,1,1,0,0,0,0,0.934355608262743,full_event_available,bernoulli_full_event,1,0,0.00065,0.000607331145370783,6.07331145370783
30,15,1,no_new_outage,0,0,0.817663283876043,0,1,1,0,0,0,0,0.934355608262743,full_event_available,bernoulli_full_event,1,0,0.00065,0.000607331145370783,6.07331145370783
30,16,1,no_new_outage,0,0,0.817663283876043,0,1,1,0,0,0,0,0.934355608262743,full_event_available,bernoulli_full_event,1,0,0.00065,0.000607331145370783,6.07331145370783
30,17,1,no_new_outage,0,0,0.817663283876043,0,1,1,0,0,0,0,0.934355608262743,full_event_available,bernoulli_full_event,1,0,0.00065,0.000607331145370783,6.07331145370783
30,18,1,no_new_outage,0,0,0.817663283876043,0,1,1,0,0,0,0,0.934355608262743,full_event_available,bernoulli_full_event,1,0,0.00065,0.000607331145370783,6.07331145370783
30,19,1,no_new_outage,0,0,0.817663283876043,0,1,1,0,0,0,0,0.934355608262743,full_event_available,bernoulli_full_event,1,0,0.00065,0.000607331145370783,6.07331145370783
30,20,1,no_new_outage,0,0,0.817663283876043,0,1,1,0,0,0,0,0.934355608262743,full_event_available,bernoulli_full_event,1,0,0.00065,0.000607331145370783,6.07331145370783
30,21,1,no_new_outage,0,0,0.817663283876043,0,1,1,0,0,0,0,0.934355608262743,full_event_available,bernoulli_full_event,1,0,0.00065,0.000607331145370783,6.07331145370783
30,22,1,no_new_outage,0,0,0.817663283876043,0,1,1,0,0,0,0,0.934355608262743,full_event_available,bernoulli_full_event,1,0,0.00065,0.000607331145370783,6.07331145370783
30,23,1,no_new_outage,0,0,0.817663283876043,0,1,1,0,0,0,0,0.934355608262743,full_event_available,bernoulli_full_event,1,0,0.00065,0.000607331145370783,6.07331145370783
30,24,1,no_new_outage,0,0,0.817663283876043,0,1,1,0,0,0,0,0.934355608262743,full_event_available,bernoulli_full_event,1,0,0.00065,0.000607331145370783,6.07331145370783
30,25,1,no_new_outage,0,0,0.817663283876043,0,1,1,0,0,0,0,0.934355608262743,full_event_available,bernoulli_full_event,1,0,0.00065,0.000607331145370783,6.07331145370783
30,26,1,no_new_outage,0,0,0.817663283876043,0,1,1,0,0,0,0,0.934355608262743,full_event_available,bernoulli_full_event,1,0,0.00065,0.000607331145370783,6.07331145370783
30,27,1,no_new_outage,0,0,0.817663283876043,0,1,1,0,0,0,0,0.934355608262743,full_event_available,bernoulli_full_event,1,0,0.00065,0.000607331145370783,6.07331145370783
30,28,1,no_new_outage,0,0,0.817663283876043,0,1,1,0,0,0,0,0.934355608262743,full_event_available,bernoulli_full_event,1,0,0.00065,0.000607331145370783,6.07331145370783
30,29,1,no_new_outage,0,0,0.817663283876043,0,1,1,0,0,0,0,0.934355608262743,full_event_available,bernoulli_full_event,1,0,0.00065,0.000607331145370783,6.07331145370783
30,30,1,no_new_outage,0,0,0.817663283876043,0,1,1,0,0,0,0,0.934355608262743,full_event_available,bernoulli_full_event,1,0,0.00065,0.000607331145370783,6.07331145370783
31,1,1,no_new_outage,0,0,0.795091840951927,0,1,1,0,0,0,0,0.934292092393927,full_event_available,bernoulli_full_event,1,0,0.000582,0.000543757997773266,5.43757997773266
31,2,1,no_new_outage,0,0,0.795091840951927,0,1,1,0,0,0,0,0.934292092393927,full_event_available,bernoulli_full_event,1,0,0.000582,0.000543757997773266,5.43757997773266
31,3,1,no_new_outage,0,0,0.795091840951927,0,1,1,0,0,0,0,0.934292092393927,full_event_available,bernoulli_full_event,1,0,0.000582,0.000543757997773266,5.43757997773266
31,4,1,no_new_outage,0,0,0.795091840951927,0,1,1,0,0,0,0,0.934292092393927,full_event_available,bernoulli_full_event,1,0,0.000582,0.000543757997773266,5.43757997773266
31,5,1,no_new_outage,0,0,0.795091840951927,0,1,1,0,0,0,0,0.934292092393927,full_event_available,bernoulli_full_event,1,0,0.000582,0.000543757997773266,5.43757997773266
31,6,2,no_new_outage,909.5,0.145421578675552,0.835975319291279,0,2,1,0.145421578675552,0,0,0.0872529472053314,0.001401022386735,full_event_available,bernoulli_full_event,2,0,0.000582,8.15395029079772e-07,0.00815395029079772
31,7,1,no_new_outage,0,0,0.795091840951927,0,1,1,0,0,0,0,0.934292092393927,full_event_available,bernoulli_full_event,1,0,0.000582,0.000543757997773266,5.43757997773266
31,8,1,no_new_outage,0,0,0.795091840951927,0,1,1,0,0,0,0,0.934292092393927,full_event_available,bernoulli_full_event,1,0,0.000582,0.000543757997773266,5.43757997773266
31,9,1,no_new_outage,0,0,0.795091840951927,0,1,1,0,0,0,0,0.934292092393927,full_event_available,bernoulli_full_event,1,0,0.000582,0.000543757997773266,5.43757997773266
31,10,1,no_new_outage,0,0,0.795091840951927,0,1,1,0,0,0,0,0.934292092393927,full_event_available,bernoulli_full_event,1,0,0.000582,0.000543757997773266,5.43757997773266
31,11,2,no_new_outage,0,0,0.801478021340165,0,2,1,0,0,0,0,0.000981556877414577,full_event_available,bernoulli_full_event,2,0,0.000582,5.71266102655284e-07,0.00571266102655284
31,12,1,no_new_outage,0,0,0.795091840951927,0,1,1,0,0,0,0,0.934292092393927,full_event_available,bernoulli_full_event,1,0,0.000582,0.000543757997773266,5.43757997773266
31,13,1,no_new_outage,0,0,0.795091840951927,0,1,1,0,0,0,0,0.934292092393927,full_event_available,bernoulli_full_event,1,0,0.000582,0.000543757997773266,5.43757997773266
31,14,1,no_new_outage,0,0,0.795091840951927,0,1,1,0,0,0,0,0.934292092393927,full_event_available,bernoulli_full_event,1,0,0.000582,0.000543757997773266,5.43757997773266
31,15,1,no_new_outage,0,0,0.795091840951927,0,1,1,0,0,0,0,0.934292092393927,full_event_available,bernoulli_full_event,1,0,0.000582,0.000543757997773266,5.43757997773266
31,16,1,no_new_outage,0,0,0.795091840951927,0,1,1,0,0,0,0,0.934292092393927,full_event_available,bernoulli_full_event,1,0,0.000582,0.000543757997773266,5.43757997773266
31,17,1,no_new_outage,0,0,0.795091840951927,0,1,1,0,0,0,0,0.934292092393927,full_event_available,bernoulli_full_event,1,0,0.000582,0.000543757997773266,5.43757997773266
31,18,1,no_new_outage,0,0,0.795091840951927,0,1,1,0,0,0,0,0.934292092393927,full_event_available,bernoulli_full_event,1,0,0.000582,0.000543757997773266,5.43757997773266
31,19,1,no_new_outage,0,0,0.795091840951927,0,1,1,0,0,0,0,0.934292092393927,full_event_available,bernoulli_full_event,1,0,0.000582,0.000543757997773266,5.43757997773266
31,20,1,no_new_outage,0,0,0.795091840951927,0,1,1,0,0,0,0,0.934292092393927,full_event_available,bernoulli_full_event,1,0,0.000582,0.000543757997773266,5.43757997773266
31,21,1,no_new_outage,0,0,0.795091840951927,0,1,1,0,0,0,0,0.934292092393927,full_event_available,bernoulli_full_event,1,0,0.000582,0.000543757997773266,5.43757997773266
31,22,1,no_new_outage,0,0,0.795091840951927,0,1,1,0,0,0,0,0.934292092393927,full_event_available,bernoulli_full_event,1,0,0.000582,0.000543757997773266,5.43757997773266
31,23,1,no_new_outage,0,0,0.795091840951927,0,1,1,0,0,0,0,0.934292092393927,full_event_available,bernoulli_full_event,1,0,0.000582,0.000543757997773266,5.43757997773266
31,24,1,no_new_outage,0,0,0.795091840951927,0,1,1,0,0,0,0,0.934292092393927,full_event_available,bernoulli_full_event,1,0,0.000582,0.000543757997773266,5.43757997773266
31,25,1,no_new_outage,0,0,0.795091840951927,0,1,1,0,0,0,0,0.934292092393927,full_event_available,bernoulli_full_event,1,0,0.000582,0.000543757997773266,5.43757997773266
31,26,1,no_new_outage,0,0,0.795091840951927,0,1,1,0,0,0,0,0.934292092393927,full_event_available,bernoulli_full_event,1,0,0.000582,0.000543757997773266,5.43757997773266
31,27,1,no_new_outage,0,0,0.795091840951927,0,1,1,0,0,0,0,0.934292092393927,full_event_available,bernoulli_full_event,1,0,0.000582,0.000543757997773266,5.43757997773266
31,28,1,no_new_outage,0,0,0.795091840951927,0,1,1,0,0,0,0,0.934292092393927,full_event_available,bernoulli_full_event,1,0,0.000582,0.000543757997773266,5.43757997773266
31,29,1,no_new_outage,0,0,0.795091840951927,0,1,1,0,0,0,0,0.934292092393927,full_event_available,bernoulli_full_event,1,0,0.000582,0.000543757997773266,5.43757997773266
31,30,1,no_new_outage,0,0,0.795091840951927,0,1,1,0,0,0,0,0.934292092393927,full_event_available,bernoulli_full_event,1,0,0.000582,0.000543757997773266,5.43757997773266
32,1,2,no_new_outage,680,0.10872641396303,1.03206675194431,0,2,1,0.10872641396303,0,0,0.0652358483778179,0.877681654779003,full_event_available,bernoulli_full_event,2,0,0.000515,0.000452006052211186,4.52006052211186
32,2,2,no_new_outage,680,0.10872641396303,1.03206675194431,0,2,1,0.10872641396303,0,0,0.0652358483778179,0.877681654779003,full_event_available,bernoulli_full_event,2,0,0.000515,0.000452006052211186,4.52006052211186
32,3,2,no_new_outage,680,0.10872641396303,1.03206675194431,0,2,1,0.10872641396303,0,0,0.0652358483778179,0.877681654779003,full_event_available,bernoulli_full_event,2,0,0.000515,0.000452006052211186,4.52006052211186
32,4,2,no_new_outage,680,0.10872641396303,1.03206675194431,0,2,1,0.10872641396303,0,0,0.0652358483778179,0.877681654779003,full_event_available,bernoulli_full_event,2,0,0.000515,0.000452006052211186,4.52006052211186
32,5,2,no_new_outage,680,0.10872641396303,1.03206675194431,0,2,1,0.10872641396303,0,0,0.0652358483778179,0.877681654779003,full_event_available,bernoulli_full_event,2,0,0.000515,0.000452006052211186,4.52006052211186
32,6,2,no_new_outage,680,0.10872641396303,1.03206675194431,0,2,1,0.10872641396303,0,0,0.0652358483778179,0.877681654779003,full_event_available,bernoulli_full_event,2,0,0.000515,0.000452006052211186,4.52006052211186
32,7,2,no_new_outage,680,0.10872641396303,1.03206675194431,0,2,1,0.10872641396303,0,0,0.0652358483778179,0.877681654779003,full_event_available,bernoulli_full_event,2,0,0.000515,0.000452006052211186,4.52006052211186
32,8,2,no_new_outage,680,0.10872641396303,1.03206675194431,0,2,1,0.10872641396303,0,0,0.0652358483778179,0.877681654779003,full_event_available,bernoulli_full_event,2,0,0.000515,0.000452006052211186,4.52006052211186
32,9,2,no_new_outage,680,0.10872641396303,1.03206675194431,0,2,1,0.10872641396303,0,0,0.0652358483778179,0.877681654779003,full_event_available,bernoulli_full_event,2,0,0.000515,0.000452006052211186,4.52006052211186
32,10,2,no_new_outage,680,0.10872641396303,1.03206675194431,0,3,1,0.10872641396303,0,0,0.0652358483778179,0.00147932763395856,full_event_available,bernoulli_full_event,2,0,0.000515,7.61853731488659e-07,0.00761853731488659
32,11,2,no_new_outage,680,0.10872641396303,1.03206675194431,0,2,1,0.10872641396303,0,0,0.0652358483778179,0.877681654779003,full_event_available,bernoulli_full_event,2,0,0.000515,0.000452006052211186,4.52006052211186
32,12,2,no_new_outage,680,0.10872641396303,1.03206675194431,0,2,1,0.10872641396303,0,0,0.0652358483778179,0.877681654779003,full_event_available,bernoulli_full_event,2,0,0.000515,0.000452006052211186,4.52006052211186
32,13,2,no_new_outage,680,0.10872641396303,1.03206675194431,0,2,1,0.10872641396303,0,0,0.0652358483778179,0.877681654779003,full_event_available,bernoulli_full_event,2,0,0.000515,0.000452006052211186,4.52006052211186
32,14,2,no_new_outage,680,0.10872641396303,1.03206675194431,0,2,1,0.10872641396303,0,0,0.0652358483778179,0.877681654779003,full_event_available,bernoulli_full_event,2,0,0.000515,0.000452006052211186,4.52006052211186
32,15,2,no_new_outage,680,0.10872641396303,1.03206675194431,0,2,1,0.10872641396303,0,0,0.0652358483778179,0.877681654779003,full_event_available,bernoulli_full_event,2,0,0.000515,0.000452006052211186,4.52006052211186
32,16,2,no_new_outage,680,0.10872641396303,1.03206675194431,0,2,1,0.10872641396303,0,0,0.0652358483778179,0.877681654779003,full_event_available,bernoulli_full_event,2,0,0.000515,0.000452006052211186,4.52006052211186
32,17,2,no_new_outage,680,0.10872641396303,1.03206675194431,0,2,1,0.10872641396303,0,0,0.0652358483778179,0.877681654779003,full_event_available,bernoulli_full_event,2,0,0.000515,0.000452006052211186,4.52006052211186
32,18,2,no_new_outage,680,0.10872641396303,1.03206675194431,0,2,1,0.10872641396303,0,0,0.0652358483778179,0.877681654779003,full_event_available,bernoulli_full_event,2,0,0.000515,0.000452006052211186,4.52006052211186
32,19,2,no_new_outage,680,0.10872641396303,1.03206675194431,0,2,1,0.10872641396303,0,0,0.0652358483778179,0.877681654779003,full_event_available,bernoulli_full_event,2,0,0.000515,0.000452006052211186,4.52006052211186
32,20,2,no_new_outage,680,0.10872641396303,1.03206675194431,0,2,1,0.10872641396303,0,0,0.0652358483778179,0.877681654779003,full_event_available,bernoulli_full_event,2,0,0.000515,0.000452006052211186,4.52006052211186
32,21,2,no_new_outage,680,0.10872641396303,1.03206675194431,0,2,1,0.10872641396303,0,0,0.0652358483778179,0.877681654779003,full_event_available,bernoulli_full_event,2,0,0.000515,0.000452006052211186,4.52006052211186
32,22,2,no_new_outage,680,0.10872641396303,1.03206675194431,0,2,1,0.10872641396303,0,0,0.0652358483778179,0.877681654779003,full_event_available,bernoulli_full_event,2,0,0.000515,0.000452006052211186,4.52006052211186
32,23,2,no_new_outage,680,0.10872641396303,1.03206675194431,0,2,1,0.10872641396303,0,0,0.0652358483778179,0.877681654779003,full_event_available,bernoulli_full_event,2,0,0.000515,0.000452006052211186,4.52006052211186
32,24,2,no_new_outage,680,0.10872641396303,1.03206675194431,0,2,1,0.10872641396303,0,0,0.0652358483778179,0.877681654779003,full_event_available,bernoulli_full_event,2,0,0.000515,0.000452006052211186,4.52006052211186
32,25,5,max_depth_reached,2358.709,0.377138192871065,1.6703249248333,0.254002809367464,9,1,0.377138192871065,0.334370425834069,3.30203652177704,0.95356430524486,0.0009006477856817,full_event_available,bernoulli_full_event,5,0,0.000515,4.63833609626076e-07,0.00463833609626076
32,26,2,no_new_outage,680,0.10872641396303,1.03206675194431,0,2,1,0.10872641396303,0,0,0.0652358483778179,0.877681654779003,full_event_available,bernoulli_full_event,2,0,0.000515,0.000452006052211186,4.52006052211186
32,27,2,no_new_outage,680,0.10872641396303,1.03206675194431,0,2,1,0.10872641396303,0,0,0.0652358483778179,0.877681654779003,full_event_available,bernoulli_full_event,2,0,0.000515,0.000452006052211186,4.52006052211186
32,28,4,load_loss_threshold,2708.709,0.433100317704977,1.42347804073173,0.240544249436925,11,1,0.433100317704977,0,2.16489824493232,0.692839839609451,0.00116621831470775,full_event_available,bernoulli_full_event,4,0,0.000515,6.00602432074491e-07,0.00600602432074491
32,29,2,no_new_outage,680,0.10872641396303,1.03206675194431,0,2,1,0.10872641396303,0,0,0.0652358483778179,0.877681654779003,full_event_available,bernoulli_full_event,2,0,0.000515,0.000452006052211186,4.52006052211186
32,30,2,no_new_outage,680,0.10872641396303,1.03206675194431,0,2,1,0.10872641396303,0,0,0.0652358483778179,0.877681654779003,full_event_available,bernoulli_full_event,2,0,0.000515,0.000452006052211186,4.52006052211186
33,1,3,load_loss_threshold,4167.46,0.666342619315247,2.28600456759426,0.0756486925787235,16,0,1,1,1,1,3.65286194242831e-05,full_event_available,bernoulli_full_event,3,0,2.5e-05,9.13215485607078e-10,9.13215485607078e-06
33,2,5,max_depth_reached,4496.334,0.718926870294185,1.85893285404726,0.212404606639498,13,1,0.718926870294185,1.38363126990838,0.818603470934344,0.871803070345057,0.0522304214640514,full_event_available,bernoulli_full_event,5,0,2.5e-05,1.30576053660128e-06,0.0130576053660128
33,3,5,max_depth_reached,4479.853725,0.716291809703193,1.91668821112624,0.185280017019245,14,1,0.716291809703193,1.49748885904863,0.926400085096223,0.914552874650886,0.0611502154801765,full_event_available,bernoulli_full_event,5,0,2.5e-05,1.52875538700441e-06,0.0152875538700441
33,4,4,load_loss_threshold,2793.424,0.446645550291563,1.957835008061,0.124569355623458,12,1,0.446645550291563,3.78223689812175,1.4948322674815,1.32340116329559,6.48090091800844e-05,full_event_available,bernoulli_full_event,4,0,2.5e-05,1.62022522950211e-09,1.62022522950211e-05
33,5,5,max_depth_reached,3742.95,0.598466957563121,2.01060802841826,0.212404606639498,12,1,0.598466957563121,5.05304014209131,2.1929344060423,1.80827508416459,0.0288641342462971,full_event_available,bernoulli_full_event,5,0,2.5e-05,7.21603356157427e-07,0.00721603356157427
33,6,5,max_depth_reached,4479.853725,0.716291809703193,1.91668821112624,0.185280017019245,15,1,0.716291809703193,1.49748885904863,0.926400085096223,0.914552874650886,0.0605099080249987,full_event_available,bernoulli_full_event,5,0,2.5e-05,1.51274770062497e-06,0.0151274770062497
33,7,4,load_loss_threshold,4069.446,0.650670985876759,1.72642558017762,0.136082214951036,10,0,1,1,1,1,0.00497464967577686,full_event_available,bernoulli_full_event,4,0,2.5e-05,1.24366241894422e-07,0.00124366241894422
33,8,1,no_new_outage,0,0,0.967019517624292,0,1,1,0,0,0,0,0.100071000774988,full_event_available,bernoulli_full_event,1,0,2.5e-05,2.5017750193747e-06,0.025017750193747
33,9,4,load_loss_threshold,3329.1165,0.532298380456107,1.79184247779293,0.0584442062821666,11,1,0.532298380456107,1.37652268165377,0.467553650257333,0.688194294655885,0.000152972340727189,full_event_available,bernoulli_full_event,4,0,2.5e-05,3.82430851817973e-09,3.82430851817973e-05
33,10,5,max_depth_reached,4573.4485,0.731256845367056,1.72356503033599,0.202536054636292,12,1,0.731256845367056,0.284134989752651,0,0.495581105170763,0.00332374904996781,full_event_available,bernoulli_full_event,5,0,2.5e-05,8.30937262491953e-08,0.000830937262491953
33,11,4,load_loss_threshold,4073.086,0.651252991975031,1.72883729616729,0.136082214951036,13,0,1,1,1,1,4.34614983322893e-05,full_event_available,bernoulli_full_event,4,0,2.5e-05,1.08653745830723e-09,1.08653745830723e-05
33,12,5,max_depth_reached,3742.95,0.598466957563121,2.01060802841826,0.212404606639498,13,1,0.598466957563121,5.05304014209131,2.1929344060423,1.80827508416459,0.0313931196996004,full_event_available,bernoulli_full_event,5,0,2.5e-05,7.8482799249001e-07,0.0078482799249001
33,13,4,load_loss_threshold,4056.86,0.648658587867731,1.74124383656896,0.0802928753423139,14,0,1,1,1,1,0.00475755802133861,full_event_available,bernoulli_full_event,4,0,2.5e-05,1.18938950533465e-07,0.00118938950533465
33,14,4,load_loss_threshold,4073.086,0.651252991975031,1.72642558017762,0.136082214951036,11,0,1,1,1,1,0.0298517784064789,full_event_available,bernoulli_full_event,4,0,2.5e-05,7.46294460161972e-07,0.00746294460161972
33,15,4,load_loss_threshold,4073.086,0.651252991975031,1.72642558017762,0.136082214951036,11,0,1,1,1,1,0.0298517784064789,full_event_available,bernoulli_full_event,4,0,2.5e-05,7.46294460161972e-07,0.00746294460161972
33,16,4,load_loss_threshold,4606.405,0.736526318987309,1.72356503033599,0.158138929504724,13,1,0.736526318987309,0.28963905512076,0,0.499843602416538,1.26883004935571e-06,full_event_available,bernoulli_full_event,4,0,2.5e-05,3.17207512338928e-11,3.17207512338928e-07
33,17,4,load_loss_threshold,4069.446,0.650670985876759,1.72883729616729,0.136082214951036,11,0,1,1,1,1,0.00514990759303502,full_event_available,bernoulli_full_event,4,0,2.5e-05,1.28747689825875e-07,0.00128747689825875
33,18,1,no_new_outage,0,0,0.967019517624292,0,1,1,0,0,0,0,0.100071000774988,full_event_available,bernoulli_full_event,1,0,2.5e-05,2.5017750193747e-06,0.025017750193747
33,19,1,no_new_outage,0,0,0.967019517624292,0,1,1,0,0,0,0,0.100071000774988,full_event_available,bernoulli_full_event,1,0,2.5e-05,2.5017750193747e-06,0.025017750193747
33,20,4,load_loss_threshold,4474.3603,0.715413456172862,1.96259724935855,0.194483612647574,12,1,0.715413456172862,1.54385168390122,1.36138528853302,1.01029546819057,0.0113204610369744,full_event_available,bernoulli_full_event,4,0,2.5e-05,2.83011525924361e-07,0.00283011525924361
33,21,3,load_loss_threshold,1888.68,0.30198441694661,1.72883729616729,0,8,0,1,1,1,1,5.92573518746865e-05,full_event_available,bernoulli_full_event,3,0,2.5e-05,1.48143379686716e-09,1.48143379686716e-05
33,22,1,no_new_outage,0,0,0.967019517624292,0,1,1,0,0,0,0,0.100071000774988,full_event_available,bernoulli_full_event,1,0,2.5e-05,2.5017750193747e-06,0.025017750193747
33,23,5,max_depth_reached,3742.95,0.598466957563121,2.01060802841826,0.212404606639498,13,1,0.598466957563121,5.05304014209131,2.1929344060423,1.80827508416459,0.0313931196996004,full_event_available,bernoulli_full_event,5,0,2.5e-05,7.8482799249001e-07,0.0078482799249001
33,24,4,load_loss_threshold,3322.953575,0.531312979375559,1.67716782079597,0.11538601045134,10,1,0.531312979375559,1.45067040459241,1.44896060817092,0.898713990178002,1.68279342115407e-05,full_event_available,bernoulli_full_event,4,0,2.5e-05,4.20698355288518e-10,4.20698355288518e-06
33,25,4,load_loss_threshold,4474.3603,0.715413456172862,1.96259724935855,0.194483612647574,12,1,0.715413456172862,1.54385168390122,1.36138528853302,1.01029546819057,2.0279833049144e-05,full_event_available,bernoulli_full_event,4,0,2.5e-05,5.069958262286e-10,5.069958262286e-06
33,26,4,load_loss_threshold,4474.3603,0.715413456172862,1.96259724935855,0.194483612647574,11,1,0.715413456172862,1.54385168390122,1.36138528853302,1.01029546819057,0.0113560715446026,full_event_available,bernoulli_full_event,4,0,2.5e-05,2.83901788615064e-07,0.00283901788615064
33,27,5,max_depth_reached,4496.334,0.718926870294185,1.85893285404726,0.212404606639498,14,1,0.718926870294185,1.38363126990838,0.818603470934344,0.871803070345057,0.0568066881545873,full_event_available,bernoulli_full_event,5,0,2.5e-05,1.42016720386468e-06,0.0142016720386468
33,28,1,no_new_outage,0,0,0.967019517624292,0,1,1,0,0,0,0,0.100071000774988,full_event_available,bernoulli_full_event,1,0,2.5e-05,2.5017750193747e-06,0.025017750193747
33,29,4,load_loss_threshold,4056.86,0.648658587867731,1.74124383656896,0.0802928753423139,14,0,1,1,1,1,0.00475755802133861,full_event_available,bernoulli_full_event,4,0,2.5e-05,1.18938950533465e-07,0.00118938950533465
33,30,3,load_loss_threshold,2836.15,0.453477086707716,2.57726359113716,0.198799234426833,10,1,0.453477086707716,4.47465416038031,2.18679157869516,1.60437539983972,0.0102370060798128,full_event_available,bernoulli_full_event,3,0,2.5e-05,2.5592515199532e-07,0.0025592515199532
34,1,1,no_new_outage,0,0,0.922812812549746,0,1,1,0,0,0,0,0.653310761680534,full_event_available,bernoulli_full_event,1,0,2.5e-05,1.63327690420134e-05,0.163327690420134
34,2,1,no_new_outage,0,0,0.922812812549746,0,1,1,0,0,0,0,0.653310761680534,full_event_available,bernoulli_full_event,1,0,2.5e-05,1.63327690420134e-05,0.163327690420134
34,3,1,no_new_outage,0,0,0.922812812549746,0,1,1,0,0,0,0,0.653310761680534,full_event_available,bernoulli_full_event,1,0,2.5e-05,1.63327690420134e-05,0.163327690420134
34,4,1,no_new_outage,0,0,0.922812812549746,0,1,1,0,0,0,0,0.653310761680534,full_event_available,bernoulli_full_event,1,0,2.5e-05,1.63327690420134e-05,0.163327690420134
34,5,1,no_new_outage,0,0,0.922812812549746,0,1,1,0,0,0,0,0.653310761680534,full_event_available,bernoulli_full_event,1,0,2.5e-05,1.63327690420134e-05,0.163327690420134
34,6,1,no_new_outage,0,0,0.922812812549746,0,1,1,0,0,0,0,0.653310761680534,full_event_available,bernoulli_full_event,1,0,2.5e-05,1.63327690420134e-05,0.163327690420134
34,7,5,max_depth_reached,4479.853725,0.716291809703193,1.7619940485423,0.106033980006695,14,1,0.716291809703193,1.29087705158238,0.530169900033475,0.793984476145086,0.101024564633229,full_event_available,bernoulli_full_event,5,0,2.5e-05,2.52561411583072e-06,0.0252561411583072
34,8,1,no_new_outage,0,0,0.922812812549746,0,1,1,0,0,0,0,0.653310761680534,full_event_available,bernoulli_full_event,1,0,2.5e-05,1.63327690420134e-05,0.163327690420134
34,9,5,max_depth_reached,4479.853725,0.716291809703193,1.7619940485423,0.106033980006695,14,1,0.716291809703193,1.29087705158238,0.530169900033475,0.793984476145086,0.101024564633229,full_event_available,bernoulli_full_event,5,0,2.5e-05,2.52561411583072e-06,0.0252561411583072
34,10,2,no_new_outage,0,0,0.92413794801587,0,2,1,0,0,0,0,0.000648848251949045,full_event_available,bernoulli_full_event,2,0,2.5e-05,1.62212062987261e-08,0.000162212062987261
34,11,5,max_depth_reached,4479.853725,0.716291809703193,1.7619940485423,0.106033980006695,14,1,0.716291809703193,1.29087705158238,0.530169900033475,0.793984476145086,0.101024564633229,full_event_available,bernoulli_full_event,5,0,2.5e-05,2.52561411583072e-06,0.0252561411583072
34,12,1,no_new_outage,0,0,0.922812812549746,0,1,1,0,0,0,0,0.653310761680534,full_event_available,bernoulli_full_event,1,0,2.5e-05,1.63327690420134e-05,0.163327690420134
34,13,5,max_depth_reached,3719.40675,0.594702585290276,1.80878495404557,0.0952400589696362,13,1,0.594702585290276,4.8527097242734,0.952400589696362,1.51784361396812,0.0567442579196537,full_event_available,bernoulli_full_event,5,0,2.5e-05,1.41860644799134e-06,0.0141860644799134
34,14,5,max_depth_reached,4448.2772875,0.711242996739806,1.5889010732,0.194934184797658,12,1,0.711242996739806,1.76670321959999,1.75440766317893,1.13096797459967,0.00321118457437458,full_event_available,bernoulli_full_event,5,0,2.5e-05,8.02796143593644e-08,0.000802796143593644
34,15,1,no_new_outage,0,0,0.922812812549746,0,1,1,0,0,0,0,0.653310761680534,full_event_available,bernoulli_full_event,1,0,2.5e-05,1.63327690420134e-05,0.163327690420134
34,16,5,max_depth_reached,3165.1924,0.506088263463288,1.69788446272805,0.108818004454912,8,1,0.506088263463288,3.48942231364026,0.0751431017232065,1.01656604115067,0.00624226966766281,full_event_available,bernoulli_full_event,5,0,2.5e-05,1.5605674169157e-07,0.0015605674169157
34,17,1,no_new_outage,0,0,0.922812812549746,0,1,1,0,0,0,0,0.653310761680534,full_event_available,bernoulli_full_event,1,0,2.5e-05,1.63327690420134e-05,0.163327690420134
34,18,1,no_new_outage,0,0,0.922812812549746,0,1,1,0,0,0,0,0.653310761680534,full_event_available,bernoulli_full_event,1,0,2.5e-05,1.63327690420134e-05,0.163327690420134
34,19,5,max_depth_reached,4479.853725,0.716291809703193,1.7619940485423,0.106033980006695,15,1,0.716291809703193,1.29087705158238,0.530169900033475,0.793984476145086,0.0106766440353872,full_event_available,bernoulli_full_event,5,0,2.5e-05,2.66916100884681e-07,0.00266916100884681
34,20,1,no_new_outage,0,0,0.922812812549746,0,1,1,0,0,0,0,0.653310761680534,full_event_available,bernoulli_full_event,1,0,2.5e-05,1.63327690420134e-05,0.163327690420134
34,21,1,no_new_outage,0,0,0.922812812549746,0,1,1,0,0,0,0,0.653310761680534,full_event_available,bernoulli_full_event,1,0,2.5e-05,1.63327690420134e-05,0.163327690420134
34,22,1,no_new_outage,0,0,0.922812812549746,0,1,1,0,0,0,0,0.653310761680534,full_event_available,bernoulli_full_event,1,0,2.5e-05,1.63327690420134e-05,0.163327690420134
34,23,1,no_new_outage,0,0,0.922812812549746,0,1,1,0,0,0,0,0.653310761680534,full_event_available,bernoulli_full_event,1,0,2.5e-05,1.63327690420134e-05,0.163327690420134
34,24,5,max_depth_reached,3719.40675,0.594702585290276,1.80878495404557,0.0952400589696362,13,1,0.594702585290276,4.8527097242734,0.952400589696362,1.51784361396812,0.0567442579196537,full_event_available,bernoulli_full_event,5,0,2.5e-05,1.41860644799134e-06,0.0141860644799134
34,25,1,no_new_outage,0,0,0.922812812549746,0,1,1,0,0,0,0,0.653310761680534,full_event_available,bernoulli_full_event,1,0,2.5e-05,1.63327690420134e-05,0.163327690420134
34,26,1,no_new_outage,0,0,0.922812812549746,0,1,1,0,0,0,0,0.653310761680534,full_event_available,bernoulli_full_event,1,0,2.5e-05,1.63327690420134e-05,0.163327690420134
34,27,5,max_depth_reached,4479.853725,0.716291809703193,1.7619940485423,0.106033980006695,14,1,0.716291809703193,1.29087705158238,0.530169900033475,0.793984476145086,0.101024564633229,full_event_available,bernoulli_full_event,5,0,2.5e-05,2.52561411583072e-06,0.0252561411583072
34,28,1,no_new_outage,0,0,0.922812812549746,0,1,1,0,0,0,0,0.653310761680534,full_event_available,bernoulli_full_event,1,0,2.5e-05,1.63327690420134e-05,0.163327690420134
34,29,1,no_new_outage,0,0,0.922812812549746,0,1,1,0,0,0,0,0.653310761680534,full_event_available,bernoulli_full_event,1,0,2.5e-05,1.63327690420134e-05,0.163327690420134
34,30,1,no_new_outage,0,0,0.922812812549746,0,1,1,0,0,0,0,0.653310761680534,full_event_available,bernoulli_full_event,1,0,2.5e-05,1.63327690420134e-05,0.163327690420134
35,1,4,load_loss_threshold,4341.235,0.694127814295285,2.09296410244147,0,15,0,1,1,1,1,0.0200660152758284,full_event_available,bernoulli_full_event,4,0,0.000514,1.03139318517758e-05,0.103139318517758
35,2,4,load_loss_threshold,2503.93,0.400357837815366,2.52755422050137,0.144797157462595,11,1,0.400357837815366,7.63777110250686,1.88236304701373,2.14424153259334,0.00238460487616537,full_event_available,bernoulli_full_event,4,0,0.000514,1.225686906349e-06,0.01225686906349
35,3,4,load_loss_threshold,4341.235,0.694127814295285,2.09296410244147,0,15,0,1,1,1,1,0.0200660152758284,full_event_available,bernoulli_full_event,4,0,0.000514,1.03139318517758e-05,0.103139318517758
35,4,4,load_loss_threshold,2271.979,0.363270778337221,2.05838665223017,0.127250783714967,10,1,0.363270778337221,3.0982376134425,2.16326332315443,1.27026265432172,0.00172159110239155,full_event_available,bernoulli_full_event,4,0,0.000514,8.84897826629259e-07,0.00884897826629259
35,5,4,load_loss_threshold,4128.68,0.66014201588365,2.65055848000478,0.0720068411517331,15,0,1,1,1,1,0.0480487215597534,full_event_available,bernoulli_full_event,4,0,0.000514,2.46970428817132e-05,0.246970428817132
35,6,4,load_loss_threshold,4341.235,0.694127814295285,2.09296410244147,0,14,0,1,1,1,1,0.0274138629737898,full_event_available,bernoulli_full_event,4,0,0.000514,1.4090725568528e-05,0.14090725568528
35,7,4,load_loss_threshold,4341.235,0.694127814295285,2.09296410244147,0,15,0,1,1,1,1,0.0498954652479419,full_event_available,bernoulli_full_event,4,0,0.000514,2.56462691374421e-05,0.256462691374421
35,8,2,no_new_outage,556.1,0.0889158217718248,1.54995558844892,0,4,1,0.0889158217718248,0,0,0.0533494930630949,0.0284818317531195,full_event_available,bernoulli_full_event,2,0,0.000514,1.46396615211034e-05,0.146396615211034
35,9,5,max_depth_reached,3454.006,0.552267185568807,1.81811716835077,0.212404606639498,13,0,1,1,1,1,0.117379935169422,full_event_available,bernoulli_full_event,5,0,0.000514,6.03332866770828e-05,0.603332866770828
35,10,5,max_depth_reached,3418.103,0.546526590803344,1.83003733136084,0.0749294217348349,14,0,1,1,1,1,0.0402227234956536,full_event_available,bernoulli_full_event,5,0,0.000514,2.0674479876766e-05,0.20674479876766
35,11,5,max_depth_reached,3454.006,0.552267185568807,1.81811716835077,0.212404606639498,13,0,1,1,1,1,0.117379935169422,full_event_available,bernoulli_full_event,5,0,0.000514,6.03332866770828e-05,0.603332866770828
35,12,4,load_loss_threshold,4341.235,0.694127814295285,2.09296410244147,0,15,0,1,1,1,1,0.0498954652479419,full_event_available,bernoulli_full_event,4,0,0.000514,2.56462691374421e-05,0.256462691374421
35,13,5,max_depth_reached,3413.02765,0.545715084031128,1.86069374622677,0.0855635984653063,14,0,1,1,1,1,0.00450248319942455,full_event_available,bernoulli_full_event,5,0,0.000514,2.31427636450422e-06,0.0231427636450422
35,14,4,load_loss_threshold,4128.68,0.66014201588365,2.65055848000478,0.0720068411517331,15,0,1,1,1,1,0.0480487215597534,full_event_available,bernoulli_full_event,4,0,0.000514,2.46970428817132e-05,0.246970428817132
35,15,4,load_loss_threshold,1993.93,0.318813027343094,1.75504897898826,0.150351282338094,10,1,0.318813027343094,2.30824634227548,2.10491795273332,1.07392067540762,0.0631224842551684,full_event_available,bernoulli_full_event,4,0,0.000514,3.24449569071566e-05,0.324449569071566
35,16,4,load_loss_threshold,2922.846,0.467339064920862,1.54995558844892,0.0653643597942569,12,0,1,1,1,1,0.0224825843438782,full_event_available,bernoulli_full_event,4,0,0.000514,1.15560483527534e-05,0.115560483527534
35,17,4,load_loss_threshold,4341.235,0.694127814295285,2.09296410244147,0,15,0,1,1,1,1,0.0498954652479419,full_event_available,bernoulli_full_event,4,0,0.000514,2.56462691374421e-05,0.256462691374421
35,18,4,load_loss_threshold,2753.95,0.440333981961009,1.75504897898826,0,11,0,1,1,1,1,0.0205122796966747,full_event_available,bernoulli_full_event,4,0,0.000514,1.05433117640908e-05,0.105433117640908
35,19,4,load_loss_threshold,4128.68,0.66014201588365,2.65055848000478,0.0720068411517331,15,0,1,1,1,1,0.0480487215597534,full_event_available,bernoulli_full_event,4,0,0.000514,2.46970428817132e-05,0.246970428817132
35,20,4,load_loss_threshold,4341.235,0.694127814295285,2.09296410244147,0,16,0,1,1,1,1,0.0365217834792949,full_event_available,bernoulli_full_event,4,0,0.000514,1.87721967083576e-05,0.187721967083576
35,21,4,load_loss_threshold,4341.235,0.694127814295285,2.09296410244147,0,14,0,1,1,1,1,0.0142582833656008,full_event_available,bernoulli_full_event,4,0,0.000514,7.32875764991883e-06,0.0732875764991883
35,22,4,load_loss_threshold,4341.235,0.694127814295285,2.09296410244147,0,16,0,1,1,1,1,0.0365217834792949,full_event_available,bernoulli_full_event,4,0,0.000514,1.87721967083576e-05,0.187721967083576
35,23,4,load_loss_threshold,4128.68,0.66014201588365,2.65055848000478,0.0720068411517331,15,0,1,1,1,1,0.0480487215597534,full_event_available,bernoulli_full_event,4,0,0.000514,2.46970428817132e-05,0.246970428817132
35,24,4,load_loss_threshold,4341.235,0.694127814295285,2.09296410244147,0,14,0,1,1,1,1,0.0274138629737898,full_event_available,bernoulli_full_event,4,0,0.000514,1.4090725568528e-05,0.14090725568528
35,25,5,max_depth_reached,5052.63,0.807874030855917,1.76323035042226,0.128331773141267,19,1,0.807874030855917,0,0,0.48472441851355,0.00332461858758933,full_event_available,bernoulli_full_event,5,0,0.000514,1.70885395402091e-06,0.0170885395402091
35,26,4,load_loss_threshold,4128.68,0.66014201588365,2.65055848000478,0.0720068411517331,14,0,1,1,1,1,0.0264104231534592,full_event_available,bernoulli_full_event,4,0,0.000514,1.3574957500878e-05,0.13574957500878
35,27,4,load_loss_threshold,4128.68,0.66014201588365,2.65055848000478,0.0720068411517331,15,0,1,1,1,1,0.0480487215597534,full_event_available,bernoulli_full_event,4,0,0.000514,2.46970428817132e-05,0.246970428817132
35,28,5,max_depth_reached,3454.006,0.552267185568807,1.81811716835077,0.212404606639498,13,0,1,1,1,1,0.117379935169422,full_event_available,bernoulli_full_event,5,0,0.000514,6.03332866770828e-05,0.603332866770828
35,29,5,max_depth_reached,3454.006,0.552267185568807,1.74835903910823,0.199992902465965,12,0,1,1,1,1,0.00285143005519362,full_event_available,bernoulli_full_event,5,0,0.000514,1.46563504836952e-06,0.0146563504836952
35,30,5,max_depth_reached,3454.006,0.552267185568807,1.81855617610916,0.212404606639498,12,0,1,1,1,1,0.0632828853541764,full_event_available,bernoulli_full_event,5,0,0.000514,3.25274030720467e-05,0.325274030720467
36,1,1,no_new_outage,0,0,0.792636169762817,0,1,1,0,0,0,0,0.934292092393927,full_event_available,bernoulli_full_event,1,0,0.000582,0.000543757997773266,5.43757997773266
36,2,1,no_new_outage,0,0,0.792636169762817,0,1,1,0,0,0,0,0.934292092393927,full_event_available,bernoulli_full_event,1,0,0.000582,0.000543757997773266,5.43757997773266
36,3,1,no_new_outage,0,0,0.792636169762817,0,1,1,0,0,0,0,0.934292092393927,full_event_available,bernoulli_full_event,1,0,0.000582,0.000543757997773266,5.43757997773266
36,4,1,no_new_outage,0,0,0.792636169762817,0,1,1,0,0,0,0,0.934292092393927,full_event_available,bernoulli_full_event,1,0,0.000582,0.000543757997773266,5.43757997773266
36,5,1,no_new_outage,0,0,0.792636169762817,0,1,1,0,0,0,0,0.934292092393927,full_event_available,bernoulli_full_event,1,0,0.000582,0.000543757997773266,5.43757997773266
36,6,1,no_new_outage,0,0,0.792636169762817,0,1,1,0,0,0,0,0.934292092393927,full_event_available,bernoulli_full_event,1,0,0.000582,0.000543757997773266,5.43757997773266
36,7,1,no_new_outage,0,0,0.792636169762817,0,1,1,0,0,0,0,0.934292092393927,full_event_available,bernoulli_full_event,1,0,0.000582,0.000543757997773266,5.43757997773266
36,8,1,no_new_outage,0,0,0.792636169762817,0,1,1,0,0,0,0,0.934292092393927,full_event_available,bernoulli_full_event,1,0,0.000582,0.000543757997773266,5.43757997773266
36,9,1,no_new_outage,0,0,0.792636169762817,0,1,1,0,0,0,0,0.934292092393927,full_event_available,bernoulli_full_event,1,0,0.000582,0.000543757997773266,5.43757997773266
36,10,1,no_new_outage,0,0,0.792636169762817,0,1,1,0,0,0,0,0.934292092393927,full_event_available,bernoulli_full_event,1,0,0.000582,0.000543757997773266,5.43757997773266
36,11,1,no_new_outage,0,0,0.792636169762817,0,1,1,0,0,0,0,0.934292092393927,full_event_available,bernoulli_full_event,1,0,0.000582,0.000543757997773266,5.43757997773266
36,12,1,no_new_outage,0,0,0.792636169762817,0,1,1,0,0,0,0,0.934292092393927,full_event_available,bernoulli_full_event,1,0,0.000582,0.000543757997773266,5.43757997773266
36,13,1,no_new_outage,0,0,0.792636169762817,0,1,1,0,0,0,0,0.934292092393927,full_event_available,bernoulli_full_event,1,0,0.000582,0.000543757997773266,5.43757997773266
36,14,1,no_new_outage,0,0,0.792636169762817,0,1,1,0,0,0,0,0.934292092393927,full_event_available,bernoulli_full_event,1,0,0.000582,0.000543757997773266,5.43757997773266
36,15,1,no_new_outage,0,0,0.792636169762817,0,1,1,0,0,0,0,0.934292092393927,full_event_available,bernoulli_full_event,1,0,0.000582,0.000543757997773266,5.43757997773266
36,16,1,no_new_outage,0,0,0.792636169762817,0,1,1,0,0,0,0,0.934292092393927,full_event_available,bernoulli_full_event,1,0,0.000582,0.000543757997773266,5.43757997773266
36,17,1,no_new_outage,0,0,0.792636169762817,0,1,1,0,0,0,0,0.934292092393927,full_event_available,bernoulli_full_event,1,0,0.000582,0.000543757997773266,5.43757997773266
36,18,1,no_new_outage,0,0,0.792636169762817,0,1,1,0,0,0,0,0.934292092393927,full_event_available,bernoulli_full_event,1,0,0.000582,0.000543757997773266,5.43757997773266
36,19,1,no_new_outage,0,0,0.792636169762817,0,1,1,0,0,0,0,0.934292092393927,full_event_available,bernoulli_full_event,1,0,0.000582,0.000543757997773266,5.43757997773266
36,20,1,no_new_outage,0,0,0.792636169762817,0,1,1,0,0,0,0,0.934292092393927,full_event_available,bernoulli_full_event,1,0,0.000582,0.000543757997773266,5.43757997773266
36,21,1,no_new_outage,0,0,0.792636169762817,0,1,1,0,0,0,0,0.934292092393927,full_event_available,bernoulli_full_event,1,0,0.000582,0.000543757997773266,5.43757997773266
36,22,1,no_new_outage,0,0,0.792636169762817,0,1,1,0,0,0,0,0.934292092393927,full_event_available,bernoulli_full_event,1,0,0.000582,0.000543757997773266,5.43757997773266
36,23,5,max_depth_reached,2748.2611,0.439424373583958,2.03937455445432,0.210467110238059,11,0,1,1,1,1,6.66547577176628e-06,full_event_available,bernoulli_full_event,5,0,0.000582,3.87930689916797e-09,3.87930689916797e-05
36,24,1,no_new_outage,0,0,0.792636169762817,0,1,1,0,0,0,0,0.934292092393927,full_event_available,bernoulli_full_event,1,0,0.000582,0.000543757997773266,5.43757997773266
36,25,1,no_new_outage,0,0,0.792636169762817,0,1,1,0,0,0,0,0.934292092393927,full_event_available,bernoulli_full_event,1,0,0.000582,0.000543757997773266,5.43757997773266
36,26,1,no_new_outage,0,0,0.792636169762817,0,1,1,0,0,0,0,0.934292092393927,full_event_available,bernoulli_full_event,1,0,0.000582,0.000543757997773266,5.43757997773266
36,27,1,no_new_outage,0,0,0.792636169762817,0,1,1,0,0,0,0,0.934292092393927,full_event_available,bernoulli_full_event,1,0,0.000582,0.000543757997773266,5.43757997773266
36,28,1,no_new_outage,0,0,0.792636169762817,0,1,1,0,0,0,0,0.934292092393927,full_event_available,bernoulli_full_event,1,0,0.000582,0.000543757997773266,5.43757997773266
36,29,1,no_new_outage,0,0,0.792636169762817,0,1,1,0,0,0,0,0.934292092393927,full_event_available,bernoulli_full_event,1,0,0.000582,0.000543757997773266,5.43757997773266
36,30,1,no_new_outage,0,0,0.792636169762817,0,1,1,0,0,0,0,0.934292092393927,full_event_available,bernoulli_full_event,1,0,0.000582,0.000543757997773266,5.43757997773266
37,1,4,load_loss_threshold,3142.59,0.502474325376585,1.80911721183317,0.212404606639498,9,1,0.502474325376585,2.4273516354995,1.87383340027468,1.16172160238079,0.0789914845133106,full_event_available,bernoulli_full_event,4,0,0.000502,3.96537252256819e-05,0.396537252256819
37,2,4,load_loss_threshold,4453.886,0.712139783794328,1.73412671267472,0.1386068580351,13,0,1,1,1,1,0.0505612034740697,full_event_available,bernoulli_full_event,4,0,0.000502,2.5381724143983e-05,0.25381724143983
37,3,4,load_loss_threshold,3082.14815,0.492810170076892,1.70375217580951,0.0166039946105375,10,0,1,1,1,1,0.0125117405977392,full_event_available,bernoulli_full_event,4,0,0.000502,6.28089378006506e-06,0.0628089378006506
37,4,3,load_loss_threshold,3229.789,0.516416729157706,1.97670877916652,0,8,0,1,1,1,1,0.00841555511607981,full_event_available,bernoulli_full_event,3,0,0.000502,4.22460866827207e-06,0.0422460866827206
37,5,4,load_loss_threshold,4859.9203,0.7770613328899,1.97670877916652,0.11263042774152,13,0,1,1,1,1,0.00382630293120045,full_event_available,bernoulli_full_event,4,0,0.000502,1.92080407146263e-06,0.0192080407146263
37,6,4,load_loss_threshold,3087.2235,0.493621676849109,1.80761582900794,0.0123597287000559,10,0,1,1,1,1,0.0599182818025092,full_event_available,bernoulli_full_event,4,0,0.000502,3.00789774648596e-05,0.300789774648596
37,7,1,no_new_outage,0,0,0.973348395573221,0,1,1,0,0,0,0,0.0597959777304668,full_event_available,bernoulli_full_event,1,0,0.000502,3.00175808206943e-05,0.300175808206943
37,8,4,load_loss_threshold,4859.9203,0.7770613328899,1.97670877916652,0.11263042774152,13,0,1,1,1,1,0.00382630293120045,full_event_available,bernoulli_full_event,4,0,0.000502,1.92080407146263e-06,0.0192080407146263
37,9,4,load_loss_threshold,3137.8132,0.501710554296852,1.50241060350763,0.212404606639498,9,0,1,1,1,1,0.00914671784136458,full_event_available,bernoulli_full_event,4,0,0.000502,4.59165235636502e-06,0.0459165235636502
37,10,4,load_loss_threshold,3087.2235,0.493621676849109,1.80730204108502,0.0123597287000559,11,0,1,1,1,1,0.0713495701158728,full_event_available,bernoulli_full_event,4,0,0.000502,3.58174841981681e-05,0.358174841981681
37,11,4,load_loss_threshold,3087.2235,0.493621676849109,1.80761582900794,0.0123597287000559,10,0,1,1,1,1,0.0599182818025092,full_event_available,bernoulli_full_event,4,0,0.000502,3.00789774648596e-05,0.300789774648596
37,12,4,load_loss_threshold,3142.59,0.502474325376585,1.80911721183317,0.212404606639498,10,1,0.502474325376585,2.4273516354995,1.87383340027468,1.16172160238079,0.103543187885648,full_event_available,bernoulli_full_event,4,0,0.000502,5.19786803185951e-05,0.519786803185951
37,13,1,no_new_outage,0,0,0.973348395573221,0,1,1,0,0,0,0,0.0597959777304668,full_event_available,bernoulli_full_event,1,0,0.000502,3.00175808206943e-05,0.300175808206943
37,14,4,load_loss_threshold,3087.2235,0.493621676849109,1.80730204108502,0.0123597287000559,11,0,1,1,1,1,0.0713495701158728,full_event_available,bernoulli_full_event,4,0,0.000502,3.58174841981681e-05,0.358174841981681
37,15,4,load_loss_threshold,3997.829,0.639220015893243,1.68263092230754,0.0719567780333777,11,0,1,1,1,1,0.0152561634662339,full_event_available,bernoulli_full_event,4,0,0.000502,7.65859406004942e-06,0.0765859406004942
37,16,4,load_loss_threshold,4453.886,0.712139783794328,1.7401567098701,0.171103943294269,14,0,1,1,1,1,6.00836908235277e-05,full_event_available,bernoulli_full_event,4,0,0.000502,3.01620127934109e-08,0.000301620127934109
37,17,4,load_loss_threshold,3087.2235,0.493621676849109,1.80730204108502,0.0123597287000559,11,0,1,1,1,1,0.0713495701158728,full_event_available,bernoulli_full_event,4,0,0.000502,3.58174841981681e-05,0.358174841981681
37,18,4,load_loss_threshold,4453.886,0.712139783794328,1.73412671267472,0.1386068580351,13,0,1,1,1,1,0.0505612034740697,full_event_available,bernoulli_full_event,4,0,0.000502,2.5381724143983e-05,0.25381724143983
37,19,4,load_loss_threshold,5280.934,0.844377964993293,1.97670877916652,0.11263042774152,16,1,0.844377964993293,0,0,0.506626778995976,0.00125437728728959,full_event_available,bernoulli_full_event,4,0,0.000502,6.29697398219372e-07,0.00629697398219372
37,20,4,load_loss_threshold,2900.929,0.463834716663762,1.50241060350763,0.118158750392783,13,0,1,1,1,1,1.06076714074767e-05,full_event_available,bernoulli_full_event,4,0,0.000502,5.3250510465533e-09,5.3250510465533e-05
37,21,4,load_loss_threshold,5275.669,0.843536134744005,1.97670877916652,0.11263042774152,15,1,0.843536134744005,0,0,0.506121680846403,0.00130431238367321,full_event_available,bernoulli_full_event,4,0,0.000502,6.54764816603954e-07,0.00654764816603954
37,22,5,max_depth_reached,4864.223725,0.777749415195796,1.94682368995747,0.104716270397934,15,0,1,1,1,1,0.00183578580515444,full_event_available,bernoulli_full_event,5,0,0.000502,9.21564474187531e-07,0.00921564474187531
37,23,4,load_loss_threshold,2466.63,0.394393874225924,1.83019281925931,0.212404606639498,12,1,0.394393874225924,3.04237664843899,3.39847370623197,1.52480639546975,0.000137965350243194,full_event_available,bernoulli_full_event,4,0,0.000502,6.92586058220832e-08,0.000692586058220832
37,24,4,load_loss_threshold,3087.2235,0.493621676849109,1.80761582900794,0.0123597287000559,10,0,1,1,1,1,0.0599182818025092,full_event_available,bernoulli_full_event,4,0,0.000502,3.00789774648596e-05,0.300789774648596
37,25,3,load_loss_threshold,2553.0395,0.408210043442598,1.42511185833692,0.0374246975978784,8,0,1,1,1,1,0.00424877598764715,full_event_available,bernoulli_full_event,3,0,0.000502,2.13288554579887e-06,0.0213288554579887
37,26,4,load_loss_threshold,3997.829,0.639220015893243,1.68263092230754,0.0719567780333777,11,0,1,1,1,1,0.0152561634662339,full_event_available,bernoulli_full_event,4,0,0.000502,7.65859406004942e-06,0.0765859406004942
37,27,4,load_loss_threshold,4453.886,0.712139783794328,1.73174093931596,0.1386068580351,13,0,1,1,1,1,6.33863938335243e-05,full_event_available,bernoulli_full_event,4,0,0.000502,3.18199697044292e-08,0.000318199697044292
37,28,4,load_loss_threshold,3142.59,0.502474325376585,1.80911721183317,0.212404606639498,10,1,0.502474325376585,2.4273516354995,1.87383340027468,1.16172160238079,0.103543187885648,full_event_available,bernoulli_full_event,4,0,0.000502,5.19786803185951e-05,0.519786803185951
37,29,4,load_loss_threshold,3142.59,0.502474325376585,1.80911721183317,0.212404606639498,10,1,0.502474325376585,2.4273516354995,1.87383340027468,1.16172160238079,0.103543187885648,full_event_available,bernoulli_full_event,4,0,0.000502,5.19786803185951e-05,0.519786803185951
37,30,4,load_loss_threshold,3087.2235,0.493621676849109,1.80730204108502,0.0123597287000559,11,0,1,1,1,1,0.0713495701158728,full_event_available,bernoulli_full_event,4,0,0.000502,3.58174841981681e-05,0.358174841981681
38,1,4,load_loss_threshold,4319.437,0.690642493160629,2.11149344967049,0,15,0,1,1,1,1,0.0423566293096968,full_event_available,bernoulli_full_event,4,0,0.000377,1.59684492497557e-05,0.159684492497557
38,2,5,max_depth_reached,3434.63,0.549169122338002,1.86352643894643,0.212404606639498,12,0,1,1,1,1,0.095770603298702,full_event_available,bernoulli_full_event,5,0,0.000377,3.61055174436107e-05,0.361055174436107
38,3,4,load_loss_threshold,1967.98,0.314663835516123,1.75884952304274,0.113474245184421,9,1,0.314663835516123,2.25306826117576,1.36169094221305,0.911750141987436,0.103576880898333,full_event_available,bernoulli_full_event,4,0,0.000377,3.90484840986716e-05,0.390484840986716
38,4,5,max_depth_reached,3434.63,0.549169122338002,1.86352643894643,0.212404606639498,12,0,1,1,1,1,0.095770603298702,full_event_available,bernoulli_full_event,5,0,0.000377,3.61055174436107e-05,0.361055174436107
38,5,4,load_loss_threshold,3553.438,0.568165545558766,2.11149344967049,0.0465139687022899,14,1,0.568165545558766,2.82822442889165,0.325597780916029,0.971663769296796,0.00626770391015978,full_event_available,bernoulli_full_event,4,0,0.000377,2.36292437413024e-06,0.0236292437413024
38,6,4,load_loss_threshold,4319.437,0.690642493160629,2.11149344967049,0,14,0,1,1,1,1,0.0580526158929604,full_event_available,bernoulli_full_event,4,0,0.000377,2.18858361916461e-05,0.218858361916461
38,7,4,load_loss_threshold,3628.46,0.580160947071022,2.6586769547881,0.104125631179243,12,1,0.580160947071022,3.05643161450707,0.624753787075458,1.08433364855912,0.00179142996376014,full_event_available,bernoulli_full_event,4,0,0.000377,6.75369096337574e-07,0.00675369096337574
38,8,4,load_loss_threshold,4319.437,0.690642493160629,2.11149344967049,0,15,0,1,1,1,1,0.0423566293096968,full_event_available,bernoulli_full_event,4,0,0.000377,1.59684492497557e-05,0.159684492497557
38,9,4,load_loss_threshold,4104.46,0.656269436845143,2.6586769547881,0.0440561294017037,13,0,1,1,1,1,0.0591165118978059,full_event_available,bernoulli_full_event,4,0,0.000377,2.22869249854728e-05,0.222869249854728
38,10,4,load_loss_threshold,4319.437,0.690642493160629,2.11149344967049,0,14,0,1,1,1,1,0.0580526158929604,full_event_available,bernoulli_full_event,4,0,0.000377,2.18858361916461e-05,0.218858361916461
38,11,4,load_loss_threshold,4104.46,0.656269436845143,2.6586769547881,0.0440561294017037,14,0,1,1,1,1,0.180335871147164,full_event_available,bernoulli_full_event,4,0,0.000377,6.79866234224809e-05,0.679866234224809
38,12,5,max_depth_reached,3434.63,0.549169122338002,1.86352643894643,0.212404606639498,12,0,1,1,1,1,0.095770603298702,full_event_available,bernoulli_full_event,5,0,0.000377,3.61055174436107e-05,0.361055174436107
38,13,4,load_loss_threshold,4319.437,0.690642493160629,2.11149344967049,0,14,0,1,1,1,1,0.0580526158929604,full_event_available,bernoulli_full_event,4,0,0.000377,2.18858361916461e-05,0.218858361916461
38,14,5,max_depth_reached,3434.63,0.549169122338002,1.86352643894643,0.212404606639498,12,0,1,1,1,1,0.095770603298702,full_event_available,bernoulli_full_event,5,0,0.000377,3.61055174436107e-05,0.361055174436107
38,15,3,load_loss_threshold,2597.759,0.415360324132627,1.44145699769271,0.240544249436938,12,1,0.415360324132627,0.099483210315676,2.16489824493244,0.7020924855292,0.00139046907324502,full_event_available,bernoulli_full_event,3,0,0.000377,5.24206840613374e-07,0.00524206840613374
38,16,4,load_loss_threshold,1967.98,0.314663835516123,1.75884952304274,0.113474245184421,9,1,0.314663835516123,2.25306826117576,1.36169094221305,0.911750141987436,0.103576880898333,full_event_available,bernoulli_full_event,4,0,0.000377,3.90484840986716e-05,0.390484840986716
38,17,4,load_loss_threshold,4104.46,0.656269436845143,2.6586769547881,0.0440561294017037,13,0,1,1,1,1,0.0591165118978059,full_event_available,bernoulli_full_event,4,0,0.000377,2.22869249854728e-05,0.222869249854728
38,18,5,max_depth_reached,3434.63,0.549169122338002,1.86352643894643,0.212404606639498,12,0,1,1,1,1,0.095770603298702,full_event_available,bernoulli_full_event,5,0,0.000377,3.61055174436107e-05,0.361055174436107
38,19,5,max_depth_reached,3434.63,0.549169122338002,1.86352643894643,0.212404606639498,12,0,1,1,1,1,0.095770603298702,full_event_available,bernoulli_full_event,5,0,0.000377,3.61055174436107e-05,0.361055174436107
38,20,4,load_loss_threshold,3553.438,0.568165545558766,2.11149344967049,0.149222462160796,14,1,0.568165545558766,3.7021950683413,1.34300215944717,1.34993877289295,0.0383074493291953,full_event_available,bernoulli_full_event,4,0,0.000377,1.44419083971066e-05,0.144419083971066
38,21,4,load_loss_threshold,4319.437,0.690642493160629,2.11149344967049,0,14,0,1,1,1,1,0.0580526158929604,full_event_available,bernoulli_full_event,4,0,0.000377,2.18858361916461e-05,0.218858361916461
38,22,5,max_depth_reached,3434.63,0.549169122338002,1.86352643894643,0.212404606639498,12,0,1,1,1,1,0.095770603298702,full_event_available,bernoulli_full_event,5,0,0.000377,3.61055174436107e-05,0.361055174436107
38,23,4,load_loss_threshold,4104.46,0.656269436845143,2.6586769547881,0.0440561294017037,14,0,1,1,1,1,0.180335871147164,full_event_available,bernoulli_full_event,4,0,0.000377,6.79866234224809e-05,0.679866234224809
38,24,4,load_loss_threshold,4104.46,0.656269436845143,2.6586769547881,0.0440561294017037,14,0,1,1,1,1,0.180335871147164,full_event_available,bernoulli_full_event,4,0,0.000377,6.79866234224809e-05,0.679866234224809
38,25,4,load_loss_threshold,1967.98,0.314663835516123,1.75639019209947,0.113474245184421,8,1,0.314663835516123,2.25306826117576,1.36169094221305,0.911750141987436,0.0339538876708957,full_event_available,bernoulli_full_event,4,0,0.000377,1.28006156519277e-05,0.128006156519277
38,26,4,load_loss_threshold,4104.46,0.656269436845143,2.6586769547881,0.0440561294017037,14,0,1,1,1,1,0.180335871147164,full_event_available,bernoulli_full_event,4,0,0.000377,6.79866234224809e-05,0.679866234224809
38,27,4,load_loss_threshold,1967.98,0.314663835516123,1.75884952304274,0.113474245184421,9,1,0.314663835516123,2.25306826117576,1.36169094221305,0.911750141987436,0.103576880898333,full_event_available,bernoulli_full_event,4,0,0.000377,3.90484840986716e-05,0.390484840986716
38,28,4,load_loss_threshold,2247.759,0.359398199298715,2.05933648700778,0.0808357683684506,9,1,0.359398199298715,2.98075211553483,1.29337229389521,1.07046380146524,0.00469600557988481,full_event_available,bernoulli_full_event,4,0,0.000377,1.77039410361657e-06,0.0177039410361657
38,29,4,load_loss_threshold,4104.46,0.656269436845143,2.6586769547881,0.0440561294017037,15,0,1,1,1,1,0.000284485456342838,full_event_available,bernoulli_full_event,4,0,0.000377,1.0725101704125e-07,0.0010725101704125
38,30,4,load_loss_threshold,1967.98,0.314663835516123,1.75884952304274,0.113474245184421,9,1,0.314663835516123,2.25306826117576,1.36169094221305,0.911750141987436,0.103576880898333,full_event_available,bernoulli_full_event,4,0,0.000377,3.90484840986716e-05,0.390484840986716
39,1,4,load_loss_threshold,2564.8645,0.410100763803058,1.98416415158071,0.0900399673083297,12,1,0.410100763803058,4.92082075790356,0.810359705774968,1.39229655101754,4.91050007348945e-05,full_event_available,bernoulli_full_event,4,0,0.000445,2.1851725327028e-08,0.00021851725327028
39,2,1,no_new_outage,0,0,0.937449819215107,0,1,1,0,0,0,0,0.466137204053073,full_event_available,bernoulli_full_event,1,0,0.000445,0.000207431055803618,2.07431055803618
39,3,1,no_new_outage,0,0,0.937449819215107,0,1,1,0,0,0,0,0.466137204053073,full_event_available,bernoulli_full_event,1,0,0.000445,0.000207431055803618,2.07431055803618
39,4,1,no_new_outage,0,0,0.937449819215107,0,1,1,0,0,0,0,0.466137204053073,full_event_available,bernoulli_full_event,1,0,0.000445,0.000207431055803618,2.07431055803618
39,5,4,load_loss_threshold,3087.2235,0.493621676849109,1.82247099951763,0.0635707002765417,11,1,0.493621676849109,2.46741299855289,0.572136302488875,0.904082866317818,0.0355539191247655,full_event_available,bernoulli_full_event,4,0,0.000445,1.58214940105206e-05,0.158214940105206
39,6,4,load_loss_threshold,3087.2235,0.493621676849109,1.82247099951763,0.0635707002765417,11,1,0.493621676849109,2.46741299855289,0.572136302488875,0.904082866317818,0.0355539191247655,full_event_available,bernoulli_full_event,4,0,0.000445,1.58214940105206e-05,0.158214940105206
39,7,1,no_new_outage,0,0,0.937449819215107,0,1,1,0,0,0,0,0.466137204053073,full_event_available,bernoulli_full_event,1,0,0.000445,0.000207431055803618,2.07431055803618
39,8,1,no_new_outage,0,0,0.937449819215107,0,1,1,0,0,0,0,0.466137204053073,full_event_available,bernoulli_full_event,1,0,0.000445,0.000207431055803618,2.07431055803618
39,9,1,no_new_outage,0,0,0.937449819215107,0,1,1,0,0,0,0,0.466137204053073,full_event_available,bernoulli_full_event,1,0,0.000445,0.000207431055803618,2.07431055803618
39,10,1,no_new_outage,0,0,0.937449819215107,0,1,1,0,0,0,0,0.466137204053073,full_event_available,bernoulli_full_event,1,0,0.000445,0.000207431055803618,2.07431055803618
39,11,4,load_loss_threshold,3521.829,0.563111526119123,1.63834510328003,0.0455860885150249,10,0,1,1,1,1,0.000465482617657694,full_event_available,bernoulli_full_event,4,0,0.000445,2.07139764857674e-07,0.00207139764857674
39,12,1,no_new_outage,0,0,0.937449819215107,0,1,1,0,0,0,0,0.466137204053073,full_event_available,bernoulli_full_event,1,0,0.000445,0.000207431055803618,2.07431055803618
39,13,1,no_new_outage,0,0,0.937449819215107,0,1,1,0,0,0,0,0.466137204053073,full_event_available,bernoulli_full_event,1,0,0.000445,0.000207431055803618,2.07431055803618
39,14,4,load_loss_threshold,3087.2235,0.493621676849109,1.82247099951763,0.0635707002765417,10,1,0.493621676849109,2.46741299855289,0.572136302488875,0.904082866317818,0.141807029533621,full_event_available,bernoulli_full_event,4,0,0.000445,6.31041281424616e-05,0.631041281424615
39,15,4,load_loss_threshold,4095.13,0.654777646488856,2.45838411327502,0.0106229567109527,19,1,0.654777646488856,4.22581515646348,0.00871033848782576,1.23977168688357,1.70162333487965e-06,full_event_available,bernoulli_full_event,4,0,0.000445,7.57222384021445e-10,7.57222384021445e-06
39,16,1,no_new_outage,0,0,0.937449819215107,0,1,1,0,0,0,0,0.466137204053073,full_event_available,bernoulli_full_event,1,0,0.000445,0.000207431055803618,2.07431055803618
39,17,4,load_loss_threshold,3087.2235,0.493621676849109,1.82247099951763,0.0635707002765417,10,1,0.493621676849109,2.46741299855289,0.572136302488875,0.904082866317818,0.141807029533621,full_event_available,bernoulli_full_event,4,0,0.000445,6.31041281424616e-05,0.631041281424615
39,18,4,load_loss_threshold,3087.2235,0.493621676849109,1.82247099951763,0.0635707002765417,10,1,0.493621676849109,2.46741299855289,0.572136302488875,0.904082866317818,0.141807029533621,full_event_available,bernoulli_full_event,4,0,0.000445,6.31041281424616e-05,0.631041281424615
39,19,4,load_loss_threshold,3087.2235,0.493621676849109,1.82247099951763,0.0635707002765417,10,1,0.493621676849109,2.46741299855289,0.572136302488875,0.904082866317818,0.141807029533621,full_event_available,bernoulli_full_event,4,0,0.000445,6.31041281424616e-05,0.631041281424615
39,20,4,load_loss_threshold,3087.2235,0.493621676849109,1.82247099951763,0.0635707002765417,10,1,0.493621676849109,2.46741299855289,0.572136302488875,0.904082866317818,0.141807029533621,full_event_available,bernoulli_full_event,4,0,0.000445,6.31041281424616e-05,0.631041281424615
39,21,4,load_loss_threshold,2920.33,0.466936777189198,1.85456211295214,0.212404606639498,9,1,0.466936777189198,2.56368633885642,0.964322446137489,0.985763823312302,0.0257601629238262,full_event_available,bernoulli_full_event,4,0,0.000445,1.14632725011026e-05,0.114632725011026
39,22,4,load_loss_threshold,2748.2611,0.439424373583958,1.4372882973583,0.0636021739550467,9,0,1,1,1,1,0.0238008144224727,full_event_available,bernoulli_full_event,4,0,0.000445,1.05913624180003e-05,0.105913624180003
39,23,4,load_loss_threshold,3087.2235,0.493621676849109,1.82247099951763,0.0635707002765417,11,1,0.493621676849109,2.46741299855289,0.572136302488875,0.904082866317818,0.0355539191247655,full_event_available,bernoulli_full_event,4,0,0.000445,1.58214940105206e-05,0.158214940105206
39,24,1,no_new_outage,0,0,0.937449819215107,0,1,1,0,0,0,0,0.466137204053073,full_event_available,bernoulli_full_event,1,0,0.000445,0.000207431055803618,2.07431055803618
39,25,4,load_loss_threshold,2748.2611,0.439424373583958,1.4372882973583,0.0636021739550467,9,0,1,1,1,1,0.0238008144224727,full_event_available,bernoulli_full_event,4,0,0.000445,1.05913624180003e-05,0.105913624180003
39,26,5,max_depth_reached,4932.814135,0.788716458301022,1.88078663639419,0.167313901666713,12,1,0.788716458301022,2.64235990918256,2.50970852500069,1.50364356181726,0.028068420849096,full_event_available,bernoulli_full_event,5,0,0.000445,1.24904472778477e-05,0.124904472778477
39,27,5,max_depth_reached,4864.223725,0.777749415195796,2.08630255221349,0.196075308203554,14,1,0.777749415195796,4.34521020885395,2.15682839023909,1.76705736893609,0.0270105115478501,full_event_available,bernoulli_full_event,5,0,0.000445,1.20196776387933e-05,0.120196776387933
39,28,1,no_new_outage,0,0,0.937449819215107,0,1,1,0,0,0,0,0.466137204053073,full_event_available,bernoulli_full_event,1,0,0.000445,0.000207431055803618,2.07431055803618
39,29,1,no_new_outage,0,0,0.937449819215107,0,1,1,0,0,0,0,0.466137204053073,full_event_available,bernoulli_full_event,1,0,0.000445,0.000207431055803618,2.07431055803618
39,30,5,max_depth_reached,4864.223725,0.777749415195796,1.80536677365804,0.0371872611926671,15,0,1,1,1,1,0.0510252912700791,full_event_available,bernoulli_full_event,5,0,0.000445,2.27062546151852e-05,0.227062546151852
40,1,1,no_new_outage,0,0,0.880760806926025,0,1,1,0,0,0,0,0.934206172903306,full_event_available,bernoulli_full_event,1,0,0.00049,0.00045776102472262,4.5776102472262
40,2,1,no_new_outage,0,0,0.880760806926025,0,1,1,0,0,0,0,0.934206172903306,full_event_available,bernoulli_full_event,1,0,0.00049,0.00045776102472262,4.5776102472262
40,3,1,no_new_outage,0,0,0.880760806926025,0,1,1,0,0,0,0,0.934206172903306,full_event_available,bernoulli_full_event,1,0,0.00049,0.00045776102472262,4.5776102472262
40,4,1,no_new_outage,0,0,0.880760806926025,0,1,1,0,0,0,0,0.934206172903306,full_event_available,bernoulli_full_event,1,0,0.00049,0.00045776102472262,4.5776102472262
40,5,1,no_new_outage,0,0,0.880760806926025,0,1,1,0,0,0,0,0.934206172903306,full_event_available,bernoulli_full_event,1,0,0.00049,0.00045776102472262,4.5776102472262
40,6,1,no_new_outage,0,0,0.880760806926025,0,1,1,0,0,0,0,0.934206172903306,full_event_available,bernoulli_full_event,1,0,0.00049,0.00045776102472262,4.5776102472262
40,7,1,no_new_outage,0,0,0.880760806926025,0,1,1,0,0,0,0,0.934206172903306,full_event_available,bernoulli_full_event,1,0,0.00049,0.00045776102472262,4.5776102472262
40,8,1,no_new_outage,0,0,0.880760806926025,0,1,1,0,0,0,0,0.934206172903306,full_event_available,bernoulli_full_event,1,0,0.00049,0.00045776102472262,4.5776102472262
40,9,1,no_new_outage,0,0,0.880760806926025,0,1,1,0,0,0,0,0.934206172903306,full_event_available,bernoulli_full_event,1,0,0.00049,0.00045776102472262,4.5776102472262
40,10,1,no_new_outage,0,0,0.880760806926025,0,1,1,0,0,0,0,0.934206172903306,full_event_available,bernoulli_full_event,1,0,0.00049,0.00045776102472262,4.5776102472262
40,11,1,no_new_outage,0,0,0.880760806926025,0,1,1,0,0,0,0,0.934206172903306,full_event_available,bernoulli_full_event,1,0,0.00049,0.00045776102472262,4.5776102472262
40,12,1,no_new_outage,0,0,0.880760806926025,0,1,1,0,0,0,0,0.934206172903306,full_event_available,bernoulli_full_event,1,0,0.00049,0.00045776102472262,4.5776102472262
40,13,1,no_new_outage,0,0,0.880760806926025,0,1,1,0,0,0,0,0.934206172903306,full_event_available,bernoulli_full_event,1,0,0.00049,0.00045776102472262,4.5776102472262
40,14,1,no_new_outage,0,0,0.880760806926025,0,1,1,0,0,0,0,0.934206172903306,full_event_available,bernoulli_full_event,1,0,0.00049,0.00045776102472262,4.5776102472262
40,15,1,no_new_outage,0,0,0.880760806926025,0,1,1,0,0,0,0,0.934206172903306,full_event_available,bernoulli_full_event,1,0,0.00049,0.00045776102472262,4.5776102472262
40,16,1,no_new_outage,0,0,0.880760806926025,0,1,1,0,0,0,0,0.934206172903306,full_event_available,bernoulli_full_event,1,0,0.00049,0.00045776102472262,4.5776102472262
40,17,1,no_new_outage,0,0,0.880760806926025,0,1,1,0,0,0,0,0.934206172903306,full_event_available,bernoulli_full_event,1,0,0.00049,0.00045776102472262,4.5776102472262
40,18,1,no_new_outage,0,0,0.880760806926025,0,1,1,0,0,0,0,0.934206172903306,full_event_available,bernoulli_full_event,1,0,0.00049,0.00045776102472262,4.5776102472262
40,19,1,no_new_outage,0,0,0.880760806926025,0,1,1,0,0,0,0,0.934206172903306,full_event_available,bernoulli_full_event,1,0,0.00049,0.00045776102472262,4.5776102472262
40,20,1,no_new_outage,0,0,0.880760806926025,0,1,1,0,0,0,0,0.934206172903306,full_event_available,bernoulli_full_event,1,0,0.00049,0.00045776102472262,4.5776102472262
40,21,1,no_new_outage,0,0,0.880760806926025,0,1,1,0,0,0,0,0.934206172903306,full_event_available,bernoulli_full_event,1,0,0.00049,0.00045776102472262,4.5776102472262
40,22,1,no_new_outage,0,0,0.880760806926025,0,1,1,0,0,0,0,0.934206172903306,full_event_available,bernoulli_full_event,1,0,0.00049,0.00045776102472262,4.5776102472262
40,23,1,no_new_outage,0,0,0.880760806926025,0,1,1,0,0,0,0,0.934206172903306,full_event_available,bernoulli_full_event,1,0,0.00049,0.00045776102472262,4.5776102472262
40,24,1,no_new_outage,0,0,0.880760806926025,0,1,1,0,0,0,0,0.934206172903306,full_event_available,bernoulli_full_event,1,0,0.00049,0.00045776102472262,4.5776102472262
40,25,1,no_new_outage,0,0,0.880760806926025,0,1,1,0,0,0,0,0.934206172903306,full_event_available,bernoulli_full_event,1,0,0.00049,0.00045776102472262,4.5776102472262
40,26,1,no_new_outage,0,0,0.880760806926025,0,1,1,0,0,0,0,0.934206172903306,full_event_available,bernoulli_full_event,1,0,0.00049,0.00045776102472262,4.5776102472262
40,27,1,no_new_outage,0,0,0.880760806926025,0,1,1,0,0,0,0,0.934206172903306,full_event_available,bernoulli_full_event,1,0,0.00049,0.00045776102472262,4.5776102472262
40,28,1,no_new_outage,0,0,0.880760806926025,0,1,1,0,0,0,0,0.934206172903306,full_event_available,bernoulli_full_event,1,0,0.00049,0.00045776102472262,4.5776102472262
40,29,1,no_new_outage,0,0,0.880760806926025,0,1,1,0,0,0,0,0.934206172903306,full_event_available,bernoulli_full_event,1,0,0.00049,0.00045776102472262,4.5776102472262
40,30,1,no_new_outage,0,0,0.880760806926025,0,1,1,0,0,0,0,0.934206172903306,full_event_available,bernoulli_full_event,1,0,0.00049,0.00045776102472262,4.5776102472262
41,1,1,no_new_outage,0,0,0.88011322775719,0,1,1,0,0,0,0,0.934175357806238,full_event_available,bernoulli_full_event,1,0,0.000457,0.000426918138517451,4.26918138517451
41,2,1,no_new_outage,0,0,0.88011322775719,0,1,1,0,0,0,0,0.934175357806238,full_event_available,bernoulli_full_event,1,0,0.000457,0.000426918138517451,4.26918138517451
41,3,1,no_new_outage,0,0,0.88011322775719,0,1,1,0,0,0,0,0.934175357806238,full_event_available,bernoulli_full_event,1,0,0.000457,0.000426918138517451,4.26918138517451
41,4,1,no_new_outage,0,0,0.88011322775719,0,1,1,0,0,0,0,0.934175357806238,full_event_available,bernoulli_full_event,1,0,0.000457,0.000426918138517451,4.26918138517451
41,5,1,no_new_outage,0,0,0.88011322775719,0,1,1,0,0,0,0,0.934175357806238,full_event_available,bernoulli_full_event,1,0,0.000457,0.000426918138517451,4.26918138517451
41,6,1,no_new_outage,0,0,0.88011322775719,0,1,1,0,0,0,0,0.934175357806238,full_event_available,bernoulli_full_event,1,0,0.000457,0.000426918138517451,4.26918138517451
41,7,1,no_new_outage,0,0,0.88011322775719,0,1,1,0,0,0,0,0.934175357806238,full_event_available,bernoulli_full_event,1,0,0.000457,0.000426918138517451,4.26918138517451
41,8,1,no_new_outage,0,0,0.88011322775719,0,1,1,0,0,0,0,0.934175357806238,full_event_available,bernoulli_full_event,1,0,0.000457,0.000426918138517451,4.26918138517451
41,9,1,no_new_outage,0,0,0.88011322775719,0,1,1,0,0,0,0,0.934175357806238,full_event_available,bernoulli_full_event,1,0,0.000457,0.000426918138517451,4.26918138517451
41,10,1,no_new_outage,0,0,0.88011322775719,0,1,1,0,0,0,0,0.934175357806238,full_event_available,bernoulli_full_event,1,0,0.000457,0.000426918138517451,4.26918138517451
41,11,1,no_new_outage,0,0,0.88011322775719,0,1,1,0,0,0,0,0.934175357806238,full_event_available,bernoulli_full_event,1,0,0.000457,0.000426918138517451,4.26918138517451
41,12,1,no_new_outage,0,0,0.88011322775719,0,1,1,0,0,0,0,0.934175357806238,full_event_available,bernoulli_full_event,1,0,0.000457,0.000426918138517451,4.26918138517451
41,13,1,no_new_outage,0,0,0.88011322775719,0,1,1,0,0,0,0,0.934175357806238,full_event_available,bernoulli_full_event,1,0,0.000457,0.000426918138517451,4.26918138517451
41,14,1,no_new_outage,0,0,0.88011322775719,0,1,1,0,0,0,0,0.934175357806238,full_event_available,bernoulli_full_event,1,0,0.000457,0.000426918138517451,4.26918138517451
41,15,1,no_new_outage,0,0,0.88011322775719,0,1,1,0,0,0,0,0.934175357806238,full_event_available,bernoulli_full_event,1,0,0.000457,0.000426918138517451,4.26918138517451
41,16,1,no_new_outage,0,0,0.88011322775719,0,1,1,0,0,0,0,0.934175357806238,full_event_available,bernoulli_full_event,1,0,0.000457,0.000426918138517451,4.26918138517451
41,17,1,no_new_outage,0,0,0.88011322775719,0,1,1,0,0,0,0,0.934175357806238,full_event_available,bernoulli_full_event,1,0,0.000457,0.000426918138517451,4.26918138517451
41,18,1,no_new_outage,0,0,0.88011322775719,0,1,1,0,0,0,0,0.934175357806238,full_event_available,bernoulli_full_event,1,0,0.000457,0.000426918138517451,4.26918138517451
41,19,1,no_new_outage,0,0,0.88011322775719,0,1,1,0,0,0,0,0.934175357806238,full_event_available,bernoulli_full_event,1,0,0.000457,0.000426918138517451,4.26918138517451
41,20,1,no_new_outage,0,0,0.88011322775719,0,1,1,0,0,0,0,0.934175357806238,full_event_available,bernoulli_full_event,1,0,0.000457,0.000426918138517451,4.26918138517451
41,21,1,no_new_outage,0,0,0.88011322775719,0,1,1,0,0,0,0,0.934175357806238,full_event_available,bernoulli_full_event,1,0,0.000457,0.000426918138517451,4.26918138517451
41,22,1,no_new_outage,0,0,0.88011322775719,0,1,1,0,0,0,0,0.934175357806238,full_event_available,bernoulli_full_event,1,0,0.000457,0.000426918138517451,4.26918138517451
41,23,1,no_new_outage,0,0,0.88011322775719,0,1,1,0,0,0,0,0.934175357806238,full_event_available,bernoulli_full_event,1,0,0.000457,0.000426918138517451,4.26918138517451
41,24,1,no_new_outage,0,0,0.88011322775719,0,1,1,0,0,0,0,0.934175357806238,full_event_available,bernoulli_full_event,1,0,0.000457,0.000426918138517451,4.26918138517451
41,25,1,no_new_outage,0,0,0.88011322775719,0,1,1,0,0,0,0,0.934175357806238,full_event_available,bernoulli_full_event,1,0,0.000457,0.000426918138517451,4.26918138517451
41,26,1,no_new_outage,0,0,0.88011322775719,0,1,1,0,0,0,0,0.934175357806238,full_event_available,bernoulli_full_event,1,0,0.000457,0.000426918138517451,4.26918138517451
41,27,1,no_new_outage,0,0,0.88011322775719,0,1,1,0,0,0,0,0.934175357806238,full_event_available,bernoulli_full_event,1,0,0.000457,0.000426918138517451,4.26918138517451
41,28,1,no_new_outage,0,0,0.88011322775719,0,1,1,0,0,0,0,0.934175357806238,full_event_available,bernoulli_full_event,1,0,0.000457,0.000426918138517451,4.26918138517451
41,29,1,no_new_outage,0,0,0.88011322775719,0,1,1,0,0,0,0,0.934175357806238,full_event_available,bernoulli_full_event,1,0,0.000457,0.000426918138517451,4.26918138517451
41,30,1,no_new_outage,0,0,0.88011322775719,0,1,1,0,0,0,0,0.934175357806238,full_event_available,bernoulli_full_event,1,0,0.000457,0.000426918138517451,4.26918138517451
42,1,4,load_loss_threshold,4336.16,0.693316363485193,1.97643651036348,0.0534192631796254,12,0,1,1,1,1,0.00109069144840336,full_event_available,bernoulli_full_event,4,0,0.000603,6.57686943387227e-07,0.00657686943387227
42,2,4,load_loss_threshold,3860.16,0.617207873711072,1.95960158223342,0.14427282802804,10,1,0.617207873711072,2.70830552004754,0.7213641401402,1.05625865626419,0.231878923701851,full_event_available,bernoulli_full_event,4,0,0.000603,0.000139822990992216,1.39822990992216
42,3,4,load_loss_threshold,4683.11,0.748790818374124,1.95960158223342,0.199992902465965,12,1,0.748790818374124,0,0.999964512329824,0.649267393490439,0.127881521140158,full_event_available,bernoulli_full_event,4,0,0.000603,7.71125572475153e-05,0.771125572475152
42,4,4,load_loss_threshold,4336.16,0.693316363485193,1.95960158223342,0.0365555001647329,11,0,1,1,1,1,0.383778730308167,full_event_available,bernoulli_full_event,4,0,0.000603,0.000231418574375825,2.31418574375825
42,5,4,load_loss_threshold,4336.16,0.693316363485193,1.95960158223342,0.0365555001647329,11,0,1,1,1,1,0.383778730308167,full_event_available,bernoulli_full_event,4,0,0.000603,0.000231418574375825,2.31418574375825
42,6,4,load_loss_threshold,4336.16,0.693316363485193,1.95960158223342,0.0365555001647329,11,0,1,1,1,1,0.383778730308167,full_event_available,bernoulli_full_event,4,0,0.000603,0.000231418574375825,2.31418574375825
42,7,4,load_loss_threshold,4336.16,0.693316363485193,1.95960158223342,0.0365555001647329,11,0,1,1,1,1,0.383778730308167,full_event_available,bernoulli_full_event,4,0,0.000603,0.000231418574375825,2.31418574375825
42,8,3,load_loss_threshold,3176.14,0.507838694771379,1.96551329303833,0.192360456873104,5,1,0.507838694771379,6.75859305126834,1.92360456873104,2.0411427408627,0.0253456234338605,full_event_available,bernoulli_full_event,3,0,0.000603,1.52834109306179e-05,0.152834109306179
42,9,3,load_loss_threshold,2054.1,0.32843371606097,1.96410521162111,0.0176236209698466,5,1,0.32843371606097,3.85642084648443,0.0176236209698466,0.971869123127438,0.00152484312163566,full_event_available,bernoulli_full_event,3,0,0.000603,9.19480402346305e-07,0.00919480402346305
42,10,4,load_loss_threshold,4336.16,0.693316363485193,1.95960158223342,0.0365555001647329,11,0,1,1,1,1,0.383778730308167,full_event_available,bernoulli_full_event,4,0,0.000603,0.000231418574375825,2.31418574375825
42,11,3,load_loss_threshold,3176.14,0.507838694771379,1.96551329303833,0.192360456873104,5,1,0.507838694771379,6.75859305126834,1.92360456873104,2.0411427408627,0.0253456234338605,full_event_available,bernoulli_full_event,3,0,0.000603,1.52834109306179e-05,0.152834109306179
42,12,4,load_loss_threshold,3860.16,0.617207873711072,1.95960158223342,0.14427282802804,10,1,0.617207873711072,2.70830552004754,0.7213641401402,1.05625865626419,0.231878923701851,full_event_available,bernoulli_full_event,4,0,0.000603,0.000139822990992216,1.39822990992216
42,13,4,load_loss_threshold,4336.16,0.693316363485193,1.95960158223342,0.0365555001647329,11,0,1,1,1,1,0.383778730308167,full_event_available,bernoulli_full_event,4,0,0.000603,0.000231418574375825,2.31418574375825
42,14,4,load_loss_threshold,4336.16,0.693316363485193,1.95960158223342,0.0365555001647329,11,0,1,1,1,1,0.383778730308167,full_event_available,bernoulli_full_event,4,0,0.000603,0.000231418574375825,2.31418574375825
42,15,4,load_loss_threshold,4336.16,0.693316363485193,1.95960158223342,0.0365555001647329,11,0,1,1,1,1,0.383778730308167,full_event_available,bernoulli_full_event,4,0,0.000603,0.000231418574375825,2.31418574375825
42,16,4,load_loss_threshold,4336.16,0.693316363485193,1.95960158223342,0.0365555001647329,11,0,1,1,1,1,0.383778730308167,full_event_available,bernoulli_full_event,4,0,0.000603,0.000231418574375825,2.31418574375825
42,17,4,load_loss_threshold,3860.16,0.617207873711072,1.95960158223342,0.14427282802804,10,1,0.617207873711072,2.70830552004754,0.7213641401402,1.05625865626419,0.231878923701851,full_event_available,bernoulli_full_event,4,0,0.000603,0.000139822990992216,1.39822990992216
42,18,4,load_loss_threshold,4336.16,0.693316363485193,1.95960158223342,0.0365555001647329,12,0,1,1,1,1,0.000431833472766845,full_event_available,bernoulli_full_event,4,0,0.000603,2.60395584078408e-07,0.00260395584078408
42,19,4,load_loss_threshold,4095.13,0.654777646488856,1.95960158223342,0.0365555001647329,11,1,0.654777646488856,0,0,0.392866587893314,0.0772659533776781,full_event_available,bernoulli_full_event,4,0,0.000603,4.65913698867399e-05,0.465913698867399
42,20,4,load_loss_threshold,4095.13,0.654777646488856,1.95960158223342,0.0365555001647329,11,1,0.654777646488856,0,0,0.392866587893314,0.0772659533776781,full_event_available,bernoulli_full_event,4,0,0.000603,4.65913698867399e-05,0.465913698867399
42,21,4,load_loss_threshold,4336.16,0.693316363485193,1.95960158223342,0.0365555001647329,11,0,1,1,1,1,0.383778730308167,full_event_available,bernoulli_full_event,4,0,0.000603,0.000231418574375825,2.31418574375825
42,22,4,load_loss_threshold,4683.11,0.748790818374124,1.95960158223342,0.199992902465965,12,1,0.748790818374124,0,0.999964512329824,0.649267393490439,0.127881521140158,full_event_available,bernoulli_full_event,4,0,0.000603,7.71125572475153e-05,0.771125572475152
42,23,4,load_loss_threshold,4336.16,0.693316363485193,1.95960158223342,0.0365555001647329,11,0,1,1,1,1,0.383778730308167,full_event_available,bernoulli_full_event,4,0,0.000603,0.000231418574375825,2.31418574375825
42,24,4,load_loss_threshold,4336.16,0.693316363485193,1.95960158223342,0.0365555001647329,11,0,1,1,1,1,0.383778730308167,full_event_available,bernoulli_full_event,4,0,0.000603,0.000231418574375825,2.31418574375825
42,25,4,load_loss_threshold,4336.16,0.693316363485193,1.95960158223342,0.0365555001647329,11,0,1,1,1,1,0.383778730308167,full_event_available,bernoulli_full_event,4,0,0.000603,0.000231418574375825,2.31418574375825
42,26,4,load_loss_threshold,3860.16,0.617207873711072,1.95960158223342,0.14427282802804,10,1,0.617207873711072,2.70830552004754,0.7213641401402,1.05625865626419,0.231878923701851,full_event_available,bernoulli_full_event,4,0,0.000603,0.000139822990992216,1.39822990992216
42,27,4,load_loss_threshold,3860.16,0.617207873711072,1.95960158223342,0.14427282802804,10,1,0.617207873711072,2.70830552004754,0.7213641401402,1.05625865626419,0.231878923701851,full_event_available,bernoulli_full_event,4,0,0.000603,0.000139822990992216,1.39822990992216
42,28,4,load_loss_threshold,4336.16,0.693316363485193,1.95960158223342,0.0365555001647329,11,0,1,1,1,1,0.383778730308167,full_event_available,bernoulli_full_event,4,0,0.000603,0.000231418574375825,2.31418574375825
42,29,4,load_loss_threshold,4336.16,0.693316363485193,1.95960158223342,0.0365555001647329,11,0,1,1,1,1,0.383778730308167,full_event_available,bernoulli_full_event,4,0,0.000603,0.000231418574375825,2.31418574375825
42,30,4,load_loss_threshold,4336.16,0.693316363485193,1.95960158223342,0.0365555001647329,11,0,1,1,1,1,0.383778730308167,full_event_available,bernoulli_full_event,4,0,0.000603,0.000231418574375825,2.31418574375825
43,1,1,no_new_outage,0,0,0.794601523814619,0,1,1,0,0,0,0,0.93419403337996,full_event_available,bernoulli_full_event,1,0,0.000477,0.000445610553922241,4.45610553922241
43,2,1,no_new_outage,0,0,0.794601523814619,0,1,1,0,0,0,0,0.93419403337996,full_event_available,bernoulli_full_event,1,0,0.000477,0.000445610553922241,4.45610553922241
43,3,1,no_new_outage,0,0,0.794601523814619,0,1,1,0,0,0,0,0.93419403337996,full_event_available,bernoulli_full_event,1,0,0.000477,0.000445610553922241,4.45610553922241
43,4,1,no_new_outage,0,0,0.794601523814619,0,1,1,0,0,0,0,0.93419403337996,full_event_available,bernoulli_full_event,1,0,0.000477,0.000445610553922241,4.45610553922241
43,5,1,no_new_outage,0,0,0.794601523814619,0,1,1,0,0,0,0,0.93419403337996,full_event_available,bernoulli_full_event,1,0,0.000477,0.000445610553922241,4.45610553922241
43,6,1,no_new_outage,0,0,0.794601523814619,0,1,1,0,0,0,0,0.93419403337996,full_event_available,bernoulli_full_event,1,0,0.000477,0.000445610553922241,4.45610553922241
43,7,1,no_new_outage,0,0,0.794601523814619,0,1,1,0,0,0,0,0.93419403337996,full_event_available,bernoulli_full_event,1,0,0.000477,0.000445610553922241,4.45610553922241
43,8,1,no_new_outage,0,0,0.794601523814619,0,1,1,0,0,0,0,0.93419403337996,full_event_available,bernoulli_full_event,1,0,0.000477,0.000445610553922241,4.45610553922241
43,9,1,no_new_outage,0,0,0.794601523814619,0,1,1,0,0,0,0,0.93419403337996,full_event_available,bernoulli_full_event,1,0,0.000477,0.000445610553922241,4.45610553922241
43,10,1,no_new_outage,0,0,0.794601523814619,0,1,1,0,0,0,0,0.93419403337996,full_event_available,bernoulli_full_event,1,0,0.000477,0.000445610553922241,4.45610553922241
43,11,1,no_new_outage,0,0,0.794601523814619,0,1,1,0,0,0,0,0.93419403337996,full_event_available,bernoulli_full_event,1,0,0.000477,0.000445610553922241,4.45610553922241
43,12,1,no_new_outage,0,0,0.794601523814619,0,1,1,0,0,0,0,0.93419403337996,full_event_available,bernoulli_full_event,1,0,0.000477,0.000445610553922241,4.45610553922241
43,13,1,no_new_outage,0,0,0.794601523814619,0,1,1,0,0,0,0,0.93419403337996,full_event_available,bernoulli_full_event,1,0,0.000477,0.000445610553922241,4.45610553922241
43,14,1,no_new_outage,0,0,0.794601523814619,0,1,1,0,0,0,0,0.93419403337996,full_event_available,bernoulli_full_event,1,0,0.000477,0.000445610553922241,4.45610553922241
43,15,1,no_new_outage,0,0,0.794601523814619,0,1,1,0,0,0,0,0.93419403337996,full_event_available,bernoulli_full_event,1,0,0.000477,0.000445610553922241,4.45610553922241
43,16,1,no_new_outage,0,0,0.794601523814619,0,1,1,0,0,0,0,0.93419403337996,full_event_available,bernoulli_full_event,1,0,0.000477,0.000445610553922241,4.45610553922241
43,17,1,no_new_outage,0,0,0.794601523814619,0,1,1,0,0,0,0,0.93419403337996,full_event_available,bernoulli_full_event,1,0,0.000477,0.000445610553922241,4.45610553922241
43,18,1,no_new_outage,0,0,0.794601523814619,0,1,1,0,0,0,0,0.93419403337996,full_event_available,bernoulli_full_event,1,0,0.000477,0.000445610553922241,4.45610553922241
43,19,1,no_new_outage,0,0,0.794601523814619,0,1,1,0,0,0,0,0.93419403337996,full_event_available,bernoulli_full_event,1,0,0.000477,0.000445610553922241,4.45610553922241
43,20,2,no_new_outage,0,0,0.794997335583133,0,2,1,0,0,0,0,0.00156129623090645,full_event_available,bernoulli_full_event,2,0,0.000477,7.44738302142379e-07,0.00744738302142379
43,21,1,no_new_outage,0,0,0.794601523814619,0,1,1,0,0,0,0,0.93419403337996,full_event_available,bernoulli_full_event,1,0,0.000477,0.000445610553922241,4.45610553922241
43,22,1,no_new_outage,0,0,0.794601523814619,0,1,1,0,0,0,0,0.93419403337996,full_event_available,bernoulli_full_event,1,0,0.000477,0.000445610553922241,4.45610553922241
43,23,1,no_new_outage,0,0,0.794601523814619,0,1,1,0,0,0,0,0.93419403337996,full_event_available,bernoulli_full_event,1,0,0.000477,0.000445610553922241,4.45610553922241
43,24,1,no_new_outage,0,0,0.794601523814619,0,1,1,0,0,0,0,0.93419403337996,full_event_available,bernoulli_full_event,1,0,0.000477,0.000445610553922241,4.45610553922241
43,25,1,no_new_outage,0,0,0.794601523814619,0,1,1,0,0,0,0,0.93419403337996,full_event_available,bernoulli_full_event,1,0,0.000477,0.000445610553922241,4.45610553922241
43,26,1,no_new_outage,0,0,0.794601523814619,0,1,1,0,0,0,0,0.93419403337996,full_event_available,bernoulli_full_event,1,0,0.000477,0.000445610553922241,4.45610553922241
43,27,1,no_new_outage,0,0,0.794601523814619,0,1,1,0,0,0,0,0.93419403337996,full_event_available,bernoulli_full_event,1,0,0.000477,0.000445610553922241,4.45610553922241
43,28,1,no_new_outage,0,0,0.794601523814619,0,1,1,0,0,0,0,0.93419403337996,full_event_available,bernoulli_full_event,1,0,0.000477,0.000445610553922241,4.45610553922241
43,29,1,no_new_outage,0,0,0.794601523814619,0,1,1,0,0,0,0,0.93419403337996,full_event_available,bernoulli_full_event,1,0,0.000477,0.000445610553922241,4.45610553922241
43,30,2,no_new_outage,0,0,0.815832751446268,0,2,1,0,0,0,0,0.00153059604801551,full_event_available,bernoulli_full_event,2,0,0.000477,7.30094314903396e-07,0.00730094314903396
44,1,1,no_new_outage,0,0,0.795868328249372,0,1,1,0,0,0,0,0.933772147587476,full_event_available,bernoulli_full_event,1,0,2.5e-05,2.33443036896869e-05,0.233443036896869
44,2,1,no_new_outage,0,0,0.795868328249372,0,1,1,0,0,0,0,0.933772147587476,full_event_available,bernoulli_full_event,1,0,2.5e-05,2.33443036896869e-05,0.233443036896869
44,3,1,no_new_outage,0,0,0.795868328249372,0,1,1,0,0,0,0,0.933772147587476,full_event_available,bernoulli_full_event,1,0,2.5e-05,2.33443036896869e-05,0.233443036896869
44,4,1,no_new_outage,0,0,0.795868328249372,0,1,1,0,0,0,0,0.933772147587476,full_event_available,bernoulli_full_event,1,0,2.5e-05,2.33443036896869e-05,0.233443036896869
44,5,1,no_new_outage,0,0,0.795868328249372,0,1,1,0,0,0,0,0.933772147587476,full_event_available,bernoulli_full_event,1,0,2.5e-05,2.33443036896869e-05,0.233443036896869
44,6,1,no_new_outage,0,0,0.795868328249372,0,1,1,0,0,0,0,0.933772147587476,full_event_available,bernoulli_full_event,1,0,2.5e-05,2.33443036896869e-05,0.233443036896869
44,7,1,no_new_outage,0,0,0.795868328249372,0,1,1,0,0,0,0,0.933772147587476,full_event_available,bernoulli_full_event,1,0,2.5e-05,2.33443036896869e-05,0.233443036896869
44,8,1,no_new_outage,0,0,0.795868328249372,0,1,1,0,0,0,0,0.933772147587476,full_event_available,bernoulli_full_event,1,0,2.5e-05,2.33443036896869e-05,0.233443036896869
44,9,1,no_new_outage,0,0,0.795868328249372,0,1,1,0,0,0,0,0.933772147587476,full_event_available,bernoulli_full_event,1,0,2.5e-05,2.33443036896869e-05,0.233443036896869
44,10,1,no_new_outage,0,0,0.795868328249372,0,1,1,0,0,0,0,0.933772147587476,full_event_available,bernoulli_full_event,1,0,2.5e-05,2.33443036896869e-05,0.233443036896869
44,11,1,no_new_outage,0,0,0.795868328249372,0,1,1,0,0,0,0,0.933772147587476,full_event_available,bernoulli_full_event,1,0,2.5e-05,2.33443036896869e-05,0.233443036896869
44,12,1,no_new_outage,0,0,0.795868328249372,0,1,1,0,0,0,0,0.933772147587476,full_event_available,bernoulli_full_event,1,0,2.5e-05,2.33443036896869e-05,0.233443036896869
44,13,1,no_new_outage,0,0,0.795868328249372,0,1,1,0,0,0,0,0.933772147587476,full_event_available,bernoulli_full_event,1,0,2.5e-05,2.33443036896869e-05,0.233443036896869
44,14,1,no_new_outage,0,0,0.795868328249372,0,1,1,0,0,0,0,0.933772147587476,full_event_available,bernoulli_full_event,1,0,2.5e-05,2.33443036896869e-05,0.233443036896869
44,15,1,no_new_outage,0,0,0.795868328249372,0,1,1,0,0,0,0,0.933772147587476,full_event_available,bernoulli_full_event,1,0,2.5e-05,2.33443036896869e-05,0.233443036896869
44,16,1,no_new_outage,0,0,0.795868328249372,0,1,1,0,0,0,0,0.933772147587476,full_event_available,bernoulli_full_event,1,0,2.5e-05,2.33443036896869e-05,0.233443036896869
44,17,1,no_new_outage,0,0,0.795868328249372,0,1,1,0,0,0,0,0.933772147587476,full_event_available,bernoulli_full_event,1,0,2.5e-05,2.33443036896869e-05,0.233443036896869
44,18,1,no_new_outage,0,0,0.795868328249372,0,1,1,0,0,0,0,0.933772147587476,full_event_available,bernoulli_full_event,1,0,2.5e-05,2.33443036896869e-05,0.233443036896869
44,19,1,no_new_outage,0,0,0.795868328249372,0,1,1,0,0,0,0,0.933772147587476,full_event_available,bernoulli_full_event,1,0,2.5e-05,2.33443036896869e-05,0.233443036896869
44,20,1,no_new_outage,0,0,0.795868328249372,0,1,1,0,0,0,0,0.933772147587476,full_event_available,bernoulli_full_event,1,0,2.5e-05,2.33443036896869e-05,0.233443036896869
44,21,1,no_new_outage,0,0,0.795868328249372,0,1,1,0,0,0,0,0.933772147587476,full_event_available,bernoulli_full_event,1,0,2.5e-05,2.33443036896869e-05,0.233443036896869
44,22,1,no_new_outage,0,0,0.795868328249372,0,1,1,0,0,0,0,0.933772147587476,full_event_available,bernoulli_full_event,1,0,2.5e-05,2.33443036896869e-05,0.233443036896869
44,23,1,no_new_outage,0,0,0.795868328249372,0,1,1,0,0,0,0,0.933772147587476,full_event_available,bernoulli_full_event,1,0,2.5e-05,2.33443036896869e-05,0.233443036896869
44,24,1,no_new_outage,0,0,0.795868328249372,0,1,1,0,0,0,0,0.933772147587476,full_event_available,bernoulli_full_event,1,0,2.5e-05,2.33443036896869e-05,0.233443036896869
44,25,1,no_new_outage,0,0,0.795868328249372,0,1,1,0,0,0,0,0.933772147587476,full_event_available,bernoulli_full_event,1,0,2.5e-05,2.33443036896869e-05,0.233443036896869
44,26,1,no_new_outage,0,0,0.795868328249372,0,1,1,0,0,0,0,0.933772147587476,full_event_available,bernoulli_full_event,1,0,2.5e-05,2.33443036896869e-05,0.233443036896869
44,27,1,no_new_outage,0,0,0.795868328249372,0,1,1,0,0,0,0,0.933772147587476,full_event_available,bernoulli_full_event,1,0,2.5e-05,2.33443036896869e-05,0.233443036896869
44,28,1,no_new_outage,0,0,0.795868328249372,0,1,1,0,0,0,0,0.933772147587476,full_event_available,bernoulli_full_event,1,0,2.5e-05,2.33443036896869e-05,0.233443036896869
44,29,1,no_new_outage,0,0,0.795868328249372,0,1,1,0,0,0,0,0.933772147587476,full_event_available,bernoulli_full_event,1,0,2.5e-05,2.33443036896869e-05,0.233443036896869
44,30,1,no_new_outage,0,0,0.795868328249372,0,1,1,0,0,0,0,0.933772147587476,full_event_available,bernoulli_full_event,1,0,2.5e-05,2.33443036896869e-05,0.233443036896869
45,1,1,no_new_outage,0,0,0.796869986869275,0,1,1,0,0,0,0,0.934170689029478,full_event_available,bernoulli_full_event,1,0,0.000452,0.000422245151441324,4.22245151441324
45,2,1,no_new_outage,0,0,0.796869986869275,0,1,1,0,0,0,0,0.934170689029478,full_event_available,bernoulli_full_event,1,0,0.000452,0.000422245151441324,4.22245151441324
45,3,1,no_new_outage,0,0,0.796869986869275,0,1,1,0,0,0,0,0.934170689029478,full_event_available,bernoulli_full_event,1,0,0.000452,0.000422245151441324,4.22245151441324
45,4,1,no_new_outage,0,0,0.796869986869275,0,1,1,0,0,0,0,0.934170689029478,full_event_available,bernoulli_full_event,1,0,0.000452,0.000422245151441324,4.22245151441324
45,5,5,max_depth_reached,1400.953,0.224000876206983,1.48343813808783,0.043153729722846,8,1,0.224000876206983,2.90062882852701,0.388383567505614,0.792203004930714,5.09343298628836e-05,full_event_available,bernoulli_full_event,5,0,0.000452,2.30223170980234e-08,0.000230223170980234
45,6,1,no_new_outage,0,0,0.796869986869275,0,1,1,0,0,0,0,0.934170689029478,full_event_available,bernoulli_full_event,1,0,0.000452,0.000422245151441324,4.22245151441324
45,7,1,no_new_outage,0,0,0.796869986869275,0,1,1,0,0,0,0,0.934170689029478,full_event_available,bernoulli_full_event,1,0,0.000452,0.000422245151441324,4.22245151441324
45,8,1,no_new_outage,0,0,0.796869986869275,0,1,1,0,0,0,0,0.934170689029478,full_event_available,bernoulli_full_event,1,0,0.000452,0.000422245151441324,4.22245151441324
45,9,5,max_depth_reached,945.9545,0.151250353760575,1.82465713694114,0.231028768749029,7,1,0.151250353760575,2.41491648539281,3.00337399373737,1.17440830808238,0.000152378737826607,full_event_available,bernoulli_full_event,5,0,0.000452,6.88751894976263e-08,0.000688751894976263
45,10,1,no_new_outage,0,0,0.796869986869275,0,1,1,0,0,0,0,0.934170689029478,full_event_available,bernoulli_full_event,1,0,0.000452,0.000422245151441324,4.22245151441324
45,11,1,no_new_outage,0,0,0.796869986869275,0,1,1,0,0,0,0,0.934170689029478,full_event_available,bernoulli_full_event,1,0,0.000452,0.000422245151441324,4.22245151441324
45,12,1,no_new_outage,0,0,0.796869986869275,0,1,1,0,0,0,0,0.934170689029478,full_event_available,bernoulli_full_event,1,0,0.000452,0.000422245151441324,4.22245151441324
45,13,1,no_new_outage,0,0,0.796869986869275,0,1,1,0,0,0,0,0.934170689029478,full_event_available,bernoulli_full_event,1,0,0.000452,0.000422245151441324,4.22245151441324
45,14,1,no_new_outage,0,0,0.796869986869275,0,1,1,0,0,0,0,0.934170689029478,full_event_available,bernoulli_full_event,1,0,0.000452,0.000422245151441324,4.22245151441324
45,15,1,no_new_outage,0,0,0.796869986869275,0,1,1,0,0,0,0,0.934170689029478,full_event_available,bernoulli_full_event,1,0,0.000452,0.000422245151441324,4.22245151441324
45,16,1,no_new_outage,0,0,0.796869986869275,0,1,1,0,0,0,0,0.934170689029478,full_event_available,bernoulli_full_event,1,0,0.000452,0.000422245151441324,4.22245151441324
45,17,2,no_new_outage,0,0,0.92036584426668,0,2,1,0,0,0,0,0.00117159982836726,full_event_available,bernoulli_full_event,2,0,0.000452,5.29563122422004e-07,0.00529563122422004
45,18,1,no_new_outage,0,0,0.796869986869275,0,1,1,0,0,0,0,0.934170689029478,full_event_available,bernoulli_full_event,1,0,0.000452,0.000422245151441324,4.22245151441324
45,19,1,no_new_outage,0,0,0.796869986869275,0,1,1,0,0,0,0,0.934170689029478,full_event_available,bernoulli_full_event,1,0,0.000452,0.000422245151441324,4.22245151441324
45,20,1,no_new_outage,0,0,0.796869986869275,0,1,1,0,0,0,0,0.934170689029478,full_event_available,bernoulli_full_event,1,0,0.000452,0.000422245151441324,4.22245151441324
45,21,1,no_new_outage,0,0,0.796869986869275,0,1,1,0,0,0,0,0.934170689029478,full_event_available,bernoulli_full_event,1,0,0.000452,0.000422245151441324,4.22245151441324
45,22,1,no_new_outage,0,0,0.796869986869275,0,1,1,0,0,0,0,0.934170689029478,full_event_available,bernoulli_full_event,1,0,0.000452,0.000422245151441324,4.22245151441324
45,23,1,no_new_outage,0,0,0.796869986869275,0,1,1,0,0,0,0,0.934170689029478,full_event_available,bernoulli_full_event,1,0,0.000452,0.000422245151441324,4.22245151441324
45,24,1,no_new_outage,0,0,0.796869986869275,0,1,1,0,0,0,0,0.934170689029478,full_event_available,bernoulli_full_event,1,0,0.000452,0.000422245151441324,4.22245151441324
45,25,1,no_new_outage,0,0,0.796869986869275,0,1,1,0,0,0,0,0.934170689029478,full_event_available,bernoulli_full_event,1,0,0.000452,0.000422245151441324,4.22245151441324
45,26,1,no_new_outage,0,0,0.796869986869275,0,1,1,0,0,0,0,0.934170689029478,full_event_available,bernoulli_full_event,1,0,0.000452,0.000422245151441324,4.22245151441324
45,27,1,no_new_outage,0,0,0.796869986869275,0,1,1,0,0,0,0,0.934170689029478,full_event_available,bernoulli_full_event,1,0,0.000452,0.000422245151441324,4.22245151441324
45,28,1,no_new_outage,0,0,0.796869986869275,0,1,1,0,0,0,0,0.934170689029478,full_event_available,bernoulli_full_event,1,0,0.000452,0.000422245151441324,4.22245151441324
45,29,1,no_new_outage,0,0,0.796869986869275,0,1,1,0,0,0,0,0.934170689029478,full_event_available,bernoulli_full_event,1,0,0.000452,0.000422245151441324,4.22245151441324
45,30,2,no_new_outage,680,0.10872641396303,0.879304737738729,0,2,1,0.10872641396303,0,0,0.0652358483778179,0.000974561763316547,full_event_available,bernoulli_full_event,2,0,0.000452,4.40501917019079e-07,0.00440501917019079
46,1,3,load_loss_threshold,3420.21,0.546863482794844,2.29652862438553,0.0434793020781663,12,0,1,1,1,1,0.0293429044294117,full_event_available,bernoulli_full_event,3,0,0.000414,1.21479624337764e-05,0.121479624337764
46,2,4,load_loss_threshold,4774.9075,0.76346848452967,1.45011952630789,0,12,1,0.76346848452967,0.564852729380055,0,0.571051636593813,0.0198814109907169,full_event_available,bernoulli_full_event,4,0,0.000414,8.23090415015678e-06,0.0823090415015678
46,3,3,load_loss_threshold,3896.21,0.622971972568965,2.29652862438553,0.0434793020781663,13,0,1,1,1,1,0.0992605177152558,full_event_available,bernoulli_full_event,3,0,0.000414,4.10938543341159e-05,0.410938543341159
46,4,3,load_loss_threshold,2039.509,0.326100735022537,1.70490551063797,0,8,0,1,1,1,1,0.115013304815085,full_event_available,bernoulli_full_event,3,0,0.000414,4.7615508193445e-05,0.47615508193445
46,5,3,load_loss_threshold,3896.21,0.622971972568965,2.29652862438553,0.0434793020781663,13,0,1,1,1,1,0.0992605177152558,full_event_available,bernoulli_full_event,3,0,0.000414,4.10938543341159e-05,0.410938543341159
46,6,3,load_loss_threshold,3896.21,0.622971972568965,2.29652862438553,0.0434793020781663,11,0,1,1,1,1,0.147074177050511,full_event_available,bernoulli_full_event,3,0,0.000414,6.08887092989114e-05,0.608887092989114
46,7,3,load_loss_threshold,3896.21,0.622971972568965,2.29652862438553,0.0434793020781663,13,0,1,1,1,1,0.0992605177152558,full_event_available,bernoulli_full_event,3,0,0.000414,4.10938543341159e-05,0.410938543341159
46,8,3,load_loss_threshold,3896.21,0.622971972568965,2.29652862438553,0.0434793020781663,13,0,1,1,1,1,0.0992605177152558,full_event_available,bernoulli_full_event,3,0,0.000414,4.10938543341159e-05,0.410938543341159
46,9,3,load_loss_threshold,3896.21,0.622971972568965,2.29652862438553,0.0434793020781663,12,0,1,1,1,1,0.0620127887939681,full_event_available,bernoulli_full_event,3,0,0.000414,2.56732945607028e-05,0.256732945607028
46,10,3,load_loss_threshold,2039.509,0.326100735022537,1.70490551063797,0,8,0,1,1,1,1,0.115013304815085,full_event_available,bernoulli_full_event,3,0,0.000414,4.7615508193445e-05,0.47615508193445
46,11,3,load_loss_threshold,3896.21,0.622971972568965,2.29652862438553,0.0434793020781663,12,0,1,1,1,1,0.235413682249989,full_event_available,bernoulli_full_event,3,0,0.000414,9.74612644514954e-05,0.974612644514954
46,12,3,load_loss_threshold,3896.21,0.622971972568965,2.29652862438553,0.0434793020781663,12,0,1,1,1,1,0.0620127887939681,full_event_available,bernoulli_full_event,3,0,0.000414,2.56732945607028e-05,0.256732945607028
46,13,3,load_loss_threshold,2039.509,0.326100735022537,1.70490551063797,0,8,0,1,1,1,1,0.115013304815085,full_event_available,bernoulli_full_event,3,0,0.000414,4.7615508193445e-05,0.47615508193445
46,14,3,load_loss_threshold,4336.16,0.693316363485193,2.29652862438553,0.0434793020781663,14,0,1,1,1,1,0.00016910937313023,full_event_available,bernoulli_full_event,3,0,0.000414,7.0011280475915e-08,0.00070011280475915
46,15,3,load_loss_threshold,3896.21,0.622971972568965,2.29652862438553,0.0434793020781663,12,0,1,1,1,1,0.235413682249989,full_event_available,bernoulli_full_event,3,0,0.000414,9.74612644514954e-05,0.974612644514954
46,16,4,load_loss_threshold,4014.111,0.641823373940517,1.45886395806202,0.100036991078123,14,0,1,1,1,1,0.0112239185988033,full_event_available,bernoulli_full_event,4,0,0.000414,4.64670229990457e-06,0.0464670229990457
46,17,3,load_loss_threshold,3896.21,0.622971972568965,2.29652862438553,0.0434793020781663,12,0,1,1,1,1,0.235413682249989,full_event_available,bernoulli_full_event,3,0,0.000414,9.74612644514954e-05,0.974612644514954
46,18,3,load_loss_threshold,3896.21,0.622971972568965,2.29652862438553,0.0434793020781663,12,0,1,1,1,1,0.235413682249989,full_event_available,bernoulli_full_event,3,0,0.000414,9.74612644514954e-05,0.974612644514954
46,19,3,load_loss_threshold,2039.509,0.326100735022537,1.7157493577704,0.00385881342942684,9,0,1,1,1,1,0.000145443927364018,full_event_available,bernoulli_full_event,3,0,0.000414,6.02137859287036e-08,0.000602137859287036
46,20,3,load_loss_threshold,2039.509,0.326100735022537,1.70490551063797,0,9,0,1,1,1,1,0.00018431579000687,full_event_available,bernoulli_full_event,3,0,0.000414,7.6306737062844e-08,0.00076306737062844
46,21,3,load_loss_threshold,3896.21,0.622971972568965,2.29652862438553,0.0434793020781663,12,0,1,1,1,1,0.235413682249989,full_event_available,bernoulli_full_event,3,0,0.000414,9.74612644514954e-05,0.974612644514954
46,22,3,load_loss_threshold,3420.21,0.546863482794844,2.29652862438553,0.0434793020781663,10,0,1,1,1,1,0.0434773424576268,full_event_available,bernoulli_full_event,3,0,0.000414,1.79996197774575e-05,0.179996197774575
46,23,3,load_loss_threshold,3896.21,0.622971972568965,2.29652862438553,0.0434793020781663,12,0,1,1,1,1,0.235413682249989,full_event_available,bernoulli_full_event,3,0,0.000414,9.74612644514954e-05,0.974612644514954
46,24,3,load_loss_threshold,3896.21,0.622971972568965,2.29652862438553,0.0434793020781663,12,0,1,1,1,1,0.235413682249989,full_event_available,bernoulli_full_event,3,0,0.000414,9.74612644514954e-05,0.974612644514954
46,25,3,load_loss_threshold,3896.21,0.622971972568965,2.29652862438553,0.0434793020781663,13,0,1,1,1,1,0.000347806281792638,full_event_available,bernoulli_full_event,3,0,0.000414,1.43991800662152e-07,0.00143991800662152
46,26,3,load_loss_threshold,3420.21,0.546863482794844,2.29652862438553,0.0434793020781663,10,0,1,1,1,1,0.0434773424576268,full_event_available,bernoulli_full_event,3,0,0.000414,1.79996197774575e-05,0.179996197774575
46,27,3,load_loss_threshold,3896.21,0.622971972568965,2.29652862438553,0.0434793020781663,12,0,1,1,1,1,0.235413682249989,full_event_available,bernoulli_full_event,3,0,0.000414,9.74612644514954e-05,0.974612644514954
46,28,3,load_loss_threshold,3896.21,0.622971972568965,2.29652862438553,0.0434793020781663,12,0,1,1,1,1,0.235413682249989,full_event_available,bernoulli_full_event,3,0,0.000414,9.74612644514954e-05,0.974612644514954
46,29,3,load_loss_threshold,3896.21,0.622971972568965,2.29652862438553,0.0434793020781663,12,0,1,1,1,1,0.235413682249989,full_event_available,bernoulli_full_event,3,0,0.000414,9.74612644514954e-05,0.974612644514954
46,30,4,load_loss_threshold,4774.9075,0.76346848452967,1.45011952630789,0,12,1,0.76346848452967,0.564852729380055,0,0.571051636593813,0.0155804737912002,full_event_available,bernoulli_full_event,4,0,0.000414,6.45031614955687e-06,0.0645031614955687
