sigma,SLLR,SLFOR,SNVOR,CRI
0.9,0.713030085238311,1.32689532252503,0.199992902465965,0.733195696141186
0.95,0.746435732296382,1.70654739230257,0.220259028874978,0.833222723613339
0.98,0.748790818374124,1.71453419489494,0.227589916849164,0.837699313373295
