sigma,basic_SLLR,paper_SLLR,delta_SLLR,basic_SLFOR,paper_SLFOR,delta_SLFOR,basic_SNVOR,paper_SNVOR,delta_SNVOR,basic_CRI,paper_CRI,delta_CRI
0.9,0.328152306518948,0.000111991671354627,-0.328040314847593,0.49985586922423,0.00160838248072189,-0.498247486743508,0.0616899296260733,7.73293153806545e-07,-0.0616891563329195,0.30920054368143,0.000389026157587916,-0.308811517523842
0.95,0.55507777136434,0.00104512742963719,-0.554032643934703,0.82308505177087,0.00489196616424845,-0.818193085606622,0.132916213741314,5.68916031732164e-05,-0.132859322138141,0.524246915921041,0.00161684801126665,-0.522630067909774
0.98,0.693316363485193,0.00337461630866268,-0.68994174717653,1.4127701320122,0.00990491353461943,-1.40286521847758,0.179814571285745,0.000216034416948619,-0.179598536868796,0.734506758750705,0.00404895937551122,-0.730457799375194
