sigma,SLLR,SLFOR,SNVOR,CRI,result_status
0.9,0.000111991671354627,0.00160838248072189,7.73293153806545e-07,0.000389026157587916,valid
0.95,0.00104512742963719,0.00489196616424845,5.68916031732164e-05,0.00161684801126665,valid
0.98,0.00337461630866268,0.00990491353461943,0.000216034416948619,0.00404895937551122,valid
