sigma,SLLR,SLFOR,SNVOR,CRI
0.9,0.30198441694661,0.49985586922423,0.0439886319246146,0.289959550397735
0.95,0.55507777136434,0.82942128562233,0.119412599716069,0.522813439886284
0.98,0.693316363485193,1.52884063056891,0.19192287705704,0.760142519616306
