sigma,SLLR,SLFOR,SNVOR,CRI
0.9,0.328152306518948,0.49985586922423,0.0616899296260733,0.30920054368143
0.95,0.55507777136434,0.82308505177087,0.132916213741314,0.524246915921041
0.98,0.693316363485193,1.4127701320122,0.179814571285745,0.734506758750705
