sigma,uniform_SLLR,weighted_SLLR,delta_SLLR,uniform_SLFOR,weighted_SLFOR,delta_SLFOR,uniform_SNVOR,weighted_SNVOR,delta_SNVOR,uniform_CRI,weighted_CRI,delta_CRI
0.9,0.328152306518948,0.30198441694661,-0.026167889572338,0.49985586922423,0.49985586922423,0,0.0616899296260733,0.0439886319246146,-0.0177012977014587,0.30920054368143,0.289959550397735,-0.019240993283695
0.95,0.55507777136434,0.55507777136434,0,0.82308505177087,0.82942128562233,0.00633623385145998,0.132916213741314,0.119412599716069,-0.013503614025245,0.524246915921041,0.522813439886284,-0.00143347603475696
0.98,0.693316363485193,0.693316363485193,0,1.4127701320122,1.52884063056891,0.11607049855671,0.179814571285745,0.19192287705704,0.012108305771295,0.734506758750705,0.760142519616306,0.0256357608656009
