sigma,basic_SLLR,paper_SLLR,delta_SLLR,basic_SLFOR,paper_SLFOR,delta_SLFOR,basic_SNVOR,paper_SNVOR,delta_SNVOR,basic_CRI,paper_CRI,delta_CRI
0.9,0.397849615380311,0.000105992755490524,-0.39774362262482,0.74067671435631,0.001331413830299,-0.739345300526011,0.0797177580716476,4.90262778546098e-06,-0.0797128554438621,0.402788663713778,0.000330858944911206,-0.402457804768867
0.95,0.644322082814351,0.000803952481174181,-0.643518130333177,1.1131088548752,0.00893849964376326,-1.10417035523144,0.154005543668189,5.69200629673989e-05,-0.153948623605222,0.640016129397288,0.00228145543005064,-0.637734673967237
0.98,0.759037123674697,0.00452523654656619,-0.754511887128131,1.76033120851002,0.0152538418916127,-1.74507736661841,0.2074295216226,0.000373351580873864,-0.207056170041726,0.848974420231342,0.00584058062243702,-0.843133839608905
