sigma,SLLR,SLFOR,SNVOR,CRI
0.9,0.397849615380311,0.77002678903456,0.0808645693205094,0.4088880408992
0.95,0.644322082814351,1.1131088548752,0.154005543668189,0.640016129397288
0.98,0.759037123674697,1.76033120851002,0.227589916849193,0.853006499276661
