sigma,SLLR,SLFOR,SNVOR,CRI,result_status
0.9,0.000105992755490524,0.001331413830299,4.90262778546098e-06,0.000330858944911206,valid
0.95,0.000803952481174181,0.00893849964376326,5.69200629673989e-05,0.00228145543005064,valid
0.98,0.00452523654656619,0.0152538418916127,0.000373351580873864,0.00584058062243702,valid
