sigma,SLLR,SLFOR,SNVOR,CRI
0.9,0.397849615380311,0.74067671435631,0.0797177580716476,0.402788663713778
0.95,0.644322082814351,1.1131088548752,0.154005543668189,0.640016129397288
0.98,0.759037123674697,1.76033120851002,0.2074295216226,0.848974420231342
