sigma,SLLR,SLFOR,SNVOR,CRI
0.9,0.713030085238311,1.66276021781274,0.199992902465943,0.800368675198723
0.95,0.744284987920176,1.76354278644758,0.227589916849164,0.844797533411454
0.98,0.771719380323397,1.77117010194644,0.262103443408279,0.869686337264982
