sigma,SLLR,SLFOR,SNVOR,CRI,result_status
0.9,0.0123957376822333,0.0308224846060922,0.00447438390716996,0.0144968163119924,valid
0.95,0.0163240487082975,0.0467689965331928,0.00958000265059678,0.0210642290617364,valid
0.98,0.0224607084880903,0.0808946022704545,0.031517782691974,0.0359589020853399,valid
