sigma,SLLR,SLFOR,SNVOR,CRI,result_status
0.9,0.00979207969735398,0.0162663553033391,0.00286400727471045,0.00970132033402231,valid
0.95,0.0132582812182234,0.029269229015685,0.00959535518532867,0.0157278855711368,valid
0.98,0.0204556465906625,0.0552002755709212,0.0452692034102018,0.0323672837506221,valid
