sigma,basic_SLLR,paper_SLLR,delta_SLLR,basic_SLFOR,paper_SLFOR,delta_SLFOR,basic_SNVOR,paper_SNVOR,delta_SNVOR,basic_CRI,paper_CRI,delta_CRI
0.9,0.531280645259288,0.000409291394800431,-0.530871353864488,0.97260251333918,0.00593651987756892,-0.966665993461611,0.143552798365695,0.000206878265770039,-0.143345920099925,0.541999449496548,0.00147425446554805,-0.540525195031
0.95,0.663041973192543,0.0019253785559507,-0.661116594636592,1.20626447565443,0.0166172013589773,-1.18964727429545,0.199992902465965,0.00060189402231982,-0.199391008443645,0.679076659539605,0.00459904620982985,-0.674477613329775
0.98,0.746435732296382,0.00438447016737619,-0.742051262129006,1.95195746934629,0.0223113519899762,-1.92964611735631,0.244456059502701,0.00160008948252285,-0.242855970020178,0.887144145147628,0.00741297039492551,-0.879731174752702
