sigma,SLLR,SLFOR,SNVOR,CRI
0.9,0.531280645259288,0.97260251333918,0.143552798365695,0.541999449496548
0.95,0.663041973192543,1.20626447565443,0.199992902465965,0.679076659539605
0.98,0.746435732296382,1.95195746934629,0.244456059502701,0.887144145147628
