sigma,SLLR,SLFOR,SNVOR,CRI,result_status
0.9,0.000409291394800431,0.00593651987756892,0.000206878265770039,0.00147425446554805,valid
0.95,0.0019253785559507,0.0166172013589773,0.00060189402231982,0.00459904620982985,valid
0.98,0.00438447016737619,0.0223113519899762,0.00160008948252285,0.00741297039492551,valid
