sigma,basic_SLLR,paper_SLLR,delta_SLLR,basic_SLFOR,paper_SLFOR,delta_SLFOR,basic_SNVOR,paper_SNVOR,delta_SNVOR,basic_CRI,paper_CRI,delta_CRI
0.9,0.563111526119123,0.000778493382452458,-0.56233303273667,0.97706221197137,0.0104993510737458,-0.966562860897624,0.154793512908785,0.000461015753085073,-0.1543324971557,0.564238060647505,0.00265916939483765,-0.561578891252667
0.95,0.651252991975031,0.00222156290259452,-0.649031429072436,1.28964687932877,0.0184222312024947,-1.27122464812628,0.194028559706813,0.00127270169383921,-0.192755858012974,0.687486882992135,0.0052719243208235,-0.682214958671312
0.98,0.729654969516631,0.00506253460638824,-0.724592434910243,1.9825767157559,0.0251977361251828,-1.95737897963072,0.227589916849193,0.00357080214817133,-0.224019114701022,0.879826308230997,0.00879122841850377,-0.871035079812493
