sigma,SLLR,SLFOR,SNVOR,CRI,result_status
0.9,0.000778493382452458,0.0104993510737458,0.000461015753085073,0.00265916939483765,valid
0.95,0.00222156290259452,0.0184222312024947,0.00127270169383921,0.0052719243208235,valid
0.98,0.00506253460638824,0.0251977361251828,0.00357080214817133,0.00879122841850377,valid
