sigma,SLLR,SLFOR,SNVOR,CRI
0.9,0.563111526119123,0.97706221197137,0.154793512908785,0.564238060647505
0.95,0.651252991975031,1.28964687932877,0.194028559706813,0.687486882992135
0.98,0.729654969516631,1.9825767157559,0.227589916849193,0.879826308230997
