sigma,SLLR,SLFOR,SNVOR,CRI
0.9,0.546863482794844,0.94309299360269,0.154793512908785,0.547695390979201
0.95,0.647196857167069,1.28964687932877,0.199992902465965,0.686246070659188
0.98,0.723218018045387,1.9825767157559,0.244456059502701,0.879337365878953
