sigma,uniform_SLLR,weighted_SLLR,delta_SLLR,uniform_SLFOR,weighted_SLFOR,delta_SLFOR,uniform_SNVOR,weighted_SNVOR,delta_SNVOR,uniform_CRI,weighted_CRI,delta_CRI
0.9,0.563111526119123,0.546863482794844,-0.016248043324279,0.97706221197137,0.94309299360269,-0.0339692183686799,0.154793512908785,0.154793512908785,0,0.564238060647505,0.547695390979201,-0.0165426696683041
0.95,0.651252991975031,0.647196857167069,-0.00405613480796196,1.28964687932877,1.28964687932877,0,0.194028559706813,0.199992902465965,0.005964342759152,0.687486882992135,0.686246070659188,-0.00124081233294704
0.98,0.729654969516631,0.723218018045387,-0.00643695147124401,1.9825767157559,1.9825767157559,0,0.227589916849193,0.244456059502701,0.016866142653508,0.879826308230997,0.879337365878953,-0.000488942352043997
