initial_branch,trial_id,stage_id,terminated_reason,stage_probability_mode,candidate_count,selected_candidate_count,unselected_candidate_count,selected_probability_product,unselected_probability_product,stage_transition_probability,probability_status,terminal_stage_flag,should_multiply_candidate_complements,missing_reason,selected_branch_ids,random_u_selected,candidate_probability_basis,note
1,1,1,continue,bernoulli_full_event,45,1,44,1,0.754028963417034,0.754028963417034,full_event_available,0,1,,"3","0.16777",paper_formula,Full Bernoulli event probability uses selected probabilities and non-selected complement probabilities.
1,1,2,continue,bernoulli_full_event,44,2,42,1,0.763967811169131,0.763967811169131,full_event_available,0,1,,"40,42","0.86507,0.70673",paper_formula,Full Bernoulli event probability uses selected probabilities and non-selected complement probabilities.
1,1,3,continue,bernoulli_full_event,35,3,32,0.256618003575664,0.421669070895497,0.108207875142808,full_event_available,0,1,,"8,14,19","0.18445,0.55492,0.31452",paper_formula,Full Bernoulli event probability uses selected probabilities and non-selected complement probabilities.
1,1,4,load_loss_threshold,bernoulli_full_event,32,0,32,NaN,NaN,1,terminal_stage_probability_one,1,0,,"","",,Terminal recording stage excluded from Bernoulli complement product.
1,2,1,continue,bernoulli_full_event,45,2,43,0.006532483825,0.75898703393963,0.00495807052259536,full_event_available,0,1,,"3,20","0.63933,0.0061165",paper_formula,Full Bernoulli event probability uses selected probabilities and non-selected complement probabilities.
1,2,2,continue,bernoulli_full_event,43,4,39,0.278083100119118,0.778580233095684,0.216510004910713,full_event_available,0,1,,"14,27,40,42","0.19021,0.18892,0.93665,0.53493",paper_formula,Full Bernoulli event probability uses selected probabilities and non-selected complement probabilities.
1,2,3,load_loss_threshold,bernoulli_full_event,0,0,0,NaN,NaN,1,terminal_stage_probability_one,1,0,,"","",,Terminal recording stage excluded from Bernoulli complement product.
1,3,1,continue,bernoulli_full_event,45,1,44,1,0.754028963417034,0.754028963417034,full_event_available,0,1,,"3","0.88599",paper_formula,Full Bernoulli event probability uses selected probabilities and non-selected complement probabilities.
1,3,2,continue,bernoulli_full_event,44,4,40,4.00439727939482e-05,0.773742401260325,3.09837196655926e-05,full_event_available,0,1,,"19,34,40,42","0.0055588,0.0022363,0.077907,0.2423",paper_formula,Full Bernoulli event probability uses selected probabilities and non-selected complement probabilities.
1,3,3,continue,bernoulli_full_event,33,7,26,0.16457181220112,0.846259213596664,0.139270412373497,full_event_available,0,1,,"6,8,10,13,14,18,20","0.60742,0.15991,0.28637,0.62277,0.016416,0.32493,0.23327",paper_formula,Full Bernoulli event probability uses selected probabilities and non-selected complement probabilities.
1,3,4,load_loss_threshold,bernoulli_full_event,20,0,20,NaN,NaN,1,terminal_stage_probability_one,1,0,,"","",,Terminal recording stage excluded from Bernoulli complement product.
1,4,1,continue,bernoulli_full_event,45,2,43,0.006007770575,0.758586376327329,0.0045574129102952,full_event_available,0,1,,"3,15","0.40076,0.0046112",paper_formula,Full Bernoulli event probability uses selected probabilities and non-selected complement probabilities.
1,4,2,continue,bernoulli_full_event,43,3,40,1,0.773648331677754,0.773648331677754,full_event_available,0,1,,"11,40,42","0.29667,0.97534,0.6599",paper_formula,Full Bernoulli event probability uses selected probabilities and non-selected complement probabilities.
1,4,3,load_loss_threshold,bernoulli_full_event,30,0,30,NaN,NaN,1,terminal_stage_probability_one,1,0,,"","",,Terminal recording stage excluded from Bernoulli complement product.
1,5,1,continue,bernoulli_full_event,45,1,44,1,0.754028963417034,0.754028963417034,full_event_available,0,1,,"3","0.68997",paper_formula,Full Bernoulli event probability uses selected probabilities and non-selected complement probabilities.
1,5,2,continue,bernoulli_full_event,44,2,42,1,0.763967811169131,0.763967811169131,full_event_available,0,1,,"40,42","0.019278,0.55125",paper_formula,Full Bernoulli event probability uses selected probabilities and non-selected complement probabilities.
1,5,3,continue,bernoulli_full_event,35,2,33,0.699781732824873,0.267038176622228,0.186868437967097,full_event_available,0,1,,"8,14","0.23778,0.36887",paper_formula,Full Bernoulli event probability uses selected probabilities and non-selected complement probabilities.
1,5,4,continue,bernoulli_full_event,33,7,26,0.99885050401828,0.572097382672423,0.571439759029889,full_event_available,0,1,,"9,16,17,19,20,23,27","0.90053,0.54503,0.62881,0.84548,0.25531,0.1518,0.70665",paper_formula,Full Bernoulli event probability uses selected probabilities and non-selected complement probabilities.
1,5,5,max_depth_reached,bernoulli_full_event,0,0,0,NaN,NaN,1,terminal_stage_probability_one,1,0,,"","",,Terminal recording stage excluded from Bernoulli complement product.
1,6,1,continue,bernoulli_full_event,45,1,44,1,0.754028963417034,0.754028963417034,full_event_available,0,1,,"3","0.90241",paper_formula,Full Bernoulli event probability uses selected probabilities and non-selected complement probabilities.
1,6,2,continue,bernoulli_full_event,44,2,42,1,0.763967811169131,0.763967811169131,full_event_available,0,1,,"40,42","0.40037,0.32065",paper_formula,Full Bernoulli event probability uses selected probabilities and non-selected complement probabilities.
1,6,3,continue,bernoulli_full_event,35,2,33,0.103942668057216,0.0894694299094805,0.00929969125434948,full_event_available,0,1,,"14,20","0.16733,0.01405",paper_formula,Full Bernoulli event probability uses selected probabilities and non-selected complement probabilities.
1,6,4,load_loss_threshold,bernoulli_full_event,33,0,33,NaN,NaN,1,terminal_stage_probability_one,1,0,,"","",,Terminal recording stage excluded from Bernoulli complement product.
1,7,1,continue,bernoulli_full_event,45,1,44,1,0.754028963417034,0.754028963417034,full_event_available,0,1,,"3","0.59066",paper_formula,Full Bernoulli event probability uses selected probabilities and non-selected complement probabilities.
1,7,2,continue,bernoulli_full_event,44,2,42,1,0.763967811169131,0.763967811169131,full_event_available,0,1,,"40,42","0.45829,0.17114",paper_formula,Full Bernoulli event probability uses selected probabilities and non-selected complement probabilities.
1,7,3,continue,bernoulli_full_event,35,2,33,0.699781732824873,0.267038176622228,0.186868437967097,full_event_available,0,1,,"8,14","0.33726,0.43141",paper_formula,Full Bernoulli event probability uses selected probabilities and non-selected complement probabilities.
1,7,4,continue,bernoulli_full_event,33,7,26,0.99885050401828,0.572097382672423,0.571439759029889,full_event_available,0,1,,"9,16,17,19,20,23,27","0.25309,0.83599,0.2124,0.38669,0.37207,0.86679,0.12786",paper_formula,Full Bernoulli event probability uses selected probabilities and non-selected complement probabilities.
1,7,5,max_depth_reached,bernoulli_full_event,0,0,0,NaN,NaN,1,terminal_stage_probability_one,1,0,,"","",,Terminal recording stage excluded from Bernoulli complement product.
1,8,1,continue,bernoulli_full_event,45,2,43,0.006581985075,0.75902485367548,0.00499589025844607,full_event_available,0,1,,"3,42","0.63336,0.0010489",paper_formula,Full Bernoulli event probability uses selected probabilities and non-selected complement probabilities.
1,8,2,continue,bernoulli_full_event,35,3,32,0.300619889465076,0.468152056805334,0.140735819569668,full_event_available,0,1,,"8,14,23","0.26758,0.43412,0.20257",paper_formula,Full Bernoulli event probability uses selected probabilities and non-selected complement probabilities.
1,8,3,load_loss_threshold,bernoulli_full_event,19,0,19,NaN,NaN,1,terminal_stage_probability_one,1,0,,"","",,Terminal recording stage excluded from Bernoulli complement product.
1,9,1,continue,bernoulli_full_event,45,1,44,1,0.754028963417034,0.754028963417034,full_event_available,0,1,,"3","0.71125",paper_formula,Full Bernoulli event probability uses selected probabilities and non-selected complement probabilities.
1,9,2,continue,bernoulli_full_event,44,3,41,0.006494862875,0.768962114659917,0.00499430349078619,full_event_available,0,1,,"32,40,42","0.00042019,0.51126,0.58211",paper_formula,Full Bernoulli event probability uses selected probabilities and non-selected complement probabilities.
1,9,3,continue,bernoulli_full_event,33,2,31,0.779282281903772,0.819110931725326,0.638318636007237,full_event_available,0,1,,"14,27","0.60169,0.98646",paper_formula,Full Bernoulli event probability uses selected probabilities and non-selected complement probabilities.
1,9,4,load_loss_threshold,bernoulli_full_event,30,0,30,NaN,NaN,1,terminal_stage_probability_one,1,0,,"","",,Terminal recording stage excluded from Bernoulli complement product.
1,10,1,continue,bernoulli_full_event,45,1,44,1,0.754028963417034,0.754028963417034,full_event_available,0,1,,"3","0.7109",paper_formula,Full Bernoulli event probability uses selected probabilities and non-selected complement probabilities.
1,10,2,continue,bernoulli_full_event,44,2,42,1,0.763967811169131,0.763967811169131,full_event_available,0,1,,"40,42","0.5208,0.45581",paper_formula,Full Bernoulli event probability uses selected probabilities and non-selected complement probabilities.
1,10,3,continue,bernoulli_full_event,35,2,33,0.699781732824873,0.267038176622228,0.186868437967097,full_event_available,0,1,,"8,14","0.58472,0.94176",paper_formula,Full Bernoulli event probability uses selected probabilities and non-selected complement probabilities.
1,10,4,continue,bernoulli_full_event,33,7,26,0.99885050401828,0.572097382672423,0.571439759029889,full_event_available,0,1,,"9,16,17,19,20,23,27","0.14364,0.038095,0.33658,0.10434,0.30118,0.89866,0.18563",paper_formula,Full Bernoulli event probability uses selected probabilities and non-selected complement probabilities.
1,10,5,max_depth_reached,bernoulli_full_event,0,0,0,NaN,NaN,1,terminal_stage_probability_one,1,0,,"","",,Terminal recording stage excluded from Bernoulli complement product.
1,11,1,continue,bernoulli_full_event,45,1,44,1,0.754028963417034,0.754028963417034,full_event_available,0,1,,"3","0.95363",paper_formula,Full Bernoulli event probability uses selected probabilities and non-selected complement probabilities.
1,11,2,continue,bernoulli_full_event,44,2,42,1,0.763967811169131,0.763967811169131,full_event_available,0,1,,"40,42","0.10694,0.82713",paper_formula,Full Bernoulli event probability uses selected probabilities and non-selected complement probabilities.
1,11,3,continue,bernoulli_full_event,35,2,33,0.699781732824873,0.267038176622228,0.186868437967097,full_event_available,0,1,,"8,14","0.55861,0.38126",paper_formula,Full Bernoulli event probability uses selected probabilities and non-selected complement probabilities.
1,11,4,continue,bernoulli_full_event,33,8,25,0.327768498769627,0.851520014782925,0.27910143691769,full_event_available,0,1,,"9,16,17,19,20,23,26,27","0.40962,0.70884,0.27347,0.59764,0.16871,0.18842,0.078246,0.64177",paper_formula,Full Bernoulli event probability uses selected probabilities and non-selected complement probabilities.
1,11,5,max_depth_reached,bernoulli_full_event,9,0,9,NaN,NaN,1,terminal_stage_probability_one,1,0,,"","",,Terminal recording stage excluded from Bernoulli complement product.
1,12,1,continue,bernoulli_full_event,45,1,44,1,0.754028963417034,0.754028963417034,full_event_available,0,1,,"3","0.30769",paper_formula,Full Bernoulli event probability uses selected probabilities and non-selected complement probabilities.
1,12,2,continue,bernoulli_full_event,44,2,42,1,0.763967811169131,0.763967811169131,full_event_available,0,1,,"40,42","0.67704,0.84984",paper_formula,Full Bernoulli event probability uses selected probabilities and non-selected complement probabilities.
1,12,3,continue,bernoulli_full_event,35,2,33,0.699781732824873,0.267038176622228,0.186868437967097,full_event_available,0,1,,"8,14","0.42784,0.67936",paper_formula,Full Bernoulli event probability uses selected probabilities and non-selected complement probabilities.
1,12,4,continue,bernoulli_full_event,33,8,25,0.327768498769627,0.851520014782925,0.27910143691769,full_event_available,0,1,,"9,16,17,19,20,23,26,27","0.12871,0.18643,0.54565,0.20859,0.11005,0.58048,0.30621,0.51751",paper_formula,Full Bernoulli event probability uses selected probabilities and non-selected complement probabilities.
1,12,5,max_depth_reached,bernoulli_full_event,9,0,9,NaN,NaN,1,terminal_stage_probability_one,1,0,,"","",,Terminal recording stage excluded from Bernoulli complement product.
1,13,1,continue,bernoulli_full_event,45,1,44,1,0.754028963417034,0.754028963417034,full_event_available,0,1,,"3","0.87471",paper_formula,Full Bernoulli event probability uses selected probabilities and non-selected complement probabilities.
1,13,2,continue,bernoulli_full_event,44,2,42,1,0.763967811169131,0.763967811169131,full_event_available,0,1,,"40,42","0.42537,0.19277",paper_formula,Full Bernoulli event probability uses selected probabilities and non-selected complement probabilities.
1,13,3,continue,bernoulli_full_event,35,5,30,0.0114587195858901,0.824991608513395,0.00945334750266739,full_event_available,0,1,,"8,14,19,20,23","0.35349,0.15661,0.074264,0.039347,0.17923",paper_formula,Full Bernoulli event probability uses selected probabilities and non-selected complement probabilities.
1,13,4,load_loss_threshold,bernoulli_full_event,19,0,19,NaN,NaN,1,terminal_stage_probability_one,1,0,,"","",,Terminal recording stage excluded from Bernoulli complement product.
1,14,1,continue,bernoulli_full_event,45,1,44,1,0.754028963417034,0.754028963417034,full_event_available,0,1,,"3","0.40505",paper_formula,Full Bernoulli event probability uses selected probabilities and non-selected complement probabilities.
1,14,2,continue,bernoulli_full_event,44,2,42,1,0.763967811169131,0.763967811169131,full_event_available,0,1,,"40,42","0.56215,0.1435",paper_formula,Full Bernoulli event probability uses selected probabilities and non-selected complement probabilities.
1,14,3,continue,bernoulli_full_event,35,2,33,0.699781732824873,0.267038176622228,0.186868437967097,full_event_available,0,1,,"8,14","0.42076,0.66548",paper_formula,Full Bernoulli event probability uses selected probabilities and non-selected complement probabilities.
1,14,4,continue,bernoulli_full_event,33,8,25,0.327768498769627,0.851520014782925,0.27910143691769,full_event_available,0,1,,"9,16,17,19,20,23,26,27","0.99594,0.97716,0.14681,0.61709,0.49587,0.19201,0.2545,0.78437",paper_formula,Full Bernoulli event probability uses selected probabilities and non-selected complement probabilities.
1,14,5,max_depth_reached,bernoulli_full_event,9,0,9,NaN,NaN,1,terminal_stage_probability_one,1,0,,"","",,Terminal recording stage excluded from Bernoulli complement product.
1,15,1,continue,bernoulli_full_event,45,1,44,1,0.754028963417034,0.754028963417034,full_event_available,0,1,,"3","0.60019",paper_formula,Full Bernoulli event probability uses selected probabilities and non-selected complement probabilities.
1,15,2,continue,bernoulli_full_event,44,3,41,0.006358239425,0.768856384142952,0.00488857297382066,full_event_available,0,1,,"24,40,42","0.0011891,0.58387,0.033197",paper_formula,Full Bernoulli event probability uses selected probabilities and non-selected complement probabilities.
1,15,3,continue,bernoulli_full_event,34,5,29,0.0487652929708717,0.0834339338268262,0.0040686802267775,full_event_available,0,1,,"6,8,9,14,27","0.69776,0.44088,0.35524,0.47309,0.0090216",paper_formula,Full Bernoulli event probability uses selected probabilities and non-selected complement probabilities.
1,15,4,load_loss_threshold,bernoulli_full_event,12,0,12,NaN,NaN,1,terminal_stage_probability_one,1,0,,"","",,Terminal recording stage excluded from Bernoulli complement product.
1,16,1,continue,bernoulli_full_event,45,1,44,1,0.754028963417034,0.754028963417034,full_event_available,0,1,,"3","0.64191",paper_formula,Full Bernoulli event probability uses selected probabilities and non-selected complement probabilities.
1,16,2,continue,bernoulli_full_event,44,2,42,1,0.763967811169131,0.763967811169131,full_event_available,0,1,,"40,42","0.50961,0.52603",paper_formula,Full Bernoulli event probability uses selected probabilities and non-selected complement probabilities.
1,16,3,continue,bernoulli_full_event,35,3,32,0.300619889465076,0.468152056805334,0.140735819569668,full_event_available,0,1,,"8,14,23","0.53862,0.78065,0.32548",paper_formula,Full Bernoulli event probability uses selected probabilities and non-selected complement probabilities.
1,16,4,load_loss_threshold,bernoulli_full_event,19,0,19,NaN,NaN,1,terminal_stage_probability_one,1,0,,"","",,Terminal recording stage excluded from Bernoulli complement product.
1,17,1,continue,bernoulli_full_event,45,2,43,0.006007770575,0.758586376327329,0.0045574129102952,full_event_available,0,1,,"3,15","0.027249,0.0015551",paper_formula,Full Bernoulli event probability uses selected probabilities and non-selected complement probabilities.
1,17,2,continue,bernoulli_full_event,43,4,39,0.006009750625,0.778325876098088,0.00467754442033416,full_event_available,0,1,,"11,40,42,44","0.62513,0.30036,0.92562,0.00023275",paper_formula,Full Bernoulli event probability uses selected probabilities and non-selected complement probabilities.
1,17,3,load_loss_threshold,bernoulli_full_event,30,0,30,NaN,NaN,1,terminal_stage_probability_one,1,0,,"","",,Terminal recording stage excluded from Bernoulli complement product.
1,18,1,continue,bernoulli_full_event,45,1,44,1,0.754028963417034,0.754028963417034,full_event_available,0,1,,"3","0.10485",paper_formula,Full Bernoulli event probability uses selected probabilities and non-selected complement probabilities.
1,18,2,continue,bernoulli_full_event,44,2,42,1,0.763967811169131,0.763967811169131,full_event_available,0,1,,"40,42","0.47611,0.73703",paper_formula,Full Bernoulli event probability uses selected probabilities and non-selected complement probabilities.
1,18,3,continue,bernoulli_full_event,35,2,33,0.699781732824873,0.267038176622228,0.186868437967097,full_event_available,0,1,,"8,14","0.29646,0.03864",paper_formula,Full Bernoulli event probability uses selected probabilities and non-selected complement probabilities.
1,18,4,continue,bernoulli_full_event,33,7,26,0.99885050401828,0.572097382672423,0.571439759029889,full_event_available,0,1,,"9,16,17,19,20,23,27","0.64313,0.59738,0.67792,0.54027,0.43674,0.38042,0.56871",paper_formula,Full Bernoulli event probability uses selected probabilities and non-selected complement probabilities.
1,18,5,max_depth_reached,bernoulli_full_event,0,0,0,NaN,NaN,1,terminal_stage_probability_one,1,0,,"","",,Terminal recording stage excluded from Bernoulli complement product.
1,19,1,continue,bernoulli_full_event,45,1,44,1,0.754028963417034,0.754028963417034,full_event_available,0,1,,"3","0.84761",paper_formula,Full Bernoulli event probability uses selected probabilities and non-selected complement probabilities.
1,19,2,continue,bernoulli_full_event,44,2,42,1,0.763967811169131,0.763967811169131,full_event_available,0,1,,"40,42","0.79742,0.11459",paper_formula,Full Bernoulli event probability uses selected probabilities and non-selected complement probabilities.
1,19,3,continue,bernoulli_full_event,35,3,32,0.300619889465076,0.468152056805334,0.140735819569668,full_event_available,0,1,,"8,14,23","0.38025,0.39538,0.15625",paper_formula,Full Bernoulli event probability uses selected probabilities and non-selected complement probabilities.
1,19,4,load_loss_threshold,bernoulli_full_event,19,0,19,NaN,NaN,1,terminal_stage_probability_one,1,0,,"","",,Terminal recording stage excluded from Bernoulli complement product.
1,20,1,continue,bernoulli_full_event,45,1,44,1,0.754028963417034,0.754028963417034,full_event_available,0,1,,"3","0.36365",paper_formula,Full Bernoulli event probability uses selected probabilities and non-selected complement probabilities.
1,20,2,continue,bernoulli_full_event,44,2,42,1,0.763967811169131,0.763967811169131,full_event_available,0,1,,"40,42","0.72816,0.17502",paper_formula,Full Bernoulli event probability uses selected probabilities and non-selected complement probabilities.
1,20,3,continue,bernoulli_full_event,35,2,33,0.699781732824873,0.267038176622228,0.186868437967097,full_event_available,0,1,,"8,14","0.099245,0.42356",paper_formula,Full Bernoulli event probability uses selected probabilities and non-selected complement probabilities.
1,20,4,continue,bernoulli_full_event,33,7,26,0.99885050401828,0.572097382672423,0.571439759029889,full_event_available,0,1,,"9,16,17,19,20,23,27","0.44152,0.84098,0.35199,0.95959,0.69549,0.72532,0.64616",paper_formula,Full Bernoulli event probability uses selected probabilities and non-selected complement probabilities.
1,20,5,max_depth_reached,bernoulli_full_event,0,0,0,NaN,NaN,1,terminal_stage_probability_one,1,0,,"","",,Terminal recording stage excluded from Bernoulli complement product.
1,21,1,continue,bernoulli_full_event,45,2,43,0.006009750625,0.75858788744774,0.00455892403070649,full_event_available,0,1,,"3,33","0.87876,0.00416",paper_formula,Full Bernoulli event probability uses selected probabilities and non-selected complement probabilities.
1,21,2,continue,bernoulli_full_event,43,2,41,1,0.273689019702681,0.273689019702681,full_event_available,0,1,,"40,42","0.98587,0.34466",paper_formula,Full Bernoulli event probability uses selected probabilities and non-selected complement probabilities.
1,21,3,continue,bernoulli_full_event,34,8,26,0.81919424044912,0.846331714928458,0.693310066378819,full_event_available,0,1,,"6,8,10,14,19,20,23,24","0.89277,0.51559,0.3236,0.74928,0.025942,0.10408,0.50377,0.68663",paper_formula,Full Bernoulli event probability uses selected probabilities and non-selected complement probabilities.
1,21,4,load_loss_threshold,bernoulli_full_event,15,0,15,NaN,NaN,1,terminal_stage_probability_one,1,0,,"","",,Terminal recording stage excluded from Bernoulli complement product.
1,22,1,continue,bernoulli_full_event,45,1,44,1,0.754028963417034,0.754028963417034,full_event_available,0,1,,"3","0.18797",paper_formula,Full Bernoulli event probability uses selected probabilities and non-selected complement probabilities.
1,22,2,continue,bernoulli_full_event,44,2,42,1,0.763967811169131,0.763967811169131,full_event_available,0,1,,"40,42","0.7418,0.48194",paper_formula,Full Bernoulli event probability uses selected probabilities and non-selected complement probabilities.
1,22,3,continue,bernoulli_full_event,35,2,33,0.699781732824873,0.267038176622228,0.186868437967097,full_event_available,0,1,,"8,14","0.55108,0.3956",paper_formula,Full Bernoulli event probability uses selected probabilities and non-selected complement probabilities.
1,22,4,continue,bernoulli_full_event,33,8,25,0.327768498769627,0.851520014782925,0.27910143691769,full_event_available,0,1,,"9,16,17,19,20,23,26,27","0.58026,0.37953,0.4618,0.69224,0.82082,0.92977,0.073831,0.25816",paper_formula,Full Bernoulli event probability uses selected probabilities and non-selected complement probabilities.
1,22,5,max_depth_reached,bernoulli_full_event,9,0,9,NaN,NaN,1,terminal_stage_probability_one,1,0,,"","",,Terminal recording stage excluded from Bernoulli complement product.
1,23,1,continue,bernoulli_full_event,45,1,44,1,0.754028963417034,0.754028963417034,full_event_available,0,1,,"3","0.31758",paper_formula,Full Bernoulli event probability uses selected probabilities and non-selected complement probabilities.
1,23,2,continue,bernoulli_full_event,44,2,42,1,0.763967811169131,0.763967811169131,full_event_available,0,1,,"40,42","0.59016,0.47265",paper_formula,Full Bernoulli event probability uses selected probabilities and non-selected complement probabilities.
1,23,3,continue,bernoulli_full_event,35,4,31,0.110240768301065,0.739239779599698,0.0814943612617808,full_event_available,0,1,,"8,14,19,23","0.32268,0.35635,0.3376,0.3322",paper_formula,Full Bernoulli event probability uses selected probabilities and non-selected complement probabilities.
1,23,4,load_loss_threshold,bernoulli_full_event,19,0,19,NaN,NaN,1,terminal_stage_probability_one,1,0,,"","",,Terminal recording stage excluded from Bernoulli complement product.
1,24,1,continue,bernoulli_full_event,45,1,44,1,0.754028963417034,0.754028963417034,full_event_available,0,1,,"3","0.16895",paper_formula,Full Bernoulli event probability uses selected probabilities and non-selected complement probabilities.
1,24,2,continue,bernoulli_full_event,44,2,42,1,0.763967811169131,0.763967811169131,full_event_available,0,1,,"40,42","0.85436,0.89331",paper_formula,Full Bernoulli event probability uses selected probabilities and non-selected complement probabilities.
1,24,3,continue,bernoulli_full_event,35,2,33,0.366711492367415,0.126592757785592,0.0464230191304612,full_event_available,0,1,,"14,19","0.92896,0.35859",paper_formula,Full Bernoulli event probability uses selected probabilities and non-selected complement probabilities.
1,24,4,continue,bernoulli_full_event,33,7,26,0.561833343637922,0.845891734166442,0.475250181362413,full_event_available,0,1,,"8,13,16,17,18,20,27","0.96929,0.98534,0.6917,0.87354,0.35794,0.035547,0.77177",paper_formula,Full Bernoulli event probability uses selected probabilities and non-selected complement probabilities.
1,24,5,max_depth_reached,bernoulli_full_event,0,0,0,NaN,NaN,1,terminal_stage_probability_one,1,0,,"","",,Terminal recording stage excluded from Bernoulli complement product.
1,25,1,continue,bernoulli_full_event,45,1,44,1,0.754028963417034,0.754028963417034,full_event_available,0,1,,"3","0.81884",paper_formula,Full Bernoulli event probability uses selected probabilities and non-selected complement probabilities.
1,25,2,continue,bernoulli_full_event,44,2,42,1,0.763967811169131,0.763967811169131,full_event_available,0,1,,"40,42","0.26649,0.96814",paper_formula,Full Bernoulli event probability uses selected probabilities and non-selected complement probabilities.
1,25,3,continue,bernoulli_full_event,35,3,32,0.256618003575664,0.421669070895497,0.108207875142808,full_event_available,0,1,,"8,14,19","0.16865,0.35504,0.0086868",paper_formula,Full Bernoulli event probability uses selected probabilities and non-selected complement probabilities.
1,25,4,load_loss_threshold,bernoulli_full_event,32,0,32,NaN,NaN,1,terminal_stage_probability_one,1,0,,"","",,Terminal recording stage excluded from Bernoulli complement product.
1,26,1,continue,bernoulli_full_event,45,1,44,1,0.754028963417034,0.754028963417034,full_event_available,0,1,,"3","0.21114",paper_formula,Full Bernoulli event probability uses selected probabilities and non-selected complement probabilities.
1,26,2,continue,bernoulli_full_event,44,3,41,0.00656119455,0.769013458079157,0.00504564691002562,full_event_available,0,1,,"2,40,42","0.0050818,0.78928,0.9075",paper_formula,Full Bernoulli event probability uses selected probabilities and non-selected complement probabilities.
1,26,3,continue,bernoulli_full_event,34,2,32,0.777869496067625,0.369725429745457,0.287598133719485,full_event_available,0,1,,"8,14","0.63074,0.33815",paper_formula,Full Bernoulli event probability uses selected probabilities and non-selected complement probabilities.
1,26,4,continue,bernoulli_full_event,32,7,25,0.99885050401828,0.575875815937428,0.575213849001039,full_event_available,0,1,,"9,16,17,19,20,23,27","0.94194,0.6334,0.91888,0.60501,0.93296,0.45286,0.73535",paper_formula,Full Bernoulli event probability uses selected probabilities and non-selected complement probabilities.
1,26,5,max_depth_reached,bernoulli_full_event,0,0,0,NaN,NaN,1,terminal_stage_probability_one,1,0,,"","",,Terminal recording stage excluded from Bernoulli complement product.
1,27,1,continue,bernoulli_full_event,45,1,44,1,0.754028963417034,0.754028963417034,full_event_available,0,1,,"3","0.32614",paper_formula,Full Bernoulli event probability uses selected probabilities and non-selected complement probabilities.
1,27,2,continue,bernoulli_full_event,44,3,41,0.006663167125,0.769092402380762,0.00512459121163076,full_event_available,0,1,,"17,40,42","0.003849,0.26761,0.24893",paper_formula,Full Bernoulli event probability uses selected probabilities and non-selected complement probabilities.
1,27,3,load_loss_threshold,bernoulli_full_event,33,0,33,NaN,NaN,1,terminal_stage_probability_one,1,0,,"","",,Terminal recording stage excluded from Bernoulli complement product.
1,28,1,continue,bernoulli_full_event,45,2,43,0.006544364125,0.758996110332509,0.00496714691547461,full_event_available,0,1,,"3,11","0.39611,0.0014118",paper_formula,Full Bernoulli event probability uses selected probabilities and non-selected complement probabilities.
1,28,2,continue,bernoulli_full_event,43,5,38,0.006457241925,0.783570124291163,0.00505970185775036,full_event_available,0,1,,"12,15,40,42,43","0.16209,0.97834,0.97142,0.43396,0.00041362",paper_formula,Full Bernoulli event probability uses selected probabilities and non-selected complement probabilities.
1,28,3,load_loss_threshold,bernoulli_full_event,29,0,29,NaN,NaN,1,terminal_stage_probability_one,1,0,,"","",,Terminal recording stage excluded from Bernoulli complement product.
1,29,1,continue,bernoulli_full_event,45,3,42,4.14515019669159e-05,0.763833075176347,3.16620282180678e-05,full_event_available,0,1,,"3,13,46","0.61453,0.0040037,0.00010902",paper_formula,Full Bernoulli event probability uses selected probabilities and non-selected complement probabilities.
1,29,2,continue,bernoulli_full_event,42,4,38,1,0.783945693116701,0.783945693116701,full_event_available,0,1,,"14,19,23,40","0.74589,0.79023,0.38048,0.68197",paper_formula,Full Bernoulli event probability uses selected probabilities and non-selected complement probabilities.
1,29,3,load_loss_threshold,bernoulli_full_event,0,0,0,NaN,NaN,1,terminal_stage_probability_one,1,0,,"","",,Terminal recording stage excluded from Bernoulli complement product.
1,30,1,continue,bernoulli_full_event,45,3,42,4.23114248132739e-05,0.76393507362928,3.23231814300882e-05,full_event_available,0,1,,"3,6,37","0.97135,0.00070297,0.0028156",paper_formula,Full Bernoulli event probability uses selected probabilities and non-selected complement probabilities.
1,30,2,continue,bernoulli_full_event,42,3,39,0.81075407916172,0.22045760269212,0.178736900664851,full_event_available,0,1,,"14,40,42","0.095655,0.21164,0.22126",paper_formula,Full Bernoulli event probability uses selected probabilities and non-selected complement probabilities.
1,30,3,load_loss_threshold,bernoulli_full_event,32,0,32,NaN,NaN,1,terminal_stage_probability_one,1,0,,"","",,Terminal recording stage excluded from Bernoulli complement product.
2,1,1,no_new_outage,bernoulli_full_event,45,0,45,1,0.544380486543536,0.544380486543536,full_event_available,1,1,,"","",paper_formula,Full Bernoulli event probability uses selected probabilities and non-selected complement probabilities.
2,2,1,no_new_outage,bernoulli_full_event,45,0,45,1,0.544380486543536,0.544380486543536,full_event_available,1,1,,"","",paper_formula,Full Bernoulli event probability uses selected probabilities and non-selected complement probabilities.
2,3,1,no_new_outage,bernoulli_full_event,45,0,45,1,0.544380486543536,0.544380486543536,full_event_available,1,1,,"","",paper_formula,Full Bernoulli event probability uses selected probabilities and non-selected complement probabilities.
2,4,1,continue,bernoulli_full_event,45,1,44,0.00656119455,0.547975862787992,0.00359537624445612,full_event_available,0,1,,"10","0.0020289",paper_formula,Full Bernoulli event probability uses selected probabilities and non-selected complement probabilities.
2,4,2,continue,bernoulli_full_event,44,2,42,0.006407740675,0.41816892228489,0.0026795180123458,full_event_available,0,1,,"12,21","0.90375,0.0058169",paper_formula,Full Bernoulli event probability uses selected probabilities and non-selected complement probabilities.
2,4,3,continue,bernoulli_full_event,42,10,32,0.294374646329354,0.814424472021033,0.239745915913162,full_event_available,0,1,,"3,6,8,9,11,13,18,19,23,27","0.71953,0.15391,0.25161,0.1252,0.59962,0.80471,0.27925,0.71079,0.88209,0.07149",paper_formula,Full Bernoulli event probability uses selected probabilities and non-selected complement probabilities.
2,4,4,load_loss_threshold,bernoulli_full_event,23,0,23,NaN,NaN,1,terminal_stage_probability_one,1,0,,"","",,Terminal recording stage excluded from Bernoulli complement product.
2,5,1,continue,bernoulli_full_event,45,1,44,0.278141288002486,0.754137170468077,0.209756683924541,full_event_available,0,1,,"3","0.2731",paper_formula,Full Bernoulli event probability uses selected probabilities and non-selected complement probabilities.
2,5,2,continue,bernoulli_full_event,44,3,41,0.00656119455,0.769123815482583,0.00504637098641953,full_event_available,0,1,,"31,40,42","0.0041968,0.97367,0.22176",paper_formula,Full Bernoulli event probability uses selected probabilities and non-selected complement probabilities.
2,5,3,no_new_outage,bernoulli_full_event,33,0,33,1,0.809525881663147,0.809525881663147,full_event_available,1,1,,"","",paper_formula,Full Bernoulli event probability uses selected probabilities and non-selected complement probabilities.
2,6,1,continue,bernoulli_full_event,45,1,44,0.278141288002486,0.754137170468077,0.209756683924541,full_event_available,0,1,,"3","0.003153",paper_formula,Full Bernoulli event probability uses selected probabilities and non-selected complement probabilities.
2,6,2,continue,bernoulli_full_event,44,2,42,1,0.764077444496163,0.764077444496163,full_event_available,0,1,,"40,42","0.14618,0.42492",paper_formula,Full Bernoulli event probability uses selected probabilities and non-selected complement probabilities.
2,6,3,continue,bernoulli_full_event,34,3,31,0.281543108725517,0.579453643920908,0.163141180271821,full_event_available,0,1,,"8,14,23","0.19164,0.11613,0.31915",paper_formula,Full Bernoulli event probability uses selected probabilities and non-selected complement probabilities.
2,6,4,load_loss_threshold,bernoulli_full_event,19,0,19,NaN,NaN,1,terminal_stage_probability_one,1,0,,"","",,Terminal recording stage excluded from Bernoulli complement product.
2,7,1,no_new_outage,bernoulli_full_event,45,0,45,1,0.544380486543536,0.544380486543536,full_event_available,1,1,,"","",paper_formula,Full Bernoulli event probability uses selected probabilities and non-selected complement probabilities.
2,8,1,no_new_outage,bernoulli_full_event,45,0,45,1,0.544380486543536,0.544380486543536,full_event_available,1,1,,"","",paper_formula,Full Bernoulli event probability uses selected probabilities and non-selected complement probabilities.
2,9,1,continue,bernoulli_full_event,45,1,44,0.00639487035,0.547884134550811,0.00350364800727439,full_event_available,0,1,,"46","0.0010035",paper_formula,Full Bernoulli event probability uses selected probabilities and non-selected complement probabilities.
2,9,2,continue,bernoulli_full_event,44,4,40,0.00294197365613101,0.472407490645598,0.0013898103924383,full_event_available,0,1,,"8,14,23,30","0.81548,0.45491,0.50487,0.0002683",paper_formula,Full Bernoulli event probability uses selected probabilities and non-selected complement probabilities.
2,9,3,load_loss_threshold,bernoulli_full_event,28,0,28,NaN,NaN,1,terminal_stage_probability_one,1,0,,"","",,Terminal recording stage excluded from Bernoulli complement product.
2,10,1,continue,bernoulli_full_event,45,1,44,0.00656119455,0.547975862787992,0.00359537624445612,full_event_available,0,1,,"31","0.0046695",paper_formula,Full Bernoulli event probability uses selected probabilities and non-selected complement probabilities.
2,10,2,no_new_outage,bernoulli_full_event,44,0,44,1,0.754290485788771,0.754290485788771,full_event_available,1,1,,"","",paper_formula,Full Bernoulli event probability uses selected probabilities and non-selected complement probabilities.
2,11,1,no_new_outage,bernoulli_full_event,45,0,45,1,0.544380486543536,0.544380486543536,full_event_available,1,1,,"","",paper_formula,Full Bernoulli event probability uses selected probabilities and non-selected complement probabilities.
2,12,1,continue,bernoulli_full_event,45,1,44,0.278141288002486,0.754137170468077,0.209756683924541,full_event_available,0,1,,"3","0.26327",paper_formula,Full Bernoulli event probability uses selected probabilities and non-selected complement probabilities.
2,12,2,continue,bernoulli_full_event,44,2,42,1,0.764077444496163,0.764077444496163,full_event_available,0,1,,"40,42","0.68863,0.76299",paper_formula,Full Bernoulli event probability uses selected probabilities and non-selected complement probabilities.
2,12,3,continue,bernoulli_full_event,34,1,33,0.997763598318933,0.0814826694322524,0.0813004414533563,full_event_available,0,1,,"14","0.23893",paper_formula,Full Bernoulli event probability uses selected probabilities and non-selected complement probabilities.
2,12,4,continue,bernoulli_full_event,33,4,29,0.364623592649521,0.830081324215482,0.30266723462672,full_event_available,0,1,,"16,17,20,27","0.11529,0.45694,0.12267,0.29538",paper_formula,Full Bernoulli event probability uses selected probabilities and non-selected complement probabilities.
2,12,5,max_depth_reached,bernoulli_full_event,0,0,0,NaN,NaN,1,terminal_stage_probability_one,1,0,,"","",,Terminal recording stage excluded from Bernoulli complement product.
2,13,1,no_new_outage,bernoulli_full_event,45,0,45,1,0.544380486543536,0.544380486543536,full_event_available,1,1,,"","",paper_formula,Full Bernoulli event probability uses selected probabilities and non-selected complement probabilities.
2,14,1,no_new_outage,bernoulli_full_event,45,0,45,1,0.544380486543536,0.544380486543536,full_event_available,1,1,,"","",paper_formula,Full Bernoulli event probability uses selected probabilities and non-selected complement probabilities.
2,15,1,no_new_outage,bernoulli_full_event,45,0,45,1,0.544380486543536,0.544380486543536,full_event_available,1,1,,"","",paper_formula,Full Bernoulli event probability uses selected probabilities and non-selected complement probabilities.
2,16,1,continue,bernoulli_full_event,45,1,44,0.278141288002486,0.754137170468077,0.209756683924541,full_event_available,0,1,,"3","0.14935",paper_formula,Full Bernoulli event probability uses selected probabilities and non-selected complement probabilities.
2,16,2,continue,bernoulli_full_event,44,2,42,1,0.764077444496163,0.764077444496163,full_event_available,0,1,,"40,42","0.33482,0.26505",paper_formula,Full Bernoulli event probability uses selected probabilities and non-selected complement probabilities.
2,16,3,continue,bernoulli_full_event,34,4,30,0.0837999269911945,0.825015451056155,0.0691362345651132,full_event_available,0,1,,"8,14,19,23","0.77186,0.20237,0.051911,0.080376",paper_formula,Full Bernoulli event probability uses selected probabilities and non-selected complement probabilities.
2,16,4,load_loss_threshold,bernoulli_full_event,19,0,19,NaN,NaN,1,terminal_stage_probability_one,1,0,,"","",,Terminal recording stage excluded from Bernoulli complement product.
2,17,1,continue,bernoulli_full_event,45,1,44,0.278141288002486,0.754137170468077,0.209756683924541,full_event_available,0,1,,"3","0.17287",paper_formula,Full Bernoulli event probability uses selected probabilities and non-selected complement probabilities.
2,17,2,continue,bernoulli_full_event,44,2,42,1,0.764077444496163,0.764077444496163,full_event_available,0,1,,"40,42","0.56271,0.31953",paper_formula,Full Bernoulli event probability uses selected probabilities and non-selected complement probabilities.
2,17,3,continue,bernoulli_full_event,34,4,30,0.0837999269911945,0.825015451056155,0.0691362345651132,full_event_available,0,1,,"8,14,19,23","0.26118,0.2124,0.069329,0.05014",paper_formula,Full Bernoulli event probability uses selected probabilities and non-selected complement probabilities.
2,17,4,load_loss_threshold,bernoulli_full_event,19,0,19,NaN,NaN,1,terminal_stage_probability_one,1,0,,"","",,Terminal recording stage excluded from Bernoulli complement product.
2,18,1,no_new_outage,bernoulli_full_event,45,0,45,1,0.544380486543536,0.544380486543536,full_event_available,1,1,,"","",paper_formula,Full Bernoulli event probability uses selected probabilities and non-selected complement probabilities.
2,19,1,no_new_outage,bernoulli_full_event,45,0,45,1,0.544380486543536,0.544380486543536,full_event_available,1,1,,"","",paper_formula,Full Bernoulli event probability uses selected probabilities and non-selected complement probabilities.
2,20,1,continue,bernoulli_full_event,45,1,44,0.278141288002486,0.754137170468077,0.209756683924541,full_event_available,0,1,,"3","0.10436",paper_formula,Full Bernoulli event probability uses selected probabilities and non-selected complement probabilities.
2,20,2,continue,bernoulli_full_event,44,2,42,1,0.764077444496163,0.764077444496163,full_event_available,0,1,,"40,42","0.14207,0.13163",paper_formula,Full Bernoulli event probability uses selected probabilities and non-selected complement probabilities.
2,20,3,continue,bernoulli_full_event,34,4,30,0.0837999269911945,0.825015451056155,0.0691362345651132,full_event_available,0,1,,"8,14,19,23","0.22987,0.45006,0.10822,0.14856",paper_formula,Full Bernoulli event probability uses selected probabilities and non-selected complement probabilities.
2,20,4,load_loss_threshold,bernoulli_full_event,19,0,19,NaN,NaN,1,terminal_stage_probability_one,1,0,,"","",,Terminal recording stage excluded from Bernoulli complement product.
2,21,1,continue,bernoulli_full_event,45,1,44,0.278141288002486,0.754137170468077,0.209756683924541,full_event_available,0,1,,"3","0.1571",paper_formula,Full Bernoulli event probability uses selected probabilities and non-selected complement probabilities.
2,21,2,continue,bernoulli_full_event,44,2,42,1,0.764077444496163,0.764077444496163,full_event_available,0,1,,"40,42","0.86559,0.40404",paper_formula,Full Bernoulli event probability uses selected probabilities and non-selected complement probabilities.
2,21,3,continue,bernoulli_full_event,34,4,30,0.00180043167823563,0.583183023748098,0.00104998119016532,full_event_available,0,1,,"8,14,22,23","0.76844,0.31742,0.0021585,0.15593",paper_formula,Full Bernoulli event probability uses selected probabilities and non-selected complement probabilities.
2,21,4,load_loss_threshold,bernoulli_full_event,19,0,19,NaN,NaN,1,terminal_stage_probability_one,1,0,,"","",,Terminal recording stage excluded from Bernoulli complement product.
2,22,1,no_new_outage,bernoulli_full_event,45,0,45,1,0.544380486543536,0.544380486543536,full_event_available,1,1,,"","",paper_formula,Full Bernoulli event probability uses selected probabilities and non-selected complement probabilities.
2,23,1,no_new_outage,bernoulli_full_event,45,0,45,1,0.544380486543536,0.544380486543536,full_event_available,1,1,,"","",paper_formula,Full Bernoulli event probability uses selected probabilities and non-selected complement probabilities.
2,24,1,continue,bernoulli_full_event,45,1,44,0.278141288002486,0.754137170468077,0.209756683924541,full_event_available,0,1,,"3","0.067197",paper_formula,Full Bernoulli event probability uses selected probabilities and non-selected complement probabilities.
2,24,2,continue,bernoulli_full_event,44,3,41,0.006358239425,0.768966719005457,0.00488927450929339,full_event_available,0,1,,"24,40,42","0.0054714,0.79039,0.091672",paper_formula,Full Bernoulli event probability uses selected probabilities and non-selected complement probabilities.
2,24,3,continue,bernoulli_full_event,33,5,28,0.310458391970807,0.650771723419353,0.202037542792843,full_event_available,0,1,,"6,8,9,14,20","0.96696,0.099925,0.67879,0.89166,0.052706",paper_formula,Full Bernoulli event probability uses selected probabilities and non-selected complement probabilities.
2,24,4,load_loss_threshold,bernoulli_full_event,16,0,16,NaN,NaN,1,terminal_stage_probability_one,1,0,,"","",,Terminal recording stage excluded from Bernoulli complement product.
2,25,1,continue,bernoulli_full_event,45,1,44,0.278141288002486,0.754137170468077,0.209756683924541,full_event_available,0,1,,"3","0.12458",paper_formula,Full Bernoulli event probability uses selected probabilities and non-selected complement probabilities.
2,25,2,continue,bernoulli_full_event,44,3,41,0.006358239425,0.768966719005457,0.00488927450929339,full_event_available,0,1,,"38,40,42","0.0036898,0.32577,0.76511",paper_formula,Full Bernoulli event probability uses selected probabilities and non-selected complement probabilities.
2,25,3,continue,bernoulli_full_event,33,4,29,0.871934669064286,0.229768201185852,0.200342860462482,full_event_available,0,1,,"8,14,28,35","0.0099811,0.26006,0.19386,0.30612",paper_formula,Full Bernoulli event probability uses selected probabilities and non-selected complement probabilities.
2,25,4,load_loss_threshold,bernoulli_full_event,26,0,26,NaN,NaN,1,terminal_stage_probability_one,1,0,,"","",,Terminal recording stage excluded from Bernoulli complement product.
2,26,1,continue,bernoulli_full_event,45,1,44,0.278141288002486,0.754137170468077,0.209756683924541,full_event_available,0,1,,"3","0.15984",paper_formula,Full Bernoulli event probability uses selected probabilities and non-selected complement probabilities.
2,26,2,continue,bernoulli_full_event,44,2,42,1,0.764077444496163,0.764077444496163,full_event_available,0,1,,"40,42","0.37303,0.46559",paper_formula,Full Bernoulli event probability uses selected probabilities and non-selected complement probabilities.
2,26,3,continue,bernoulli_full_event,34,2,32,0.296979446849519,0.116013527536096,0.0344536332347312,full_event_available,0,1,,"14,19","0.52133,0.085184",paper_formula,Full Bernoulli event probability uses selected probabilities and non-selected complement probabilities.
2,26,4,continue,bernoulli_full_event,32,7,25,0.00648199255,0.375523606591156,0.002434141220273,full_event_available,0,1,,"8,13,16,17,18,27,37","0.29064,0.71422,0.81942,0.0026918,0.42311,0.3579,0.0047578",paper_formula,Full Bernoulli event probability uses selected probabilities and non-selected complement probabilities.
2,26,5,max_depth_reached,bernoulli_full_event,0,0,0,NaN,NaN,1,terminal_stage_probability_one,1,0,,"","",,Terminal recording stage excluded from Bernoulli complement product.
2,27,1,no_new_outage,bernoulli_full_event,45,0,45,1,0.544380486543536,0.544380486543536,full_event_available,1,1,,"","",paper_formula,Full Bernoulli event probability uses selected probabilities and non-selected complement probabilities.
2,28,1,no_new_outage,bernoulli_full_event,45,0,45,1,0.544380486543536,0.544380486543536,full_event_available,1,1,,"","",paper_formula,Full Bernoulli event probability uses selected probabilities and non-selected complement probabilities.
2,29,1,no_new_outage,bernoulli_full_event,45,0,45,1,0.544380486543536,0.544380486543536,full_event_available,1,1,,"","",paper_formula,Full Bernoulli event probability uses selected probabilities and non-selected complement probabilities.
2,30,1,no_new_outage,bernoulli_full_event,45,0,45,1,0.544380486543536,0.544380486543536,full_event_available,1,1,,"","",paper_formula,Full Bernoulli event probability uses selected probabilities and non-selected complement probabilities.
3,1,1,no_new_outage,bernoulli_full_event,45,0,45,1,0.749189129775249,0.749189129775249,full_event_available,1,1,,"","",paper_formula,Full Bernoulli event probability uses selected probabilities and non-selected complement probabilities.
3,2,1,no_new_outage,bernoulli_full_event,45,0,45,1,0.749189129775249,0.749189129775249,full_event_available,1,1,,"","",paper_formula,Full Bernoulli event probability uses selected probabilities and non-selected complement probabilities.
3,3,1,no_new_outage,bernoulli_full_event,45,0,45,1,0.749189129775249,0.749189129775249,full_event_available,1,1,,"","",paper_formula,Full Bernoulli event probability uses selected probabilities and non-selected complement probabilities.
3,4,1,no_new_outage,bernoulli_full_event,45,0,45,1,0.749189129775249,0.749189129775249,full_event_available,1,1,,"","",paper_formula,Full Bernoulli event probability uses selected probabilities and non-selected complement probabilities.
3,5,1,no_new_outage,bernoulli_full_event,45,0,45,1,0.749189129775249,0.749189129775249,full_event_available,1,1,,"","",paper_formula,Full Bernoulli event probability uses selected probabilities and non-selected complement probabilities.
3,6,1,no_new_outage,bernoulli_full_event,45,0,45,1,0.749189129775249,0.749189129775249,full_event_available,1,1,,"","",paper_formula,Full Bernoulli event probability uses selected probabilities and non-selected complement probabilities.
3,7,1,no_new_outage,bernoulli_full_event,45,0,45,1,0.749189129775249,0.749189129775249,full_event_available,1,1,,"","",paper_formula,Full Bernoulli event probability uses selected probabilities and non-selected complement probabilities.
3,8,1,no_new_outage,bernoulli_full_event,45,0,45,1,0.749189129775249,0.749189129775249,full_event_available,1,1,,"","",paper_formula,Full Bernoulli event probability uses selected probabilities and non-selected complement probabilities.
3,9,1,no_new_outage,bernoulli_full_event,45,0,45,1,0.749189129775249,0.749189129775249,full_event_available,1,1,,"","",paper_formula,Full Bernoulli event probability uses selected probabilities and non-selected complement probabilities.
3,10,1,continue,bernoulli_full_event,45,2,43,4.27428714588401e-05,0.75908309864635,3.2445391312019e-05,full_event_available,0,1,,"25,30","0.0013373,0.00053194",paper_formula,Full Bernoulli event probability uses selected probabilities and non-selected complement probabilities.
3,10,2,continue,bernoulli_full_event,43,5,38,1,0.0441253404882623,0.0441253404882623,full_event_available,0,1,,"1,4,8,19,23","0.77928,0.048007,0.054829,0.40612,0.89675",paper_formula,Full Bernoulli event probability uses selected probabilities and non-selected complement probabilities.
3,10,3,load_loss_threshold,bernoulli_full_event,20,0,20,NaN,NaN,1,terminal_stage_probability_one,1,0,,"","",,Terminal recording stage excluded from Bernoulli complement product.
3,11,1,no_new_outage,bernoulli_full_event,45,0,45,1,0.749189129775249,0.749189129775249,full_event_available,1,1,,"","",paper_formula,Full Bernoulli event probability uses selected probabilities and non-selected complement probabilities.
3,12,1,continue,bernoulli_full_event,45,1,44,0.00662851625,0.754188279038415,0.00499914926316567,full_event_available,0,1,,"30","0.0045816",paper_formula,Full Bernoulli event probability uses selected probabilities and non-selected complement probabilities.
3,12,2,continue,bernoulli_full_event,44,3,41,0.170229398830171,0.769142981953643,0.130930747432414,full_event_available,0,1,,"6,9,25","0.57355,0.37627,0.19845",paper_formula,Full Bernoulli event probability uses selected probabilities and non-selected complement probabilities.
3,12,3,continue,bernoulli_full_event,40,2,38,1,0.701936851597296,0.701936851597296,full_event_available,0,1,,"1,4","0.58818,0.61273",paper_formula,Full Bernoulli event probability uses selected probabilities and non-selected complement probabilities.
3,12,4,load_loss_threshold,bernoulli_full_event,20,0,20,NaN,NaN,1,terminal_stage_probability_one,1,0,,"","",,Terminal recording stage excluded from Bernoulli complement product.
3,13,1,no_new_outage,bernoulli_full_event,45,0,45,1,0.749189129775249,0.749189129775249,full_event_available,1,1,,"","",paper_formula,Full Bernoulli event probability uses selected probabilities and non-selected complement probabilities.
3,14,1,no_new_outage,bernoulli_full_event,45,0,45,1,0.749189129775249,0.749189129775249,full_event_available,1,1,,"","",paper_formula,Full Bernoulli event probability uses selected probabilities and non-selected complement probabilities.
3,15,1,continue,bernoulli_full_event,45,1,44,0.00639487035,0.754010931927408,0.00482180215215845,full_event_available,0,1,,"22","0.00080523",paper_formula,Full Bernoulli event probability uses selected probabilities and non-selected complement probabilities.
3,15,2,no_new_outage,bernoulli_full_event,44,0,44,1,0.754010931927408,0.754010931927408,full_event_available,1,1,,"","",paper_formula,Full Bernoulli event probability uses selected probabilities and non-selected complement probabilities.
3,16,1,continue,bernoulli_full_event,45,1,44,0.00648199255,0.754077051605884,0.00488792183063531,full_event_available,0,1,,"37","0.00064367",paper_formula,Full Bernoulli event probability uses selected probabilities and non-selected complement probabilities.
3,16,2,continue,bernoulli_full_event,44,4,40,0.39241364810516,0.773581273389616,0.303563849596655,full_event_available,0,1,,"8,14,19,23","0.28733,0.35535,0.51446,0.87566",paper_formula,Full Bernoulli event probability uses selected probabilities and non-selected complement probabilities.
3,16,3,continue,bernoulli_full_event,40,7,33,1,0.278835651249721,0.278835651249721,full_event_available,0,1,,"4,13,18,27,31,40,42","0.99233,0.50676,0.15449,0.35071,0.87196,0.028672,0.39837",paper_formula,Full Bernoulli event probability uses selected probabilities and non-selected complement probabilities.
3,16,4,load_loss_threshold,bernoulli_full_event,0,0,0,NaN,NaN,1,terminal_stage_probability_one,1,0,,"","",,Terminal recording stage excluded from Bernoulli complement product.
3,17,1,no_new_outage,bernoulli_full_event,45,0,45,1,0.749189129775249,0.749189129775249,full_event_available,1,1,,"","",paper_formula,Full Bernoulli event probability uses selected probabilities and non-selected complement probabilities.
3,18,1,continue,bernoulli_full_event,45,1,44,0.0065948554,0.754162723887357,0.00497359411210724,full_event_available,0,1,,"9","0.0036166",paper_formula,Full Bernoulli event probability uses selected probabilities and non-selected complement probabilities.
3,18,2,continue,bernoulli_full_event,44,2,42,0.00211678341399173,0.578808589334949,0.00122521242178017,full_event_available,0,1,,"8,14","0.1546,0.0061151",paper_formula,Full Bernoulli event probability uses selected probabilities and non-selected complement probabilities.
3,18,3,continue,bernoulli_full_event,42,7,35,0.006007770575,0.798400028321647,0.00479660419722996,full_event_available,0,1,,"6,7,16,26,27,30,42","0.37674,0.51436,0.0040299,0.46302,0.59108,0.39065,0.92238",paper_formula,Full Bernoulli event probability uses selected probabilities and non-selected complement probabilities.
3,18,4,load_loss_threshold,bernoulli_full_event,20,0,20,NaN,NaN,1,terminal_stage_probability_one,1,0,,"","",,Terminal recording stage excluded from Bernoulli complement product.
3,19,1,no_new_outage,bernoulli_full_event,45,0,45,1,0.749189129775249,0.749189129775249,full_event_available,1,1,,"","",paper_formula,Full Bernoulli event probability uses selected probabilities and non-selected complement probabilities.
3,20,1,continue,bernoulli_full_event,45,1,44,0.00639487035,0.754010931927408,0.00482180215215845,full_event_available,0,1,,"22","0.0031951",paper_formula,Full Bernoulli event probability uses selected probabilities and non-selected complement probabilities.
3,20,2,no_new_outage,bernoulli_full_event,44,0,44,1,0.754010931927408,0.754010931927408,full_event_available,1,1,,"","",paper_formula,Full Bernoulli event probability uses selected probabilities and non-selected complement probabilities.
3,21,1,no_new_outage,bernoulli_full_event,45,0,45,1,0.749189129775249,0.749189129775249,full_event_available,1,1,,"","",paper_formula,Full Bernoulli event probability uses selected probabilities and non-selected complement probabilities.
3,22,1,no_new_outage,bernoulli_full_event,45,0,45,1,0.749189129775249,0.749189129775249,full_event_available,1,1,,"","",paper_formula,Full Bernoulli event probability uses selected probabilities and non-selected complement probabilities.
3,23,1,no_new_outage,bernoulli_full_event,45,0,45,1,0.749189129775249,0.749189129775249,full_event_available,1,1,,"","",paper_formula,Full Bernoulli event probability uses selected probabilities and non-selected complement probabilities.
3,24,1,no_new_outage,bernoulli_full_event,45,0,45,1,0.749189129775249,0.749189129775249,full_event_available,1,1,,"","",paper_formula,Full Bernoulli event probability uses selected probabilities and non-selected complement probabilities.
3,25,1,no_new_outage,bernoulli_full_event,45,0,45,1,0.749189129775249,0.749189129775249,full_event_available,1,1,,"","",paper_formula,Full Bernoulli event probability uses selected probabilities and non-selected complement probabilities.
3,26,1,no_new_outage,bernoulli_full_event,45,0,45,1,0.749189129775249,0.749189129775249,full_event_available,1,1,,"","",paper_formula,Full Bernoulli event probability uses selected probabilities and non-selected complement probabilities.
3,27,1,no_new_outage,bernoulli_full_event,45,0,45,1,0.749189129775249,0.749189129775249,full_event_available,1,1,,"","",paper_formula,Full Bernoulli event probability uses selected probabilities and non-selected complement probabilities.
3,28,1,continue,bernoulli_full_event,45,1,44,0.00647011225,0.754068034603269,0.00487890482802003,full_event_available,0,1,,"40","0.00040065",paper_formula,Full Bernoulli event probability uses selected probabilities and non-selected complement probabilities.
3,28,2,continue,bernoulli_full_event,44,1,43,1,0.531186834663001,0.531186834663001,full_event_available,0,1,,"1","0.89802",paper_formula,Full Bernoulli event probability uses selected probabilities and non-selected complement probabilities.
3,28,3,continue,bernoulli_full_event,40,1,39,0.999647964316803,0.778744633315501,0.778470487416476,full_event_available,0,1,,"14","0.45172",paper_formula,Full Bernoulli event probability uses selected probabilities and non-selected complement probabilities.
3,28,4,continue,bernoulli_full_event,39,2,37,1,0.122012043165566,0.122012043165566,full_event_available,0,1,,"16,17","0.66728,0.31722",paper_formula,Full Bernoulli event probability uses selected probabilities and non-selected complement probabilities.
3,28,5,max_depth_reached,bernoulli_full_event,36,0,36,NaN,NaN,1,terminal_stage_probability_one,1,0,,"","",,Terminal recording stage excluded from Bernoulli complement product.
3,29,1,no_new_outage,bernoulli_full_event,45,0,45,1,0.749189129775249,0.749189129775249,full_event_available,1,1,,"","",paper_formula,Full Bernoulli event probability uses selected probabilities and non-selected complement probabilities.
3,30,1,no_new_outage,bernoulli_full_event,45,0,45,1,0.749189129775249,0.749189129775249,full_event_available,1,1,,"","",paper_formula,Full Bernoulli event probability uses selected probabilities and non-selected complement probabilities.
4,1,1,no_new_outage,bernoulli_full_event,45,0,45,1,0.749239146128253,0.749239146128253,full_event_available,1,1,,"","",paper_formula,Full Bernoulli event probability uses selected probabilities and non-selected complement probabilities.
4,2,1,no_new_outage,bernoulli_full_event,45,0,45,1,0.749239146128253,0.749239146128253,full_event_available,1,1,,"","",paper_formula,Full Bernoulli event probability uses selected probabilities and non-selected complement probabilities.
4,3,1,no_new_outage,bernoulli_full_event,45,0,45,1,0.749239146128253,0.749239146128253,full_event_available,1,1,,"","",paper_formula,Full Bernoulli event probability uses selected probabilities and non-selected complement probabilities.
4,4,1,no_new_outage,bernoulli_full_event,45,0,45,1,0.749239146128253,0.749239146128253,full_event_available,1,1,,"","",paper_formula,Full Bernoulli event probability uses selected probabilities and non-selected complement probabilities.
4,5,1,no_new_outage,bernoulli_full_event,45,0,45,1,0.749239146128253,0.749239146128253,full_event_available,1,1,,"","",paper_formula,Full Bernoulli event probability uses selected probabilities and non-selected complement probabilities.
4,6,1,no_new_outage,bernoulli_full_event,45,0,45,1,0.749239146128253,0.749239146128253,full_event_available,1,1,,"","",paper_formula,Full Bernoulli event probability uses selected probabilities and non-selected complement probabilities.
4,7,1,no_new_outage,bernoulli_full_event,45,0,45,1,0.749239146128253,0.749239146128253,full_event_available,1,1,,"","",paper_formula,Full Bernoulli event probability uses selected probabilities and non-selected complement probabilities.
4,8,1,no_new_outage,bernoulli_full_event,45,0,45,1,0.749239146128253,0.749239146128253,full_event_available,1,1,,"","",paper_formula,Full Bernoulli event probability uses selected probabilities and non-selected complement probabilities.
4,9,1,no_new_outage,bernoulli_full_event,45,0,45,1,0.749239146128253,0.749239146128253,full_event_available,1,1,,"","",paper_formula,Full Bernoulli event probability uses selected probabilities and non-selected complement probabilities.
4,10,1,no_new_outage,bernoulli_full_event,45,0,45,1,0.749239146128253,0.749239146128253,full_event_available,1,1,,"","",paper_formula,Full Bernoulli event probability uses selected probabilities and non-selected complement probabilities.
4,11,1,no_new_outage,bernoulli_full_event,45,0,45,1,0.749239146128253,0.749239146128253,full_event_available,1,1,,"","",paper_formula,Full Bernoulli event probability uses selected probabilities and non-selected complement probabilities.
4,12,1,no_new_outage,bernoulli_full_event,45,0,45,1,0.749239146128253,0.749239146128253,full_event_available,1,1,,"","",paper_formula,Full Bernoulli event probability uses selected probabilities and non-selected complement probabilities.
4,13,1,no_new_outage,bernoulli_full_event,45,0,45,1,0.749239146128253,0.749239146128253,full_event_available,1,1,,"","",paper_formula,Full Bernoulli event probability uses selected probabilities and non-selected complement probabilities.
4,14,1,no_new_outage,bernoulli_full_event,45,0,45,1,0.749239146128253,0.749239146128253,full_event_available,1,1,,"","",paper_formula,Full Bernoulli event probability uses selected probabilities and non-selected complement probabilities.
4,15,1,no_new_outage,bernoulli_full_event,45,0,45,1,0.749239146128253,0.749239146128253,full_event_available,1,1,,"","",paper_formula,Full Bernoulli event probability uses selected probabilities and non-selected complement probabilities.
4,16,1,no_new_outage,bernoulli_full_event,45,0,45,1,0.749239146128253,0.749239146128253,full_event_available,1,1,,"","",paper_formula,Full Bernoulli event probability uses selected probabilities and non-selected complement probabilities.
4,17,1,no_new_outage,bernoulli_full_event,45,0,45,1,0.749239146128253,0.749239146128253,full_event_available,1,1,,"","",paper_formula,Full Bernoulli event probability uses selected probabilities and non-selected complement probabilities.
4,18,1,continue,bernoulli_full_event,45,1,44,0.00649387285,0.754136412099985,0.0048972659717325,full_event_available,0,1,,"35","0.0063063",paper_formula,Full Bernoulli event probability uses selected probabilities and non-selected complement probabilities.
4,18,2,continue,bernoulli_full_event,44,4,40,0.0059991564174937,0.77368225374325,0.00464144085764481,full_event_available,0,1,,"15,29,36,38","0.0050789,0.86753,0.41745,0.78387",paper_formula,Full Bernoulli event probability uses selected probabilities and non-selected complement probabilities.
4,18,3,continue,bernoulli_full_event,38,3,35,0.862125734067318,0.346109660556071,0.298390045174693,full_event_available,0,1,,"10,19,23","0.10286,0.53653,0.92786",paper_formula,Full Bernoulli event probability uses selected probabilities and non-selected complement probabilities.
4,18,4,continue,bernoulli_full_event,28,5,23,1,0.862752439821201,0.862752439821201,full_event_available,0,1,,"1,3,16,17,27","0.80502,0.93211,0.19916,0.82719,0.29725",paper_formula,Full Bernoulli event probability uses selected probabilities and non-selected complement probabilities.
4,18,5,max_depth_reached,bernoulli_full_event,0,0,0,NaN,NaN,1,terminal_stage_probability_one,1,0,,"","",,Terminal recording stage excluded from Bernoulli complement product.
4,19,1,no_new_outage,bernoulli_full_event,45,0,45,1,0.749239146128253,0.749239146128253,full_event_available,1,1,,"","",paper_formula,Full Bernoulli event probability uses selected probabilities and non-selected complement probabilities.
4,20,1,no_new_outage,bernoulli_full_event,45,0,45,1,0.749239146128253,0.749239146128253,full_event_available,1,1,,"","",paper_formula,Full Bernoulli event probability uses selected probabilities and non-selected complement probabilities.
4,21,1,continue,bernoulli_full_event,45,1,44,0.0065275337,0.754161963761967,0.00492281763371442,full_event_available,0,1,,"6","0.0025034",paper_formula,Full Bernoulli event probability uses selected probabilities and non-selected complement probabilities.
4,21,2,continue,bernoulli_full_event,44,1,43,0.00601866085,0.75872849324001,0.00456652947804314,full_event_available,0,1,,"8","0.0018646",paper_formula,Full Bernoulli event probability uses selected probabilities and non-selected complement probabilities.
4,21,3,continue,bernoulli_full_event,43,2,41,0.0064324913,0.322730946963382,0.00207596400858272,full_event_available,0,1,,"9,45","0.17098,0.0044672",paper_formula,Full Bernoulli event probability uses selected probabilities and non-selected complement probabilities.
4,21,4,continue,bernoulli_full_event,41,1,40,1,0.773725419388778,0.773725419388778,full_event_available,0,1,,"13","0.85192",paper_formula,Full Bernoulli event probability uses selected probabilities and non-selected complement probabilities.
4,21,5,max_depth_reached,bernoulli_full_event,40,0,40,NaN,NaN,1,terminal_stage_probability_one,1,0,,"","",,Terminal recording stage excluded from Bernoulli complement product.
4,22,1,continue,bernoulli_full_event,45,2,43,4.41669115645283e-05,0.759297958331907,3.35358457767722e-05,full_event_available,0,1,,"19,30","0.0052127,7.0723e-05",paper_formula,Full Bernoulli event probability uses selected probabilities and non-selected complement probabilities.
4,22,2,continue,bernoulli_full_event,43,3,40,0.954548972826762,0.774015332374567,0.738835540470308,full_event_available,0,1,,"13,18,25","0.6987,0.83679,0.020121",paper_formula,Full Bernoulli event probability uses selected probabilities and non-selected complement probabilities.
4,22,3,load_loss_threshold,bernoulli_full_event,19,0,19,NaN,NaN,1,terminal_stage_probability_one,1,0,,"","",,Terminal recording stage excluded from Bernoulli complement product.
4,23,1,no_new_outage,bernoulli_full_event,45,0,45,1,0.749239146128253,0.749239146128253,full_event_available,1,1,,"","",paper_formula,Full Bernoulli event probability uses selected probabilities and non-selected complement probabilities.
4,24,1,no_new_outage,bernoulli_full_event,45,0,45,1,0.749239146128253,0.749239146128253,full_event_available,1,1,,"","",paper_formula,Full Bernoulli event probability uses selected probabilities and non-selected complement probabilities.
4,25,1,no_new_outage,bernoulli_full_event,45,0,45,1,0.749239146128253,0.749239146128253,full_event_available,1,1,,"","",paper_formula,Full Bernoulli event probability uses selected probabilities and non-selected complement probabilities.
4,26,1,continue,bernoulli_full_event,45,1,44,0.006009750625,0.753769110511253,0.0045299643830007,full_event_available,0,1,,"34","0.0030392",paper_formula,Full Bernoulli event probability uses selected probabilities and non-selected complement probabilities.
4,26,2,no_new_outage,bernoulli_full_event,44,0,44,1,0.74065369407048,0.74065369407048,full_event_available,1,1,,"","",paper_formula,Full Bernoulli event probability uses selected probabilities and non-selected complement probabilities.
4,27,1,continue,bernoulli_full_event,45,1,44,0.006407740675,0.754071037788932,0.0048318916606796,full_event_available,0,1,,"21","0.0056422",paper_formula,Full Bernoulli event probability uses selected probabilities and non-selected complement probabilities.
4,27,2,no_new_outage,bernoulli_full_event,44,0,44,1,0.754071037788932,0.754071037788932,full_event_available,1,1,,"","",paper_formula,Full Bernoulli event probability uses selected probabilities and non-selected complement probabilities.
4,28,1,continue,bernoulli_full_event,45,1,44,0.006407740675,0.754071037788932,0.0048318916606796,full_event_available,0,1,,"21","0.0033069",paper_formula,Full Bernoulli event probability uses selected probabilities and non-selected complement probabilities.
4,28,2,no_new_outage,bernoulli_full_event,44,0,44,1,0.754071037788932,0.754071037788932,full_event_available,1,1,,"","",paper_formula,Full Bernoulli event probability uses selected probabilities and non-selected complement probabilities.
4,29,1,no_new_outage,bernoulli_full_event,45,0,45,1,0.749239146128253,0.749239146128253,full_event_available,1,1,,"","",paper_formula,Full Bernoulli event probability uses selected probabilities and non-selected complement probabilities.
4,30,1,no_new_outage,bernoulli_full_event,45,0,45,1,0.749239146128253,0.749239146128253,full_event_available,1,1,,"","",paper_formula,Full Bernoulli event probability uses selected probabilities and non-selected complement probabilities.
5,1,1,no_new_outage,bernoulli_full_event,45,0,45,1,0.749263036892236,0.749263036892236,full_event_available,1,1,,"","",paper_formula,Full Bernoulli event probability uses selected probabilities and non-selected complement probabilities.
5,2,1,no_new_outage,bernoulli_full_event,45,0,45,1,0.749263036892236,0.749263036892236,full_event_available,1,1,,"","",paper_formula,Full Bernoulli event probability uses selected probabilities and non-selected complement probabilities.
5,3,1,continue,bernoulli_full_event,45,2,43,4.02995175196856e-05,0.758869834907694,3.05820882070236e-05,full_event_available,0,1,,"18,35","0.0020316,0.0059232",paper_formula,Full Bernoulli event probability uses selected probabilities and non-selected complement probabilities.
5,3,2,continue,bernoulli_full_event,43,5,38,0.904024375490086,0.784081658051074,0.708828931252854,full_event_available,0,1,,"19,23,29,36,38","0.41975,0.03441,0.28329,0.54736,0.98782",paper_formula,Full Bernoulli event probability uses selected probabilities and non-selected complement probabilities.
5,3,3,continue,bernoulli_full_event,35,5,30,0.792179171525308,0.825160190846686,0.653674716360593,full_event_available,0,1,,"6,8,10,14,27","0.11359,0.83851,0.084659,0.86139,0.77403",paper_formula,Full Bernoulli event probability uses selected probabilities and non-selected complement probabilities.
5,3,4,load_loss_threshold,bernoulli_full_event,0,0,0,NaN,NaN,1,terminal_stage_probability_one,1,0,,"","",,Terminal recording stage excluded from Bernoulli complement product.
5,4,1,no_new_outage,bernoulli_full_event,45,0,45,1,0.749263036892236,0.749263036892236,full_event_available,1,1,,"","",paper_formula,Full Bernoulli event probability uses selected probabilities and non-selected complement probabilities.
5,5,1,no_new_outage,bernoulli_full_event,45,0,45,1,0.749263036892236,0.749263036892236,full_event_available,1,1,,"","",paper_formula,Full Bernoulli event probability uses selected probabilities and non-selected complement probabilities.
5,6,1,no_new_outage,bernoulli_full_event,45,0,45,1,0.749263036892236,0.749263036892236,full_event_available,1,1,,"","",paper_formula,Full Bernoulli event probability uses selected probabilities and non-selected complement probabilities.
5,7,1,no_new_outage,bernoulli_full_event,45,0,45,1,0.749263036892236,0.749263036892236,full_event_available,1,1,,"","",paper_formula,Full Bernoulli event probability uses selected probabilities and non-selected complement probabilities.
5,8,1,continue,bernoulli_full_event,45,1,44,0.00628794765,0.754004175676772,0.00474113878453695,full_event_available,0,1,,"26","0.00027742",paper_formula,Full Bernoulli event probability uses selected probabilities and non-selected complement probabilities.
5,8,2,continue,bernoulli_full_event,44,3,41,0.00661094863638583,0.769094706416477,0.00508444560063556,full_event_available,0,1,,"6,9,30","0.011379,0.36372,0.0020078",paper_formula,Full Bernoulli event probability uses selected probabilities and non-selected complement probabilities.
5,8,3,continue,bernoulli_full_event,41,6,35,0.395454235813484,0.180825423164873,0.0715081795333147,full_event_available,0,1,,"3,10,12,13,18,20","0.61614,0.39049,0.56228,0.82332,0.2585,0.41325",paper_formula,Full Bernoulli event probability uses selected probabilities and non-selected complement probabilities.
5,8,4,load_loss_threshold,bernoulli_full_event,0,0,0,NaN,NaN,1,terminal_stage_probability_one,1,0,,"","",,Terminal recording stage excluded from Bernoulli complement product.
5,9,1,continue,bernoulli_full_event,45,1,44,0.00649387285,0.75416045902162,0.00489742212938403,full_event_available,0,1,,"35","0.0021075",paper_formula,Full Bernoulli event probability uses selected probabilities and non-selected complement probabilities.
5,9,2,continue,bernoulli_full_event,44,3,41,0.997655956035446,0.769058670226093,0.767255962891761,full_event_available,0,1,,"29,36,38","0.37991,0.8832,0.21592",paper_formula,Full Bernoulli event probability uses selected probabilities and non-selected complement probabilities.
5,9,3,continue,bernoulli_full_event,39,7,32,0.00160282250417694,0.257917874887414,0.00041339657409904,full_event_available,0,1,,"8,10,14,17,19,23,27","0.77286,0.014587,0.78931,0.0016946,0.10164,0.84859,0.0017341",paper_formula,Full Bernoulli event probability uses selected probabilities and non-selected complement probabilities.
5,9,4,load_loss_threshold,bernoulli_full_event,0,0,0,NaN,NaN,1,terminal_stage_probability_one,1,0,,"","",,Terminal recording stage excluded from Bernoulli complement product.
5,10,1,no_new_outage,bernoulli_full_event,45,0,45,1,0.749263036892236,0.749263036892236,full_event_available,1,1,,"","",paper_formula,Full Bernoulli event probability uses selected probabilities and non-selected complement probabilities.
5,11,1,no_new_outage,bernoulli_full_event,45,0,45,1,0.749263036892236,0.749263036892236,full_event_available,1,1,,"","",paper_formula,Full Bernoulli event probability uses selected probabilities and non-selected complement probabilities.
5,12,1,no_new_outage,bernoulli_full_event,45,0,45,1,0.749263036892236,0.749263036892236,full_event_available,1,1,,"","",paper_formula,Full Bernoulli event probability uses selected probabilities and non-selected complement probabilities.
5,13,1,no_new_outage,bernoulli_full_event,45,0,45,1,0.749263036892236,0.749263036892236,full_event_available,1,1,,"","",paper_formula,Full Bernoulli event probability uses selected probabilities and non-selected complement probabilities.
5,14,1,no_new_outage,bernoulli_full_event,45,0,45,1,0.749263036892236,0.749263036892236,full_event_available,1,1,,"","",paper_formula,Full Bernoulli event probability uses selected probabilities and non-selected complement probabilities.
5,15,1,no_new_outage,bernoulli_full_event,45,0,45,1,0.749263036892236,0.749263036892236,full_event_available,1,1,,"","",paper_formula,Full Bernoulli event probability uses selected probabilities and non-selected complement probabilities.
5,16,1,no_new_outage,bernoulli_full_event,45,0,45,1,0.749263036892236,0.749263036892236,full_event_available,1,1,,"","",paper_formula,Full Bernoulli event probability uses selected probabilities and non-selected complement probabilities.
5,17,1,no_new_outage,bernoulli_full_event,45,0,45,1,0.749263036892236,0.749263036892236,full_event_available,1,1,,"","",paper_formula,Full Bernoulli event probability uses selected probabilities and non-selected complement probabilities.
5,18,1,no_new_outage,bernoulli_full_event,45,0,45,1,0.749263036892236,0.749263036892236,full_event_available,1,1,,"","",paper_formula,Full Bernoulli event probability uses selected probabilities and non-selected complement probabilities.
5,19,1,continue,bernoulli_full_event,45,2,43,4.16504393418196e-05,0.759028625744155,3.16138757352616e-05,full_event_available,0,1,,"13,39","0.005445,0.0017875",paper_formula,Full Bernoulli event probability uses selected probabilities and non-selected complement probabilities.
5,19,2,continue,bernoulli_full_event,43,5,38,1,0.556312783249908,0.556312783249908,full_event_available,0,1,,"8,10,14,19,23","0.059584,0.90549,0.055637,0.14694,0.98522",paper_formula,Full Bernoulli event probability uses selected probabilities and non-selected complement probabilities.
5,19,3,continue,bernoulli_full_event,34,2,32,1,0.814174528226409,0.814174528226409,full_event_available,0,1,,"3,27","0.25882,0.98171",paper_formula,Full Bernoulli event probability uses selected probabilities and non-selected complement probabilities.
5,19,4,load_loss_threshold,bernoulli_full_event,29,0,29,NaN,NaN,1,terminal_stage_probability_one,1,0,,"","",,Terminal recording stage excluded from Bernoulli complement product.
5,20,1,no_new_outage,bernoulli_full_event,45,0,45,1,0.749263036892236,0.749263036892236,full_event_available,1,1,,"","",paper_formula,Full Bernoulli event probability uses selected probabilities and non-selected complement probabilities.
5,21,1,continue,bernoulli_full_event,45,1,44,0.006663167125,0.754288990496461,0.00502595360422546,full_event_available,0,1,,"17","0.00029118",paper_formula,Full Bernoulli event probability uses selected probabilities and non-selected complement probabilities.
5,21,2,continue,bernoulli_full_event,44,1,43,0.965397153765816,0.757656191784438,0.731439131081744,full_event_available,0,1,,"8","0.24396",paper_formula,Full Bernoulli event probability uses selected probabilities and non-selected complement probabilities.
5,21,3,continue,bernoulli_full_event,43,4,39,1,0.779032686777955,0.779032686777955,full_event_available,0,1,,"9,13,19,23","0.29176,0.95502,0.12895,0.037106",paper_formula,Full Bernoulli event probability uses selected probabilities and non-selected complement probabilities.
5,21,4,continue,bernoulli_full_event,29,3,26,1,0.654111616937658,0.654111616937658,full_event_available,0,1,,"1,3,6","0.59752,0.24986,0.31518",paper_formula,Full Bernoulli event probability uses selected probabilities and non-selected complement probabilities.
5,21,5,max_depth_reached,bernoulli_full_event,25,0,25,NaN,NaN,1,terminal_stage_probability_one,1,0,,"","",,Terminal recording stage excluded from Bernoulli complement product.
5,22,1,no_new_outage,bernoulli_full_event,45,0,45,1,0.749263036892236,0.749263036892236,full_event_available,1,1,,"","",paper_formula,Full Bernoulli event probability uses selected probabilities and non-selected complement probabilities.
5,23,1,no_new_outage,bernoulli_full_event,45,0,45,1,0.749263036892236,0.749263036892236,full_event_available,1,1,,"","",paper_formula,Full Bernoulli event probability uses selected probabilities and non-selected complement probabilities.
5,24,1,no_new_outage,bernoulli_full_event,45,0,45,1,0.749263036892236,0.749263036892236,full_event_available,1,1,,"","",paper_formula,Full Bernoulli event probability uses selected probabilities and non-selected complement probabilities.
5,25,1,continue,bernoulli_full_event,45,1,44,0.00648199255,0.754151440913811,0.00488840402157509,full_event_available,0,1,,"13","0.00593",paper_formula,Full Bernoulli event probability uses selected probabilities and non-selected complement probabilities.
5,25,2,continue,bernoulli_full_event,44,2,42,0.99913262252515,0.764111710375901,0.763448937090051,full_event_available,0,1,,"19,23","0.7694,0.46952",paper_formula,Full Bernoulli event probability uses selected probabilities and non-selected complement probabilities.
5,25,3,continue,bernoulli_full_event,38,3,35,1,0.79897925679624,0.79897925679624,full_event_available,0,1,,"8,10,14","0.24061,0.90528,0.70517",paper_formula,Full Bernoulli event probability uses selected probabilities and non-selected complement probabilities.
5,25,4,continue,bernoulli_full_event,35,2,33,0.006437441425,0.809006678988137,0.00520793310841991,full_event_available,0,1,,"27,41","0.14888,0.0019003",paper_formula,Full Bernoulli event probability uses selected probabilities and non-selected complement probabilities.
5,25,5,max_depth_reached,bernoulli_full_event,30,0,30,NaN,NaN,1,terminal_stage_probability_one,1,0,,"","",,Terminal recording stage excluded from Bernoulli complement product.
5,26,1,no_new_outage,bernoulli_full_event,45,0,45,1,0.749263036892236,0.749263036892236,full_event_available,1,1,,"","",paper_formula,Full Bernoulli event probability uses selected probabilities and non-selected complement probabilities.
5,27,1,no_new_outage,bernoulli_full_event,45,0,45,1,0.749263036892236,0.749263036892236,full_event_available,1,1,,"","",paper_formula,Full Bernoulli event probability uses selected probabilities and non-selected complement probabilities.
5,28,1,no_new_outage,bernoulli_full_event,45,0,45,1,0.749263036892236,0.749263036892236,full_event_available,1,1,,"","",paper_formula,Full Bernoulli event probability uses selected probabilities and non-selected complement probabilities.
5,29,1,no_new_outage,bernoulli_full_event,45,0,45,1,0.749263036892236,0.749263036892236,full_event_available,1,1,,"","",paper_formula,Full Bernoulli event probability uses selected probabilities and non-selected complement probabilities.
5,30,1,no_new_outage,bernoulli_full_event,45,0,45,1,0.749263036892236,0.749263036892236,full_event_available,1,1,,"","",paper_formula,Full Bernoulli event probability uses selected probabilities and non-selected complement probabilities.
6,1,1,no_new_outage,bernoulli_full_event,45,0,45,1,0.749316049965664,0.749316049965664,full_event_available,1,1,,"","",paper_formula,Full Bernoulli event probability uses selected probabilities and non-selected complement probabilities.
6,2,1,no_new_outage,bernoulli_full_event,45,0,45,1,0.749316049965664,0.749316049965664,full_event_available,1,1,,"","",paper_formula,Full Bernoulli event probability uses selected probabilities and non-selected complement probabilities.
6,3,1,no_new_outage,bernoulli_full_event,45,0,45,1,0.749316049965664,0.749316049965664,full_event_available,1,1,,"","",paper_formula,Full Bernoulli event probability uses selected probabilities and non-selected complement probabilities.
6,4,1,no_new_outage,bernoulli_full_event,45,0,45,1,0.749316049965664,0.749316049965664,full_event_available,1,1,,"","",paper_formula,Full Bernoulli event probability uses selected probabilities and non-selected complement probabilities.
6,5,1,no_new_outage,bernoulli_full_event,45,0,45,1,0.749316049965664,0.749316049965664,full_event_available,1,1,,"","",paper_formula,Full Bernoulli event probability uses selected probabilities and non-selected complement probabilities.
6,6,1,continue,bernoulli_full_event,45,1,44,0.0064324913,0.754167224073261,0.0048511741075964,full_event_available,0,1,,"45","0.0024963",paper_formula,Full Bernoulli event probability uses selected probabilities and non-selected complement probabilities.
6,6,2,no_new_outage,bernoulli_full_event,44,0,44,1,0.754167224073261,0.754167224073261,full_event_available,1,1,,"","",paper_formula,Full Bernoulli event probability uses selected probabilities and non-selected complement probabilities.
6,7,1,continue,bernoulli_full_event,45,1,44,0.006358239425,0.754110867413675,0.00479481744801057,full_event_available,0,1,,"14","0.0059854",paper_formula,Full Bernoulli event probability uses selected probabilities and non-selected complement probabilities.
6,7,2,continue,bernoulli_full_event,44,3,41,0.245879126301127,0.768846419951662,0.189043285997464,full_event_available,0,1,,"3,13,25","0.8385,0.17921,0.24897",paper_formula,Full Bernoulli event probability uses selected probabilities and non-selected complement probabilities.
6,7,3,continue,bernoulli_full_event,41,9,32,0.470988589015864,0.56226757678923,0.264821612641328,full_event_available,0,1,,"1,4,16,17,19,20,23,26,27","0.29245,0.70898,0.21524,0.26989,0.08562,0.79735,0.68703,0.44297,0.20281",paper_formula,Full Bernoulli event probability uses selected probabilities and non-selected complement probabilities.
6,7,4,load_loss_threshold,bernoulli_full_event,10,0,10,NaN,NaN,1,terminal_stage_probability_one,1,0,,"","",,Terminal recording stage excluded from Bernoulli complement product.
6,8,1,no_new_outage,bernoulli_full_event,45,0,45,1,0.749316049965664,0.749316049965664,full_event_available,1,1,,"","",paper_formula,Full Bernoulli event probability uses selected probabilities and non-selected complement probabilities.
6,9,1,no_new_outage,bernoulli_full_event,45,0,45,1,0.749316049965664,0.749316049965664,full_event_available,1,1,,"","",paper_formula,Full Bernoulli event probability uses selected probabilities and non-selected complement probabilities.
6,10,1,continue,bernoulli_full_event,45,1,44,0.00628794765,0.754057524202941,0.0047414742372767,full_event_available,0,1,,"26","0.00099792",paper_formula,Full Bernoulli event probability uses selected probabilities and non-selected complement probabilities.
6,10,2,no_new_outage,bernoulli_full_event,44,0,44,1,0.278930817007257,0.278930817007257,full_event_available,1,1,,"","",paper_formula,Full Bernoulli event probability uses selected probabilities and non-selected complement probabilities.
6,11,1,no_new_outage,bernoulli_full_event,45,0,45,1,0.749316049965664,0.749316049965664,full_event_available,1,1,,"","",paper_formula,Full Bernoulli event probability uses selected probabilities and non-selected complement probabilities.
6,12,1,no_new_outage,bernoulli_full_event,45,0,45,1,0.749316049965664,0.749316049965664,full_event_available,1,1,,"","",paper_formula,Full Bernoulli event probability uses selected probabilities and non-selected complement probabilities.
6,13,1,no_new_outage,bernoulli_full_event,45,0,45,1,0.749316049965664,0.749316049965664,full_event_available,1,1,,"","",paper_formula,Full Bernoulli event probability uses selected probabilities and non-selected complement probabilities.
6,14,1,no_new_outage,bernoulli_full_event,45,0,45,1,0.749316049965664,0.749316049965664,full_event_available,1,1,,"","",paper_formula,Full Bernoulli event probability uses selected probabilities and non-selected complement probabilities.
6,15,1,no_new_outage,bernoulli_full_event,45,0,45,1,0.749316049965664,0.749316049965664,full_event_available,1,1,,"","",paper_formula,Full Bernoulli event probability uses selected probabilities and non-selected complement probabilities.
6,16,1,continue,bernoulli_full_event,45,1,44,0.006007770575,0.753844977640444,0.00452892767477979,full_event_available,0,1,,"15","0.0026309",paper_formula,Full Bernoulli event probability uses selected probabilities and non-selected complement probabilities.
6,16,2,no_new_outage,bernoulli_full_event,44,0,44,1,0.753844977640444,0.753844977640444,full_event_available,1,1,,"","",paper_formula,Full Bernoulli event probability uses selected probabilities and non-selected complement probabilities.
6,17,1,no_new_outage,bernoulli_full_event,45,0,45,1,0.749316049965664,0.749316049965664,full_event_available,1,1,,"","",paper_formula,Full Bernoulli event probability uses selected probabilities and non-selected complement probabilities.
6,18,1,no_new_outage,bernoulli_full_event,45,0,45,1,0.749316049965664,0.749316049965664,full_event_available,1,1,,"","",paper_formula,Full Bernoulli event probability uses selected probabilities and non-selected complement probabilities.
6,19,1,continue,bernoulli_full_event,45,1,44,0.006358239425,0.754110867413675,0.00479481744801057,full_event_available,0,1,,"14","0.0031284",paper_formula,Full Bernoulli event probability uses selected probabilities and non-selected complement probabilities.
6,19,2,continue,bernoulli_full_event,44,3,41,0.245879126301127,0.768846419951662,0.189043285997464,full_event_available,0,1,,"3,13,25","0.99289,0.18522,0.3031",paper_formula,Full Bernoulli event probability uses selected probabilities and non-selected complement probabilities.
6,19,3,continue,bernoulli_full_event,41,8,33,0.997725880163205,0.296842355386724,0.296167300297938,full_event_available,0,1,,"1,4,16,17,19,20,23,26","0.26816,0.91369,0.92693,0.42624,0.63159,0.86085,0.69944,0.82569",paper_formula,Full Bernoulli event probability uses selected probabilities and non-selected complement probabilities.
6,19,4,load_loss_threshold,bernoulli_full_event,11,0,11,NaN,NaN,1,terminal_stage_probability_one,1,0,,"","",,Terminal recording stage excluded from Bernoulli complement product.
6,20,1,continue,bernoulli_full_event,45,1,44,0.006663167125,0.754342359174309,0.0050263092086452,full_event_available,0,1,,"17","0.00028615",paper_formula,Full Bernoulli event probability uses selected probabilities and non-selected complement probabilities.
6,20,2,continue,bernoulli_full_event,44,1,43,0.006245376575,0.759083119104844,0.00474075993053533,full_event_available,0,1,,"12","0.0045827",paper_formula,Full Bernoulli event probability uses selected probabilities and non-selected complement probabilities.
6,20,3,continue,bernoulli_full_event,43,2,41,0.0015709071181015,0.769014251363428,0.00120804996138831,full_event_available,0,1,,"10,22","0.061059,0.0052333",paper_formula,Full Bernoulli event probability uses selected probabilities and non-selected complement probabilities.
6,20,4,powerflow_not_converged,bernoulli_full_event,0,0,0,NaN,NaN,1,terminal_stage_probability_one,1,0,,"","",,Terminal recording stage excluded from Bernoulli complement product.
6,21,1,no_new_outage,bernoulli_full_event,45,0,45,1,0.749316049965664,0.749316049965664,full_event_available,1,1,,"","",paper_formula,Full Bernoulli event probability uses selected probabilities and non-selected complement probabilities.
6,22,1,no_new_outage,bernoulli_full_event,45,0,45,1,0.749316049965664,0.749316049965664,full_event_available,1,1,,"","",paper_formula,Full Bernoulli event probability uses selected probabilities and non-selected complement probabilities.
6,23,1,no_new_outage,bernoulli_full_event,45,0,45,1,0.749316049965664,0.749316049965664,full_event_available,1,1,,"","",paper_formula,Full Bernoulli event probability uses selected probabilities and non-selected complement probabilities.
6,24,1,no_new_outage,bernoulli_full_event,45,0,45,1,0.749316049965664,0.749316049965664,full_event_available,1,1,,"","",paper_formula,Full Bernoulli event probability uses selected probabilities and non-selected complement probabilities.
6,25,1,no_new_outage,bernoulli_full_event,45,0,45,1,0.749316049965664,0.749316049965664,full_event_available,1,1,,"","",paper_formula,Full Bernoulli event probability uses selected probabilities and non-selected complement probabilities.
6,26,1,no_new_outage,bernoulli_full_event,45,0,45,1,0.749316049965664,0.749316049965664,full_event_available,1,1,,"","",paper_formula,Full Bernoulli event probability uses selected probabilities and non-selected complement probabilities.
6,27,1,continue,bernoulli_full_event,45,2,43,4.20512117094446e-05,0.759129986813883,3.19223357904985e-05,full_event_available,0,1,,"11,39","0.0025172,0.0038063",paper_formula,Full Bernoulli event probability uses selected probabilities and non-selected complement probabilities.
6,27,2,continue,bernoulli_full_event,43,4,39,0.244222315124536,0.692588446622098,0.169145553862555,full_event_available,0,1,,"12,19,23,24","0.96444,0.48699,0.18176,0.060648",paper_formula,Full Bernoulli event probability uses selected probabilities and non-selected complement probabilities.
6,27,3,load_loss_threshold,bernoulli_full_event,30,0,30,NaN,NaN,1,terminal_stage_probability_one,1,0,,"","",,Terminal recording stage excluded from Bernoulli complement product.
6,28,1,no_new_outage,bernoulli_full_event,45,0,45,1,0.749316049965664,0.749316049965664,full_event_available,1,1,,"","",paper_formula,Full Bernoulli event probability uses selected probabilities and non-selected complement probabilities.
6,29,1,no_new_outage,bernoulli_full_event,45,0,45,1,0.749316049965664,0.749316049965664,full_event_available,1,1,,"","",paper_formula,Full Bernoulli event probability uses selected probabilities and non-selected complement probabilities.
6,30,1,continue,bernoulli_full_event,45,1,44,0.006437441425,0.754170981483398,0.00485493151773414,full_event_available,0,1,,"41","0.0046332",paper_formula,Full Bernoulli event probability uses selected probabilities and non-selected complement probabilities.
6,30,2,no_new_outage,bernoulli_full_event,44,0,44,1,0.106461990034218,0.106461990034218,full_event_available,1,1,,"","",paper_formula,Full Bernoulli event probability uses selected probabilities and non-selected complement probabilities.
7,1,1,continue,bernoulli_full_event,45,1,44,0.006358239425,0.754025206827497,0.00479427279749437,full_event_available,0,1,,"38","0.00072669",paper_formula,Full Bernoulli event probability uses selected probabilities and non-selected complement probabilities.
7,1,2,continue,bernoulli_full_event,44,2,42,1,0.763883310300895,0.763883310300895,full_event_available,0,1,,"28,35","0.80581,0.34482",paper_formula,Full Bernoulli event probability uses selected probabilities and non-selected complement probabilities.
7,1,3,continue,bernoulli_full_event,39,2,37,1,0.0966300500451807,0.0966300500451807,full_event_available,0,1,,"19,23","0.52251,0.43908",paper_formula,Full Bernoulli event probability uses selected probabilities and non-selected complement probabilities.
7,1,4,continue,bernoulli_full_event,37,5,32,1,0.0552899001584184,0.0552899001584184,full_event_available,0,1,,"8,9,10,13,18","0.73579,0.92951,0.33491,0.33636,0.23037",paper_formula,Full Bernoulli event probability uses selected probabilities and non-selected complement probabilities.
7,1,5,max_depth_reached,bernoulli_full_event,29,0,29,NaN,NaN,1,terminal_stage_probability_one,1,0,,"","",,Terminal recording stage excluded from Bernoulli complement product.
7,2,1,continue,bernoulli_full_event,45,1,44,0.0064483317,0.754093579563871,0.00486264553386818,full_event_available,0,1,,"25","0.0046799",paper_formula,Full Bernoulli event probability uses selected probabilities and non-selected complement probabilities.
7,2,2,continue,bernoulli_full_event,44,1,43,0.997739974521895,0.758919724224345,0.757204546311761,full_event_available,0,1,,"3","0.96626",paper_formula,Full Bernoulli event probability uses selected probabilities and non-selected complement probabilities.
7,2,3,continue,bernoulli_full_event,43,4,39,0.712749635941043,0.778596523369283,0.554944388576418,full_event_available,0,1,,"1,8,19,23","0.3264,0.93557,0.26343,0.43453",paper_formula,Full Bernoulli event probability uses selected probabilities and non-selected complement probabilities.
7,2,4,load_loss_threshold,bernoulli_full_event,23,0,23,NaN,NaN,1,terminal_stage_probability_one,1,0,,"","",,Terminal recording stage excluded from Bernoulli complement product.
7,3,1,no_new_outage,bernoulli_full_event,45,0,45,1,0.749230934030003,0.749230934030003,full_event_available,1,1,,"","",paper_formula,Full Bernoulli event probability uses selected probabilities and non-selected complement probabilities.
7,4,1,continue,bernoulli_full_event,45,2,43,4.08552560727223e-05,0.758901575287365,3.10051181923577e-05,full_event_available,0,1,,"4,24","0.00014122,0.0058194",paper_formula,Full Bernoulli event probability uses selected probabilities and non-selected complement probabilities.
7,4,2,load_loss_threshold,bernoulli_full_event,22,0,22,NaN,NaN,1,terminal_stage_probability_one,1,0,,"","",,Terminal recording stage excluded from Bernoulli complement product.
7,5,1,continue,bernoulli_full_event,45,1,44,0.00635922945,0.754025958108873,0.00479502407887041,full_event_available,0,1,,"3","0.0063067",paper_formula,Full Bernoulli event probability uses selected probabilities and non-selected complement probabilities.
7,5,2,no_new_outage,bernoulli_full_event,44,0,44,1,0.754025958108873,0.754025958108873,full_event_available,1,1,,"","",paper_formula,Full Bernoulli event probability uses selected probabilities and non-selected complement probabilities.
7,6,1,no_new_outage,bernoulli_full_event,45,0,45,1,0.749230934030003,0.749230934030003,full_event_available,1,1,,"","",paper_formula,Full Bernoulli event probability uses selected probabilities and non-selected complement probabilities.
7,7,1,continue,bernoulli_full_event,45,1,44,0.006425561125,0.754076297371678,0.0048453633416754,full_event_available,0,1,,"39","0.0030449",paper_formula,Full Bernoulli event probability uses selected probabilities and non-selected complement probabilities.
7,7,2,continue,bernoulli_full_event,44,1,43,0.876958393769904,0.249607439044233,0.218895338817249,full_event_available,0,1,,"23","0.82003",paper_formula,Full Bernoulli event probability uses selected probabilities and non-selected complement probabilities.
7,7,3,continue,bernoulli_full_event,43,4,39,1,0.567426016105202,0.567426016105202,full_event_available,0,1,,"8,10,13,18","0.93607,0.74601,0.52197,0.083329",paper_formula,Full Bernoulli event probability uses selected probabilities and non-selected complement probabilities.
7,7,4,continue,bernoulli_full_event,35,4,31,0.617449551705339,0.768688118187424,0.474626133976045,full_event_available,0,1,,"3,12,15,27","0.52926,0.71698,0.67964,0.45747",paper_formula,Full Bernoulli event probability uses selected probabilities and non-selected complement probabilities.
7,7,5,max_depth_reached,bernoulli_full_event,0,0,0,NaN,NaN,1,terminal_stage_probability_one,1,0,,"","",,Terminal recording stage excluded from Bernoulli complement product.
7,8,1,continue,bernoulli_full_event,45,1,44,0.006457241925,0.754100342376453,0.00486940834645009,full_event_available,0,1,,"43","0.00016409",paper_formula,Full Bernoulli event probability uses selected probabilities and non-selected complement probabilities.
7,8,2,no_new_outage,bernoulli_full_event,44,0,44,1,0.754100342376453,0.754100342376453,full_event_available,1,1,,"","",paper_formula,Full Bernoulli event probability uses selected probabilities and non-selected complement probabilities.
7,9,1,no_new_outage,bernoulli_full_event,45,0,45,1,0.749230934030003,0.749230934030003,full_event_available,1,1,,"","",paper_formula,Full Bernoulli event probability uses selected probabilities and non-selected complement probabilities.
7,10,1,no_new_outage,bernoulli_full_event,45,0,45,1,0.749230934030003,0.749230934030003,full_event_available,1,1,,"","",paper_formula,Full Bernoulli event probability uses selected probabilities and non-selected complement probabilities.
7,11,1,no_new_outage,bernoulli_full_event,45,0,45,1,0.749230934030003,0.749230934030003,full_event_available,1,1,,"","",paper_formula,Full Bernoulli event probability uses selected probabilities and non-selected complement probabilities.
7,12,1,continue,bernoulli_full_event,45,1,44,0.006579015,0.754192779640147,0.00496184561014422,full_event_available,0,1,,"29","0.0022913",paper_formula,Full Bernoulli event probability uses selected probabilities and non-selected complement probabilities.
7,12,2,no_new_outage,bernoulli_full_event,44,0,44,1,0.754192779640147,0.754192779640147,full_event_available,1,1,,"","",paper_formula,Full Bernoulli event probability uses selected probabilities and non-selected complement probabilities.
7,13,1,continue,bernoulli_full_event,45,2,43,4.0225791044122e-05,0.758828246400556,3.05244664780862e-05,full_event_available,0,1,,"13,18","0.0018619,0.005893",paper_formula,Full Bernoulli event probability uses selected probabilities and non-selected complement probabilities.
7,13,2,continue,bernoulli_full_event,43,3,40,0.725795742706949,0.773954400980206,0.56173280928074,full_event_available,0,1,,"9,19,23","0.65743,0.61709,0.35187",paper_formula,Full Bernoulli event probability uses selected probabilities and non-selected complement probabilities.
7,13,3,continue,bernoulli_full_event,37,2,35,0.0818821580902944,0.798972095499521,0.0654215594334256,full_event_available,0,1,,"8,14","0.069343,0.07847",paper_formula,Full Bernoulli event probability uses selected probabilities and non-selected complement probabilities.
7,13,4,continue,bernoulli_full_event,35,3,32,0.999394962703719,0.449084834978093,0.448813121903737,full_event_available,0,1,,"3,4,27","0.65177,0.0025183,0.83494",paper_formula,Full Bernoulli event probability uses selected probabilities and non-selected complement probabilities.
7,13,5,max_depth_reached,bernoulli_full_event,19,0,19,NaN,NaN,1,terminal_stage_probability_one,1,0,,"","",,Terminal recording stage excluded from Bernoulli complement product.
7,14,1,no_new_outage,bernoulli_full_event,45,0,45,1,0.749230934030003,0.749230934030003,full_event_available,1,1,,"","",paper_formula,Full Bernoulli event probability uses selected probabilities and non-selected complement probabilities.
7,15,1,no_new_outage,bernoulli_full_event,45,0,45,1,0.749230934030003,0.749230934030003,full_event_available,1,1,,"","",paper_formula,Full Bernoulli event probability uses selected probabilities and non-selected complement probabilities.
7,16,1,continue,bernoulli_full_event,45,1,44,0.006009750625,0.75376084876195,0.00452991473194766,full_event_available,0,1,,"33","0.00052318",paper_formula,Full Bernoulli event probability uses selected probabilities and non-selected complement probabilities.
7,16,2,continue,bernoulli_full_event,44,2,42,0.996448377337872,0.6235347633162,0.621320203120181,full_event_available,0,1,,"19,23","0.1002,0.29446",paper_formula,Full Bernoulli event probability uses selected probabilities and non-selected complement probabilities.
7,16,3,continue,bernoulli_full_event,42,4,38,1,0.14852032335118,0.14852032335118,full_event_available,0,1,,"8,10,13,18","0.20233,0.14621,0.25642,0.90389",paper_formula,Full Bernoulli event probability uses selected probabilities and non-selected complement probabilities.
7,16,4,continue,bernoulli_full_event,35,3,32,1,0.360163716363798,0.360163716363798,full_event_available,0,1,,"3,12,15","0.93493,0.49077,0.99847",paper_formula,Full Bernoulli event probability uses selected probabilities and non-selected complement probabilities.
7,16,5,max_depth_reached,bernoulli_full_event,31,0,31,NaN,NaN,1,terminal_stage_probability_one,1,0,,"","",,Terminal recording stage excluded from Bernoulli complement product.
7,17,1,no_new_outage,bernoulli_full_event,45,0,45,1,0.749230934030003,0.749230934030003,full_event_available,1,1,,"","",paper_formula,Full Bernoulli event probability uses selected probabilities and non-selected complement probabilities.
7,18,1,no_new_outage,bernoulli_full_event,45,0,45,1,0.749230934030003,0.749230934030003,full_event_available,1,1,,"","",paper_formula,Full Bernoulli event probability uses selected probabilities and non-selected complement probabilities.
7,19,1,no_new_outage,bernoulli_full_event,45,0,45,1,0.749230934030003,0.749230934030003,full_event_available,1,1,,"","",paper_formula,Full Bernoulli event probability uses selected probabilities and non-selected complement probabilities.
7,20,1,no_new_outage,bernoulli_full_event,45,0,45,1,0.749230934030003,0.749230934030003,full_event_available,1,1,,"","",paper_formula,Full Bernoulli event probability uses selected probabilities and non-selected complement probabilities.
7,21,1,no_new_outage,bernoulli_full_event,45,0,45,1,0.749230934030003,0.749230934030003,full_event_available,1,1,,"","",paper_formula,Full Bernoulli event probability uses selected probabilities and non-selected complement probabilities.
7,22,1,no_new_outage,bernoulli_full_event,45,0,45,1,0.749230934030003,0.749230934030003,full_event_available,1,1,,"","",paper_formula,Full Bernoulli event probability uses selected probabilities and non-selected complement probabilities.
7,23,1,no_new_outage,bernoulli_full_event,45,0,45,1,0.749230934030003,0.749230934030003,full_event_available,1,1,,"","",paper_formula,Full Bernoulli event probability uses selected probabilities and non-selected complement probabilities.
7,24,1,no_new_outage,bernoulli_full_event,45,0,45,1,0.749230934030003,0.749230934030003,full_event_available,1,1,,"","",paper_formula,Full Bernoulli event probability uses selected probabilities and non-selected complement probabilities.
7,25,1,no_new_outage,bernoulli_full_event,45,0,45,1,0.749230934030003,0.749230934030003,full_event_available,1,1,,"","",paper_formula,Full Bernoulli event probability uses selected probabilities and non-selected complement probabilities.
7,26,1,no_new_outage,bernoulli_full_event,45,0,45,1,0.749230934030003,0.749230934030003,full_event_available,1,1,,"","",paper_formula,Full Bernoulli event probability uses selected probabilities and non-selected complement probabilities.
7,27,1,no_new_outage,bernoulli_full_event,45,0,45,1,0.749230934030003,0.749230934030003,full_event_available,1,1,,"","",paper_formula,Full Bernoulli event probability uses selected probabilities and non-selected complement probabilities.
7,28,1,no_new_outage,bernoulli_full_event,45,0,45,1,0.749230934030003,0.749230934030003,full_event_available,1,1,,"","",paper_formula,Full Bernoulli event probability uses selected probabilities and non-selected complement probabilities.
7,29,1,no_new_outage,bernoulli_full_event,45,0,45,1,0.749230934030003,0.749230934030003,full_event_available,1,1,,"","",paper_formula,Full Bernoulli event probability uses selected probabilities and non-selected complement probabilities.
7,30,1,no_new_outage,bernoulli_full_event,45,0,45,1,0.749230934030003,0.749230934030003,full_event_available,1,1,,"","",paper_formula,Full Bernoulli event probability uses selected probabilities and non-selected complement probabilities.
8,1,1,continue,bernoulli_full_event,45,3,42,0.000197306211114721,0.763562271334163,0.000150655578707095,full_event_available,0,1,,"18,19,23","0.0013991,0.083188,0.014172",paper_formula,Full Bernoulli event probability uses selected probabilities and non-selected complement probabilities.
8,1,2,continue,bernoulli_full_event,41,3,38,4.11666032985942e-05,0.783524073788115,3.22550247205338e-05,full_event_available,0,1,,"3,41,46","0.91511,0.0025061,0.0051294",paper_formula,Full Bernoulli event probability uses selected probabilities and non-selected complement probabilities.
8,1,3,continue,bernoulli_full_event,38,3,35,1,0.79851452124105,0.79851452124105,full_event_available,0,1,,"4,27,40","0.96632,0.18899,0.75078",paper_formula,Full Bernoulli event probability uses selected probabilities and non-selected complement probabilities.
8,1,4,load_loss_threshold,bernoulli_full_event,0,0,0,NaN,NaN,1,terminal_stage_probability_one,1,0,,"","",,Terminal recording stage excluded from Bernoulli complement product.
8,2,1,continue,bernoulli_full_event,45,2,43,0.00153774566918118,0.659706364386335,0.00101446060476635,full_event_available,0,1,,"9,23","0.004567,0.15097",paper_formula,Full Bernoulli event probability uses selected probabilities and non-selected complement probabilities.
8,2,2,continue,bernoulli_full_event,43,5,38,0.253864145723934,0.783383558159564,0.198872997766354,full_event_available,0,1,,"3,6,12,13,18","0.524,0.57635,0.19826,0.51793,0.066018",paper_formula,Full Bernoulli event probability uses selected probabilities and non-selected complement probabilities.
8,2,3,continue,bernoulli_full_event,34,2,32,1,0.473430486857736,0.473430486857736,full_event_available,0,1,,"11,42","0.3253,0.412",paper_formula,Full Bernoulli event probability uses selected probabilities and non-selected complement probabilities.
8,2,4,load_loss_threshold,bernoulli_full_event,17,0,17,NaN,NaN,1,terminal_stage_probability_one,1,0,,"","",,Terminal recording stage excluded from Bernoulli complement product.
8,3,1,no_new_outage,bernoulli_full_event,45,0,45,1,0.502544099593206,0.502544099593206,full_event_available,1,1,,"","",paper_formula,Full Bernoulli event probability uses selected probabilities and non-selected complement probabilities.
8,4,1,continue,bernoulli_full_event,45,1,44,0.233173523286225,0.655355696306747,0.152811596713541,full_event_available,0,1,,"23","0.19215",paper_formula,Full Bernoulli event probability uses selected probabilities and non-selected complement probabilities.
8,4,2,continue,bernoulli_full_event,44,3,41,1,0.586776414425986,0.586776414425986,full_event_available,0,1,,"3,13,18","0.3177,0.086928,0.023025",paper_formula,Full Bernoulli event probability uses selected probabilities and non-selected complement probabilities.
8,4,3,continue,bernoulli_full_event,37,8,29,0.998286062532623,0.830450260013754,0.829026920198324,full_event_available,0,1,,"4,7,25,27,30,31,40,42","0.25035,0.085807,0.31282,0.033425,0.90398,0.094976,0.74281,0.44058",paper_formula,Full Bernoulli event probability uses selected probabilities and non-selected complement probabilities.
8,4,4,load_loss_threshold,bernoulli_full_event,10,0,10,NaN,NaN,1,terminal_stage_probability_one,1,0,,"","",,Terminal recording stage excluded from Bernoulli complement product.
8,5,1,no_new_outage,bernoulli_full_event,45,0,45,1,0.502544099593206,0.502544099593206,full_event_available,1,1,,"","",paper_formula,Full Bernoulli event probability uses selected probabilities and non-selected complement probabilities.
8,6,1,no_new_outage,bernoulli_full_event,45,0,45,1,0.502544099593206,0.502544099593206,full_event_available,1,1,,"","",paper_formula,Full Bernoulli event probability uses selected probabilities and non-selected complement probabilities.
8,7,1,no_new_outage,bernoulli_full_event,45,0,45,1,0.502544099593206,0.502544099593206,full_event_available,1,1,,"","",paper_formula,Full Bernoulli event probability uses selected probabilities and non-selected complement probabilities.
8,8,1,no_new_outage,bernoulli_full_event,45,0,45,1,0.502544099593206,0.502544099593206,full_event_available,1,1,,"","",paper_formula,Full Bernoulli event probability uses selected probabilities and non-selected complement probabilities.
8,9,1,continue,bernoulli_full_event,45,1,44,0.136353238143012,0.581886162014492,0.0793420624212855,full_event_available,0,1,,"19","0.0051994",paper_formula,Full Bernoulli event probability uses selected probabilities and non-selected complement probabilities.
8,9,2,continue,bernoulli_full_event,44,2,42,1,0.763519667444946,0.763519667444946,full_event_available,0,1,,"3,18","0.12435,0.48983",paper_formula,Full Bernoulli event probability uses selected probabilities and non-selected complement probabilities.
8,9,3,continue,bernoulli_full_event,41,2,39,0.743501819648792,0.778298773000743,0.578666553956474,full_event_available,0,1,,"27,42","0.033917,0.39205",paper_formula,Full Bernoulli event probability uses selected probabilities and non-selected complement probabilities.
8,9,4,load_loss_threshold,bernoulli_full_event,0,0,0,NaN,NaN,1,terminal_stage_probability_one,1,0,,"","",,Terminal recording stage excluded from Bernoulli complement product.
8,10,1,no_new_outage,bernoulli_full_event,45,0,45,1,0.502544099593206,0.502544099593206,full_event_available,1,1,,"","",paper_formula,Full Bernoulli event probability uses selected probabilities and non-selected complement probabilities.
8,11,1,no_new_outage,bernoulli_full_event,45,0,45,1,0.502544099593206,0.502544099593206,full_event_available,1,1,,"","",paper_formula,Full Bernoulli event probability uses selected probabilities and non-selected complement probabilities.
8,12,1,continue,bernoulli_full_event,45,2,43,0.0317939649492918,0.758823775240726,0.024126016512693,full_event_available,0,1,,"19,23","0.011576,0.0059702",paper_formula,Full Bernoulli event probability uses selected probabilities and non-selected complement probabilities.
8,12,2,continue,bernoulli_full_event,43,3,40,1,0.591670281619399,0.591670281619399,full_event_available,0,1,,"3,13,18","0.63665,0.94889,0.46695",paper_formula,Full Bernoulli event probability uses selected probabilities and non-selected complement probabilities.
8,12,3,continue,bernoulli_full_event,37,8,29,0.998286062532623,0.830450260013754,0.829026920198324,full_event_available,0,1,,"4,7,25,27,30,31,40,42","0.73933,0.016234,0.087436,0.27065,0.7515,0.67942,0.98536,0.95224",paper_formula,Full Bernoulli event probability uses selected probabilities and non-selected complement probabilities.
8,12,4,load_loss_threshold,bernoulli_full_event,10,0,10,NaN,NaN,1,terminal_stage_probability_one,1,0,,"","",,Terminal recording stage excluded from Bernoulli complement product.
8,13,1,no_new_outage,bernoulli_full_event,45,0,45,1,0.502544099593206,0.502544099593206,full_event_available,1,1,,"","",paper_formula,Full Bernoulli event probability uses selected probabilities and non-selected complement probabilities.
8,14,1,continue,bernoulli_full_event,45,1,44,0.233173523286225,0.655355696306747,0.152811596713541,full_event_available,0,1,,"23","0.1968",paper_formula,Full Bernoulli event probability uses selected probabilities and non-selected complement probabilities.
8,14,2,continue,bernoulli_full_event,44,6,38,1.03314102088619e-05,0.78336091785878,8.09322298398965e-06,full_event_available,0,1,,"3,10,12,13,18,20","0.53532,0.0043923,0.00037748,0.12162,0.28106,0.0058083",paper_formula,Full Bernoulli event probability uses selected probabilities and non-selected complement probabilities.
8,14,3,continue,bernoulli_full_event,34,4,30,0.00120443203223567,0.812973367387113,0.000979171165035539,full_event_available,0,1,,"17,25,27,29","0.38904,0.0030338,0.32434,0.0032645",paper_formula,Full Bernoulli event probability uses selected probabilities and non-selected complement probabilities.
8,14,4,load_loss_threshold,bernoulli_full_event,0,0,0,NaN,NaN,1,terminal_stage_probability_one,1,0,,"","",,Terminal recording stage excluded from Bernoulli complement product.
8,15,1,no_new_outage,bernoulli_full_event,45,0,45,1,0.502544099593206,0.502544099593206,full_event_available,1,1,,"","",paper_formula,Full Bernoulli event probability uses selected probabilities and non-selected complement probabilities.
8,16,1,continue,bernoulli_full_event,45,1,44,0.136353238143012,0.581886162014492,0.0793420624212855,full_event_available,0,1,,"19","0.085375",paper_formula,Full Bernoulli event probability uses selected probabilities and non-selected complement probabilities.
8,16,2,continue,bernoulli_full_event,44,2,42,1,0.763519667444946,0.763519667444946,full_event_available,0,1,,"3,18","0.21465,0.0087122",paper_formula,Full Bernoulli event probability uses selected probabilities and non-selected complement probabilities.
8,16,3,continue,bernoulli_full_event,41,1,40,1,0.199632219044269,0.199632219044269,full_event_available,0,1,,"42","0.63577",paper_formula,Full Bernoulli event probability uses selected probabilities and non-selected complement probabilities.
8,16,4,continue,bernoulli_full_event,40,8,32,0.393015016645814,0.814249999280981,0.320012477021269,full_event_available,0,1,,"1,4,9,13,21,22,26,27","0.54559,0.60779,0.34917,0.30954,0.97845,0.82914,0.12022,0.31161",paper_formula,Full Bernoulli event probability uses selected probabilities and non-selected complement probabilities.
8,16,5,max_depth_reached,bernoulli_full_event,8,0,8,NaN,NaN,1,terminal_stage_probability_one,1,0,,"","",,Terminal recording stage excluded from Bernoulli complement product.
8,17,1,continue,bernoulli_full_event,45,1,44,0.233173523286225,0.655355696306747,0.152811596713541,full_event_available,0,1,,"23","0.18348",paper_formula,Full Bernoulli event probability uses selected probabilities and non-selected complement probabilities.
8,17,2,continue,bernoulli_full_event,44,4,40,0.241045121935885,0.773137417500618,0.186361003074632,full_event_available,0,1,,"3,12,13,18","0.3331,0.23298,0.68543,0.83807",paper_formula,Full Bernoulli event probability uses selected probabilities and non-selected complement probabilities.
8,17,3,continue,bernoulli_full_event,36,11,25,0.738766307705246,0.852148000676749,0.629538232078369,full_event_available,0,1,,"4,7,10,11,14,25,27,30,31,40,42","0.83171,0.83544,0.23954,0.17218,0.12823,0.559,0.82344,0.054025,0.34441,0.90785,0.55062",paper_formula,Full Bernoulli event probability uses selected probabilities and non-selected complement probabilities.
8,17,4,load_loss_threshold,bernoulli_full_event,6,0,6,NaN,NaN,1,terminal_stage_probability_one,1,0,,"","",,Terminal recording stage excluded from Bernoulli complement product.
8,18,1,no_new_outage,bernoulli_full_event,45,0,45,1,0.502544099593206,0.502544099593206,full_event_available,1,1,,"","",paper_formula,Full Bernoulli event probability uses selected probabilities and non-selected complement probabilities.
8,19,1,no_new_outage,bernoulli_full_event,45,0,45,1,0.502544099593206,0.502544099593206,full_event_available,1,1,,"","",paper_formula,Full Bernoulli event probability uses selected probabilities and non-selected complement probabilities.
8,20,1,continue,bernoulli_full_event,45,1,44,0.136353238143012,0.581886162014492,0.0793420624212855,full_event_available,0,1,,"19","0.00079112",paper_formula,Full Bernoulli event probability uses selected probabilities and non-selected complement probabilities.
8,20,2,continue,bernoulli_full_event,44,3,41,0.0064483317,0.768475049467083,0.00495538202213766,full_event_available,0,1,,"3,18,25","0.622,0.39572,0.0011459",paper_formula,Full Bernoulli event probability uses selected probabilities and non-selected complement probabilities.
8,20,3,powerflow_not_converged,bernoulli_full_event,0,0,0,NaN,NaN,1,terminal_stage_probability_one,1,0,,"","",,Terminal recording stage excluded from Bernoulli complement product.
8,21,1,no_new_outage,bernoulli_full_event,45,0,45,1,0.502544099593206,0.502544099593206,full_event_available,1,1,,"","",paper_formula,Full Bernoulli event probability uses selected probabilities and non-selected complement probabilities.
8,22,1,no_new_outage,bernoulli_full_event,45,0,45,1,0.502544099593206,0.502544099593206,full_event_available,1,1,,"","",paper_formula,Full Bernoulli event probability uses selected probabilities and non-selected complement probabilities.
8,23,1,continue,bernoulli_full_event,45,2,43,0.00152989685018987,0.659684011447378,0.00100924849123396,full_event_available,0,1,,"23,36","0.12651,0.0036794",paper_formula,Full Bernoulli event probability uses selected probabilities and non-selected complement probabilities.
8,23,2,continue,bernoulli_full_event,43,4,39,0.00639487035,0.593433869108501,0.00379493265424773,full_event_available,0,1,,"3,13,18,46","0.0371,0.63722,0.017349,0.00036428",paper_formula,Full Bernoulli event probability uses selected probabilities and non-selected complement probabilities.
8,23,3,continue,bernoulli_full_event,35,4,31,0.006009750625,0.272459301831484,0.00163741245946882,full_event_available,0,1,,"4,27,33,40","0.84673,0.62735,0.0049588,0.64394",paper_formula,Full Bernoulli event probability uses selected probabilities and non-selected complement probabilities.
8,23,4,load_loss_threshold,bernoulli_full_event,0,0,0,NaN,NaN,1,terminal_stage_probability_one,1,0,,"","",,Terminal recording stage excluded from Bernoulli complement product.
8,24,1,no_new_outage,bernoulli_full_event,45,0,45,1,0.502544099593206,0.502544099593206,full_event_available,1,1,,"","",paper_formula,Full Bernoulli event probability uses selected probabilities and non-selected complement probabilities.
8,25,1,continue,bernoulli_full_event,45,2,43,0.00154559448817249,0.659728718840171,0.00101967307152847,full_event_available,0,1,,"23,30","0.065892,0.0041466",paper_formula,Full Bernoulli event probability uses selected probabilities and non-selected complement probabilities.
8,25,2,continue,bernoulli_full_event,43,4,39,0.24990397310758,0.778296367620708,0.194499354523613,full_event_available,0,1,,"3,12,13,18","0.59525,0.0030025,0.24003,0.92175",paper_formula,Full Bernoulli event probability uses selected probabilities and non-selected complement probabilities.
8,25,3,load_loss_threshold,bernoulli_full_event,0,0,0,NaN,NaN,1,terminal_stage_probability_one,1,0,,"","",,Terminal recording stage excluded from Bernoulli complement product.
8,26,1,no_new_outage,bernoulli_full_event,45,0,45,1,0.502544099593206,0.502544099593206,full_event_available,1,1,,"","",paper_formula,Full Bernoulli event probability uses selected probabilities and non-selected complement probabilities.
8,27,1,continue,bernoulli_full_event,45,1,44,0.233173523286225,0.655355696306747,0.152811596713541,full_event_available,0,1,,"23","0.14549",paper_formula,Full Bernoulli event probability uses selected probabilities and non-selected complement probabilities.
8,27,2,continue,bernoulli_full_event,44,4,40,0.005995890275,0.590315883692194,0.00353946926620806,full_event_available,0,1,,"3,13,18,27","0.92426,0.040592,0.17492,0.0019672",paper_formula,Full Bernoulli event probability uses selected probabilities and non-selected complement probabilities.
8,27,3,load_loss_threshold,bernoulli_full_event,33,0,33,NaN,NaN,1,terminal_stage_probability_one,1,0,,"","",,Terminal recording stage excluded from Bernoulli complement product.
8,28,1,no_new_outage,bernoulli_full_event,45,0,45,1,0.502544099593206,0.502544099593206,full_event_available,1,1,,"","",paper_formula,Full Bernoulli event probability uses selected probabilities and non-selected complement probabilities.
8,29,1,continue,bernoulli_full_event,45,1,44,0.233173523286225,0.655355696306747,0.152811596713541,full_event_available,0,1,,"23","0.048435",paper_formula,Full Bernoulli event probability uses selected probabilities and non-selected complement probabilities.
8,29,2,continue,bernoulli_full_event,44,3,41,1,0.586776414425986,0.586776414425986,full_event_available,0,1,,"3,13,18","0.29511,0.49043,0.45415",paper_formula,Full Bernoulli event probability uses selected probabilities and non-selected complement probabilities.
8,29,3,continue,bernoulli_full_event,37,9,28,0.00648373108617306,0.835879180672288,0.00541961582800979,full_event_available,0,1,,"4,7,25,27,30,31,32,40,42","0.73595,0.30154,0.13978,0.1528,0.12788,0.10842,0.0046496,0.25936,0.88634",paper_formula,Full Bernoulli event probability uses selected probabilities and non-selected complement probabilities.
8,29,4,load_loss_threshold,bernoulli_full_event,10,0,10,NaN,NaN,1,terminal_stage_probability_one,1,0,,"","",,Terminal recording stage excluded from Bernoulli complement product.
8,30,1,continue,bernoulli_full_event,45,1,44,0.233173523286225,0.655355696306747,0.152811596713541,full_event_available,0,1,,"23","0.16784",paper_formula,Full Bernoulli event probability uses selected probabilities and non-selected complement probabilities.
8,30,2,continue,bernoulli_full_event,44,3,41,1,0.586776414425986,0.586776414425986,full_event_available,0,1,,"3,13,18","0.2751,0.63799,0.38227",paper_formula,Full Bernoulli event probability uses selected probabilities and non-selected complement probabilities.
8,30,3,continue,bernoulli_full_event,37,8,29,0.998286062532623,0.830450260013754,0.829026920198324,full_event_available,0,1,,"4,7,25,27,30,31,40,42","0.3567,0.16475,0.67098,0.0030597,0.30063,0.60194,0.70382,0.32262",paper_formula,Full Bernoulli event probability uses selected probabilities and non-selected complement probabilities.
8,30,4,load_loss_threshold,bernoulli_full_event,10,0,10,NaN,NaN,1,terminal_stage_probability_one,1,0,,"","",,Terminal recording stage excluded from Bernoulli complement product.
9,1,1,continue,bernoulli_full_event,45,1,44,0.006007770575,0.647645435196639,0.00389090518860743,full_event_available,0,1,,"15","0.0010788",paper_formula,Full Bernoulli event probability uses selected probabilities and non-selected complement probabilities.
9,1,2,no_new_outage,bernoulli_full_event,44,0,44,1,0.730268765223181,0.730268765223181,full_event_available,1,1,,"","",paper_formula,Full Bernoulli event probability uses selected probabilities and non-selected complement probabilities.
9,2,1,no_new_outage,bernoulli_full_event,45,0,45,1,0.643754530008031,0.643754530008031,full_event_available,1,1,,"","",paper_formula,Full Bernoulli event probability uses selected probabilities and non-selected complement probabilities.
9,3,1,no_new_outage,bernoulli_full_event,45,0,45,1,0.643754530008031,0.643754530008031,full_event_available,1,1,,"","",paper_formula,Full Bernoulli event probability uses selected probabilities and non-selected complement probabilities.
9,4,1,continue,bernoulli_full_event,45,1,44,0.006581985075,0.64801978657155,0.00426525656351863,full_event_available,0,1,,"42","0.005622",paper_formula,Full Bernoulli event probability uses selected probabilities and non-selected complement probabilities.
9,4,2,continue,bernoulli_full_event,44,2,42,0.006425561125,0.764069072920228,0.00490957253177101,full_event_available,0,1,,"3,4","0.28398,0.0034771",paper_formula,Full Bernoulli event probability uses selected probabilities and non-selected complement probabilities.
9,4,3,continue,bernoulli_full_event,36,1,35,1,0.798726961361079,0.798726961361079,full_event_available,0,1,,"8","0.68991",paper_formula,Full Bernoulli event probability uses selected probabilities and non-selected complement probabilities.
9,4,4,load_loss_threshold,bernoulli_full_event,35,0,35,NaN,NaN,1,terminal_stage_probability_one,1,0,,"","",,Terminal recording stage excluded from Bernoulli complement product.
9,5,1,no_new_outage,bernoulli_full_event,45,0,45,1,0.643754530008031,0.643754530008031,full_event_available,1,1,,"","",paper_formula,Full Bernoulli event probability uses selected probabilities and non-selected complement probabilities.
9,6,1,no_new_outage,bernoulli_full_event,45,0,45,1,0.643754530008031,0.643754530008031,full_event_available,1,1,,"","",paper_formula,Full Bernoulli event probability uses selected probabilities and non-selected complement probabilities.
9,7,1,no_new_outage,bernoulli_full_event,45,0,45,1,0.643754530008031,0.643754530008031,full_event_available,1,1,,"","",paper_formula,Full Bernoulli event probability uses selected probabilities and non-selected complement probabilities.
9,8,1,continue,bernoulli_full_event,45,1,44,0.006532483825,0.647987497856582,0.00423296784855035,full_event_available,0,1,,"20","0.0038073",paper_formula,Full Bernoulli event probability uses selected probabilities and non-selected complement probabilities.
9,8,2,no_new_outage,bernoulli_full_event,44,0,44,1,0.344490587464019,0.344490587464019,full_event_available,1,1,,"","",paper_formula,Full Bernoulli event probability uses selected probabilities and non-selected complement probabilities.
9,9,1,no_new_outage,bernoulli_full_event,45,0,45,1,0.643754530008031,0.643754530008031,full_event_available,1,1,,"","",paper_formula,Full Bernoulli event probability uses selected probabilities and non-selected complement probabilities.
9,10,1,no_new_outage,bernoulli_full_event,45,0,45,1,0.643754530008031,0.643754530008031,full_event_available,1,1,,"","",paper_formula,Full Bernoulli event probability uses selected probabilities and non-selected complement probabilities.
9,11,1,continue,bernoulli_full_event,45,1,44,0.00648199255,0.647954566682003,0.00420003667397122,full_event_available,0,1,,"37","0.0035631",paper_formula,Full Bernoulli event probability uses selected probabilities and non-selected complement probabilities.
9,11,2,continue,bernoulli_full_event,44,1,43,1,0.547637491200046,0.547637491200046,full_event_available,0,1,,"8","0.80387",paper_formula,Full Bernoulli event probability uses selected probabilities and non-selected complement probabilities.
9,11,3,continue,bernoulli_full_event,43,7,36,0.702571158112483,0.793968760987566,0.557819551912168,full_event_available,0,1,,"3,6,14,19,23,24,25","0.22024,0.103,0.18613,0.97712,0.89768,0.93325,0.6885",paper_formula,Full Bernoulli event probability uses selected probabilities and non-selected complement probabilities.
9,11,4,continue,bernoulli_full_event,36,6,30,1,0.825423265347471,0.825423265347471,full_event_available,0,1,,"4,13,18,31,40,42","0.80885,0.4563,0.59706,0.82553,0.51108,0.2227",paper_formula,Full Bernoulli event probability uses selected probabilities and non-selected complement probabilities.
9,11,5,max_depth_reached,bernoulli_full_event,13,0,13,NaN,NaN,1,terminal_stage_probability_one,1,0,,"","",,Terminal recording stage excluded from Bernoulli complement product.
9,12,1,no_new_outage,bernoulli_full_event,45,0,45,1,0.643754530008031,0.643754530008031,full_event_available,1,1,,"","",paper_formula,Full Bernoulli event probability uses selected probabilities and non-selected complement probabilities.
9,13,1,continue,bernoulli_full_event,45,1,44,0.146503831949425,0.754255911281238,0.110501381273207,full_event_available,0,1,,"13","0.11317",paper_formula,Full Bernoulli event probability uses selected probabilities and non-selected complement probabilities.
9,13,2,continue,bernoulli_full_event,44,5,39,0.00600911878673486,0.740021301511616,0.00444687590549743,full_event_available,0,1,,"7,19,23,24,26","0.0028557,0.49223,0.12493,0.48455,0.075028",paper_formula,Full Bernoulli event probability uses selected probabilities and non-selected complement probabilities.
9,13,3,load_loss_threshold,bernoulli_full_event,23,0,23,NaN,NaN,1,terminal_stage_probability_one,1,0,,"","",,Terminal recording stage excluded from Bernoulli complement product.
9,14,1,continue,bernoulli_full_event,45,1,44,0.006453281825,0.647935842604879,0.00418131259684813,full_event_available,0,1,,"28","0.0027562",paper_formula,Full Bernoulli event probability uses selected probabilities and non-selected complement probabilities.
9,14,2,continue,bernoulli_full_event,44,1,43,1,0.69134052446824,0.69134052446824,full_event_available,0,1,,"38","0.7835",paper_formula,Full Bernoulli event probability uses selected probabilities and non-selected complement probabilities.
9,14,3,continue,bernoulli_full_event,39,2,37,0.5239055855944,0.788824601477896,0.413269614768547,full_event_available,0,1,,"8,14","0.022775,0.36961",paper_formula,Full Bernoulli event probability uses selected probabilities and non-selected complement probabilities.
9,14,4,continue,bernoulli_full_event,37,2,35,1,0.704447046025457,0.704447046025457,full_event_available,0,1,,"3,6","0.91611,0.33467",paper_formula,Full Bernoulli event probability uses selected probabilities and non-selected complement probabilities.
9,14,5,max_depth_reached,bernoulli_full_event,35,0,35,NaN,NaN,1,terminal_stage_probability_one,1,0,,"","",,Terminal recording stage excluded from Bernoulli complement product.
9,15,1,continue,bernoulli_full_event,45,1,44,0.006579015,0.648017849157909,0.00426331914987762,full_event_available,0,1,,"29","0.0050475",paper_formula,Full Bernoulli event probability uses selected probabilities and non-selected complement probabilities.
9,15,2,no_new_outage,bernoulli_full_event,44,0,44,1,0.65432582342342,0.65432582342342,full_event_available,1,1,,"","",paper_formula,Full Bernoulli event probability uses selected probabilities and non-selected complement probabilities.
9,16,1,continue,bernoulli_full_event,45,3,42,6.29472932263321e-06,0.76424345167749,4.81070566490471e-06,full_event_available,0,1,,"13,17,25","0.11946,0.0031117,0.0022879",paper_formula,Full Bernoulli event probability uses selected probabilities and non-selected complement probabilities.
9,16,2,no_new_outage,bernoulli_full_event,35,0,35,1,0.799517578382695,0.799517578382695,full_event_available,1,1,,"","",paper_formula,Full Bernoulli event probability uses selected probabilities and non-selected complement probabilities.
9,17,1,continue,bernoulli_full_event,45,1,44,0.0064324913,0.647922284465934,0.00416775445790325,full_event_available,0,1,,"45","0.0055149",paper_formula,Full Bernoulli event probability uses selected probabilities and non-selected complement probabilities.
9,17,2,no_new_outage,bernoulli_full_event,44,0,44,1,0.687993708306707,0.687993708306707,full_event_available,1,1,,"","",paper_formula,Full Bernoulli event probability uses selected probabilities and non-selected complement probabilities.
9,18,1,continue,bernoulli_full_event,45,1,44,0.146503831949425,0.754255911281238,0.110501381273207,full_event_available,0,1,,"13","0.054806",paper_formula,Full Bernoulli event probability uses selected probabilities and non-selected complement probabilities.
9,18,2,continue,bernoulli_full_event,44,4,40,0.936777416527125,0.735274308440431,0.688788367099595,full_event_available,0,1,,"19,23,24,26","0.79167,0.95255,0.97486,0.20396",paper_formula,Full Bernoulli event probability uses selected probabilities and non-selected complement probabilities.
9,18,3,load_loss_threshold,bernoulli_full_event,24,0,24,NaN,NaN,1,terminal_stage_probability_one,1,0,,"","",,Terminal recording stage excluded from Bernoulli complement product.
9,19,1,continue,bernoulli_full_event,45,2,43,4.14659568233891e-05,0.652126118842712,2.70410334873362e-05,full_event_available,0,1,,"28,39","0.0043986,0.0059135",paper_formula,Full Bernoulli event probability uses selected probabilities and non-selected complement probabilities.
9,19,2,continue,bernoulli_full_event,43,1,42,1,0.763708336352784,0.763708336352784,full_event_available,0,1,,"8","0.55309",paper_formula,Full Bernoulli event probability uses selected probabilities and non-selected complement probabilities.
9,19,3,continue,bernoulli_full_event,42,6,36,1,0.601776528510532,0.601776528510532,full_event_available,0,1,,"3,6,19,23,24,25","0.91677,0.51094,0.42546,0.19189,0.32344,0.86334",paper_formula,Full Bernoulli event probability uses selected probabilities and non-selected complement probabilities.
9,19,4,continue,bernoulli_full_event,36,6,30,0.999807729073757,0.825455339572435,0.825296628509723,full_event_available,0,1,,"4,13,18,31,40,42","0.53184,0.43315,0.77197,0.082092,0.16656,0.13535",paper_formula,Full Bernoulli event probability uses selected probabilities and non-selected complement probabilities.
9,19,5,max_depth_reached,bernoulli_full_event,12,0,12,NaN,NaN,1,terminal_stage_probability_one,1,0,,"","",,Terminal recording stage excluded from Bernoulli complement product.
9,20,1,no_new_outage,bernoulli_full_event,45,0,45,1,0.643754530008031,0.643754530008031,full_event_available,1,1,,"","",paper_formula,Full Bernoulli event probability uses selected probabilities and non-selected complement probabilities.
9,21,1,continue,bernoulli_full_event,45,1,44,0.006453281825,0.647935842604879,0.00418131259684813,full_event_available,0,1,,"28","0.0049018",paper_formula,Full Bernoulli event probability uses selected probabilities and non-selected complement probabilities.
9,21,2,continue,bernoulli_full_event,44,1,43,1,0.69134052446824,0.69134052446824,full_event_available,0,1,,"38","0.0054587",paper_formula,Full Bernoulli event probability uses selected probabilities and non-selected complement probabilities.
9,21,3,continue,bernoulli_full_event,39,3,36,0.00329429089576018,0.793816075403764,0.0026150610701107,full_event_available,0,1,,"8,14,26","0.35348,0.074591,0.00042465",paper_formula,Full Bernoulli event probability uses selected probabilities and non-selected complement probabilities.
9,21,4,continue,bernoulli_full_event,36,2,34,1,0.804145528215144,0.804145528215144,full_event_available,0,1,,"3,6","0.62364,0.25391",paper_formula,Full Bernoulli event probability uses selected probabilities and non-selected complement probabilities.
9,21,5,max_depth_reached,bernoulli_full_event,34,0,34,NaN,NaN,1,terminal_stage_probability_one,1,0,,"","",,Terminal recording stage excluded from Bernoulli complement product.
9,22,1,continue,bernoulli_full_event,45,1,44,0.00641863095,0.647913246021862,0.00415871601383089,full_event_available,0,1,,"1","0.0023985",paper_formula,Full Bernoulli event probability uses selected probabilities and non-selected complement probabilities.
9,22,2,continue,bernoulli_full_event,44,2,42,1,0.763986844458257,0.763986844458257,full_event_available,0,1,,"3,13","0.73765,0.056503",paper_formula,Full Bernoulli event probability uses selected probabilities and non-selected complement probabilities.
9,22,3,continue,bernoulli_full_event,42,9,33,1,0.223304242850637,0.223304242850637,full_event_available,0,1,,"6,7,19,23,24,26,30,40,42","0.62408,0.73258,0.95399,0.08356,0.48863,0.84075,0.85044,0.40098,0.75536",paper_formula,Full Bernoulli event probability uses selected probabilities and non-selected complement probabilities.
9,22,4,load_loss_threshold,bernoulli_full_event,9,0,9,NaN,NaN,1,terminal_stage_probability_one,1,0,,"","",,Terminal recording stage excluded from Bernoulli complement product.
9,23,1,no_new_outage,bernoulli_full_event,45,0,45,1,0.643754530008031,0.643754530008031,full_event_available,1,1,,"","",paper_formula,Full Bernoulli event probability uses selected probabilities and non-selected complement probabilities.
9,24,1,no_new_outage,bernoulli_full_event,45,0,45,1,0.643754530008031,0.643754530008031,full_event_available,1,1,,"","",paper_formula,Full Bernoulli event probability uses selected probabilities and non-selected complement probabilities.
9,25,1,continue,bernoulli_full_event,45,1,44,0.00641467085,0.647910663655587,0.00415613364755565,full_event_available,0,1,,"7","0.00023227",paper_formula,Full Bernoulli event probability uses selected probabilities and non-selected complement probabilities.
9,25,2,no_new_outage,bernoulli_full_event,44,0,44,1,0.140215224900328,0.140215224900328,full_event_available,1,1,,"","",paper_formula,Full Bernoulli event probability uses selected probabilities and non-selected complement probabilities.
9,26,1,continue,bernoulli_full_event,45,1,44,0.00656119455,0.648006224919338,0.00425169491130683,full_event_available,0,1,,"2","0.002663",paper_formula,Full Bernoulli event probability uses selected probabilities and non-selected complement probabilities.
9,26,2,continue,bernoulli_full_event,44,3,41,0.00414507949276038,0.76893148141826,0.00318728211496469,full_event_available,0,1,,"3,13,26","0.6188,0.21864,0.0035764",paper_formula,Full Bernoulli event probability uses selected probabilities and non-selected complement probabilities.
9,26,3,load_loss_threshold,bernoulli_full_event,22,0,22,NaN,NaN,1,terminal_stage_probability_one,1,0,,"","",,Terminal recording stage excluded from Bernoulli complement product.
9,27,1,no_new_outage,bernoulli_full_event,45,0,45,1,0.643754530008031,0.643754530008031,full_event_available,1,1,,"","",paper_formula,Full Bernoulli event probability uses selected probabilities and non-selected complement probabilities.
9,28,1,no_new_outage,bernoulli_full_event,45,0,45,1,0.643754530008031,0.643754530008031,full_event_available,1,1,,"","",paper_formula,Full Bernoulli event probability uses selected probabilities and non-selected complement probabilities.
9,29,1,continue,bernoulli_full_event,45,2,43,4.14466528714426e-05,0.652124169549785,2.70283640844077e-05,full_event_available,0,1,,"1,5","0.0008192,0.0063088",paper_formula,Full Bernoulli event probability uses selected probabilities and non-selected complement probabilities.
9,29,2,no_new_outage,bernoulli_full_event,43,0,43,1,0.759109565800295,0.759109565800295,full_event_available,1,1,,"","",paper_formula,Full Bernoulli event probability uses selected probabilities and non-selected complement probabilities.
9,30,1,no_new_outage,bernoulli_full_event,45,0,45,1,0.643754530008031,0.643754530008031,full_event_available,1,1,,"","",paper_formula,Full Bernoulli event probability uses selected probabilities and non-selected complement probabilities.
10,1,1,continue,bernoulli_full_event,45,2,43,0.36872286778123,0.572649591662266,0.211148999671461,full_event_available,0,1,,"12,23","0.43817,0.11351",paper_formula,Full Bernoulli event probability uses selected probabilities and non-selected complement probabilities.
10,1,2,continue,bernoulli_full_event,36,3,33,0.00618892804852909,0.809700128611987,0.00501117583686434,full_event_available,0,1,,"3,6,30","0.15543,0.014741,0.0051726",paper_formula,Full Bernoulli event probability uses selected probabilities and non-selected complement probabilities.
10,1,3,continue,bernoulli_full_event,32,4,28,1,0.835957427093587,0.835957427093587,full_event_available,0,1,,"9,24,25,27","0.13899,0.69009,0.89091,0.26475",paper_formula,Full Bernoulli event probability uses selected probabilities and non-selected complement probabilities.
10,1,4,load_loss_threshold,bernoulli_full_event,0,0,0,NaN,NaN,1,terminal_stage_probability_one,1,0,,"","",,Terminal recording stage excluded from Bernoulli complement product.
10,2,1,continue,bernoulli_full_event,45,1,44,1,0.361500591990805,0.361500591990805,full_event_available,0,1,,"12","0.79957",paper_formula,Full Bernoulli event probability uses selected probabilities and non-selected complement probabilities.
10,2,2,continue,bernoulli_full_event,44,7,37,0.52003213157172,0.788802647247036,0.410202722037292,full_event_available,0,1,,"8,9,13,18,19,20,23","0.11322,0.46322,0.05463,0.99671,0.36864,0.11913,0.45431",paper_formula,Full Bernoulli event probability uses selected probabilities and non-selected complement probabilities.
10,2,3,continue,bernoulli_full_event,34,1,33,1,0.260977816583914,0.260977816583914,full_event_available,0,1,,"27","0.13862",paper_formula,Full Bernoulli event probability uses selected probabilities and non-selected complement probabilities.
10,2,4,continue,bernoulli_full_event,30,1,29,1,0.481642503507196,0.481642503507196,full_event_available,0,1,,"3","0.51736",paper_formula,Full Bernoulli event probability uses selected probabilities and non-selected complement probabilities.
10,2,5,max_depth_reached,bernoulli_full_event,29,0,29,NaN,NaN,1,terminal_stage_probability_one,1,0,,"","",,Terminal recording stage excluded from Bernoulli complement product.
10,3,1,continue,bernoulli_full_event,45,1,44,1,0.361500591990805,0.361500591990805,full_event_available,0,1,,"12","0.86248",paper_formula,Full Bernoulli event probability uses selected probabilities and non-selected complement probabilities.
10,3,2,continue,bernoulli_full_event,44,8,36,0.00335591390308779,0.793926075963445,0.00266434755634965,full_event_available,0,1,,"8,9,13,18,19,20,23,28","0.30548,0.18761,0.40738,0.14082,0.13487,0.5034,0.95922,0.0039791",paper_formula,Full Bernoulli event probability uses selected probabilities and non-selected complement probabilities.
10,3,3,continue,bernoulli_full_event,33,3,30,0.414690638873375,0.568946265319197,0.235936690249839,full_event_available,0,1,,"17,27,38","0.2259,0.48688,0.90519",paper_formula,Full Bernoulli event probability uses selected probabilities and non-selected complement probabilities.
10,3,4,load_loss_threshold,bernoulli_full_event,20,0,20,NaN,NaN,1,terminal_stage_probability_one,1,0,,"","",,Terminal recording stage excluded from Bernoulli complement product.
10,4,1,continue,bernoulli_full_event,45,1,44,1,0.361500591990805,0.361500591990805,full_event_available,0,1,,"12","0.44611",paper_formula,Full Bernoulli event probability uses selected probabilities and non-selected complement probabilities.
10,4,2,continue,bernoulli_full_event,44,8,36,0.00312423373811111,0.793570235154996,0.002479298902232,full_event_available,0,1,,"8,9,13,15,18,19,20,23","0.2618,0.065358,0.78797,0.00098838,0.68129,0.2857,0.32219,0.17862",paper_formula,Full Bernoulli event probability uses selected probabilities and non-selected complement probabilities.
10,4,3,continue,bernoulli_full_event,33,2,31,1,0.819498705428463,0.819498705428463,full_event_available,0,1,,"3,6","0.93433,0.80671",paper_formula,Full Bernoulli event probability uses selected probabilities and non-selected complement probabilities.
10,4,4,continue,bernoulli_full_event,31,1,30,1,0.479347816883895,0.479347816883895,full_event_available,0,1,,"42","0.8052",paper_formula,Full Bernoulli event probability uses selected probabilities and non-selected complement probabilities.
10,4,5,max_depth_reached,bernoulli_full_event,17,0,17,NaN,NaN,1,terminal_stage_probability_one,1,0,,"","",,Terminal recording stage excluded from Bernoulli complement product.
10,5,1,continue,bernoulli_full_event,45,1,44,1,0.361500591990805,0.361500591990805,full_event_available,0,1,,"12","0.61503",paper_formula,Full Bernoulli event probability uses selected probabilities and non-selected complement probabilities.
10,5,2,continue,bernoulli_full_event,44,6,38,1,0.378599925209745,0.378599925209745,full_event_available,0,1,,"8,9,13,18,19,23","0.7207,0.827,0.96373,0.28559,0.41687,0.60909",paper_formula,Full Bernoulli event probability uses selected probabilities and non-selected complement probabilities.
10,5,3,continue,bernoulli_full_event,34,2,32,0.414690638873375,0.445880134364457,0.184902317780543,full_event_available,0,1,,"17,27","0.32315,0.84457",paper_formula,Full Bernoulli event probability uses selected probabilities and non-selected complement probabilities.
10,5,4,load_loss_threshold,bernoulli_full_event,26,0,26,NaN,NaN,1,terminal_stage_probability_one,1,0,,"","",,Terminal recording stage excluded from Bernoulli complement product.
10,6,1,continue,bernoulli_full_event,45,2,43,0.36872286778123,0.572649591662266,0.211148999671461,full_event_available,0,1,,"12,23","0.96708,0.0072444",paper_formula,Full Bernoulli event probability uses selected probabilities and non-selected complement probabilities.
10,6,2,continue,bernoulli_full_event,36,3,33,0.00597077701602105,0.809509727908896,0.00483340207764389,full_event_available,0,1,,"3,6,46","0.50942,0.89347,0.0054855",paper_formula,Full Bernoulli event probability uses selected probabilities and non-selected complement probabilities.
10,6,3,continue,bernoulli_full_event,33,6,27,0.751785141755775,0.840973982450608,0.632231744609549,full_event_available,0,1,,"4,16,17,25,27,40","0.22633,0.27541,0.87944,0.47885,0.79281,0.50278",paper_formula,Full Bernoulli event probability uses selected probabilities and non-selected complement probabilities.
10,6,4,load_loss_threshold,bernoulli_full_event,15,0,15,NaN,NaN,1,terminal_stage_probability_one,1,0,,"","",,Terminal recording stage excluded from Bernoulli complement product.
10,7,1,continue,bernoulli_full_event,45,2,43,0.250468175832337,0.482301858753286,0.120801266762481,full_event_available,0,1,,"12,19","0.025666,0.25037",paper_formula,Full Bernoulli event probability uses selected probabilities and non-selected complement probabilities.
10,7,2,continue,bernoulli_full_event,43,6,37,0.989118729192274,0.788616393128357,0.780035244591315,full_event_available,0,1,,"9,18,21,22,23,27","0.8836,0.96748,0.48244,0.52696,0.95533,0.38023",paper_formula,Full Bernoulli event probability uses selected probabilities and non-selected complement probabilities.
10,7,3,continue,bernoulli_full_event,31,2,29,1,0.829825825875643,0.829825825875643,full_event_available,0,1,,"3,6","0.18997,0.23578",paper_formula,Full Bernoulli event probability uses selected probabilities and non-selected complement probabilities.
10,7,4,load_loss_threshold,bernoulli_full_event,0,0,0,NaN,NaN,1,terminal_stage_probability_one,1,0,,"","",,Terminal recording stage excluded from Bernoulli complement product.
10,8,1,continue,bernoulli_full_event,45,1,44,1,0.361500591990805,0.361500591990805,full_event_available,0,1,,"12","0.52346",paper_formula,Full Bernoulli event probability uses selected probabilities and non-selected complement probabilities.
10,8,2,continue,bernoulli_full_event,44,7,37,0.52003213157172,0.788802647247036,0.410202722037292,full_event_available,0,1,,"8,9,13,18,19,20,23","0.81314,0.0096023,0.81138,0.50452,0.068151,0.50528,0.83513",paper_formula,Full Bernoulli event probability uses selected probabilities and non-selected complement probabilities.
10,8,3,continue,bernoulli_full_event,34,1,33,1,0.260977816583914,0.260977816583914,full_event_available,0,1,,"27","0.33109",paper_formula,Full Bernoulli event probability uses selected probabilities and non-selected complement probabilities.
10,8,4,continue,bernoulli_full_event,30,2,28,0.006579015,0.484832221968007,0.00318971846081085,full_event_available,0,1,,"3,29","0.23523,0.0054029",paper_formula,Full Bernoulli event probability uses selected probabilities and non-selected complement probabilities.
10,8,5,max_depth_reached,bernoulli_full_event,28,0,28,NaN,NaN,1,terminal_stage_probability_one,1,0,,"","",,Terminal recording stage excluded from Bernoulli complement product.
10,9,1,continue,bernoulli_full_event,45,2,43,0.36872286778123,0.572649591662266,0.211148999671461,full_event_available,0,1,,"12,23","0.32757,0.2656",paper_formula,Full Bernoulli event probability uses selected probabilities and non-selected complement probabilities.
10,9,2,continue,bernoulli_full_event,36,2,34,0.93368226238098,0.804333018151855,0.750991472095746,full_event_available,0,1,,"3,6","0.74967,0.32118",paper_formula,Full Bernoulli event probability uses selected probabilities and non-selected complement probabilities.
10,9,3,continue,bernoulli_full_event,34,4,30,0.999693572227043,0.760729923248776,0.760496814472573,full_event_available,0,1,,"9,25,27,42","0.46306,0.83775,0.93473,0.10289",paper_formula,Full Bernoulli event probability uses selected probabilities and non-selected complement probabilities.
10,9,4,load_loss_threshold,bernoulli_full_event,0,0,0,NaN,NaN,1,terminal_stage_probability_one,1,0,,"","",,Terminal recording stage excluded from Bernoulli complement product.
10,10,1,continue,bernoulli_full_event,45,2,43,0.00656119455,0.363888132824704,0.00238754083389912,full_event_available,0,1,,"2,12","0.00092537,0.93149",paper_formula,Full Bernoulli event probability uses selected probabilities and non-selected complement probabilities.
10,10,2,continue,bernoulli_full_event,43,8,35,0.915709177717125,0.332700177201061,0.304656605691125,full_event_available,0,1,,"3,6,8,9,11,13,19,23","0.85898,0.31282,0.37531,0.48418,0.33322,0.48724,0.78591,0.14837",paper_formula,Full Bernoulli event probability uses selected probabilities and non-selected complement probabilities.
10,10,3,load_loss_threshold,bernoulli_full_event,27,0,27,NaN,NaN,1,terminal_stage_probability_one,1,0,,"","",,Terminal recording stage excluded from Bernoulli complement product.
10,11,1,continue,bernoulli_full_event,45,1,44,1,0.361500591990805,0.361500591990805,full_event_available,0,1,,"12","0.95345",paper_formula,Full Bernoulli event probability uses selected probabilities and non-selected complement probabilities.
10,11,2,continue,bernoulli_full_event,44,7,37,0.52003213157172,0.788802647247036,0.410202722037292,full_event_available,0,1,,"8,9,13,18,19,20,23","0.90601,0.039126,0.71363,0.71019,0.21253,0.43823,0.062378",paper_formula,Full Bernoulli event probability uses selected probabilities and non-selected complement probabilities.
10,11,3,continue,bernoulli_full_event,34,2,32,0.447953606315355,0.472746166933565,0.211768350349651,full_event_available,0,1,,"26,27","0.44113,0.98491",paper_formula,Full Bernoulli event probability uses selected probabilities and non-selected complement probabilities.
10,11,4,load_loss_threshold,bernoulli_full_event,20,0,20,NaN,NaN,1,terminal_stage_probability_one,1,0,,"","",,Terminal recording stage excluded from Bernoulli complement product.
10,12,1,continue,bernoulli_full_event,45,2,43,0.36872286778123,0.572649591662266,0.211148999671461,full_event_available,0,1,,"12,23","0.14604,0.18282",paper_formula,Full Bernoulli event probability uses selected probabilities and non-selected complement probabilities.
10,12,2,continue,bernoulli_full_event,36,1,35,1,0.053341546056109,0.053341546056109,full_event_available,0,1,,"3","0.085394",paper_formula,Full Bernoulli event probability uses selected probabilities and non-selected complement probabilities.
10,12,3,continue,bernoulli_full_event,35,7,28,0.247142852522903,0.587462744571998,0.145187218444457,full_event_available,0,1,,"7,17,25,27,30,40,42","0.36519,0.42439,0.77992,0.019859,0.40445,0.13309,0.27511",paper_formula,Full Bernoulli event probability uses selected probabilities and non-selected complement probabilities.
10,12,4,load_loss_threshold,bernoulli_full_event,9,0,9,NaN,NaN,1,terminal_stage_probability_one,1,0,,"","",,Terminal recording stage excluded from Bernoulli complement product.
10,13,1,continue,bernoulli_full_event,45,1,44,1,0.361500591990805,0.361500591990805,full_event_available,0,1,,"12","0.22954",paper_formula,Full Bernoulli event probability uses selected probabilities and non-selected complement probabilities.
10,13,2,continue,bernoulli_full_event,44,9,35,2.21606798838824e-05,0.799203030624079,1.77108825238889e-05,full_event_available,0,1,,"8,9,13,18,19,20,23,31,32","0.078407,0.69493,0.10267,0.84795,0.73285,0.34657,0.16877,0.0025984,1.6942e-05",paper_formula,Full Bernoulli event probability uses selected probabilities and non-selected complement probabilities.
10,13,3,continue,bernoulli_full_event,31,3,28,0.29406919287644,0.299180374379,0.0879797312181036,full_event_available,0,1,,"17,26,27","0.018528,0.6702,0.34215",paper_formula,Full Bernoulli event probability uses selected probabilities and non-selected complement probabilities.
10,13,4,load_loss_threshold,bernoulli_full_event,15,0,15,NaN,NaN,1,terminal_stage_probability_one,1,0,,"","",,Terminal recording stage excluded from Bernoulli complement product.
10,14,1,continue,bernoulli_full_event,45,1,44,1,0.361500591990805,0.361500591990805,full_event_available,0,1,,"12","0.82214",paper_formula,Full Bernoulli event probability uses selected probabilities and non-selected complement probabilities.
10,14,2,continue,bernoulli_full_event,44,6,38,1,0.378599925209745,0.378599925209745,full_event_available,0,1,,"8,9,13,18,19,23","0.4146,0.36373,0.099929,0.53824,0.22379,0.44816",paper_formula,Full Bernoulli event probability uses selected probabilities and non-selected complement probabilities.
10,14,3,continue,bernoulli_full_event,34,2,32,0.447953606315355,0.472746166933565,0.211768350349651,full_event_available,0,1,,"26,27","0.14507,0.19802",paper_formula,Full Bernoulli event probability uses selected probabilities and non-selected complement probabilities.
10,14,4,load_loss_threshold,bernoulli_full_event,20,0,20,NaN,NaN,1,terminal_stage_probability_one,1,0,,"","",,Terminal recording stage excluded from Bernoulli complement product.
10,15,1,continue,bernoulli_full_event,45,2,43,0.005995890275,0.363681184467956,0.0021805924771519,full_event_available,0,1,,"12,27","0.17119,0.0053073",paper_formula,Full Bernoulli event probability uses selected probabilities and non-selected complement probabilities.
10,15,2,continue,bernoulli_full_event,40,7,33,1,0.63216805513929,0.63216805513929,full_event_available,0,1,,"8,9,13,18,19,20,23","0.06793,0.72356,0.2748,0.125,0.41528,0.19472,0.12637",paper_formula,Full Bernoulli event probability uses selected probabilities and non-selected complement probabilities.
10,15,3,load_loss_threshold,bernoulli_full_event,30,0,30,NaN,NaN,1,terminal_stage_probability_one,1,0,,"","",,Terminal recording stage excluded from Bernoulli complement product.
10,16,1,continue,bernoulli_full_event,45,1,44,1,0.361500591990805,0.361500591990805,full_event_available,0,1,,"12","0.54364",paper_formula,Full Bernoulli event probability uses selected probabilities and non-selected complement probabilities.
10,16,2,continue,bernoulli_full_event,44,6,38,1,0.378599925209745,0.378599925209745,full_event_available,0,1,,"8,9,13,18,19,23","0.80394,0.92809,0.30835,0.048377,0.66074,0.64613",paper_formula,Full Bernoulli event probability uses selected probabilities and non-selected complement probabilities.
10,16,3,continue,bernoulli_full_event,34,2,32,0.447953606315355,0.472746166933565,0.211768350349651,full_event_available,0,1,,"26,27","0.067508,0.12152",paper_formula,Full Bernoulli event probability uses selected probabilities and non-selected complement probabilities.
10,16,4,load_loss_threshold,bernoulli_full_event,20,0,20,NaN,NaN,1,terminal_stage_probability_one,1,0,,"","",,Terminal recording stage excluded from Bernoulli complement product.
10,17,1,continue,bernoulli_full_event,45,1,44,1,0.361500591990805,0.361500591990805,full_event_available,0,1,,"12","0.86808",paper_formula,Full Bernoulli event probability uses selected probabilities and non-selected complement probabilities.
10,17,2,continue,bernoulli_full_event,44,7,37,0.00649387285,0.381074575046464,0.00247464983671952,full_event_available,0,1,,"8,9,13,18,19,23,35","0.19802,0.17415,0.63425,0.93999,0.26109,0.80093,0.0037356",paper_formula,Full Bernoulli event probability uses selected probabilities and non-selected complement probabilities.
10,17,3,continue,bernoulli_full_event,33,6,27,0.00266174616934792,0.695857920429582,0.00185219715411385,full_event_available,0,1,,"1,17,27,29,36,38","0.0042065,0.051988,0.75321,0.88294,0.88698,0.27648",paper_formula,Full Bernoulli event probability uses selected probabilities and non-selected complement probabilities.
10,17,4,load_loss_threshold,bernoulli_full_event,18,0,18,NaN,NaN,1,terminal_stage_probability_one,1,0,,"","",,Terminal recording stage excluded from Bernoulli complement product.
10,18,1,continue,bernoulli_full_event,45,2,43,0.36872286778123,0.572649591662266,0.211148999671461,full_event_available,0,1,,"12,23","0.46327,0.10712",paper_formula,Full Bernoulli event probability uses selected probabilities and non-selected complement probabilities.
10,18,2,continue,bernoulli_full_event,36,2,34,0.93368226238098,0.804333018151855,0.750991472095746,full_event_available,0,1,,"3,6","0.14029,0.78516",paper_formula,Full Bernoulli event probability uses selected probabilities and non-selected complement probabilities.
10,18,3,continue,bernoulli_full_event,34,4,30,0.999693572227043,0.760729923248776,0.760496814472573,full_event_available,0,1,,"9,25,27,42","0.069875,0.67835,0.48771,0.65059",paper_formula,Full Bernoulli event probability uses selected probabilities and non-selected complement probabilities.
10,18,4,load_loss_threshold,bernoulli_full_event,0,0,0,NaN,NaN,1,terminal_stage_probability_one,1,0,,"","",,Terminal recording stage excluded from Bernoulli complement product.
10,19,1,continue,bernoulli_full_event,45,1,44,1,0.361500591990805,0.361500591990805,full_event_available,0,1,,"12","0.85415",paper_formula,Full Bernoulli event probability uses selected probabilities and non-selected complement probabilities.
10,19,2,continue,bernoulli_full_event,44,8,36,0.00339452726391723,0.793985413792878,0.00269520513427253,full_event_available,0,1,,"6,8,9,13,18,19,20,23","0.002729,0.46934,0.83134,0.089216,0.54788,0.69972,0.50392,0.33473",paper_formula,Full Bernoulli event probability uses selected probabilities and non-selected complement probabilities.
10,19,3,continue,bernoulli_full_event,33,3,30,0.556720413330367,0.263268178042037,0.146566768896295,full_event_available,0,1,,"1,4,27","0.89301,0.41721,0.87457",paper_formula,Full Bernoulli event probability uses selected probabilities and non-selected complement probabilities.
10,19,4,load_loss_threshold,bernoulli_full_event,22,0,22,NaN,NaN,1,terminal_stage_probability_one,1,0,,"","",,Terminal recording stage excluded from Bernoulli complement product.
10,20,1,continue,bernoulli_full_event,45,1,44,1,0.361500591990805,0.361500591990805,full_event_available,0,1,,"12","0.67355",paper_formula,Full Bernoulli event probability uses selected probabilities and non-selected complement probabilities.
10,20,2,continue,bernoulli_full_event,44,7,37,0.52003213157172,0.788802647247036,0.410202722037292,full_event_available,0,1,,"8,9,13,18,19,20,23","0.833,0.82106,0.38896,0.057259,0.079853,0.19698,0.91768",paper_formula,Full Bernoulli event probability uses selected probabilities and non-selected complement probabilities.
10,20,3,continue,bernoulli_full_event,34,2,32,0.447953606315355,0.472746166933565,0.211768350349651,full_event_available,0,1,,"26,27","0.12862,0.0095819",paper_formula,Full Bernoulli event probability uses selected probabilities and non-selected complement probabilities.
10,20,4,load_loss_threshold,bernoulli_full_event,20,0,20,NaN,NaN,1,terminal_stage_probability_one,1,0,,"","",,Terminal recording stage excluded from Bernoulli complement product.
10,21,1,continue,bernoulli_full_event,45,3,42,0.001592536630285,0.485388072331207,0.00077299828509087,full_event_available,0,1,,"12,14,19","0.40653,0.0034544,0.17331",paper_formula,Full Bernoulli event probability uses selected probabilities and non-selected complement probabilities.
10,21,2,continue,bernoulli_full_event,42,6,36,1,0.758519836025926,0.758519836025926,full_event_available,0,1,,"3,9,18,21,22,23","0.52127,0.83639,0.86526,0.58272,0.42081,0.050045",paper_formula,Full Bernoulli event probability uses selected probabilities and non-selected complement probabilities.
10,21,3,continue,bernoulli_full_event,34,7,27,0.905868268145355,0.514555809325199,0.466119779857549,full_event_available,0,1,,"6,7,17,26,27,30,42","0.94617,0.96053,0.022841,0.84156,0.39991,0.84797,0.96174",paper_formula,Full Bernoulli event probability uses selected probabilities and non-selected complement probabilities.
10,21,4,load_loss_threshold,bernoulli_full_event,10,0,10,NaN,NaN,1,terminal_stage_probability_one,1,0,,"","",,Terminal recording stage excluded from Bernoulli complement product.
10,22,1,continue,bernoulli_full_event,45,1,44,1,0.361500591990805,0.361500591990805,full_event_available,0,1,,"12","0.20865",paper_formula,Full Bernoulli event probability uses selected probabilities and non-selected complement probabilities.
10,22,2,continue,bernoulli_full_event,44,8,36,0.00335797328233202,0.793929240423784,0.00266599317740523,full_event_available,0,1,,"5,8,9,13,18,19,20,23","0.0007707,0.78176,0.52451,0.76208,0.33212,0.84005,0.22534,0.63089",paper_formula,Full Bernoulli event probability uses selected probabilities and non-selected complement probabilities.
10,22,3,continue,bernoulli_full_event,33,1,32,1,0.251996715293018,0.251996715293018,full_event_available,0,1,,"27","0.3461",paper_formula,Full Bernoulli event probability uses selected probabilities and non-selected complement probabilities.
10,22,4,continue,bernoulli_full_event,29,2,27,0.414690638873375,0.828233462410817,0.343460663663449,full_event_available,0,1,,"3,17","0.35264,0.076266",paper_formula,Full Bernoulli event probability uses selected probabilities and non-selected complement probabilities.
10,22,5,max_depth_reached,bernoulli_full_event,24,0,24,NaN,NaN,1,terminal_stage_probability_one,1,0,,"","",,Terminal recording stage excluded from Bernoulli complement product.
10,23,1,continue,bernoulli_full_event,45,2,43,0.250468175832337,0.482301858753286,0.120801266762481,full_event_available,0,1,,"12,19","0.18635,0.13581",paper_formula,Full Bernoulli event probability uses selected probabilities and non-selected complement probabilities.
10,23,2,continue,bernoulli_full_event,43,6,37,0.989118729192274,0.788616393128357,0.780035244591315,full_event_available,0,1,,"9,18,21,22,23,27","0.45311,0.73266,0.54402,0.52834,0.25935,0.24433",paper_formula,Full Bernoulli event probability uses selected probabilities and non-selected complement probabilities.
10,23,3,continue,bernoulli_full_event,31,2,29,1,0.829825825875643,0.829825825875643,full_event_available,0,1,,"3,6","0.90186,0.52663",paper_formula,Full Bernoulli event probability uses selected probabilities and non-selected complement probabilities.
10,23,4,load_loss_threshold,bernoulli_full_event,0,0,0,NaN,NaN,1,terminal_stage_probability_one,1,0,,"","",,Terminal recording stage excluded from Bernoulli complement product.
10,24,1,continue,bernoulli_full_event,45,4,41,0.000594062082325863,0.768956012922119,0.000456807610253507,full_event_available,0,1,,"12,19,23,45","0.46813,0.19757,0.35204,0.005995",paper_formula,Full Bernoulli event probability uses selected probabilities and non-selected complement probabilities.
10,24,2,continue,bernoulli_full_event,35,2,33,0.881185239267297,0.792412880456139,0.698262533663231,full_event_available,0,1,,"3,6","0.51891,0.025904",paper_formula,Full Bernoulli event probability uses selected probabilities and non-selected complement probabilities.
10,24,3,continue,bernoulli_full_event,33,4,29,0.996768348749321,0.830618200333753,0.827933931987808,full_event_available,0,1,,"9,25,27,42","0.87891,0.57679,0.65756,0.64477",paper_formula,Full Bernoulli event probability uses selected probabilities and non-selected complement probabilities.
10,24,4,load_loss_threshold,bernoulli_full_event,0,0,0,NaN,NaN,1,terminal_stage_probability_one,1,0,,"","",,Terminal recording stage excluded from Bernoulli complement product.
10,25,1,continue,bernoulli_full_event,45,2,43,0.006457241925,0.363850059851693,0.00234946786088811,full_event_available,0,1,,"5,12","0.0021284,0.18677",paper_formula,Full Bernoulli event probability uses selected probabilities and non-selected complement probabilities.
10,25,2,continue,bernoulli_full_event,43,9,34,0.805236961060715,0.803772345950304,0.647227201237664,full_event_available,0,1,,"8,9,13,18,19,20,23,26,27","0.86552,0.58101,0.04835,0.43128,0.70108,0.79836,0.3035,0.068596,0.33724",paper_formula,Full Bernoulli event probability uses selected probabilities and non-selected complement probabilities.
10,25,3,load_loss_threshold,bernoulli_full_event,19,0,19,NaN,NaN,1,terminal_stage_probability_one,1,0,,"","",,Terminal recording stage excluded from Bernoulli complement product.
10,26,1,continue,bernoulli_full_event,45,3,42,0.0923533440808327,0.764009710058915,0.0705588516341681,full_event_available,0,1,,"12,19,23","0.43516,0.090587,0.33155",paper_formula,Full Bernoulli event probability uses selected probabilities and non-selected complement probabilities.
10,26,2,continue,bernoulli_full_event,36,3,33,0.00597077701602105,0.809509727908896,0.00483340207764389,full_event_available,0,1,,"3,6,46","0.861,0.027189,0.0053883",paper_formula,Full Bernoulli event probability uses selected probabilities and non-selected complement probabilities.
10,26,3,continue,bernoulli_full_event,33,6,27,0.751785141755775,0.840973982450608,0.632231744609549,full_event_available,0,1,,"4,16,17,25,27,40","0.68106,0.48712,0.98473,0.34102,0.67935,0.84083",paper_formula,Full Bernoulli event probability uses selected probabilities and non-selected complement probabilities.
10,26,4,load_loss_threshold,bernoulli_full_event,15,0,15,NaN,NaN,1,terminal_stage_probability_one,1,0,,"","",,Terminal recording stage excluded from Bernoulli complement product.
10,27,1,continue,bernoulli_full_event,45,3,42,0.0923533440808327,0.764009710058915,0.0705588516341681,full_event_available,0,1,,"12,19,23","0.52588,0.047782,0.0049302",paper_formula,Full Bernoulli event probability uses selected probabilities and non-selected complement probabilities.
10,27,2,continue,bernoulli_full_event,36,2,34,0.93368226238098,0.804333018151855,0.750991472095746,full_event_available,0,1,,"3,6","0.46852,0.02457",paper_formula,Full Bernoulli event probability uses selected probabilities and non-selected complement probabilities.
10,27,3,continue,bernoulli_full_event,34,4,30,0.999693572227043,0.760729923248776,0.760496814472573,full_event_available,0,1,,"9,25,27,42","0.60954,0.93735,0.97791,0.86075",paper_formula,Full Bernoulli event probability uses selected probabilities and non-selected complement probabilities.
10,27,4,load_loss_threshold,bernoulli_full_event,0,0,0,NaN,NaN,1,terminal_stage_probability_one,1,0,,"","",,Terminal recording stage excluded from Bernoulli complement product.
10,28,1,continue,bernoulli_full_event,45,1,44,1,0.361500591990805,0.361500591990805,full_event_available,0,1,,"12","0.12614",paper_formula,Full Bernoulli event probability uses selected probabilities and non-selected complement probabilities.
10,28,2,continue,bernoulli_full_event,44,7,37,0.52003213157172,0.788802647247036,0.410202722037292,full_event_available,0,1,,"8,9,13,18,19,20,23","0.80723,0.057835,0.47172,0.084655,0.59184,0.33332,0.27335",paper_formula,Full Bernoulli event probability uses selected probabilities and non-selected complement probabilities.
10,28,3,continue,bernoulli_full_event,34,2,32,0.414690638873375,0.445880134364457,0.184902317780543,full_event_available,0,1,,"17,27","0.20361,0.17932",paper_formula,Full Bernoulli event probability uses selected probabilities and non-selected complement probabilities.
10,28,4,load_loss_threshold,bernoulli_full_event,26,0,26,NaN,NaN,1,terminal_stage_probability_one,1,0,,"","",,Terminal recording stage excluded from Bernoulli complement product.
10,29,1,continue,bernoulli_full_event,45,2,43,0.250468175832337,0.482301858753286,0.120801266762481,full_event_available,0,1,,"12,19","0.004563,0.18308",paper_formula,Full Bernoulli event probability uses selected probabilities and non-selected complement probabilities.
10,29,2,continue,bernoulli_full_event,43,6,37,0.989118729192274,0.788616393128357,0.780035244591315,full_event_available,0,1,,"9,18,21,22,23,27","0.44775,0.33601,0.25518,0.85968,0.023112,0.42943",paper_formula,Full Bernoulli event probability uses selected probabilities and non-selected complement probabilities.
10,29,3,continue,bernoulli_full_event,31,2,29,1,0.829825825875643,0.829825825875643,full_event_available,0,1,,"3,6","0.56306,0.75881",paper_formula,Full Bernoulli event probability uses selected probabilities and non-selected complement probabilities.
10,29,4,load_loss_threshold,bernoulli_full_event,0,0,0,NaN,NaN,1,terminal_stage_probability_one,1,0,,"","",,Terminal recording stage excluded from Bernoulli complement product.
10,30,1,continue,bernoulli_full_event,45,2,43,0.36872286778123,0.572649591662266,0.211148999671461,full_event_available,0,1,,"12,23","0.32864,0.23922",paper_formula,Full Bernoulli event probability uses selected probabilities and non-selected complement probabilities.
10,30,2,continue,bernoulli_full_event,36,2,34,0.93368226238098,0.804333018151855,0.750991472095746,full_event_available,0,1,,"3,6","0.90592,0.55139",paper_formula,Full Bernoulli event probability uses selected probabilities and non-selected complement probabilities.
10,30,3,continue,bernoulli_full_event,34,4,30,0.999693572227043,0.760729923248776,0.760496814472573,full_event_available,0,1,,"9,25,27,42","0.76021,0.12344,0.14222,0.2854",paper_formula,Full Bernoulli event probability uses selected probabilities and non-selected complement probabilities.
10,30,4,load_loss_threshold,bernoulli_full_event,0,0,0,NaN,NaN,1,terminal_stage_probability_one,1,0,,"","",,Terminal recording stage excluded from Bernoulli complement product.
11,1,1,continue,bernoulli_full_event,45,3,42,3.6922806748722e-05,0.763820926749101,2.82024124689868e-05,full_event_available,0,1,,"12,26,31","0.40931,0.00064001,0.0049054",paper_formula,Full Bernoulli event probability uses selected probabilities and non-selected complement probabilities.
11,1,2,continue,bernoulli_full_event,42,7,35,0.999484158712051,0.798695108319606,0.798283108406252,full_event_available,0,1,,"1,9,13,18,24,25,27","0.86722,0.89794,0.69779,0.5192,0.21395,0.41631,0.089826",paper_formula,Full Bernoulli event probability uses selected probabilities and non-selected complement probabilities.
11,1,3,load_loss_threshold,bernoulli_full_event,16,0,16,NaN,NaN,1,terminal_stage_probability_one,1,0,,"","",,Terminal recording stage excluded from Bernoulli complement product.
11,2,1,continue,bernoulli_full_event,45,1,44,0.894958453071298,0.754037995584199,0.674832678085017,full_event_available,0,1,,"12","0.43401",paper_formula,Full Bernoulli event probability uses selected probabilities and non-selected complement probabilities.
11,2,2,continue,bernoulli_full_event,44,3,41,1,0.707946733200997,0.707946733200997,full_event_available,0,1,,"1,13,27","0.32376,0.15174,0.73629",paper_formula,Full Bernoulli event probability uses selected probabilities and non-selected complement probabilities.
11,2,3,load_loss_threshold,bernoulli_full_event,34,0,34,NaN,NaN,1,terminal_stage_probability_one,1,0,,"","",,Terminal recording stage excluded from Bernoulli complement product.
11,3,1,continue,bernoulli_full_event,45,1,44,0.894958453071298,0.754037995584199,0.674832678085017,full_event_available,0,1,,"12","0.74565",paper_formula,Full Bernoulli event probability uses selected probabilities and non-selected complement probabilities.
11,3,2,continue,bernoulli_full_event,44,3,41,1,0.707946733200997,0.707946733200997,full_event_available,0,1,,"1,13,27","0.47036,0.15604,0.53318",paper_formula,Full Bernoulli event probability uses selected probabilities and non-selected complement probabilities.
11,3,3,load_loss_threshold,bernoulli_full_event,34,0,34,NaN,NaN,1,terminal_stage_probability_one,1,0,,"","",,Terminal recording stage excluded from Bernoulli complement product.
11,4,1,continue,bernoulli_full_event,45,1,44,0.894958453071298,0.754037995584199,0.674832678085017,full_event_available,0,1,,"12","0.072034",paper_formula,Full Bernoulli event probability uses selected probabilities and non-selected complement probabilities.
11,4,2,continue,bernoulli_full_event,44,3,41,1,0.707946733200997,0.707946733200997,full_event_available,0,1,,"1,13,27","0.18402,0.95162,0.01498",paper_formula,Full Bernoulli event probability uses selected probabilities and non-selected complement probabilities.
11,4,3,load_loss_threshold,bernoulli_full_event,34,0,34,NaN,NaN,1,terminal_stage_probability_one,1,0,,"","",,Terminal recording stage excluded from Bernoulli complement product.
11,5,1,continue,bernoulli_full_event,45,1,44,0.894958453071298,0.754037995584199,0.674832678085017,full_event_available,0,1,,"12","0.69586",paper_formula,Full Bernoulli event probability uses selected probabilities and non-selected complement probabilities.
11,5,2,continue,bernoulli_full_event,44,3,41,1,0.707946733200997,0.707946733200997,full_event_available,0,1,,"1,13,27","0.6321,0.47125,0.094992",paper_formula,Full Bernoulli event probability uses selected probabilities and non-selected complement probabilities.
11,5,3,load_loss_threshold,bernoulli_full_event,34,0,34,NaN,NaN,1,terminal_stage_probability_one,1,0,,"","",,Terminal recording stage excluded from Bernoulli complement product.
11,6,1,continue,bernoulli_full_event,45,1,44,0.894958453071298,0.754037995584199,0.674832678085017,full_event_available,0,1,,"12","0.047812",paper_formula,Full Bernoulli event probability uses selected probabilities and non-selected complement probabilities.
11,6,2,continue,bernoulli_full_event,44,3,41,1,0.707946733200997,0.707946733200997,full_event_available,0,1,,"1,13,27","0.7034,0.003411,0.54382",paper_formula,Full Bernoulli event probability uses selected probabilities and non-selected complement probabilities.
11,6,3,load_loss_threshold,bernoulli_full_event,34,0,34,NaN,NaN,1,terminal_stage_probability_one,1,0,,"","",,Terminal recording stage excluded from Bernoulli complement product.
11,7,1,continue,bernoulli_full_event,45,1,44,0.894958453071298,0.754037995584199,0.674832678085017,full_event_available,0,1,,"12","0.25249",paper_formula,Full Bernoulli event probability uses selected probabilities and non-selected complement probabilities.
11,7,2,continue,bernoulli_full_event,44,3,41,1,0.707946733200997,0.707946733200997,full_event_available,0,1,,"1,13,27","0.50711,0.56652,0.51084",paper_formula,Full Bernoulli event probability uses selected probabilities and non-selected complement probabilities.
11,7,3,load_loss_threshold,bernoulli_full_event,34,0,34,NaN,NaN,1,terminal_stage_probability_one,1,0,,"","",,Terminal recording stage excluded from Bernoulli complement product.
11,8,1,continue,bernoulli_full_event,45,2,43,0.00537847712269426,0.758596974224166,0.00408009647120976,full_event_available,0,1,,"12,33","0.3122,0.0020416",paper_formula,Full Bernoulli event probability uses selected probabilities and non-selected complement probabilities.
11,8,2,continue,bernoulli_full_event,43,2,41,0.00635922945,0.768383913052294,0.00488632960878839,full_event_available,0,1,,"1,3","0.067651,0.0053919",paper_formula,Full Bernoulli event probability uses selected probabilities and non-selected complement probabilities.
11,8,3,load_loss_threshold,bernoulli_full_event,37,0,37,NaN,NaN,1,terminal_stage_probability_one,1,0,,"","",,Terminal recording stage excluded from Bernoulli complement product.
11,9,1,continue,bernoulli_full_event,45,3,42,3.53893924589743e-05,0.763621609119827,2.70241048152951e-05,full_event_available,0,1,,"12,16,42","0.35375,0.0046498,0.00077627",paper_formula,Full Bernoulli event probability uses selected probabilities and non-selected complement probabilities.
11,9,2,continue,bernoulli_full_event,41,1,40,0.00639487035,0.773181395549235,0.00494439478156943,full_event_available,0,1,,"46","0.0031583",paper_formula,Full Bernoulli event probability uses selected probabilities and non-selected complement probabilities.
11,9,3,continue,bernoulli_full_event,40,5,35,1,0.798481177587485,0.798481177587485,full_event_available,0,1,,"6,8,19,23,40","0.82052,0.096947,0.43048,0.12673,0.3038",paper_formula,Full Bernoulli event probability uses selected probabilities and non-selected complement probabilities.
11,9,4,continue,bernoulli_full_event,25,7,18,1,0.890427600456322,0.890427600456322,full_event_available,0,1,,"3,7,9,24,25,27,30","0.10583,0.59783,0.35262,0.64135,0.3825,0.074058,0.69266",paper_formula,Full Bernoulli event probability uses selected probabilities and non-selected complement probabilities.
11,9,5,max_depth_reached,bernoulli_full_event,9,0,9,NaN,NaN,1,terminal_stage_probability_one,1,0,,"","",,Terminal recording stage excluded from Bernoulli complement product.
11,10,1,continue,bernoulli_full_event,45,1,44,0.894958453071298,0.754037995584199,0.674832678085017,full_event_available,0,1,,"12","0.65912",paper_formula,Full Bernoulli event probability uses selected probabilities and non-selected complement probabilities.
11,10,2,continue,bernoulli_full_event,44,3,41,1,0.707946733200997,0.707946733200997,full_event_available,0,1,,"1,13,27","0.0091361,0.64373,0.19467",paper_formula,Full Bernoulli event probability uses selected probabilities and non-selected complement probabilities.
11,10,3,load_loss_threshold,bernoulli_full_event,34,0,34,NaN,NaN,1,terminal_stage_probability_one,1,0,,"","",,Terminal recording stage excluded from Bernoulli complement product.
11,11,1,no_new_outage,bernoulli_full_event,45,0,45,1,0.0792053174991824,0.0792053174991824,full_event_available,1,1,,"","",paper_formula,Full Bernoulli event probability uses selected probabilities and non-selected complement probabilities.
11,12,1,continue,bernoulli_full_event,45,2,43,0.00577896324430513,0.758938646027833,0.00438587854007754,full_event_available,0,1,,"12,43","0.21267,0.0010363",paper_formula,Full Bernoulli event probability uses selected probabilities and non-selected complement probabilities.
11,12,2,continue,bernoulli_full_event,43,3,40,1,0.705730270116718,0.705730270116718,full_event_available,0,1,,"1,13,27","0.10243,0.61739,0.78881",paper_formula,Full Bernoulli event probability uses selected probabilities and non-selected complement probabilities.
11,12,3,load_loss_threshold,bernoulli_full_event,33,0,33,NaN,NaN,1,terminal_stage_probability_one,1,0,,"","",,Terminal recording stage excluded from Bernoulli complement product.
11,13,1,continue,bernoulli_full_event,45,1,44,0.894958453071298,0.754037995584199,0.674832678085017,full_event_available,0,1,,"12","0.85351",paper_formula,Full Bernoulli event probability uses selected probabilities and non-selected complement probabilities.
11,13,2,continue,bernoulli_full_event,44,4,40,0.0846754215105459,0.773437914634949,0.0654911814339519,full_event_available,0,1,,"1,4,13,27","0.63781,0.007426,0.90858,0.72688",paper_formula,Full Bernoulli event probability uses selected probabilities and non-selected complement probabilities.
11,13,3,load_loss_threshold,bernoulli_full_event,33,0,33,NaN,NaN,1,terminal_stage_probability_one,1,0,,"","",,Terminal recording stage excluded from Bernoulli complement product.
11,14,1,continue,bernoulli_full_event,45,1,44,0.894958453071298,0.754037995584199,0.674832678085017,full_event_available,0,1,,"12","0.43858",paper_formula,Full Bernoulli event probability uses selected probabilities and non-selected complement probabilities.
11,14,2,continue,bernoulli_full_event,44,3,41,1,0.707946733200997,0.707946733200997,full_event_available,0,1,,"1,13,27","0.58547,0.47935,0.954",paper_formula,Full Bernoulli event probability uses selected probabilities and non-selected complement probabilities.
11,14,3,load_loss_threshold,bernoulli_full_event,34,0,34,NaN,NaN,1,terminal_stage_probability_one,1,0,,"","",,Terminal recording stage excluded from Bernoulli complement product.
11,15,1,no_new_outage,bernoulli_full_event,45,0,45,1,0.0792053174991824,0.0792053174991824,full_event_available,1,1,,"","",paper_formula,Full Bernoulli event probability uses selected probabilities and non-selected complement probabilities.
11,16,1,no_new_outage,bernoulli_full_event,45,0,45,1,0.0792053174991824,0.0792053174991824,full_event_available,1,1,,"","",paper_formula,Full Bernoulli event probability uses selected probabilities and non-selected complement probabilities.
11,17,1,continue,bernoulli_full_event,45,2,43,0.00596325774274553,0.759095978955898,0.00452668497399575,full_event_available,0,1,,"12,17","0.54854,0.0056716",paper_formula,Full Bernoulli event probability uses selected probabilities and non-selected complement probabilities.
11,17,2,no_new_outage,bernoulli_full_event,41,0,41,1,0.768299786171916,0.768299786171916,full_event_available,1,1,,"","",paper_formula,Full Bernoulli event probability uses selected probabilities and non-selected complement probabilities.
11,18,1,continue,bernoulli_full_event,45,1,44,0.894958453071298,0.754037995584199,0.674832678085017,full_event_available,0,1,,"12","0.64237",paper_formula,Full Bernoulli event probability uses selected probabilities and non-selected complement probabilities.
11,18,2,continue,bernoulli_full_event,44,3,41,1,0.707946733200997,0.707946733200997,full_event_available,0,1,,"1,13,27","0.5449,0.12184,0.90764",paper_formula,Full Bernoulli event probability uses selected probabilities and non-selected complement probabilities.
11,18,3,load_loss_threshold,bernoulli_full_event,34,0,34,NaN,NaN,1,terminal_stage_probability_one,1,0,,"","",,Terminal recording stage excluded from Bernoulli complement product.
11,19,1,continue,bernoulli_full_event,45,1,44,0.894958453071298,0.754037995584199,0.674832678085017,full_event_available,0,1,,"12","0.43871",paper_formula,Full Bernoulli event probability uses selected probabilities and non-selected complement probabilities.
11,19,2,continue,bernoulli_full_event,44,3,41,1,0.707946733200997,0.707946733200997,full_event_available,0,1,,"1,13,27","0.4749,0.82984,0.023574",paper_formula,Full Bernoulli event probability uses selected probabilities and non-selected complement probabilities.
11,19,3,load_loss_threshold,bernoulli_full_event,34,0,34,NaN,NaN,1,terminal_stage_probability_one,1,0,,"","",,Terminal recording stage excluded from Bernoulli complement product.
11,20,1,continue,bernoulli_full_event,45,2,43,0.00573466168218003,0.758900835335067,0.00435203954097043,full_event_available,0,1,,"12,21","0.16179,0.0011925",paper_formula,Full Bernoulli event probability uses selected probabilities and non-selected complement probabilities.
11,20,2,continue,bernoulli_full_event,43,3,40,1,0.71112443923351,0.71112443923351,full_event_available,0,1,,"1,13,27","0.4676,0.54152,0.8769",paper_formula,Full Bernoulli event probability uses selected probabilities and non-selected complement probabilities.
11,20,3,load_loss_threshold,bernoulli_full_event,33,0,33,NaN,NaN,1,terminal_stage_probability_one,1,0,,"","",,Terminal recording stage excluded from Bernoulli complement product.
11,21,1,continue,bernoulli_full_event,45,1,44,0.894958453071298,0.754037995584199,0.674832678085017,full_event_available,0,1,,"12","0.29121",paper_formula,Full Bernoulli event probability uses selected probabilities and non-selected complement probabilities.
11,21,2,continue,bernoulli_full_event,44,3,41,1,0.707946733200997,0.707946733200997,full_event_available,0,1,,"1,13,27","0.23585,0.826,0.2179",paper_formula,Full Bernoulli event probability uses selected probabilities and non-selected complement probabilities.
11,21,3,load_loss_threshold,bernoulli_full_event,34,0,34,NaN,NaN,1,terminal_stage_probability_one,1,0,,"","",,Terminal recording stage excluded from Bernoulli complement product.
11,22,1,continue,bernoulli_full_event,45,1,44,0.894958453071298,0.754037995584199,0.674832678085017,full_event_available,0,1,,"12","0.72087",paper_formula,Full Bernoulli event probability uses selected probabilities and non-selected complement probabilities.
11,22,2,continue,bernoulli_full_event,44,3,41,1,0.707946733200997,0.707946733200997,full_event_available,0,1,,"1,13,27","0.80021,0.88125,0.80884",paper_formula,Full Bernoulli event probability uses selected probabilities and non-selected complement probabilities.
11,22,3,load_loss_threshold,bernoulli_full_event,34,0,34,NaN,NaN,1,terminal_stage_probability_one,1,0,,"","",,Terminal recording stage excluded from Bernoulli complement product.
11,23,1,continue,bernoulli_full_event,45,1,44,0.894958453071298,0.754037995584199,0.674832678085017,full_event_available,0,1,,"12","0.38041",paper_formula,Full Bernoulli event probability uses selected probabilities and non-selected complement probabilities.
11,23,2,continue,bernoulli_full_event,44,3,41,1,0.707946733200997,0.707946733200997,full_event_available,0,1,,"1,13,27","0.14096,0.87925,0.44532",paper_formula,Full Bernoulli event probability uses selected probabilities and non-selected complement probabilities.
11,23,3,load_loss_threshold,bernoulli_full_event,34,0,34,NaN,NaN,1,terminal_stage_probability_one,1,0,,"","",,Terminal recording stage excluded from Bernoulli complement product.
11,24,1,continue,bernoulli_full_event,45,1,44,0.894958453071298,0.754037995584199,0.674832678085017,full_event_available,0,1,,"12","0.050137",paper_formula,Full Bernoulli event probability uses selected probabilities and non-selected complement probabilities.
11,24,2,continue,bernoulli_full_event,44,4,40,0.0846754215105459,0.773437914634949,0.0654911814339519,full_event_available,0,1,,"1,4,13,27","0.31679,0.028699,0.87157,0.096375",paper_formula,Full Bernoulli event probability uses selected probabilities and non-selected complement probabilities.
11,24,3,load_loss_threshold,bernoulli_full_event,33,0,33,NaN,NaN,1,terminal_stage_probability_one,1,0,,"","",,Terminal recording stage excluded from Bernoulli complement product.
11,25,1,continue,bernoulli_full_event,45,1,44,0.894958453071298,0.754037995584199,0.674832678085017,full_event_available,0,1,,"12","0.57749",paper_formula,Full Bernoulli event probability uses selected probabilities and non-selected complement probabilities.
11,25,2,continue,bernoulli_full_event,44,4,40,0.006358239425,0.712476831480314,0.00453009827931721,full_event_available,0,1,,"1,13,14,27","0.0048425,0.77435,0.0042986,0.92641",paper_formula,Full Bernoulli event probability uses selected probabilities and non-selected complement probabilities.
11,25,3,load_loss_threshold,bernoulli_full_event,33,0,33,NaN,NaN,1,terminal_stage_probability_one,1,0,,"","",,Terminal recording stage excluded from Bernoulli complement product.
11,26,1,continue,bernoulli_full_event,45,1,44,0.894958453071298,0.754037995584199,0.674832678085017,full_event_available,0,1,,"12","0.22576",paper_formula,Full Bernoulli event probability uses selected probabilities and non-selected complement probabilities.
11,26,2,continue,bernoulli_full_event,44,3,41,1,0.707946733200997,0.707946733200997,full_event_available,0,1,,"1,13,27","0.45348,0.19286,0.4789",paper_formula,Full Bernoulli event probability uses selected probabilities and non-selected complement probabilities.
11,26,3,load_loss_threshold,bernoulli_full_event,34,0,34,NaN,NaN,1,terminal_stage_probability_one,1,0,,"","",,Terminal recording stage excluded from Bernoulli complement product.
11,27,1,continue,bernoulli_full_event,45,2,43,0.00587199652476783,0.759018060747728,0.00445695141494668,full_event_available,0,1,,"2,12","0.0053023,0.85754",paper_formula,Full Bernoulli event probability uses selected probabilities and non-selected complement probabilities.
11,27,2,no_new_outage,bernoulli_full_event,40,0,40,1,0.61093034114553,0.61093034114553,full_event_available,1,1,,"","",paper_formula,Full Bernoulli event probability uses selected probabilities and non-selected complement probabilities.
11,28,1,continue,bernoulli_full_event,45,2,43,0.00584187146252276,0.758992343685649,0.00443393571285046,full_event_available,0,1,,"6,12","0.0017449,0.53463",paper_formula,Full Bernoulli event probability uses selected probabilities and non-selected complement probabilities.
11,28,2,continue,bernoulli_full_event,43,4,39,1,0.606560278897748,0.606560278897748,full_event_available,0,1,,"1,13,25,27","0.79339,0.0069419,0.029392,0.26822",paper_formula,Full Bernoulli event probability uses selected probabilities and non-selected complement probabilities.
11,28,3,load_loss_threshold,bernoulli_full_event,21,0,21,NaN,NaN,1,terminal_stage_probability_one,1,0,,"","",,Terminal recording stage excluded from Bernoulli complement product.
11,29,1,continue,bernoulli_full_event,45,1,44,0.894958453071298,0.754037995584199,0.674832678085017,full_event_available,0,1,,"12","0.10563",paper_formula,Full Bernoulli event probability uses selected probabilities and non-selected complement probabilities.
11,29,2,continue,bernoulli_full_event,44,3,41,1,0.707946733200997,0.707946733200997,full_event_available,0,1,,"1,13,27","0.018069,0.79952,0.89909",paper_formula,Full Bernoulli event probability uses selected probabilities and non-selected complement probabilities.
11,29,3,load_loss_threshold,bernoulli_full_event,34,0,34,NaN,NaN,1,terminal_stage_probability_one,1,0,,"","",,Terminal recording stage excluded from Bernoulli complement product.
11,30,1,no_new_outage,bernoulli_full_event,45,0,45,1,0.0792053174991824,0.0792053174991824,full_event_available,1,1,,"","",paper_formula,Full Bernoulli event probability uses selected probabilities and non-selected complement probabilities.
12,1,1,continue,bernoulli_full_event,45,1,44,0.00601866085,0.0588672671487564,0.000354302116134711,full_event_available,0,1,,"8","0.005993",paper_formula,Full Bernoulli event probability uses selected probabilities and non-selected complement probabilities.
12,1,2,continue,bernoulli_full_event,44,3,41,0.596478326382254,0.534281893618504,0.318687569721907,full_event_available,0,1,,"11,19,23","0.7624,0.041612,0.065802",paper_formula,Full Bernoulli event probability uses selected probabilities and non-selected complement probabilities.
12,1,3,continue,bernoulli_full_event,34,2,32,1,0.735840487611148,0.735840487611148,full_event_available,0,1,,"1,27","0.85929,0.14367",paper_formula,Full Bernoulli event probability uses selected probabilities and non-selected complement probabilities.
12,1,4,load_loss_threshold,bernoulli_full_event,25,0,25,NaN,NaN,1,terminal_stage_probability_one,1,0,,"","",,Terminal recording stage excluded from Bernoulli complement product.
12,2,1,continue,bernoulli_full_event,45,1,44,0.508016522716425,0.118932784807518,0.0604198197748959,full_event_available,0,1,,"10","0.36739",paper_formula,Full Bernoulli event probability uses selected probabilities and non-selected complement probabilities.
12,2,2,continue,bernoulli_full_event,44,7,37,0.52003213157172,0.788802647247036,0.410202722037292,full_event_available,0,1,,"8,9,13,18,19,20,23","0.90314,0.70513,0.50573,0.54696,0.34162,0.17281,0.18371",paper_formula,Full Bernoulli event probability uses selected probabilities and non-selected complement probabilities.
12,2,3,continue,bernoulli_full_event,34,3,31,0.185762167188547,0.807685983397918,0.15003749868381,full_event_available,0,1,,"17,26,27","0.13428,0.14395,0.74836",paper_formula,Full Bernoulli event probability uses selected probabilities and non-selected complement probabilities.
12,2,4,load_loss_threshold,bernoulli_full_event,16,0,16,NaN,NaN,1,terminal_stage_probability_one,1,0,,"","",,Terminal recording stage excluded from Bernoulli complement product.
12,3,1,continue,bernoulli_full_event,45,2,43,0.428413911264235,0.759018060747728,0.325173896125129,full_event_available,0,1,,"10,11","0.506,0.71926",paper_formula,Full Bernoulli event probability uses selected probabilities and non-selected complement probabilities.
12,3,2,continue,bernoulli_full_event,43,4,39,0.987239026779772,0.76191658574192,0.752193788595219,full_event_available,0,1,,"1,13,18,27","0.79983,0.62269,0.98227,0.5314",paper_formula,Full Bernoulli event probability uses selected probabilities and non-selected complement probabilities.
12,3,3,load_loss_threshold,bernoulli_full_event,31,0,31,NaN,NaN,1,terminal_stage_probability_one,1,0,,"","",,Terminal recording stage excluded from Bernoulli complement product.
12,4,1,continue,bernoulli_full_event,45,2,43,0.00539283920141405,0.37582771435494,0.00202677843095116,full_event_available,0,1,,"11,22","0.2488,0.0026651",paper_formula,Full Bernoulli event probability uses selected probabilities and non-selected complement probabilities.
12,4,2,continue,bernoulli_full_event,43,3,40,1,0.687092835659304,0.687092835659304,full_event_available,0,1,,"1,13,27","0.47024,0.18752,0.57542",paper_formula,Full Bernoulli event probability uses selected probabilities and non-selected complement probabilities.
12,4,3,load_loss_threshold,bernoulli_full_event,33,0,33,NaN,NaN,1,terminal_stage_probability_one,1,0,,"","",,Terminal recording stage excluded from Bernoulli complement product.
12,5,1,continue,bernoulli_full_event,45,2,43,0.428413911264235,0.759018060747728,0.325173896125129,full_event_available,0,1,,"10,11","0.4618,0.33391",paper_formula,Full Bernoulli event probability uses selected probabilities and non-selected complement probabilities.
12,5,2,continue,bernoulli_full_event,43,4,39,0.987239026779772,0.76191658574192,0.752193788595219,full_event_available,0,1,,"1,13,18,27","0.059599,0.029232,0.65213,0.91018",paper_formula,Full Bernoulli event probability uses selected probabilities and non-selected complement probabilities.
12,5,3,load_loss_threshold,bernoulli_full_event,31,0,31,NaN,NaN,1,terminal_stage_probability_one,1,0,,"","",,Terminal recording stage excluded from Bernoulli complement product.
12,6,1,continue,bernoulli_full_event,45,3,42,3.14409118029302e-05,0.378027304836189,1.1885523150454e-05,full_event_available,0,1,,"11,15,18","0.23116,0.00077807,0.0011309",paper_formula,Full Bernoulli event probability uses selected probabilities and non-selected complement probabilities.
12,6,2,continue,bernoulli_full_event,42,5,37,0.786785014439921,0.759733673864885,0.597747069562278,full_event_available,0,1,,"1,6,8,19,23","0.63335,0.25898,0.86233,0.78116,0.25444",paper_formula,Full Bernoulli event probability uses selected probabilities and non-selected complement probabilities.
12,6,3,load_loss_threshold,bernoulli_full_event,28,0,28,NaN,NaN,1,terminal_stage_probability_one,1,0,,"","",,Terminal recording stage excluded from Bernoulli complement product.
12,7,1,continue,bernoulli_full_event,45,1,44,0.843307042403769,0.373424344847703,0.314911379815082,full_event_available,0,1,,"11","0.2817",paper_formula,Full Bernoulli event probability uses selected probabilities and non-selected complement probabilities.
12,7,2,continue,bernoulli_full_event,44,3,41,1,0.707946733200997,0.707946733200997,full_event_available,0,1,,"1,13,27","0.96775,0.50779,0.99377",paper_formula,Full Bernoulli event probability uses selected probabilities and non-selected complement probabilities.
12,7,3,load_loss_threshold,bernoulli_full_event,34,0,34,NaN,NaN,1,terminal_stage_probability_one,1,0,,"","",,Terminal recording stage excluded from Bernoulli complement product.
12,8,1,continue,bernoulli_full_event,45,2,43,0.428413911264235,0.759018060747728,0.325173896125129,full_event_available,0,1,,"10,11","0.2918,0.84057",paper_formula,Full Bernoulli event probability uses selected probabilities and non-selected complement probabilities.
12,8,2,continue,bernoulli_full_event,43,5,38,0.00647746732205474,0.766948685275882,0.00496788504656737,full_event_available,0,1,,"1,13,18,27,36","0.72399,0.5719,0.90588,0.78429,0.0018816",paper_formula,Full Bernoulli event probability uses selected probabilities and non-selected complement probabilities.
12,8,3,load_loss_threshold,bernoulli_full_event,30,0,30,NaN,NaN,1,terminal_stage_probability_one,1,0,,"","",,Terminal recording stage excluded from Bernoulli complement product.
12,9,1,continue,bernoulli_full_event,45,1,44,0.843307042403769,0.373424344847703,0.314911379815082,full_event_available,0,1,,"11","0.67358",paper_formula,Full Bernoulli event probability uses selected probabilities and non-selected complement probabilities.
12,9,2,continue,bernoulli_full_event,44,3,41,1,0.707946733200997,0.707946733200997,full_event_available,0,1,,"1,13,27","0.35917,0.92595,0.72532",paper_formula,Full Bernoulli event probability uses selected probabilities and non-selected complement probabilities.
12,9,3,load_loss_threshold,bernoulli_full_event,34,0,34,NaN,NaN,1,terminal_stage_probability_one,1,0,,"","",,Terminal recording stage excluded from Bernoulli complement product.
12,10,1,continue,bernoulli_full_event,45,1,44,0.00656119455,0.0588994155569723,0.000386450524350592,full_event_available,0,1,,"2","0.0010688",paper_formula,Full Bernoulli event probability uses selected probabilities and non-selected complement probabilities.
12,10,2,continue,bernoulli_full_event,44,3,41,0.00641764773146998,0.51762926089998,0.00332196225195724,full_event_available,0,1,,"4,10,11","0.0024325,0.16175,0.81052",paper_formula,Full Bernoulli event probability uses selected probabilities and non-selected complement probabilities.
12,10,3,no_new_outage,bernoulli_full_event,38,0,38,1,0.783516346547667,0.783516346547667,full_event_available,1,1,,"","",paper_formula,Full Bernoulli event probability uses selected probabilities and non-selected complement probabilities.
12,11,1,continue,bernoulli_full_event,45,2,43,0.428413911264235,0.759018060747728,0.325173896125129,full_event_available,0,1,,"10,11","0.40733,0.24284",paper_formula,Full Bernoulli event probability uses selected probabilities and non-selected complement probabilities.
12,11,2,continue,bernoulli_full_event,43,4,39,0.987239026779772,0.76191658574192,0.752193788595219,full_event_available,0,1,,"1,13,18,27","0.085494,0.18784,0.021895,0.47717",paper_formula,Full Bernoulli event probability uses selected probabilities and non-selected complement probabilities.
12,11,3,load_loss_threshold,bernoulli_full_event,31,0,31,NaN,NaN,1,terminal_stage_probability_one,1,0,,"","",,Terminal recording stage excluded from Bernoulli complement product.
12,12,1,continue,bernoulli_full_event,45,1,44,0.843307042403769,0.373424344847703,0.314911379815082,full_event_available,0,1,,"11","0.16709",paper_formula,Full Bernoulli event probability uses selected probabilities and non-selected complement probabilities.
12,12,2,continue,bernoulli_full_event,44,3,41,1,0.707946733200997,0.707946733200997,full_event_available,0,1,,"1,13,27","0.82962,0.81489,0.46084",paper_formula,Full Bernoulli event probability uses selected probabilities and non-selected complement probabilities.
12,12,3,load_loss_threshold,bernoulli_full_event,34,0,34,NaN,NaN,1,terminal_stage_probability_one,1,0,,"","",,Terminal recording stage excluded from Bernoulli complement product.
12,13,1,continue,bernoulli_full_event,45,2,43,0.428413911264235,0.759018060747728,0.325173896125129,full_event_available,0,1,,"10,11","0.28012,0.37514",paper_formula,Full Bernoulli event probability uses selected probabilities and non-selected complement probabilities.
12,13,2,continue,bernoulli_full_event,43,4,39,0.987239026779772,0.76191658574192,0.752193788595219,full_event_available,0,1,,"1,13,18,27","0.62811,0.14847,0.0076864,0.81369",paper_formula,Full Bernoulli event probability uses selected probabilities and non-selected complement probabilities.
12,13,3,load_loss_threshold,bernoulli_full_event,31,0,31,NaN,NaN,1,terminal_stage_probability_one,1,0,,"","",,Terminal recording stage excluded from Bernoulli complement product.
12,14,1,continue,bernoulli_full_event,45,2,43,0.428413911264235,0.759018060747728,0.325173896125129,full_event_available,0,1,,"10,11","0.20037,0.20973",paper_formula,Full Bernoulli event probability uses selected probabilities and non-selected complement probabilities.
12,14,2,continue,bernoulli_full_event,43,4,39,0.987239026779772,0.76191658574192,0.752193788595219,full_event_available,0,1,,"1,13,18,27","0.25066,0.76624,0.079125,0.9024",paper_formula,Full Bernoulli event probability uses selected probabilities and non-selected complement probabilities.
12,14,3,load_loss_threshold,bernoulli_full_event,31,0,31,NaN,NaN,1,terminal_stage_probability_one,1,0,,"","",,Terminal recording stage excluded from Bernoulli complement product.
12,15,1,continue,bernoulli_full_event,45,2,43,0.428413911264235,0.759018060747728,0.325173896125129,full_event_available,0,1,,"10,11","0.3878,0.73983",paper_formula,Full Bernoulli event probability uses selected probabilities and non-selected complement probabilities.
12,15,2,continue,bernoulli_full_event,43,4,39,0.987239026779772,0.76191658574192,0.752193788595219,full_event_available,0,1,,"1,13,18,27","0.41703,0.34662,0.84847,0.4062",paper_formula,Full Bernoulli event probability uses selected probabilities and non-selected complement probabilities.
12,15,3,load_loss_threshold,bernoulli_full_event,31,0,31,NaN,NaN,1,terminal_stage_probability_one,1,0,,"","",,Terminal recording stage excluded from Bernoulli complement product.
12,16,1,continue,bernoulli_full_event,45,2,43,0.428413911264235,0.759018060747728,0.325173896125129,full_event_available,0,1,,"10,11","0.27044,0.015867",paper_formula,Full Bernoulli event probability uses selected probabilities and non-selected complement probabilities.
12,16,2,continue,bernoulli_full_event,43,5,38,0.0065439299316439,0.767000662094373,0.00501919859027006,full_event_available,0,1,,"1,13,18,27,30","0.30911,0.68227,0.97186,0.92602,0.00055142",paper_formula,Full Bernoulli event probability uses selected probabilities and non-selected complement probabilities.
12,16,3,load_loss_threshold,bernoulli_full_event,30,0,30,NaN,NaN,1,terminal_stage_probability_one,1,0,,"","",,Terminal recording stage excluded from Bernoulli complement product.
12,17,1,continue,bernoulli_full_event,45,1,44,0.843307042403769,0.373424344847703,0.314911379815082,full_event_available,0,1,,"11","0.53295",paper_formula,Full Bernoulli event probability uses selected probabilities and non-selected complement probabilities.
12,17,2,continue,bernoulli_full_event,44,3,41,1,0.707946733200997,0.707946733200997,full_event_available,0,1,,"1,13,27","0.28964,0.091057,0.020378",paper_formula,Full Bernoulli event probability uses selected probabilities and non-selected complement probabilities.
12,17,3,load_loss_threshold,bernoulli_full_event,34,0,34,NaN,NaN,1,terminal_stage_probability_one,1,0,,"","",,Terminal recording stage excluded from Bernoulli complement product.
12,18,1,continue,bernoulli_full_event,45,2,43,0.00546630996622376,0.375860670916422,0.00205457093134199,full_event_available,0,1,,"11,37","0.3393,0.0043998",paper_formula,Full Bernoulli event probability uses selected probabilities and non-selected complement probabilities.
12,18,2,continue,bernoulli_full_event,43,3,40,0.006453281825,0.773459494133937,0.00499135209586823,full_event_available,0,1,,"1,27,28","0.75452,0.12551,0.0023042",paper_formula,Full Bernoulli event probability uses selected probabilities and non-selected complement probabilities.
12,18,3,load_loss_threshold,bernoulli_full_event,33,0,33,NaN,NaN,1,terminal_stage_probability_one,1,0,,"","",,Terminal recording stage excluded from Bernoulli complement product.
12,19,1,continue,bernoulli_full_event,45,3,42,0.00278248960740362,0.763980006126763,0.00212576642731188,full_event_available,0,1,,"10,11,32","0.18435,0.35738,0.0031727",paper_formula,Full Bernoulli event probability uses selected probabilities and non-selected complement probabilities.
12,19,2,load_loss_threshold,bernoulli_full_event,41,0,41,NaN,NaN,1,terminal_stage_probability_one,1,0,,"","",,Terminal recording stage excluded from Bernoulli complement product.
12,20,1,continue,bernoulli_full_event,45,2,43,0.428413911264235,0.759018060747728,0.325173896125129,full_event_available,0,1,,"10,11","0.26008,0.28881",paper_formula,Full Bernoulli event probability uses selected probabilities and non-selected complement probabilities.
12,20,2,continue,bernoulli_full_event,43,4,39,0.987239026779772,0.76191658574192,0.752193788595219,full_event_available,0,1,,"1,13,18,27","0.23667,0.13241,0.45568,0.73898",paper_formula,Full Bernoulli event probability uses selected probabilities and non-selected complement probabilities.
12,20,3,load_loss_threshold,bernoulli_full_event,31,0,31,NaN,NaN,1,terminal_stage_probability_one,1,0,,"","",,Terminal recording stage excluded from Bernoulli complement product.
12,21,1,continue,bernoulli_full_event,45,2,43,0.428413911264235,0.759018060747728,0.325173896125129,full_event_available,0,1,,"10,11","0.33225,0.1854",paper_formula,Full Bernoulli event probability uses selected probabilities and non-selected complement probabilities.
12,21,2,continue,bernoulli_full_event,43,4,39,0.987239026779772,0.76191658574192,0.752193788595219,full_event_available,0,1,,"1,13,18,27","0.05209,0.98887,0.9459,0.62525",paper_formula,Full Bernoulli event probability uses selected probabilities and non-selected complement probabilities.
12,21,3,load_loss_threshold,bernoulli_full_event,31,0,31,NaN,NaN,1,terminal_stage_probability_one,1,0,,"","",,Terminal recording stage excluded from Bernoulli complement product.
12,22,1,continue,bernoulli_full_event,45,2,43,0.428413911264235,0.759018060747728,0.325173896125129,full_event_available,0,1,,"10,11","0.02338,0.29993",paper_formula,Full Bernoulli event probability uses selected probabilities and non-selected complement probabilities.
12,22,2,continue,bernoulli_full_event,43,5,38,0.00635040645078135,0.766849337433371,0.00486980497921428,full_event_available,0,1,,"1,13,18,27,45","0.22977,0.5413,0.67005,0.36762,0.0038741",paper_formula,Full Bernoulli event probability uses selected probabilities and non-selected complement probabilities.
12,22,3,load_loss_threshold,bernoulli_full_event,30,0,30,NaN,NaN,1,terminal_stage_probability_one,1,0,,"","",,Terminal recording stage excluded from Bernoulli complement product.
12,23,1,continue,bernoulli_full_event,45,1,44,0.843307042403769,0.373424344847703,0.314911379815082,full_event_available,0,1,,"11","0.40422",paper_formula,Full Bernoulli event probability uses selected probabilities and non-selected complement probabilities.
12,23,2,continue,bernoulli_full_event,44,3,41,1,0.707946733200997,0.707946733200997,full_event_available,0,1,,"1,13,27","0.16122,0.87114,0.60736",paper_formula,Full Bernoulli event probability uses selected probabilities and non-selected complement probabilities.
12,23,3,load_loss_threshold,bernoulli_full_event,34,0,34,NaN,NaN,1,terminal_stage_probability_one,1,0,,"","",,Terminal recording stage excluded from Bernoulli complement product.
12,24,1,no_new_outage,bernoulli_full_event,45,0,45,1,0.0585129650326217,0.0585129650326217,full_event_available,1,1,,"","",paper_formula,Full Bernoulli event probability uses selected probabilities and non-selected complement probabilities.
12,25,1,continue,bernoulli_full_event,45,2,43,0.00554812968158003,0.375897379344874,0.00208552740757144,full_event_available,0,1,,"11,29","0.64629,0.0041856",paper_formula,Full Bernoulli event probability uses selected probabilities and non-selected complement probabilities.
12,25,2,continue,bernoulli_full_event,43,3,40,1,0.539695649358811,0.539695649358811,full_event_available,0,1,,"1,13,27","0.98143,0.40245,0.032087",paper_formula,Full Bernoulli event probability uses selected probabilities and non-selected complement probabilities.
12,25,3,load_loss_threshold,bernoulli_full_event,33,0,33,NaN,NaN,1,terminal_stage_probability_one,1,0,,"","",,Terminal recording stage excluded from Bernoulli complement product.
12,26,1,continue,bernoulli_full_event,45,1,44,0.843307042403769,0.373424344847703,0.314911379815082,full_event_available,0,1,,"11","0.43015",paper_formula,Full Bernoulli event probability uses selected probabilities and non-selected complement probabilities.
12,26,2,continue,bernoulli_full_event,44,3,41,1,0.707946733200997,0.707946733200997,full_event_available,0,1,,"1,13,27","0.26953,0.12012,0.49968",paper_formula,Full Bernoulli event probability uses selected probabilities and non-selected complement probabilities.
12,26,3,load_loss_threshold,bernoulli_full_event,34,0,34,NaN,NaN,1,terminal_stage_probability_one,1,0,,"","",,Terminal recording stage excluded from Bernoulli complement product.
12,27,1,continue,bernoulli_full_event,45,2,43,0.00561909576122577,0.37592922409502,0.00211238230963322,full_event_available,0,1,,"11,19","0.61367,0.00085151",paper_formula,Full Bernoulli event probability uses selected probabilities and non-selected complement probabilities.
12,27,2,continue,bernoulli_full_event,43,5,38,0.0065948554,0.748192322481109,0.00493422017815308,full_event_available,0,1,,"1,9,13,18,27","0.31095,0.0041585,0.44327,0.80724,0.9505",paper_formula,Full Bernoulli event probability uses selected probabilities and non-selected complement probabilities.
12,27,3,load_loss_threshold,bernoulli_full_event,30,0,30,NaN,NaN,1,terminal_stage_probability_one,1,0,,"","",,Terminal recording stage excluded from Bernoulli complement product.
12,28,1,continue,bernoulli_full_event,45,1,44,0.508016522716425,0.118932784807518,0.0604198197748959,full_event_available,0,1,,"10","0.22357",paper_formula,Full Bernoulli event probability uses selected probabilities and non-selected complement probabilities.
12,28,2,continue,bernoulli_full_event,44,7,37,0.52003213157172,0.788802647247036,0.410202722037292,full_event_available,0,1,,"8,9,13,18,19,20,23","0.75662,0.68184,0.31344,0.13055,0.16743,0.071441,0.82472",paper_formula,Full Bernoulli event probability uses selected probabilities and non-selected complement probabilities.
12,28,3,continue,bernoulli_full_event,34,1,33,1,0.260977816583914,0.260977816583914,full_event_available,0,1,,"27","0.23823",paper_formula,Full Bernoulli event probability uses selected probabilities and non-selected complement probabilities.
12,28,4,continue,bernoulli_full_event,30,3,27,0.00266749392674443,0.828212830399745,0.00220925269514313,full_event_available,0,1,,"3,17,45","0.85701,0.14642,0.004273",paper_formula,Full Bernoulli event probability uses selected probabilities and non-selected complement probabilities.
12,28,5,max_depth_reached,bernoulli_full_event,24,0,24,NaN,NaN,1,terminal_stage_probability_one,1,0,,"","",,Terminal recording stage excluded from Bernoulli complement product.
12,29,1,continue,bernoulli_full_event,45,1,44,0.843307042403769,0.373424344847703,0.314911379815082,full_event_available,0,1,,"11","0.79331",paper_formula,Full Bernoulli event probability uses selected probabilities and non-selected complement probabilities.
12,29,2,continue,bernoulli_full_event,44,5,39,0.000564206484904587,0.778626030000719,0.000439305855441919,full_event_available,0,1,,"1,4,13,19,27","0.88743,0.071817,0.451,0.0061094,0.79943",paper_formula,Full Bernoulli event probability uses selected probabilities and non-selected complement probabilities.
12,29,3,load_loss_threshold,bernoulli_full_event,32,0,32,NaN,NaN,1,terminal_stage_probability_one,1,0,,"","",,Terminal recording stage excluded from Bernoulli complement product.
12,30,1,continue,bernoulli_full_event,45,1,44,0.843307042403769,0.373424344847703,0.314911379815082,full_event_available,0,1,,"11","0.048014",paper_formula,Full Bernoulli event probability uses selected probabilities and non-selected complement probabilities.
12,30,2,continue,bernoulli_full_event,44,3,41,1,0.707946733200997,0.707946733200997,full_event_available,0,1,,"1,13,27","0.29823,0.6961,0.2395",paper_formula,Full Bernoulli event probability uses selected probabilities and non-selected complement probabilities.
12,30,3,load_loss_threshold,bernoulli_full_event,34,0,34,NaN,NaN,1,terminal_stage_probability_one,1,0,,"","",,Terminal recording stage excluded from Bernoulli complement product.
13,1,1,continue,bernoulli_full_event,45,2,43,0.996419058744059,0.439963455211204,0.438387971923332,full_event_available,0,1,,"19,23","0.71757,0.063766",paper_formula,Full Bernoulli event probability uses selected probabilities and non-selected complement probabilities.
13,1,2,continue,bernoulli_full_event,39,1,38,0.369201389342759,0.43883651729608,0.162019051880051,full_event_available,0,1,,"8","0.30296",paper_formula,Full Bernoulli event probability uses selected probabilities and non-selected complement probabilities.
13,1,3,continue,bernoulli_full_event,38,1,37,1,0.788612432369122,0.788612432369122,full_event_available,0,1,,"3","0.79884",paper_formula,Full Bernoulli event probability uses selected probabilities and non-selected complement probabilities.
13,1,4,continue,bernoulli_full_event,37,9,28,0.00648373108617306,0.835879180672288,0.00541961582800979,full_event_available,0,1,,"4,7,25,27,30,31,32,40,42","0.64707,0.91261,0.57559,0.11865,0.37573,0.34198,0.0058675,0.14231,0.13623",paper_formula,Full Bernoulli event probability uses selected probabilities and non-selected complement probabilities.
13,1,5,max_depth_reached,bernoulli_full_event,10,0,10,NaN,NaN,1,terminal_stage_probability_one,1,0,,"","",,Terminal recording stage excluded from Bernoulli complement product.
13,2,1,continue,bernoulli_full_event,45,4,41,0.00277391667771801,0.769264856896558,0.00213387661612772,full_event_available,0,1,,"9,19,23,31","0.10165,0.28672,0.5037,0.0024408",paper_formula,Full Bernoulli event probability uses selected probabilities and non-selected complement probabilities.
13,2,2,continue,bernoulli_full_event,37,1,36,0.579459056032896,0.66928163399755,0.387821303856375,full_event_available,0,1,,"14","0.080545",paper_formula,Full Bernoulli event probability uses selected probabilities and non-selected complement probabilities.
13,2,3,continue,bernoulli_full_event,36,3,33,0.598964121232674,0.551942990201601,0.330594048096636,full_event_available,0,1,,"3,6,17","0.51598,0.37928,7.1629e-05",paper_formula,Full Bernoulli event probability uses selected probabilities and non-selected complement probabilities.
13,2,4,load_loss_threshold,bernoulli_full_event,16,0,16,NaN,NaN,1,terminal_stage_probability_one,1,0,,"","",,Terminal recording stage excluded from Bernoulli complement product.
13,3,1,continue,bernoulli_full_event,45,3,42,0.422776166226928,0.764217560509982,0.323092970395705,full_event_available,0,1,,"9,19,23","0.37405,0.67442,0.31879",paper_formula,Full Bernoulli event probability uses selected probabilities and non-selected complement probabilities.
13,3,2,continue,bernoulli_full_event,38,2,36,0.00152412451670498,0.342734133735543,0.000522369495937984,full_event_available,0,1,,"8,43","0.16009,0.0034961",paper_formula,Full Bernoulli event probability uses selected probabilities and non-selected complement probabilities.
13,3,3,continue,bernoulli_full_event,36,2,34,1,0.804256940037137,0.804256940037137,full_event_available,0,1,,"3,6","0.30976,0.92993",paper_formula,Full Bernoulli event probability uses selected probabilities and non-selected complement probabilities.
13,3,4,no_new_outage,bernoulli_full_event,34,0,34,1,0.804256940037137,0.804256940037137,full_event_available,1,1,,"","",paper_formula,Full Bernoulli event probability uses selected probabilities and non-selected complement probabilities.
13,4,1,continue,bernoulli_full_event,45,2,43,0.996419058744059,0.439963455211204,0.438387971923332,full_event_available,0,1,,"19,23","0.92155,0.11339",paper_formula,Full Bernoulli event probability uses selected probabilities and non-selected complement probabilities.
13,4,2,continue,bernoulli_full_event,39,1,38,0.369201389342759,0.43883651729608,0.162019051880051,full_event_available,0,1,,"8","0.061214",paper_formula,Full Bernoulli event probability uses selected probabilities and non-selected complement probabilities.
13,4,3,continue,bernoulli_full_event,38,1,37,1,0.788612432369122,0.788612432369122,full_event_available,0,1,,"3","0.7979",paper_formula,Full Bernoulli event probability uses selected probabilities and non-selected complement probabilities.
13,4,4,continue,bernoulli_full_event,37,8,29,0.998286062532623,0.830450260013754,0.829026920198324,full_event_available,0,1,,"4,7,25,27,30,31,40,42","0.1614,0.35591,0.53161,0.70996,0.49017,0.62717,0.06492,0.16925",paper_formula,Full Bernoulli event probability uses selected probabilities and non-selected complement probabilities.
13,4,5,max_depth_reached,bernoulli_full_event,10,0,10,NaN,NaN,1,terminal_stage_probability_one,1,0,,"","",,Terminal recording stage excluded from Bernoulli complement product.
13,5,1,continue,bernoulli_full_event,45,3,42,0.422776166226928,0.764217560509982,0.323092970395705,full_event_available,0,1,,"9,19,23","0.41595,0.32199,0.53072",paper_formula,Full Bernoulli event probability uses selected probabilities and non-selected complement probabilities.
13,5,2,continue,bernoulli_full_event,38,1,37,0.571049538641434,0.606472587883294,0.346325891509432,full_event_available,0,1,,"14","0.25375",paper_formula,Full Bernoulli event probability uses selected probabilities and non-selected complement probabilities.
13,5,3,continue,bernoulli_full_event,37,3,34,0.487502851234897,0.61339460422986,0.299031618494158,full_event_available,0,1,,"3,6,17","0.048886,0.53318,0.44441",paper_formula,Full Bernoulli event probability uses selected probabilities and non-selected complement probabilities.
13,5,4,continue,bernoulli_full_event,28,1,27,1,0.488677954559694,0.488677954559694,full_event_available,0,1,,"42","0.59957",paper_formula,Full Bernoulli event probability uses selected probabilities and non-selected complement probabilities.
13,5,5,max_depth_reached,bernoulli_full_event,17,0,17,NaN,NaN,1,terminal_stage_probability_one,1,0,,"","",,Terminal recording stage excluded from Bernoulli complement product.
13,6,1,continue,bernoulli_full_event,45,3,42,0.422776166226928,0.764217560509982,0.323092970395705,full_event_available,0,1,,"9,19,23","0.30062,0.16226,0.31227",paper_formula,Full Bernoulli event probability uses selected probabilities and non-selected complement probabilities.
13,6,2,continue,bernoulli_full_event,38,1,37,0.571049538641434,0.606472587883294,0.346325891509432,full_event_available,0,1,,"14","0.36312",paper_formula,Full Bernoulli event probability uses selected probabilities and non-selected complement probabilities.
13,6,3,continue,bernoulli_full_event,37,3,34,0.242313227881393,0.414898342301391,0.100535356565689,full_event_available,0,1,,"3,6,16","0.33539,0.80599,0.10934",paper_formula,Full Bernoulli event probability uses selected probabilities and non-selected complement probabilities.
13,6,4,continue,bernoulli_full_event,29,1,28,1,0.48542181167816,0.48542181167816,full_event_available,0,1,,"42","0.02818",paper_formula,Full Bernoulli event probability uses selected probabilities and non-selected complement probabilities.
13,6,5,max_depth_reached,bernoulli_full_event,17,0,17,NaN,NaN,1,terminal_stage_probability_one,1,0,,"","",,Terminal recording stage excluded from Bernoulli complement product.
13,7,1,continue,bernoulli_full_event,45,3,42,0.422776166226928,0.764217560509982,0.323092970395705,full_event_available,0,1,,"9,19,23","0.39133,0.14273,0.50596",paper_formula,Full Bernoulli event probability uses selected probabilities and non-selected complement probabilities.
13,7,2,continue,bernoulli_full_event,38,2,36,0.13478674211149,0.793846952488557,0.107000044461067,full_event_available,0,1,,"8,14","0.021984,0.25422",paper_formula,Full Bernoulli event probability uses selected probabilities and non-selected complement probabilities.
13,7,3,continue,bernoulli_full_event,36,1,35,1,0.443673634968122,0.443673634968122,full_event_available,0,1,,"27","0.35302",paper_formula,Full Bernoulli event probability uses selected probabilities and non-selected complement probabilities.
13,7,4,continue,bernoulli_full_event,32,1,31,1,0.818813196781763,0.818813196781763,full_event_available,0,1,,"3","0.8426",paper_formula,Full Bernoulli event probability uses selected probabilities and non-selected complement probabilities.
13,7,5,max_depth_reached,bernoulli_full_event,31,0,31,NaN,NaN,1,terminal_stage_probability_one,1,0,,"","",,Terminal recording stage excluded from Bernoulli complement product.
13,8,1,continue,bernoulli_full_event,45,4,41,4.1108710935679e-05,0.44567156570777,1.83209835669322e-05,full_event_available,0,1,,"19,23,26,31","0.47921,0.11238,0.0023179,0.0053924",paper_formula,Full Bernoulli event probability uses selected probabilities and non-selected complement probabilities.
13,8,2,continue,bernoulli_full_event,37,1,36,0.514338523781694,0.794035172354458,0.408402878379534,full_event_available,0,1,,"14","0.49839",paper_formula,Full Bernoulli event probability uses selected probabilities and non-selected complement probabilities.
13,8,3,continue,bernoulli_full_event,36,2,34,0.342101647847689,0.532042125742847,0.182012487941015,full_event_available,0,1,,"3,25","0.81087,0.11887",paper_formula,Full Bernoulli event probability uses selected probabilities and non-selected complement probabilities.
13,8,4,load_loss_threshold,bernoulli_full_event,0,0,0,NaN,NaN,1,terminal_stage_probability_one,1,0,,"","",,Terminal recording stage excluded from Bernoulli complement product.
13,9,1,continue,bernoulli_full_event,45,3,42,0.422776166226928,0.764217560509982,0.323092970395705,full_event_available,0,1,,"9,19,23","0.31512,0.73433,0.046343",paper_formula,Full Bernoulli event probability uses selected probabilities and non-selected complement probabilities.
13,9,2,continue,bernoulli_full_event,38,1,37,0.006009750625,0.261719565697387,0.0015728693235246,full_event_available,0,1,,"44","0.0040178",paper_formula,Full Bernoulli event probability uses selected probabilities and non-selected complement probabilities.
13,9,3,continue,bernoulli_full_event,37,1,36,0.609342513549381,0.588609935315089,0.358665057485035,full_event_available,0,1,,"14","0.204",paper_formula,Full Bernoulli event probability uses selected probabilities and non-selected complement probabilities.
13,9,4,continue,bernoulli_full_event,36,4,32,0.00200130070903019,0.349312839099554,0.000699080032563287,full_event_available,0,1,,"3,6,16,42","0.8803,0.91,0.23247,0.0047123",paper_formula,Full Bernoulli event probability uses selected probabilities and non-selected complement probabilities.
13,9,5,max_depth_reached,bernoulli_full_event,17,0,17,NaN,NaN,1,terminal_stage_probability_one,1,0,,"","",,Terminal recording stage excluded from Bernoulli complement product.
13,10,1,continue,bernoulli_full_event,45,3,42,0.422776166226928,0.764217560509982,0.323092970395705,full_event_available,0,1,,"9,19,23","0.2286,0.32206,0.43261",paper_formula,Full Bernoulli event probability uses selected probabilities and non-selected complement probabilities.
13,10,2,no_new_outage,bernoulli_full_event,38,0,38,1,0.260146696373862,0.260146696373862,full_event_available,1,1,,"","",paper_formula,Full Bernoulli event probability uses selected probabilities and non-selected complement probabilities.
13,11,1,continue,bernoulli_full_event,45,2,43,0.996419058744059,0.439963455211204,0.438387971923332,full_event_available,0,1,,"19,23","0.36218,0.22641",paper_formula,Full Bernoulli event probability uses selected probabilities and non-selected complement probabilities.
13,11,2,continue,bernoulli_full_event,39,1,38,0.443532796943904,0.497455131040534,0.220637665624504,full_event_available,0,1,,"14","0.27524",paper_formula,Full Bernoulli event probability uses selected probabilities and non-selected complement probabilities.
13,11,3,continue,bernoulli_full_event,38,2,36,0.883270879844815,0.794065229405956,0.701374693831573,full_event_available,0,1,,"3,6","0.79771,0.6117",paper_formula,Full Bernoulli event probability uses selected probabilities and non-selected complement probabilities.
13,11,4,continue,bernoulli_full_event,36,5,31,0.0060004451132476,0.816222923444354,0.00489770085230235,full_event_available,0,1,,"9,25,27,33,42","0.3907,0.68337,0.90187,0.00084331,0.33451",paper_formula,Full Bernoulli event probability uses selected probabilities and non-selected complement probabilities.
13,11,5,max_depth_reached,bernoulli_full_event,0,0,0,NaN,NaN,1,terminal_stage_probability_one,1,0,,"","",,Terminal recording stage excluded from Bernoulli complement product.
13,12,1,continue,bernoulli_full_event,45,3,42,0.422776166226928,0.764217560509982,0.323092970395705,full_event_available,0,1,,"9,19,23","0.17993,0.7994,0.021877",paper_formula,Full Bernoulli event probability uses selected probabilities and non-selected complement probabilities.
13,12,2,continue,bernoulli_full_event,38,1,37,0.571049538641434,0.606472587883294,0.346325891509432,full_event_available,0,1,,"14","0.25436",paper_formula,Full Bernoulli event probability uses selected probabilities and non-selected complement probabilities.
13,12,3,continue,bernoulli_full_event,37,4,33,0.118128389484111,0.809562244982469,0.09563228418692,full_event_available,0,1,,"3,6,16,17","0.19759,0.45189,0.043551,0.24827",paper_formula,Full Bernoulli event probability uses selected probabilities and non-selected complement probabilities.
13,12,4,continue,bernoulli_full_event,28,1,27,1,0.488677954559694,0.488677954559694,full_event_available,0,1,,"42","0.64516",paper_formula,Full Bernoulli event probability uses selected probabilities and non-selected complement probabilities.
13,12,5,max_depth_reached,bernoulli_full_event,17,0,17,NaN,NaN,1,terminal_stage_probability_one,1,0,,"","",,Terminal recording stage excluded from Bernoulli complement product.
13,13,1,continue,bernoulli_full_event,45,3,42,0.422776166226928,0.764217560509982,0.323092970395705,full_event_available,0,1,,"9,19,23","0.19953,0.76872,0.91017",paper_formula,Full Bernoulli event probability uses selected probabilities and non-selected complement probabilities.
13,13,2,no_new_outage,bernoulli_full_event,38,0,38,1,0.260146696373862,0.260146696373862,full_event_available,1,1,,"","",paper_formula,Full Bernoulli event probability uses selected probabilities and non-selected complement probabilities.
13,14,1,continue,bernoulli_full_event,45,3,42,0.422776166226928,0.764217560509982,0.323092970395705,full_event_available,0,1,,"9,19,23","0.18467,0.63663,0.33164",paper_formula,Full Bernoulli event probability uses selected probabilities and non-selected complement probabilities.
13,14,2,no_new_outage,bernoulli_full_event,38,0,38,1,0.260146696373862,0.260146696373862,full_event_available,1,1,,"","",paper_formula,Full Bernoulli event probability uses selected probabilities and non-selected complement probabilities.
13,15,1,continue,bernoulli_full_event,45,4,41,0.00271196994957063,0.769151413662439,0.0020859155205223,full_event_available,0,1,,"7,9,19,23","0.00072776,0.0054983,0.92451,0.92849",paper_formula,Full Bernoulli event probability uses selected probabilities and non-selected complement probabilities.
13,15,2,continue,bernoulli_full_event,37,2,35,0.0818821580902944,0.798972095499521,0.0654215594334256,full_event_available,0,1,,"8,14","0.082103,0.48651",paper_formula,Full Bernoulli event probability uses selected probabilities and non-selected complement probabilities.
13,15,3,continue,bernoulli_full_event,35,3,32,0.999394962703719,0.449084834978093,0.448813121903737,full_event_available,0,1,,"3,4,27","0.42032,0.8952,0.87426",paper_formula,Full Bernoulli event probability uses selected probabilities and non-selected complement probabilities.
13,15,4,load_loss_threshold,bernoulli_full_event,19,0,19,NaN,NaN,1,terminal_stage_probability_one,1,0,,"","",,Terminal recording stage excluded from Bernoulli complement product.
13,16,1,continue,bernoulli_full_event,45,2,43,0.996419058744059,0.439963455211204,0.438387971923332,full_event_available,0,1,,"19,23","0.48932,0.70918",paper_formula,Full Bernoulli event probability uses selected probabilities and non-selected complement probabilities.
13,16,2,continue,bernoulli_full_event,39,1,38,0.00641467085,0.278604622365795,0.00178715694976512,full_event_available,0,1,,"7","0.0028448",paper_formula,Full Bernoulli event probability uses selected probabilities and non-selected complement probabilities.
13,16,3,continue,bernoulli_full_event,38,1,37,0.0065275337,0.269683207460008,0.00176036622501929,full_event_available,0,1,,"6","0.00090382",paper_formula,Full Bernoulli event probability uses selected probabilities and non-selected complement probabilities.
13,16,4,continue,bernoulli_full_event,37,1,36,0.829059503453134,0.48313699049595,0.400549313440414,full_event_available,0,1,,"14","0.28691",paper_formula,Full Bernoulli event probability uses selected probabilities and non-selected complement probabilities.
13,16,5,max_depth_reached,bernoulli_full_event,36,0,36,NaN,NaN,1,terminal_stage_probability_one,1,0,,"","",,Terminal recording stage excluded from Bernoulli complement product.
13,17,1,continue,bernoulli_full_event,45,2,43,0.996419058744059,0.439963455211204,0.438387971923332,full_event_available,0,1,,"19,23","0.665,0.11809",paper_formula,Full Bernoulli event probability uses selected probabilities and non-selected complement probabilities.
13,17,2,continue,bernoulli_full_event,39,2,37,0.00277002934027769,0.500581450706657,0.00138662530565621,full_event_available,0,1,,"12,14","0.0030072,0.3463",paper_formula,Full Bernoulli event probability uses selected probabilities and non-selected complement probabilities.
13,17,3,continue,bernoulli_full_event,37,2,35,0.91275524975901,0.799055632736772,0.729342223629996,full_event_available,0,1,,"3,6","0.50074,0.38858",paper_formula,Full Bernoulli event probability uses selected probabilities and non-selected complement probabilities.
13,17,4,continue,bernoulli_full_event,35,4,31,0.999201557439112,0.77833045674801,0.777709004584907,full_event_available,0,1,,"9,25,27,42","0.39476,0.033311,0.83602,0.68432",paper_formula,Full Bernoulli event probability uses selected probabilities and non-selected complement probabilities.
13,17,5,max_depth_reached,bernoulli_full_event,0,0,0,NaN,NaN,1,terminal_stage_probability_one,1,0,,"","",,Terminal recording stage excluded from Bernoulli complement product.
13,18,1,continue,bernoulli_full_event,45,2,43,0.996419058744059,0.439963455211204,0.438387971923332,full_event_available,0,1,,"19,23","0.10203,0.55644",paper_formula,Full Bernoulli event probability uses selected probabilities and non-selected complement probabilities.
13,18,2,no_new_outage,bernoulli_full_event,39,0,39,1,0.27681746541603,0.27681746541603,full_event_available,1,1,,"","",paper_formula,Full Bernoulli event probability uses selected probabilities and non-selected complement probabilities.
13,19,1,continue,bernoulli_full_event,45,2,43,0.996419058744059,0.439963455211204,0.438387971923332,full_event_available,0,1,,"19,23","0.49116,0.64107",paper_formula,Full Bernoulli event probability uses selected probabilities and non-selected complement probabilities.
13,19,2,continue,bernoulli_full_event,39,1,38,0.443532796943904,0.497455131040534,0.220637665624504,full_event_available,0,1,,"14","0.11477",paper_formula,Full Bernoulli event probability uses selected probabilities and non-selected complement probabilities.
13,19,3,continue,bernoulli_full_event,38,3,35,0.00530823772219167,0.798866216147741,0.00424057178353997,full_event_available,0,1,,"3,6,34","0.8745,0.84983,0.00045671",paper_formula,Full Bernoulli event probability uses selected probabilities and non-selected complement probabilities.
13,19,4,continue,bernoulli_full_event,35,7,28,0.00603098124738164,0.776539507644101,0.00468329520845254,full_event_available,0,1,,"2,16,17,25,31,40,42","0.0014221,0.13622,0.17918,0.92791,0.64066,0.75624,0.34161",paper_formula,Full Bernoulli event probability uses selected probabilities and non-selected complement probabilities.
13,19,5,max_depth_reached,bernoulli_full_event,13,0,13,NaN,NaN,1,terminal_stage_probability_one,1,0,,"","",,Terminal recording stage excluded from Bernoulli complement product.
13,20,1,continue,bernoulli_full_event,45,3,42,0.422776166226928,0.764217560509982,0.323092970395705,full_event_available,0,1,,"9,19,23","0.14835,0.72144,0.86003",paper_formula,Full Bernoulli event probability uses selected probabilities and non-selected complement probabilities.
13,20,2,continue,bernoulli_full_event,38,2,36,0.0014741172259877,0.342661063899701,0.000505122576969821,full_event_available,0,1,,"8,12","0.050994,0.0017585",paper_formula,Full Bernoulli event probability uses selected probabilities and non-selected complement probabilities.
13,20,3,continue,bernoulli_full_event,36,4,32,1,0.814727956555647,0.814727956555647,full_event_available,0,1,,"3,6,10,11","0.2212,0.33439,0.19418,0.86888",paper_formula,Full Bernoulli event probability uses selected probabilities and non-selected complement probabilities.
13,20,4,load_loss_threshold,bernoulli_full_event,31,0,31,NaN,NaN,1,terminal_stage_probability_one,1,0,,"","",,Terminal recording stage excluded from Bernoulli complement product.
13,21,1,continue,bernoulli_full_event,45,2,43,0.996419058744059,0.439963455211204,0.438387971923332,full_event_available,0,1,,"19,23","0.59107,0.18841",paper_formula,Full Bernoulli event probability uses selected probabilities and non-selected complement probabilities.
13,21,2,continue,bernoulli_full_event,39,1,38,0.443532796943904,0.497455131040534,0.220637665624504,full_event_available,0,1,,"14","0.34558",paper_formula,Full Bernoulli event probability uses selected probabilities and non-selected complement probabilities.
13,21,3,continue,bernoulli_full_event,38,2,36,0.883270879844815,0.794065229405956,0.701374693831573,full_event_available,0,1,,"3,6","0.53167,0.62387",paper_formula,Full Bernoulli event probability uses selected probabilities and non-selected complement probabilities.
13,21,4,continue,bernoulli_full_event,36,4,32,0.998451597689647,0.811317627220045,0.810061381131627,full_event_available,0,1,,"9,25,27,42","0.50297,0.91503,0.31017,0.91743",paper_formula,Full Bernoulli event probability uses selected probabilities and non-selected complement probabilities.
13,21,5,max_depth_reached,bernoulli_full_event,0,0,0,NaN,NaN,1,terminal_stage_probability_one,1,0,,"","",,Terminal recording stage excluded from Bernoulli complement product.
13,22,1,continue,bernoulli_full_event,45,2,43,0.996419058744059,0.439963455211204,0.438387971923332,full_event_available,0,1,,"19,23","0.46206,0.43116",paper_formula,Full Bernoulli event probability uses selected probabilities and non-selected complement probabilities.
13,22,2,continue,bernoulli_full_event,39,2,37,0.163752924850769,0.788611646627164,0.129137463706579,full_event_available,0,1,,"8,14","0.36669,0.14155",paper_formula,Full Bernoulli event probability uses selected probabilities and non-selected complement probabilities.
13,22,3,continue,bernoulli_full_event,37,1,36,1,0.793368597686523,0.793368597686523,full_event_available,0,1,,"27","0.25365",paper_formula,Full Bernoulli event probability uses selected probabilities and non-selected complement probabilities.
13,22,4,continue,bernoulli_full_event,33,2,31,0.00656119455,0.818785452799905,0.00537221065053002,full_event_available,0,1,,"3,31","0.30659,0.005296",paper_formula,Full Bernoulli event probability uses selected probabilities and non-selected complement probabilities.
13,22,5,max_depth_reached,bernoulli_full_event,17,0,17,NaN,NaN,1,terminal_stage_probability_one,1,0,,"","",,Terminal recording stage excluded from Bernoulli complement product.
13,23,1,continue,bernoulli_full_event,45,2,43,0.996419058744059,0.439963455211204,0.438387971923332,full_event_available,0,1,,"19,23","0.82373,0.9841",paper_formula,Full Bernoulli event probability uses selected probabilities and non-selected complement probabilities.
13,23,2,continue,bernoulli_full_event,39,2,37,0.00286399857153869,0.50068819585013,0.00143397027770106,full_event_available,0,1,,"14,43","0.31447,0.0012276",paper_formula,Full Bernoulli event probability uses selected probabilities and non-selected complement probabilities.
13,23,3,continue,bernoulli_full_event,37,2,35,0.858832002721676,0.799226025203451,0.686400887852764,full_event_available,0,1,,"3,6","0.052173,0.2483",paper_formula,Full Bernoulli event probability uses selected probabilities and non-selected complement probabilities.
13,23,4,continue,bernoulli_full_event,35,6,29,3.76680530154843e-05,0.830213637285873,3.12725313034623e-05,full_event_available,0,1,,"9,25,26,27,42,44","0.0025174,0.77148,0.0020621,0.86892,0.44576,0.0010201",paper_formula,Full Bernoulli event probability uses selected probabilities and non-selected complement probabilities.
13,23,5,max_depth_reached,bernoulli_full_event,0,0,0,NaN,NaN,1,terminal_stage_probability_one,1,0,,"","",,Terminal recording stage excluded from Bernoulli complement product.
13,24,1,continue,bernoulli_full_event,45,3,42,0.422776166226928,0.764217560509982,0.323092970395705,full_event_available,0,1,,"9,19,23","0.35747,0.91504,0.76433",paper_formula,Full Bernoulli event probability uses selected probabilities and non-selected complement probabilities.
13,24,2,continue,bernoulli_full_event,38,2,36,0.13478674211149,0.793846952488557,0.107000044461067,full_event_available,0,1,,"8,14","0.052426,0.43493",paper_formula,Full Bernoulli event probability uses selected probabilities and non-selected complement probabilities.
13,24,3,continue,bernoulli_full_event,36,3,33,0.00284863976551455,0.808832589837697,0.00230407267905578,full_event_available,0,1,,"3,26,27","0.0058916,0.34065,0.84995",paper_formula,Full Bernoulli event probability uses selected probabilities and non-selected complement probabilities.
13,24,4,load_loss_threshold,bernoulli_full_event,0,0,0,NaN,NaN,1,terminal_stage_probability_one,1,0,,"","",,Terminal recording stage excluded from Bernoulli complement product.
13,25,1,continue,bernoulli_full_event,45,2,43,0.996419058744059,0.439963455211204,0.438387971923332,full_event_available,0,1,,"19,23","0.89912,0.86378",paper_formula,Full Bernoulli event probability uses selected probabilities and non-selected complement probabilities.
13,25,2,continue,bernoulli_full_event,39,3,36,0.00107992686071789,0.793846952488557,0.00085729664729143,full_event_available,0,1,,"8,9,14","0.24976,0.00054969,0.29421",paper_formula,Full Bernoulli event probability uses selected probabilities and non-selected complement probabilities.
13,25,3,continue,bernoulli_full_event,36,1,35,1,0.443673634968122,0.443673634968122,full_event_available,0,1,,"27","0.70744",paper_formula,Full Bernoulli event probability uses selected probabilities and non-selected complement probabilities.
13,25,4,continue,bernoulli_full_event,32,1,31,1,0.818813196781763,0.818813196781763,full_event_available,0,1,,"3","0.85791",paper_formula,Full Bernoulli event probability uses selected probabilities and non-selected complement probabilities.
13,25,5,max_depth_reached,bernoulli_full_event,31,0,31,NaN,NaN,1,terminal_stage_probability_one,1,0,,"","",,Terminal recording stage excluded from Bernoulli complement product.
13,26,1,continue,bernoulli_full_event,45,4,41,0.00273540925211288,0.769194334194283,0.00210406129842785,full_event_available,0,1,,"9,19,23,40","0.1419,0.80472,0.6022,0.0033272",paper_formula,Full Bernoulli event probability uses selected probabilities and non-selected complement probabilities.
13,26,2,continue,bernoulli_full_event,37,3,34,0.33804548516692,0.804130329370587,0.271832627329515,full_event_available,0,1,,"3,8,14","0.24532,0.43263,0.39198",paper_formula,Full Bernoulli event probability uses selected probabilities and non-selected complement probabilities.
13,26,3,load_loss_threshold,bernoulli_full_event,23,0,23,NaN,NaN,1,terminal_stage_probability_one,1,0,,"","",,Terminal recording stage excluded from Bernoulli complement product.
13,27,1,continue,bernoulli_full_event,45,2,43,0.996419058744059,0.439963455211204,0.438387971923332,full_event_available,0,1,,"19,23","0.57164,0.71456",paper_formula,Full Bernoulli event probability uses selected probabilities and non-selected complement probabilities.
13,27,2,no_new_outage,bernoulli_full_event,39,0,39,1,0.27681746541603,0.27681746541603,full_event_available,1,1,,"","",paper_formula,Full Bernoulli event probability uses selected probabilities and non-selected complement probabilities.
13,28,1,continue,bernoulli_full_event,45,2,43,0.996419058744059,0.439963455211204,0.438387971923332,full_event_available,0,1,,"19,23","0.86326,0.39085",paper_formula,Full Bernoulli event probability uses selected probabilities and non-selected complement probabilities.
13,28,2,no_new_outage,bernoulli_full_event,39,0,39,1,0.27681746541603,0.27681746541603,full_event_available,1,1,,"","",paper_formula,Full Bernoulli event probability uses selected probabilities and non-selected complement probabilities.
13,29,1,continue,bernoulli_full_event,45,3,42,0.422776166226928,0.764217560509982,0.323092970395705,full_event_available,0,1,,"9,19,23","0.35011,0.44752,0.35139",paper_formula,Full Bernoulli event probability uses selected probabilities and non-selected complement probabilities.
13,29,2,continue,bernoulli_full_event,38,1,37,0.571049538641434,0.606472587883294,0.346325891509432,full_event_available,0,1,,"14","0.53015",paper_formula,Full Bernoulli event probability uses selected probabilities and non-selected complement probabilities.
13,29,3,continue,bernoulli_full_event,37,3,34,0.487502851234897,0.61339460422986,0.299031618494158,full_event_available,0,1,,"3,6,17","0.58786,0.34662,0.26091",paper_formula,Full Bernoulli event probability uses selected probabilities and non-selected complement probabilities.
13,29,4,continue,bernoulli_full_event,28,2,26,0.422681533041668,0.846461671552531,0.357783716992837,full_event_available,0,1,,"40,42","0.060199,0.074919",paper_formula,Full Bernoulli event probability uses selected probabilities and non-selected complement probabilities.
13,29,5,max_depth_reached,bernoulli_full_event,17,0,17,NaN,NaN,1,terminal_stage_probability_one,1,0,,"","",,Terminal recording stage excluded from Bernoulli complement product.
13,30,1,continue,bernoulli_full_event,45,2,43,0.996419058744059,0.439963455211204,0.438387971923332,full_event_available,0,1,,"19,23","0.57842,0.40366",paper_formula,Full Bernoulli event probability uses selected probabilities and non-selected complement probabilities.
13,30,2,continue,bernoulli_full_event,39,1,38,0.443532796943904,0.497455131040534,0.220637665624504,full_event_available,0,1,,"14","0.33406",paper_formula,Full Bernoulli event probability uses selected probabilities and non-selected complement probabilities.
13,30,3,continue,bernoulli_full_event,38,3,35,0.00567551102837539,0.79920054133544,0.00453587148623287,full_event_available,0,1,,"3,6,39","0.24801,0.72586,0.0050498",paper_formula,Full Bernoulli event probability uses selected probabilities and non-selected complement probabilities.
13,30,4,continue,bernoulli_full_event,35,7,28,0.996306859052602,0.835879195175078,0.832792175492299,full_event_available,0,1,,"16,17,25,27,31,40,42","0.56176,0.4408,0.77538,0.71838,0.51876,0.018242,0.49691",paper_formula,Full Bernoulli event probability uses selected probabilities and non-selected complement probabilities.
13,30,5,max_depth_reached,bernoulli_full_event,9,0,9,NaN,NaN,1,terminal_stage_probability_one,1,0,,"","",,Terminal recording stage excluded from Bernoulli complement product.
14,1,1,continue,bernoulli_full_event,45,1,44,1,0.753983135070439,0.753983135070439,full_event_available,0,1,,"3","0.13369",paper_formula,Full Bernoulli event probability uses selected probabilities and non-selected complement probabilities.
14,1,2,continue,bernoulli_full_event,44,2,42,1,0.763921378759587,0.763921378759587,full_event_available,0,1,,"40,42","0.066589,0.65658",paper_formula,Full Bernoulli event probability uses selected probabilities and non-selected complement probabilities.
14,1,3,continue,bernoulli_full_event,38,3,35,1,0.0742632634140224,0.0742632634140224,full_event_available,0,1,,"1,16,17","0.29162,0.41964,0.71324",paper_formula,Full Bernoulli event probability uses selected probabilities and non-selected complement probabilities.
14,1,4,load_loss_threshold,bernoulli_full_event,31,0,31,NaN,NaN,1,terminal_stage_probability_one,1,0,,"","",,Terminal recording stage excluded from Bernoulli complement product.
14,2,1,continue,bernoulli_full_event,45,1,44,1,0.753983135070439,0.753983135070439,full_event_available,0,1,,"3","0.30011",paper_formula,Full Bernoulli event probability uses selected probabilities and non-selected complement probabilities.
14,2,2,continue,bernoulli_full_event,44,2,42,1,0.763921378759587,0.763921378759587,full_event_available,0,1,,"40,42","0.7213,0.38907",paper_formula,Full Bernoulli event probability uses selected probabilities and non-selected complement probabilities.
14,2,3,continue,bernoulli_full_event,38,5,33,0.364623592649521,0.808805233241651,0.294909469898304,full_event_available,0,1,,"1,16,17,20,27","0.2337,0.72797,0.99537,0.32184,0.26705",paper_formula,Full Bernoulli event probability uses selected probabilities and non-selected complement probabilities.
14,2,4,load_loss_threshold,bernoulli_full_event,0,0,0,NaN,NaN,1,terminal_stage_probability_one,1,0,,"","",,Terminal recording stage excluded from Bernoulli complement product.
14,3,1,continue,bernoulli_full_event,45,1,44,1,0.753983135070439,0.753983135070439,full_event_available,0,1,,"3","0.070999",paper_formula,Full Bernoulli event probability uses selected probabilities and non-selected complement probabilities.
14,3,2,continue,bernoulli_full_event,44,4,40,4.13975801147568e-05,0.773851828671256,3.20355930743694e-05,full_event_available,0,1,,"12,30,40,42","0.0060776,0.0065747,0.78882,0.69079",paper_formula,Full Bernoulli event probability uses selected probabilities and non-selected complement probabilities.
14,3,3,continue,bernoulli_full_event,36,6,30,0.836142231589277,0.824758303993254,0.689615248822707,full_event_available,0,1,,"1,9,16,17,20,27","0.12224,0.03869,0.74231,0.33468,0.31514,0.78046",paper_formula,Full Bernoulli event probability uses selected probabilities and non-selected complement probabilities.
14,3,4,load_loss_threshold,bernoulli_full_event,0,0,0,NaN,NaN,1,terminal_stage_probability_one,1,0,,"","",,Terminal recording stage excluded from Bernoulli complement product.
14,4,1,continue,bernoulli_full_event,45,2,43,0.00656119455,0.758962837906162,0.00497970283572244,full_event_available,0,1,,"3,31","0.86409,0.00064817",paper_formula,Full Bernoulli event probability uses selected probabilities and non-selected complement probabilities.
14,4,2,continue,bernoulli_full_event,43,5,38,3.96851302233217e-05,0.679014176866007,2.69467660324091e-05,full_event_available,0,1,,"16,17,18,20,22","0.95826,0.59057,0.0031501,0.06897,0.00017165",paper_formula,Full Bernoulli event probability uses selected probabilities and non-selected complement probabilities.
14,4,3,load_loss_threshold,bernoulli_full_event,0,0,0,NaN,NaN,1,terminal_stage_probability_one,1,0,,"","",,Terminal recording stage excluded from Bernoulli complement product.
14,5,1,continue,bernoulli_full_event,45,1,44,1,0.753983135070439,0.753983135070439,full_event_available,0,1,,"3","0.63008",paper_formula,Full Bernoulli event probability uses selected probabilities and non-selected complement probabilities.
14,5,2,continue,bernoulli_full_event,44,2,42,1,0.763921378759587,0.763921378759587,full_event_available,0,1,,"40,42","0.50129,0.14028",paper_formula,Full Bernoulli event probability uses selected probabilities and non-selected complement probabilities.
14,5,3,continue,bernoulli_full_event,38,5,33,0.364623592649521,0.808805233241651,0.294909469898304,full_event_available,0,1,,"1,16,17,20,27","0.5639,0.5277,0.95677,0.27064,0.69615",paper_formula,Full Bernoulli event probability uses selected probabilities and non-selected complement probabilities.
14,5,4,load_loss_threshold,bernoulli_full_event,0,0,0,NaN,NaN,1,terminal_stage_probability_one,1,0,,"","",,Terminal recording stage excluded from Bernoulli complement product.
14,6,1,continue,bernoulli_full_event,45,1,44,1,0.753983135070439,0.753983135070439,full_event_available,0,1,,"3","0.54813",paper_formula,Full Bernoulli event probability uses selected probabilities and non-selected complement probabilities.
14,6,2,continue,bernoulli_full_event,44,3,41,0.00641467085,0.768853319737633,0.00493194097804673,full_event_available,0,1,,"7,40,42","0.0042532,0.62376,0.0158",paper_formula,Full Bernoulli event probability uses selected probabilities and non-selected complement probabilities.
14,6,3,continue,bernoulli_full_event,37,5,32,0.702427092439932,0.814026948177238,0.571794582375888,full_event_available,0,1,,"1,16,17,20,27","0.5895,0.54045,0.76638,0.80594,0.49367",paper_formula,Full Bernoulli event probability uses selected probabilities and non-selected complement probabilities.
14,6,4,load_loss_threshold,bernoulli_full_event,0,0,0,NaN,NaN,1,terminal_stage_probability_one,1,0,,"","",,Terminal recording stage excluded from Bernoulli complement product.
14,7,1,continue,bernoulli_full_event,45,2,43,0.0064324913,0.758864524522307,0.00488138945186838,full_event_available,0,1,,"3,45","0.52336,0.0052606",paper_formula,Full Bernoulli event probability uses selected probabilities and non-selected complement probabilities.
14,7,2,continue,bernoulli_full_event,43,2,41,1,0.768867109753935,0.768867109753935,full_event_available,0,1,,"40,42","0.74903,0.68776",paper_formula,Full Bernoulli event probability uses selected probabilities and non-selected complement probabilities.
14,7,3,continue,bernoulli_full_event,38,6,32,0.00236781924877618,0.814091842152813,0.00192762233412109,full_event_available,0,1,,"1,16,17,20,27,35","0.16745,0.37061,0.62148,0.14413,0.57943,0.00078336",paper_formula,Full Bernoulli event probability uses selected probabilities and non-selected complement probabilities.
14,7,4,load_loss_threshold,bernoulli_full_event,0,0,0,NaN,NaN,1,terminal_stage_probability_one,1,0,,"","",,Terminal recording stage excluded from Bernoulli complement product.
14,8,1,continue,bernoulli_full_event,45,1,44,1,0.753983135070439,0.753983135070439,full_event_available,0,1,,"3","0.93749",paper_formula,Full Bernoulli event probability uses selected probabilities and non-selected complement probabilities.
14,8,2,continue,bernoulli_full_event,44,2,42,1,0.763921378759587,0.763921378759587,full_event_available,0,1,,"40,42","0.49956,0.8677",paper_formula,Full Bernoulli event probability uses selected probabilities and non-selected complement probabilities.
14,8,3,continue,bernoulli_full_event,38,4,34,0.83736181810864,0.45661641411873,0.382353150704707,full_event_available,0,1,,"1,16,17,27","0.090657,0.72781,0.73117,0.64455",paper_formula,Full Bernoulli event probability uses selected probabilities and non-selected complement probabilities.
14,8,4,load_loss_threshold,bernoulli_full_event,27,0,27,NaN,NaN,1,terminal_stage_probability_one,1,0,,"","",,Terminal recording stage excluded from Bernoulli complement product.
14,9,1,continue,bernoulli_full_event,45,1,44,1,0.753983135070439,0.753983135070439,full_event_available,0,1,,"3","0.31488",paper_formula,Full Bernoulli event probability uses selected probabilities and non-selected complement probabilities.
14,9,2,continue,bernoulli_full_event,44,3,41,0.00648199255,0.768905417950396,0.0049840391908091,full_event_available,0,1,,"13,40,42","0.0046764,0.58661,0.079671",paper_formula,Full Bernoulli event probability uses selected probabilities and non-selected complement probabilities.
14,9,3,continue,bernoulli_full_event,37,8,29,0.0483185521981756,0.585600549413526,0.0282953707141178,full_event_available,0,1,,"1,9,16,17,19,20,23,27","0.41035,0.15063,0.5278,0.088776,0.25826,0.020423,0.73008,0.23854",paper_formula,Full Bernoulli event probability uses selected probabilities and non-selected complement probabilities.
14,9,4,load_loss_threshold,bernoulli_full_event,0,0,0,NaN,NaN,1,terminal_stage_probability_one,1,0,,"","",,Terminal recording stage excluded from Bernoulli complement product.
14,10,1,continue,bernoulli_full_event,45,1,44,1,0.753983135070439,0.753983135070439,full_event_available,0,1,,"3","0.89613",paper_formula,Full Bernoulli event probability uses selected probabilities and non-selected complement probabilities.
14,10,2,continue,bernoulli_full_event,44,2,42,1,0.763921378759587,0.763921378759587,full_event_available,0,1,,"40,42","0.20993,0.76686",paper_formula,Full Bernoulli event probability uses selected probabilities and non-selected complement probabilities.
14,10,3,continue,bernoulli_full_event,38,3,35,1,0.0742632634140224,0.0742632634140224,full_event_available,0,1,,"1,16,17","0.44817,0.95063,0.53684",paper_formula,Full Bernoulli event probability uses selected probabilities and non-selected complement probabilities.
14,10,4,load_loss_threshold,bernoulli_full_event,31,0,31,NaN,NaN,1,terminal_stage_probability_one,1,0,,"","",,Terminal recording stage excluded from Bernoulli complement product.
14,11,1,continue,bernoulli_full_event,45,1,44,1,0.753983135070439,0.753983135070439,full_event_available,0,1,,"3","0.51239",paper_formula,Full Bernoulli event probability uses selected probabilities and non-selected complement probabilities.
14,11,2,continue,bernoulli_full_event,44,2,42,1,0.763921378759587,0.763921378759587,full_event_available,0,1,,"40,42","0.28846,0.50354",paper_formula,Full Bernoulli event probability uses selected probabilities and non-selected complement probabilities.
14,11,3,continue,bernoulli_full_event,38,5,33,0.364623592649521,0.808805233241651,0.294909469898304,full_event_available,0,1,,"1,16,17,20,27","0.40985,0.84362,0.71527,0.063209,0.17882",paper_formula,Full Bernoulli event probability uses selected probabilities and non-selected complement probabilities.
14,11,4,load_loss_threshold,bernoulli_full_event,0,0,0,NaN,NaN,1,terminal_stage_probability_one,1,0,,"","",,Terminal recording stage excluded from Bernoulli complement product.
14,12,1,continue,bernoulli_full_event,45,2,43,0.006245376575,0.758721637411676,0.00473850234123652,full_event_available,0,1,,"3,12","0.98495,0.0049536",paper_formula,Full Bernoulli event probability uses selected probabilities and non-selected complement probabilities.
14,12,2,continue,bernoulli_full_event,43,3,40,0.00644947532637652,0.773715342406693,0.00499005801049093,full_event_available,0,1,,"28,40,42","0.00026984,0.27841,0.54698",paper_formula,Full Bernoulli event probability uses selected probabilities and non-selected complement probabilities.
14,12,3,continue,bernoulli_full_event,36,6,30,0.824137955904128,0.824416474113602,0.679432907789672,full_event_available,0,1,,"1,16,17,20,27,38","0.47343,0.71686,0.79183,0.67474,0.91408,0.51249",paper_formula,Full Bernoulli event probability uses selected probabilities and non-selected complement probabilities.
14,12,4,load_loss_threshold,bernoulli_full_event,1,0,1,NaN,NaN,1,terminal_stage_probability_one,1,0,,"","",,Terminal recording stage excluded from Bernoulli complement product.
14,13,1,continue,bernoulli_full_event,45,1,44,1,0.753983135070439,0.753983135070439,full_event_available,0,1,,"3","0.44956",paper_formula,Full Bernoulli event probability uses selected probabilities and non-selected complement probabilities.
14,13,2,continue,bernoulli_full_event,44,3,41,0.006007770575,0.768538582239719,0.004617203480132,full_event_available,0,1,,"15,40,42","0.0052227,0.55161,0.8937",paper_formula,Full Bernoulli event probability uses selected probabilities and non-selected complement probabilities.
14,13,3,continue,bernoulli_full_event,37,5,32,0.00531226678883807,0.373865166569417,0.00198607150787013,full_event_available,0,1,,"1,16,17,27,33","0.7357,0.74268,0.70002,0.31825,0.00040283",paper_formula,Full Bernoulli event probability uses selected probabilities and non-selected complement probabilities.
14,13,4,load_loss_threshold,bernoulli_full_event,26,0,26,NaN,NaN,1,terminal_stage_probability_one,1,0,,"","",,Terminal recording stage excluded from Bernoulli complement product.
14,14,1,continue,bernoulli_full_event,45,1,44,1,0.753983135070439,0.753983135070439,full_event_available,0,1,,"3","0.64725",paper_formula,Full Bernoulli event probability uses selected probabilities and non-selected complement probabilities.
14,14,2,continue,bernoulli_full_event,44,2,42,1,0.763921378759587,0.763921378759587,full_event_available,0,1,,"40,42","0.19648,0.45655",paper_formula,Full Bernoulli event probability uses selected probabilities and non-selected complement probabilities.
14,14,3,continue,bernoulli_full_event,38,4,34,0.83736181810864,0.45661641411873,0.382353150704707,full_event_available,0,1,,"1,16,17,27","0.032454,0.15815,0.75824,0.82681",paper_formula,Full Bernoulli event probability uses selected probabilities and non-selected complement probabilities.
14,14,4,load_loss_threshold,bernoulli_full_event,27,0,27,NaN,NaN,1,terminal_stage_probability_one,1,0,,"","",,Terminal recording stage excluded from Bernoulli complement product.
14,15,1,continue,bernoulli_full_event,45,1,44,1,0.753983135070439,0.753983135070439,full_event_available,0,1,,"3","0.91864",paper_formula,Full Bernoulli event probability uses selected probabilities and non-selected complement probabilities.
14,15,2,continue,bernoulli_full_event,44,2,42,1,0.763921378759587,0.763921378759587,full_event_available,0,1,,"40,42","0.16647,0.97935",paper_formula,Full Bernoulli event probability uses selected probabilities and non-selected complement probabilities.
14,15,3,continue,bernoulli_full_event,38,4,34,0.83736181810864,0.45661641411873,0.382353150704707,full_event_available,0,1,,"1,16,17,27","0.80186,0.56711,0.058572,0.29419",paper_formula,Full Bernoulli event probability uses selected probabilities and non-selected complement probabilities.
14,15,4,load_loss_threshold,bernoulli_full_event,27,0,27,NaN,NaN,1,terminal_stage_probability_one,1,0,,"","",,Terminal recording stage excluded from Bernoulli complement product.
14,16,1,continue,bernoulli_full_event,45,2,43,0.00648199255,0.75890233434786,0.00491919927742043,full_event_available,0,1,,"3,37","0.088538,0.0024463",paper_formula,Full Bernoulli event probability uses selected probabilities and non-selected complement probabilities.
14,16,2,continue,bernoulli_full_event,43,8,35,0.999014110253913,0.798932357096906,0.798144697878227,full_event_available,0,1,,"4,16,17,20,27,31,40,42","0.81542,0.84629,0.84909,0.19165,0.22197,0.044761,0.54324,0.83992",paper_formula,Full Bernoulli event probability uses selected probabilities and non-selected complement probabilities.
14,16,3,load_loss_threshold,bernoulli_full_event,0,0,0,NaN,NaN,1,terminal_stage_probability_one,1,0,,"","",,Terminal recording stage excluded from Bernoulli complement product.
14,17,1,continue,bernoulli_full_event,45,1,44,1,0.753983135070439,0.753983135070439,full_event_available,0,1,,"3","0.7449",paper_formula,Full Bernoulli event probability uses selected probabilities and non-selected complement probabilities.
14,17,2,continue,bernoulli_full_event,44,2,42,1,0.763921378759587,0.763921378759587,full_event_available,0,1,,"40,42","0.99489,0.11994",paper_formula,Full Bernoulli event probability uses selected probabilities and non-selected complement probabilities.
14,17,3,continue,bernoulli_full_event,38,5,33,0.364623592649521,0.808805233241651,0.294909469898304,full_event_available,0,1,,"1,16,17,20,27","0.65759,0.71787,0.27263,0.039479,0.4574",paper_formula,Full Bernoulli event probability uses selected probabilities and non-selected complement probabilities.
14,17,4,load_loss_threshold,bernoulli_full_event,0,0,0,NaN,NaN,1,terminal_stage_probability_one,1,0,,"","",,Terminal recording stage excluded from Bernoulli complement product.
14,18,1,continue,bernoulli_full_event,45,1,44,1,0.753983135070439,0.753983135070439,full_event_available,0,1,,"3","0.53648",paper_formula,Full Bernoulli event probability uses selected probabilities and non-selected complement probabilities.
14,18,2,continue,bernoulli_full_event,44,2,42,1,0.763921378759587,0.763921378759587,full_event_available,0,1,,"40,42","0.57257,0.93443",paper_formula,Full Bernoulli event probability uses selected probabilities and non-selected complement probabilities.
14,18,3,continue,bernoulli_full_event,38,4,34,0.83736181810864,0.45661641411873,0.382353150704707,full_event_available,0,1,,"1,16,17,27","0.71658,0.98976,0.52969,0.1022",paper_formula,Full Bernoulli event probability uses selected probabilities and non-selected complement probabilities.
14,18,4,load_loss_threshold,bernoulli_full_event,27,0,27,NaN,NaN,1,terminal_stage_probability_one,1,0,,"","",,Terminal recording stage excluded from Bernoulli complement product.
14,19,1,continue,bernoulli_full_event,45,1,44,1,0.753983135070439,0.753983135070439,full_event_available,0,1,,"3","0.99932",paper_formula,Full Bernoulli event probability uses selected probabilities and non-selected complement probabilities.
14,19,2,continue,bernoulli_full_event,44,2,42,1,0.763921378759587,0.763921378759587,full_event_available,0,1,,"40,42","0.59712,0.33148",paper_formula,Full Bernoulli event probability uses selected probabilities and non-selected complement probabilities.
14,19,3,continue,bernoulli_full_event,38,4,34,0.00601866085,0.0747129352322936,0.000449671818271191,full_event_available,0,1,,"1,8,16,17","0.48394,0.005841,0.16688,0.29298",paper_formula,Full Bernoulli event probability uses selected probabilities and non-selected complement probabilities.
14,19,4,load_loss_threshold,bernoulli_full_event,30,0,30,NaN,NaN,1,terminal_stage_probability_one,1,0,,"","",,Terminal recording stage excluded from Bernoulli complement product.
14,20,1,continue,bernoulli_full_event,45,2,43,0.00649387285,0.758911409266631,0.00492827419619181,full_event_available,0,1,,"3,35","0.40302,0.0041093",paper_formula,Full Bernoulli event probability uses selected probabilities and non-selected complement probabilities.
14,20,2,continue,bernoulli_full_event,43,7,36,0.346203762863984,0.794020979129649,0.274893050767629,full_event_available,0,1,,"20,27,29,36,38,40,42","0.30872,0.5896,0.48978,0.87672,0.70133,0.12748,0.22563",paper_formula,Full Bernoulli event probability uses selected probabilities and non-selected complement probabilities.
14,20,3,load_loss_threshold,bernoulli_full_event,0,0,0,NaN,NaN,1,terminal_stage_probability_one,1,0,,"","",,Terminal recording stage excluded from Bernoulli complement product.
14,21,1,continue,bernoulli_full_event,45,1,44,1,0.753983135070439,0.753983135070439,full_event_available,0,1,,"3","0.72829",paper_formula,Full Bernoulli event probability uses selected probabilities and non-selected complement probabilities.
14,21,2,continue,bernoulli_full_event,44,2,42,1,0.763921378759587,0.763921378759587,full_event_available,0,1,,"40,42","0.63764,0.35005",paper_formula,Full Bernoulli event probability uses selected probabilities and non-selected complement probabilities.
14,21,3,continue,bernoulli_full_event,38,5,33,0.364623592649521,0.808805233241651,0.294909469898304,full_event_available,0,1,,"1,16,17,20,27","0.14682,0.61947,0.25737,0.044748,0.69696",paper_formula,Full Bernoulli event probability uses selected probabilities and non-selected complement probabilities.
14,21,4,load_loss_threshold,bernoulli_full_event,0,0,0,NaN,NaN,1,terminal_stage_probability_one,1,0,,"","",,Terminal recording stage excluded from Bernoulli complement product.
14,22,1,continue,bernoulli_full_event,45,1,44,1,0.753983135070439,0.753983135070439,full_event_available,0,1,,"3","0.80724",paper_formula,Full Bernoulli event probability uses selected probabilities and non-selected complement probabilities.
14,22,2,continue,bernoulli_full_event,44,2,42,1,0.763921378759587,0.763921378759587,full_event_available,0,1,,"40,42","0.35546,0.35414",paper_formula,Full Bernoulli event probability uses selected probabilities and non-selected complement probabilities.
14,22,3,continue,bernoulli_full_event,38,5,33,0.364623592649521,0.808805233241651,0.294909469898304,full_event_available,0,1,,"1,16,17,20,27","0.34687,0.72694,0.8874,0.32661,0.18074",paper_formula,Full Bernoulli event probability uses selected probabilities and non-selected complement probabilities.
14,22,4,load_loss_threshold,bernoulli_full_event,0,0,0,NaN,NaN,1,terminal_stage_probability_one,1,0,,"","",,Terminal recording stage excluded from Bernoulli complement product.
14,23,1,continue,bernoulli_full_event,45,1,44,1,0.753983135070439,0.753983135070439,full_event_available,0,1,,"3","0.31023",paper_formula,Full Bernoulli event probability uses selected probabilities and non-selected complement probabilities.
14,23,2,continue,bernoulli_full_event,44,3,41,0.006009750625,0.768540113185139,0.00461873442555196,full_event_available,0,1,,"34,40,42","0.0010525,0.41406,0.9481",paper_formula,Full Bernoulli event probability uses selected probabilities and non-selected complement probabilities.
14,23,3,continue,bernoulli_full_event,37,4,33,0.939464374484284,0.808816511343847,0.759854297902208,full_event_available,0,1,,"1,16,17,20","0.87448,0.47533,0.78428,0.3733",paper_formula,Full Bernoulli event probability uses selected probabilities and non-selected complement probabilities.
14,23,4,load_loss_threshold,bernoulli_full_event,0,0,0,NaN,NaN,1,terminal_stage_probability_one,1,0,,"","",,Terminal recording stage excluded from Bernoulli complement product.
14,24,1,continue,bernoulli_full_event,45,1,44,1,0.753983135070439,0.753983135070439,full_event_available,0,1,,"3","0.66118",paper_formula,Full Bernoulli event probability uses selected probabilities and non-selected complement probabilities.
14,24,2,continue,bernoulli_full_event,44,2,42,1,0.763921378759587,0.763921378759587,full_event_available,0,1,,"40,42","0.97168,0.42999",paper_formula,Full Bernoulli event probability uses selected probabilities and non-selected complement probabilities.
14,24,3,continue,bernoulli_full_event,38,5,33,0.00535482026284504,0.459555210106025,0.00246083555097175,full_event_available,0,1,,"1,16,17,22,27","0.76472,0.9596,0.66533,0.0017811,0.74372",paper_formula,Full Bernoulli event probability uses selected probabilities and non-selected complement probabilities.
14,24,4,load_loss_threshold,bernoulli_full_event,26,0,26,NaN,NaN,1,terminal_stage_probability_one,1,0,,"","",,Terminal recording stage excluded from Bernoulli complement product.
14,25,1,continue,bernoulli_full_event,45,2,43,0.0064483317,0.758876623256574,0.00489348818613432,full_event_available,0,1,,"3,25","0.3937,0.00067036",paper_formula,Full Bernoulli event probability uses selected probabilities and non-selected complement probabilities.
14,25,2,continue,bernoulli_full_event,43,5,38,0.006007770575,0.617101262923472,0.00370740280918697,full_event_available,0,1,,"7,16,20,30,42","0.19914,0.0016599,0.28218,0.053755,0.61562",paper_formula,Full Bernoulli event probability uses selected probabilities and non-selected complement probabilities.
14,25,3,load_loss_threshold,bernoulli_full_event,13,0,13,NaN,NaN,1,terminal_stage_probability_one,1,0,,"","",,Terminal recording stage excluded from Bernoulli complement product.
14,26,1,continue,bernoulli_full_event,45,1,44,1,0.753983135070439,0.753983135070439,full_event_available,0,1,,"3","0.85294",paper_formula,Full Bernoulli event probability uses selected probabilities and non-selected complement probabilities.
14,26,2,continue,bernoulli_full_event,44,2,42,1,0.763921378759587,0.763921378759587,full_event_available,0,1,,"40,42","0.99483,0.79239",paper_formula,Full Bernoulli event probability uses selected probabilities and non-selected complement probabilities.
14,26,3,continue,bernoulli_full_event,38,4,34,0.83736181810864,0.45661641411873,0.382353150704707,full_event_available,0,1,,"1,16,17,27","0.64316,0.63168,0.85391,0.81143",paper_formula,Full Bernoulli event probability uses selected probabilities and non-selected complement probabilities.
14,26,4,load_loss_threshold,bernoulli_full_event,27,0,27,NaN,NaN,1,terminal_stage_probability_one,1,0,,"","",,Terminal recording stage excluded from Bernoulli complement product.
14,27,1,continue,bernoulli_full_event,45,1,44,1,0.753983135070439,0.753983135070439,full_event_available,0,1,,"3","0.65709",paper_formula,Full Bernoulli event probability uses selected probabilities and non-selected complement probabilities.
14,27,2,continue,bernoulli_full_event,44,3,41,0.00656119455,0.768966719005457,0.00504534024586998,full_event_available,0,1,,"2,40,42","0.0062091,0.048018,0.89703",paper_formula,Full Bernoulli event probability uses selected probabilities and non-selected complement probabilities.
14,27,3,continue,bernoulli_full_event,33,2,31,1,0.07621680164977,0.07621680164977,full_event_available,0,1,,"16,17","0.43896,0.67258",paper_formula,Full Bernoulli event probability uses selected probabilities and non-selected complement probabilities.
14,27,4,load_loss_threshold,bernoulli_full_event,31,0,31,NaN,NaN,1,terminal_stage_probability_one,1,0,,"","",,Terminal recording stage excluded from Bernoulli complement product.
14,28,1,continue,bernoulli_full_event,45,1,44,1,0.753983135070439,0.753983135070439,full_event_available,0,1,,"3","0.66543",paper_formula,Full Bernoulli event probability uses selected probabilities and non-selected complement probabilities.
14,28,2,continue,bernoulli_full_event,44,2,42,1,0.763921378759587,0.763921378759587,full_event_available,0,1,,"40,42","0.89972,0.44493",paper_formula,Full Bernoulli event probability uses selected probabilities and non-selected complement probabilities.
14,28,3,continue,bernoulli_full_event,38,4,34,0.83736181810864,0.45661641411873,0.382353150704707,full_event_available,0,1,,"1,16,17,27","0.028867,0.12135,0.60423,0.46861",paper_formula,Full Bernoulli event probability uses selected probabilities and non-selected complement probabilities.
14,28,4,load_loss_threshold,bernoulli_full_event,27,0,27,NaN,NaN,1,terminal_stage_probability_one,1,0,,"","",,Terminal recording stage excluded from Bernoulli complement product.
14,29,1,continue,bernoulli_full_event,45,1,44,1,0.753983135070439,0.753983135070439,full_event_available,0,1,,"3","0.92307",paper_formula,Full Bernoulli event probability uses selected probabilities and non-selected complement probabilities.
14,29,2,continue,bernoulli_full_event,44,2,42,1,0.763921378759587,0.763921378759587,full_event_available,0,1,,"40,42","0.34089,0.23803",paper_formula,Full Bernoulli event probability uses selected probabilities and non-selected complement probabilities.
14,29,3,continue,bernoulli_full_event,38,4,34,0.83736181810864,0.45661641411873,0.382353150704707,full_event_available,0,1,,"1,16,17,27","0.12285,0.83166,0.6135,0.77157",paper_formula,Full Bernoulli event probability uses selected probabilities and non-selected complement probabilities.
14,29,4,load_loss_threshold,bernoulli_full_event,27,0,27,NaN,NaN,1,terminal_stage_probability_one,1,0,,"","",,Terminal recording stage excluded from Bernoulli complement product.
14,30,1,continue,bernoulli_full_event,45,2,43,0.006494862875,0.758912165519659,0.00492903044921949,full_event_available,0,1,,"3,32","0.80389,0.0049026",paper_formula,Full Bernoulli event probability uses selected probabilities and non-selected complement probabilities.
14,30,2,continue,bernoulli_full_event,42,2,40,1,0.661556687323437,0.661556687323437,full_event_available,0,1,,"27,42","0.42948,0.98088",paper_formula,Full Bernoulli event probability uses selected probabilities and non-selected complement probabilities.
14,30,3,continue,bernoulli_full_event,39,6,33,0.996943110306188,0.684762540871106,0.682669297317208,full_event_available,0,1,,"1,4,13,16,17,20","0.85736,0.9451,0.26571,0.64695,0.73862,0.19051",paper_formula,Full Bernoulli event probability uses selected probabilities and non-selected complement probabilities.
14,30,4,load_loss_threshold,bernoulli_full_event,0,0,0,NaN,NaN,1,terminal_stage_probability_one,1,0,,"","",,Terminal recording stage excluded from Bernoulli complement product.
15,1,1,continue,bernoulli_full_event,45,1,44,0.0065948554,0.753896064677498,0.00497183553317714,full_event_available,0,1,,"9","0.0060871",paper_formula,Full Bernoulli event probability uses selected probabilities and non-selected complement probabilities.
15,1,2,no_new_outage,bernoulli_full_event,44,0,44,1,0.730268765223181,0.730268765223181,full_event_available,1,1,,"","",paper_formula,Full Bernoulli event probability uses selected probabilities and non-selected complement probabilities.
15,2,1,no_new_outage,bernoulli_full_event,45,0,45,1,0.74892422914432,0.74892422914432,full_event_available,1,1,,"","",paper_formula,Full Bernoulli event probability uses selected probabilities and non-selected complement probabilities.
15,3,1,no_new_outage,bernoulli_full_event,45,0,45,1,0.74892422914432,0.74892422914432,full_event_available,1,1,,"","",paper_formula,Full Bernoulli event probability uses selected probabilities and non-selected complement probabilities.
15,4,1,no_new_outage,bernoulli_full_event,45,0,45,1,0.74892422914432,0.74892422914432,full_event_available,1,1,,"","",paper_formula,Full Bernoulli event probability uses selected probabilities and non-selected complement probabilities.
15,5,1,no_new_outage,bernoulli_full_event,45,0,45,1,0.74892422914432,0.74892422914432,full_event_available,1,1,,"","",paper_formula,Full Bernoulli event probability uses selected probabilities and non-selected complement probabilities.
15,6,1,no_new_outage,bernoulli_full_event,45,0,45,1,0.74892422914432,0.74892422914432,full_event_available,1,1,,"","",paper_formula,Full Bernoulli event probability uses selected probabilities and non-selected complement probabilities.
15,7,1,no_new_outage,bernoulli_full_event,45,0,45,1,0.74892422914432,0.74892422914432,full_event_available,1,1,,"","",paper_formula,Full Bernoulli event probability uses selected probabilities and non-selected complement probabilities.
15,8,1,no_new_outage,bernoulli_full_event,45,0,45,1,0.74892422914432,0.74892422914432,full_event_available,1,1,,"","",paper_formula,Full Bernoulli event probability uses selected probabilities and non-selected complement probabilities.
15,9,1,no_new_outage,bernoulli_full_event,45,0,45,1,0.74892422914432,0.74892422914432,full_event_available,1,1,,"","",paper_formula,Full Bernoulli event probability uses selected probabilities and non-selected complement probabilities.
15,10,1,no_new_outage,bernoulli_full_event,45,0,45,1,0.74892422914432,0.74892422914432,full_event_available,1,1,,"","",paper_formula,Full Bernoulli event probability uses selected probabilities and non-selected complement probabilities.
15,11,1,no_new_outage,bernoulli_full_event,45,0,45,1,0.74892422914432,0.74892422914432,full_event_available,1,1,,"","",paper_formula,Full Bernoulli event probability uses selected probabilities and non-selected complement probabilities.
15,12,1,no_new_outage,bernoulli_full_event,45,0,45,1,0.74892422914432,0.74892422914432,full_event_available,1,1,,"","",paper_formula,Full Bernoulli event probability uses selected probabilities and non-selected complement probabilities.
15,13,1,continue,bernoulli_full_event,45,1,44,0.006009750625,0.753452289512124,0.00452806036780317,full_event_available,0,1,,"34","0.0015158",paper_formula,Full Bernoulli event probability uses selected probabilities and non-selected complement probabilities.
15,13,2,continue,bernoulli_full_event,44,1,43,1,0.141692067928797,0.141692067928797,full_event_available,0,1,,"10","0.31546",paper_formula,Full Bernoulli event probability uses selected probabilities and non-selected complement probabilities.
15,13,3,continue,bernoulli_full_event,43,10,33,0.00628794765,0.220595769282736,0.00138709464906132,full_event_available,0,1,,"9,13,14,18,19,20,23,24,25,26","0.16214,0.70308,0.99246,0.45159,0.63887,0.59564,0.14757,0.13215,0.1302,0.0038806",paper_formula,Full Bernoulli event probability uses selected probabilities and non-selected complement probabilities.
15,13,4,load_loss_threshold,bernoulli_full_event,20,0,20,NaN,NaN,1,terminal_stage_probability_one,1,0,,"","",,Terminal recording stage excluded from Bernoulli complement product.
15,14,1,no_new_outage,bernoulli_full_event,45,0,45,1,0.74892422914432,0.74892422914432,full_event_available,1,1,,"","",paper_formula,Full Bernoulli event probability uses selected probabilities and non-selected complement probabilities.
15,15,1,continue,bernoulli_full_event,45,1,44,0.006358239425,0.753716539360154,0.0047923102158343,full_event_available,0,1,,"14","0.0054466",paper_formula,Full Bernoulli event probability uses selected probabilities and non-selected complement probabilities.
15,15,2,continue,bernoulli_full_event,44,1,43,1,0.758540270990448,0.758540270990448,full_event_available,0,1,,"3","0.45331",paper_formula,Full Bernoulli event probability uses selected probabilities and non-selected complement probabilities.
15,15,3,continue,bernoulli_full_event,43,2,41,1,0.768538582239719,0.768538582239719,full_event_available,0,1,,"40,42","0.65648,0.73847",paper_formula,Full Bernoulli event probability uses selected probabilities and non-selected complement probabilities.
15,15,4,continue,bernoulli_full_event,37,4,33,0.883941301447607,0.371618330150961,0.328488790395427,full_event_available,0,1,,"1,16,17,27","0.097858,0.27184,0.64648,0.70339",paper_formula,Full Bernoulli event probability uses selected probabilities and non-selected complement probabilities.
15,15,5,max_depth_reached,bernoulli_full_event,26,0,26,NaN,NaN,1,terminal_stage_probability_one,1,0,,"","",,Terminal recording stage excluded from Bernoulli complement product.
15,16,1,continue,bernoulli_full_event,45,1,44,0.00628794765,0.753663224042832,0.00473899489851155,full_event_available,0,1,,"26","0.0020489",paper_formula,Full Bernoulli event probability uses selected probabilities and non-selected complement probabilities.
15,16,2,continue,bernoulli_full_event,44,1,43,0.006457241925,0.758561438767932,0.00489821472510061,full_event_available,0,1,,"43","0.0027215",paper_formula,Full Bernoulli event probability uses selected probabilities and non-selected complement probabilities.
15,16,3,no_new_outage,bernoulli_full_event,43,0,43,1,0.758561438767932,0.758561438767932,full_event_available,1,1,,"","",paper_formula,Full Bernoulli event probability uses selected probabilities and non-selected complement probabilities.
15,17,1,no_new_outage,bernoulli_full_event,45,0,45,1,0.74892422914432,0.74892422914432,full_event_available,1,1,,"","",paper_formula,Full Bernoulli event probability uses selected probabilities and non-selected complement probabilities.
15,18,1,continue,bernoulli_full_event,45,1,44,0.00662851625,0.753921610792686,0.00499738164836549,full_event_available,0,1,,"30","0.0054807",paper_formula,Full Bernoulli event probability uses selected probabilities and non-selected complement probabilities.
15,18,2,no_new_outage,bernoulli_full_event,44,0,44,1,0.753921610792686,0.753921610792686,full_event_available,1,1,,"","",paper_formula,Full Bernoulli event probability uses selected probabilities and non-selected complement probabilities.
15,19,1,continue,bernoulli_full_event,45,1,44,0.00628794765,0.753663224042832,0.00473899489851155,full_event_available,0,1,,"26","0.0022806",paper_formula,Full Bernoulli event probability uses selected probabilities and non-selected complement probabilities.
15,19,2,no_new_outage,bernoulli_full_event,44,0,44,1,0.753663224042832,0.753663224042832,full_event_available,1,1,,"","",paper_formula,Full Bernoulli event probability uses selected probabilities and non-selected complement probabilities.
15,20,1,no_new_outage,bernoulli_full_event,45,0,45,1,0.74892422914432,0.74892422914432,full_event_available,1,1,,"","",paper_formula,Full Bernoulli event probability uses selected probabilities and non-selected complement probabilities.
15,21,1,no_new_outage,bernoulli_full_event,45,0,45,1,0.74892422914432,0.74892422914432,full_event_available,1,1,,"","",paper_formula,Full Bernoulli event probability uses selected probabilities and non-selected complement probabilities.
15,22,1,no_new_outage,bernoulli_full_event,45,0,45,1,0.74892422914432,0.74892422914432,full_event_available,1,1,,"","",paper_formula,Full Bernoulli event probability uses selected probabilities and non-selected complement probabilities.
15,23,1,no_new_outage,bernoulli_full_event,45,0,45,1,0.74892422914432,0.74892422914432,full_event_available,1,1,,"","",paper_formula,Full Bernoulli event probability uses selected probabilities and non-selected complement probabilities.
15,24,1,no_new_outage,bernoulli_full_event,45,0,45,1,0.74892422914432,0.74892422914432,full_event_available,1,1,,"","",paper_formula,Full Bernoulli event probability uses selected probabilities and non-selected complement probabilities.
15,25,1,continue,bernoulli_full_event,45,1,44,0.0064483317,0.753784884107491,0.00486065496317116,full_event_available,0,1,,"25","0.0046562",paper_formula,Full Bernoulli event probability uses selected probabilities and non-selected complement probabilities.
15,25,2,no_new_outage,bernoulli_full_event,44,0,44,1,0.753784884107491,0.753784884107491,full_event_available,1,1,,"","",paper_formula,Full Bernoulli event probability uses selected probabilities and non-selected complement probabilities.
15,26,1,continue,bernoulli_full_event,45,1,44,0.006245376575,0.753630938151648,0.00470670900732758,full_event_available,0,1,,"12","0.0051643",paper_formula,Full Bernoulli event probability uses selected probabilities and non-selected complement probabilities.
15,26,2,continue,bernoulli_full_event,44,1,43,0.006009750625,0.758187455687332,0.0045565175356841,full_event_available,0,1,,"44","0.0016578",paper_formula,Full Bernoulli event probability uses selected probabilities and non-selected complement probabilities.
15,26,3,no_new_outage,bernoulli_full_event,43,0,43,1,0.758187455687332,0.758187455687332,full_event_available,1,1,,"","",paper_formula,Full Bernoulli event probability uses selected probabilities and non-selected complement probabilities.
15,27,1,no_new_outage,bernoulli_full_event,45,0,45,1,0.74892422914432,0.74892422914432,full_event_available,1,1,,"","",paper_formula,Full Bernoulli event probability uses selected probabilities and non-selected complement probabilities.
15,28,1,no_new_outage,bernoulli_full_event,45,0,45,1,0.74892422914432,0.74892422914432,full_event_available,1,1,,"","",paper_formula,Full Bernoulli event probability uses selected probabilities and non-selected complement probabilities.
15,29,1,continue,bernoulli_full_event,45,1,44,0.006544364125,0.753857748750597,0.00493351960627667,full_event_available,0,1,,"11","0.0029595",paper_formula,Full Bernoulli event probability uses selected probabilities and non-selected complement probabilities.
15,29,2,continue,bernoulli_full_event,44,4,40,0.685095977830557,0.0583024415391653,0.0399427681961833,full_event_available,0,1,,"1,6,8,19","0.59947,0.79803,0.33291,0.3418",paper_formula,Full Bernoulli event probability uses selected probabilities and non-selected complement probabilities.
15,29,3,continue,bernoulli_full_event,37,4,33,1,0.809080950582719,0.809080950582719,full_event_available,0,1,,"3,9,18,25","0.21833,0.088466,0.2662,0.13114",paper_formula,Full Bernoulli event probability uses selected probabilities and non-selected complement probabilities.
15,29,4,load_loss_threshold,bernoulli_full_event,24,0,24,NaN,NaN,1,terminal_stage_probability_one,1,0,,"","",,Terminal recording stage excluded from Bernoulli complement product.
15,30,1,no_new_outage,bernoulli_full_event,45,0,45,1,0.74892422914432,0.74892422914432,full_event_available,1,1,,"","",paper_formula,Full Bernoulli event probability uses selected probabilities and non-selected complement probabilities.
16,1,1,no_new_outage,bernoulli_full_event,45,0,45,1,0.74892422914432,0.74892422914432,full_event_available,1,1,,"","",paper_formula,Full Bernoulli event probability uses selected probabilities and non-selected complement probabilities.
16,2,1,no_new_outage,bernoulli_full_event,45,0,45,1,0.74892422914432,0.74892422914432,full_event_available,1,1,,"","",paper_formula,Full Bernoulli event probability uses selected probabilities and non-selected complement probabilities.
16,3,1,continue,bernoulli_full_event,45,1,44,0.006532483825,0.753848733804394,0.00492450466007394,full_event_available,0,1,,"20","0.0021976",paper_formula,Full Bernoulli event probability uses selected probabilities and non-selected complement probabilities.
16,3,2,continue,bernoulli_full_event,44,1,43,0.996343333006767,0.758672555557807,0.755898342665228,full_event_available,0,1,,"14","0.68074",paper_formula,Full Bernoulli event probability uses selected probabilities and non-selected complement probabilities.
16,3,3,continue,bernoulli_full_event,43,5,38,0.006453281825,0.783253250212641,0.00505455396396941,full_event_available,0,1,,"3,6,25,27,28","0.036959,0.19829,0.82183,0.22502,0.00017056",paper_formula,Full Bernoulli event probability uses selected probabilities and non-selected complement probabilities.
16,3,4,load_loss_threshold,bernoulli_full_event,22,0,22,NaN,NaN,1,terminal_stage_probability_one,1,0,,"","",,Terminal recording stage excluded from Bernoulli complement product.
16,4,1,no_new_outage,bernoulli_full_event,45,0,45,1,0.74892422914432,0.74892422914432,full_event_available,1,1,,"","",paper_formula,Full Bernoulli event probability uses selected probabilities and non-selected complement probabilities.
16,5,1,no_new_outage,bernoulli_full_event,45,0,45,1,0.74892422914432,0.74892422914432,full_event_available,1,1,,"","",paper_formula,Full Bernoulli event probability uses selected probabilities and non-selected complement probabilities.
16,6,1,no_new_outage,bernoulli_full_event,45,0,45,1,0.74892422914432,0.74892422914432,full_event_available,1,1,,"","",paper_formula,Full Bernoulli event probability uses selected probabilities and non-selected complement probabilities.
16,7,1,no_new_outage,bernoulli_full_event,45,0,45,1,0.74892422914432,0.74892422914432,full_event_available,1,1,,"","",paper_formula,Full Bernoulli event probability uses selected probabilities and non-selected complement probabilities.
16,8,1,no_new_outage,bernoulli_full_event,45,0,45,1,0.74892422914432,0.74892422914432,full_event_available,1,1,,"","",paper_formula,Full Bernoulli event probability uses selected probabilities and non-selected complement probabilities.
16,9,1,no_new_outage,bernoulli_full_event,45,0,45,1,0.74892422914432,0.74892422914432,full_event_available,1,1,,"","",paper_formula,Full Bernoulli event probability uses selected probabilities and non-selected complement probabilities.
16,10,1,no_new_outage,bernoulli_full_event,45,0,45,1,0.74892422914432,0.74892422914432,full_event_available,1,1,,"","",paper_formula,Full Bernoulli event probability uses selected probabilities and non-selected complement probabilities.
16,11,1,continue,bernoulli_full_event,45,1,44,0.006663167125,0.753947910072679,0.00502368092835873,full_event_available,0,1,,"19","0.0026464",paper_formula,Full Bernoulli event probability uses selected probabilities and non-selected complement probabilities.
16,11,2,continue,bernoulli_full_event,44,3,41,0.997602660403475,0.76822935674489,0.766387650088753,full_event_available,0,1,,"8,13,18","0.97587,0.49223,0.73424",paper_formula,Full Bernoulli event probability uses selected probabilities and non-selected complement probabilities.
16,11,3,continue,bernoulli_full_event,35,1,34,1,0.803389662912094,0.803389662912094,full_event_available,0,1,,"3","0.39759",paper_formula,Full Bernoulli event probability uses selected probabilities and non-selected complement probabilities.
16,11,4,continue,bernoulli_full_event,34,9,25,0.00649387285,0.851541259620309,0.00552980066650313,full_event_available,0,1,,"4,7,25,27,30,31,35,40,42","0.60182,0.87333,0.97461,0.12185,0.54888,0.28601,0.0036715,0.12217,0.37258",paper_formula,Full Bernoulli event probability uses selected probabilities and non-selected complement probabilities.
16,11,5,max_depth_reached,bernoulli_full_event,4,0,4,NaN,NaN,1,terminal_stage_probability_one,1,0,,"","",,Terminal recording stage excluded from Bernoulli complement product.
16,12,1,no_new_outage,bernoulli_full_event,45,0,45,1,0.74892422914432,0.74892422914432,full_event_available,1,1,,"","",paper_formula,Full Bernoulli event probability uses selected probabilities and non-selected complement probabilities.
16,13,1,no_new_outage,bernoulli_full_event,45,0,45,1,0.74892422914432,0.74892422914432,full_event_available,1,1,,"","",paper_formula,Full Bernoulli event probability uses selected probabilities and non-selected complement probabilities.
16,14,1,continue,bernoulli_full_event,45,1,44,0.0064483317,0.753784884107491,0.00486065496317116,full_event_available,0,1,,"25","0.0058968",paper_formula,Full Bernoulli event probability uses selected probabilities and non-selected complement probabilities.
16,14,2,no_new_outage,bernoulli_full_event,44,0,44,1,0.753784884107491,0.753784884107491,full_event_available,1,1,,"","",paper_formula,Full Bernoulli event probability uses selected probabilities and non-selected complement probabilities.
16,15,1,continue,bernoulli_full_event,45,1,44,0.00647011225,0.753801408873943,0.00487717972962256,full_event_available,0,1,,"40","0.0024824",paper_formula,Full Bernoulli event probability uses selected probabilities and non-selected complement probabilities.
16,15,2,no_new_outage,bernoulli_full_event,44,0,44,1,0.753801408873943,0.753801408873943,full_event_available,1,1,,"","",paper_formula,Full Bernoulli event probability uses selected probabilities and non-selected complement probabilities.
16,16,1,no_new_outage,bernoulli_full_event,45,0,45,1,0.74892422914432,0.74892422914432,full_event_available,1,1,,"","",paper_formula,Full Bernoulli event probability uses selected probabilities and non-selected complement probabilities.
16,17,1,no_new_outage,bernoulli_full_event,45,0,45,1,0.74892422914432,0.74892422914432,full_event_available,1,1,,"","",paper_formula,Full Bernoulli event probability uses selected probabilities and non-selected complement probabilities.
16,18,1,no_new_outage,bernoulli_full_event,45,0,45,1,0.74892422914432,0.74892422914432,full_event_available,1,1,,"","",paper_formula,Full Bernoulli event probability uses selected probabilities and non-selected complement probabilities.
16,19,1,continue,bernoulli_full_event,45,1,44,0.006437441425,0.753776621995953,0.00485239285163332,full_event_available,0,1,,"41","0.00092156",paper_formula,Full Bernoulli event probability uses selected probabilities and non-selected complement probabilities.
16,19,2,continue,bernoulli_full_event,44,4,40,0.718176236489314,0.713454188085927,0.51238584370709,full_event_available,0,1,,"6,8,19,23","0.82803,0.10272,0.37485,0.84465",paper_formula,Full Bernoulli event probability uses selected probabilities and non-selected complement probabilities.
16,19,3,continue,bernoulli_full_event,30,9,21,0.559368860721267,0.873500131929969,0.488608773637544,full_event_available,0,1,,"1,2,3,4,7,9,24,25,27","0.76984,0.1021,0.66806,0.085213,0.25634,0.13061,0.23652,0.826,0.10242",paper_formula,Full Bernoulli event probability uses selected probabilities and non-selected complement probabilities.
16,19,4,load_loss_threshold,bernoulli_full_event,16,0,16,NaN,NaN,1,terminal_stage_probability_one,1,0,,"","",,Terminal recording stage excluded from Bernoulli complement product.
16,20,1,no_new_outage,bernoulli_full_event,45,0,45,1,0.74892422914432,0.74892422914432,full_event_available,1,1,,"","",paper_formula,Full Bernoulli event probability uses selected probabilities and non-selected complement probabilities.
16,21,1,no_new_outage,bernoulli_full_event,45,0,45,1,0.74892422914432,0.74892422914432,full_event_available,1,1,,"","",paper_formula,Full Bernoulli event probability uses selected probabilities and non-selected complement probabilities.
16,22,1,no_new_outage,bernoulli_full_event,45,0,45,1,0.74892422914432,0.74892422914432,full_event_available,1,1,,"","",paper_formula,Full Bernoulli event probability uses selected probabilities and non-selected complement probabilities.
16,23,1,no_new_outage,bernoulli_full_event,45,0,45,1,0.74892422914432,0.74892422914432,full_event_available,1,1,,"","",paper_formula,Full Bernoulli event probability uses selected probabilities and non-selected complement probabilities.
16,24,1,no_new_outage,bernoulli_full_event,45,0,45,1,0.74892422914432,0.74892422914432,full_event_available,1,1,,"","",paper_formula,Full Bernoulli event probability uses selected probabilities and non-selected complement probabilities.
16,25,1,continue,bernoulli_full_event,45,1,44,0.00647011225,0.753801408873943,0.00487717972962256,full_event_available,0,1,,"40","0.004987",paper_formula,Full Bernoulli event probability uses selected probabilities and non-selected complement probabilities.
16,25,2,no_new_outage,bernoulli_full_event,44,0,44,1,0.753801408873943,0.753801408873943,full_event_available,1,1,,"","",paper_formula,Full Bernoulli event probability uses selected probabilities and non-selected complement probabilities.
16,26,1,no_new_outage,bernoulli_full_event,45,0,45,1,0.74892422914432,0.74892422914432,full_event_available,1,1,,"","",paper_formula,Full Bernoulli event probability uses selected probabilities and non-selected complement probabilities.
16,27,1,no_new_outage,bernoulli_full_event,45,0,45,1,0.74892422914432,0.74892422914432,full_event_available,1,1,,"","",paper_formula,Full Bernoulli event probability uses selected probabilities and non-selected complement probabilities.
16,28,1,no_new_outage,bernoulli_full_event,45,0,45,1,0.74892422914432,0.74892422914432,full_event_available,1,1,,"","",paper_formula,Full Bernoulli event probability uses selected probabilities and non-selected complement probabilities.
16,29,1,no_new_outage,bernoulli_full_event,45,0,45,1,0.74892422914432,0.74892422914432,full_event_available,1,1,,"","",paper_formula,Full Bernoulli event probability uses selected probabilities and non-selected complement probabilities.
16,30,1,continue,bernoulli_full_event,45,2,43,4.18503601025662e-05,0.758709598264801,3.17522699006552e-05,full_event_available,0,1,,"11,22","0.0013112,0.0059691",paper_formula,Full Bernoulli event probability uses selected probabilities and non-selected complement probabilities.
16,30,2,continue,bernoulli_full_event,43,3,40,8.71950623591761e-06,0.773548134630428,6.74495778369245e-06,full_event_available,0,1,,"12,13,29","0.14306,0.0030597,0.0063844",paper_formula,Full Bernoulli event probability uses selected probabilities and non-selected complement probabilities.
16,30,3,continue,bernoulli_full_event,39,2,37,0.998757039413407,0.788501718571929,0.787521642013283,full_event_available,0,1,,"19,23","0.066883,0.31487",paper_formula,Full Bernoulli event probability uses selected probabilities and non-selected complement probabilities.
16,30,4,continue,bernoulli_full_event,34,1,33,1,0.808660209315244,0.808660209315244,full_event_available,0,1,,"8","0.56595",paper_formula,Full Bernoulli event probability uses selected probabilities and non-selected complement probabilities.
16,30,5,max_depth_reached,bernoulli_full_event,31,0,31,NaN,NaN,1,terminal_stage_probability_one,1,0,,"","",,Terminal recording stage excluded from Bernoulli complement product.
17,1,1,no_new_outage,bernoulli_full_event,45,0,45,1,0.749418364003462,0.749418364003462,full_event_available,1,1,,"","",paper_formula,Full Bernoulli event probability uses selected probabilities and non-selected complement probabilities.
17,2,1,no_new_outage,bernoulli_full_event,45,0,45,1,0.749418364003462,0.749418364003462,full_event_available,1,1,,"","",paper_formula,Full Bernoulli event probability uses selected probabilities and non-selected complement probabilities.
17,3,1,no_new_outage,bernoulli_full_event,45,0,45,1,0.749418364003462,0.749418364003462,full_event_available,1,1,,"","",paper_formula,Full Bernoulli event probability uses selected probabilities and non-selected complement probabilities.
17,4,1,no_new_outage,bernoulli_full_event,45,0,45,1,0.749418364003462,0.749418364003462,full_event_available,1,1,,"","",paper_formula,Full Bernoulli event probability uses selected probabilities and non-selected complement probabilities.
17,5,1,no_new_outage,bernoulli_full_event,45,0,45,1,0.749418364003462,0.749418364003462,full_event_available,1,1,,"","",paper_formula,Full Bernoulli event probability uses selected probabilities and non-selected complement probabilities.
17,6,1,continue,bernoulli_full_event,45,1,44,0.006581985075,0.754383706299146,0.00496534229568416,full_event_available,0,1,,"42","0.0049832",paper_formula,Full Bernoulli event probability uses selected probabilities and non-selected complement probabilities.
17,6,2,no_new_outage,bernoulli_full_event,44,0,44,1,0.754383706299146,0.754383706299146,full_event_available,1,1,,"","",paper_formula,Full Bernoulli event probability uses selected probabilities and non-selected complement probabilities.
17,7,1,no_new_outage,bernoulli_full_event,45,0,45,1,0.749418364003462,0.749418364003462,full_event_available,1,1,,"","",paper_formula,Full Bernoulli event probability uses selected probabilities and non-selected complement probabilities.
17,8,1,no_new_outage,bernoulli_full_event,45,0,45,1,0.749418364003462,0.749418364003462,full_event_available,1,1,,"","",paper_formula,Full Bernoulli event probability uses selected probabilities and non-selected complement probabilities.
17,9,1,no_new_outage,bernoulli_full_event,45,0,45,1,0.749418364003462,0.749418364003462,full_event_available,1,1,,"","",paper_formula,Full Bernoulli event probability uses selected probabilities and non-selected complement probabilities.
17,10,1,continue,bernoulli_full_event,45,3,42,2.45957345560396e-07,0.763690091281319,1.8783518768233e-07,full_event_available,0,1,,"22,23,27","0.00041101,0.0050065,0.0051815",paper_formula,Full Bernoulli event probability uses selected probabilities and non-selected complement probabilities.
17,10,2,continue,bernoulli_full_event,39,4,35,1,0.797978568277004,0.797978568277004,full_event_available,0,1,,"8,10,13,18","0.92226,0.032972,0.54055,0.19355",paper_formula,Full Bernoulli event probability uses selected probabilities and non-selected complement probabilities.
17,10,3,continue,bernoulli_full_event,27,4,23,0.823206051949727,0.861746573159322,0.709394994271692,full_event_available,0,1,,"1,2,3,6","0.20329,0.062802,0.75622,0.59141",paper_formula,Full Bernoulli event probability uses selected probabilities and non-selected complement probabilities.
17,10,4,load_loss_threshold,bernoulli_full_event,23,0,23,NaN,NaN,1,terminal_stage_probability_one,1,0,,"","",,Terminal recording stage excluded from Bernoulli complement product.
17,11,1,continue,bernoulli_full_event,45,1,44,0.00635922945,0.754214587620679,0.00479622361721703,full_event_available,0,1,,"3","0.0029474",paper_formula,Full Bernoulli event probability uses selected probabilities and non-selected complement probabilities.
17,11,2,no_new_outage,bernoulli_full_event,44,0,44,1,0.754214587620679,0.754214587620679,full_event_available,1,1,,"","",paper_formula,Full Bernoulli event probability uses selected probabilities and non-selected complement probabilities.
17,12,1,no_new_outage,bernoulli_full_event,45,0,45,1,0.749418364003462,0.749418364003462,full_event_available,1,1,,"","",paper_formula,Full Bernoulli event probability uses selected probabilities and non-selected complement probabilities.
17,13,1,continue,bernoulli_full_event,45,1,44,0.00641467085,0.754256672292635,0.00483830828917357,full_event_available,0,1,,"7","0.0030545",paper_formula,Full Bernoulli event probability uses selected probabilities and non-selected complement probabilities.
17,13,2,no_new_outage,bernoulli_full_event,44,0,44,1,0.754256672292635,0.754256672292635,full_event_available,1,1,,"","",paper_formula,Full Bernoulli event probability uses selected probabilities and non-selected complement probabilities.
17,14,1,no_new_outage,bernoulli_full_event,45,0,45,1,0.749418364003462,0.749418364003462,full_event_available,1,1,,"","",paper_formula,Full Bernoulli event probability uses selected probabilities and non-selected complement probabilities.
17,15,1,continue,bernoulli_full_event,45,1,44,0.00662851625,0.754419042888558,0.00500067888509625,full_event_available,0,1,,"30","0.0045498",paper_formula,Full Bernoulli event probability uses selected probabilities and non-selected complement probabilities.
17,15,2,no_new_outage,bernoulli_full_event,44,0,44,1,0.754419042888558,0.754419042888558,full_event_available,1,1,,"","",paper_formula,Full Bernoulli event probability uses selected probabilities and non-selected complement probabilities.
17,16,1,no_new_outage,bernoulli_full_event,45,0,45,1,0.749418364003462,0.749418364003462,full_event_available,1,1,,"","",paper_formula,Full Bernoulli event probability uses selected probabilities and non-selected complement probabilities.
17,17,1,no_new_outage,bernoulli_full_event,45,0,45,1,0.749418364003462,0.749418364003462,full_event_available,1,1,,"","",paper_formula,Full Bernoulli event probability uses selected probabilities and non-selected complement probabilities.
17,18,1,continue,bernoulli_full_event,45,1,44,0.0065948554,0.754393479918225,0.0049751159147635,full_event_available,0,1,,"9","0.0027421",paper_formula,Full Bernoulli event probability uses selected probabilities and non-selected complement probabilities.
17,18,2,no_new_outage,bernoulli_full_event,44,0,44,1,0.754393479918225,0.754393479918225,full_event_available,1,1,,"","",paper_formula,Full Bernoulli event probability uses selected probabilities and non-selected complement probabilities.
17,19,1,no_new_outage,bernoulli_full_event,45,0,45,1,0.749418364003462,0.749418364003462,full_event_available,1,1,,"","",paper_formula,Full Bernoulli event probability uses selected probabilities and non-selected complement probabilities.
17,20,1,continue,bernoulli_full_event,45,1,44,0.00656119455,0.754367918680201,0.00494955467673938,full_event_available,0,1,,"31","0.0016",paper_formula,Full Bernoulli event probability uses selected probabilities and non-selected complement probabilities.
17,20,2,no_new_outage,bernoulli_full_event,44,0,44,1,0.754367918680201,0.754367918680201,full_event_available,1,1,,"","",paper_formula,Full Bernoulli event probability uses selected probabilities and non-selected complement probabilities.
17,21,1,no_new_outage,bernoulli_full_event,45,0,45,1,0.749418364003462,0.749418364003462,full_event_available,1,1,,"","",paper_formula,Full Bernoulli event probability uses selected probabilities and non-selected complement probabilities.
17,22,1,no_new_outage,bernoulli_full_event,45,0,45,1,0.749418364003462,0.749418364003462,full_event_available,1,1,,"","",paper_formula,Full Bernoulli event probability uses selected probabilities and non-selected complement probabilities.
17,23,1,no_new_outage,bernoulli_full_event,45,0,45,1,0.749418364003462,0.749418364003462,full_event_available,1,1,,"","",paper_formula,Full Bernoulli event probability uses selected probabilities and non-selected complement probabilities.
17,24,1,no_new_outage,bernoulli_full_event,45,0,45,1,0.749418364003462,0.749418364003462,full_event_available,1,1,,"","",paper_formula,Full Bernoulli event probability uses selected probabilities and non-selected complement probabilities.
17,25,1,no_new_outage,bernoulli_full_event,45,0,45,1,0.749418364003462,0.749418364003462,full_event_available,1,1,,"","",paper_formula,Full Bernoulli event probability uses selected probabilities and non-selected complement probabilities.
17,26,1,no_new_outage,bernoulli_full_event,45,0,45,1,0.749418364003462,0.749418364003462,full_event_available,1,1,,"","",paper_formula,Full Bernoulli event probability uses selected probabilities and non-selected complement probabilities.
17,27,1,no_new_outage,bernoulli_full_event,45,0,45,1,0.749418364003462,0.749418364003462,full_event_available,1,1,,"","",paper_formula,Full Bernoulli event probability uses selected probabilities and non-selected complement probabilities.
17,28,1,no_new_outage,bernoulli_full_event,45,0,45,1,0.749418364003462,0.749418364003462,full_event_available,1,1,,"","",paper_formula,Full Bernoulli event probability uses selected probabilities and non-selected complement probabilities.
17,29,1,no_new_outage,bernoulli_full_event,45,0,45,1,0.749418364003462,0.749418364003462,full_event_available,1,1,,"","",paper_formula,Full Bernoulli event probability uses selected probabilities and non-selected complement probabilities.
17,30,1,no_new_outage,bernoulli_full_event,45,0,45,1,0.749418364003462,0.749418364003462,full_event_available,1,1,,"","",paper_formula,Full Bernoulli event probability uses selected probabilities and non-selected complement probabilities.
18,1,1,continue,bernoulli_full_event,45,1,44,1,0.75409812774578,0.75409812774578,full_event_available,0,1,,"19","0.74505",paper_formula,Full Bernoulli event probability uses selected probabilities and non-selected complement probabilities.
18,1,2,continue,bernoulli_full_event,43,1,42,0.578614874561258,0.763913799893901,0.442011887501224,full_event_available,0,1,,"14","0.22467",paper_formula,Full Bernoulli event probability uses selected probabilities and non-selected complement probabilities.
18,1,3,continue,bernoulli_full_event,42,2,40,1,0.451498895302989,0.451498895302989,full_event_available,0,1,,"3,6","0.79776,0.75829",paper_formula,Full Bernoulli event probability uses selected probabilities and non-selected complement probabilities.
18,1,4,continue,bernoulli_full_event,40,5,35,0.223090998282939,0.79908358352279,0.178268354359607,full_event_available,0,1,,"9,24,25,27,42","0.13357,0.1984,0.81108,0.4132,0.72589",paper_formula,Full Bernoulli event probability uses selected probabilities and non-selected complement probabilities.
18,1,5,max_depth_reached,bernoulli_full_event,0,0,0,NaN,NaN,1,terminal_stage_probability_one,1,0,,"","",,Terminal recording stage excluded from Bernoulli complement product.
18,2,1,continue,bernoulli_full_event,45,1,44,1,0.75409812774578,0.75409812774578,full_event_available,0,1,,"19","0.7445",paper_formula,Full Bernoulli event probability uses selected probabilities and non-selected complement probabilities.
18,2,2,no_new_outage,bernoulli_full_event,43,0,43,1,0.321901912392678,0.321901912392678,full_event_available,1,1,,"","",paper_formula,Full Bernoulli event probability uses selected probabilities and non-selected complement probabilities.
18,3,1,continue,bernoulli_full_event,45,1,44,1,0.75409812774578,0.75409812774578,full_event_available,0,1,,"19","0.96348",paper_formula,Full Bernoulli event probability uses selected probabilities and non-selected complement probabilities.
18,3,2,continue,bernoulli_full_event,43,2,41,0.00373625622644557,0.768878635252692,0.00287272758834384,full_event_available,0,1,,"5,14","0.0059521,0.15922",paper_formula,Full Bernoulli event probability uses selected probabilities and non-selected complement probabilities.
18,3,3,continue,bernoulli_full_event,41,6,35,0.962657215216841,0.656870264433918,0.632340899518706,full_event_available,0,1,,"1,3,16,17,25,27","0.51928,0.1278,0.8163,0.57886,0.12021,0.42592",paper_formula,Full Bernoulli event probability uses selected probabilities and non-selected complement probabilities.
18,3,4,load_loss_threshold,bernoulli_full_event,0,0,0,NaN,NaN,1,terminal_stage_probability_one,1,0,,"","",,Terminal recording stage excluded from Bernoulli complement product.
18,4,1,continue,bernoulli_full_event,45,1,44,1,0.75409812774578,0.75409812774578,full_event_available,0,1,,"19","0.25143",paper_formula,Full Bernoulli event probability uses selected probabilities and non-selected complement probabilities.
18,4,2,no_new_outage,bernoulli_full_event,43,0,43,1,0.321901912392678,0.321901912392678,full_event_available,1,1,,"","",paper_formula,Full Bernoulli event probability uses selected probabilities and non-selected complement probabilities.
18,5,1,continue,bernoulli_full_event,45,2,43,0.00656119455,0.759078590053863,0.00498046230808309,full_event_available,0,1,,"19,36","0.44005,0.0051446",paper_formula,Full Bernoulli event probability uses selected probabilities and non-selected complement probabilities.
18,5,2,continue,bernoulli_full_event,42,1,41,0.006544364125,0.321804783083806,0.00210600767766707,full_event_available,0,1,,"11","0.0016821",paper_formula,Full Bernoulli event probability uses selected probabilities and non-selected complement probabilities.
18,5,3,continue,bernoulli_full_event,41,2,39,0.703046136145543,0.778889044227327,0.547594933030117,full_event_available,0,1,,"12,14","0.83976,0.67448",paper_formula,Full Bernoulli event probability uses selected probabilities and non-selected complement probabilities.
18,5,4,continue,bernoulli_full_event,39,2,37,1,0.742986238694807,0.742986238694807,full_event_available,0,1,,"1,27","0.85042,0.11396",paper_formula,Full Bernoulli event probability uses selected probabilities and non-selected complement probabilities.
18,5,5,max_depth_reached,bernoulli_full_event,30,0,30,NaN,NaN,1,terminal_stage_probability_one,1,0,,"","",,Terminal recording stage excluded from Bernoulli complement product.
18,6,1,continue,bernoulli_full_event,45,1,44,1,0.75409812774578,0.75409812774578,full_event_available,0,1,,"19","0.52376",paper_formula,Full Bernoulli event probability uses selected probabilities and non-selected complement probabilities.
18,6,2,continue,bernoulli_full_event,43,1,42,0.578614874561258,0.763913799893901,0.442011887501224,full_event_available,0,1,,"14","0.17756",paper_formula,Full Bernoulli event probability uses selected probabilities and non-selected complement probabilities.
18,6,3,continue,bernoulli_full_event,42,2,40,1,0.451498895302989,0.451498895302989,full_event_available,0,1,,"3,6","0.91454,0.030697",paper_formula,Full Bernoulli event probability uses selected probabilities and non-selected complement probabilities.
18,6,4,continue,bernoulli_full_event,40,3,37,1,0.092830222923546,0.092830222923546,full_event_available,0,1,,"25,27,42","0.2181,0.48643,0.76786",paper_formula,Full Bernoulli event probability uses selected probabilities and non-selected complement probabilities.
18,6,5,max_depth_reached,bernoulli_full_event,0,0,0,NaN,NaN,1,terminal_stage_probability_one,1,0,,"","",,Terminal recording stage excluded from Bernoulli complement product.
18,7,1,continue,bernoulli_full_event,45,3,42,3.87169140614298e-05,0.763577495882664,2.95633642873309e-05,full_event_available,0,1,,"5,19,27","0.0028456,0.87017,0.0012264",paper_formula,Full Bernoulli event probability uses selected probabilities and non-selected complement probabilities.
18,7,2,continue,bernoulli_full_event,38,2,36,1,0.5611186376852,0.5611186376852,full_event_available,0,1,,"8,14","0.88703,0.96233",paper_formula,Full Bernoulli event probability uses selected probabilities and non-selected complement probabilities.
18,7,3,continue,bernoulli_full_event,36,5,31,0.00423997495194282,0.818677047384874,0.00347117017464237,full_event_available,0,1,,"1,3,16,17,42","0.48632,0.9934,0.4989,0.35026,0.0010862",paper_formula,Full Bernoulli event probability uses selected probabilities and non-selected complement probabilities.
18,7,4,load_loss_threshold,bernoulli_full_event,0,0,0,NaN,NaN,1,terminal_stage_probability_one,1,0,,"","",,Terminal recording stage excluded from Bernoulli complement product.
18,8,1,continue,bernoulli_full_event,45,1,44,1,0.75409812774578,0.75409812774578,full_event_available,0,1,,"19","0.10447",paper_formula,Full Bernoulli event probability uses selected probabilities and non-selected complement probabilities.
18,8,2,continue,bernoulli_full_event,43,1,42,0.578614874561258,0.763913799893901,0.442011887501224,full_event_available,0,1,,"14","0.39605",paper_formula,Full Bernoulli event probability uses selected probabilities and non-selected complement probabilities.
18,8,3,continue,bernoulli_full_event,42,3,39,0.420320380369787,0.778876607031669,0.32737771172868,full_event_available,0,1,,"3,6,25","0.33887,0.7285,0.19042",paper_formula,Full Bernoulli event probability uses selected probabilities and non-selected complement probabilities.
18,8,4,load_loss_threshold,bernoulli_full_event,0,0,0,NaN,NaN,1,terminal_stage_probability_one,1,0,,"","",,Terminal recording stage excluded from Bernoulli complement product.
18,9,1,continue,bernoulli_full_event,45,1,44,1,0.75409812774578,0.75409812774578,full_event_available,0,1,,"19","0.61367",paper_formula,Full Bernoulli event probability uses selected probabilities and non-selected complement probabilities.
18,9,2,no_new_outage,bernoulli_full_event,43,0,43,1,0.321901912392678,0.321901912392678,full_event_available,1,1,,"","",paper_formula,Full Bernoulli event probability uses selected probabilities and non-selected complement probabilities.
18,10,1,continue,bernoulli_full_event,45,3,42,4.21818284291744e-05,0.763989920800988,3.22264917608458e-05,full_event_available,0,1,,"5,19,20","0.0038884,0.94799,0.0050873",paper_formula,Full Bernoulli event probability uses selected probabilities and non-selected complement probabilities.
18,10,2,continue,bernoulli_full_event,42,2,40,1,0.209729008255579,0.209729008255579,full_event_available,0,1,,"8,14","0.27843,0.62686",paper_formula,Full Bernoulli event probability uses selected probabilities and non-selected complement probabilities.
18,10,3,continue,bernoulli_full_event,40,5,35,0.524188725195679,0.250387168558137,0.131250130691846,full_event_available,0,1,,"1,3,16,17,25","0.74589,0.47781,0.17287,0.61123,0.43868",paper_formula,Full Bernoulli event probability uses selected probabilities and non-selected complement probabilities.
18,10,4,load_loss_threshold,bernoulli_full_event,0,0,0,NaN,NaN,1,terminal_stage_probability_one,1,0,,"","",,Terminal recording stage excluded from Bernoulli complement product.
18,11,1,continue,bernoulli_full_event,45,1,44,1,0.75409812774578,0.75409812774578,full_event_available,0,1,,"19","0.15412",paper_formula,Full Bernoulli event probability uses selected probabilities and non-selected complement probabilities.
18,11,2,continue,bernoulli_full_event,43,1,42,0.578614874561258,0.763913799893901,0.442011887501224,full_event_available,0,1,,"14","0.32142",paper_formula,Full Bernoulli event probability uses selected probabilities and non-selected complement probabilities.
18,11,3,continue,bernoulli_full_event,42,2,40,1,0.451498895302989,0.451498895302989,full_event_available,0,1,,"3,6","0.85557,0.89574",paper_formula,Full Bernoulli event probability uses selected probabilities and non-selected complement probabilities.
18,11,4,continue,bernoulli_full_event,40,4,36,0.841951064255512,0.587351142140059,0.494520919216513,full_event_available,0,1,,"24,25,27,42","0.30124,0.58385,0.1418,0.63847",paper_formula,Full Bernoulli event probability uses selected probabilities and non-selected complement probabilities.
18,11,5,max_depth_reached,bernoulli_full_event,0,0,0,NaN,NaN,1,terminal_stage_probability_one,1,0,,"","",,Terminal recording stage excluded from Bernoulli complement product.
18,12,1,continue,bernoulli_full_event,45,1,44,1,0.75409812774578,0.75409812774578,full_event_available,0,1,,"19","0.51172",paper_formula,Full Bernoulli event probability uses selected probabilities and non-selected complement probabilities.
18,12,2,continue,bernoulli_full_event,43,1,42,0.578614874561258,0.763913799893901,0.442011887501224,full_event_available,0,1,,"14","0.17544",paper_formula,Full Bernoulli event probability uses selected probabilities and non-selected complement probabilities.
18,12,3,continue,bernoulli_full_event,42,2,40,1,0.451498895302989,0.451498895302989,full_event_available,0,1,,"3,6","0.58115,0.2141",paper_formula,Full Bernoulli event probability uses selected probabilities and non-selected complement probabilities.
18,12,4,continue,bernoulli_full_event,40,4,36,0.264969079266151,0.126294309946669,0.0334640870231227,full_event_available,0,1,,"9,25,27,42","0.16436,0.31573,0.21826,0.2281",paper_formula,Full Bernoulli event probability uses selected probabilities and non-selected complement probabilities.
18,12,5,max_depth_reached,bernoulli_full_event,0,0,0,NaN,NaN,1,terminal_stage_probability_one,1,0,,"","",,Terminal recording stage excluded from Bernoulli complement product.
18,13,1,continue,bernoulli_full_event,45,1,44,1,0.75409812774578,0.75409812774578,full_event_available,0,1,,"19","0.97381",paper_formula,Full Bernoulli event probability uses selected probabilities and non-selected complement probabilities.
18,13,2,continue,bernoulli_full_event,43,1,42,0.578614874561258,0.763913799893901,0.442011887501224,full_event_available,0,1,,"14","0.083901",paper_formula,Full Bernoulli event probability uses selected probabilities and non-selected complement probabilities.
18,13,3,continue,bernoulli_full_event,42,3,39,0.420320380369787,0.778876607031669,0.32737771172868,full_event_available,0,1,,"3,6,25","0.12524,0.96789,0.36559",paper_formula,Full Bernoulli event probability uses selected probabilities and non-selected complement probabilities.
18,13,4,load_loss_threshold,bernoulli_full_event,0,0,0,NaN,NaN,1,terminal_stage_probability_one,1,0,,"","",,Terminal recording stage excluded from Bernoulli complement product.
18,14,1,continue,bernoulli_full_event,45,1,44,1,0.75409812774578,0.75409812774578,full_event_available,0,1,,"19","0.90945",paper_formula,Full Bernoulli event probability uses selected probabilities and non-selected complement probabilities.
18,14,2,no_new_outage,bernoulli_full_event,43,0,43,1,0.321901912392678,0.321901912392678,full_event_available,1,1,,"","",paper_formula,Full Bernoulli event probability uses selected probabilities and non-selected complement probabilities.
18,15,1,continue,bernoulli_full_event,45,1,44,1,0.75409812774578,0.75409812774578,full_event_available,0,1,,"19","0.45181",paper_formula,Full Bernoulli event probability uses selected probabilities and non-selected complement probabilities.
18,15,2,continue,bernoulli_full_event,43,1,42,0.578614874561258,0.763913799893901,0.442011887501224,full_event_available,0,1,,"14","0.066442",paper_formula,Full Bernoulli event probability uses selected probabilities and non-selected complement probabilities.
18,15,3,continue,bernoulli_full_event,42,3,39,0.006579015,0.45448898515365,0.00299008985066064,full_event_available,0,1,,"3,6,29","0.8859,0.98208,0.0020065",paper_formula,Full Bernoulli event probability uses selected probabilities and non-selected complement probabilities.
18,15,4,continue,bernoulli_full_event,39,6,33,0.100315714136917,0.600250492060963,0.0602145567721315,full_event_available,0,1,,"16,17,24,25,27,42","0.059059,0.099669,0.13553,0.1449,0.066543,0.074488",paper_formula,Full Bernoulli event probability uses selected probabilities and non-selected complement probabilities.
18,15,5,max_depth_reached,bernoulli_full_event,10,0,10,NaN,NaN,1,terminal_stage_probability_one,1,0,,"","",,Terminal recording stage excluded from Bernoulli complement product.
18,16,1,continue,bernoulli_full_event,45,2,43,0.0065948554,0.759104310909746,0.00500618316396642,full_event_available,0,1,,"9,19","0.0065106,0.34564",paper_formula,Full Bernoulli event probability uses selected probabilities and non-selected complement probabilities.
18,16,2,continue,bernoulli_full_event,42,1,41,0.640716547366884,0.76898514573477,0.492701507551602,full_event_available,0,1,,"14","0.11779",paper_formula,Full Bernoulli event probability uses selected probabilities and non-selected complement probabilities.
18,16,3,continue,bernoulli_full_event,41,2,39,1,0.61279369841504,0.61279369841504,full_event_available,0,1,,"3,6","0.22496,0.54674",paper_formula,Full Bernoulli event probability uses selected probabilities and non-selected complement probabilities.
18,16,4,load_loss_threshold,bernoulli_full_event,0,0,0,NaN,NaN,1,terminal_stage_probability_one,1,0,,"","",,Terminal recording stage excluded from Bernoulli complement product.
18,17,1,continue,bernoulli_full_event,45,2,43,0.006425561125,0.758974967793683,0.00487684004790321,full_event_available,0,1,,"4,19","0.001492,0.37997",paper_formula,Full Bernoulli event probability uses selected probabilities and non-selected complement probabilities.
18,17,2,no_new_outage,bernoulli_full_event,42,0,42,1,0.304827389723276,0.304827389723276,full_event_available,1,1,,"","",paper_formula,Full Bernoulli event probability uses selected probabilities and non-selected complement probabilities.
18,18,1,continue,bernoulli_full_event,45,1,44,1,0.75409812774578,0.75409812774578,full_event_available,0,1,,"19","0.71427",paper_formula,Full Bernoulli event probability uses selected probabilities and non-selected complement probabilities.
18,18,2,continue,bernoulli_full_event,43,2,41,0.00385540761021258,0.769038028805312,0.00296495506879888,full_event_available,0,1,,"14,17","0.14491,0.0041292",paper_formula,Full Bernoulli event probability uses selected probabilities and non-selected complement probabilities.
18,18,3,continue,bernoulli_full_event,41,6,35,0.0064832804386286,0.798795469047884,0.0051788150389433,full_event_available,0,1,,"3,6,8,25,27,32","0.085023,0.49465,0.099681,0.2542,0.48647,0.0054319",paper_formula,Full Bernoulli event probability uses selected probabilities and non-selected complement probabilities.
18,18,4,load_loss_threshold,bernoulli_full_event,22,0,22,NaN,NaN,1,terminal_stage_probability_one,1,0,,"","",,Terminal recording stage excluded from Bernoulli complement product.
18,19,1,continue,bernoulli_full_event,45,1,44,1,0.75409812774578,0.75409812774578,full_event_available,0,1,,"19","0.84507",paper_formula,Full Bernoulli event probability uses selected probabilities and non-selected complement probabilities.
18,19,2,continue,bernoulli_full_event,43,1,42,0.578614874561258,0.763913799893901,0.442011887501224,full_event_available,0,1,,"14","0.21694",paper_formula,Full Bernoulli event probability uses selected probabilities and non-selected complement probabilities.
18,19,3,continue,bernoulli_full_event,42,2,40,1,0.451498895302989,0.451498895302989,full_event_available,0,1,,"3,6","0.84451,0.67859",paper_formula,Full Bernoulli event probability uses selected probabilities and non-selected complement probabilities.
18,19,4,continue,bernoulli_full_event,40,6,34,0.00147876230734718,0.804415665835535,0.00118953956607718,full_event_available,0,1,,"9,24,25,27,30,42","0.085193,0.81946,0.33624,0.04973,0.0045214,0.72086",paper_formula,Full Bernoulli event probability uses selected probabilities and non-selected complement probabilities.
18,19,5,max_depth_reached,bernoulli_full_event,0,0,0,NaN,NaN,1,terminal_stage_probability_one,1,0,,"","",,Terminal recording stage excluded from Bernoulli complement product.
18,20,1,continue,bernoulli_full_event,45,2,43,0.00641467085,0.758966648985147,0.0048685212393672,full_event_available,0,1,,"7,19","0.0017882,0.87144",paper_formula,Full Bernoulli event probability uses selected probabilities and non-selected complement probabilities.
18,20,2,continue,bernoulli_full_event,42,1,41,0.599664431803499,0.768845691942151,0.461049415003058,full_event_available,0,1,,"14","0.30909",paper_formula,Full Bernoulli event probability uses selected probabilities and non-selected complement probabilities.
18,20,3,continue,bernoulli_full_event,41,3,38,0.147173038260934,0.737138712001661,0.108486943865036,full_event_available,0,1,,"3,6,25","0.29465,0.76879,0.062109",paper_formula,Full Bernoulli event probability uses selected probabilities and non-selected complement probabilities.
18,20,4,load_loss_threshold,bernoulli_full_event,0,0,0,NaN,NaN,1,terminal_stage_probability_one,1,0,,"","",,Terminal recording stage excluded from Bernoulli complement product.
18,21,1,continue,bernoulli_full_event,45,1,44,1,0.75409812774578,0.75409812774578,full_event_available,0,1,,"19","0.37977",paper_formula,Full Bernoulli event probability uses selected probabilities and non-selected complement probabilities.
18,21,2,continue,bernoulli_full_event,43,1,42,0.00649387285,0.324005965938121,0.00210405354544359,full_event_available,0,1,,"35","0.0062632",paper_formula,Full Bernoulli event probability uses selected probabilities and non-selected complement probabilities.
18,21,3,continue,bernoulli_full_event,42,4,38,0.877042846140453,0.639920154012953,0.561237393178157,full_event_available,0,1,,"14,29,36,38","0.70335,0.12363,0.72486,0.05489",paper_formula,Full Bernoulli event probability uses selected probabilities and non-selected complement probabilities.
18,21,4,continue,bernoulli_full_event,36,6,30,1,0.825157745264589,0.825157745264589,full_event_available,0,1,,"1,3,6,16,17,27","0.65979,0.58431,0.49878,0.1519,0.54992,0.29015",paper_formula,Full Bernoulli event probability uses selected probabilities and non-selected complement probabilities.
18,21,5,max_depth_reached,bernoulli_full_event,0,0,0,NaN,NaN,1,terminal_stage_probability_one,1,0,,"","",,Terminal recording stage excluded from Bernoulli complement product.
18,22,1,continue,bernoulli_full_event,45,2,43,0.006663167125,0.759156514475764,0.0050583867299845,full_event_available,0,1,,"17,19","0.0062028,0.96794",paper_formula,Full Bernoulli event probability uses selected probabilities and non-selected complement probabilities.
18,22,2,continue,bernoulli_full_event,42,2,40,0.861298130683256,0.773694634411298,0.666381742338117,full_event_available,0,1,,"8,14","0.12126,0.58869",paper_formula,Full Bernoulli event probability uses selected probabilities and non-selected complement probabilities.
18,22,3,load_loss_threshold,bernoulli_full_event,0,0,0,NaN,NaN,1,terminal_stage_probability_one,1,0,,"","",,Terminal recording stage excluded from Bernoulli complement product.
18,23,1,continue,bernoulli_full_event,45,1,44,1,0.75409812774578,0.75409812774578,full_event_available,0,1,,"19","0.63387",paper_formula,Full Bernoulli event probability uses selected probabilities and non-selected complement probabilities.
18,23,2,no_new_outage,bernoulli_full_event,43,0,43,1,0.321901912392678,0.321901912392678,full_event_available,1,1,,"","",paper_formula,Full Bernoulli event probability uses selected probabilities and non-selected complement probabilities.
18,24,1,continue,bernoulli_full_event,45,2,43,0.00641863095,0.758969673985333,0.00487154623955367,full_event_available,0,1,,"1,19","0.0024571,0.88196",paper_formula,Full Bernoulli event probability uses selected probabilities and non-selected complement probabilities.
18,24,2,continue,bernoulli_full_event,42,2,40,0.754893137950014,0.773769333047288,0.584113159873557,full_event_available,0,1,,"3,14","0.26029,0.58985",paper_formula,Full Bernoulli event probability uses selected probabilities and non-selected complement probabilities.
18,24,3,continue,bernoulli_full_event,40,9,31,3.35089816642079e-05,0.819940617642075,2.74753751223075e-05,full_event_available,0,1,,"7,15,17,25,27,30,31,40,42","0.10806,0.0011935,0.00042407,0.56931,0.42923,0.5553,0.23872,0.22332,0.44966",paper_formula,Full Bernoulli event probability uses selected probabilities and non-selected complement probabilities.
18,24,4,load_loss_threshold,bernoulli_full_event,1,0,1,NaN,NaN,1,terminal_stage_probability_one,1,0,,"","",,Terminal recording stage excluded from Bernoulli complement product.
18,25,1,continue,bernoulli_full_event,45,3,42,4.10000368404173e-05,0.763849097703136,3.13178411463481e-05,full_event_available,0,1,,"19,25,38","0.49436,0.005333,0.0062087",paper_formula,Full Bernoulli event probability uses selected probabilities and non-selected complement probabilities.
18,25,2,continue,bernoulli_full_event,41,3,38,1,0.783908222686774,0.783908222686774,full_event_available,0,1,,"14,28,35","0.27374,0.60524,0.70287",paper_formula,Full Bernoulli event probability uses selected probabilities and non-selected complement probabilities.
18,25,3,continue,bernoulli_full_event,35,3,32,1,0.81465650219286,0.81465650219286,full_event_available,0,1,,"3,6,27","0.60416,0.78972,0.70187",paper_formula,Full Bernoulli event probability uses selected probabilities and non-selected complement probabilities.
18,25,4,load_loss_threshold,bernoulli_full_event,0,0,0,NaN,NaN,1,terminal_stage_probability_one,1,0,,"","",,Terminal recording stage excluded from Bernoulli complement product.
18,26,1,continue,bernoulli_full_event,45,1,44,1,0.75409812774578,0.75409812774578,full_event_available,0,1,,"19","0.48224",paper_formula,Full Bernoulli event probability uses selected probabilities and non-selected complement probabilities.
18,26,2,continue,bernoulli_full_event,43,2,41,4.10447901892108e-05,0.326067237634066,1.33833613562658e-05,full_event_available,0,1,,"6,26","0.0052429,6.6202e-05",paper_formula,Full Bernoulli event probability uses selected probabilities and non-selected complement probabilities.
18,26,3,continue,bernoulli_full_event,41,2,39,0.632445770985268,0.510447505149518,0.322830365941793,full_event_available,0,1,,"3,14","0.30538,0.98184",paper_formula,Full Bernoulli event probability uses selected probabilities and non-selected complement probabilities.
18,26,4,continue,bernoulli_full_event,39,5,34,0.261954640298343,0.709042934953969,0.185737086981949,full_event_available,0,1,,"17,24,25,27,42","0.043069,0.3798,0.64616,0.50201,0.83199",paper_formula,Full Bernoulli event probability uses selected probabilities and non-selected complement probabilities.
18,26,5,max_depth_reached,bernoulli_full_event,10,0,10,NaN,NaN,1,terminal_stage_probability_one,1,0,,"","",,Terminal recording stage excluded from Bernoulli complement product.
18,27,1,continue,bernoulli_full_event,45,1,44,1,0.75409812774578,0.75409812774578,full_event_available,0,1,,"19","0.22009",paper_formula,Full Bernoulli event probability uses selected probabilities and non-selected complement probabilities.
18,27,2,continue,bernoulli_full_event,43,2,41,0.0038084344685352,0.768975183071926,0.00292859159265929,full_event_available,0,1,,"14,42","0.28342,0.0025597",paper_formula,Full Bernoulli event probability uses selected probabilities and non-selected complement probabilities.
18,27,3,continue,bernoulli_full_event,41,4,37,0.857419179835202,0.336554990883584,0.288568704252846,full_event_available,0,1,,"3,6,17,27","0.29389,0.65159,0.70493,0.60368",paper_formula,Full Bernoulli event probability uses selected probabilities and non-selected complement probabilities.
18,27,4,load_loss_threshold,bernoulli_full_event,0,0,0,NaN,NaN,1,terminal_stage_probability_one,1,0,,"","",,Terminal recording stage excluded from Bernoulli complement product.
18,28,1,continue,bernoulli_full_event,45,1,44,1,0.75409812774578,0.75409812774578,full_event_available,0,1,,"19","0.39625",paper_formula,Full Bernoulli event probability uses selected probabilities and non-selected complement probabilities.
18,28,2,continue,bernoulli_full_event,43,1,42,0.578614874561258,0.763913799893901,0.442011887501224,full_event_available,0,1,,"14","0.52122",paper_formula,Full Bernoulli event probability uses selected probabilities and non-selected complement probabilities.
18,28,3,continue,bernoulli_full_event,42,2,40,1,0.451498895302989,0.451498895302989,full_event_available,0,1,,"3,6","0.74071,0.78287",paper_formula,Full Bernoulli event probability uses selected probabilities and non-selected complement probabilities.
18,28,4,continue,bernoulli_full_event,40,5,35,0.223090998282939,0.79908358352279,0.178268354359607,full_event_available,0,1,,"9,24,25,27,42","0.18647,0.83688,0.76441,0.60977,0.53218",paper_formula,Full Bernoulli event probability uses selected probabilities and non-selected complement probabilities.
18,28,5,max_depth_reached,bernoulli_full_event,0,0,0,NaN,NaN,1,terminal_stage_probability_one,1,0,,"","",,Terminal recording stage excluded from Bernoulli complement product.
18,29,1,continue,bernoulli_full_event,45,2,43,0.006425561125,0.758974967793683,0.00487684004790321,full_event_available,0,1,,"4,19","0.0060986,0.88328",paper_formula,Full Bernoulli event probability uses selected probabilities and non-selected complement probabilities.
18,29,2,continue,bernoulli_full_event,42,2,40,0.00397063465871325,0.773945920854439,0.00307305649731438,full_event_available,0,1,,"14,29","0.028623,0.00033503",paper_formula,Full Bernoulli event probability uses selected probabilities and non-selected complement probabilities.
18,29,3,continue,bernoulli_full_event,40,3,37,0.566212799681589,0.466062556536298,0.263890584963176,full_event_available,0,1,,"3,6,25","0.76157,0.3738,0.37777",paper_formula,Full Bernoulli event probability uses selected probabilities and non-selected complement probabilities.
18,29,4,load_loss_threshold,bernoulli_full_event,21,0,21,NaN,NaN,1,terminal_stage_probability_one,1,0,,"","",,Terminal recording stage excluded from Bernoulli complement product.
18,30,1,continue,bernoulli_full_event,45,1,44,1,0.75409812774578,0.75409812774578,full_event_available,0,1,,"19","0.75128",paper_formula,Full Bernoulli event probability uses selected probabilities and non-selected complement probabilities.
18,30,2,continue,bernoulli_full_event,43,1,42,0.578614874561258,0.763913799893901,0.442011887501224,full_event_available,0,1,,"14","0.32325",paper_formula,Full Bernoulli event probability uses selected probabilities and non-selected complement probabilities.
18,30,3,continue,bernoulli_full_event,42,3,39,0.420320380369787,0.778876607031669,0.32737771172868,full_event_available,0,1,,"3,6,25","0.74351,0.35807,0.25952",paper_formula,Full Bernoulli event probability uses selected probabilities and non-selected complement probabilities.
18,30,4,load_loss_threshold,bernoulli_full_event,0,0,0,NaN,NaN,1,terminal_stage_probability_one,1,0,,"","",,Terminal recording stage excluded from Bernoulli complement product.
19,1,1,continue,bernoulli_full_event,45,2,43,1,0.759018077267945,0.759018077267945,full_event_available,0,1,,"13,18","0.98937,0.87107",paper_formula,Full Bernoulli event probability uses selected probabilities and non-selected complement probabilities.
19,1,2,no_new_outage,bernoulli_full_event,42,0,42,1,0.16634290301227,0.16634290301227,full_event_available,1,1,,"","",paper_formula,Full Bernoulli event probability uses selected probabilities and non-selected complement probabilities.
19,2,1,continue,bernoulli_full_event,45,2,43,1,0.759018077267945,0.759018077267945,full_event_available,0,1,,"13,18","0.78545,0.2974",paper_formula,Full Bernoulli event probability uses selected probabilities and non-selected complement probabilities.
19,2,2,continue,bernoulli_full_event,42,1,41,0.596105716277105,0.411847628738402,0.245504725726132,full_event_available,0,1,,"14","0.17449",paper_formula,Full Bernoulli event probability uses selected probabilities and non-selected complement probabilities.
19,2,3,continue,bernoulli_full_event,41,2,39,1,0.41461052721151,0.41461052721151,full_event_available,0,1,,"3,6","0.96385,0.55769",paper_formula,Full Bernoulli event probability uses selected probabilities and non-selected complement probabilities.
19,2,4,continue,bernoulli_full_event,39,5,34,0.942726184095148,0.683538727842258,0.644389856579984,full_event_available,0,1,,"9,24,25,27,42","0.24898,0.5931,0.74075,0.32489,0.15524",paper_formula,Full Bernoulli event probability uses selected probabilities and non-selected complement probabilities.
19,2,5,max_depth_reached,bernoulli_full_event,0,0,0,NaN,NaN,1,terminal_stage_probability_one,1,0,,"","",,Terminal recording stage excluded from Bernoulli complement product.
19,3,1,continue,bernoulli_full_event,45,2,43,1,0.759018077267945,0.759018077267945,full_event_available,0,1,,"13,18","0.79636,0.32799",paper_formula,Full Bernoulli event probability uses selected probabilities and non-selected complement probabilities.
19,3,2,continue,bernoulli_full_event,42,1,41,0.596105716277105,0.411847628738402,0.245504725726132,full_event_available,0,1,,"14","0.24576",paper_formula,Full Bernoulli event probability uses selected probabilities and non-selected complement probabilities.
19,3,3,continue,bernoulli_full_event,41,2,39,1,0.41461052721151,0.41461052721151,full_event_available,0,1,,"3,6","0.079545,0.4916",paper_formula,Full Bernoulli event probability uses selected probabilities and non-selected complement probabilities.
19,3,4,continue,bernoulli_full_event,39,5,34,0.942726184095148,0.683538727842258,0.644389856579984,full_event_available,0,1,,"9,24,25,27,42","0.81964,0.75586,0.48967,0.34518,0.36698",paper_formula,Full Bernoulli event probability uses selected probabilities and non-selected complement probabilities.
19,3,5,max_depth_reached,bernoulli_full_event,0,0,0,NaN,NaN,1,terminal_stage_probability_one,1,0,,"","",,Terminal recording stage excluded from Bernoulli complement product.
19,4,1,continue,bernoulli_full_event,45,2,43,1,0.759018077267945,0.759018077267945,full_event_available,0,1,,"13,18","0.015826,0.85704",paper_formula,Full Bernoulli event probability uses selected probabilities and non-selected complement probabilities.
19,4,2,continue,bernoulli_full_event,42,1,41,0.596105716277105,0.411847628738402,0.245504725726132,full_event_available,0,1,,"14","0.21667",paper_formula,Full Bernoulli event probability uses selected probabilities and non-selected complement probabilities.
19,4,3,continue,bernoulli_full_event,41,2,39,1,0.41461052721151,0.41461052721151,full_event_available,0,1,,"3,6","0.062751,0.11055",paper_formula,Full Bernoulli event probability uses selected probabilities and non-selected complement probabilities.
19,4,4,continue,bernoulli_full_event,39,5,34,0.942726184095148,0.683538727842258,0.644389856579984,full_event_available,0,1,,"9,24,25,27,42","0.28048,0.63143,0.30247,0.090985,0.17459",paper_formula,Full Bernoulli event probability uses selected probabilities and non-selected complement probabilities.
19,4,5,max_depth_reached,bernoulli_full_event,0,0,0,NaN,NaN,1,terminal_stage_probability_one,1,0,,"","",,Terminal recording stage excluded from Bernoulli complement product.
19,5,1,continue,bernoulli_full_event,45,2,43,1,0.759018077267945,0.759018077267945,full_event_available,0,1,,"13,18","0.80372,0.38747",paper_formula,Full Bernoulli event probability uses selected probabilities and non-selected complement probabilities.
19,5,2,continue,bernoulli_full_event,42,2,40,0.00306794908457867,0.314497333607034,0.000964861806742131,full_event_available,0,1,,"8,31","0.051236,0.0044366",paper_formula,Full Bernoulli event probability uses selected probabilities and non-selected complement probabilities.
19,5,3,continue,bernoulli_full_event,40,1,39,1,0.766348323854414,0.766348323854414,full_event_available,0,1,,"3","0.11316",paper_formula,Full Bernoulli event probability uses selected probabilities and non-selected complement probabilities.
19,5,4,load_loss_threshold,bernoulli_full_event,21,0,21,NaN,NaN,1,terminal_stage_probability_one,1,0,,"","",,Terminal recording stage excluded from Bernoulli complement product.
19,6,1,continue,bernoulli_full_event,45,2,43,1,0.759018077267945,0.759018077267945,full_event_available,0,1,,"13,18","0.43667,0.26898",paper_formula,Full Bernoulli event probability uses selected probabilities and non-selected complement probabilities.
19,6,2,continue,bernoulli_full_event,42,1,41,0.596105716277105,0.411847628738402,0.245504725726132,full_event_available,0,1,,"14","0.069201",paper_formula,Full Bernoulli event probability uses selected probabilities and non-selected complement probabilities.
19,6,3,continue,bernoulli_full_event,41,2,39,1,0.41461052721151,0.41461052721151,full_event_available,0,1,,"3,6","0.34246,0.27145",paper_formula,Full Bernoulli event probability uses selected probabilities and non-selected complement probabilities.
19,6,4,continue,bernoulli_full_event,39,6,33,0.00608741103973446,0.687981188818307,0.0041880242839422,full_event_available,0,1,,"9,24,25,27,42,43","0.26822,0.060273,0.1516,0.33616,0.75875,0.0015068",paper_formula,Full Bernoulli event probability uses selected probabilities and non-selected complement probabilities.
19,6,5,max_depth_reached,bernoulli_full_event,0,0,0,NaN,NaN,1,terminal_stage_probability_one,1,0,,"","",,Terminal recording stage excluded from Bernoulli complement product.
19,7,1,continue,bernoulli_full_event,45,2,43,1,0.759018077267945,0.759018077267945,full_event_available,0,1,,"13,18","0.42773,0.33121",paper_formula,Full Bernoulli event probability uses selected probabilities and non-selected complement probabilities.
19,7,2,continue,bernoulli_full_event,42,1,41,0.00656119455,0.16744151939678,0.00109861638450987,full_event_available,0,1,,"31","0.0039561",paper_formula,Full Bernoulli event probability uses selected probabilities and non-selected complement probabilities.
19,7,3,continue,bernoulli_full_event,41,2,39,0.21698190346043,0.778662502247258,0.168955671890871,full_event_available,0,1,,"8,14","0.21966,0.27936",paper_formula,Full Bernoulli event probability uses selected probabilities and non-selected complement probabilities.
19,7,4,continue,bernoulli_full_event,39,2,37,0.006009750625,0.788095698106596,0.00473625861425592,full_event_available,0,1,,"27,34","0.49212,5.0792e-06",paper_formula,Full Bernoulli event probability uses selected probabilities and non-selected complement probabilities.
19,7,5,max_depth_reached,bernoulli_full_event,35,0,35,NaN,NaN,1,terminal_stage_probability_one,1,0,,"","",,Terminal recording stage excluded from Bernoulli complement product.
19,8,1,continue,bernoulli_full_event,45,2,43,1,0.759018077267945,0.759018077267945,full_event_available,0,1,,"13,18","0.21304,0.98411",paper_formula,Full Bernoulli event probability uses selected probabilities and non-selected complement probabilities.
19,8,2,continue,bernoulli_full_event,42,1,41,0.596105716277105,0.411847628738402,0.245504725726132,full_event_available,0,1,,"14","0.49126",paper_formula,Full Bernoulli event probability uses selected probabilities and non-selected complement probabilities.
19,8,3,continue,bernoulli_full_event,41,3,38,0.00649387285,0.417320553825746,0.00271002661423598,full_event_available,0,1,,"3,6,35","0.072679,0.69102,0.0026725",paper_formula,Full Bernoulli event probability uses selected probabilities and non-selected complement probabilities.
19,8,4,continue,bernoulli_full_event,38,7,31,0.799757364615685,0.0912446623916403,0.0729735907295861,full_event_available,0,1,,"24,25,27,29,36,38,42","0.14313,0.82362,0.013957,0.88508,0.59741,0.90806,0.29495",paper_formula,Full Bernoulli event probability uses selected probabilities and non-selected complement probabilities.
19,8,5,max_depth_reached,bernoulli_full_event,0,0,0,NaN,NaN,1,terminal_stage_probability_one,1,0,,"","",,Terminal recording stage excluded from Bernoulli complement product.
19,9,1,continue,bernoulli_full_event,45,3,42,0.006407740675,0.763913033887348,0.00489495661940262,full_event_available,0,1,,"13,18,21","0.80195,0.86146,0.0063454",paper_formula,Full Bernoulli event probability uses selected probabilities and non-selected complement probabilities.
19,9,2,continue,bernoulli_full_event,41,2,39,0.278733083314669,0.77854224287812,0.217005479848136,full_event_available,0,1,,"8,14","0.46437,0.47652",paper_formula,Full Bernoulli event probability uses selected probabilities and non-selected complement probabilities.
19,9,3,continue,bernoulli_full_event,39,2,37,0.00639487035,0.788279399269638,0.00504094455790522,full_event_available,0,1,,"27,46","0.60106,0.0012694",paper_formula,Full Bernoulli event probability uses selected probabilities and non-selected complement probabilities.
19,9,4,continue,bernoulli_full_event,34,4,30,0.562715865033153,0.824120870760245,0.463745888681726,full_event_available,0,1,,"1,2,3,40","0.91929,0.1744,0.95658,0.80078",paper_formula,Full Bernoulli event probability uses selected probabilities and non-selected complement probabilities.
19,9,5,max_depth_reached,bernoulli_full_event,0,0,0,NaN,NaN,1,terminal_stage_probability_one,1,0,,"","",,Terminal recording stage excluded from Bernoulli complement product.
19,10,1,continue,bernoulli_full_event,45,2,43,1,0.759018077267945,0.759018077267945,full_event_available,0,1,,"13,18","0.0086547,0.092066",paper_formula,Full Bernoulli event probability uses selected probabilities and non-selected complement probabilities.
19,10,2,continue,bernoulli_full_event,42,1,41,0.00656119455,0.16744151939678,0.00109861638450987,full_event_available,0,1,,"2","0.005282",paper_formula,Full Bernoulli event probability uses selected probabilities and non-selected complement probabilities.
19,10,3,continue,bernoulli_full_event,41,3,38,0.00222541973115501,0.784020718285948,0.00174477517610787,full_event_available,0,1,,"3,14,35","0.24311,0.064692,0.0057262",paper_formula,Full Bernoulli event probability uses selected probabilities and non-selected complement probabilities.
19,10,4,continue,bernoulli_full_event,38,12,26,0.00339707698040498,0.846659052693591,0.00287616597815689,full_event_available,0,1,,"7,15,25,27,29,30,31,33,36,38,40,42","0.91935,0.0040351,0.32595,0.85868,0.82764,0.53588,0.65078,0.12115,0.39255,0.011913,0.15113,0.65597",paper_formula,Full Bernoulli event probability uses selected probabilities and non-selected complement probabilities.
19,10,5,max_depth_reached,bernoulli_full_event,0,0,0,NaN,NaN,1,terminal_stage_probability_one,1,0,,"","",,Terminal recording stage excluded from Bernoulli complement product.
19,11,1,continue,bernoulli_full_event,45,2,43,1,0.759018077267945,0.759018077267945,full_event_available,0,1,,"13,18","0.83868,0.48449",paper_formula,Full Bernoulli event probability uses selected probabilities and non-selected complement probabilities.
19,11,2,continue,bernoulli_full_event,42,2,40,0.278733083225593,0.773553546081225,0.21561496493931,full_event_available,0,1,,"8,14","0.35259,0.18993",paper_formula,Full Bernoulli event probability uses selected probabilities and non-selected complement probabilities.
19,11,3,continue,bernoulli_full_event,40,2,38,0.006453281825,0.783274355972639,0.00505469016538681,full_event_available,0,1,,"27,28","0.96329,0.0040867",paper_formula,Full Bernoulli event probability uses selected probabilities and non-selected complement probabilities.
19,11,4,continue,bernoulli_full_event,35,2,33,1,0.808202713397058,0.808202713397058,full_event_available,0,1,,"3,38","0.13041,0.27271",paper_formula,Full Bernoulli event probability uses selected probabilities and non-selected complement probabilities.
19,11,5,max_depth_reached,bernoulli_full_event,0,0,0,NaN,NaN,1,terminal_stage_probability_one,1,0,,"","",,Terminal recording stage excluded from Bernoulli complement product.
19,12,1,continue,bernoulli_full_event,45,2,43,1,0.759018077267945,0.759018077267945,full_event_available,0,1,,"13,18","0.59657,0.0027873",paper_formula,Full Bernoulli event probability uses selected probabilities and non-selected complement probabilities.
19,12,2,continue,bernoulli_full_event,42,2,40,0.278733083225593,0.773553546081225,0.21561496493931,full_event_available,0,1,,"8,14","0.46583,0.40711",paper_formula,Full Bernoulli event probability uses selected probabilities and non-selected complement probabilities.
19,12,3,continue,bernoulli_full_event,40,1,39,1,0.778219665807252,0.778219665807252,full_event_available,0,1,,"27","0.13834",paper_formula,Full Bernoulli event probability uses selected probabilities and non-selected complement probabilities.
19,12,4,continue,bernoulli_full_event,36,2,34,0.0064324913,0.803047162826898,0.00516559388837371,full_event_available,0,1,,"3,45","0.035758,0.003103",paper_formula,Full Bernoulli event probability uses selected probabilities and non-selected complement probabilities.
19,12,5,max_depth_reached,bernoulli_full_event,34,0,34,NaN,NaN,1,terminal_stage_probability_one,1,0,,"","",,Terminal recording stage excluded from Bernoulli complement product.
19,13,1,continue,bernoulli_full_event,45,2,43,1,0.759018077267945,0.759018077267945,full_event_available,0,1,,"13,18","0.10805,0.37404",paper_formula,Full Bernoulli event probability uses selected probabilities and non-selected complement probabilities.
19,13,2,no_new_outage,bernoulli_full_event,42,0,42,1,0.16634290301227,0.16634290301227,full_event_available,1,1,,"","",paper_formula,Full Bernoulli event probability uses selected probabilities and non-selected complement probabilities.
19,14,1,continue,bernoulli_full_event,45,3,42,0.00656119455,0.764031033521115,0.00501295625316961,full_event_available,0,1,,"13,18,36","0.97014,0.54475,0.005577",paper_formula,Full Bernoulli event probability uses selected probabilities and non-selected complement probabilities.
19,14,2,continue,bernoulli_full_event,41,1,40,0.00639487035,0.165847992278151,0.00106057640842658,full_event_available,0,1,,"22","0.0014115",paper_formula,Full Bernoulli event probability uses selected probabilities and non-selected complement probabilities.
19,14,3,continue,bernoulli_full_event,39,1,38,0.378517806832238,0.447967831815922,0.169563801230356,full_event_available,0,1,,"8","0.1301",paper_formula,Full Bernoulli event probability uses selected probabilities and non-selected complement probabilities.
19,14,4,continue,bernoulli_full_event,38,1,37,1,0.788728745936524,0.788728745936524,full_event_available,0,1,,"3","0.45186",paper_formula,Full Bernoulli event probability uses selected probabilities and non-selected complement probabilities.
19,14,5,max_depth_reached,bernoulli_full_event,37,0,37,NaN,NaN,1,terminal_stage_probability_one,1,0,,"","",,Terminal recording stage excluded from Bernoulli complement product.
19,15,1,continue,bernoulli_full_event,45,2,43,1,0.759018077267945,0.759018077267945,full_event_available,0,1,,"13,18","0.89696,0.78813",paper_formula,Full Bernoulli event probability uses selected probabilities and non-selected complement probabilities.
19,15,2,no_new_outage,bernoulli_full_event,42,0,42,1,0.16634290301227,0.16634290301227,full_event_available,1,1,,"","",paper_formula,Full Bernoulli event probability uses selected probabilities and non-selected complement probabilities.
19,16,1,continue,bernoulli_full_event,45,3,42,0.00639487035,0.763903138800533,0.00488506153258746,full_event_available,0,1,,"13,18,46","0.44862,0.30704,0.0034971",paper_formula,Full Bernoulli event probability uses selected probabilities and non-selected complement probabilities.
19,16,2,continue,bernoulli_full_event,41,4,37,0.523325973855036,0.78840116271167,0.412590806264527,full_event_available,0,1,,"8,10,14,27","0.12989,0.97244,0.074856,0.21644",paper_formula,Full Bernoulli event probability uses selected probabilities and non-selected complement probabilities.
19,16,3,load_loss_threshold,bernoulli_full_event,34,0,34,NaN,NaN,1,terminal_stage_probability_one,1,0,,"","",,Terminal recording stage excluded from Bernoulli complement product.
19,17,1,continue,bernoulli_full_event,45,2,43,1,0.759018077267945,0.759018077267945,full_event_available,0,1,,"13,18","0.32077,0.57375",paper_formula,Full Bernoulli event probability uses selected probabilities and non-selected complement probabilities.
19,17,2,continue,bernoulli_full_event,42,3,39,0.00179736337640233,0.778574049807395,0.00139938048294105,full_event_available,0,1,,"8,14,25","0.3321,0.43622,0.004076",paper_formula,Full Bernoulli event probability uses selected probabilities and non-selected complement probabilities.
19,17,3,continue,bernoulli_full_event,39,7,32,0.591269426235139,0.81423296225222,0.481431056412607,full_event_available,0,1,,"3,4,6,7,26,27,30","0.5761,0.48774,0.68645,0.47298,0.23972,0.69825,0.34763",paper_formula,Full Bernoulli event probability uses selected probabilities and non-selected complement probabilities.
19,17,4,load_loss_threshold,bernoulli_full_event,9,0,9,NaN,NaN,1,terminal_stage_probability_one,1,0,,"","",,Terminal recording stage excluded from Bernoulli complement product.
19,18,1,continue,bernoulli_full_event,45,2,43,1,0.759018077267945,0.759018077267945,full_event_available,0,1,,"13,18","0.7507,0.21231",paper_formula,Full Bernoulli event probability uses selected probabilities and non-selected complement probabilities.
19,18,2,continue,bernoulli_full_event,42,1,41,0.467590019042899,0.312433855415782,0.146090952403512,full_event_available,0,1,,"8","0.2239",paper_formula,Full Bernoulli event probability uses selected probabilities and non-selected complement probabilities.
19,18,3,continue,bernoulli_full_event,41,1,40,1,0.773554316819878,0.773554316819878,full_event_available,0,1,,"3","0.7382",paper_formula,Full Bernoulli event probability uses selected probabilities and non-selected complement probabilities.
19,18,4,continue,bernoulli_full_event,40,8,32,1,0.814593274427539,0.814593274427539,full_event_available,0,1,,"4,7,25,27,30,31,40,42","0.53802,0.5614,0.091709,0.48557,0.11048,0.0994,0.5819,0.82692",paper_formula,Full Bernoulli event probability uses selected probabilities and non-selected complement probabilities.
19,18,5,max_depth_reached,bernoulli_full_event,10,0,10,NaN,NaN,1,terminal_stage_probability_one,1,0,,"","",,Terminal recording stage excluded from Bernoulli complement product.
19,19,1,continue,bernoulli_full_event,45,3,42,0.006245376575,0.763788222340009,0.00477014507206318,full_event_available,0,1,,"12,13,18","0.0051237,0.0063578,0.16293",paper_formula,Full Bernoulli event probability uses selected probabilities and non-selected complement probabilities.
19,19,2,continue,bernoulli_full_event,41,3,38,0.997989848151966,0.119677029776227,0.119436460773655,full_event_available,0,1,,"8,10,11","0.8195,0.36635,0.15532",paper_formula,Full Bernoulli event probability uses selected probabilities and non-selected complement probabilities.
19,19,3,continue,bernoulli_full_event,37,4,33,0.000493352364459134,0.808938986484103,0.000399091961685107,full_event_available,0,1,,"1,4,22,27","0.70476,0.013293,0.0019081,0.052367",paper_formula,Full Bernoulli event probability uses selected probabilities and non-selected complement probabilities.
19,19,4,load_loss_threshold,bernoulli_full_event,25,0,25,NaN,NaN,1,terminal_stage_probability_one,1,0,,"","",,Terminal recording stage excluded from Bernoulli complement product.
19,20,1,continue,bernoulli_full_event,45,3,42,0.005995890275,0.763596518205478,0.00457844093753208,full_event_available,0,1,,"13,18,27","0.62366,0.050254,0.00177",paper_formula,Full Bernoulli event probability uses selected probabilities and non-selected complement probabilities.
19,20,2,continue,bernoulli_full_event,38,4,34,1,0.803151200216209,0.803151200216209,full_event_available,0,1,,"3,8,10,14","0.6202,0.88608,0.30812,0.20111",paper_formula,Full Bernoulli event probability uses selected probabilities and non-selected complement probabilities.
19,20,3,load_loss_threshold,bernoulli_full_event,34,0,34,NaN,NaN,1,terminal_stage_probability_one,1,0,,"","",,Terminal recording stage excluded from Bernoulli complement product.
19,21,1,continue,bernoulli_full_event,45,2,43,1,0.759018077267945,0.759018077267945,full_event_available,0,1,,"13,18","0.70654,0.09892",paper_formula,Full Bernoulli event probability uses selected probabilities and non-selected complement probabilities.
19,21,2,no_new_outage,bernoulli_full_event,42,0,42,1,0.16634290301227,0.16634290301227,full_event_available,1,1,,"","",paper_formula,Full Bernoulli event probability uses selected probabilities and non-selected complement probabilities.
19,22,1,continue,bernoulli_full_event,45,2,43,1,0.759018077267945,0.759018077267945,full_event_available,0,1,,"13,18","0.32058,0.38653",paper_formula,Full Bernoulli event probability uses selected probabilities and non-selected complement probabilities.
19,22,2,continue,bernoulli_full_event,42,1,41,0.596105716277105,0.411847628738402,0.245504725726132,full_event_available,0,1,,"14","0.14861",paper_formula,Full Bernoulli event probability uses selected probabilities and non-selected complement probabilities.
19,22,3,continue,bernoulli_full_event,41,2,39,1,0.41461052721151,0.41461052721151,full_event_available,0,1,,"3,6","0.92555,0.5236",paper_formula,Full Bernoulli event probability uses selected probabilities and non-selected complement probabilities.
19,22,4,continue,bernoulli_full_event,39,6,33,0.00612194397187958,0.68800655492994,0.00421193758156698,full_event_available,0,1,,"9,24,25,27,35,42","0.044316,0.30643,0.77093,0.98828,0.004057,0.51552",paper_formula,Full Bernoulli event probability uses selected probabilities and non-selected complement probabilities.
19,22,5,max_depth_reached,bernoulli_full_event,0,0,0,NaN,NaN,1,terminal_stage_probability_one,1,0,,"","",,Terminal recording stage excluded from Bernoulli complement product.
19,23,1,continue,bernoulli_full_event,45,3,42,0.006007770575,0.763605644791629,0.00458756752368305,full_event_available,0,1,,"13,15,18","0.43411,0.0045954,0.55749",paper_formula,Full Bernoulli event probability uses selected probabilities and non-selected complement probabilities.
19,23,2,continue,bernoulli_full_event,41,3,38,0.611965836881734,0.783368802287011,0.479394944678612,full_event_available,0,1,,"8,10,14","0.22275,0.94167,0.043091",paper_formula,Full Bernoulli event probability uses selected probabilities and non-selected complement probabilities.
19,23,3,continue,bernoulli_full_event,37,1,36,1,0.793336994548718,0.793336994548718,full_event_available,0,1,,"3","0.26454",paper_formula,Full Bernoulli event probability uses selected probabilities and non-selected complement probabilities.
19,23,4,continue,bernoulli_full_event,36,9,27,0.006437441425,0.84083831925625,0.00541284742810756,full_event_available,0,1,,"4,7,25,27,30,31,40,41,42","0.51013,0.26759,0.50462,0.96016,0.47208,0.20916,0.95069,0.0025931,0.0091455",paper_formula,Full Bernoulli event probability uses selected probabilities and non-selected complement probabilities.
19,23,5,max_depth_reached,bernoulli_full_event,6,0,6,NaN,NaN,1,terminal_stage_probability_one,1,0,,"","",,Terminal recording stage excluded from Bernoulli complement product.
19,24,1,continue,bernoulli_full_event,45,2,43,1,0.759018077267945,0.759018077267945,full_event_available,0,1,,"13,18","0.64097,0.10387",paper_formula,Full Bernoulli event probability uses selected probabilities and non-selected complement probabilities.
19,24,2,continue,bernoulli_full_event,42,2,40,0.278733083225593,0.773553546081225,0.21561496493931,full_event_available,0,1,,"8,14","0.10537,0.0911",paper_formula,Full Bernoulli event probability uses selected probabilities and non-selected complement probabilities.
19,24,3,continue,bernoulli_full_event,40,2,38,0.006009750625,0.782924848907301,0.00470518310004868,full_event_available,0,1,,"27,33","0.73764,0.0025427",paper_formula,Full Bernoulli event probability uses selected probabilities and non-selected complement probabilities.
19,24,4,continue,bernoulli_full_event,36,2,34,0.006453281825,0.803063967041345,0.00518239810282031,full_event_available,0,1,,"3,28","0.1394,0.0016835",paper_formula,Full Bernoulli event probability uses selected probabilities and non-selected complement probabilities.
19,24,5,max_depth_reached,bernoulli_full_event,34,0,34,NaN,NaN,1,terminal_stage_probability_one,1,0,,"","",,Terminal recording stage excluded from Bernoulli complement product.
19,25,1,continue,bernoulli_full_event,45,2,43,1,0.759018077267945,0.759018077267945,full_event_available,0,1,,"13,18","0.10357,0.016989",paper_formula,Full Bernoulli event probability uses selected probabilities and non-selected complement probabilities.
19,25,2,continue,bernoulli_full_event,42,2,40,0.278733083225593,0.773553546081225,0.21561496493931,full_event_available,0,1,,"8,14","0.34436,0.43558",paper_formula,Full Bernoulli event probability uses selected probabilities and non-selected complement probabilities.
19,25,3,continue,bernoulli_full_event,40,1,39,1,0.778219665807252,0.778219665807252,full_event_available,0,1,,"27","0.83354",paper_formula,Full Bernoulli event probability uses selected probabilities and non-selected complement probabilities.
19,25,4,continue,bernoulli_full_event,36,2,34,0.006009750625,0.80270562959769,0.00482406065916574,full_event_available,0,1,,"3,44","0.72591,0.0013869",paper_formula,Full Bernoulli event probability uses selected probabilities and non-selected complement probabilities.
19,25,5,max_depth_reached,bernoulli_full_event,34,0,34,NaN,NaN,1,terminal_stage_probability_one,1,0,,"","",,Terminal recording stage excluded from Bernoulli complement product.
19,26,1,continue,bernoulli_full_event,45,2,43,1,0.759018077267945,0.759018077267945,full_event_available,0,1,,"13,18","0.45513,0.661",paper_formula,Full Bernoulli event probability uses selected probabilities and non-selected complement probabilities.
19,26,2,no_new_outage,bernoulli_full_event,42,0,42,1,0.16634290301227,0.16634290301227,full_event_available,1,1,,"","",paper_formula,Full Bernoulli event probability uses selected probabilities and non-selected complement probabilities.
19,27,1,continue,bernoulli_full_event,45,2,43,1,0.759018077267945,0.759018077267945,full_event_available,0,1,,"13,18","0.29962,0.41003",paper_formula,Full Bernoulli event probability uses selected probabilities and non-selected complement probabilities.
19,27,2,continue,bernoulli_full_event,42,1,41,0.467590019042899,0.312433855415782,0.146090952403512,full_event_available,0,1,,"8","0.44502",paper_formula,Full Bernoulli event probability uses selected probabilities and non-selected complement probabilities.
19,27,3,continue,bernoulli_full_event,41,1,40,1,0.773554316819878,0.773554316819878,full_event_available,0,1,,"3","0.19568",paper_formula,Full Bernoulli event probability uses selected probabilities and non-selected complement probabilities.
19,27,4,continue,bernoulli_full_event,40,8,32,1,0.814593274427539,0.814593274427539,full_event_available,0,1,,"4,7,25,27,30,31,40,42","0.84008,0.75975,0.94717,0.91016,0.087253,0.19521,0.82399,0.91268",paper_formula,Full Bernoulli event probability uses selected probabilities and non-selected complement probabilities.
19,27,5,max_depth_reached,bernoulli_full_event,10,0,10,NaN,NaN,1,terminal_stage_probability_one,1,0,,"","",,Terminal recording stage excluded from Bernoulli complement product.
19,28,1,continue,bernoulli_full_event,45,3,42,0.006358239425,0.763874977264158,0.00485689999621195,full_event_available,0,1,,"13,18,24","0.43566,0.081969,0.0048118",paper_formula,Full Bernoulli event probability uses selected probabilities and non-selected complement probabilities.
19,28,2,no_new_outage,bernoulli_full_event,41,0,41,1,0.101502452295364,0.101502452295364,full_event_available,1,1,,"","",paper_formula,Full Bernoulli event probability uses selected probabilities and non-selected complement probabilities.
19,29,1,continue,bernoulli_full_event,45,2,43,1,0.759018077267945,0.759018077267945,full_event_available,0,1,,"13,18","0.93351,0.95983",paper_formula,Full Bernoulli event probability uses selected probabilities and non-selected complement probabilities.
19,29,2,continue,bernoulli_full_event,42,1,41,0.596105716277105,0.411847628738402,0.245504725726132,full_event_available,0,1,,"14","0.52009",paper_formula,Full Bernoulli event probability uses selected probabilities and non-selected complement probabilities.
19,29,3,continue,bernoulli_full_event,41,4,37,0.013718228836266,0.788687099673558,0.0108193901135328,full_event_available,0,1,,"3,6,25,27","0.1734,0.1153,0.37893,0.0079421",paper_formula,Full Bernoulli event probability uses selected probabilities and non-selected complement probabilities.
19,29,4,load_loss_threshold,bernoulli_full_event,0,0,0,NaN,NaN,1,terminal_stage_probability_one,1,0,,"","",,Terminal recording stage excluded from Bernoulli complement product.
19,30,1,continue,bernoulli_full_event,45,2,43,1,0.759018077267945,0.759018077267945,full_event_available,0,1,,"13,18","0.94107,0.31956",paper_formula,Full Bernoulli event probability uses selected probabilities and non-selected complement probabilities.
19,30,2,no_new_outage,bernoulli_full_event,42,0,42,1,0.16634290301227,0.16634290301227,full_event_available,1,1,,"","",paper_formula,Full Bernoulli event probability uses selected probabilities and non-selected complement probabilities.
20,1,1,continue,bernoulli_full_event,45,3,42,2.02760324654728e-05,0.763752498471205,1.54858704545881e-05,full_event_available,0,1,,"14,19,27","0.069946,0.0056876,0.0036615",paper_formula,Full Bernoulli event probability uses selected probabilities and non-selected complement probabilities.
20,1,2,continue,bernoulli_full_event,39,4,35,0.999017671001255,0.349369440059039,0.349026244326794,full_event_available,0,1,,"3,6,16,17","0.44692,0.45544,0.48264,0.90193",paper_formula,Full Bernoulli event probability uses selected probabilities and non-selected complement probabilities.
20,1,3,load_loss_threshold,bernoulli_full_event,0,0,0,NaN,NaN,1,terminal_stage_probability_one,1,0,,"","",,Terminal recording stage excluded from Bernoulli complement product.
20,2,1,no_new_outage,bernoulli_full_event,45,0,45,1,0.371390394617353,0.371390394617353,full_event_available,1,1,,"","",paper_formula,Full Bernoulli event probability uses selected probabilities and non-selected complement probabilities.
20,3,1,continue,bernoulli_full_event,45,1,44,0.507514663748384,0.754114624902467,0.382724230285115,full_event_available,0,1,,"14","0.14993",paper_formula,Full Bernoulli event probability uses selected probabilities and non-selected complement probabilities.
20,3,2,continue,bernoulli_full_event,44,3,41,0.5188604601636,0.768885495246416,0.398944281876673,full_event_available,0,1,,"3,6,25","0.078273,0.93561,0.40317",paper_formula,Full Bernoulli event probability uses selected probabilities and non-selected complement probabilities.
20,3,3,load_loss_threshold,bernoulli_full_event,0,0,0,NaN,NaN,1,terminal_stage_probability_one,1,0,,"","",,Terminal recording stage excluded from Bernoulli complement product.
20,4,1,no_new_outage,bernoulli_full_event,45,0,45,1,0.371390394617353,0.371390394617353,full_event_available,1,1,,"","",paper_formula,Full Bernoulli event probability uses selected probabilities and non-selected complement probabilities.
20,5,1,continue,bernoulli_full_event,45,1,44,0.507514663748384,0.754114624902467,0.382724230285115,full_event_available,0,1,,"14","0.4415",paper_formula,Full Bernoulli event probability uses selected probabilities and non-selected complement probabilities.
20,5,2,continue,bernoulli_full_event,44,3,41,0.00647698154870454,0.371251052654471,0.00240458621798015,full_event_available,0,1,,"3,6,32","0.63652,0.49085,0.0014037",paper_formula,Full Bernoulli event probability uses selected probabilities and non-selected complement probabilities.
20,5,3,continue,bernoulli_full_event,40,4,36,0.934039359107225,0.793522745615134,0.741181476751366,full_event_available,0,1,,"24,25,27,42","0.048094,0.35968,0.91259,0.78002",paper_formula,Full Bernoulli event probability uses selected probabilities and non-selected complement probabilities.
20,5,4,load_loss_threshold,bernoulli_full_event,0,0,0,NaN,NaN,1,terminal_stage_probability_one,1,0,,"","",,Terminal recording stage excluded from Bernoulli complement product.
20,6,1,continue,bernoulli_full_event,45,1,44,0.507514663748384,0.754114624902467,0.382724230285115,full_event_available,0,1,,"14","0.49885",paper_formula,Full Bernoulli event probability uses selected probabilities and non-selected complement probabilities.
20,6,2,continue,bernoulli_full_event,44,2,42,0.997246850835868,0.368839827975281,0.367824356911192,full_event_available,0,1,,"3,6","0.78833,0.76916",paper_formula,Full Bernoulli event probability uses selected probabilities and non-selected complement probabilities.
20,6,3,continue,bernoulli_full_event,42,4,38,0.688746277233782,0.783631023559264,0.539722950201341,full_event_available,0,1,,"24,25,27,42","0.1996,0.19568,0.98176,0.84058",paper_formula,Full Bernoulli event probability uses selected probabilities and non-selected complement probabilities.
20,6,4,load_loss_threshold,bernoulli_full_event,0,0,0,NaN,NaN,1,terminal_stage_probability_one,1,0,,"","",,Terminal recording stage excluded from Bernoulli complement product.
20,7,1,continue,bernoulli_full_event,45,2,43,0.00325553951949431,0.758983252648872,0.00247089997363274,full_event_available,0,1,,"14,23","0.0072227,0.0056682",paper_formula,Full Bernoulli event probability uses selected probabilities and non-selected complement probabilities.
20,7,2,continue,bernoulli_full_event,43,2,41,1,0.527448376827947,0.527448376827947,full_event_available,0,1,,"3,6","0.44183,0.45633",paper_formula,Full Bernoulli event probability uses selected probabilities and non-selected complement probabilities.
20,7,3,continue,bernoulli_full_event,41,6,35,0.512617099790828,0.705870065972043,0.361841066047749,full_event_available,0,1,,"9,17,24,25,27,42","0.35798,0.27406,0.84063,0.84488,0.20852,0.0076617",paper_formula,Full Bernoulli event probability uses selected probabilities and non-selected complement probabilities.
20,7,4,load_loss_threshold,bernoulli_full_event,10,0,10,NaN,NaN,1,terminal_stage_probability_one,1,0,,"","",,Terminal recording stage excluded from Bernoulli complement product.
20,8,1,no_new_outage,bernoulli_full_event,45,0,45,1,0.371390394617353,0.371390394617353,full_event_available,1,1,,"","",paper_formula,Full Bernoulli event probability uses selected probabilities and non-selected complement probabilities.
20,9,1,continue,bernoulli_full_event,45,1,44,0.507514663748384,0.754114624902467,0.382724230285115,full_event_available,0,1,,"14","0.46684",paper_formula,Full Bernoulli event probability uses selected probabilities and non-selected complement probabilities.
20,9,2,continue,bernoulli_full_event,44,3,41,0.00634073424344171,0.371200006491113,0.00235368059232399,full_event_available,0,1,,"3,6,38","0.99992,0.64353,0.0056011",paper_formula,Full Bernoulli event probability uses selected probabilities and non-selected complement probabilities.
20,9,3,continue,bernoulli_full_event,41,6,35,0.741316025369859,0.699930232185844,0.518869497760212,full_event_available,0,1,,"24,25,27,28,35,42","0.73202,0.61484,0.85103,0.60354,0.93904,0.87042",paper_formula,Full Bernoulli event probability uses selected probabilities and non-selected complement probabilities.
20,9,4,load_loss_threshold,bernoulli_full_event,0,0,0,NaN,NaN,1,terminal_stage_probability_one,1,0,,"","",,Terminal recording stage excluded from Bernoulli complement product.
20,10,1,no_new_outage,bernoulli_full_event,45,0,45,1,0.371390394617353,0.371390394617353,full_event_available,1,1,,"","",paper_formula,Full Bernoulli event probability uses selected probabilities and non-selected complement probabilities.
20,11,1,no_new_outage,bernoulli_full_event,45,0,45,1,0.371390394617353,0.371390394617353,full_event_available,1,1,,"","",paper_formula,Full Bernoulli event probability uses selected probabilities and non-selected complement probabilities.
20,12,1,continue,bernoulli_full_event,45,1,44,0.507514663748384,0.754114624902467,0.382724230285115,full_event_available,0,1,,"14","0.12764",paper_formula,Full Bernoulli event probability uses selected probabilities and non-selected complement probabilities.
20,12,2,continue,bernoulli_full_event,44,2,42,0.997246850835868,0.368839827975281,0.367824356911192,full_event_available,0,1,,"3,6","0.95823,0.34961",paper_formula,Full Bernoulli event probability uses selected probabilities and non-selected complement probabilities.
20,12,3,continue,bernoulli_full_event,42,5,37,0.00440444314695519,0.78867449470123,0.00347367197336518,full_event_available,0,1,,"24,25,27,42,46","0.3337,0.83598,0.9852,0.034612,0.0025536",paper_formula,Full Bernoulli event probability uses selected probabilities and non-selected complement probabilities.
20,12,4,load_loss_threshold,bernoulli_full_event,0,0,0,NaN,NaN,1,terminal_stage_probability_one,1,0,,"","",,Terminal recording stage excluded from Bernoulli complement product.
20,13,1,continue,bernoulli_full_event,45,1,44,0.507514663748384,0.754114624902467,0.382724230285115,full_event_available,0,1,,"14","0.44156",paper_formula,Full Bernoulli event probability uses selected probabilities and non-selected complement probabilities.
20,13,2,continue,bernoulli_full_event,44,2,42,0.997246850835868,0.368839827975281,0.367824356911192,full_event_available,0,1,,"3,6","0.71717,0.47739",paper_formula,Full Bernoulli event probability uses selected probabilities and non-selected complement probabilities.
20,13,3,continue,bernoulli_full_event,42,4,38,0.688746277233782,0.783631023559264,0.539722950201341,full_event_available,0,1,,"24,25,27,42","0.3207,2.0222e-05,0.66393,0.4217",paper_formula,Full Bernoulli event probability uses selected probabilities and non-selected complement probabilities.
20,13,4,load_loss_threshold,bernoulli_full_event,0,0,0,NaN,NaN,1,terminal_stage_probability_one,1,0,,"","",,Terminal recording stage excluded from Bernoulli complement product.
20,14,1,continue,bernoulli_full_event,45,1,44,0.005995890275,0.373630642955894,0.00224024833854124,full_event_available,0,1,,"27","0.0034304",paper_formula,Full Bernoulli event probability uses selected probabilities and non-selected complement probabilities.
20,14,2,continue,bernoulli_full_event,41,3,38,0.006358239425,0.680352703320271,0.00432584538115628,full_event_available,0,1,,"8,14,24","0.85533,0.92192,0.0033055",paper_formula,Full Bernoulli event probability uses selected probabilities and non-selected complement probabilities.
20,14,3,continue,bernoulli_full_event,38,3,35,0.599078886544273,0.594763291829449,0.356310130626593,full_event_available,0,1,,"3,6,17","0.83229,0.91296,0.021936",paper_formula,Full Bernoulli event probability uses selected probabilities and non-selected complement probabilities.
20,14,4,load_loss_threshold,bernoulli_full_event,23,0,23,NaN,NaN,1,terminal_stage_probability_one,1,0,,"","",,Terminal recording stage excluded from Bernoulli complement product.
20,15,1,continue,bernoulli_full_event,45,1,44,0.507514663748384,0.754114624902467,0.382724230285115,full_event_available,0,1,,"14","0.15709",paper_formula,Full Bernoulli event probability uses selected probabilities and non-selected complement probabilities.
20,15,2,continue,bernoulli_full_event,44,3,41,0.5188604601636,0.768885495246416,0.398944281876673,full_event_available,0,1,,"3,6,25","0.96509,0.012827,0.1411",paper_formula,Full Bernoulli event probability uses selected probabilities and non-selected complement probabilities.
20,15,3,load_loss_threshold,bernoulli_full_event,0,0,0,NaN,NaN,1,terminal_stage_probability_one,1,0,,"","",,Terminal recording stage excluded from Bernoulli complement product.
20,16,1,continue,bernoulli_full_event,45,2,43,0.0032268997438106,0.758940148073161,0.00244902376938486,full_event_available,0,1,,"14,24","0.28765,0.0045827",paper_formula,Full Bernoulli event probability uses selected probabilities and non-selected complement probabilities.
20,16,2,continue,bernoulli_full_event,43,3,40,0.885898877473945,0.378031719197597,0.334897875686697,full_event_available,0,1,,"3,6,17","0.53753,0.084717,0.34452",paper_formula,Full Bernoulli event probability uses selected probabilities and non-selected complement probabilities.
20,16,3,continue,bernoulli_full_event,27,1,26,1,0.484639775413106,0.484639775413106,full_event_available,0,1,,"42","0.89864",paper_formula,Full Bernoulli event probability uses selected probabilities and non-selected complement probabilities.
20,16,4,load_loss_threshold,bernoulli_full_event,16,0,16,NaN,NaN,1,terminal_stage_probability_one,1,0,,"","",,Terminal recording stage excluded from Bernoulli complement product.
20,17,1,no_new_outage,bernoulli_full_event,45,0,45,1,0.371390394617353,0.371390394617353,full_event_available,1,1,,"","",paper_formula,Full Bernoulli event probability uses selected probabilities and non-selected complement probabilities.
20,18,1,continue,bernoulli_full_event,45,1,44,0.006425561125,0.37379221937097,0.00240182475361758,full_event_available,0,1,,"4","0.002748",paper_formula,Full Bernoulli event probability uses selected probabilities and non-selected complement probabilities.
20,18,2,continue,bernoulli_full_event,44,1,43,0.535077913280169,0.758991571639396,0.406119626350044,full_event_available,0,1,,"14","0.40235",paper_formula,Full Bernoulli event probability uses selected probabilities and non-selected complement probabilities.
20,18,3,continue,bernoulli_full_event,43,3,40,0.609682871794457,0.746764251029786,0.455289373121277,full_event_available,0,1,,"3,6,25","0.33332,0.40421,0.20183",paper_formula,Full Bernoulli event probability uses selected probabilities and non-selected complement probabilities.
20,18,4,load_loss_threshold,bernoulli_full_event,22,0,22,NaN,NaN,1,terminal_stage_probability_one,1,0,,"","",,Terminal recording stage excluded from Bernoulli complement product.
20,19,1,continue,bernoulli_full_event,45,1,44,0.507514663748384,0.754114624902467,0.382724230285115,full_event_available,0,1,,"14","0.36256",paper_formula,Full Bernoulli event probability uses selected probabilities and non-selected complement probabilities.
20,19,2,continue,bernoulli_full_event,44,4,40,0.00326256741116363,0.773750799769512,0.0025244141436898,full_event_available,0,1,,"3,6,25,26","0.91839,0.3701,0.33012,0.0043019",paper_formula,Full Bernoulli event probability uses selected probabilities and non-selected complement probabilities.
20,19,3,load_loss_threshold,bernoulli_full_event,0,0,0,NaN,NaN,1,terminal_stage_probability_one,1,0,,"","",,Terminal recording stage excluded from Bernoulli complement product.
20,20,1,continue,bernoulli_full_event,45,1,44,0.507514663748384,0.754114624902467,0.382724230285115,full_event_available,0,1,,"14","0.23833",paper_formula,Full Bernoulli event probability uses selected probabilities and non-selected complement probabilities.
20,20,2,continue,bernoulli_full_event,44,3,41,0.5188604601636,0.768885495246416,0.398944281876673,full_event_available,0,1,,"3,6,25","0.5697,0.6474,0.51997",paper_formula,Full Bernoulli event probability uses selected probabilities and non-selected complement probabilities.
20,20,3,load_loss_threshold,bernoulli_full_event,0,0,0,NaN,NaN,1,terminal_stage_probability_one,1,0,,"","",,Terminal recording stage excluded from Bernoulli complement product.
20,21,1,continue,bernoulli_full_event,45,1,44,0.006453281825,0.373802648454763,0.00241225383740998,full_event_available,0,1,,"28","0.0037907",paper_formula,Full Bernoulli event probability uses selected probabilities and non-selected complement probabilities.
20,21,2,continue,bernoulli_full_event,44,3,41,0.00344278345953404,0.768488035420837,0.00264573789719666,full_event_available,0,1,,"14,38,44","0.39687,0.71064,0.0014808",paper_formula,Full Bernoulli event probability uses selected probabilities and non-selected complement probabilities.
20,21,3,continue,bernoulli_full_event,37,6,31,1,0.819394228797722,0.819394228797722,full_event_available,0,1,,"1,3,6,16,17,27","0.28234,0.3935,0.57901,0.57992,0.96971,0.83881",paper_formula,Full Bernoulli event probability uses selected probabilities and non-selected complement probabilities.
20,21,4,load_loss_threshold,bernoulli_full_event,0,0,0,NaN,NaN,1,terminal_stage_probability_one,1,0,,"","",,Terminal recording stage excluded from Bernoulli complement product.
20,22,1,no_new_outage,bernoulli_full_event,45,0,45,1,0.371390394617353,0.371390394617353,full_event_available,1,1,,"","",paper_formula,Full Bernoulli event probability uses selected probabilities and non-selected complement probabilities.
20,23,1,continue,bernoulli_full_event,45,3,42,1.96344317484098e-05,0.763589630368122,1.49926484812563e-05,full_event_available,0,1,,"14,41,44","0.47325,0.0058906,0.0042672",paper_formula,Full Bernoulli event probability uses selected probabilities and non-selected complement probabilities.
20,23,2,continue,bernoulli_full_event,42,8,34,0.305546333908345,0.803659455015029,0.245555200190621,full_event_available,0,1,,"1,2,3,6,16,17,25,27","0.56598,0.48057,0.10321,0.1038,0.69723,0.50442,0.086129,0.83745",paper_formula,Full Bernoulli event probability uses selected probabilities and non-selected complement probabilities.
20,23,3,load_loss_threshold,bernoulli_full_event,18,0,18,NaN,NaN,1,terminal_stage_probability_one,1,0,,"","",,Terminal recording stage excluded from Bernoulli complement product.
20,24,1,continue,bernoulli_full_event,45,1,44,0.507514663748384,0.754114624902467,0.382724230285115,full_event_available,0,1,,"14","0.46562",paper_formula,Full Bernoulli event probability uses selected probabilities and non-selected complement probabilities.
20,24,2,continue,bernoulli_full_event,44,4,40,0.00329903903388584,0.773805536113415,0.00255281466827512,full_event_available,0,1,,"3,6,24,25","0.027903,0.13096,0.0032492,0.21351",paper_formula,Full Bernoulli event probability uses selected probabilities and non-selected complement probabilities.
20,24,3,load_loss_threshold,bernoulli_full_event,0,0,0,NaN,NaN,1,terminal_stage_probability_one,1,0,,"","",,Terminal recording stage excluded from Bernoulli complement product.
20,25,1,continue,bernoulli_full_event,45,1,44,0.00639487035,0.373780673564131,0.00239027894677829,full_event_available,0,1,,"22","0.0055017",paper_formula,Full Bernoulli event probability uses selected probabilities and non-selected complement probabilities.
20,25,2,no_new_outage,bernoulli_full_event,44,0,44,1,0.363235212739888,0.363235212739888,full_event_available,1,1,,"","",paper_formula,Full Bernoulli event probability uses selected probabilities and non-selected complement probabilities.
20,26,1,no_new_outage,bernoulli_full_event,45,0,45,1,0.371390394617353,0.371390394617353,full_event_available,1,1,,"","",paper_formula,Full Bernoulli event probability uses selected probabilities and non-selected complement probabilities.
20,27,1,continue,bernoulli_full_event,45,1,44,0.507514663748384,0.754114624902467,0.382724230285115,full_event_available,0,1,,"14","0.39829",paper_formula,Full Bernoulli event probability uses selected probabilities and non-selected complement probabilities.
20,27,2,continue,bernoulli_full_event,44,2,42,0.997246850835868,0.368839827975281,0.367824356911192,full_event_available,0,1,,"3,6","0.54965,0.57165",paper_formula,Full Bernoulli event probability uses selected probabilities and non-selected complement probabilities.
20,27,3,continue,bernoulli_full_event,42,4,38,0.688746277233782,0.783631023559264,0.539722950201341,full_event_available,0,1,,"24,25,27,42","0.13665,0.31009,0.36775,0.73173",paper_formula,Full Bernoulli event probability uses selected probabilities and non-selected complement probabilities.
20,27,4,load_loss_threshold,bernoulli_full_event,0,0,0,NaN,NaN,1,terminal_stage_probability_one,1,0,,"","",,Terminal recording stage excluded from Bernoulli complement product.
20,28,1,no_new_outage,bernoulli_full_event,45,0,45,1,0.371390394617353,0.371390394617353,full_event_available,1,1,,"","",paper_formula,Full Bernoulli event probability uses selected probabilities and non-selected complement probabilities.
20,29,1,continue,bernoulli_full_event,45,1,44,0.507514663748384,0.754114624902467,0.382724230285115,full_event_available,0,1,,"14","0.011909",paper_formula,Full Bernoulli event probability uses selected probabilities and non-selected complement probabilities.
20,29,2,continue,bernoulli_full_event,44,2,42,0.997246850835868,0.368839827975281,0.367824356911192,full_event_available,0,1,,"3,6","0.83013,0.63545",paper_formula,Full Bernoulli event probability uses selected probabilities and non-selected complement probabilities.
20,29,3,continue,bernoulli_full_event,42,4,38,0.688746277233782,0.783631023559264,0.539722950201341,full_event_available,0,1,,"24,25,27,42","0.58071,0.98699,0.2242,0.888",paper_formula,Full Bernoulli event probability uses selected probabilities and non-selected complement probabilities.
20,29,4,load_loss_threshold,bernoulli_full_event,0,0,0,NaN,NaN,1,terminal_stage_probability_one,1,0,,"","",,Terminal recording stage excluded from Bernoulli complement product.
20,30,1,continue,bernoulli_full_event,45,1,44,0.507514663748384,0.754114624902467,0.382724230285115,full_event_available,0,1,,"14","0.12747",paper_formula,Full Bernoulli event probability uses selected probabilities and non-selected complement probabilities.
20,30,2,continue,bernoulli_full_event,44,4,40,0.00311822197475598,0.773534243147631,0.00241205147520918,full_event_available,0,1,,"3,6,25,44","0.49662,0.66851,0.42897,0.003879",paper_formula,Full Bernoulli event probability uses selected probabilities and non-selected complement probabilities.
20,30,3,load_loss_threshold,bernoulli_full_event,0,0,0,NaN,NaN,1,terminal_stage_probability_one,1,0,,"","",,Terminal recording stage excluded from Bernoulli complement product.
21,1,1,no_new_outage,bernoulli_full_event,45,0,45,1,0.749225708243027,0.749225708243027,full_event_available,1,1,,"","",paper_formula,Full Bernoulli event probability uses selected probabilities and non-selected complement probabilities.
21,2,1,no_new_outage,bernoulli_full_event,45,0,45,1,0.749225708243027,0.749225708243027,full_event_available,1,1,,"","",paper_formula,Full Bernoulli event probability uses selected probabilities and non-selected complement probabilities.
21,3,1,no_new_outage,bernoulli_full_event,45,0,45,1,0.749225708243027,0.749225708243027,full_event_available,1,1,,"","",paper_formula,Full Bernoulli event probability uses selected probabilities and non-selected complement probabilities.
21,4,1,no_new_outage,bernoulli_full_event,45,0,45,1,0.749225708243027,0.749225708243027,full_event_available,1,1,,"","",paper_formula,Full Bernoulli event probability uses selected probabilities and non-selected complement probabilities.
21,5,1,no_new_outage,bernoulli_full_event,45,0,45,1,0.749225708243027,0.749225708243027,full_event_available,1,1,,"","",paper_formula,Full Bernoulli event probability uses selected probabilities and non-selected complement probabilities.
21,6,1,continue,bernoulli_full_event,45,1,44,0.00649387285,0.754122886380457,0.00489717813742968,full_event_available,0,1,,"35","0.0064165",paper_formula,Full Bernoulli event probability uses selected probabilities and non-selected complement probabilities.
21,6,2,continue,bernoulli_full_event,44,3,41,0.998791120622235,0.769020355348796,0.768090702500133,full_event_available,0,1,,"29,36,38","0.6681,0.47855,0.72984",paper_formula,Full Bernoulli event probability uses selected probabilities and non-selected complement probabilities.
21,6,3,continue,bernoulli_full_event,39,2,37,0.301448246036042,0.137463545284485,0.041438144619904,full_event_available,0,1,,"14,19","0.19657,0.43086",paper_formula,Full Bernoulli event probability uses selected probabilities and non-selected complement probabilities.
21,6,4,continue,bernoulli_full_event,37,4,33,0.414799830667817,0.809367036451908,0.335725309668364,full_event_available,0,1,,"3,13,18,27","0.63776,0.23237,0.4159,0.080931",paper_formula,Full Bernoulli event probability uses selected probabilities and non-selected complement probabilities.
21,6,5,max_depth_reached,bernoulli_full_event,0,0,0,NaN,NaN,1,terminal_stage_probability_one,1,0,,"","",,Terminal recording stage excluded from Bernoulli complement product.
21,7,1,no_new_outage,bernoulli_full_event,45,0,45,1,0.749225708243027,0.749225708243027,full_event_available,1,1,,"","",paper_formula,Full Bernoulli event probability uses selected probabilities and non-selected complement probabilities.
21,8,1,no_new_outage,bernoulli_full_event,45,0,45,1,0.749225708243027,0.749225708243027,full_event_available,1,1,,"","",paper_formula,Full Bernoulli event probability uses selected probabilities and non-selected complement probabilities.
21,9,1,no_new_outage,bernoulli_full_event,45,0,45,1,0.749225708243027,0.749225708243027,full_event_available,1,1,,"","",paper_formula,Full Bernoulli event probability uses selected probabilities and non-selected complement probabilities.
21,10,1,no_new_outage,bernoulli_full_event,45,0,45,1,0.749225708243027,0.749225708243027,full_event_available,1,1,,"","",paper_formula,Full Bernoulli event probability uses selected probabilities and non-selected complement probabilities.
21,11,1,continue,bernoulli_full_event,45,2,43,3.8806413694545e-05,0.758654406419132,2.94406567466903e-05,full_event_available,0,1,,"33,43","0.0034041,0.0031597",paper_formula,Full Bernoulli event probability uses selected probabilities and non-selected complement probabilities.
21,11,2,continue,bernoulli_full_event,43,3,40,0.178946797174736,0.638639165015142,0.114282433129807,full_event_available,0,1,,"8,19,23","0.1092,0.72779,0.39825",paper_formula,Full Bernoulli event probability uses selected probabilities and non-selected complement probabilities.
21,11,3,continue,bernoulli_full_event,39,3,36,1,0.28238386879183,0.28238386879183,full_event_available,0,1,,"3,13,18","0.13964,0.21513,0.31374",paper_formula,Full Bernoulli event probability uses selected probabilities and non-selected complement probabilities.
21,11,4,continue,bernoulli_full_event,35,3,32,1,0.745067543110615,0.745067543110615,full_event_available,0,1,,"31,40,42","0.52208,0.77722,0.18033",paper_formula,Full Bernoulli event probability uses selected probabilities and non-selected complement probabilities.
21,11,5,max_depth_reached,bernoulli_full_event,17,0,17,NaN,NaN,1,terminal_stage_probability_one,1,0,,"","",,Terminal recording stage excluded from Bernoulli complement product.
21,12,1,continue,bernoulli_full_event,45,1,44,0.00656119455,0.754173990519375,0.00494828227634747,full_event_available,0,1,,"10","0.002261",paper_formula,Full Bernoulli event probability uses selected probabilities and non-selected complement probabilities.
21,12,2,continue,bernoulli_full_event,44,2,42,0.804308183448268,0.54853945998222,0.441194776607993,full_event_available,0,1,,"12,19","0.15,0.30612",paper_formula,Full Bernoulli event probability uses selected probabilities and non-selected complement probabilities.
21,12,3,continue,bernoulli_full_event,38,4,34,0.0478386036980564,0.769583468154366,0.0368157985456125,full_event_available,0,1,,"3,6,17,25","0.057756,0.58647,0.019554,0.10977",paper_formula,Full Bernoulli event probability uses selected probabilities and non-selected complement probabilities.
21,12,4,continue,bernoulli_full_event,26,1,25,0.006579015,0.851856894941326,0.00560437928967241,full_event_available,0,1,,"29","0.0042864",paper_formula,Full Bernoulli event probability uses selected probabilities and non-selected complement probabilities.
21,12,5,max_depth_reached,bernoulli_full_event,25,0,25,NaN,NaN,1,terminal_stage_probability_one,1,0,,"","",,Terminal recording stage excluded from Bernoulli complement product.
21,13,1,continue,bernoulli_full_event,45,1,44,0.006663167125,0.754251411451797,0.00502570320877046,full_event_available,0,1,,"17","0.0020905",paper_formula,Full Bernoulli event probability uses selected probabilities and non-selected complement probabilities.
21,13,2,no_new_outage,bernoulli_full_event,44,0,44,1,0.754251411451797,0.754251411451797,full_event_available,1,1,,"","",paper_formula,Full Bernoulli event probability uses selected probabilities and non-selected complement probabilities.
21,14,1,no_new_outage,bernoulli_full_event,45,0,45,1,0.749225708243027,0.749225708243027,full_event_available,1,1,,"","",paper_formula,Full Bernoulli event probability uses selected probabilities and non-selected complement probabilities.
21,15,1,no_new_outage,bernoulli_full_event,45,0,45,1,0.749225708243027,0.749225708243027,full_event_available,1,1,,"","",paper_formula,Full Bernoulli event probability uses selected probabilities and non-selected complement probabilities.
21,16,1,continue,bernoulli_full_event,45,1,44,0.00647011225,0.754104851279072,0.00487914303604515,full_event_available,0,1,,"40","4.2354e-07",paper_formula,Full Bernoulli event probability uses selected probabilities and non-selected complement probabilities.
21,16,2,no_new_outage,bernoulli_full_event,44,0,44,1,0.754104851279072,0.754104851279072,full_event_available,1,1,,"","",paper_formula,Full Bernoulli event probability uses selected probabilities and non-selected complement probabilities.
21,17,1,continue,bernoulli_full_event,45,2,43,4.07860130968683e-05,0.758887964102847,3.09520144429544e-05,full_event_available,0,1,,"7,14","0.0053564,0.0038029",paper_formula,Full Bernoulli event probability uses selected probabilities and non-selected complement probabilities.
21,17,2,continue,bernoulli_full_event,43,1,42,1,0.763744792479467,0.763744792479467,full_event_available,0,1,,"3","0.41503",paper_formula,Full Bernoulli event probability uses selected probabilities and non-selected complement probabilities.
21,17,3,continue,bernoulli_full_event,42,5,37,0.0060744165974254,0.146831292630368,0.000891914440975335,full_event_available,0,1,,"9,13,22,25,42","0.55446,0.65281,0.0024446,0.86663,0.34943",paper_formula,Full Bernoulli event probability uses selected probabilities and non-selected complement probabilities.
21,17,4,load_loss_threshold,bernoulli_full_event,0,0,0,NaN,NaN,1,terminal_stage_probability_one,1,0,,"","",,Terminal recording stage excluded from Bernoulli complement product.
21,18,1,continue,bernoulli_full_event,45,1,44,0.0065948554,0.754199545186277,0.00497383694324926,full_event_available,0,1,,"9","0.00078589",paper_formula,Full Bernoulli event probability uses selected probabilities and non-selected complement probabilities.
21,18,2,continue,bernoulli_full_event,44,1,43,0.00662851625,0.63862325539525,0.00423312462601531,full_event_available,0,1,,"30","0.00093935",paper_formula,Full Bernoulli event probability uses selected probabilities and non-selected complement probabilities.
21,18,3,continue,bernoulli_full_event,43,3,40,0.00483220566486287,0.680501236172964,0.00328832192838118,full_event_available,0,1,,"3,13,14","0.28729,0.74672,0.0014947",paper_formula,Full Bernoulli event probability uses selected probabilities and non-selected complement probabilities.
21,18,4,load_loss_threshold,bernoulli_full_event,0,0,0,NaN,NaN,1,terminal_stage_probability_one,1,0,,"","",,Terminal recording stage excluded from Bernoulli complement product.
21,19,1,no_new_outage,bernoulli_full_event,45,0,45,1,0.749225708243027,0.749225708243027,full_event_available,1,1,,"","",paper_formula,Full Bernoulli event probability uses selected probabilities and non-selected complement probabilities.
21,20,1,no_new_outage,bernoulli_full_event,45,0,45,1,0.749225708243027,0.749225708243027,full_event_available,1,1,,"","",paper_formula,Full Bernoulli event probability uses selected probabilities and non-selected complement probabilities.
21,21,1,no_new_outage,bernoulli_full_event,45,0,45,1,0.749225708243027,0.749225708243027,full_event_available,1,1,,"","",paper_formula,Full Bernoulli event probability uses selected probabilities and non-selected complement probabilities.
21,22,1,continue,bernoulli_full_event,45,1,44,0.00639487035,0.754047745815225,0.00482203757219812,full_event_available,0,1,,"46","0.0012981",paper_formula,Full Bernoulli event probability uses selected probabilities and non-selected complement probabilities.
21,22,2,continue,bernoulli_full_event,44,4,40,0.68241943930771,0.773551209603949,0.527886382733728,full_event_available,0,1,,"8,14,19,23","0.48919,0.53759,0.59409,0.29709",paper_formula,Full Bernoulli event probability uses selected probabilities and non-selected complement probabilities.
21,22,3,continue,bernoulli_full_event,39,8,31,0.00463087638302437,0.577790011501857,0.00267567411861133,full_event_available,0,1,,"1,2,3,13,18,27,33,40","0.53103,0.14802,0.59611,0.23397,0.26981,0.68341,0.0053481,0.51281",paper_formula,Full Bernoulli event probability uses selected probabilities and non-selected complement probabilities.
21,22,4,load_loss_threshold,bernoulli_full_event,0,0,0,NaN,NaN,1,terminal_stage_probability_one,1,0,,"","",,Terminal recording stage excluded from Bernoulli complement product.
21,23,1,no_new_outage,bernoulli_full_event,45,0,45,1,0.749225708243027,0.749225708243027,full_event_available,1,1,,"","",paper_formula,Full Bernoulli event probability uses selected probabilities and non-selected complement probabilities.
21,24,1,no_new_outage,bernoulli_full_event,45,0,45,1,0.749225708243027,0.749225708243027,full_event_available,1,1,,"","",paper_formula,Full Bernoulli event probability uses selected probabilities and non-selected complement probabilities.
21,25,1,no_new_outage,bernoulli_full_event,45,0,45,1,0.749225708243027,0.749225708243027,full_event_available,1,1,,"","",paper_formula,Full Bernoulli event probability uses selected probabilities and non-selected complement probabilities.
21,26,1,no_new_outage,bernoulli_full_event,45,0,45,1,0.749225708243027,0.749225708243027,full_event_available,1,1,,"","",paper_formula,Full Bernoulli event probability uses selected probabilities and non-selected complement probabilities.
21,27,1,no_new_outage,bernoulli_full_event,45,0,45,1,0.749225708243027,0.749225708243027,full_event_available,1,1,,"","",paper_formula,Full Bernoulli event probability uses selected probabilities and non-selected complement probabilities.
21,28,1,continue,bernoulli_full_event,45,1,44,0.006358239425,0.754019947601101,0.00479423935807375,full_event_available,0,1,,"14","0.006316",paper_formula,Full Bernoulli event probability uses selected probabilities and non-selected complement probabilities.
21,28,2,continue,bernoulli_full_event,44,2,42,0.006358239425,0.763701417483884,0.00485579646157441,full_event_available,0,1,,"3,38","0.43031,0.0044714",paper_formula,Full Bernoulli event probability uses selected probabilities and non-selected complement probabilities.
21,28,3,continue,bernoulli_full_event,42,4,38,1,0.777323925634495,0.777323925634495,full_event_available,0,1,,"28,35,40,42","0.61008,0.38246,0.23077,0.18953",paper_formula,Full Bernoulli event probability uses selected probabilities and non-selected complement probabilities.
21,28,4,load_loss_threshold,bernoulli_full_event,31,0,31,NaN,NaN,1,terminal_stage_probability_one,1,0,,"","",,Terminal recording stage excluded from Bernoulli complement product.
21,29,1,no_new_outage,bernoulli_full_event,45,0,45,1,0.749225708243027,0.749225708243027,full_event_available,1,1,,"","",paper_formula,Full Bernoulli event probability uses selected probabilities and non-selected complement probabilities.
21,30,1,no_new_outage,bernoulli_full_event,45,0,45,1,0.749225708243027,0.749225708243027,full_event_available,1,1,,"","",paper_formula,Full Bernoulli event probability uses selected probabilities and non-selected complement probabilities.
22,1,1,no_new_outage,bernoulli_full_event,45,0,45,1,0.749216003403472,0.749216003403472,full_event_available,1,1,,"","",paper_formula,Full Bernoulli event probability uses selected probabilities and non-selected complement probabilities.
22,2,1,no_new_outage,bernoulli_full_event,45,0,45,1,0.749216003403472,0.749216003403472,full_event_available,1,1,,"","",paper_formula,Full Bernoulli event probability uses selected probabilities and non-selected complement probabilities.
22,3,1,no_new_outage,bernoulli_full_event,45,0,45,1,0.749216003403472,0.749216003403472,full_event_available,1,1,,"","",paper_formula,Full Bernoulli event probability uses selected probabilities and non-selected complement probabilities.
22,4,1,no_new_outage,bernoulli_full_event,45,0,45,1,0.749216003403472,0.749216003403472,full_event_available,1,1,,"","",paper_formula,Full Bernoulli event probability uses selected probabilities and non-selected complement probabilities.
22,5,1,no_new_outage,bernoulli_full_event,45,0,45,1,0.749216003403472,0.749216003403472,full_event_available,1,1,,"","",paper_formula,Full Bernoulli event probability uses selected probabilities and non-selected complement probabilities.
22,6,1,no_new_outage,bernoulli_full_event,45,0,45,1,0.749216003403472,0.749216003403472,full_event_available,1,1,,"","",paper_formula,Full Bernoulli event probability uses selected probabilities and non-selected complement probabilities.
22,7,1,continue,bernoulli_full_event,45,1,44,0.006358239425,0.754010180661003,0.00479417725753016,full_event_available,0,1,,"38","0.0051709",paper_formula,Full Bernoulli event probability uses selected probabilities and non-selected complement probabilities.
22,7,2,continue,bernoulli_full_event,44,2,42,1,0.763868087682739,0.763868087682739,full_event_available,0,1,,"28,35","0.32717,0.060946",paper_formula,Full Bernoulli event probability uses selected probabilities and non-selected complement probabilities.
22,7,3,continue,bernoulli_full_event,39,2,37,0.903020998751219,0.12994308397818,0.11734133347479,full_event_available,0,1,,"19,23","0.85332,0.79478",paper_formula,Full Bernoulli event probability uses selected probabilities and non-selected complement probabilities.
22,7,4,continue,bernoulli_full_event,37,5,32,0.005995890275,0.134264203848925,0.000805033434138384,full_event_available,0,1,,"8,10,13,18,27","0.31171,0.40187,0.7362,0.89333,0.00068347",paper_formula,Full Bernoulli event probability uses selected probabilities and non-selected complement probabilities.
22,7,5,max_depth_reached,bernoulli_full_event,27,0,27,NaN,NaN,1,terminal_stage_probability_one,1,0,,"","",,Terminal recording stage excluded from Bernoulli complement product.
22,8,1,continue,bernoulli_full_event,45,1,44,0.00648199255,0.754104100565261,0.00488809716178847,full_event_available,0,1,,"37","0.0052334",paper_formula,Full Bernoulli event probability uses selected probabilities and non-selected complement probabilities.
22,8,2,continue,bernoulli_full_event,44,3,41,0.182488648228941,0.590473524440521,0.107754715290129,full_event_available,0,1,,"8,19,23","0.078256,0.31832,0.69728",paper_formula,Full Bernoulli event probability uses selected probabilities and non-selected complement probabilities.
22,8,3,continue,bernoulli_full_event,41,5,36,0.282967785118922,0.237315574860596,0.0671526625925264,full_event_available,0,1,,"3,13,17,18,27","0.67797,0.86329,0.21385,0.66152,0.51636",paper_formula,Full Bernoulli event probability uses selected probabilities and non-selected complement probabilities.
22,8,4,load_loss_threshold,bernoulli_full_event,0,0,0,NaN,NaN,1,terminal_stage_probability_one,1,0,,"","",,Terminal recording stage excluded from Bernoulli complement product.
22,9,1,no_new_outage,bernoulli_full_event,45,0,45,1,0.749216003403472,0.749216003403472,full_event_available,1,1,,"","",paper_formula,Full Bernoulli event probability uses selected probabilities and non-selected complement probabilities.
22,10,1,continue,bernoulli_full_event,45,1,44,0.00656119455,0.754164221583934,0.0049482181804615,full_event_available,0,1,,"31","0.0013538",paper_formula,Full Bernoulli event probability uses selected probabilities and non-selected complement probabilities.
22,10,2,continue,bernoulli_full_event,44,1,43,0.006358239425,0.758990062120089,0.00482584053615515,full_event_available,0,1,,"38","0.004447",paper_formula,Full Bernoulli event probability uses selected probabilities and non-selected complement probabilities.
22,10,3,continue,bernoulli_full_event,43,2,41,1,0.768913075966192,0.768913075966192,full_event_available,0,1,,"28,35","0.064628,0.89005",paper_formula,Full Bernoulli event probability uses selected probabilities and non-selected complement probabilities.
22,10,4,continue,bernoulli_full_event,38,2,36,0.902259262221426,0.129304250127555,0.116665957322183,full_event_available,0,1,,"19,23","0.84342,0.58703",paper_formula,Full Bernoulli event probability uses selected probabilities and non-selected complement probabilities.
22,10,5,max_depth_reached,bernoulli_full_event,36,0,36,NaN,NaN,1,terminal_stage_probability_one,1,0,,"","",,Terminal recording stage excluded from Bernoulli complement product.
22,11,1,no_new_outage,bernoulli_full_event,45,0,45,1,0.749216003403472,0.749216003403472,full_event_available,1,1,,"","",paper_formula,Full Bernoulli event probability uses selected probabilities and non-selected complement probabilities.
22,12,1,no_new_outage,bernoulli_full_event,45,0,45,1,0.749216003403472,0.749216003403472,full_event_available,1,1,,"","",paper_formula,Full Bernoulli event probability uses selected probabilities and non-selected complement probabilities.
22,13,1,no_new_outage,bernoulli_full_event,45,0,45,1,0.749216003403472,0.749216003403472,full_event_available,1,1,,"","",paper_formula,Full Bernoulli event probability uses selected probabilities and non-selected complement probabilities.
22,14,1,continue,bernoulli_full_event,45,1,44,0.00649387285,0.754113118106976,0.00489711470350374,full_event_available,0,1,,"35","0.0004709",paper_formula,Full Bernoulli event probability uses selected probabilities and non-selected complement probabilities.
22,14,2,continue,bernoulli_full_event,44,3,41,0.998875731073462,0.769010394106035,0.768145819615756,full_event_available,0,1,,"29,36,38","0.49043,0.1342,0.83288",paper_formula,Full Bernoulli event probability uses selected probabilities and non-selected complement probabilities.
22,14,3,continue,bernoulli_full_event,39,2,37,0.61932102880521,0.324758006001183,0.201129462389381,full_event_available,0,1,,"19,23","0.78187,0.49378",paper_formula,Full Bernoulli event probability uses selected probabilities and non-selected complement probabilities.
22,14,4,continue,bernoulli_full_event,37,5,32,0.668241277576711,0.772200239486076,0.516016074579218,full_event_available,0,1,,"8,10,13,14,18","0.52898,0.58376,0.60068,0.61854,0.549",paper_formula,Full Bernoulli event probability uses selected probabilities and non-selected complement probabilities.
22,14,5,max_depth_reached,bernoulli_full_event,30,0,30,NaN,NaN,1,terminal_stage_probability_one,1,0,,"","",,Terminal recording stage excluded from Bernoulli complement product.
22,15,1,continue,bernoulli_full_event,45,1,44,0.00656119455,0.754164221583934,0.0049482181804615,full_event_available,0,1,,"2","0.0028385",paper_formula,Full Bernoulli event probability uses selected probabilities and non-selected complement probabilities.
22,15,2,no_new_outage,bernoulli_full_event,44,0,44,1,0.547767031824621,0.547767031824621,full_event_available,1,1,,"","",paper_formula,Full Bernoulli event probability uses selected probabilities and non-selected complement probabilities.
22,16,1,continue,bernoulli_full_event,45,1,44,0.00656119455,0.754164221583934,0.0049482181804615,full_event_available,0,1,,"2","0.0012962",paper_formula,Full Bernoulli event probability uses selected probabilities and non-selected complement probabilities.
22,16,2,no_new_outage,bernoulli_full_event,44,0,44,1,0.547767031824621,0.547767031824621,full_event_available,1,1,,"","",paper_formula,Full Bernoulli event probability uses selected probabilities and non-selected complement probabilities.
22,17,1,no_new_outage,bernoulli_full_event,45,0,45,1,0.749216003403472,0.749216003403472,full_event_available,1,1,,"","",paper_formula,Full Bernoulli event probability uses selected probabilities and non-selected complement probabilities.
22,18,1,no_new_outage,bernoulli_full_event,45,0,45,1,0.749216003403472,0.749216003403472,full_event_available,1,1,,"","",paper_formula,Full Bernoulli event probability uses selected probabilities and non-selected complement probabilities.
22,19,1,no_new_outage,bernoulli_full_event,45,0,45,1,0.749216003403472,0.749216003403472,full_event_available,1,1,,"","",paper_formula,Full Bernoulli event probability uses selected probabilities and non-selected complement probabilities.
22,20,1,continue,bernoulli_full_event,45,1,44,0.006663167125,0.754241641513512,0.00502563811003887,full_event_available,0,1,,"19","0.001148",paper_formula,Full Bernoulli event probability uses selected probabilities and non-selected complement probabilities.
22,20,2,continue,bernoulli_full_event,44,4,40,0.00206174350417614,0.773578209946107,0.00159491984932859,full_event_available,0,1,,"6,8,13,18","0.001545,0.033475,0.94076,0.21906",paper_formula,Full Bernoulli event probability uses selected probabilities and non-selected complement probabilities.
22,20,3,continue,bernoulli_full_event,38,3,35,1,0.34285502915583,0.34285502915583,full_event_available,0,1,,"3,9,25","0.16778,0.78828,0.40021",paper_formula,Full Bernoulli event probability uses selected probabilities and non-selected complement probabilities.
22,20,4,continue,bernoulli_full_event,33,1,32,1,0.677481677043874,0.677481677043874,full_event_available,0,1,,"1","0.3702",paper_formula,Full Bernoulli event probability uses selected probabilities and non-selected complement probabilities.
22,20,5,max_depth_reached,bernoulli_full_event,24,0,24,NaN,NaN,1,terminal_stage_probability_one,1,0,,"","",,Terminal recording stage excluded from Bernoulli complement product.
22,21,1,no_new_outage,bernoulli_full_event,45,0,45,1,0.749216003403472,0.749216003403472,full_event_available,1,1,,"","",paper_formula,Full Bernoulli event probability uses selected probabilities and non-selected complement probabilities.
22,22,1,no_new_outage,bernoulli_full_event,45,0,45,1,0.749216003403472,0.749216003403472,full_event_available,1,1,,"","",paper_formula,Full Bernoulli event probability uses selected probabilities and non-selected complement probabilities.
22,23,1,no_new_outage,bernoulli_full_event,45,0,45,1,0.749216003403472,0.749216003403472,full_event_available,1,1,,"","",paper_formula,Full Bernoulli event probability uses selected probabilities and non-selected complement probabilities.
22,24,1,continue,bernoulli_full_event,45,1,44,0.00628794765,0.753956844572504,0.00474084116903109,full_event_available,0,1,,"26","0.005758",paper_formula,Full Bernoulli event probability uses selected probabilities and non-selected complement probabilities.
22,24,2,no_new_outage,bernoulli_full_event,44,0,44,1,0.753956844572504,0.753956844572504,full_event_available,1,1,,"","",paper_formula,Full Bernoulli event probability uses selected probabilities and non-selected complement probabilities.
22,25,1,no_new_outage,bernoulli_full_event,45,0,45,1,0.749216003403472,0.749216003403472,full_event_available,1,1,,"","",paper_formula,Full Bernoulli event probability uses selected probabilities and non-selected complement probabilities.
22,26,1,no_new_outage,bernoulli_full_event,45,0,45,1,0.749216003403472,0.749216003403472,full_event_available,1,1,,"","",paper_formula,Full Bernoulli event probability uses selected probabilities and non-selected complement probabilities.
22,27,1,no_new_outage,bernoulli_full_event,45,0,45,1,0.749216003403472,0.749216003403472,full_event_available,1,1,,"","",paper_formula,Full Bernoulli event probability uses selected probabilities and non-selected complement probabilities.
22,28,1,no_new_outage,bernoulli_full_event,45,0,45,1,0.749216003403472,0.749216003403472,full_event_available,1,1,,"","",paper_formula,Full Bernoulli event probability uses selected probabilities and non-selected complement probabilities.
22,29,1,no_new_outage,bernoulli_full_event,45,0,45,1,0.749216003403472,0.749216003403472,full_event_available,1,1,,"","",paper_formula,Full Bernoulli event probability uses selected probabilities and non-selected complement probabilities.
22,30,1,no_new_outage,bernoulli_full_event,45,0,45,1,0.749216003403472,0.749216003403472,full_event_available,1,1,,"","",paper_formula,Full Bernoulli event probability uses selected probabilities and non-selected complement probabilities.
23,1,1,continue,bernoulli_full_event,45,2,43,0.99785782488922,0.509333617785987,0.508242535986882,full_event_available,0,1,,"13,18","0.6223,0.55035",paper_formula,Full Bernoulli event probability uses selected probabilities and non-selected complement probabilities.
23,1,2,no_new_outage,bernoulli_full_event,39,0,39,1,0.27681746541603,0.27681746541603,full_event_available,1,1,,"","",paper_formula,Full Bernoulli event probability uses selected probabilities and non-selected complement probabilities.
23,2,1,continue,bernoulli_full_event,45,3,42,0.00641871177723683,0.512631112960213,0.00329043136213574,full_event_available,0,1,,"13,18,45","0.22485,0.94171,0.0014509",paper_formula,Full Bernoulli event probability uses selected probabilities and non-selected complement probabilities.
23,2,2,continue,bernoulli_full_event,38,1,37,0.488113347424851,0.362859904043813,0.177116762409086,full_event_available,0,1,,"8","0.28606",paper_formula,Full Bernoulli event probability uses selected probabilities and non-selected complement probabilities.
23,2,3,continue,bernoulli_full_event,37,1,36,1,0.793718016605591,0.793718016605591,full_event_available,0,1,,"3","0.50431",paper_formula,Full Bernoulli event probability uses selected probabilities and non-selected complement probabilities.
23,2,4,continue,bernoulli_full_event,36,8,28,0.996706942589304,0.835826708041539,0.833074282706565,full_event_available,0,1,,"4,7,25,27,30,31,40,42","0.37587,0.93447,0.62173,0.20133,0.12508,0.27805,0.40035,0.86881",paper_formula,Full Bernoulli event probability uses selected probabilities and non-selected complement probabilities.
23,2,5,max_depth_reached,bernoulli_full_event,10,0,10,NaN,NaN,1,terminal_stage_probability_one,1,0,,"","",,Terminal recording stage excluded from Bernoulli complement product.
23,3,1,continue,bernoulli_full_event,45,2,43,0.99785782488922,0.509333617785987,0.508242535986882,full_event_available,0,1,,"13,18","0.64234,0.32684",paper_formula,Full Bernoulli event probability uses selected probabilities and non-selected complement probabilities.
23,3,2,no_new_outage,bernoulli_full_event,39,0,39,1,0.27681746541603,0.27681746541603,full_event_available,1,1,,"","",paper_formula,Full Bernoulli event probability uses selected probabilities and non-selected complement probabilities.
23,4,1,continue,bernoulli_full_event,45,2,43,0.99785782488922,0.509333617785987,0.508242535986882,full_event_available,0,1,,"13,18","0.45373,0.93004",paper_formula,Full Bernoulli event probability uses selected probabilities and non-selected complement probabilities.
23,4,2,continue,bernoulli_full_event,39,2,37,0.163752924850769,0.788611646627164,0.129137463706579,full_event_available,0,1,,"8,14","0.30452,0.17349",paper_formula,Full Bernoulli event probability uses selected probabilities and non-selected complement probabilities.
23,4,3,continue,bernoulli_full_event,37,1,36,1,0.793368597686523,0.793368597686523,full_event_available,0,1,,"27","0.95158",paper_formula,Full Bernoulli event probability uses selected probabilities and non-selected complement probabilities.
23,4,4,continue,bernoulli_full_event,33,1,32,1,0.813413242149375,0.813413242149375,full_event_available,0,1,,"3","0.66117",paper_formula,Full Bernoulli event probability uses selected probabilities and non-selected complement probabilities.
23,4,5,max_depth_reached,bernoulli_full_event,32,0,32,NaN,NaN,1,terminal_stage_probability_one,1,0,,"","",,Terminal recording stage excluded from Bernoulli complement product.
23,5,1,continue,bernoulli_full_event,45,2,43,0.99785782488922,0.509333617785987,0.508242535986882,full_event_available,0,1,,"13,18","0.24382,0.41288",paper_formula,Full Bernoulli event probability uses selected probabilities and non-selected complement probabilities.
23,5,2,continue,bernoulli_full_event,39,2,37,0.00286399857153869,0.50068819585013,0.00143397027770106,full_event_available,0,1,,"5,14","0.001089,0.14456",paper_formula,Full Bernoulli event probability uses selected probabilities and non-selected complement probabilities.
23,5,3,continue,bernoulli_full_event,37,4,33,1,0.270241130981882,0.270241130981882,full_event_available,0,1,,"1,3,16,17","0.64183,0.52725,0.72518,0.47132",paper_formula,Full Bernoulli event probability uses selected probabilities and non-selected complement probabilities.
23,5,4,load_loss_threshold,bernoulli_full_event,0,0,0,NaN,NaN,1,terminal_stage_probability_one,1,0,,"","",,Terminal recording stage excluded from Bernoulli complement product.
23,6,1,continue,bernoulli_full_event,45,2,43,0.99785782488922,0.509333617785987,0.508242535986882,full_event_available,0,1,,"13,18","0.73895,0.1506",paper_formula,Full Bernoulli event probability uses selected probabilities and non-selected complement probabilities.
23,6,2,continue,bernoulli_full_event,39,1,38,0.443532796943904,0.497455131040534,0.220637665624504,full_event_available,0,1,,"14","0.24169",paper_formula,Full Bernoulli event probability uses selected probabilities and non-selected complement probabilities.
23,6,3,continue,bernoulli_full_event,38,5,33,2.4632827732813e-07,0.809834854232567,1.99485224563386e-07,full_event_available,0,1,,"3,6,11,32,36","0.79079,0.51328,0.0006821,0.0046614,0.0045901",paper_formula,Full Bernoulli event probability uses selected probabilities and non-selected complement probabilities.
23,6,4,continue,bernoulli_full_event,32,4,28,1,0.542127604549652,0.542127604549652,full_event_available,0,1,,"9,25,27,42","0.14215,0.21248,0.54178,0.87322",paper_formula,Full Bernoulli event probability uses selected probabilities and non-selected complement probabilities.
23,6,5,max_depth_reached,bernoulli_full_event,0,0,0,NaN,NaN,1,terminal_stage_probability_one,1,0,,"","",,Terminal recording stage excluded from Bernoulli complement product.
23,7,1,continue,bernoulli_full_event,45,3,42,0.006547139322338,0.512697525999373,0.0033567021329359,full_event_available,0,1,,"13,18,36","0.78005,0.79602,0.0032681",paper_formula,Full Bernoulli event probability uses selected probabilities and non-selected complement probabilities.
23,7,2,continue,bernoulli_full_event,38,1,37,0.448591890935199,0.501376699849628,0.224913521856394,full_event_available,0,1,,"14","0.36284",paper_formula,Full Bernoulli event probability uses selected probabilities and non-selected complement probabilities.
23,7,3,continue,bernoulli_full_event,37,2,35,0.891163029294711,0.79930965556179,0.712315213994957,full_event_available,0,1,,"3,6","0.29168,0.7863",paper_formula,Full Bernoulli event probability uses selected probabilities and non-selected complement probabilities.
23,7,4,continue,bernoulli_full_event,35,5,30,0.00599927068603385,0.824628355684724,0.00494716872113166,full_event_available,0,1,,"9,25,27,33,42","0.13068,0.63704,0.43037,0.0037213,0.89987",paper_formula,Full Bernoulli event probability uses selected probabilities and non-selected complement probabilities.
23,7,5,max_depth_reached,bernoulli_full_event,0,0,0,NaN,NaN,1,terminal_stage_probability_one,1,0,,"","",,Terminal recording stage excluded from Bernoulli complement product.
23,8,1,continue,bernoulli_full_event,45,2,43,0.99785782488922,0.509333617785987,0.508242535986882,full_event_available,0,1,,"13,18","0.43271,0.35641",paper_formula,Full Bernoulli event probability uses selected probabilities and non-selected complement probabilities.
23,8,2,continue,bernoulli_full_event,39,2,37,0.163752924850769,0.788611646627164,0.129137463706579,full_event_available,0,1,,"8,14","0.28042,0.043425",paper_formula,Full Bernoulli event probability uses selected probabilities and non-selected complement probabilities.
23,8,3,continue,bernoulli_full_event,37,1,36,1,0.793368597686523,0.793368597686523,full_event_available,0,1,,"27","0.69925",paper_formula,Full Bernoulli event probability uses selected probabilities and non-selected complement probabilities.
23,8,4,continue,bernoulli_full_event,33,1,32,1,0.813413242149375,0.813413242149375,full_event_available,0,1,,"3","0.031877",paper_formula,Full Bernoulli event probability uses selected probabilities and non-selected complement probabilities.
23,8,5,max_depth_reached,bernoulli_full_event,32,0,32,NaN,NaN,1,terminal_stage_probability_one,1,0,,"","",,Terminal recording stage excluded from Bernoulli complement product.
23,9,1,continue,bernoulli_full_event,45,3,42,0.00648094974140124,0.512663295591902,0.00332254505299225,full_event_available,0,1,,"13,18,32","0.6357,0.2187,0.00032909",paper_formula,Full Bernoulli event probability uses selected probabilities and non-selected complement probabilities.
23,9,2,continue,bernoulli_full_event,37,2,35,0.00601866085,0.798275133522397,0.00480454729365977,full_event_available,0,1,,"8,27","0.0041079,0.44248",paper_formula,Full Bernoulli event probability uses selected probabilities and non-selected complement probabilities.
23,9,3,continue,bernoulli_full_event,34,2,32,0.998396900590582,0.783370614535195,0.782114793565678,full_event_available,0,1,,"3,14","0.16006,0.76289",paper_formula,Full Bernoulli event probability uses selected probabilities and non-selected complement probabilities.
23,9,4,load_loss_threshold,bernoulli_full_event,32,0,32,NaN,NaN,1,terminal_stage_probability_one,1,0,,"","",,Terminal recording stage excluded from Bernoulli complement product.
23,10,1,continue,bernoulli_full_event,45,2,43,0.99785782488922,0.509333617785987,0.508242535986882,full_event_available,0,1,,"13,18","0.8221,0.29365",paper_formula,Full Bernoulli event probability uses selected probabilities and non-selected complement probabilities.
23,10,2,continue,bernoulli_full_event,39,2,37,4.18309525506664e-05,0.280433777735913,1.17308120500751e-05,full_event_available,0,1,,"24,29","0.0031184,0.0056016",paper_formula,Full Bernoulli event probability uses selected probabilities and non-selected complement probabilities.
23,10,3,continue,bernoulli_full_event,37,2,35,0.00346166943065867,0.60832275990819,0.00210581230194809,full_event_available,0,1,,"14,33","0.25088,0.0045708",paper_formula,Full Bernoulli event probability uses selected probabilities and non-selected complement probabilities.
23,10,4,continue,bernoulli_full_event,35,5,30,1,0.824950560411153,0.824950560411153,full_event_available,0,1,,"1,3,6,16,17","0.86367,0.96294,0.68301,0.73336,0.1332",paper_formula,Full Bernoulli event probability uses selected probabilities and non-selected complement probabilities.
23,10,5,max_depth_reached,bernoulli_full_event,23,0,23,NaN,NaN,1,terminal_stage_probability_one,1,0,,"","",,Terminal recording stage excluded from Bernoulli complement product.
23,11,1,continue,bernoulli_full_event,45,3,42,0.00641179644788523,0.512627537361663,0.00328686342314366,full_event_available,0,1,,"13,18,39","0.68724,0.84469,0.0051237",paper_formula,Full Bernoulli event probability uses selected probabilities and non-selected complement probabilities.
23,11,2,continue,bernoulli_full_event,38,6,32,0.11193416537207,0.814232134022936,0.0911403943409771,full_event_available,0,1,,"3,6,8,10,14,27","0.46749,0.099624,0.93421,0.3062,0.7191,0.065585",paper_formula,Full Bernoulli event probability uses selected probabilities and non-selected complement probabilities.
23,11,3,load_loss_threshold,bernoulli_full_event,0,0,0,NaN,NaN,1,terminal_stage_probability_one,1,0,,"","",,Terminal recording stage excluded from Bernoulli complement product.
23,12,1,continue,bernoulli_full_event,45,2,43,0.99785782488922,0.509333617785987,0.508242535986882,full_event_available,0,1,,"13,18","0.30982,0.65391",paper_formula,Full Bernoulli event probability uses selected probabilities and non-selected complement probabilities.
23,12,2,continue,bernoulli_full_event,39,1,38,0.369201389342759,0.43883651729608,0.162019051880051,full_event_available,0,1,,"8","0.25158",paper_formula,Full Bernoulli event probability uses selected probabilities and non-selected complement probabilities.
23,12,3,continue,bernoulli_full_event,38,1,37,1,0.788612432369122,0.788612432369122,full_event_available,0,1,,"3","0.2083",paper_formula,Full Bernoulli event probability uses selected probabilities and non-selected complement probabilities.
23,12,4,continue,bernoulli_full_event,37,8,29,0.998286062532623,0.830450260013754,0.829026920198324,full_event_available,0,1,,"4,7,25,27,30,31,40,42","0.67549,0.68025,0.43611,0.013326,0.31369,0.050374,0.91274,0.29726",paper_formula,Full Bernoulli event probability uses selected probabilities and non-selected complement probabilities.
23,12,5,max_depth_reached,bernoulli_full_event,10,0,10,NaN,NaN,1,terminal_stage_probability_one,1,0,,"","",,Terminal recording stage excluded from Bernoulli complement product.
23,13,1,continue,bernoulli_full_event,45,4,41,0.00199133192425401,0.768028042578889,0.00152939875990966,full_event_available,0,1,,"8,13,18,27","0.32122,0.80121,0.48852,0.0025785",paper_formula,Full Bernoulli event probability uses selected probabilities and non-selected complement probabilities.
23,13,2,continue,bernoulli_full_event,34,2,32,0.998396900590582,0.783370614535195,0.782114793565678,full_event_available,0,1,,"3,14","0.53013,0.61277",paper_formula,Full Bernoulli event probability uses selected probabilities and non-selected complement probabilities.
23,13,3,load_loss_threshold,bernoulli_full_event,32,0,32,NaN,NaN,1,terminal_stage_probability_one,1,0,,"","",,Terminal recording stage excluded from Bernoulli complement product.
23,14,1,continue,bernoulli_full_event,45,4,41,0.00211200272797542,0.768308883184104,0.00162267045721257,full_event_available,0,1,,"3,8,13,18","0.0046078,0.10458,0.20837,0.52889",paper_formula,Full Bernoulli event probability uses selected probabilities and non-selected complement probabilities.
23,14,2,continue,bernoulli_full_event,37,8,29,0.998286062532623,0.830450260013754,0.829026920198324,full_event_available,0,1,,"4,7,25,27,30,31,40,42","0.97961,0.88446,0.91611,0.793,0.065949,0.80288,0.8673,0.48444",paper_formula,Full Bernoulli event probability uses selected probabilities and non-selected complement probabilities.
23,14,3,load_loss_threshold,bernoulli_full_event,10,0,10,NaN,NaN,1,terminal_stage_probability_one,1,0,,"","",,Terminal recording stage excluded from Bernoulli complement product.
23,15,1,continue,bernoulli_full_event,45,2,43,0.99785782488922,0.509333617785987,0.508242535986882,full_event_available,0,1,,"13,18","0.26587,0.79624",paper_formula,Full Bernoulli event probability uses selected probabilities and non-selected complement probabilities.
23,15,2,continue,bernoulli_full_event,39,3,36,1.69480239126395e-05,0.503665211596422,8.53613005010077e-06,full_event_available,0,1,,"14,33,38","0.26652,0.00053769,0.0016277",paper_formula,Full Bernoulli event probability uses selected probabilities and non-selected complement probabilities.
23,15,3,continue,bernoulli_full_event,36,8,28,0.00661240023830118,0.835777585905392,0.0055264959082076,full_event_available,0,1,,"1,3,6,16,17,28,30,35","0.87432,0.76845,0.70216,0.92136,0.75397,0.88794,0.0058871,0.58643",paper_formula,Full Bernoulli event probability uses selected probabilities and non-selected complement probabilities.
23,15,4,load_loss_threshold,bernoulli_full_event,0,0,0,NaN,NaN,1,terminal_stage_probability_one,1,0,,"","",,Terminal recording stage excluded from Bernoulli complement product.
23,16,1,continue,bernoulli_full_event,45,4,41,4.03406064255939e-05,0.515872848655954,2.08106235532798e-05,full_event_available,0,1,,"13,14,18,24","0.60534,0.0014429,0.68604,0.0062754",paper_formula,Full Bernoulli event probability uses selected probabilities and non-selected complement probabilities.
23,16,2,continue,bernoulli_full_event,37,3,34,0.471525220744387,0.622033585407454,0.293304523669673,full_event_available,0,1,,"3,6,17","0.51372,0.035367,0.037059",paper_formula,Full Bernoulli event probability uses selected probabilities and non-selected complement probabilities.
23,16,3,continue,bernoulli_full_event,27,1,26,1,0.484639775413106,0.484639775413106,full_event_available,0,1,,"42","0.51491",paper_formula,Full Bernoulli event probability uses selected probabilities and non-selected complement probabilities.
23,16,4,load_loss_threshold,bernoulli_full_event,16,0,16,NaN,NaN,1,terminal_stage_probability_one,1,0,,"","",,Terminal recording stage excluded from Bernoulli complement product.
23,17,1,continue,bernoulli_full_event,45,2,43,0.99785782488922,0.509333617785987,0.508242535986882,full_event_available,0,1,,"13,18","0.78385,0.25407",paper_formula,Full Bernoulli event probability uses selected probabilities and non-selected complement probabilities.
23,17,2,continue,bernoulli_full_event,39,1,38,0.443532796943904,0.497455131040534,0.220637665624504,full_event_available,0,1,,"14","0.1686",paper_formula,Full Bernoulli event probability uses selected probabilities and non-selected complement probabilities.
23,17,3,continue,bernoulli_full_event,38,2,36,0.883270879844815,0.794065229405956,0.701374693831573,full_event_available,0,1,,"3,6","0.72826,0.1065",paper_formula,Full Bernoulli event probability uses selected probabilities and non-selected complement probabilities.
23,17,4,continue,bernoulli_full_event,36,5,31,0.00640473835883571,0.816555562383471,0.00522982473251808,full_event_available,0,1,,"7,9,25,27,42","0.0025121,0.055251,0.29449,0.85957,0.81438",paper_formula,Full Bernoulli event probability uses selected probabilities and non-selected complement probabilities.
23,17,5,max_depth_reached,bernoulli_full_event,0,0,0,NaN,NaN,1,terminal_stage_probability_one,1,0,,"","",,Terminal recording stage excluded from Bernoulli complement product.
23,18,1,continue,bernoulli_full_event,45,3,42,0.0064345182443262,0.512639285944207,0.00329858683816636,full_event_available,0,1,,"13,18,25","0.69447,0.28741,0.0035788",paper_formula,Full Bernoulli event probability uses selected probabilities and non-selected complement probabilities.
23,18,2,continue,bernoulli_full_event,38,2,36,0.997856111902399,0.793729880174732,0.792028212131915,full_event_available,0,1,,"8,14","0.78706,0.90066",paper_formula,Full Bernoulli event probability uses selected probabilities and non-selected complement probabilities.
23,18,3,continue,bernoulli_full_event,36,6,30,0.809904344784903,0.40876973991442,0.331064388373284,full_event_available,0,1,,"3,6,7,26,27,30","0.55165,0.98661,0.87555,0.21441,0.3761,0.95545",paper_formula,Full Bernoulli event probability uses selected probabilities and non-selected complement probabilities.
23,18,4,load_loss_threshold,bernoulli_full_event,18,0,18,NaN,NaN,1,terminal_stage_probability_one,1,0,,"","",,Terminal recording stage excluded from Bernoulli complement product.
23,19,1,continue,bernoulli_full_event,45,3,42,0.00598304602808593,0.5124059476242,0.00306574836970057,full_event_available,0,1,,"13,18,27","0.11221,0.83644,0.0039204",paper_formula,Full Bernoulli event probability uses selected probabilities and non-selected complement probabilities.
23,19,2,continue,bernoulli_full_event,35,4,31,0.006425561125,0.204450832300184,0.00131371132000196,full_event_available,0,1,,"8,10,14,39","0.94372,0.096727,0.11265,0.0026758",paper_formula,Full Bernoulli event probability uses selected probabilities and non-selected complement probabilities.
23,19,3,continue,bernoulli_full_event,31,3,28,0.593099070468648,0.834853809595838,0.495151018448501,full_event_available,0,1,,"1,3,6","0.52131,0.76735,0.55991",paper_formula,Full Bernoulli event probability uses selected probabilities and non-selected complement probabilities.
23,19,4,load_loss_threshold,bernoulli_full_event,22,0,22,NaN,NaN,1,terminal_stage_probability_one,1,0,,"","",,Terminal recording stage excluded from Bernoulli complement product.
23,20,1,continue,bernoulli_full_event,45,3,42,0.00642365129820226,0.512633666989716,0.00329297992046068,full_event_available,0,1,,"13,18,41","0.996,0.44426,0.0033454",paper_formula,Full Bernoulli event probability uses selected probabilities and non-selected complement probabilities.
23,20,2,continue,bernoulli_full_event,38,4,34,1,0.700300720099379,0.700300720099379,full_event_available,0,1,,"6,8,10,14","0.12764,0.73291,0.77974,0.32658",paper_formula,Full Bernoulli event probability uses selected probabilities and non-selected complement probabilities.
23,20,3,continue,bernoulli_full_event,34,3,31,0.006007770575,0.81923667767646,0.00492178600610539,full_event_available,0,1,,"15,25,27","0.00050101,0.65317,0.92238",paper_formula,Full Bernoulli event probability uses selected probabilities and non-selected complement probabilities.
23,20,4,load_loss_threshold,bernoulli_full_event,25,0,25,NaN,NaN,1,terminal_stage_probability_one,1,0,,"","",,Terminal recording stage excluded from Bernoulli complement product.
23,21,1,continue,bernoulli_full_event,45,2,43,0.99785782488922,0.509333617785987,0.508242535986882,full_event_available,0,1,,"13,18","0.33124,0.4495",paper_formula,Full Bernoulli event probability uses selected probabilities and non-selected complement probabilities.
23,21,2,no_new_outage,bernoulli_full_event,39,0,39,1,0.27681746541603,0.27681746541603,full_event_available,1,1,,"","",paper_formula,Full Bernoulli event probability uses selected probabilities and non-selected complement probabilities.
23,22,1,continue,bernoulli_full_event,45,3,42,0.332116138375132,0.763423030707463,0.253545108905203,full_event_available,0,1,,"8,13,18","0.023328,0.82041,0.46184",paper_formula,Full Bernoulli event probability uses selected probabilities and non-selected complement probabilities.
23,22,2,continue,bernoulli_full_event,38,1,37,1,0.788612432369122,0.788612432369122,full_event_available,0,1,,"3","0.75292",paper_formula,Full Bernoulli event probability uses selected probabilities and non-selected complement probabilities.
23,22,3,continue,bernoulli_full_event,37,8,29,0.998286062532623,0.830450260013754,0.829026920198324,full_event_available,0,1,,"4,7,25,27,30,31,40,42","0.12856,0.96429,0.24145,0.65128,0.96621,0.76238,0.79962,0.493",paper_formula,Full Bernoulli event probability uses selected probabilities and non-selected complement probabilities.
23,22,4,load_loss_threshold,bernoulli_full_event,10,0,10,NaN,NaN,1,terminal_stage_probability_one,1,0,,"","",,Terminal recording stage excluded from Bernoulli complement product.
23,23,1,continue,bernoulli_full_event,45,4,41,0.00216954330195701,0.768442871334895,0.00166717008444124,full_event_available,0,1,,"8,13,18,20","0.2127,0.61382,0.00441,0.0018412",paper_formula,Full Bernoulli event probability uses selected probabilities and non-selected complement probabilities.
23,23,2,continue,bernoulli_full_event,38,1,37,1,0.788612432369122,0.788612432369122,full_event_available,0,1,,"3","0.72048",paper_formula,Full Bernoulli event probability uses selected probabilities and non-selected complement probabilities.
23,23,3,continue,bernoulli_full_event,37,10,27,4.17065438033478e-05,0.841290776271424,3.50873306119166e-05,full_event_available,0,1,,"4,7,25,27,30,31,32,40,42,45","0.34065,0.34993,0.94856,0.8382,0.1738,0.66721,0.0061187,0.10088,0.20901,0.0043731",paper_formula,Full Bernoulli event probability uses selected probabilities and non-selected complement probabilities.
23,23,4,load_loss_threshold,bernoulli_full_event,10,0,10,NaN,NaN,1,terminal_stage_probability_one,1,0,,"","",,Terminal recording stage excluded from Bernoulli complement product.
23,24,1,continue,bernoulli_full_event,45,3,42,0.332116138375132,0.763423030707463,0.253545108905203,full_event_available,0,1,,"8,13,18","0.26787,0.33176,0.61899",paper_formula,Full Bernoulli event probability uses selected probabilities and non-selected complement probabilities.
23,24,2,continue,bernoulli_full_event,38,1,37,1,0.788612432369122,0.788612432369122,full_event_available,0,1,,"3","0.92313",paper_formula,Full Bernoulli event probability uses selected probabilities and non-selected complement probabilities.
23,24,3,continue,bernoulli_full_event,37,9,28,0.00654994907283001,0.835934992128261,0.00547533162663666,full_event_available,0,1,,"2,4,7,25,27,30,31,40,42","0.00072085,0.20645,0.49643,0.23533,0.78004,0.7186,0.58999,0.24104,0.050703",paper_formula,Full Bernoulli event probability uses selected probabilities and non-selected complement probabilities.
23,24,4,load_loss_threshold,bernoulli_full_event,7,0,7,NaN,NaN,1,terminal_stage_probability_one,1,0,,"","",,Terminal recording stage excluded from Bernoulli complement product.
23,25,1,continue,bernoulli_full_event,45,3,42,0.00634560686694847,0.512593316298868,0.00325271566785799,full_event_available,0,1,,"3,13,18","0.00076685,0.96342,0.16983",paper_formula,Full Bernoulli event probability uses selected probabilities and non-selected complement probabilities.
23,25,2,continue,bernoulli_full_event,38,2,36,0.705300050234893,0.793658704433647,0.559767524106411,full_event_available,0,1,,"8,14","0.34738,0.67386",paper_formula,Full Bernoulli event probability uses selected probabilities and non-selected complement probabilities.
23,25,3,continue,bernoulli_full_event,36,1,35,1,0.448853710455666,0.448853710455666,full_event_available,0,1,,"27","0.92832",paper_formula,Full Bernoulli event probability uses selected probabilities and non-selected complement probabilities.
23,25,4,load_loss_threshold,bernoulli_full_event,32,0,32,NaN,NaN,1,terminal_stage_probability_one,1,0,,"","",,Terminal recording stage excluded from Bernoulli complement product.
23,26,1,continue,bernoulli_full_event,45,2,43,0.99785782488922,0.509333617785987,0.508242535986882,full_event_available,0,1,,"13,18","0.93152,0.067504",paper_formula,Full Bernoulli event probability uses selected probabilities and non-selected complement probabilities.
23,26,2,no_new_outage,bernoulli_full_event,39,0,39,1,0.27681746541603,0.27681746541603,full_event_available,1,1,,"","",paper_formula,Full Bernoulli event probability uses selected probabilities and non-selected complement probabilities.
23,27,1,continue,bernoulli_full_event,45,4,41,0.00217907859707396,0.768465079599597,0.00167454580755422,full_event_available,0,1,,"8,10,13,18","0.17755,0.0019473,0.39699,0.18513",paper_formula,Full Bernoulli event probability uses selected probabilities and non-selected complement probabilities.
23,27,2,continue,bernoulli_full_event,37,3,34,1,0.803637784275256,0.803637784275256,full_event_available,0,1,,"3,12,15","0.25837,0.83966,0.061094",paper_formula,Full Bernoulli event probability uses selected probabilities and non-selected complement probabilities.
23,27,3,continue,bernoulli_full_event,33,8,25,0.998286062532623,0.851687979856393,0.850228239917203,full_event_available,0,1,,"4,7,25,27,30,31,40,42","0.67661,0.91931,0.63497,0.90498,0.64328,0.79405,0.43395,0.70689",paper_formula,Full Bernoulli event probability uses selected probabilities and non-selected complement probabilities.
23,27,4,load_loss_threshold,bernoulli_full_event,6,0,6,NaN,NaN,1,terminal_stage_probability_one,1,0,,"","",,Terminal recording stage excluded from Bernoulli complement product.
23,28,1,continue,bernoulli_full_event,45,4,41,4.15163916939706e-05,0.515968465562805,2.14211489180424e-05,full_event_available,0,1,,"1,13,18,37","0.0045459,0.46898,0.88555,0.0058599",paper_formula,Full Bernoulli event probability uses selected probabilities and non-selected complement probabilities.
23,28,2,continue,bernoulli_full_event,37,4,33,0.006457241925,0.174074187673175,0.00112403914270355,full_event_available,0,1,,"3,5,8,14","0.40209,0.0014773,0.80978,0.25659",paper_formula,Full Bernoulli event probability uses selected probabilities and non-selected complement probabilities.
23,28,3,load_loss_threshold,bernoulli_full_event,26,0,26,NaN,NaN,1,terminal_stage_probability_one,1,0,,"","",,Terminal recording stage excluded from Bernoulli complement product.
23,29,1,continue,bernoulli_full_event,45,3,42,0.332116138375132,0.763423030707463,0.253545108905203,full_event_available,0,1,,"8,13,18","0.16329,0.67689,0.96418",paper_formula,Full Bernoulli event probability uses selected probabilities and non-selected complement probabilities.
23,29,2,continue,bernoulli_full_event,38,1,37,1,0.788612432369122,0.788612432369122,full_event_available,0,1,,"3","0.69611",paper_formula,Full Bernoulli event probability uses selected probabilities and non-selected complement probabilities.
23,29,3,continue,bernoulli_full_event,37,8,29,0.998286062532623,0.830450260013754,0.829026920198324,full_event_available,0,1,,"4,7,25,27,30,31,40,42","0.16821,0.02783,0.63526,0.65351,0.45564,0.22717,0.17312,0.54481",paper_formula,Full Bernoulli event probability uses selected probabilities and non-selected complement probabilities.
23,29,4,load_loss_threshold,bernoulli_full_event,10,0,10,NaN,NaN,1,terminal_stage_probability_one,1,0,,"","",,Terminal recording stage excluded from Bernoulli complement product.
23,30,1,continue,bernoulli_full_event,45,3,42,0.00599687668678913,0.512413092690039,0.00307287812955841,full_event_available,0,1,,"13,18,34","0.81716,0.29203,0.0041846",paper_formula,Full Bernoulli event probability uses selected probabilities and non-selected complement probabilities.
23,30,2,continue,bernoulli_full_event,38,4,34,0.367635317718119,0.0829132342752407,0.0304818332258149,full_event_available,0,1,,"6,8,10,14","0.19374,0.73114,0.68298,0.91091",paper_formula,Full Bernoulli event probability uses selected probabilities and non-selected complement probabilities.
23,30,3,continue,bernoulli_full_event,34,2,32,1,0.81426214892419,0.81426214892419,full_event_available,0,1,,"3,25","0.12089,0.96548",paper_formula,Full Bernoulli event probability uses selected probabilities and non-selected complement probabilities.
23,30,4,load_loss_threshold,bernoulli_full_event,30,0,30,NaN,NaN,1,terminal_stage_probability_one,1,0,,"","",,Terminal recording stage excluded from Bernoulli complement product.
24,1,1,no_new_outage,bernoulli_full_event,45,0,45,1,0.749188383313096,0.749188383313096,full_event_available,1,1,,"","",paper_formula,Full Bernoulli event probability uses selected probabilities and non-selected complement probabilities.
24,2,1,no_new_outage,bernoulli_full_event,45,0,45,1,0.749188383313096,0.749188383313096,full_event_available,1,1,,"","",paper_formula,Full Bernoulli event probability uses selected probabilities and non-selected complement probabilities.
24,3,1,no_new_outage,bernoulli_full_event,45,0,45,1,0.749188383313096,0.749188383313096,full_event_available,1,1,,"","",paper_formula,Full Bernoulli event probability uses selected probabilities and non-selected complement probabilities.
24,4,1,continue,bernoulli_full_event,45,1,44,0.00648199255,0.754076300273601,0.00488791696050504,full_event_available,0,1,,"37","0.0054648",paper_formula,Full Bernoulli event probability uses selected probabilities and non-selected complement probabilities.
24,4,2,continue,bernoulli_full_event,44,3,41,1,0.274364533996476,0.274364533996476,full_event_available,0,1,,"6,7,8","0.83591,0.50005,0.88634",paper_formula,Full Bernoulli event probability uses selected probabilities and non-selected complement probabilities.
24,4,3,continue,bernoulli_full_event,41,3,38,1,0.572144322211991,0.572144322211991,full_event_available,0,1,,"9,40,42","0.89594,0.32288,0.61854",paper_formula,Full Bernoulli event probability uses selected probabilities and non-selected complement probabilities.
24,4,4,load_loss_threshold,bernoulli_full_event,14,0,14,NaN,NaN,1,terminal_stage_probability_one,1,0,,"","",,Terminal recording stage excluded from Bernoulli complement product.
24,5,1,no_new_outage,bernoulli_full_event,45,0,45,1,0.749188383313096,0.749188383313096,full_event_available,1,1,,"","",paper_formula,Full Bernoulli event probability uses selected probabilities and non-selected complement probabilities.
24,6,1,no_new_outage,bernoulli_full_event,45,0,45,1,0.749188383313096,0.749188383313096,full_event_available,1,1,,"","",paper_formula,Full Bernoulli event probability uses selected probabilities and non-selected complement probabilities.
24,7,1,no_new_outage,bernoulli_full_event,45,0,45,1,0.749188383313096,0.749188383313096,full_event_available,1,1,,"","",paper_formula,Full Bernoulli event probability uses selected probabilities and non-selected complement probabilities.
24,8,1,continue,bernoulli_full_event,45,1,44,0.006425561125,0.75403347147435,0.00484508816125438,full_event_available,0,1,,"4","0.0011873",paper_formula,Full Bernoulli event probability uses selected probabilities and non-selected complement probabilities.
24,8,2,no_new_outage,bernoulli_full_event,44,0,44,1,0.75403347147435,0.75403347147435,full_event_available,1,1,,"","",paper_formula,Full Bernoulli event probability uses selected probabilities and non-selected complement probabilities.
24,9,1,continue,bernoulli_full_event,45,1,44,0.00628794765,0.753929049709483,0.00474066639638748,full_event_available,0,1,,"26","0.0032473",paper_formula,Full Bernoulli event probability uses selected probabilities and non-selected complement probabilities.
24,9,2,load_loss_threshold,bernoulli_full_event,32,0,32,NaN,NaN,1,terminal_stage_probability_one,1,0,,"","",,Terminal recording stage excluded from Bernoulli complement product.
24,10,1,no_new_outage,bernoulli_full_event,45,0,45,1,0.749188383313096,0.749188383313096,full_event_available,1,1,,"","",paper_formula,Full Bernoulli event probability uses selected probabilities and non-selected complement probabilities.
24,11,1,no_new_outage,bernoulli_full_event,45,0,45,1,0.749188383313096,0.749188383313096,full_event_available,1,1,,"","",paper_formula,Full Bernoulli event probability uses selected probabilities and non-selected complement probabilities.
24,12,1,no_new_outage,bernoulli_full_event,45,0,45,1,0.749188383313096,0.749188383313096,full_event_available,1,1,,"","",paper_formula,Full Bernoulli event probability uses selected probabilities and non-selected complement probabilities.
24,13,1,no_new_outage,bernoulli_full_event,45,0,45,1,0.749188383313096,0.749188383313096,full_event_available,1,1,,"","",paper_formula,Full Bernoulli event probability uses selected probabilities and non-selected complement probabilities.
24,14,1,no_new_outage,bernoulli_full_event,45,0,45,1,0.749188383313096,0.749188383313096,full_event_available,1,1,,"","",paper_formula,Full Bernoulli event probability uses selected probabilities and non-selected complement probabilities.
24,15,1,continue,bernoulli_full_event,45,1,44,0.00656119455,0.754136419075893,0.00494803576279727,full_event_available,0,1,,"10","0.0017827",paper_formula,Full Bernoulli event probability uses selected probabilities and non-selected complement probabilities.
24,15,2,continue,bernoulli_full_event,44,2,42,1,0.763913785704631,0.763913785704631,full_event_available,0,1,,"9,12","0.47554,0.2239",paper_formula,Full Bernoulli event probability uses selected probabilities and non-selected complement probabilities.
24,15,3,continue,bernoulli_full_event,34,2,32,1,0.155009364932027,0.155009364932027,full_event_available,0,1,,"3,6","0.42188,0.028849",paper_formula,Full Bernoulli event probability uses selected probabilities and non-selected complement probabilities.
24,15,4,load_loss_threshold,bernoulli_full_event,0,0,0,NaN,NaN,1,terminal_stage_probability_one,1,0,,"","",,Terminal recording stage excluded from Bernoulli complement product.
24,16,1,continue,bernoulli_full_event,45,1,44,0.006544364125,0.754123643028345,0.00493525971524901,full_event_available,0,1,,"11","0.0063822",paper_formula,Full Bernoulli event probability uses selected probabilities and non-selected complement probabilities.
24,16,2,continue,bernoulli_full_event,44,2,42,0.00598168901889819,0.76344053408346,0.0045666638593088,full_event_available,0,1,,"12,27","0.11903,0.0015907",paper_formula,Full Bernoulli event probability uses selected probabilities and non-selected complement probabilities.
24,16,3,load_loss_threshold,bernoulli_full_event,39,0,39,NaN,NaN,1,terminal_stage_probability_one,1,0,,"","",,Terminal recording stage excluded from Bernoulli complement product.
24,17,1,continue,bernoulli_full_event,45,1,44,0.0064324913,0.754038730889405,0.00485034757630914,full_event_available,0,1,,"45","0.0059831",paper_formula,Full Bernoulli event probability uses selected probabilities and non-selected complement probabilities.
24,17,2,continue,bernoulli_full_event,44,1,43,0.006009750625,0.75859771397509,0.00455898308568537,full_event_available,0,1,,"34","0.00078905",paper_formula,Full Bernoulli event probability uses selected probabilities and non-selected complement probabilities.
24,17,3,continue,bernoulli_full_event,43,3,40,0.00587715930610459,0.292471565453937,0.00171890198267858,full_event_available,0,1,,"6,7,27","0.36609,0.027556,0.0051374",paper_formula,Full Bernoulli event probability uses selected probabilities and non-selected complement probabilities.
24,17,4,continue,bernoulli_full_event,38,5,33,0.0761259617336605,0.808601357233179,0.0615555559785189,full_event_available,0,1,,"12,14,20,40,42","0.01347,0.33301,0.12488,0.91408,0.48697",paper_formula,Full Bernoulli event probability uses selected probabilities and non-selected complement probabilities.
24,17,5,max_depth_reached,bernoulli_full_event,0,0,0,NaN,NaN,1,terminal_stage_probability_one,1,0,,"","",,Terminal recording stage excluded from Bernoulli complement product.
24,18,1,continue,bernoulli_full_event,45,1,44,0.006009750625,0.753718040779746,0.00452965746664985,full_event_available,0,1,,"34","0.0047509",paper_formula,Full Bernoulli event probability uses selected probabilities and non-selected complement probabilities.
24,18,2,continue,bernoulli_full_event,44,3,41,0.436482158820088,0.76819181211143,0.335302020538312,full_event_available,0,1,,"6,7,8","0.39065,0.19105,0.15477",paper_formula,Full Bernoulli event probability uses selected probabilities and non-selected complement probabilities.
24,18,3,continue,bernoulli_full_event,41,10,31,0.159550523675132,0.0510849624443981,0.00815063250992817,full_event_available,0,1,,"9,14,16,17,19,20,23,31,40,42","0.85046,0.81787,0.29197,0.49426,0.51147,0.84713,0.15578,0.29884,0.53057,0.061854",paper_formula,Full Bernoulli event probability uses selected probabilities and non-selected complement probabilities.
24,18,4,load_loss_threshold,bernoulli_full_event,13,0,13,NaN,NaN,1,terminal_stage_probability_one,1,0,,"","",,Terminal recording stage excluded from Bernoulli complement product.
24,19,1,no_new_outage,bernoulli_full_event,45,0,45,1,0.749188383313096,0.749188383313096,full_event_available,1,1,,"","",paper_formula,Full Bernoulli event probability uses selected probabilities and non-selected complement probabilities.
24,20,1,continue,bernoulli_full_event,45,1,44,0.006532483825,0.754114624902467,0.00492624158937131,full_event_available,0,1,,"20","0.0050439",paper_formula,Full Bernoulli event probability uses selected probabilities and non-selected complement probabilities.
24,20,2,continue,bernoulli_full_event,44,1,43,0.688201182970548,0.758940148073161,0.522303507707793,full_event_available,0,1,,"14","0.21831",paper_formula,Full Bernoulli event probability uses selected probabilities and non-selected complement probabilities.
24,20,3,continue,bernoulli_full_event,43,3,40,0.00656119455,0.0434187221943295,0.000284878683429399,full_event_available,0,1,,"3,6,31","0.88961,0.81057,0.0052612",paper_formula,Full Bernoulli event probability uses selected probabilities and non-selected complement probabilities.
24,20,4,load_loss_threshold,bernoulli_full_event,0,0,0,NaN,NaN,1,terminal_stage_probability_one,1,0,,"","",,Terminal recording stage excluded from Bernoulli complement product.
24,21,1,no_new_outage,bernoulli_full_event,45,0,45,1,0.749188383313096,0.749188383313096,full_event_available,1,1,,"","",paper_formula,Full Bernoulli event probability uses selected probabilities and non-selected complement probabilities.
24,22,1,continue,bernoulli_full_event,45,1,44,0.006009750625,0.753718040779746,0.00452965746664985,full_event_available,0,1,,"44","0.0022773",paper_formula,Full Bernoulli event probability uses selected probabilities and non-selected complement probabilities.
24,22,2,no_new_outage,bernoulli_full_event,44,0,44,1,0.753718040779746,0.753718040779746,full_event_available,1,1,,"","",paper_formula,Full Bernoulli event probability uses selected probabilities and non-selected complement probabilities.
24,23,1,no_new_outage,bernoulli_full_event,45,0,45,1,0.749188383313096,0.749188383313096,full_event_available,1,1,,"","",paper_formula,Full Bernoulli event probability uses selected probabilities and non-selected complement probabilities.
24,24,1,no_new_outage,bernoulli_full_event,45,0,45,1,0.749188383313096,0.749188383313096,full_event_available,1,1,,"","",paper_formula,Full Bernoulli event probability uses selected probabilities and non-selected complement probabilities.
24,25,1,no_new_outage,bernoulli_full_event,45,0,45,1,0.749188383313096,0.749188383313096,full_event_available,1,1,,"","",paper_formula,Full Bernoulli event probability uses selected probabilities and non-selected complement probabilities.
24,26,1,no_new_outage,bernoulli_full_event,45,0,45,1,0.749188383313096,0.749188383313096,full_event_available,1,1,,"","",paper_formula,Full Bernoulli event probability uses selected probabilities and non-selected complement probabilities.
24,27,1,continue,bernoulli_full_event,45,1,44,0.006437441425,0.754042487659364,0.00485410434626844,full_event_available,0,1,,"41","0.0044927",paper_formula,Full Bernoulli event probability uses selected probabilities and non-selected complement probabilities.
24,27,2,continue,bernoulli_full_event,44,1,43,1,0.535119168232509,0.535119168232509,full_event_available,0,1,,"6","0.42048",paper_formula,Full Bernoulli event probability uses selected probabilities and non-selected complement probabilities.
24,27,3,continue,bernoulli_full_event,43,4,39,0.384582871739355,0.304133442070386,0.116964512543404,full_event_available,0,1,,"12,14,17,20","0.64569,0.87714,0.11404,0.47478",paper_formula,Full Bernoulli event probability uses selected probabilities and non-selected complement probabilities.
24,27,4,no_new_outage,bernoulli_full_event,27,0,27,1,0.840861785083905,0.840861785083905,full_event_available,1,1,,"","",paper_formula,Full Bernoulli event probability uses selected probabilities and non-selected complement probabilities.
24,28,1,continue,bernoulli_full_event,45,1,44,0.006358239425,0.75398238383173,0.00479400051863439,full_event_available,0,1,,"14","0.0023658",paper_formula,Full Bernoulli event probability uses selected probabilities and non-selected complement probabilities.
24,28,2,continue,bernoulli_full_event,44,1,43,1,0.758807816847517,0.758807816847517,full_event_available,0,1,,"3","0.35831",paper_formula,Full Bernoulli event probability uses selected probabilities and non-selected complement probabilities.
24,28,3,continue,bernoulli_full_event,43,2,41,0.997432288247316,0.736500185606884,0.734609065424447,full_event_available,0,1,,"40,42","0.47653,0.028983",paper_formula,Full Bernoulli event probability uses selected probabilities and non-selected complement probabilities.
24,28,4,continue,bernoulli_full_event,37,5,32,0.823367867525723,0.813980717531047,0.670205567600596,full_event_available,0,1,,"1,16,17,20,27","0.1378,0.072876,0.54076,0.48362,0.78586",paper_formula,Full Bernoulli event probability uses selected probabilities and non-selected complement probabilities.
24,28,5,max_depth_reached,bernoulli_full_event,0,0,0,NaN,NaN,1,terminal_stage_probability_one,1,0,,"","",,Terminal recording stage excluded from Bernoulli complement product.
24,29,1,no_new_outage,bernoulli_full_event,45,0,45,1,0.749188383313096,0.749188383313096,full_event_available,1,1,,"","",paper_formula,Full Bernoulli event probability uses selected probabilities and non-selected complement probabilities.
24,30,1,continue,bernoulli_full_event,45,1,44,0.006358239425,0.75398238383173,0.00479400051863439,full_event_available,0,1,,"38","0.0052235",paper_formula,Full Bernoulli event probability uses selected probabilities and non-selected complement probabilities.
24,30,2,continue,bernoulli_full_event,44,2,42,1,0.763839927438535,0.763839927438535,full_event_available,0,1,,"28,35","0.25283,0.18873",paper_formula,Full Bernoulli event probability uses selected probabilities and non-selected complement probabilities.
24,30,3,continue,bernoulli_full_event,39,3,36,1,0.0999051098903405,0.0999051098903405,full_event_available,0,1,,"6,7,8","0.45012,0.26546,0.3721",paper_formula,Full Bernoulli event probability uses selected probabilities and non-selected complement probabilities.
24,30,4,continue,bernoulli_full_event,36,6,30,0.107253576051843,0.758729448092335,0.0813764465637441,full_event_available,0,1,,"9,20,27,31,40,42","0.14626,0.39302,0.25383,0.45929,0.091769,0.32207",paper_formula,Full Bernoulli event probability uses selected probabilities and non-selected complement probabilities.
24,30,5,max_depth_reached,bernoulli_full_event,19,0,19,NaN,NaN,1,terminal_stage_probability_one,1,0,,"","",,Terminal recording stage excluded from Bernoulli complement product.
25,1,1,no_new_outage,bernoulli_full_event,45,0,45,1,0.749256317460871,0.749256317460871,full_event_available,1,1,,"","",paper_formula,Full Bernoulli event probability uses selected probabilities and non-selected complement probabilities.
25,2,1,continue,bernoulli_full_event,45,1,44,0.00628794765,0.753997413726619,0.00474109626574837,full_event_available,0,1,,"26","0.0037071",paper_formula,Full Bernoulli event probability uses selected probabilities and non-selected complement probabilities.
25,2,2,no_new_outage,bernoulli_full_event,33,0,33,1,0.808738333677257,0.808738333677257,full_event_available,1,1,,"","",paper_formula,Full Bernoulli event probability uses selected probabilities and non-selected complement probabilities.
25,3,1,no_new_outage,bernoulli_full_event,45,0,45,1,0.749256317460871,0.749256317460871,full_event_available,1,1,,"","",paper_formula,Full Bernoulli event probability uses selected probabilities and non-selected complement probabilities.
25,4,1,no_new_outage,bernoulli_full_event,45,0,45,1,0.749256317460871,0.749256317460871,full_event_available,1,1,,"","",paper_formula,Full Bernoulli event probability uses selected probabilities and non-selected complement probabilities.
25,5,1,no_new_outage,bernoulli_full_event,45,0,45,1,0.749256317460871,0.749256317460871,full_event_available,1,1,,"","",paper_formula,Full Bernoulli event probability uses selected probabilities and non-selected complement probabilities.
25,6,1,no_new_outage,bernoulli_full_event,45,0,45,1,0.749256317460871,0.749256317460871,full_event_available,1,1,,"","",paper_formula,Full Bernoulli event probability uses selected probabilities and non-selected complement probabilities.
25,7,1,continue,bernoulli_full_event,45,2,43,3.94896047673184e-05,0.758771590764083,2.99635902279431e-05,full_event_available,0,1,,"2,8","0.00011237,0.0021115",paper_formula,Full Bernoulli event probability uses selected probabilities and non-selected complement probabilities.
25,7,2,continue,bernoulli_full_event,43,1,42,1,0.763627674359706,0.763627674359706,full_event_available,0,1,,"3","0.88714",paper_formula,Full Bernoulli event probability uses selected probabilities and non-selected complement probabilities.
25,7,3,continue,bernoulli_full_event,42,5,37,0.707118979710838,0.420879649396441,0.297611988262266,full_event_available,0,1,,"7,19,30,40,42","0.7916,0.43075,0.051772,0.014363,0.84049",paper_formula,Full Bernoulli event probability uses selected probabilities and non-selected complement probabilities.
25,7,4,load_loss_threshold,bernoulli_full_event,0,0,0,NaN,NaN,1,terminal_stage_probability_one,1,0,,"","",,Terminal recording stage excluded from Bernoulli complement product.
25,8,1,no_new_outage,bernoulli_full_event,45,0,45,1,0.749256317460871,0.749256317460871,full_event_available,1,1,,"","",paper_formula,Full Bernoulli event probability uses selected probabilities and non-selected complement probabilities.
25,9,1,continue,bernoulli_full_event,45,1,44,0.0064324913,0.7541071048521,0.00485078739122932,full_event_available,0,1,,"45","0.00062186",paper_formula,Full Bernoulli event probability uses selected probabilities and non-selected complement probabilities.
25,9,2,continue,bernoulli_full_event,44,1,43,0.0065948554,0.75911334761181,0.00500624275970982,full_event_available,0,1,,"9","0.0060881",paper_formula,Full Bernoulli event probability uses selected probabilities and non-selected complement probabilities.
25,9,3,no_new_outage,bernoulli_full_event,43,0,43,1,0.75911334761181,0.75911334761181,full_event_available,1,1,,"","",paper_formula,Full Bernoulli event probability uses selected probabilities and non-selected complement probabilities.
25,10,1,no_new_outage,bernoulli_full_event,45,0,45,1,0.749256317460871,0.749256317460871,full_event_available,1,1,,"","",paper_formula,Full Bernoulli event probability uses selected probabilities and non-selected complement probabilities.
25,11,1,no_new_outage,bernoulli_full_event,45,0,45,1,0.749256317460871,0.749256317460871,full_event_available,1,1,,"","",paper_formula,Full Bernoulli event probability uses selected probabilities and non-selected complement probabilities.
25,12,1,no_new_outage,bernoulli_full_event,45,0,45,1,0.749256317460871,0.749256317460871,full_event_available,1,1,,"","",paper_formula,Full Bernoulli event probability uses selected probabilities and non-selected complement probabilities.
25,13,1,no_new_outage,bernoulli_full_event,45,0,45,1,0.749256317460871,0.749256317460871,full_event_available,1,1,,"","",paper_formula,Full Bernoulli event probability uses selected probabilities and non-selected complement probabilities.
25,14,1,no_new_outage,bernoulli_full_event,45,0,45,1,0.749256317460871,0.749256317460871,full_event_available,1,1,,"","",paper_formula,Full Bernoulli event probability uses selected probabilities and non-selected complement probabilities.
25,15,1,no_new_outage,bernoulli_full_event,45,0,45,1,0.749256317460871,0.749256317460871,full_event_available,1,1,,"","",paper_formula,Full Bernoulli event probability uses selected probabilities and non-selected complement probabilities.
25,16,1,continue,bernoulli_full_event,45,1,44,0.006007770575,0.753784884107491,0.00452856664662077,full_event_available,0,1,,"16","0.0010081",paper_formula,Full Bernoulli event probability uses selected probabilities and non-selected complement probabilities.
25,16,2,no_new_outage,bernoulli_full_event,44,0,44,1,0.753784884107491,0.753784884107491,full_event_available,1,1,,"","",paper_formula,Full Bernoulli event probability uses selected probabilities and non-selected complement probabilities.
25,17,1,no_new_outage,bernoulli_full_event,45,0,45,1,0.749256317460871,0.749256317460871,full_event_available,1,1,,"","",paper_formula,Full Bernoulli event probability uses selected probabilities and non-selected complement probabilities.
25,18,1,no_new_outage,bernoulli_full_event,45,0,45,1,0.749256317460871,0.749256317460871,full_event_available,1,1,,"","",paper_formula,Full Bernoulli event probability uses selected probabilities and non-selected complement probabilities.
25,19,1,no_new_outage,bernoulli_full_event,45,0,45,1,0.749256317460871,0.749256317460871,full_event_available,1,1,,"","",paper_formula,Full Bernoulli event probability uses selected probabilities and non-selected complement probabilities.
25,20,1,no_new_outage,bernoulli_full_event,45,0,45,1,0.749256317460871,0.749256317460871,full_event_available,1,1,,"","",paper_formula,Full Bernoulli event probability uses selected probabilities and non-selected complement probabilities.
25,21,1,no_new_outage,bernoulli_full_event,45,0,45,1,0.749256317460871,0.749256317460871,full_event_available,1,1,,"","",paper_formula,Full Bernoulli event probability uses selected probabilities and non-selected complement probabilities.
25,22,1,no_new_outage,bernoulli_full_event,45,0,45,1,0.749256317460871,0.749256317460871,full_event_available,1,1,,"","",paper_formula,Full Bernoulli event probability uses selected probabilities and non-selected complement probabilities.
25,23,1,continue,bernoulli_full_event,45,1,44,0.00656119455,0.754204801896659,0.00494848443578819,full_event_available,0,1,,"10","0.0016035",paper_formula,Full Bernoulli event probability uses selected probabilities and non-selected complement probabilities.
25,23,2,continue,bernoulli_full_event,44,3,41,1,0.768968272547074,0.768968272547074,full_event_available,0,1,,"12,19,23","0.41338,0.84391,0.65001",paper_formula,Full Bernoulli event probability uses selected probabilities and non-selected complement probabilities.
25,23,3,continue,bernoulli_full_event,35,6,29,0.998256683386938,0.830385665958275,0.828938040831561,full_event_available,0,1,,"3,6,7,26,27,30","0.40945,0.91285,0.20011,0.49108,0.68685,0.5",paper_formula,Full Bernoulli event probability uses selected probabilities and non-selected complement probabilities.
25,23,4,load_loss_threshold,bernoulli_full_event,0,0,0,NaN,NaN,1,terminal_stage_probability_one,1,0,,"","",,Terminal recording stage excluded from Bernoulli complement product.
25,24,1,no_new_outage,bernoulli_full_event,45,0,45,1,0.749256317460871,0.749256317460871,full_event_available,1,1,,"","",paper_formula,Full Bernoulli event probability uses selected probabilities and non-selected complement probabilities.
25,25,1,no_new_outage,bernoulli_full_event,45,0,45,1,0.749256317460871,0.749256317460871,full_event_available,1,1,,"","",paper_formula,Full Bernoulli event probability uses selected probabilities and non-selected complement probabilities.
25,26,1,no_new_outage,bernoulli_full_event,45,0,45,1,0.749256317460871,0.749256317460871,full_event_available,1,1,,"","",paper_formula,Full Bernoulli event probability uses selected probabilities and non-selected complement probabilities.
25,27,1,no_new_outage,bernoulli_full_event,45,0,45,1,0.749256317460871,0.749256317460871,full_event_available,1,1,,"","",paper_formula,Full Bernoulli event probability uses selected probabilities and non-selected complement probabilities.
25,28,1,continue,bernoulli_full_event,45,1,44,0.006358239425,0.754050752685044,0.00479443522417297,full_event_available,0,1,,"38","0.0058114",paper_formula,Full Bernoulli event probability uses selected probabilities and non-selected complement probabilities.
25,28,2,continue,bernoulli_full_event,44,2,42,1,0.763909190144234,0.763909190144234,full_event_available,0,1,,"28,35","0.3345,0.19996",paper_formula,Full Bernoulli event probability uses selected probabilities and non-selected complement probabilities.
25,28,3,continue,bernoulli_full_event,39,3,36,0.39807324593505,0.27567527641034,0.109738952104706,full_event_available,0,1,,"8,14,19","0.078076,0.58572,0.33648",paper_formula,Full Bernoulli event probability uses selected probabilities and non-selected complement probabilities.
25,28,4,continue,bernoulli_full_event,36,6,30,0.362096770015846,0.82522587784577,0.298811624901445,full_event_available,0,1,,"1,3,6,18,20,21","0.46901,0.41513,0.9982,0.11305,0.2006,0.50214",paper_formula,Full Bernoulli event probability uses selected probabilities and non-selected complement probabilities.
25,28,5,max_depth_reached,bernoulli_full_event,18,0,18,NaN,NaN,1,terminal_stage_probability_one,1,0,,"","",,Terminal recording stage excluded from Bernoulli complement product.
25,29,1,no_new_outage,bernoulli_full_event,45,0,45,1,0.749256317460871,0.749256317460871,full_event_available,1,1,,"","",paper_formula,Full Bernoulli event probability uses selected probabilities and non-selected complement probabilities.
25,30,1,no_new_outage,bernoulli_full_event,45,0,45,1,0.749256317460871,0.749256317460871,full_event_available,1,1,,"","",paper_formula,Full Bernoulli event probability uses selected probabilities and non-selected complement probabilities.
26,1,1,no_new_outage,bernoulli_full_event,45,0,45,1,0.749135388301968,0.749135388301968,full_event_available,1,1,,"","",paper_formula,Full Bernoulli event probability uses selected probabilities and non-selected complement probabilities.
26,2,1,continue,bernoulli_full_event,45,1,44,0.00656119455,0.754083074057723,0.00494768575575478,full_event_available,0,1,,"10","0.0064635",paper_formula,Full Bernoulli event probability uses selected probabilities and non-selected complement probabilities.
26,2,2,continue,bernoulli_full_event,44,2,42,1,0.763859749069152,0.763859749069152,full_event_available,0,1,,"9,12","0.44609,0.85124",paper_formula,Full Bernoulli event probability uses selected probabilities and non-selected complement probabilities.
26,2,3,load_loss_threshold,bernoulli_full_event,21,0,21,NaN,NaN,1,terminal_stage_probability_one,1,0,,"","",,Terminal recording stage excluded from Bernoulli complement product.
26,3,1,no_new_outage,bernoulli_full_event,45,0,45,1,0.749135388301968,0.749135388301968,full_event_available,1,1,,"","",paper_formula,Full Bernoulli event probability uses selected probabilities and non-selected complement probabilities.
26,4,1,no_new_outage,bernoulli_full_event,45,0,45,1,0.749135388301968,0.749135388301968,full_event_available,1,1,,"","",paper_formula,Full Bernoulli event probability uses selected probabilities and non-selected complement probabilities.
26,5,1,no_new_outage,bernoulli_full_event,45,0,45,1,0.749135388301968,0.749135388301968,full_event_available,1,1,,"","",paper_formula,Full Bernoulli event probability uses selected probabilities and non-selected complement probabilities.
26,6,1,continue,bernoulli_full_event,45,1,44,0.00641467085,0.753971869676099,0.00483648137413127,full_event_available,0,1,,"23","0.0040299",paper_formula,Full Bernoulli event probability uses selected probabilities and non-selected complement probabilities.
26,6,2,continue,bernoulli_full_event,44,2,42,0.998254402359952,0.763629911306827,0.762296920735779,full_event_available,0,1,,"13,18","0.685,0.49335",paper_formula,Full Bernoulli event probability uses selected probabilities and non-selected complement probabilities.
26,6,3,no_new_outage,bernoulli_full_event,38,0,38,1,0.406895402260598,0.406895402260598,full_event_available,1,1,,"","",paper_formula,Full Bernoulli event probability uses selected probabilities and non-selected complement probabilities.
26,7,1,no_new_outage,bernoulli_full_event,45,0,45,1,0.749135388301968,0.749135388301968,full_event_available,1,1,,"","",paper_formula,Full Bernoulli event probability uses selected probabilities and non-selected complement probabilities.
26,8,1,no_new_outage,bernoulli_full_event,45,0,45,1,0.749135388301968,0.749135388301968,full_event_available,1,1,,"","",paper_formula,Full Bernoulli event probability uses selected probabilities and non-selected complement probabilities.
26,9,1,no_new_outage,bernoulli_full_event,45,0,45,1,0.749135388301968,0.749135388301968,full_event_available,1,1,,"","",paper_formula,Full Bernoulli event probability uses selected probabilities and non-selected complement probabilities.
26,10,1,no_new_outage,bernoulli_full_event,45,0,45,1,0.749135388301968,0.749135388301968,full_event_available,1,1,,"","",paper_formula,Full Bernoulli event probability uses selected probabilities and non-selected complement probabilities.
26,11,1,continue,bernoulli_full_event,45,1,44,0.00647011225,0.754013943152228,0.00487855485026003,full_event_available,0,1,,"40","0.0038347",paper_formula,Full Bernoulli event probability uses selected probabilities and non-selected complement probabilities.
26,11,2,continue,bernoulli_full_event,44,1,43,0.596774319506392,0.758839578145395,0.452855972862236,full_event_available,0,1,,"3","0.26676",paper_formula,Full Bernoulli event probability uses selected probabilities and non-selected complement probabilities.
26,11,3,continue,bernoulli_full_event,43,4,39,1,0.778549201177423,0.778549201177423,full_event_available,0,1,,"1,6,8,9","0.78943,0.25175,0.84834,0.36033",paper_formula,Full Bernoulli event probability uses selected probabilities and non-selected complement probabilities.
26,11,4,load_loss_threshold,bernoulli_full_event,28,0,28,NaN,NaN,1,terminal_stage_probability_one,1,0,,"","",,Terminal recording stage excluded from Bernoulli complement product.
26,12,1,no_new_outage,bernoulli_full_event,45,0,45,1,0.749135388301968,0.749135388301968,full_event_available,1,1,,"","",paper_formula,Full Bernoulli event probability uses selected probabilities and non-selected complement probabilities.
26,13,1,continue,bernoulli_full_event,45,2,43,4.12178596434307e-05,0.758847893198423,3.12780859525657e-05,full_event_available,0,1,,"23,39","0.0047657,0.0035641",paper_formula,Full Bernoulli event probability uses selected probabilities and non-selected complement probabilities.
26,13,2,continue,bernoulli_full_event,43,4,39,1,0.674781007733157,0.674781007733157,full_event_available,0,1,,"8,10,13,18","0.73828,0.40877,0.9573,0.5625",paper_formula,Full Bernoulli event probability uses selected probabilities and non-selected complement probabilities.
26,13,3,continue,bernoulli_full_event,35,5,30,0.622083279312357,0.824243184816258,0.512747903361359,full_event_available,0,1,,"3,6,12,15,27","0.28208,0.32527,0.056796,0.25793,0.55377",paper_formula,Full Bernoulli event probability uses selected probabilities and non-selected complement probabilities.
26,13,4,load_loss_threshold,bernoulli_full_event,17,0,17,NaN,NaN,1,terminal_stage_probability_one,1,0,,"","",,Terminal recording stage excluded from Bernoulli complement product.
26,14,1,no_new_outage,bernoulli_full_event,45,0,45,1,0.749135388301968,0.749135388301968,full_event_available,1,1,,"","",paper_formula,Full Bernoulli event probability uses selected probabilities and non-selected complement probabilities.
26,15,1,no_new_outage,bernoulli_full_event,45,0,45,1,0.749135388301968,0.749135388301968,full_event_available,1,1,,"","",paper_formula,Full Bernoulli event probability uses selected probabilities and non-selected complement probabilities.
26,16,1,no_new_outage,bernoulli_full_event,45,0,45,1,0.749135388301968,0.749135388301968,full_event_available,1,1,,"","",paper_formula,Full Bernoulli event probability uses selected probabilities and non-selected complement probabilities.
26,17,1,continue,bernoulli_full_event,45,1,44,0.006532483825,0.754061281425942,0.00492589312397374,full_event_available,0,1,,"20","0.0038512",paper_formula,Full Bernoulli event probability uses selected probabilities and non-selected complement probabilities.
26,17,2,continue,bernoulli_full_event,44,1,43,0.574969978712344,0.758886463255713,0.436336933623223,full_event_available,0,1,,"14","0.51783",paper_formula,Full Bernoulli event probability uses selected probabilities and non-selected complement probabilities.
26,17,3,continue,bernoulli_full_event,43,2,41,0.989677318347311,0.331225897530966,0.327806758035628,full_event_available,0,1,,"3,6","0.38359,0.46262",paper_formula,Full Bernoulli event probability uses selected probabilities and non-selected complement probabilities.
26,17,4,continue,bernoulli_full_event,41,4,37,0.475026447508385,0.788589633894526,0.374600932330854,full_event_available,0,1,,"24,25,27,42","0.43784,0.38141,0.52043,0.23101",paper_formula,Full Bernoulli event probability uses selected probabilities and non-selected complement probabilities.
26,17,5,max_depth_reached,bernoulli_full_event,0,0,0,NaN,NaN,1,terminal_stage_probability_one,1,0,,"","",,Terminal recording stage excluded from Bernoulli complement product.
26,18,1,no_new_outage,bernoulli_full_event,45,0,45,1,0.749135388301968,0.749135388301968,full_event_available,1,1,,"","",paper_formula,Full Bernoulli event probability uses selected probabilities and non-selected complement probabilities.
26,19,1,continue,bernoulli_full_event,45,1,44,0.006358239425,0.753929049709483,0.00479366140751562,full_event_available,0,1,,"38","0.0027928",paper_formula,Full Bernoulli event probability uses selected probabilities and non-selected complement probabilities.
26,19,2,continue,bernoulli_full_event,44,3,41,0.006245376575,0.768586005059406,0.00480010903187085,full_event_available,0,1,,"12,28,35","0.0032958,0.48665,0.93512",paper_formula,Full Bernoulli event probability uses selected probabilities and non-selected complement probabilities.
26,19,3,continue,bernoulli_full_event,38,5,33,0.630432323003584,0.335816682344261,0.211709691153649,full_event_available,0,1,,"10,11,14,19,23","0.68739,0.91118,0.43473,0.83962,0.7676",paper_formula,Full Bernoulli event probability uses selected probabilities and non-selected complement probabilities.
26,19,4,load_loss_threshold,bernoulli_full_event,28,0,28,NaN,NaN,1,terminal_stage_probability_one,1,0,,"","",,Terminal recording stage excluded from Bernoulli complement product.
26,20,1,no_new_outage,bernoulli_full_event,45,0,45,1,0.749135388301968,0.749135388301968,full_event_available,1,1,,"","",paper_formula,Full Bernoulli event probability uses selected probabilities and non-selected complement probabilities.
26,21,1,no_new_outage,bernoulli_full_event,45,0,45,1,0.749135388301968,0.749135388301968,full_event_available,1,1,,"","",paper_formula,Full Bernoulli event probability uses selected probabilities and non-selected complement probabilities.
26,22,1,no_new_outage,bernoulli_full_event,45,0,45,1,0.749135388301968,0.749135388301968,full_event_available,1,1,,"","",paper_formula,Full Bernoulli event probability uses selected probabilities and non-selected complement probabilities.
26,23,1,continue,bernoulli_full_event,45,1,44,0.006457241925,0.754004175676772,0.00486878737480512,full_event_available,0,1,,"5","0.0036574",paper_formula,Full Bernoulli event probability uses selected probabilities and non-selected complement probabilities.
26,23,2,continue,bernoulli_full_event,44,2,42,0.997349691401273,0.763996749657206,0.76197192250219,full_event_available,0,1,,"6,9","0.58155,0.72304",paper_formula,Full Bernoulli event probability uses selected probabilities and non-selected complement probabilities.
26,23,3,continue,bernoulli_full_event,42,7,35,0.147954090109117,0.291419969746807,0.0431167764635151,full_event_available,0,1,,"3,10,12,13,17,18,20","0.042636,0.46408,0.89449,0.89277,0.10858,0.021477,0.038351",paper_formula,Full Bernoulli event probability uses selected probabilities and non-selected complement probabilities.
26,23,4,load_loss_threshold,bernoulli_full_event,13,0,13,NaN,NaN,1,terminal_stage_probability_one,1,0,,"","",,Terminal recording stage excluded from Bernoulli complement product.
26,24,1,continue,bernoulli_full_event,45,1,44,0.00656119455,0.754083074057723,0.00494768575575478,full_event_available,0,1,,"10","0.0028944",paper_formula,Full Bernoulli event probability uses selected probabilities and non-selected complement probabilities.
26,24,2,continue,bernoulli_full_event,44,2,42,1,0.763859749069152,0.763859749069152,full_event_available,0,1,,"9,12","0.88587,0.77561",paper_formula,Full Bernoulli event probability uses selected probabilities and non-selected complement probabilities.
26,24,3,load_loss_threshold,bernoulli_full_event,21,0,21,NaN,NaN,1,terminal_stage_probability_one,1,0,,"","",,Terminal recording stage excluded from Bernoulli complement product.
26,25,1,continue,bernoulli_full_event,45,1,44,0.006007770575,0.753663224042832,0.00452783574086416,full_event_available,0,1,,"15","0.0033579",paper_formula,Full Bernoulli event probability uses selected probabilities and non-selected complement probabilities.
26,25,2,no_new_outage,bernoulli_full_event,44,0,44,1,0.753663224042832,0.753663224042832,full_event_available,1,1,,"","",paper_formula,Full Bernoulli event probability uses selected probabilities and non-selected complement probabilities.
26,26,1,continue,bernoulli_full_event,45,1,44,0.006009750625,0.753664725356218,0.00452933705424998,full_event_available,0,1,,"34","0.0057505",paper_formula,Full Bernoulli event probability uses selected probabilities and non-selected complement probabilities.
26,26,2,continue,bernoulli_full_event,44,2,42,0.0541066087622996,0.763618566642424,0.0413168110289496,full_event_available,0,1,,"19,23","0.088737,0.072415",paper_formula,Full Bernoulli event probability uses selected probabilities and non-selected complement probabilities.
26,26,3,continue,bernoulli_full_event,42,4,38,1,0.783222069385487,0.783222069385487,full_event_available,0,1,,"8,10,13,18","0.63993,0.99385,0.010682,0.030523",paper_formula,Full Bernoulli event probability uses selected probabilities and non-selected complement probabilities.
26,26,4,continue,bernoulli_full_event,35,4,31,0.997695059194133,0.818958379370319,0.817070728783402,full_event_available,0,1,,"3,6,12,15","0.53739,0.3362,0.56822,0.49428",paper_formula,Full Bernoulli event probability uses selected probabilities and non-selected complement probabilities.
26,26,5,max_depth_reached,bernoulli_full_event,17,0,17,NaN,NaN,1,terminal_stage_probability_one,1,0,,"","",,Terminal recording stage excluded from Bernoulli complement product.
26,27,1,no_new_outage,bernoulli_full_event,45,0,45,1,0.749135388301968,0.749135388301968,full_event_available,1,1,,"","",paper_formula,Full Bernoulli event probability uses selected probabilities and non-selected complement probabilities.
26,28,1,no_new_outage,bernoulli_full_event,45,0,45,1,0.749135388301968,0.749135388301968,full_event_available,1,1,,"","",paper_formula,Full Bernoulli event probability uses selected probabilities and non-selected complement probabilities.
26,29,1,no_new_outage,bernoulli_full_event,45,0,45,1,0.749135388301968,0.749135388301968,full_event_available,1,1,,"","",paper_formula,Full Bernoulli event probability uses selected probabilities and non-selected complement probabilities.
26,30,1,no_new_outage,bernoulli_full_event,45,0,45,1,0.749135388301968,0.749135388301968,full_event_available,1,1,,"","",paper_formula,Full Bernoulli event probability uses selected probabilities and non-selected complement probabilities.
27,1,1,no_new_outage,bernoulli_full_event,42,0,42,1,0.762953948518273,0.762953948518273,full_event_available,1,1,,"","",paper_formula,Full Bernoulli event probability uses selected probabilities and non-selected complement probabilities.
27,2,1,no_new_outage,bernoulli_full_event,42,0,42,1,0.762953948518273,0.762953948518273,full_event_available,1,1,,"","",paper_formula,Full Bernoulli event probability uses selected probabilities and non-selected complement probabilities.
27,3,1,no_new_outage,bernoulli_full_event,42,0,42,1,0.762953948518273,0.762953948518273,full_event_available,1,1,,"","",paper_formula,Full Bernoulli event probability uses selected probabilities and non-selected complement probabilities.
27,4,1,no_new_outage,bernoulli_full_event,42,0,42,1,0.762953948518273,0.762953948518273,full_event_available,1,1,,"","",paper_formula,Full Bernoulli event probability uses selected probabilities and non-selected complement probabilities.
27,5,1,no_new_outage,bernoulli_full_event,42,0,42,1,0.762953948518273,0.762953948518273,full_event_available,1,1,,"","",paper_formula,Full Bernoulli event probability uses selected probabilities and non-selected complement probabilities.
27,6,1,no_new_outage,bernoulli_full_event,42,0,42,1,0.762953948518273,0.762953948518273,full_event_available,1,1,,"","",paper_formula,Full Bernoulli event probability uses selected probabilities and non-selected complement probabilities.
27,7,1,no_new_outage,bernoulli_full_event,42,0,42,1,0.762953948518273,0.762953948518273,full_event_available,1,1,,"","",paper_formula,Full Bernoulli event probability uses selected probabilities and non-selected complement probabilities.
27,8,1,no_new_outage,bernoulli_full_event,42,0,42,1,0.762953948518273,0.762953948518273,full_event_available,1,1,,"","",paper_formula,Full Bernoulli event probability uses selected probabilities and non-selected complement probabilities.
27,9,1,no_new_outage,bernoulli_full_event,42,0,42,1,0.762953948518273,0.762953948518273,full_event_available,1,1,,"","",paper_formula,Full Bernoulli event probability uses selected probabilities and non-selected complement probabilities.
27,10,1,no_new_outage,bernoulli_full_event,42,0,42,1,0.762953948518273,0.762953948518273,full_event_available,1,1,,"","",paper_formula,Full Bernoulli event probability uses selected probabilities and non-selected complement probabilities.
27,11,1,no_new_outage,bernoulli_full_event,42,0,42,1,0.762953948518273,0.762953948518273,full_event_available,1,1,,"","",paper_formula,Full Bernoulli event probability uses selected probabilities and non-selected complement probabilities.
27,12,1,no_new_outage,bernoulli_full_event,42,0,42,1,0.762953948518273,0.762953948518273,full_event_available,1,1,,"","",paper_formula,Full Bernoulli event probability uses selected probabilities and non-selected complement probabilities.
27,13,1,no_new_outage,bernoulli_full_event,42,0,42,1,0.762953948518273,0.762953948518273,full_event_available,1,1,,"","",paper_formula,Full Bernoulli event probability uses selected probabilities and non-selected complement probabilities.
27,14,1,no_new_outage,bernoulli_full_event,42,0,42,1,0.762953948518273,0.762953948518273,full_event_available,1,1,,"","",paper_formula,Full Bernoulli event probability uses selected probabilities and non-selected complement probabilities.
27,15,1,no_new_outage,bernoulli_full_event,42,0,42,1,0.762953948518273,0.762953948518273,full_event_available,1,1,,"","",paper_formula,Full Bernoulli event probability uses selected probabilities and non-selected complement probabilities.
27,16,1,no_new_outage,bernoulli_full_event,42,0,42,1,0.762953948518273,0.762953948518273,full_event_available,1,1,,"","",paper_formula,Full Bernoulli event probability uses selected probabilities and non-selected complement probabilities.
27,17,1,no_new_outage,bernoulli_full_event,42,0,42,1,0.762953948518273,0.762953948518273,full_event_available,1,1,,"","",paper_formula,Full Bernoulli event probability uses selected probabilities and non-selected complement probabilities.
27,18,1,no_new_outage,bernoulli_full_event,42,0,42,1,0.762953948518273,0.762953948518273,full_event_available,1,1,,"","",paper_formula,Full Bernoulli event probability uses selected probabilities and non-selected complement probabilities.
27,19,1,no_new_outage,bernoulli_full_event,42,0,42,1,0.762953948518273,0.762953948518273,full_event_available,1,1,,"","",paper_formula,Full Bernoulli event probability uses selected probabilities and non-selected complement probabilities.
27,20,1,no_new_outage,bernoulli_full_event,42,0,42,1,0.762953948518273,0.762953948518273,full_event_available,1,1,,"","",paper_formula,Full Bernoulli event probability uses selected probabilities and non-selected complement probabilities.
27,21,1,no_new_outage,bernoulli_full_event,42,0,42,1,0.762953948518273,0.762953948518273,full_event_available,1,1,,"","",paper_formula,Full Bernoulli event probability uses selected probabilities and non-selected complement probabilities.
27,22,1,no_new_outage,bernoulli_full_event,42,0,42,1,0.762953948518273,0.762953948518273,full_event_available,1,1,,"","",paper_formula,Full Bernoulli event probability uses selected probabilities and non-selected complement probabilities.
27,23,1,no_new_outage,bernoulli_full_event,42,0,42,1,0.762953948518273,0.762953948518273,full_event_available,1,1,,"","",paper_formula,Full Bernoulli event probability uses selected probabilities and non-selected complement probabilities.
27,24,1,no_new_outage,bernoulli_full_event,42,0,42,1,0.762953948518273,0.762953948518273,full_event_available,1,1,,"","",paper_formula,Full Bernoulli event probability uses selected probabilities and non-selected complement probabilities.
27,25,1,no_new_outage,bernoulli_full_event,42,0,42,1,0.762953948518273,0.762953948518273,full_event_available,1,1,,"","",paper_formula,Full Bernoulli event probability uses selected probabilities and non-selected complement probabilities.
27,26,1,no_new_outage,bernoulli_full_event,42,0,42,1,0.762953948518273,0.762953948518273,full_event_available,1,1,,"","",paper_formula,Full Bernoulli event probability uses selected probabilities and non-selected complement probabilities.
27,27,1,no_new_outage,bernoulli_full_event,42,0,42,1,0.762953948518273,0.762953948518273,full_event_available,1,1,,"","",paper_formula,Full Bernoulli event probability uses selected probabilities and non-selected complement probabilities.
27,28,1,no_new_outage,bernoulli_full_event,42,0,42,1,0.762953948518273,0.762953948518273,full_event_available,1,1,,"","",paper_formula,Full Bernoulli event probability uses selected probabilities and non-selected complement probabilities.
27,29,1,no_new_outage,bernoulli_full_event,42,0,42,1,0.762953948518273,0.762953948518273,full_event_available,1,1,,"","",paper_formula,Full Bernoulli event probability uses selected probabilities and non-selected complement probabilities.
27,30,1,no_new_outage,bernoulli_full_event,42,0,42,1,0.762953948518273,0.762953948518273,full_event_available,1,1,,"","",paper_formula,Full Bernoulli event probability uses selected probabilities and non-selected complement probabilities.
28,1,1,continue,bernoulli_full_event,45,2,43,0.00656119455,0.759034683805439,0.00498017423064522,full_event_available,0,1,,"2,38","0.0038887,0.73098",paper_formula,Full Bernoulli event probability uses selected probabilities and non-selected complement probabilities.
28,1,2,continue,bernoulli_full_event,39,1,38,0.287018643727675,0.219153010806109,0.0629009999304059,full_event_available,0,1,,"19","0.17447",paper_formula,Full Bernoulli event probability uses selected probabilities and non-selected complement probabilities.
28,1,3,continue,bernoulli_full_event,38,4,34,0.399219751198113,0.25027966500158,0.0999165855918776,full_event_available,0,1,,"8,10,13,18","0.80405,0.37704,0.20856,0.11637",paper_formula,Full Bernoulli event probability uses selected probabilities and non-selected complement probabilities.
28,1,4,load_loss_threshold,bernoulli_full_event,27,0,27,NaN,NaN,1,terminal_stage_probability_one,1,0,,"","",,Terminal recording stage excluded from Bernoulli complement product.
28,2,1,continue,bernoulli_full_event,45,2,43,0.006407740675,0.758917455825454,0.00486294625066028,full_event_available,0,1,,"21,38","0.00091653,0.28991",paper_formula,Full Bernoulli event probability uses selected probabilities and non-selected complement probabilities.
28,2,2,continue,bernoulli_full_event,39,3,36,0.627396553855171,0.428757927857859,0.269001246376105,full_event_available,0,1,,"8,19,23","0.25723,0.25268,0.26586",paper_formula,Full Bernoulli event probability uses selected probabilities and non-selected complement probabilities.
28,2,3,continue,bernoulli_full_event,35,9,26,0.221792509823513,0.759480168878362,0.168447012816718,full_event_available,0,1,,"1,3,6,12,13,16,17,18,27","0.88933,0.29208,0.32673,0.76572,0.69105,0.41271,0.06761,0.54938,0.12646",paper_formula,Full Bernoulli event probability uses selected probabilities and non-selected complement probabilities.
28,2,4,load_loss_threshold,bernoulli_full_event,0,0,0,NaN,NaN,1,terminal_stage_probability_one,1,0,,"","",,Terminal recording stage excluded from Bernoulli complement product.
28,3,1,continue,bernoulli_full_event,45,1,44,1,0.754054509574794,0.754054509574794,full_event_available,0,1,,"38","0.7015",paper_formula,Full Bernoulli event probability uses selected probabilities and non-selected complement probabilities.
28,3,2,continue,bernoulli_full_event,40,2,38,0.730818720030197,0.152435023183507,0.111402368530744,full_event_available,0,1,,"19,23","0.14992,0.038103",paper_formula,Full Bernoulli event probability uses selected probabilities and non-selected complement probabilities.
28,3,3,continue,bernoulli_full_event,38,5,33,0.836178674367239,0.809453322458593,0.676847606135583,full_event_available,0,1,,"8,10,13,14,18","0.21895,0.35459,0.22527,0.81429,0.8521",paper_formula,Full Bernoulli event probability uses selected probabilities and non-selected complement probabilities.
28,3,4,continue,bernoulli_full_event,30,3,27,0.00656005830957575,0.841118937374462,0.00551778927446486,full_event_available,0,1,,"3,27,31","0.17291,0.30039,0.00085104",paper_formula,Full Bernoulli event probability uses selected probabilities and non-selected complement probabilities.
28,3,5,max_depth_reached,bernoulli_full_event,16,0,16,NaN,NaN,1,terminal_stage_probability_one,1,0,,"","",,Terminal recording stage excluded from Bernoulli complement product.
28,4,1,continue,bernoulli_full_event,45,2,43,0.00639487035,0.758907625447155,0.00485311587236092,full_event_available,0,1,,"22,38","0.0045039,0.60514",paper_formula,Full Bernoulli event probability uses selected probabilities and non-selected complement probabilities.
28,4,2,continue,bernoulli_full_event,39,2,37,0.462366217331081,0.016910501939245,0.00781884481481862,full_event_available,0,1,,"14,19","0.39466,0.85324",paper_formula,Full Bernoulli event probability uses selected probabilities and non-selected complement probabilities.
28,4,3,continue,bernoulli_full_event,37,3,34,1,0.804401929692577,0.804401929692577,full_event_available,0,1,,"3,13,18","0.15096,0.65825,0.98729",paper_formula,Full Bernoulli event probability uses selected probabilities and non-selected complement probabilities.
28,4,4,load_loss_threshold,bernoulli_full_event,32,0,32,NaN,NaN,1,terminal_stage_probability_one,1,0,,"","",,Terminal recording stage excluded from Bernoulli complement product.
28,5,1,continue,bernoulli_full_event,45,1,44,1,0.754054509574794,0.754054509574794,full_event_available,0,1,,"38","0.43771",paper_formula,Full Bernoulli event probability uses selected probabilities and non-selected complement probabilities.
28,5,2,continue,bernoulli_full_event,40,3,37,0.340839681888294,0.285662452683438,0.0973650995000528,full_event_available,0,1,,"14,19,23","0.37978,0.26842,0.17273",paper_formula,Full Bernoulli event probability uses selected probabilities and non-selected complement probabilities.
28,5,3,continue,bernoulli_full_event,37,3,34,1,0.804417960082662,0.804417960082662,full_event_available,0,1,,"3,13,18","0.053435,0.10007,0.36659",paper_formula,Full Bernoulli event probability uses selected probabilities and non-selected complement probabilities.
28,5,4,load_loss_threshold,bernoulli_full_event,31,0,31,NaN,NaN,1,terminal_stage_probability_one,1,0,,"","",,Terminal recording stage excluded from Bernoulli complement product.
28,6,1,continue,bernoulli_full_event,45,1,44,1,0.754054509574794,0.754054509574794,full_event_available,0,1,,"38","0.68111",paper_formula,Full Bernoulli event probability uses selected probabilities and non-selected complement probabilities.
28,6,2,continue,bernoulli_full_event,40,3,37,0.00391397080655271,0.105880248313449,0.00041441220088939,full_event_available,0,1,,"8,23,26","0.36115,0.24307,0.003422",paper_formula,Full Bernoulli event probability uses selected probabilities and non-selected complement probabilities.
28,6,3,continue,bernoulli_full_event,37,9,28,0.838190737287351,0.652213265058851,0.546679117508268,full_event_available,0,1,,"1,3,6,12,13,16,17,18,27","0.57786,0.53031,0.71916,0.90044,0.4412,0.50584,0.77771,0.53298,0.52332",paper_formula,Full Bernoulli event probability uses selected probabilities and non-selected complement probabilities.
28,6,4,load_loss_threshold,bernoulli_full_event,12,0,12,NaN,NaN,1,terminal_stage_probability_one,1,0,,"","",,Terminal recording stage excluded from Bernoulli complement product.
28,7,1,continue,bernoulli_full_event,45,1,44,1,0.754054509574794,0.754054509574794,full_event_available,0,1,,"38","0.94892",paper_formula,Full Bernoulli event probability uses selected probabilities and non-selected complement probabilities.
28,7,2,continue,bernoulli_full_event,40,3,37,0.340839681888294,0.285662452683438,0.0973650995000528,full_event_available,0,1,,"14,19,23","0.37667,0.52938,0.50964",paper_formula,Full Bernoulli event probability uses selected probabilities and non-selected complement probabilities.
28,7,3,continue,bernoulli_full_event,37,3,34,1,0.804417960082662,0.804417960082662,full_event_available,0,1,,"3,13,18","0.8025,0.019691,0.91524",paper_formula,Full Bernoulli event probability uses selected probabilities and non-selected complement probabilities.
28,7,4,load_loss_threshold,bernoulli_full_event,31,0,31,NaN,NaN,1,terminal_stage_probability_one,1,0,,"","",,Terminal recording stage excluded from Bernoulli complement product.
28,8,1,continue,bernoulli_full_event,45,1,44,1,0.754054509574794,0.754054509574794,full_event_available,0,1,,"38","0.2624",paper_formula,Full Bernoulli event probability uses selected probabilities and non-selected complement probabilities.
28,8,2,continue,bernoulli_full_event,40,3,37,0.467878100280244,0.423678808685717,0.19823003613687,full_event_available,0,1,,"8,19,23","0.46037,0.33989,0.96308",paper_formula,Full Bernoulli event probability uses selected probabilities and non-selected complement probabilities.
28,8,3,continue,bernoulli_full_event,37,9,28,0.0466961350232329,0.398696867711513,0.0186176027679968,full_event_available,0,1,,"1,3,6,11,12,13,16,17,18","0.93879,0.82291,0.069043,0.05479,0.99081,0.24815,0.85343,0.81823,0.3905",paper_formula,Full Bernoulli event probability uses selected probabilities and non-selected complement probabilities.
28,8,4,load_loss_threshold,bernoulli_full_event,21,0,21,NaN,NaN,1,terminal_stage_probability_one,1,0,,"","",,Terminal recording stage excluded from Bernoulli complement product.
28,9,1,continue,bernoulli_full_event,45,2,43,0.00639487035,0.758907625447155,0.00485311587236092,full_event_available,0,1,,"22,38","0.0043256,0.69047",paper_formula,Full Bernoulli event probability uses selected probabilities and non-selected complement probabilities.
28,9,2,continue,bernoulli_full_event,39,4,35,0.296879039250959,0.79908194284475,0.237230679474539,full_event_available,0,1,,"8,14,19,23","0.4054,0.36701,0.092111,0.088776",paper_formula,Full Bernoulli event probability uses selected probabilities and non-selected complement probabilities.
28,9,3,continue,bernoulli_full_event,35,7,28,0.967725776374083,0.835605187540432,0.808636678854776,full_event_available,0,1,,"1,2,3,6,13,18,27","0.40657,0.72218,0.9887,0.83817,0.8902,0.46116,0.34204",paper_formula,Full Bernoulli event probability uses selected probabilities and non-selected complement probabilities.
28,9,4,load_loss_threshold,bernoulli_full_event,0,0,0,NaN,NaN,1,terminal_stage_probability_one,1,0,,"","",,Terminal recording stage excluded from Bernoulli complement product.
28,10,1,continue,bernoulli_full_event,45,1,44,1,0.754054509574794,0.754054509574794,full_event_available,0,1,,"38","0.32823",paper_formula,Full Bernoulli event probability uses selected probabilities and non-selected complement probabilities.
28,10,2,continue,bernoulli_full_event,40,1,39,0.972267144744565,0.0378550241236686,0.0368051962189559,full_event_available,0,1,,"23","0.74699",paper_formula,Full Bernoulli event probability uses selected probabilities and non-selected complement probabilities.
28,10,3,continue,bernoulli_full_event,39,5,34,0.811314360063413,0.804059799691165,0.652345261839154,full_event_available,0,1,,"8,10,13,14,18","0.96044,0.81684,0.61077,0.30569,0.6996",paper_formula,Full Bernoulli event probability uses selected probabilities and non-selected complement probabilities.
28,10,4,continue,bernoulli_full_event,30,2,28,0.99982682415289,0.835600192386659,0.835455486615497,full_event_available,0,1,,"3,27","0.71749,0.98096",paper_formula,Full Bernoulli event probability uses selected probabilities and non-selected complement probabilities.
28,10,5,max_depth_reached,bernoulli_full_event,0,0,0,NaN,NaN,1,terminal_stage_probability_one,1,0,,"","",,Terminal recording stage excluded from Bernoulli complement product.
28,11,1,continue,bernoulli_full_event,45,1,44,1,0.754054509574794,0.754054509574794,full_event_available,0,1,,"38","0.71219",paper_formula,Full Bernoulli event probability uses selected probabilities and non-selected complement probabilities.
28,11,2,continue,bernoulli_full_event,40,2,38,0.622456010197971,0.105214478854885,0.0654913847230704,full_event_available,0,1,,"8,23","0.057221,0.80077",paper_formula,Full Bernoulli event probability uses selected probabilities and non-selected complement probabilities.
28,11,3,continue,bernoulli_full_event,38,7,31,0.996437262663953,0.203252501268853,0.202528365993937,full_event_available,0,1,,"1,3,12,13,16,17,18","0.0021094,0.19805,0.60186,0.08403,0.48204,0.47169,0.31377",paper_formula,Full Bernoulli event probability uses selected probabilities and non-selected complement probabilities.
28,11,4,load_loss_threshold,bernoulli_full_event,22,0,22,NaN,NaN,1,terminal_stage_probability_one,1,0,,"","",,Terminal recording stage excluded from Bernoulli complement product.
28,12,1,continue,bernoulli_full_event,45,1,44,1,0.754054509574794,0.754054509574794,full_event_available,0,1,,"38","0.097347",paper_formula,Full Bernoulli event probability uses selected probabilities and non-selected complement probabilities.
28,12,2,continue,bernoulli_full_event,40,4,36,0.218209274737008,0.793971917421231,0.173252036262038,full_event_available,0,1,,"8,14,19,23","0.38489,0.21399,0.28694,0.6895",paper_formula,Full Bernoulli event probability uses selected probabilities and non-selected complement probabilities.
28,12,3,continue,bernoulli_full_event,36,6,30,1,0.0267960485690782,0.0267960485690782,full_event_available,0,1,,"1,2,3,6,13,18","0.9671,0.63087,0.35218,0.062069,0.53527,0.83638",paper_formula,Full Bernoulli event probability uses selected probabilities and non-selected complement probabilities.
28,12,4,load_loss_threshold,bernoulli_full_event,21,0,21,NaN,NaN,1,terminal_stage_probability_one,1,0,,"","",,Terminal recording stage excluded from Bernoulli complement product.
28,13,1,continue,bernoulli_full_event,45,3,42,4.02042458786296e-05,0.763709797565655,3.0704376481248e-05,full_event_available,0,1,,"12,38,41","0.0030625,0.43426,0.0048655",paper_formula,Full Bernoulli event probability uses selected probabilities and non-selected complement probabilities.
28,13,2,continue,bernoulli_full_event,38,9,29,1,0.499790918420979,0.499790918420979,full_event_available,0,1,,"6,8,10,11,14,19,20,23,24","0.84095,0.71309,0.73463,0.79048,0.5997,0.63031,0.60738,0.83307,0.65681",paper_formula,Full Bernoulli event probability uses selected probabilities and non-selected complement probabilities.
28,13,3,load_loss_threshold,bernoulli_full_event,24,0,24,NaN,NaN,1,terminal_stage_probability_one,1,0,,"","",,Terminal recording stage excluded from Bernoulli complement product.
28,14,1,continue,bernoulli_full_event,45,2,43,0.006245376575,0.758793460478128,0.00473895090333329,full_event_available,0,1,,"12,38","0.003911,0.96497",paper_formula,Full Bernoulli event probability uses selected probabilities and non-selected complement probabilities.
28,14,2,continue,bernoulli_full_event,39,5,34,0.621051919703869,0.254351126822954,0.157965255592238,full_event_available,0,1,,"10,11,14,19,23","0.039861,0.28215,0.28848,0.69946,0.11476",paper_formula,Full Bernoulli event probability uses selected probabilities and non-selected complement probabilities.
28,14,3,load_loss_threshold,bernoulli_full_event,29,0,29,NaN,NaN,1,terminal_stage_probability_one,1,0,,"","",,Terminal recording stage excluded from Bernoulli complement product.
28,15,1,continue,bernoulli_full_event,45,1,44,1,0.754054509574794,0.754054509574794,full_event_available,0,1,,"38","0.99725",paper_formula,Full Bernoulli event probability uses selected probabilities and non-selected complement probabilities.
28,15,2,continue,bernoulli_full_event,40,3,37,0.340839681888294,0.285662452683438,0.0973650995000528,full_event_available,0,1,,"14,19,23","0.10805,0.43083,0.56853",paper_formula,Full Bernoulli event probability uses selected probabilities and non-selected complement probabilities.
28,15,3,continue,bernoulli_full_event,37,3,34,1,0.804417960082662,0.804417960082662,full_event_available,0,1,,"3,13,18","0.99492,0.11995,0.27015",paper_formula,Full Bernoulli event probability uses selected probabilities and non-selected complement probabilities.
28,15,4,load_loss_threshold,bernoulli_full_event,31,0,31,NaN,NaN,1,terminal_stage_probability_one,1,0,,"","",,Terminal recording stage excluded from Bernoulli complement product.
28,16,1,continue,bernoulli_full_event,45,2,43,0.006581985075,0.759050569091726,0.004996059516932,full_event_available,0,1,,"38,42","0.50332,0.0001909",paper_formula,Full Bernoulli event probability uses selected probabilities and non-selected complement probabilities.
28,16,2,continue,bernoulli_full_event,39,4,35,0.903428527493753,0.26813427298819,0.242240151416328,full_event_available,0,1,,"3,8,19,23","0.85746,0.37325,0.95119,0.19168",paper_formula,Full Bernoulli event probability uses selected probabilities and non-selected complement probabilities.
28,16,3,load_loss_threshold,bernoulli_full_event,0,0,0,NaN,NaN,1,terminal_stage_probability_one,1,0,,"","",,Terminal recording stage excluded from Bernoulli complement product.
28,17,1,continue,bernoulli_full_event,45,1,44,1,0.754054509574794,0.754054509574794,full_event_available,0,1,,"38","0.43065",paper_formula,Full Bernoulli event probability uses selected probabilities and non-selected complement probabilities.
28,17,2,continue,bernoulli_full_event,40,1,39,0.972267144744565,0.0378550241236686,0.0368051962189559,full_event_available,0,1,,"23","0.0075243",paper_formula,Full Bernoulli event probability uses selected probabilities and non-selected complement probabilities.
28,17,3,continue,bernoulli_full_event,39,5,34,0.811314360063413,0.804059799691165,0.652345261839154,full_event_available,0,1,,"8,10,13,14,18","0.016363,0.72245,0.88767,0.20099,0.25383",paper_formula,Full Bernoulli event probability uses selected probabilities and non-selected complement probabilities.
28,17,4,continue,bernoulli_full_event,30,2,28,0.99982682415289,0.835600192386659,0.835455486615497,full_event_available,0,1,,"3,27","0.32036,0.38858",paper_formula,Full Bernoulli event probability uses selected probabilities and non-selected complement probabilities.
28,17,5,max_depth_reached,bernoulli_full_event,0,0,0,NaN,NaN,1,terminal_stage_probability_one,1,0,,"","",,Terminal recording stage excluded from Bernoulli complement product.
28,18,1,continue,bernoulli_full_event,45,1,44,1,0.754054509574794,0.754054509574794,full_event_available,0,1,,"38","0.048806",paper_formula,Full Bernoulli event probability uses selected probabilities and non-selected complement probabilities.
28,18,2,continue,bernoulli_full_event,40,3,37,0.467878100280244,0.423678808685717,0.19823003613687,full_event_available,0,1,,"8,19,23","0.38838,0.37536,0.84719",paper_formula,Full Bernoulli event probability uses selected probabilities and non-selected complement probabilities.
28,18,3,continue,bernoulli_full_event,37,7,30,0.996464816883598,0.20445538565824,0.203732598430804,full_event_available,0,1,,"1,3,12,13,16,17,18","0.93308,0.96417,0.20854,0.29005,0.070394,0.24838,0.50045",paper_formula,Full Bernoulli event probability uses selected probabilities and non-selected complement probabilities.
28,18,4,load_loss_threshold,bernoulli_full_event,22,0,22,NaN,NaN,1,terminal_stage_probability_one,1,0,,"","",,Terminal recording stage excluded from Bernoulli complement product.
28,19,1,continue,bernoulli_full_event,45,1,44,1,0.754054509574794,0.754054509574794,full_event_available,0,1,,"38","0.77201",paper_formula,Full Bernoulli event probability uses selected probabilities and non-selected complement probabilities.
28,19,2,continue,bernoulli_full_event,40,4,36,0.218209274737008,0.793971917421231,0.173252036262038,full_event_available,0,1,,"8,14,19,23","0.23414,0.36875,0.52527,0.62162",paper_formula,Full Bernoulli event probability uses selected probabilities and non-selected complement probabilities.
28,19,3,continue,bernoulli_full_event,36,7,29,0.967725776374083,0.830261600702323,0.803465552133245,full_event_available,0,1,,"1,2,3,6,13,18,27","0.43272,0.12696,0.93716,0.9006,0.5938,0.084312,0.8152",paper_formula,Full Bernoulli event probability uses selected probabilities and non-selected complement probabilities.
28,19,4,load_loss_threshold,bernoulli_full_event,0,0,0,NaN,NaN,1,terminal_stage_probability_one,1,0,,"","",,Terminal recording stage excluded from Bernoulli complement product.
28,20,1,continue,bernoulli_full_event,45,2,43,0.00647011225,0.758965098958891,0.00491058938409638,full_event_available,0,1,,"38,40","0.19929,0.004797",paper_formula,Full Bernoulli event probability uses selected probabilities and non-selected complement probabilities.
28,20,2,continue,bernoulli_full_event,39,4,35,0.798055116730928,0.354532989462577,0.282936866290522,full_event_available,0,1,,"3,8,19,23","0.43716,0.41665,0.0095207,0.56498",paper_formula,Full Bernoulli event probability uses selected probabilities and non-selected complement probabilities.
28,20,3,load_loss_threshold,bernoulli_full_event,0,0,0,NaN,NaN,1,terminal_stage_probability_one,1,0,,"","",,Terminal recording stage excluded from Bernoulli complement product.
28,21,1,continue,bernoulli_full_event,45,2,43,0.00639487035,0.758907625447155,0.00485311587236092,full_event_available,0,1,,"38,46","0.76547,0.0057206",paper_formula,Full Bernoulli event probability uses selected probabilities and non-selected complement probabilities.
28,21,2,continue,bernoulli_full_event,39,11,28,0.257674501839343,0.835904136264579,0.215391181897421,full_event_available,0,1,,"6,8,10,13,14,19,20,23,24,25,27","0.69589,0.40393,0.73642,0.70588,0.56692,0.9158,0.58818,0.76869,0.76184,0.080658,0.81768",paper_formula,Full Bernoulli event probability uses selected probabilities and non-selected complement probabilities.
28,21,3,load_loss_threshold,bernoulli_full_event,21,0,21,NaN,NaN,1,terminal_stage_probability_one,1,0,,"","",,Terminal recording stage excluded from Bernoulli complement product.
28,22,1,continue,bernoulli_full_event,45,2,43,0.006205775575,0.758763223856612,0.00470871428181762,full_event_available,0,1,,"18,38","0.0055236,0.75896",paper_formula,Full Bernoulli event probability uses selected probabilities and non-selected complement probabilities.
28,22,2,continue,bernoulli_full_event,39,4,35,0.277910825681593,0.798929897062559,0.222031267354366,full_event_available,0,1,,"8,14,19,23","0.26059,0.44879,0.54097,0.7263",paper_formula,Full Bernoulli event probability uses selected probabilities and non-selected complement probabilities.
28,22,3,load_loss_threshold,bernoulli_full_event,34,0,34,NaN,NaN,1,terminal_stage_probability_one,1,0,,"","",,Terminal recording stage excluded from Bernoulli complement product.
28,23,1,continue,bernoulli_full_event,45,1,44,1,0.754054509574794,0.754054509574794,full_event_available,0,1,,"38","0.27724",paper_formula,Full Bernoulli event probability uses selected probabilities and non-selected complement probabilities.
28,23,2,continue,bernoulli_full_event,40,2,38,0.730818720030197,0.152435023183507,0.111402368530744,full_event_available,0,1,,"19,23","0.26624,0.17305",paper_formula,Full Bernoulli event probability uses selected probabilities and non-selected complement probabilities.
28,23,3,continue,bernoulli_full_event,38,5,33,0.836178674367239,0.809453322458593,0.676847606135583,full_event_available,0,1,,"8,10,13,14,18","0.25796,0.11669,0.10112,0.37836,0.66659",paper_formula,Full Bernoulli event probability uses selected probabilities and non-selected complement probabilities.
28,23,4,continue,bernoulli_full_event,30,2,28,0.99982682415289,0.835600192386659,0.835455486615497,full_event_available,0,1,,"3,27","0.97941,0.92166",paper_formula,Full Bernoulli event probability uses selected probabilities and non-selected complement probabilities.
28,23,5,max_depth_reached,bernoulli_full_event,0,0,0,NaN,NaN,1,terminal_stage_probability_one,1,0,,"","",,Terminal recording stage excluded from Bernoulli complement product.
28,24,1,continue,bernoulli_full_event,45,1,44,1,0.754054509574794,0.754054509574794,full_event_available,0,1,,"38","0.87074",paper_formula,Full Bernoulli event probability uses selected probabilities and non-selected complement probabilities.
28,24,2,continue,bernoulli_full_event,40,2,38,0.622456010197971,0.105214478854885,0.0654913847230704,full_event_available,0,1,,"8,23","0.21274,0.2489",paper_formula,Full Bernoulli event probability uses selected probabilities and non-selected complement probabilities.
28,24,3,continue,bernoulli_full_event,38,7,31,0.996437262663953,0.203252501268853,0.202528365993937,full_event_available,0,1,,"1,3,12,13,16,17,18","0.76606,0.39067,0.716,0.15963,0.2464,0.23025,0.99837",paper_formula,Full Bernoulli event probability uses selected probabilities and non-selected complement probabilities.
28,24,4,load_loss_threshold,bernoulli_full_event,22,0,22,NaN,NaN,1,terminal_stage_probability_one,1,0,,"","",,Terminal recording stage excluded from Bernoulli complement product.
28,25,1,continue,bernoulli_full_event,45,1,44,1,0.754054509574794,0.754054509574794,full_event_available,0,1,,"38","0.44372",paper_formula,Full Bernoulli event probability uses selected probabilities and non-selected complement probabilities.
28,25,2,continue,bernoulli_full_event,40,5,35,0.00143171350416391,0.799215727295436,0.00114424794950906,full_event_available,0,1,,"2,8,14,19,23","0.00221,0.24027,0.050499,0.0047745,0.42596",paper_formula,Full Bernoulli event probability uses selected probabilities and non-selected complement probabilities.
28,25,3,load_loss_threshold,bernoulli_full_event,24,0,24,NaN,NaN,1,terminal_stage_probability_one,1,0,,"","",,Terminal recording stage excluded from Bernoulli complement product.
28,26,1,continue,bernoulli_full_event,45,1,44,1,0.754054509574794,0.754054509574794,full_event_available,0,1,,"38","0.32598",paper_formula,Full Bernoulli event probability uses selected probabilities and non-selected complement probabilities.
28,26,2,continue,bernoulli_full_event,40,2,38,0.622456010197971,0.105214478854885,0.0654913847230704,full_event_available,0,1,,"8,23","0.30448,0.63524",paper_formula,Full Bernoulli event probability uses selected probabilities and non-selected complement probabilities.
28,26,3,continue,bernoulli_full_event,38,7,31,0.996437262663953,0.203252501268853,0.202528365993937,full_event_available,0,1,,"1,3,12,13,16,17,18","0.019675,0.17097,0.31338,0.74556,0.68958,0.73179,0.9789",paper_formula,Full Bernoulli event probability uses selected probabilities and non-selected complement probabilities.
28,26,4,load_loss_threshold,bernoulli_full_event,22,0,22,NaN,NaN,1,terminal_stage_probability_one,1,0,,"","",,Terminal recording stage excluded from Bernoulli complement product.
28,27,1,continue,bernoulli_full_event,45,2,43,0.005995890275,0.758603009984948,0.00454850041015448,full_event_available,0,1,,"27,38","0.0045056,0.71399",paper_formula,Full Bernoulli event probability uses selected probabilities and non-selected complement probabilities.
28,27,2,continue,bernoulli_full_event,36,7,29,0.999723881644596,0.530163096752772,0.530016708990401,full_event_available,0,1,,"8,10,14,19,20,23,24","0.090746,0.75535,0.82416,0.83719,0.93844,0.68789,0.56882",paper_formula,Full Bernoulli event probability uses selected probabilities and non-selected complement probabilities.
28,27,3,load_loss_threshold,bernoulli_full_event,29,0,29,NaN,NaN,1,terminal_stage_probability_one,1,0,,"","",,Terminal recording stage excluded from Bernoulli complement product.
28,28,1,continue,bernoulli_full_event,45,1,44,1,0.754054509574794,0.754054509574794,full_event_available,0,1,,"38","0.093242",paper_formula,Full Bernoulli event probability uses selected probabilities and non-selected complement probabilities.
28,28,2,continue,bernoulli_full_event,40,4,36,0.00211517457285314,0.287446279785656,0.000607999062063851,full_event_available,0,1,,"14,18,19,23","0.063139,0.0052649,0.20817,0.11274",paper_formula,Full Bernoulli event probability uses selected probabilities and non-selected complement probabilities.
28,28,3,continue,bernoulli_full_event,35,6,29,1,0.83037993565429,0.83037993565429,full_event_available,0,1,,"1,3,6,16,17,27","0.4082,0.68957,0.3796,0.35193,0.40992,0.81188",paper_formula,Full Bernoulli event probability uses selected probabilities and non-selected complement probabilities.
28,28,4,load_loss_threshold,bernoulli_full_event,0,0,0,NaN,NaN,1,terminal_stage_probability_one,1,0,,"","",,Terminal recording stage excluded from Bernoulli complement product.
28,29,1,continue,bernoulli_full_event,45,1,44,1,0.754054509574794,0.754054509574794,full_event_available,0,1,,"38","0.21792",paper_formula,Full Bernoulli event probability uses selected probabilities and non-selected complement probabilities.
28,29,2,continue,bernoulli_full_event,40,3,37,0.467878100280244,0.423678808685717,0.19823003613687,full_event_available,0,1,,"8,19,23","0.3654,0.081557,0.51337",paper_formula,Full Bernoulli event probability uses selected probabilities and non-selected complement probabilities.
28,29,3,continue,bernoulli_full_event,37,8,29,0.523938443143039,0.431156036472714,0.225899222501237,full_event_available,0,1,,"1,3,12,13,16,17,18,27","0.32076,0.15107,0.59957,0.56262,0.70822,0.52859,0.5138,0.37991",paper_formula,Full Bernoulli event probability uses selected probabilities and non-selected complement probabilities.
28,29,4,load_loss_threshold,bernoulli_full_event,0,0,0,NaN,NaN,1,terminal_stage_probability_one,1,0,,"","",,Terminal recording stage excluded from Bernoulli complement product.
28,30,1,continue,bernoulli_full_event,45,2,43,0.00647011225,0.758965098958891,0.00491058938409638,full_event_available,0,1,,"38,40","0.94822,0.00068222",paper_formula,Full Bernoulli event probability uses selected probabilities and non-selected complement probabilities.
28,30,2,continue,bernoulli_full_event,39,4,35,0.798055116730928,0.354532989462577,0.282936866290522,full_event_available,0,1,,"3,8,19,23","0.73286,0.60125,0.60028,0.56887",paper_formula,Full Bernoulli event probability uses selected probabilities and non-selected complement probabilities.
28,30,3,load_loss_threshold,bernoulli_full_event,0,0,0,NaN,NaN,1,terminal_stage_probability_one,1,0,,"","",,Terminal recording stage excluded from Bernoulli complement product.
29,1,1,no_new_outage,bernoulli_full_event,45,0,45,1,0.749354881201309,0.749354881201309,full_event_available,1,1,,"","",paper_formula,Full Bernoulli event probability uses selected probabilities and non-selected complement probabilities.
29,2,1,continue,bernoulli_full_event,45,1,44,0.006407740675,0.754187519244952,0.00483263804364323,full_event_available,0,1,,"21","0.0033233",paper_formula,Full Bernoulli event probability uses selected probabilities and non-selected complement probabilities.
29,2,2,no_new_outage,bernoulli_full_event,44,0,44,1,0.754187519244952,0.754187519244952,full_event_available,1,1,,"","",paper_formula,Full Bernoulli event probability uses selected probabilities and non-selected complement probabilities.
29,3,1,no_new_outage,bernoulli_full_event,45,0,45,1,0.749354881201309,0.749354881201309,full_event_available,1,1,,"","",paper_formula,Full Bernoulli event probability uses selected probabilities and non-selected complement probabilities.
29,4,1,no_new_outage,bernoulli_full_event,45,0,45,1,0.749354881201309,0.749354881201309,full_event_available,1,1,,"","",paper_formula,Full Bernoulli event probability uses selected probabilities and non-selected complement probabilities.
29,5,1,continue,bernoulli_full_event,45,1,44,0.006245376575,0.754064296695938,0.00470941549462866,full_event_available,0,1,,"12","0.00072935",paper_formula,Full Bernoulli event probability uses selected probabilities and non-selected complement probabilities.
29,5,2,continue,bernoulli_full_event,44,1,43,0.840116021520065,0.37067420980014,0.311409342417388,full_event_available,0,1,,"11","0.093598",paper_formula,Full Bernoulli event probability uses selected probabilities and non-selected complement probabilities.
29,5,3,continue,bernoulli_full_event,43,4,39,0.00656119455,0.54326008446423,0.00356443510541925,full_event_available,0,1,,"1,10,13,27","0.24036,0.0061487,0.25959,0.39446",paper_formula,Full Bernoulli event probability uses selected probabilities and non-selected complement probabilities.
29,5,4,load_loss_threshold,bernoulli_full_event,31,0,31,NaN,NaN,1,terminal_stage_probability_one,1,0,,"","",,Terminal recording stage excluded from Bernoulli complement product.
29,6,1,no_new_outage,bernoulli_full_event,45,0,45,1,0.749354881201309,0.749354881201309,full_event_available,1,1,,"","",paper_formula,Full Bernoulli event probability uses selected probabilities and non-selected complement probabilities.
29,7,1,no_new_outage,bernoulli_full_event,45,0,45,1,0.749354881201309,0.749354881201309,full_event_available,1,1,,"","",paper_formula,Full Bernoulli event probability uses selected probabilities and non-selected complement probabilities.
29,8,1,no_new_outage,bernoulli_full_event,45,0,45,1,0.749354881201309,0.749354881201309,full_event_available,1,1,,"","",paper_formula,Full Bernoulli event probability uses selected probabilities and non-selected complement probabilities.
29,9,1,continue,bernoulli_full_event,45,1,44,0.006245376575,0.754064296695938,0.00470941549462866,full_event_available,0,1,,"12","0.0041999",paper_formula,Full Bernoulli event probability uses selected probabilities and non-selected complement probabilities.
29,9,2,continue,bernoulli_full_event,44,3,41,0.0028379530347675,0.769090877309975,0.00218264378927384,full_event_available,0,1,,"2,10,11","0.0055934,0.3758,0.032134",paper_formula,Full Bernoulli event probability uses selected probabilities and non-selected complement probabilities.
29,9,3,continue,bernoulli_full_event,38,1,37,0.00649387285,0.518240929094223,0.00336539069920375,full_event_available,0,1,,"35","0.0006107",paper_formula,Full Bernoulli event probability uses selected probabilities and non-selected complement probabilities.
29,9,4,load_loss_threshold,bernoulli_full_event,33,0,33,NaN,NaN,1,terminal_stage_probability_one,1,0,,"","",,Terminal recording stage excluded from Bernoulli complement product.
29,10,1,no_new_outage,bernoulli_full_event,45,0,45,1,0.749354881201309,0.749354881201309,full_event_available,1,1,,"","",paper_formula,Full Bernoulli event probability uses selected probabilities and non-selected complement probabilities.
29,11,1,continue,bernoulli_full_event,45,1,44,0.006007770575,0.753884043575262,0.00452916237395348,full_event_available,0,1,,"15","0.0031746",paper_formula,Full Bernoulli event probability uses selected probabilities and non-selected complement probabilities.
29,11,2,no_new_outage,bernoulli_full_event,44,0,44,1,0.753884043575262,0.753884043575262,full_event_available,1,1,,"","",paper_formula,Full Bernoulli event probability uses selected probabilities and non-selected complement probabilities.
29,12,1,no_new_outage,bernoulli_full_event,45,0,45,1,0.749354881201309,0.749354881201309,full_event_available,1,1,,"","",paper_formula,Full Bernoulli event probability uses selected probabilities and non-selected complement probabilities.
29,13,1,no_new_outage,bernoulli_full_event,45,0,45,1,0.749354881201309,0.749354881201309,full_event_available,1,1,,"","",paper_formula,Full Bernoulli event probability uses selected probabilities and non-selected complement probabilities.
29,14,1,no_new_outage,bernoulli_full_event,45,0,45,1,0.749354881201309,0.749354881201309,full_event_available,1,1,,"","",paper_formula,Full Bernoulli event probability uses selected probabilities and non-selected complement probabilities.
29,15,1,no_new_outage,bernoulli_full_event,45,0,45,1,0.749354881201309,0.749354881201309,full_event_available,1,1,,"","",paper_formula,Full Bernoulli event probability uses selected probabilities and non-selected complement probabilities.
29,16,1,no_new_outage,bernoulli_full_event,45,0,45,1,0.749354881201309,0.749354881201309,full_event_available,1,1,,"","",paper_formula,Full Bernoulli event probability uses selected probabilities and non-selected complement probabilities.
29,17,1,continue,bernoulli_full_event,45,1,44,0.006544364125,0.754291237717228,0.00493635651591847,full_event_available,0,1,,"11","0.0031676",paper_formula,Full Bernoulli event probability uses selected probabilities and non-selected complement probabilities.
29,17,2,continue,bernoulli_full_event,44,1,43,0.892111032581406,0.759031676368502,0.6771405325671,full_event_available,0,1,,"12","0.30399",paper_formula,Full Bernoulli event probability uses selected probabilities and non-selected complement probabilities.
29,17,3,continue,bernoulli_full_event,43,4,39,0.006457241925,0.543203244120542,0.00350759476173118,full_event_available,0,1,,"1,13,27,43","0.74511,0.77226,0.57513,0.0062923",paper_formula,Full Bernoulli event probability uses selected probabilities and non-selected complement probabilities.
29,17,4,load_loss_threshold,bernoulli_full_event,32,0,32,NaN,NaN,1,terminal_stage_probability_one,1,0,,"","",,Terminal recording stage excluded from Bernoulli complement product.
29,18,1,continue,bernoulli_full_event,45,1,44,0.0065948554,0.754329575676841,0.00497469447553213,full_event_available,0,1,,"9","0.0019015",paper_formula,Full Bernoulli event probability uses selected probabilities and non-selected complement probabilities.
29,18,2,no_new_outage,bernoulli_full_event,44,0,44,1,0.65432582342342,0.65432582342342,full_event_available,1,1,,"","",paper_formula,Full Bernoulli event probability uses selected probabilities and non-selected complement probabilities.
29,19,1,no_new_outage,bernoulli_full_event,45,0,45,1,0.749354881201309,0.749354881201309,full_event_available,1,1,,"","",paper_formula,Full Bernoulli event probability uses selected probabilities and non-selected complement probabilities.
29,20,1,no_new_outage,bernoulli_full_event,45,0,45,1,0.749354881201309,0.749354881201309,full_event_available,1,1,,"","",paper_formula,Full Bernoulli event probability uses selected probabilities and non-selected complement probabilities.
29,21,1,continue,bernoulli_full_event,45,1,44,0.006358239425,0.754149947127497,0.00479506592618771,full_event_available,0,1,,"38","0.00058138",paper_formula,Full Bernoulli event probability uses selected probabilities and non-selected complement probabilities.
29,21,2,continue,bernoulli_full_event,44,2,42,1,0.764009681451923,0.764009681451923,full_event_available,0,1,,"28,35","0.91698,0.11315",paper_formula,Full Bernoulli event probability uses selected probabilities and non-selected complement probabilities.
29,21,3,no_new_outage,bernoulli_full_event,39,0,39,1,0.779079162006706,0.779079162006706,full_event_available,1,1,,"","",paper_formula,Full Bernoulli event probability uses selected probabilities and non-selected complement probabilities.
29,22,1,no_new_outage,bernoulli_full_event,45,0,45,1,0.749354881201309,0.749354881201309,full_event_available,1,1,,"","",paper_formula,Full Bernoulli event probability uses selected probabilities and non-selected complement probabilities.
29,23,1,no_new_outage,bernoulli_full_event,45,0,45,1,0.749354881201309,0.749354881201309,full_event_available,1,1,,"","",paper_formula,Full Bernoulli event probability uses selected probabilities and non-selected complement probabilities.
29,24,1,no_new_outage,bernoulli_full_event,45,0,45,1,0.749354881201309,0.749354881201309,full_event_available,1,1,,"","",paper_formula,Full Bernoulli event probability uses selected probabilities and non-selected complement probabilities.
29,25,1,no_new_outage,bernoulli_full_event,45,0,45,1,0.749354881201309,0.749354881201309,full_event_available,1,1,,"","",paper_formula,Full Bernoulli event probability uses selected probabilities and non-selected complement probabilities.
29,26,1,continue,bernoulli_full_event,45,1,44,0.00649387285,0.754252903654384,0.00489802245307487,full_event_available,0,1,,"35","4.0603e-05",paper_formula,Full Bernoulli event probability uses selected probabilities and non-selected complement probabilities.
29,26,2,continue,bernoulli_full_event,40,3,37,0.156201372960465,0.503854048835042,0.078702694199723,full_event_available,0,1,,"14,19,23","0.15135,0.57057,0.40312",paper_formula,Full Bernoulli event probability uses selected probabilities and non-selected complement probabilities.
29,26,3,continue,bernoulli_full_event,37,4,33,0.248194878608068,0.809372681719644,0.200882154488094,full_event_available,0,1,,"3,13,18,27","0.47822,0.90068,0.47262,0.19041",paper_formula,Full Bernoulli event probability uses selected probabilities and non-selected complement probabilities.
29,26,4,load_loss_threshold,bernoulli_full_event,0,0,0,NaN,NaN,1,terminal_stage_probability_one,1,0,,"","",,Terminal recording stage excluded from Bernoulli complement product.
29,27,1,continue,bernoulli_full_event,45,1,44,0.0064324913,0.754206306707611,0.00485142550630184,full_event_available,0,1,,"45","0.0048901",paper_formula,Full Bernoulli event probability uses selected probabilities and non-selected complement probabilities.
29,27,2,no_new_outage,bernoulli_full_event,44,0,44,1,0.754206306707611,0.754206306707611,full_event_available,1,1,,"","",paper_formula,Full Bernoulli event probability uses selected probabilities and non-selected complement probabilities.
29,28,1,no_new_outage,bernoulli_full_event,45,0,45,1,0.749354881201309,0.749354881201309,full_event_available,1,1,,"","",paper_formula,Full Bernoulli event probability uses selected probabilities and non-selected complement probabilities.
29,29,1,no_new_outage,bernoulli_full_event,45,0,45,1,0.749354881201309,0.749354881201309,full_event_available,1,1,,"","",paper_formula,Full Bernoulli event probability uses selected probabilities and non-selected complement probabilities.
29,30,1,no_new_outage,bernoulli_full_event,45,0,45,1,0.749354881201309,0.749354881201309,full_event_available,1,1,,"","",paper_formula,Full Bernoulli event probability uses selected probabilities and non-selected complement probabilities.
30,1,1,no_new_outage,bernoulli_full_event,45,0,45,1,0.749392222723509,0.749392222723509,full_event_available,1,1,,"","",paper_formula,Full Bernoulli event probability uses selected probabilities and non-selected complement probabilities.
30,2,1,no_new_outage,bernoulli_full_event,45,0,45,1,0.749392222723509,0.749392222723509,full_event_available,1,1,,"","",paper_formula,Full Bernoulli event probability uses selected probabilities and non-selected complement probabilities.
30,3,1,no_new_outage,bernoulli_full_event,45,0,45,1,0.749392222723509,0.749392222723509,full_event_available,1,1,,"","",paper_formula,Full Bernoulli event probability uses selected probabilities and non-selected complement probabilities.
30,4,1,no_new_outage,bernoulli_full_event,45,0,45,1,0.749392222723509,0.749392222723509,full_event_available,1,1,,"","",paper_formula,Full Bernoulli event probability uses selected probabilities and non-selected complement probabilities.
30,5,1,no_new_outage,bernoulli_full_event,45,0,45,1,0.749392222723509,0.749392222723509,full_event_available,1,1,,"","",paper_formula,Full Bernoulli event probability uses selected probabilities and non-selected complement probabilities.
30,6,1,no_new_outage,bernoulli_full_event,45,0,45,1,0.749392222723509,0.749392222723509,full_event_available,1,1,,"","",paper_formula,Full Bernoulli event probability uses selected probabilities and non-selected complement probabilities.
30,7,1,continue,bernoulli_full_event,45,1,44,0.00639487035,0.754215331987551,0.0048231092640426,full_event_available,0,1,,"46","0.0010766",paper_formula,Full Bernoulli event probability uses selected probabilities and non-selected complement probabilities.
30,7,2,continue,bernoulli_full_event,44,4,40,0.471867159047335,0.773723130396811,0.365094535429554,full_event_available,0,1,,"8,14,19,23","0.68456,0.65067,0.4905,0.068083",paper_formula,Full Bernoulli event probability uses selected probabilities and non-selected complement probabilities.
30,7,3,continue,bernoulli_full_event,40,10,30,0.166295147263357,0.535958110274857,0.0891272328751481,full_event_available,0,1,,"1,2,3,4,6,13,18,27,40,41","0.17403,0.61645,0.85275,0.1821,0.43115,0.23202,0.48254,0.076559,0.3998,0.024427",paper_formula,Full Bernoulli event probability uses selected probabilities and non-selected complement probabilities.
30,7,4,load_loss_threshold,bernoulli_full_event,0,0,0,NaN,NaN,1,terminal_stage_probability_one,1,0,,"","",,Terminal recording stage excluded from Bernoulli complement product.
30,8,1,no_new_outage,bernoulli_full_event,45,0,45,1,0.749392222723509,0.749392222723509,full_event_available,1,1,,"","",paper_formula,Full Bernoulli event probability uses selected probabilities and non-selected complement probabilities.
30,9,1,no_new_outage,bernoulli_full_event,45,0,45,1,0.749392222723509,0.749392222723509,full_event_available,1,1,,"","",paper_formula,Full Bernoulli event probability uses selected probabilities and non-selected complement probabilities.
30,10,1,no_new_outage,bernoulli_full_event,45,0,45,1,0.749392222723509,0.749392222723509,full_event_available,1,1,,"","",paper_formula,Full Bernoulli event probability uses selected probabilities and non-selected complement probabilities.
30,11,1,no_new_outage,bernoulli_full_event,45,0,45,1,0.749392222723509,0.749392222723509,full_event_available,1,1,,"","",paper_formula,Full Bernoulli event probability uses selected probabilities and non-selected complement probabilities.
30,12,1,no_new_outage,bernoulli_full_event,45,0,45,1,0.749392222723509,0.749392222723509,full_event_available,1,1,,"","",paper_formula,Full Bernoulli event probability uses selected probabilities and non-selected complement probabilities.
30,13,1,continue,bernoulli_full_event,45,1,44,0.00641467085,0.75423036224237,0.00483813951886107,full_event_available,0,1,,"23","0.0027248",paper_formula,Full Bernoulli event probability uses selected probabilities and non-selected complement probabilities.
30,13,2,continue,bernoulli_full_event,44,2,42,0.998360161667628,0.514792406165361,0.513948229844517,full_event_available,0,1,,"13,18","0.25205,0.34697",paper_formula,Full Bernoulli event probability uses selected probabilities and non-selected complement probabilities.
30,13,3,continue,bernoulli_full_event,38,1,37,0.499049876452541,0.540761209339251,0.26986681471108,full_event_available,0,1,,"14","0.020426",paper_formula,Full Bernoulli event probability uses selected probabilities and non-selected complement probabilities.
30,13,4,continue,bernoulli_full_event,37,2,35,0.853482852027776,0.799300103397989,0.682188931874211,full_event_available,0,1,,"3,25","0.14326,0.48161",paper_formula,Full Bernoulli event probability uses selected probabilities and non-selected complement probabilities.
30,13,5,max_depth_reached,bernoulli_full_event,0,0,0,NaN,NaN,1,terminal_stage_probability_one,1,0,,"","",,Terminal recording stage excluded from Bernoulli complement product.
30,14,1,continue,bernoulli_full_event,45,3,42,2.67604966847401e-07,0.764069836857065,2.04468883361234e-07,full_event_available,0,1,,"7,24,36","0.0027674,0.0013304,0.0047149",paper_formula,Full Bernoulli event probability uses selected probabilities and non-selected complement probabilities.
30,14,2,continue,bernoulli_full_event,42,1,41,0.00647011225,0.769045648528418,0.00497581167135291,full_event_available,0,1,,"40","0.0042348",paper_formula,Full Bernoulli event probability uses selected probabilities and non-selected complement probabilities.
30,14,3,load_loss_threshold,bernoulli_full_event,18,0,18,NaN,NaN,1,terminal_stage_probability_one,1,0,,"","",,Terminal recording stage excluded from Bernoulli complement product.
30,15,1,no_new_outage,bernoulli_full_event,45,0,45,1,0.749392222723509,0.749392222723509,full_event_available,1,1,,"","",paper_formula,Full Bernoulli event probability uses selected probabilities and non-selected complement probabilities.
30,16,1,no_new_outage,bernoulli_full_event,45,0,45,1,0.749392222723509,0.749392222723509,full_event_available,1,1,,"","",paper_formula,Full Bernoulli event probability uses selected probabilities and non-selected complement probabilities.
30,17,1,no_new_outage,bernoulli_full_event,45,0,45,1,0.749392222723509,0.749392222723509,full_event_available,1,1,,"","",paper_formula,Full Bernoulli event probability uses selected probabilities and non-selected complement probabilities.
30,18,1,no_new_outage,bernoulli_full_event,45,0,45,1,0.749392222723509,0.749392222723509,full_event_available,1,1,,"","",paper_formula,Full Bernoulli event probability uses selected probabilities and non-selected complement probabilities.
30,19,1,no_new_outage,bernoulli_full_event,45,0,45,1,0.749392222723509,0.749392222723509,full_event_available,1,1,,"","",paper_formula,Full Bernoulli event probability uses selected probabilities and non-selected complement probabilities.
30,20,1,continue,bernoulli_full_event,45,1,44,0.006007770575,0.753921610792686,0.0045293880691769,full_event_available,0,1,,"16","0.0012072",paper_formula,Full Bernoulli event probability uses selected probabilities and non-selected complement probabilities.
30,20,2,continue,bernoulli_full_event,44,1,43,0.006009750625,0.758479885760183,0.00455827496749719,full_event_available,0,1,,"44","0.0043892",paper_formula,Full Bernoulli event probability uses selected probabilities and non-selected complement probabilities.
30,20,3,no_new_outage,bernoulli_full_event,43,0,43,1,0.758479885760183,0.758479885760183,full_event_available,1,1,,"","",paper_formula,Full Bernoulli event probability uses selected probabilities and non-selected complement probabilities.
30,21,1,no_new_outage,bernoulli_full_event,45,0,45,1,0.749392222723509,0.749392222723509,full_event_available,1,1,,"","",paper_formula,Full Bernoulli event probability uses selected probabilities and non-selected complement probabilities.
30,22,1,continue,bernoulli_full_event,45,2,43,4.27420239254158e-05,0.759289635983207,3.24535757875145e-05,full_event_available,0,1,,"17,23","0.00030677,0.0037307",paper_formula,Full Bernoulli event probability uses selected probabilities and non-selected complement probabilities.
30,22,2,continue,bernoulli_full_event,43,3,40,0.99908957929357,0.773672266799189,0.772967899547504,full_event_available,0,1,,"8,13,18","0.53752,0.29409,0.43164",paper_formula,Full Bernoulli event probability uses selected probabilities and non-selected complement probabilities.
30,22,3,continue,bernoulli_full_event,30,1,29,1,0.830024318264947,0.830024318264947,full_event_available,0,1,,"3","0.94875",paper_formula,Full Bernoulli event probability uses selected probabilities and non-selected complement probabilities.
30,22,4,load_loss_threshold,bernoulli_full_event,0,0,0,NaN,NaN,1,terminal_stage_probability_one,1,0,,"","",,Terminal recording stage excluded from Bernoulli complement product.
30,23,1,no_new_outage,bernoulli_full_event,45,0,45,1,0.749392222723509,0.749392222723509,full_event_available,1,1,,"","",paper_formula,Full Bernoulli event probability uses selected probabilities and non-selected complement probabilities.
30,24,1,no_new_outage,bernoulli_full_event,45,0,45,1,0.749392222723509,0.749392222723509,full_event_available,1,1,,"","",paper_formula,Full Bernoulli event probability uses selected probabilities and non-selected complement probabilities.
30,25,1,no_new_outage,bernoulli_full_event,45,0,45,1,0.749392222723509,0.749392222723509,full_event_available,1,1,,"","",paper_formula,Full Bernoulli event probability uses selected probabilities and non-selected complement probabilities.
30,26,1,no_new_outage,bernoulli_full_event,45,0,45,1,0.749392222723509,0.749392222723509,full_event_available,1,1,,"","",paper_formula,Full Bernoulli event probability uses selected probabilities and non-selected complement probabilities.
30,27,1,continue,bernoulli_full_event,45,1,44,0.006579015,0.754355136481749,0.00496291375824047,full_event_available,0,1,,"29","0.0022383",paper_formula,Full Bernoulli event probability uses selected probabilities and non-selected complement probabilities.
30,27,2,no_new_outage,bernoulli_full_event,44,0,44,1,0.754355136481749,0.754355136481749,full_event_available,1,1,,"","",paper_formula,Full Bernoulli event probability uses selected probabilities and non-selected complement probabilities.
30,28,1,no_new_outage,bernoulli_full_event,45,0,45,1,0.749392222723509,0.749392222723509,full_event_available,1,1,,"","",paper_formula,Full Bernoulli event probability uses selected probabilities and non-selected complement probabilities.
30,29,1,no_new_outage,bernoulli_full_event,45,0,45,1,0.749392222723509,0.749392222723509,full_event_available,1,1,,"","",paper_formula,Full Bernoulli event probability uses selected probabilities and non-selected complement probabilities.
30,30,1,continue,bernoulli_full_event,45,1,44,0.00639487035,0.754215331987551,0.0048231092640426,full_event_available,0,1,,"46","0.0029622",paper_formula,Full Bernoulli event probability uses selected probabilities and non-selected complement probabilities.
30,30,2,continue,bernoulli_full_event,44,2,42,0.997415650954119,0.0673746903743724,0.0672005706575869,full_event_available,0,1,,"8,14","0.73251,0.19926",paper_formula,Full Bernoulli event probability uses selected probabilities and non-selected complement probabilities.
30,30,3,continue,bernoulli_full_event,42,3,39,0.0066394915549586,0.387626611689453,0.00257364361478934,full_event_available,0,1,,"3,19,40","0.8329,0.0037733,0.8009",paper_formula,Full Bernoulli event probability uses selected probabilities and non-selected complement probabilities.
30,30,4,load_loss_threshold,bernoulli_full_event,0,0,0,NaN,NaN,1,terminal_stage_probability_one,1,0,,"","",,Terminal recording stage excluded from Bernoulli complement product.
31,1,1,continue,bernoulli_full_event,45,1,44,0.0064324913,0.754192777645021,0.00485133848072443,full_event_available,0,1,,"45","0.0014823",paper_formula,Full Bernoulli event probability uses selected probabilities and non-selected complement probabilities.
31,1,2,no_new_outage,bernoulli_full_event,44,0,44,1,0.754192777645021,0.754192777645021,full_event_available,1,1,,"","",paper_formula,Full Bernoulli event probability uses selected probabilities and non-selected complement probabilities.
31,2,1,no_new_outage,bernoulli_full_event,45,0,45,1,0.749341439164296,0.749341439164296,full_event_available,1,1,,"","",paper_formula,Full Bernoulli event probability uses selected probabilities and non-selected complement probabilities.
31,3,1,no_new_outage,bernoulli_full_event,45,0,45,1,0.749341439164296,0.749341439164296,full_event_available,1,1,,"","",paper_formula,Full Bernoulli event probability uses selected probabilities and non-selected complement probabilities.
31,4,1,no_new_outage,bernoulli_full_event,45,0,45,1,0.749341439164296,0.749341439164296,full_event_available,1,1,,"","",paper_formula,Full Bernoulli event probability uses selected probabilities and non-selected complement probabilities.
31,5,1,no_new_outage,bernoulli_full_event,45,0,45,1,0.749341439164296,0.749341439164296,full_event_available,1,1,,"","",paper_formula,Full Bernoulli event probability uses selected probabilities and non-selected complement probabilities.
31,6,1,no_new_outage,bernoulli_full_event,45,0,45,1,0.749341439164296,0.749341439164296,full_event_available,1,1,,"","",paper_formula,Full Bernoulli event probability uses selected probabilities and non-selected complement probabilities.
31,7,1,no_new_outage,bernoulli_full_event,45,0,45,1,0.749341439164296,0.749341439164296,full_event_available,1,1,,"","",paper_formula,Full Bernoulli event probability uses selected probabilities and non-selected complement probabilities.
31,8,1,no_new_outage,bernoulli_full_event,45,0,45,1,0.749341439164296,0.749341439164296,full_event_available,1,1,,"","",paper_formula,Full Bernoulli event probability uses selected probabilities and non-selected complement probabilities.
31,9,1,no_new_outage,bernoulli_full_event,45,0,45,1,0.749341439164296,0.749341439164296,full_event_available,1,1,,"","",paper_formula,Full Bernoulli event probability uses selected probabilities and non-selected complement probabilities.
31,10,1,no_new_outage,bernoulli_full_event,45,0,45,1,0.749341439164296,0.749341439164296,full_event_available,1,1,,"","",paper_formula,Full Bernoulli event probability uses selected probabilities and non-selected complement probabilities.
31,11,1,no_new_outage,bernoulli_full_event,45,0,45,1,0.749341439164296,0.749341439164296,full_event_available,1,1,,"","",paper_formula,Full Bernoulli event probability uses selected probabilities and non-selected complement probabilities.
31,12,1,no_new_outage,bernoulli_full_event,45,0,45,1,0.749341439164296,0.749341439164296,full_event_available,1,1,,"","",paper_formula,Full Bernoulli event probability uses selected probabilities and non-selected complement probabilities.
31,13,1,continue,bernoulli_full_event,45,1,44,0.006007770575,0.753870520293475,0.00452908112917908,full_event_available,0,1,,"15","0.00069454",paper_formula,Full Bernoulli event probability uses selected probabilities and non-selected complement probabilities.
31,13,2,continue,bernoulli_full_event,44,1,43,0.00648199255,0.758788984840232,0.00491846454675644,full_event_available,0,1,,"37","0.0021217",paper_formula,Full Bernoulli event probability uses selected probabilities and non-selected complement probabilities.
31,13,3,continue,bernoulli_full_event,43,5,38,0.0867529271280895,0.783556145204352,0.0679757891656799,full_event_available,0,1,,"8,10,14,19,23","0.30604,0.72875,0.27903,0.2901,0.83999",paper_formula,Full Bernoulli event probability uses selected probabilities and non-selected complement probabilities.
31,13,4,continue,bernoulli_full_event,32,6,26,1,0.846096509418764,0.846096509418764,full_event_available,0,1,,"1,2,3,6,7,27","0.62529,0.46025,0.76459,0.89345,0.12408,0.54522",paper_formula,Full Bernoulli event probability uses selected probabilities and non-selected complement probabilities.
31,13,5,max_depth_reached,bernoulli_full_event,0,0,0,NaN,NaN,1,terminal_stage_probability_one,1,0,,"","",,Terminal recording stage excluded from Bernoulli complement product.
31,14,1,continue,bernoulli_full_event,45,1,44,0.00635922945,0.754137170468077,0.00479573130378026,full_event_available,0,1,,"3","0.00029512",paper_formula,Full Bernoulli event probability uses selected probabilities and non-selected complement probabilities.
31,14,2,continue,bernoulli_full_event,44,2,42,4.38370764628819e-05,0.764223658000624,3.35013309305166e-05,full_event_available,0,1,,"17,29","0.003555,0.00068649",paper_formula,Full Bernoulli event probability uses selected probabilities and non-selected complement probabilities.
31,14,3,load_loss_threshold,bernoulli_full_event,31,0,31,NaN,NaN,1,terminal_stage_probability_one,1,0,,"","",,Terminal recording stage excluded from Bernoulli complement product.
31,15,1,continue,bernoulli_full_event,45,1,44,0.00639487035,0.754164221583934,0.00482278241963793,full_event_available,0,1,,"46","0.0032106",paper_formula,Full Bernoulli event probability uses selected probabilities and non-selected complement probabilities.
31,15,2,continue,bernoulli_full_event,44,2,42,1,0.690092588088931,0.690092588088931,full_event_available,0,1,,"4,40","0.92439,0.03478",paper_formula,Full Bernoulli event probability uses selected probabilities and non-selected complement probabilities.
31,15,3,no_new_outage,bernoulli_full_event,37,0,37,1,0.788844247720904,0.788844247720904,full_event_available,1,1,,"","",paper_formula,Full Bernoulli event probability uses selected probabilities and non-selected complement probabilities.
31,16,1,no_new_outage,bernoulli_full_event,45,0,45,1,0.749341439164296,0.749341439164296,full_event_available,1,1,,"","",paper_formula,Full Bernoulli event probability uses selected probabilities and non-selected complement probabilities.
31,17,1,no_new_outage,bernoulli_full_event,45,0,45,1,0.749341439164296,0.749341439164296,full_event_available,1,1,,"","",paper_formula,Full Bernoulli event probability uses selected probabilities and non-selected complement probabilities.
31,18,1,no_new_outage,bernoulli_full_event,45,0,45,1,0.749341439164296,0.749341439164296,full_event_available,1,1,,"","",paper_formula,Full Bernoulli event probability uses selected probabilities and non-selected complement probabilities.
31,19,1,no_new_outage,bernoulli_full_event,45,0,45,1,0.749341439164296,0.749341439164296,full_event_available,1,1,,"","",paper_formula,Full Bernoulli event probability uses selected probabilities and non-selected complement probabilities.
31,20,1,continue,bernoulli_full_event,45,1,44,0.006007770575,0.753870520293475,0.00452908112917908,full_event_available,0,1,,"15","0.001163",paper_formula,Full Bernoulli event probability uses selected probabilities and non-selected complement probabilities.
31,20,2,continue,bernoulli_full_event,44,1,43,0.006009750625,0.758428486363416,0.00455796606994034,full_event_available,0,1,,"44","0.0049242",paper_formula,Full Bernoulli event probability uses selected probabilities and non-selected complement probabilities.
31,20,3,no_new_outage,bernoulli_full_event,43,0,43,1,0.758428486363416,0.758428486363416,full_event_available,1,1,,"","",paper_formula,Full Bernoulli event probability uses selected probabilities and non-selected complement probabilities.
31,21,1,no_new_outage,bernoulli_full_event,45,0,45,1,0.749341439164296,0.749341439164296,full_event_available,1,1,,"","",paper_formula,Full Bernoulli event probability uses selected probabilities and non-selected complement probabilities.
31,22,1,no_new_outage,bernoulli_full_event,45,0,45,1,0.749341439164296,0.749341439164296,full_event_available,1,1,,"","",paper_formula,Full Bernoulli event probability uses selected probabilities and non-selected complement probabilities.
31,23,1,no_new_outage,bernoulli_full_event,45,0,45,1,0.749341439164296,0.749341439164296,full_event_available,1,1,,"","",paper_formula,Full Bernoulli event probability uses selected probabilities and non-selected complement probabilities.
31,24,1,no_new_outage,bernoulli_full_event,45,0,45,1,0.749341439164296,0.749341439164296,full_event_available,1,1,,"","",paper_formula,Full Bernoulli event probability uses selected probabilities and non-selected complement probabilities.
31,25,1,no_new_outage,bernoulli_full_event,45,0,45,1,0.749341439164296,0.749341439164296,full_event_available,1,1,,"","",paper_formula,Full Bernoulli event probability uses selected probabilities and non-selected complement probabilities.
31,26,1,no_new_outage,bernoulli_full_event,45,0,45,1,0.749341439164296,0.749341439164296,full_event_available,1,1,,"","",paper_formula,Full Bernoulli event probability uses selected probabilities and non-selected complement probabilities.
31,27,1,continue,bernoulli_full_event,45,1,44,0.00639487035,0.754164221583934,0.00482278241963793,full_event_available,0,1,,"22","0.0059949",paper_formula,Full Bernoulli event probability uses selected probabilities and non-selected complement probabilities.
31,27,2,no_new_outage,bernoulli_full_event,44,0,44,1,0.754164221583934,0.754164221583934,full_event_available,1,1,,"","",paper_formula,Full Bernoulli event probability uses selected probabilities and non-selected complement probabilities.
31,28,1,continue,bernoulli_full_event,45,1,44,0.006581985075,0.754306271787179,0.0049648326228821,full_event_available,0,1,,"42","0.0037012",paper_formula,Full Bernoulli event probability uses selected probabilities and non-selected complement probabilities.
31,28,2,no_new_outage,bernoulli_full_event,44,0,44,1,0.354213231716394,0.354213231716394,full_event_available,1,1,,"","",paper_formula,Full Bernoulli event probability uses selected probabilities and non-selected complement probabilities.
31,29,1,no_new_outage,bernoulli_full_event,45,0,45,1,0.749341439164296,0.749341439164296,full_event_available,1,1,,"","",paper_formula,Full Bernoulli event probability uses selected probabilities and non-selected complement probabilities.
31,30,1,no_new_outage,bernoulli_full_event,45,0,45,1,0.749341439164296,0.749341439164296,full_event_available,1,1,,"","",paper_formula,Full Bernoulli event probability uses selected probabilities and non-selected complement probabilities.
32,1,1,continue,bernoulli_full_event,44,1,43,1,0.758368785549319,0.758368785549319,full_event_available,0,1,,"27","0.74263",paper_formula,Full Bernoulli event probability uses selected probabilities and non-selected complement probabilities.
32,1,2,no_new_outage,bernoulli_full_event,42,0,42,1,0.762953948518273,0.762953948518273,full_event_available,1,1,,"","",paper_formula,Full Bernoulli event probability uses selected probabilities and non-selected complement probabilities.
32,2,1,continue,bernoulli_full_event,44,1,43,1,0.758368785549319,0.758368785549319,full_event_available,0,1,,"27","0.55993",paper_formula,Full Bernoulli event probability uses selected probabilities and non-selected complement probabilities.
32,2,2,no_new_outage,bernoulli_full_event,42,0,42,1,0.762953948518273,0.762953948518273,full_event_available,1,1,,"","",paper_formula,Full Bernoulli event probability uses selected probabilities and non-selected complement probabilities.
32,3,1,continue,bernoulli_full_event,44,1,43,1,0.758368785549319,0.758368785549319,full_event_available,0,1,,"27","0.35961",paper_formula,Full Bernoulli event probability uses selected probabilities and non-selected complement probabilities.
32,3,2,no_new_outage,bernoulli_full_event,42,0,42,1,0.762953948518273,0.762953948518273,full_event_available,1,1,,"","",paper_formula,Full Bernoulli event probability uses selected probabilities and non-selected complement probabilities.
32,4,1,continue,bernoulli_full_event,44,1,43,1,0.758368785549319,0.758368785549319,full_event_available,0,1,,"27","0.83393",paper_formula,Full Bernoulli event probability uses selected probabilities and non-selected complement probabilities.
32,4,2,no_new_outage,bernoulli_full_event,42,0,42,1,0.762953948518273,0.762953948518273,full_event_available,1,1,,"","",paper_formula,Full Bernoulli event probability uses selected probabilities and non-selected complement probabilities.
32,5,1,continue,bernoulli_full_event,44,1,43,1,0.758368785549319,0.758368785549319,full_event_available,0,1,,"27","0.73415",paper_formula,Full Bernoulli event probability uses selected probabilities and non-selected complement probabilities.
32,5,2,no_new_outage,bernoulli_full_event,42,0,42,1,0.762953948518273,0.762953948518273,full_event_available,1,1,,"","",paper_formula,Full Bernoulli event probability uses selected probabilities and non-selected complement probabilities.
32,6,1,continue,bernoulli_full_event,44,1,43,1,0.758368785549319,0.758368785549319,full_event_available,0,1,,"27","0.44882",paper_formula,Full Bernoulli event probability uses selected probabilities and non-selected complement probabilities.
32,6,2,no_new_outage,bernoulli_full_event,42,0,42,1,0.762953948518273,0.762953948518273,full_event_available,1,1,,"","",paper_formula,Full Bernoulli event probability uses selected probabilities and non-selected complement probabilities.
32,7,1,continue,bernoulli_full_event,44,1,43,1,0.758368785549319,0.758368785549319,full_event_available,0,1,,"27","0.40198",paper_formula,Full Bernoulli event probability uses selected probabilities and non-selected complement probabilities.
32,7,2,no_new_outage,bernoulli_full_event,42,0,42,1,0.762953948518273,0.762953948518273,full_event_available,1,1,,"","",paper_formula,Full Bernoulli event probability uses selected probabilities and non-selected complement probabilities.
32,8,1,continue,bernoulli_full_event,44,1,43,1,0.758368785549319,0.758368785549319,full_event_available,0,1,,"27","0.78207",paper_formula,Full Bernoulli event probability uses selected probabilities and non-selected complement probabilities.
32,8,2,no_new_outage,bernoulli_full_event,42,0,42,1,0.762953948518273,0.762953948518273,full_event_available,1,1,,"","",paper_formula,Full Bernoulli event probability uses selected probabilities and non-selected complement probabilities.
32,9,1,continue,bernoulli_full_event,44,1,43,1,0.758368785549319,0.758368785549319,full_event_available,0,1,,"27","0.88015",paper_formula,Full Bernoulli event probability uses selected probabilities and non-selected complement probabilities.
32,9,2,no_new_outage,bernoulli_full_event,42,0,42,1,0.762953948518273,0.762953948518273,full_event_available,1,1,,"","",paper_formula,Full Bernoulli event probability uses selected probabilities and non-selected complement probabilities.
32,10,1,continue,bernoulli_full_event,44,1,43,1,0.758368785549319,0.758368785549319,full_event_available,0,1,,"27","0.0033799",paper_formula,Full Bernoulli event probability uses selected probabilities and non-selected complement probabilities.
32,10,2,no_new_outage,bernoulli_full_event,42,0,42,1,0.762953948518273,0.762953948518273,full_event_available,1,1,,"","",paper_formula,Full Bernoulli event probability uses selected probabilities and non-selected complement probabilities.
32,11,1,continue,bernoulli_full_event,44,1,43,1,0.758368785549319,0.758368785549319,full_event_available,0,1,,"27","0.79195",paper_formula,Full Bernoulli event probability uses selected probabilities and non-selected complement probabilities.
32,11,2,no_new_outage,bernoulli_full_event,42,0,42,1,0.762953948518273,0.762953948518273,full_event_available,1,1,,"","",paper_formula,Full Bernoulli event probability uses selected probabilities and non-selected complement probabilities.
32,12,1,continue,bernoulli_full_event,44,2,42,0.006457241925,0.763297582701591,0.00492879715227187,full_event_available,0,1,,"27,43","0.76121,0.0021163",paper_formula,Full Bernoulli event probability uses selected probabilities and non-selected complement probabilities.
32,12,2,no_new_outage,bernoulli_full_event,41,0,41,1,0.76791254560247,0.76791254560247,full_event_available,1,1,,"","",paper_formula,Full Bernoulli event probability uses selected probabilities and non-selected complement probabilities.
32,13,1,continue,bernoulli_full_event,44,2,42,0.00656119455,0.763377453537059,0.00500866798774023,full_event_available,0,1,,"27,31","0.32175,0.00093404",paper_formula,Full Bernoulli event probability uses selected probabilities and non-selected complement probabilities.
32,13,2,continue,bernoulli_full_event,41,1,40,0.00639487035,0.772935723081879,0.00494282373799212,full_event_available,0,1,,"46","0.00075568",paper_formula,Full Bernoulli event probability uses selected probabilities and non-selected complement probabilities.
32,13,3,continue,bernoulli_full_event,40,6,34,0.430400077699573,0.803252816317063,0.345720074555264,full_event_available,0,1,,"4,8,14,19,23,40","0.80682,0.28361,0.21889,0.1858,0.22235,0.49748",paper_formula,Full Bernoulli event probability uses selected probabilities and non-selected complement probabilities.
32,13,4,load_loss_threshold,bernoulli_full_event,29,0,29,NaN,NaN,1,terminal_stage_probability_one,1,0,,"","",,Terminal recording stage excluded from Bernoulli complement product.
32,14,1,continue,bernoulli_full_event,44,2,42,0.006009750625,0.762953948518273,0.00458516296895391,full_event_available,0,1,,"27,44","0.58116,0.003794",paper_formula,Full Bernoulli event probability uses selected probabilities and non-selected complement probabilities.
32,14,2,no_new_outage,bernoulli_full_event,41,0,41,1,0.767566833777295,0.767566833777295,full_event_available,1,1,,"","",paper_formula,Full Bernoulli event probability uses selected probabilities and non-selected complement probabilities.
32,15,1,continue,bernoulli_full_event,44,1,43,1,0.758368785549319,0.758368785549319,full_event_available,0,1,,"27","0.61802",paper_formula,Full Bernoulli event probability uses selected probabilities and non-selected complement probabilities.
32,15,2,no_new_outage,bernoulli_full_event,42,0,42,1,0.762953948518273,0.762953948518273,full_event_available,1,1,,"","",paper_formula,Full Bernoulli event probability uses selected probabilities and non-selected complement probabilities.
32,16,1,continue,bernoulli_full_event,44,1,43,1,0.758368785549319,0.758368785549319,full_event_available,0,1,,"27","0.6862",paper_formula,Full Bernoulli event probability uses selected probabilities and non-selected complement probabilities.
32,16,2,no_new_outage,bernoulli_full_event,42,0,42,1,0.762953948518273,0.762953948518273,full_event_available,1,1,,"","",paper_formula,Full Bernoulli event probability uses selected probabilities and non-selected complement probabilities.
32,17,1,continue,bernoulli_full_event,44,1,43,1,0.758368785549319,0.758368785549319,full_event_available,0,1,,"27","0.4714",paper_formula,Full Bernoulli event probability uses selected probabilities and non-selected complement probabilities.
32,17,2,no_new_outage,bernoulli_full_event,42,0,42,1,0.762953948518273,0.762953948518273,full_event_available,1,1,,"","",paper_formula,Full Bernoulli event probability uses selected probabilities and non-selected complement probabilities.
32,18,1,continue,bernoulli_full_event,44,2,42,0.006453281825,0.763294540333575,0.00492575478425639,full_event_available,0,1,,"27,28","0.9112,0.005462",paper_formula,Full Bernoulli event probability uses selected probabilities and non-selected complement probabilities.
32,18,2,continue,bernoulli_full_event,41,1,40,1,0.772823280289329,0.772823280289329,full_event_available,0,1,,"38","0.37815",paper_formula,Full Bernoulli event probability uses selected probabilities and non-selected complement probabilities.
32,18,3,continue,bernoulli_full_event,36,7,29,0.999723881644596,0.530163096752772,0.530016708990401,full_event_available,0,1,,"8,10,14,19,20,23,24","0.43167,0.372,0.91586,0.26123,0.48075,0.065709,0.90004",paper_formula,Full Bernoulli event probability uses selected probabilities and non-selected complement probabilities.
32,18,4,load_loss_threshold,bernoulli_full_event,29,0,29,NaN,NaN,1,terminal_stage_probability_one,1,0,,"","",,Terminal recording stage excluded from Bernoulli complement product.
32,19,1,continue,bernoulli_full_event,44,1,43,1,0.758368785549319,0.758368785549319,full_event_available,0,1,,"27","0.43684",paper_formula,Full Bernoulli event probability uses selected probabilities and non-selected complement probabilities.
32,19,2,no_new_outage,bernoulli_full_event,42,0,42,1,0.762953948518273,0.762953948518273,full_event_available,1,1,,"","",paper_formula,Full Bernoulli event probability uses selected probabilities and non-selected complement probabilities.
32,20,1,continue,bernoulli_full_event,44,2,42,0.00635922945,0.763222291220545,0.00485350567122616,full_event_available,0,1,,"3,27","0.0062389,0.36938",paper_formula,Full Bernoulli event probability uses selected probabilities and non-selected complement probabilities.
32,20,2,continue,bernoulli_full_event,41,1,40,0.320242707295598,0.201548996494631,0.0645445962901516,full_event_available,0,1,,"23","0.14868",paper_formula,Full Bernoulli event probability uses selected probabilities and non-selected complement probabilities.
32,20,3,continue,bernoulli_full_event,40,5,35,0.0064483317,0.773523716427652,0.00498793750134224,full_event_available,0,1,,"8,10,13,18,25","0.14484,0.13668,0.12525,0.77944,0.0028306",paper_formula,Full Bernoulli event probability uses selected probabilities and non-selected complement probabilities.
32,20,4,load_loss_threshold,bernoulli_full_event,0,0,0,NaN,NaN,1,terminal_stage_probability_one,1,0,,"","",,Terminal recording stage excluded from Bernoulli complement product.
32,21,1,continue,bernoulli_full_event,44,1,43,1,0.758368785549319,0.758368785549319,full_event_available,0,1,,"27","0.28454",paper_formula,Full Bernoulli event probability uses selected probabilities and non-selected complement probabilities.
32,21,2,no_new_outage,bernoulli_full_event,42,0,42,1,0.762953948518273,0.762953948518273,full_event_available,1,1,,"","",paper_formula,Full Bernoulli event probability uses selected probabilities and non-selected complement probabilities.
32,22,1,continue,bernoulli_full_event,44,1,43,1,0.758368785549319,0.758368785549319,full_event_available,0,1,,"27","0.79535",paper_formula,Full Bernoulli event probability uses selected probabilities and non-selected complement probabilities.
32,22,2,no_new_outage,bernoulli_full_event,42,0,42,1,0.762953948518273,0.762953948518273,full_event_available,1,1,,"","",paper_formula,Full Bernoulli event probability uses selected probabilities and non-selected complement probabilities.
32,23,1,continue,bernoulli_full_event,44,1,43,1,0.758368785549319,0.758368785549319,full_event_available,0,1,,"27","0.70698",paper_formula,Full Bernoulli event probability uses selected probabilities and non-selected complement probabilities.
32,23,2,no_new_outage,bernoulli_full_event,42,0,42,1,0.762953948518273,0.762953948518273,full_event_available,1,1,,"","",paper_formula,Full Bernoulli event probability uses selected probabilities and non-selected complement probabilities.
32,24,1,continue,bernoulli_full_event,44,2,42,0.00641863095,0.763267920647931,0.00489913509861295,full_event_available,0,1,,"1,27","0.0033318,0.48245",paper_formula,Full Bernoulli event probability uses selected probabilities and non-selected complement probabilities.
32,24,2,continue,bernoulli_full_event,41,3,38,3.84885558163708e-05,0.782480325674163,3.0116537689922e-05,full_event_available,0,1,,"3,8,46","0.95602,0.0027944,0.0015072",paper_formula,Full Bernoulli event probability uses selected probabilities and non-selected complement probabilities.
32,24,3,continue,bernoulli_full_event,38,10,28,0.465998443318399,0.834839671813553,0.389033987485559,full_event_available,0,1,,"9,13,14,18,19,20,23,24,37,40","0.29109,0.50236,0.8159,0.37431,0.40848,0.6483,0.52222,0.041771,0.44189,0.93552",paper_formula,Full Bernoulli event probability uses selected probabilities and non-selected complement probabilities.
32,24,4,load_loss_threshold,bernoulli_full_event,0,0,0,NaN,NaN,1,terminal_stage_probability_one,1,0,,"","",,Terminal recording stage excluded from Bernoulli complement product.
32,25,1,continue,bernoulli_full_event,44,2,42,0.00641863095,0.763267920647931,0.00489913509861295,full_event_available,0,1,,"1,27","0.0022877,0.32272",paper_formula,Full Bernoulli event probability uses selected probabilities and non-selected complement probabilities.
32,25,2,continue,bernoulli_full_event,41,1,40,1,0.772797098275711,0.772797098275711,full_event_available,0,1,,"3","0.0077756",paper_formula,Full Bernoulli event probability uses selected probabilities and non-selected complement probabilities.
32,25,3,continue,bernoulli_full_event,40,2,38,1,0.78298332861389,0.78298332861389,full_event_available,0,1,,"40,42","0.11388,0.45533",paper_formula,Full Bernoulli event probability uses selected probabilities and non-selected complement probabilities.
32,25,4,continue,bernoulli_full_event,31,7,24,0.373134749668394,0.856702491813647,0.319665469823175,full_event_available,0,1,,"6,8,10,14,19,20,23","0.075411,0.68208,0.91624,0.64796,0.98247,0.38198,0.78162",paper_formula,Full Bernoulli event probability uses selected probabilities and non-selected complement probabilities.
32,25,5,max_depth_reached,bernoulli_full_event,0,0,0,NaN,NaN,1,terminal_stage_probability_one,1,0,,"","",,Terminal recording stage excluded from Bernoulli complement product.
32,26,1,continue,bernoulli_full_event,44,1,43,1,0.758368785549319,0.758368785549319,full_event_available,0,1,,"27","0.78389",paper_formula,Full Bernoulli event probability uses selected probabilities and non-selected complement probabilities.
32,26,2,continue,bernoulli_full_event,42,1,41,0.0065948554,0.768018922255008,0.00506497373673562,full_event_available,0,1,,"9","0.0051579",paper_formula,Full Bernoulli event probability uses selected probabilities and non-selected complement probabilities.
32,26,3,continue,bernoulli_full_event,41,1,40,0.929199959441078,0.772669357064366,0.717964335245573,full_event_available,0,1,,"8","0.25205",paper_formula,Full Bernoulli event probability uses selected probabilities and non-selected complement probabilities.
32,26,4,continue,bernoulli_full_event,40,6,34,0.006532483825,0.803384103561065,0.00524809366177478,full_event_available,0,1,,"3,6,19,20,23,24","0.92531,0.050641,0.55855,0.0063795,0.61598,0.62898",paper_formula,Full Bernoulli event probability uses selected probabilities and non-selected complement probabilities.
32,26,5,max_depth_reached,bernoulli_full_event,34,0,34,NaN,NaN,1,terminal_stage_probability_one,1,0,,"","",,Terminal recording stage excluded from Bernoulli complement product.
32,27,1,continue,bernoulli_full_event,44,3,41,4.26958470111853e-05,0.768379395169902,3.28066091027212e-05,full_event_available,0,1,,"19,21,27","0.0049644,0.0029338,0.90443",paper_formula,Full Bernoulli event probability uses selected probabilities and non-selected complement probabilities.
32,27,2,continue,bernoulli_full_event,40,4,36,1,0.792870068588035,0.792870068588035,full_event_available,0,1,,"8,10,13,18","0.27951,0.74546,0.30169,0.9701",paper_formula,Full Bernoulli event probability uses selected probabilities and non-selected complement probabilities.
32,27,3,continue,bernoulli_full_event,35,3,32,1,0.813124032971371,0.813124032971371,full_event_available,0,1,,"3,12,15","0.20894,0.4686,0.25489",paper_formula,Full Bernoulli event probability uses selected probabilities and non-selected complement probabilities.
32,27,4,load_loss_threshold,bernoulli_full_event,31,0,31,NaN,NaN,1,terminal_stage_probability_one,1,0,,"","",,Terminal recording stage excluded from Bernoulli complement product.
32,28,1,continue,bernoulli_full_event,44,1,43,1,0.758368785549319,0.758368785549319,full_event_available,0,1,,"27","0.82203",paper_formula,Full Bernoulli event probability uses selected probabilities and non-selected complement probabilities.
32,28,2,no_new_outage,bernoulli_full_event,42,0,42,1,0.762953948518273,0.762953948518273,full_event_available,1,1,,"","",paper_formula,Full Bernoulli event probability uses selected probabilities and non-selected complement probabilities.
32,29,1,continue,bernoulli_full_event,44,1,43,1,0.758368785549319,0.758368785549319,full_event_available,0,1,,"27","0.6698",paper_formula,Full Bernoulli event probability uses selected probabilities and non-selected complement probabilities.
32,29,2,no_new_outage,bernoulli_full_event,42,0,42,1,0.762953948518273,0.762953948518273,full_event_available,1,1,,"","",paper_formula,Full Bernoulli event probability uses selected probabilities and non-selected complement probabilities.
32,30,1,continue,bernoulli_full_event,44,1,43,1,0.758368785549319,0.758368785549319,full_event_available,0,1,,"27","0.83271",paper_formula,Full Bernoulli event probability uses selected probabilities and non-selected complement probabilities.
32,30,2,no_new_outage,bernoulli_full_event,42,0,42,1,0.762953948518273,0.762953948518273,full_event_available,1,1,,"","",paper_formula,Full Bernoulli event probability uses selected probabilities and non-selected complement probabilities.
33,1,1,continue,bernoulli_full_event,45,1,44,0.509042349720817,0.165279964053939,0.0841345012637895,full_event_available,0,1,,"19","0.50325",paper_formula,Full Bernoulli event probability uses selected probabilities and non-selected complement probabilities.
33,1,2,continue,bernoulli_full_event,44,4,40,0.357395129741853,0.503400660347358,0.179912944316979,full_event_available,0,1,,"8,10,14,18","0.93643,0.16153,0.25911,0.63599",paper_formula,Full Bernoulli event probability uses selected probabilities and non-selected complement probabilities.
33,1,3,continue,bernoulli_full_event,39,4,35,0.0035702676483659,0.420819330234273,0.00150243764054243,full_event_available,0,1,,"3,6,17,34","0.20688,0.044025,0.76875,0.0052048",paper_formula,Full Bernoulli event probability uses selected probabilities and non-selected complement probabilities.
33,1,4,load_loss_threshold,bernoulli_full_event,0,0,0,NaN,NaN,1,terminal_stage_probability_one,1,0,,"","",,Terminal recording stage excluded from Bernoulli complement product.
33,2,1,continue,bernoulli_full_event,45,2,43,0.148118634595775,0.315385934970039,0.0467145340584741,full_event_available,0,1,,"8,23","0.012024,0.24691",paper_formula,Full Bernoulli event probability uses selected probabilities and non-selected complement probabilities.
33,2,2,continue,bernoulli_full_event,43,3,40,1,0.267979894408758,0.267979894408758,full_event_available,0,1,,"3,13,18","0.11128,0.012975,0.79082",paper_formula,Full Bernoulli event probability uses selected probabilities and non-selected complement probabilities.
33,2,3,continue,bernoulli_full_event,36,4,32,1,0.133453199612535,0.133453199612535,full_event_available,0,1,,"4,31,40,42","0.81997,0.10185,0.9841,0.9834",paper_formula,Full Bernoulli event probability uses selected probabilities and non-selected complement probabilities.
33,2,4,load_loss_threshold,bernoulli_full_event,17,0,17,NaN,NaN,1,terminal_stage_probability_one,1,0,,"","",,Terminal recording stage excluded from Bernoulli complement product.
33,3,1,continue,bernoulli_full_event,45,4,41,0.000453127130790068,0.646273228058454,0.000292843933536563,full_event_available,0,1,,"8,19,23,34","0.068092,0.25258,0.20541,0.0033113",paper_formula,Full Bernoulli event probability uses selected probabilities and non-selected complement probabilities.
33,3,2,continue,bernoulli_full_event,41,7,34,0.155856649181942,0.0658180468928039,0.0102581802444124,full_event_available,0,1,,"1,3,13,16,18,27,42","0.050135,0.79049,0.24377,0.2462,0.36226,0.37811,0.26997",paper_formula,Full Bernoulli event probability uses selected probabilities and non-selected complement probabilities.
33,3,3,load_loss_threshold,bernoulli_full_event,15,0,15,NaN,NaN,1,terminal_stage_probability_one,1,0,,"","",,Terminal recording stage excluded from Bernoulli complement product.
33,4,1,continue,bernoulli_full_event,45,1,44,0.669636686878857,0.245624921313203,0.164479458523053,full_event_available,0,1,,"23","0.046992",paper_formula,Full Bernoulli event probability uses selected probabilities and non-selected complement probabilities.
33,4,2,continue,bernoulli_full_event,44,5,39,0.46709245356765,0.778058367015727,0.363425191668215,full_event_available,0,1,,"8,10,13,14,18","0.18523,0.49963,0.08764,0.39301,0.49085",paper_formula,Full Bernoulli event probability uses selected probabilities and non-selected complement probabilities.
33,4,3,continue,bernoulli_full_event,35,1,34,1,0.803730666559548,0.803730666559548,full_event_available,0,1,,"3","0.74047",paper_formula,Full Bernoulli event probability uses selected probabilities and non-selected complement probabilities.
33,4,4,continue,bernoulli_full_event,34,4,30,1,0.295814382676027,0.295814382676027,full_event_available,0,1,,"4,31,40,42","0.10084,0.46289,0.92031,0.82869",paper_formula,Full Bernoulli event probability uses selected probabilities and non-selected complement probabilities.
33,4,5,max_depth_reached,bernoulli_full_event,17,0,17,NaN,NaN,1,terminal_stage_probability_one,1,0,,"","",,Terminal recording stage excluded from Bernoulli complement product.
33,5,1,continue,bernoulli_full_event,45,1,44,0.509042349720817,0.165279964053939,0.0841345012637895,full_event_available,0,1,,"19","0.39381",paper_formula,Full Bernoulli event probability uses selected probabilities and non-selected complement probabilities.
33,5,2,continue,bernoulli_full_event,44,5,39,0.00226544237761123,0.503337920675216,0.00114028305575636,full_event_available,0,1,,"7,8,10,13,18","0.0017601,0.20003,0.80404,0.0033036,0.44326",paper_formula,Full Bernoulli event probability uses selected probabilities and non-selected complement probabilities.
33,5,3,continue,bernoulli_full_event,38,4,34,0.795839557219413,0.803423281460979,0.639396028577673,full_event_available,0,1,,"3,6,12,15","0.17796,0.276,0.20622,0.098338",paper_formula,Full Bernoulli event probability uses selected probabilities and non-selected complement probabilities.
33,5,4,continue,bernoulli_full_event,33,4,29,1,0.829984595608813,0.829984595608813,full_event_available,0,1,,"25,31,40,42","0.68988,0.11737,0.79079,0.13992",paper_formula,Full Bernoulli event probability uses selected probabilities and non-selected complement probabilities.
33,5,5,max_depth_reached,bernoulli_full_event,12,0,12,NaN,NaN,1,terminal_stage_probability_one,1,0,,"","",,Terminal recording stage excluded from Bernoulli complement product.
33,6,1,continue,bernoulli_full_event,45,1,44,0.509042349720817,0.165279964053939,0.0841345012637895,full_event_available,0,1,,"19","0.4478",paper_formula,Full Bernoulli event probability uses selected probabilities and non-selected complement probabilities.
33,6,2,continue,bernoulli_full_event,44,3,41,1,0.32348771603038,0.32348771603038,full_event_available,0,1,,"8,10,18","0.30234,0.14006,0.68097",paper_formula,Full Bernoulli event probability uses selected probabilities and non-selected complement probabilities.
33,6,3,continue,bernoulli_full_event,40,4,36,0.467261841883955,0.200860721572263,0.093854550723996,full_event_available,0,1,,"3,12,13,14","0.18265,0.26122,0.30669,0.96433",paper_formula,Full Bernoulli event probability uses selected probabilities and non-selected complement probabilities.
33,6,4,continue,bernoulli_full_event,36,4,32,0.264407339224963,0.814503200328027,0.215360623988951,full_event_available,0,1,,"30,31,40,42","0.063374,0.73879,0.23731,0.71235",paper_formula,Full Bernoulli event probability uses selected probabilities and non-selected complement probabilities.
33,6,5,max_depth_reached,bernoulli_full_event,19,0,19,NaN,NaN,1,terminal_stage_probability_one,1,0,,"","",,Terminal recording stage excluded from Bernoulli complement product.
33,7,1,continue,bernoulli_full_event,45,1,44,0.669636686878857,0.245624921313203,0.164479458523053,full_event_available,0,1,,"23","0.64759",paper_formula,Full Bernoulli event probability uses selected probabilities and non-selected complement probabilities.
33,7,2,continue,bernoulli_full_event,44,4,40,1,0.414633175347512,0.414633175347512,full_event_available,0,1,,"8,10,13,18","0.18464,0.81964,0.77163,0.42877",paper_formula,Full Bernoulli event probability uses selected probabilities and non-selected complement probabilities.
33,7,3,continue,bernoulli_full_event,36,3,33,1,0.808496647507927,0.808496647507927,full_event_available,0,1,,"3,12,15","0.30816,0.055756,0.55831",paper_formula,Full Bernoulli event probability uses selected probabilities and non-selected complement probabilities.
33,7,4,continue,bernoulli_full_event,32,5,27,0.759848342081446,0.724588291987945,0.550577212358666,full_event_available,0,1,,"4,30,31,40,42","0.55755,0.46245,0.89617,0.71101,0.94049",paper_formula,Full Bernoulli event probability uses selected probabilities and non-selected complement probabilities.
33,7,5,max_depth_reached,bernoulli_full_event,16,0,16,NaN,NaN,1,terminal_stage_probability_one,1,0,,"","",,Terminal recording stage excluded from Bernoulli complement product.
33,8,1,continue,bernoulli_full_event,45,3,42,0.0753986577920724,0.642389287122209,0.0484352900290208,full_event_available,0,1,,"8,19,23","0.17095,0.098839,0.10356",paper_formula,Full Bernoulli event probability uses selected probabilities and non-selected complement probabilities.
33,8,2,continue,bernoulli_full_event,42,4,38,0.420506855827573,0.448370040470906,0.188542675965702,full_event_available,0,1,,"3,13,16,18","0.73876,0.11829,0.35704,0.090675",paper_formula,Full Bernoulli event probability uses selected probabilities and non-selected complement probabilities.
33,8,3,continue,bernoulli_full_event,30,5,25,0.798690419836206,0.688493703688931,0.549893325253897,full_event_available,0,1,,"4,30,31,40,42","0.17409,0.72084,0.495,0.88813,0.74216",paper_formula,Full Bernoulli event probability uses selected probabilities and non-selected complement probabilities.
33,8,4,load_loss_threshold,bernoulli_full_event,16,0,16,NaN,NaN,1,terminal_stage_probability_one,1,0,,"","",,Terminal recording stage excluded from Bernoulli complement product.
33,9,1,continue,bernoulli_full_event,45,2,43,0.00333992589070742,0.166371560228183,0.000555668681483498,full_event_available,0,1,,"19,31","0.38117,0.0056201",paper_formula,Full Bernoulli event probability uses selected probabilities and non-selected complement probabilities.
33,9,2,continue,bernoulli_full_event,43,3,40,1,0.301269153232946,0.301269153232946,full_event_available,0,1,,"8,10,18","0.9185,0.14342,0.88581",paper_formula,Full Bernoulli event probability uses selected probabilities and non-selected complement probabilities.
33,9,3,continue,bernoulli_full_event,39,4,35,0.643840761918865,0.1425640633277,0.0917885551551557,full_event_available,0,1,,"3,12,13,14","0.55354,0.22381,0.27483,0.19795",paper_formula,Full Bernoulli event probability uses selected probabilities and non-selected complement probabilities.
33,9,4,load_loss_threshold,bernoulli_full_event,20,0,20,NaN,NaN,1,terminal_stage_probability_one,1,0,,"","",,Terminal recording stage excluded from Bernoulli complement product.
33,10,1,continue,bernoulli_full_event,45,1,44,0.669636686878857,0.245624921313203,0.164479458523053,full_event_available,0,1,,"23","0.35236",paper_formula,Full Bernoulli event probability uses selected probabilities and non-selected complement probabilities.
33,10,2,continue,bernoulli_full_event,44,5,39,0.46709245356765,0.778058367015727,0.363425191668215,full_event_available,0,1,,"8,10,13,14,18","0.38767,0.22254,0.25288,0.22018,0.71429",paper_formula,Full Bernoulli event probability uses selected probabilities and non-selected complement probabilities.
33,10,3,continue,bernoulli_full_event,35,1,34,1,0.803730666559548,0.803730666559548,full_event_available,0,1,,"3","0.28255",paper_formula,Full Bernoulli event probability uses selected probabilities and non-selected complement probabilities.
33,10,4,continue,bernoulli_full_event,34,4,30,1,0.295814382676027,0.295814382676027,full_event_available,0,1,,"4,31,40,42","0.3283,0.33652,0.13007,0.93466",paper_formula,Full Bernoulli event probability uses selected probabilities and non-selected complement probabilities.
33,10,5,max_depth_reached,bernoulli_full_event,17,0,17,NaN,NaN,1,terminal_stage_probability_one,1,0,,"","",,Terminal recording stage excluded from Bernoulli complement product.
33,11,1,continue,bernoulli_full_event,45,3,42,0.0558618734278002,0.598355209981046,0.033425243004826,full_event_available,0,1,,"14,19,23","0.050304,0.46242,0.37491",paper_formula,Full Bernoulli event probability uses selected probabilities and non-selected complement probabilities.
33,11,2,continue,bernoulli_full_event,42,4,38,0.00656119455,0.783545942698143,0.00514099736890567,full_event_available,0,1,,"3,10,13,18","0.90746,0.0027257,0.34206,0.54031",paper_formula,Full Bernoulli event probability uses selected probabilities and non-selected complement probabilities.
33,11,3,continue,bernoulli_full_event,35,5,30,0.880031719462548,0.825192275178422,0.726195376812478,full_event_available,0,1,,"16,17,31,40,42","0.52825,0.016016,0.8863,0.42404,0.83302",paper_formula,Full Bernoulli event probability uses selected probabilities and non-selected complement probabilities.
33,11,4,load_loss_threshold,bernoulli_full_event,0,0,0,NaN,NaN,1,terminal_stage_probability_one,1,0,,"","",,Terminal recording stage excluded from Bernoulli complement product.
33,12,1,continue,bernoulli_full_event,45,2,43,0.148118634595775,0.315385934970039,0.0467145340584741,full_event_available,0,1,,"8,23","0.092975,0.10294",paper_formula,Full Bernoulli event probability uses selected probabilities and non-selected complement probabilities.
33,12,2,continue,bernoulli_full_event,43,4,39,0.183316486152318,0.328131877116278,0.0601519827075203,full_event_available,0,1,,"3,12,13,18","0.043692,0.14387,0.41649,0.092589",paper_formula,Full Bernoulli event probability uses selected probabilities and non-selected complement probabilities.
33,12,3,continue,bernoulli_full_event,35,5,30,1,0.135176547667588,0.135176547667588,full_event_available,0,1,,"4,11,31,40,42","0.27369,0.37614,0.94492,0.13115,0.27334",paper_formula,Full Bernoulli event probability uses selected probabilities and non-selected complement probabilities.
33,12,4,load_loss_threshold,bernoulli_full_event,17,0,17,NaN,NaN,1,terminal_stage_probability_one,1,0,,"","",,Terminal recording stage excluded from Bernoulli complement product.
33,13,1,continue,bernoulli_full_event,45,1,44,0.509042349720817,0.165279964053939,0.0841345012637895,full_event_available,0,1,,"19","0.056986",paper_formula,Full Bernoulli event probability uses selected probabilities and non-selected complement probabilities.
33,13,2,continue,bernoulli_full_event,44,5,39,0.126219737754597,0.77825300855074,0.0982308906460006,full_event_available,0,1,,"8,10,13,14,18","0.32611,0.91908,0.26089,0.15178,0.471",paper_formula,Full Bernoulli event probability uses selected probabilities and non-selected complement probabilities.
33,13,3,continue,bernoulli_full_event,38,1,37,1,0.788383876741428,0.788383876741428,full_event_available,0,1,,"3","0.62942",paper_formula,Full Bernoulli event probability uses selected probabilities and non-selected complement probabilities.
33,13,4,continue,bernoulli_full_event,37,7,30,0.00290972880884255,0.812896787216007,0.00236530920037797,full_event_available,0,1,,"4,15,25,30,31,40,42","0.4189,0.0025204,0.42402,0.35644,0.48071,0.11438,0.64338",paper_formula,Full Bernoulli event probability uses selected probabilities and non-selected complement probabilities.
33,13,5,max_depth_reached,bernoulli_full_event,11,0,11,NaN,NaN,1,terminal_stage_probability_one,1,0,,"","",,Terminal recording stage excluded from Bernoulli complement product.
33,14,1,continue,bernoulli_full_event,45,1,44,0.509042349720817,0.165279964053939,0.0841345012637895,full_event_available,0,1,,"19","0.44249",paper_formula,Full Bernoulli event probability uses selected probabilities and non-selected complement probabilities.
33,14,2,continue,bernoulli_full_event,44,4,40,0.353165802359326,0.500109173587761,0.176621457557381,full_event_available,0,1,,"8,10,13,18","0.44623,0.5724,0.17686,0.4881",paper_formula,Full Bernoulli event probability uses selected probabilities and non-selected complement probabilities.
33,14,3,continue,bernoulli_full_event,39,3,36,1,0.79305885393577,0.79305885393577,full_event_available,0,1,,"3,12,15","0.33139,0.8063,0.36431",paper_formula,Full Bernoulli event probability uses selected probabilities and non-selected complement probabilities.
33,14,4,continue,bernoulli_full_event,35,7,28,0.00503601420973028,0.539237309147876,0.00271560675128543,full_event_available,0,1,,"4,25,30,31,40,42,45","0.91761,0.57245,0.50557,0.812,0.18143,0.3389,0.0023841",paper_formula,Full Bernoulli event probability uses selected probabilities and non-selected complement probabilities.
33,14,5,max_depth_reached,bernoulli_full_event,11,0,11,NaN,NaN,1,terminal_stage_probability_one,1,0,,"","",,Terminal recording stage excluded from Bernoulli complement product.
33,15,1,continue,bernoulli_full_event,45,1,44,0.669636686878857,0.245624921313203,0.164479458523053,full_event_available,0,1,,"23","0.11032",paper_formula,Full Bernoulli event probability uses selected probabilities and non-selected complement probabilities.
33,15,2,continue,bernoulli_full_event,44,5,39,0.46709245356765,0.778058367015727,0.363425191668215,full_event_available,0,1,,"8,10,13,14,18","0.60905,0.90676,0.702,0.22129,0.72282",paper_formula,Full Bernoulli event probability uses selected probabilities and non-selected complement probabilities.
33,15,3,continue,bernoulli_full_event,35,1,34,1,0.803730666559548,0.803730666559548,full_event_available,0,1,,"3","0.52446",paper_formula,Full Bernoulli event probability uses selected probabilities and non-selected complement probabilities.
33,15,4,continue,bernoulli_full_event,34,4,30,1,0.295814382676027,0.295814382676027,full_event_available,0,1,,"4,31,40,42","0.27034,0.30308,0.78882,0.55452",paper_formula,Full Bernoulli event probability uses selected probabilities and non-selected complement probabilities.
33,15,5,max_depth_reached,bernoulli_full_event,17,0,17,NaN,NaN,1,terminal_stage_probability_one,1,0,,"","",,Terminal recording stage excluded from Bernoulli complement product.
33,16,1,continue,bernoulli_full_event,45,4,41,0.0123562292511979,0.768296703506861,0.00949325020147039,full_event_available,0,1,,"8,14,19,23","0.17984,0.1171,0.04143,0.51495",paper_formula,Full Bernoulli event probability uses selected probabilities and non-selected complement probabilities.
33,16,2,continue,bernoulli_full_event,41,6,35,1,0.798595687065725,0.798595687065725,full_event_available,0,1,,"1,2,3,6,13,18","0.35127,0.65972,0.17898,0.27898,0.98773,0.62976",paper_formula,Full Bernoulli event probability uses selected probabilities and non-selected complement probabilities.
33,16,3,load_loss_threshold,bernoulli_full_event,26,0,26,NaN,NaN,1,terminal_stage_probability_one,1,0,,"","",,Terminal recording stage excluded from Bernoulli complement product.
33,17,1,continue,bernoulli_full_event,45,3,42,0.0184521390379456,0.253817044430579,0.00468346739403345,full_event_available,0,1,,"8,14,19","0.018242,0.11771,0.38478",paper_formula,Full Bernoulli event probability uses selected probabilities and non-selected complement probabilities.
33,17,2,continue,bernoulli_full_event,42,3,39,1,0.778045202839436,0.778045202839436,full_event_available,0,1,,"1,3,18","0.066336,0.16653,0.23018",paper_formula,Full Bernoulli event probability uses selected probabilities and non-selected complement probabilities.
33,17,3,continue,bernoulli_full_event,38,4,34,0.463325416665806,0.509182255502922,0.235917080689726,full_event_available,0,1,,"30,31,40,42","0.096243,0.50587,0.49611,0.25061",paper_formula,Full Bernoulli event probability uses selected probabilities and non-selected complement probabilities.
33,17,4,load_loss_threshold,bernoulli_full_event,27,0,27,NaN,NaN,1,terminal_stage_probability_one,1,0,,"","",,Terminal recording stage excluded from Bernoulli complement product.
33,18,1,continue,bernoulli_full_event,45,3,42,0.0558618734278002,0.598355209981046,0.033425243004826,full_event_available,0,1,,"14,19,23","0.04778,0.28883,0.52552",paper_formula,Full Bernoulli event probability uses selected probabilities and non-selected complement probabilities.
33,18,2,continue,bernoulli_full_event,42,3,39,1,0.778404945329237,0.778404945329237,full_event_available,0,1,,"3,13,18","0.39953,0.75535,0.021528",paper_formula,Full Bernoulli event probability uses selected probabilities and non-selected complement probabilities.
33,18,3,continue,bernoulli_full_event,36,5,31,0.855203165113542,0.819778028119819,0.701076764338608,full_event_available,0,1,,"16,17,31,40,42","0.33912,0.50432,0.64631,0.32906,0.3874",paper_formula,Full Bernoulli event probability uses selected probabilities and non-selected complement probabilities.
33,18,4,load_loss_threshold,bernoulli_full_event,0,0,0,NaN,NaN,1,terminal_stage_probability_one,1,0,,"","",,Terminal recording stage excluded from Bernoulli complement product.
33,19,1,continue,bernoulli_full_event,45,1,44,0.669636686878857,0.245624921313203,0.164479458523053,full_event_available,0,1,,"23","0.071202",paper_formula,Full Bernoulli event probability uses selected probabilities and non-selected complement probabilities.
33,19,2,continue,bernoulli_full_event,44,8,36,1.18809807146054e-07,0.793048550704938,9.42219453667117e-08,full_event_available,0,1,,"8,10,13,14,15,18,42,45","0.90789,0.93703,0.84234,0.37694,0.000817,0.80987,0.0043934,0.0015845",paper_formula,Full Bernoulli event probability uses selected probabilities and non-selected complement probabilities.
33,19,3,continue,bernoulli_full_event,31,6,25,0.702855705345489,0.472415553634804,0.33203996716617,full_event_available,0,1,,"1,2,3,4,6,7","0.49799,0.40108,0.9199,0.369,0.81724,0.55118",paper_formula,Full Bernoulli event probability uses selected probabilities and non-selected complement probabilities.
33,19,4,load_loss_threshold,bernoulli_full_event,16,0,16,NaN,NaN,1,terminal_stage_probability_one,1,0,,"","",,Terminal recording stage excluded from Bernoulli complement product.
33,20,1,continue,bernoulli_full_event,45,2,43,0.340873432548076,0.500297573881431,0.170538151304438,full_event_available,0,1,,"19,23","0.26941,0.35706",paper_formula,Full Bernoulli event probability uses selected probabilities and non-selected complement probabilities.
33,20,2,continue,bernoulli_full_event,43,4,39,1,0.399094399391175,0.399094399391175,full_event_available,0,1,,"8,10,13,18","0.36987,0.028262,0.91555,0.70643",paper_formula,Full Bernoulli event probability uses selected probabilities and non-selected complement probabilities.
33,20,3,continue,bernoulli_full_event,36,3,33,1,0.808496647507927,0.808496647507927,full_event_available,0,1,,"3,12,15","0.69094,0.77379,0.29364",paper_formula,Full Bernoulli event probability uses selected probabilities and non-selected complement probabilities.
33,20,4,continue,bernoulli_full_event,32,5,27,0.759848342081446,0.724588291987945,0.550577212358666,full_event_available,0,1,,"4,30,31,40,42","0.79353,0.56468,0.54785,0.5185,0.87171",paper_formula,Full Bernoulli event probability uses selected probabilities and non-selected complement probabilities.
33,20,5,max_depth_reached,bernoulli_full_event,16,0,16,NaN,NaN,1,terminal_stage_probability_one,1,0,,"","",,Terminal recording stage excluded from Bernoulli complement product.
33,21,1,continue,bernoulli_full_event,45,2,43,0.00439361658042961,0.2472471580189,0.00108630921293594,full_event_available,0,1,,"23,36","0.052228,0.0053495",paper_formula,Full Bernoulli event probability uses selected probabilities and non-selected complement probabilities.
33,21,2,continue,bernoulli_full_event,43,5,38,0.471882086631445,0.783197075398407,0.369576670182645,full_event_available,0,1,,"8,10,13,14,18","0.88905,0.481,0.15532,0.072395,0.47328",paper_formula,Full Bernoulli event probability uses selected probabilities and non-selected complement probabilities.
33,21,3,continue,bernoulli_full_event,34,1,33,1,0.809038928367088,0.809038928367088,full_event_available,0,1,,"3","0.92723",paper_formula,Full Bernoulli event probability uses selected probabilities and non-selected complement probabilities.
33,21,4,continue,bernoulli_full_event,33,5,28,0.647777098848359,0.83427580565404,0.540424761025951,full_event_available,0,1,,"4,30,31,40,42","0.030716,0.21917,0.10954,0.33487,0.57762",paper_formula,Full Bernoulli event probability uses selected probabilities and non-selected complement probabilities.
33,21,5,max_depth_reached,bernoulli_full_event,15,0,15,NaN,NaN,1,terminal_stage_probability_one,1,0,,"","",,Terminal recording stage excluded from Bernoulli complement product.
33,22,1,continue,bernoulli_full_event,45,2,43,0.340873432548076,0.500297573881431,0.170538151304438,full_event_available,0,1,,"19,23","0.25425,0.5423",paper_formula,Full Bernoulli event probability uses selected probabilities and non-selected complement probabilities.
33,22,2,continue,bernoulli_full_event,43,4,39,1,0.399094399391175,0.399094399391175,full_event_available,0,1,,"8,10,13,18","0.6667,0.82721,0.19288,0.6192",paper_formula,Full Bernoulli event probability uses selected probabilities and non-selected complement probabilities.
33,22,3,continue,bernoulli_full_event,36,4,32,0.00641863095,0.813719613403138,0.00522296589521142,full_event_available,0,1,,"1,3,12,15","0.004945,0.95565,0.37875,0.1805",paper_formula,Full Bernoulli event probability uses selected probabilities and non-selected complement probabilities.
33,22,4,load_loss_threshold,bernoulli_full_event,27,0,27,NaN,NaN,1,terminal_stage_probability_one,1,0,,"","",,Terminal recording stage excluded from Bernoulli complement product.
33,23,1,continue,bernoulli_full_event,45,2,43,0.340873432548076,0.500297573881431,0.170538151304438,full_event_available,0,1,,"19,23","0.45796,0.11721",paper_formula,Full Bernoulli event probability uses selected probabilities and non-selected complement probabilities.
33,23,2,continue,bernoulli_full_event,43,6,37,4.07923637813765e-05,0.404241651978128,1.64899725230764e-05,full_event_available,0,1,,"3,7,8,10,13,18","0.0044324,0.0057096,0.37182,0.81172,0.3006,0.035617",paper_formula,Full Bernoulli event probability uses selected probabilities and non-selected complement probabilities.
33,23,3,load_loss_threshold,bernoulli_full_event,34,0,34,NaN,NaN,1,terminal_stage_probability_one,1,0,,"","",,Terminal recording stage excluded from Bernoulli complement product.
33,24,1,continue,bernoulli_full_event,45,1,44,0.163878636742749,0.0970498618454552,0.0159043990553053,full_event_available,0,1,,"14","0.16341",paper_formula,Full Bernoulli event probability uses selected probabilities and non-selected complement probabilities.
33,24,2,continue,bernoulli_full_event,44,1,43,1,0.758541782019017,0.758541782019017,full_event_available,0,1,,"3","0.57809",paper_formula,Full Bernoulli event probability uses selected probabilities and non-selected complement probabilities.
33,24,3,continue,bernoulli_full_event,43,7,36,1,0.793764751731366,0.793764751731366,full_event_available,0,1,,"4,16,17,20,31,40,42","0.32295,0.57087,0.70294,0.93708,0.67698,0.60567,0.88796",paper_formula,Full Bernoulli event probability uses selected probabilities and non-selected complement probabilities.
33,24,4,load_loss_threshold,bernoulli_full_event,0,0,0,NaN,NaN,1,terminal_stage_probability_one,1,0,,"","",,Terminal recording stage excluded from Bernoulli complement product.
33,25,1,continue,bernoulli_full_event,45,3,42,0.0022011022197681,0.503549112320806,0.00110836306889158,full_event_available,0,1,,"5,19,23","0.0061643,0.27847,0.12944",paper_formula,Full Bernoulli event probability uses selected probabilities and non-selected complement probabilities.
33,25,2,continue,bernoulli_full_event,42,7,35,1,0.798765997411868,0.798765997411868,full_event_available,0,1,,"6,8,10,13,14,18,20","0.5953,0.3397,0.17602,0.85466,0.41701,0.8251,0.66132",paper_formula,Full Bernoulli event probability uses selected probabilities and non-selected complement probabilities.
33,25,3,continue,bernoulli_full_event,33,2,31,1,0.81955420872055,0.81955420872055,full_event_available,0,1,,"3,25","0.50095,0.56442",paper_formula,Full Bernoulli event probability uses selected probabilities and non-selected complement probabilities.
33,25,4,load_loss_threshold,bernoulli_full_event,29,0,29,NaN,NaN,1,terminal_stage_probability_one,1,0,,"","",,Terminal recording stage excluded from Bernoulli complement product.
33,26,1,continue,bernoulli_full_event,45,1,44,0.509042349720817,0.165279964053939,0.0841345012637895,full_event_available,0,1,,"19","0.13588",paper_formula,Full Bernoulli event probability uses selected probabilities and non-selected complement probabilities.
33,26,2,continue,bernoulli_full_event,44,4,40,0.357395129741853,0.503400660347358,0.179912944316979,full_event_available,0,1,,"8,10,14,18","0.77589,0.8233,0.15143,0.1554",paper_formula,Full Bernoulli event probability uses selected probabilities and non-selected complement probabilities.
33,26,3,continue,bernoulli_full_event,39,2,37,0.935618172083534,0.152693118513775,0.142862456433592,full_event_available,0,1,,"3,17","0.41043,0.083559",paper_formula,Full Bernoulli event probability uses selected probabilities and non-selected complement probabilities.
33,26,4,load_loss_threshold,bernoulli_full_event,0,0,0,NaN,NaN,1,terminal_stage_probability_one,1,0,,"","",,Terminal recording stage excluded from Bernoulli complement product.
33,27,1,no_new_outage,bernoulli_full_event,45,0,45,1,0.0811454627901499,0.0811454627901499,full_event_available,1,1,,"","",paper_formula,Full Bernoulli event probability uses selected probabilities and non-selected complement probabilities.
33,28,1,continue,bernoulli_full_event,45,1,44,0.669636686878857,0.245624921313203,0.164479458523053,full_event_available,0,1,,"23","0.36395",paper_formula,Full Bernoulli event probability uses selected probabilities and non-selected complement probabilities.
33,28,2,continue,bernoulli_full_event,44,4,40,1,0.414633175347512,0.414633175347512,full_event_available,0,1,,"8,10,13,18","0.22625,0.19419,0.46426,0.91372",paper_formula,Full Bernoulli event probability uses selected probabilities and non-selected complement probabilities.
33,28,3,continue,bernoulli_full_event,36,3,33,1,0.808496647507927,0.808496647507927,full_event_available,0,1,,"3,12,15","0.858,0.91885,0.10098",paper_formula,Full Bernoulli event probability uses selected probabilities and non-selected complement probabilities.
33,28,4,continue,bernoulli_full_event,32,5,27,0.759848342081446,0.724588291987945,0.550577212358666,full_event_available,0,1,,"4,30,31,40,42","0.63785,0.094456,0.049404,0.57042,0.045779",paper_formula,Full Bernoulli event probability uses selected probabilities and non-selected complement probabilities.
33,28,5,max_depth_reached,bernoulli_full_event,16,0,16,NaN,NaN,1,terminal_stage_probability_one,1,0,,"","",,Terminal recording stage excluded from Bernoulli complement product.
33,29,1,continue,bernoulli_full_event,45,3,42,0.00097491464223877,0.317475554330318,0.000309511566469498,full_event_available,0,1,,"8,23,42","0.18015,0.59169,0.0051469",paper_formula,Full Bernoulli event probability uses selected probabilities and non-selected complement probabilities.
33,29,2,continue,bernoulli_full_event,42,10,32,0.244717126940946,0.813763400072742,0.199141841275497,full_event_available,0,1,,"1,3,4,6,7,12,13,16,17,18","0.31439,0.27947,0.30774,0.43396,0.98672,0.43088,0.46457,0.23404,0.4673,0.37778",paper_formula,Full Bernoulli event probability uses selected probabilities and non-selected complement probabilities.
33,29,3,load_loss_threshold,bernoulli_full_event,16,0,16,NaN,NaN,1,terminal_stage_probability_one,1,0,,"","",,Terminal recording stage excluded from Bernoulli complement product.
33,30,1,continue,bernoulli_full_event,45,3,42,0.0753986577920724,0.642389287122209,0.0484352900290208,full_event_available,0,1,,"8,19,23","0.13359,0.42663,0.37403",paper_formula,Full Bernoulli event probability uses selected probabilities and non-selected complement probabilities.
33,30,2,continue,bernoulli_full_event,42,3,39,1,0.259827364505204,0.259827364505204,full_event_available,0,1,,"3,13,18","0.27024,0.53973,0.86935",paper_formula,Full Bernoulli event probability uses selected probabilities and non-selected complement probabilities.
33,30,3,continue,bernoulli_full_event,36,5,31,0.798690419836264,0.662925229410297,0.529472029797762,full_event_available,0,1,,"4,30,31,40,42","0.89575,0.13967,0.52297,0.65062,0.42289",paper_formula,Full Bernoulli event probability uses selected probabilities and non-selected complement probabilities.
33,30,4,load_loss_threshold,bernoulli_full_event,16,0,16,NaN,NaN,1,terminal_stage_probability_one,1,0,,"","",,Terminal recording stage excluded from Bernoulli complement product.
34,1,1,no_new_outage,bernoulli_full_event,45,0,45,1,0.524635005549494,0.524635005549494,full_event_available,1,1,,"","",paper_formula,Full Bernoulli event probability uses selected probabilities and non-selected complement probabilities.
34,2,1,continue,bernoulli_full_event,45,1,44,0.232169198290029,0.683269027995652,0.158634022446158,full_event_available,0,1,,"23","0.091168",paper_formula,Full Bernoulli event probability uses selected probabilities and non-selected complement probabilities.
34,2,2,continue,bernoulli_full_event,44,5,39,0.00656119455,0.778217320876064,0.00510603524444763,full_event_available,0,1,,"8,10,13,18,36","0.68894,0.95255,0.92345,0.81615,0.0022635",paper_formula,Full Bernoulli event probability uses selected probabilities and non-selected complement probabilities.
34,2,3,continue,bernoulli_full_event,35,3,32,0.997288295138068,0.813836386370774,0.811629502285035,full_event_available,0,1,,"3,12,15","0.35856,0.67944,0.15373",paper_formula,Full Bernoulli event probability uses selected probabilities and non-selected complement probabilities.
34,2,4,continue,bernoulli_full_event,31,4,27,1,0.285138209436326,0.285138209436326,full_event_available,0,1,,"4,31,40,42","0.56829,0.55718,0.36195,0.30142",paper_formula,Full Bernoulli event probability uses selected probabilities and non-selected complement probabilities.
34,2,5,max_depth_reached,bernoulli_full_event,16,0,16,NaN,NaN,1,terminal_stage_probability_one,1,0,,"","",,Terminal recording stage excluded from Bernoulli complement product.
34,3,1,continue,bernoulli_full_event,45,2,43,0.000621790739013607,0.586304738664761,0.000364558856741541,full_event_available,0,1,,"12,19","0.0024141,0.013404",paper_formula,Full Bernoulli event probability uses selected probabilities and non-selected complement probabilities.
34,3,2,continue,bernoulli_full_event,43,4,39,1,0.527587561985744,0.527587561985744,full_event_available,0,1,,"8,10,11,18","0.60771,0.50417,0.40312,0.0084927",paper_formula,Full Bernoulli event probability uses selected probabilities and non-selected complement probabilities.
34,3,3,continue,bernoulli_full_event,38,5,33,0.006581985075,0.809117952686878,0.00532560228849959,full_event_available,0,1,,"1,13,21,22,42","0.59106,0.71926,0.029882,0.35015,0.0051808",paper_formula,Full Bernoulli event probability uses selected probabilities and non-selected complement probabilities.
34,3,4,load_loss_threshold,bernoulli_full_event,28,0,28,NaN,NaN,1,terminal_stage_probability_one,1,0,,"","",,Terminal recording stage excluded from Bernoulli complement product.
34,4,1,continue,bernoulli_full_event,45,1,44,0.232169198290029,0.683269027995652,0.158634022446158,full_event_available,0,1,,"23","0.11727",paper_formula,Full Bernoulli event probability uses selected probabilities and non-selected complement probabilities.
34,4,2,continue,bernoulli_full_event,44,4,40,1,0.773111285631616,0.773111285631616,full_event_available,0,1,,"8,10,13,18","0.16439,0.8273,0.85103,0.81725",paper_formula,Full Bernoulli event probability uses selected probabilities and non-selected complement probabilities.
34,4,3,continue,bernoulli_full_event,36,3,33,0.997241629226224,0.808496647507927,0.806266513984745,full_event_available,0,1,,"3,12,15","0.019421,0.58368,0.36214",paper_formula,Full Bernoulli event probability uses selected probabilities and non-selected complement probabilities.
34,4,4,continue,bernoulli_full_event,32,5,27,0.640110138913379,0.796594738532564,0.509908368739746,full_event_available,0,1,,"4,30,31,40,42","0.25333,0.34776,0.21159,0.69895,0.64989",paper_formula,Full Bernoulli event probability uses selected probabilities and non-selected complement probabilities.
34,4,5,max_depth_reached,bernoulli_full_event,16,0,16,NaN,NaN,1,terminal_stage_probability_one,1,0,,"","",,Terminal recording stage excluded from Bernoulli complement product.
34,5,1,no_new_outage,bernoulli_full_event,45,0,45,1,0.524635005549494,0.524635005549494,full_event_available,1,1,,"","",paper_formula,Full Bernoulli event probability uses selected probabilities and non-selected complement probabilities.
34,6,1,no_new_outage,bernoulli_full_event,45,0,45,1,0.524635005549494,0.524635005549494,full_event_available,1,1,,"","",paper_formula,Full Bernoulli event probability uses selected probabilities and non-selected complement probabilities.
34,7,1,continue,bernoulli_full_event,45,3,42,0.000149166346549977,0.763745638921383,0.000113925146651381,full_event_available,0,1,,"19,23,28","0.0051149,0.21733,0.00016463",paper_formula,Full Bernoulli event probability uses selected probabilities and non-selected complement probabilities.
34,7,2,continue,bernoulli_full_event,42,5,37,1,0.760616579901932,0.760616579901932,full_event_available,0,1,,"8,10,13,18,38","0.080587,0.27236,0.7645,0.80374,0.4868",paper_formula,Full Bernoulli event probability uses selected probabilities and non-selected complement probabilities.
34,7,3,load_loss_threshold,bernoulli_full_event,30,0,30,NaN,NaN,1,terminal_stage_probability_one,1,0,,"","",,Terminal recording stage excluded from Bernoulli complement product.
34,8,1,continue,bernoulli_full_event,45,1,44,0.006007770575,0.527805942560519,0.00317093701102523,full_event_available,0,1,,"15","0.0017264",paper_formula,Full Bernoulli event probability uses selected probabilities and non-selected complement probabilities.
34,8,2,continue,bernoulli_full_event,44,1,43,1,0.141692067928797,0.141692067928797,full_event_available,0,1,,"10","0.35561",paper_formula,Full Bernoulli event probability uses selected probabilities and non-selected complement probabilities.
34,8,3,continue,bernoulli_full_event,43,11,32,0.130683943780543,0.54531771660838,0.0712642698197836,full_event_available,0,1,,"8,9,13,14,18,19,20,23,24,25,33","0.16508,0.79151,0.83443,0.43265,0.34162,0.56703,0.53409,0.017156,0.32455,0.31397,0.13713",paper_formula,Full Bernoulli event probability uses selected probabilities and non-selected complement probabilities.
34,8,4,continue,bernoulli_full_event,29,10,19,0.609565558465936,0.884445195789061,0.539127329703672,full_event_available,0,1,,"1,2,3,5,6,7,26,27,37,42","0.2178,0.60622,0.35861,0.2262,0.86834,0.44464,0.4953,0.18471,0.60545,0.70545",paper_formula,Full Bernoulli event probability uses selected probabilities and non-selected complement probabilities.
34,8,5,max_depth_reached,bernoulli_full_event,3,0,3,NaN,NaN,1,terminal_stage_probability_one,1,0,,"","",,Terminal recording stage excluded from Bernoulli complement product.
34,9,1,no_new_outage,bernoulli_full_event,45,0,45,1,0.524635005549494,0.524635005549494,full_event_available,1,1,,"","",paper_formula,Full Bernoulli event probability uses selected probabilities and non-selected complement probabilities.
34,10,1,continue,bernoulli_full_event,45,1,44,0.232169198290029,0.683269027995652,0.158634022446158,full_event_available,0,1,,"23","0.00028533",paper_formula,Full Bernoulli event probability uses selected probabilities and non-selected complement probabilities.
34,10,2,continue,bernoulli_full_event,44,5,39,0.00662851625,0.778270061380364,0.00515877574874824,full_event_available,0,1,,"8,10,13,18,30","0.64541,0.72776,0.83483,0.36458,0.0048267",paper_formula,Full Bernoulli event probability uses selected probabilities and non-selected complement probabilities.
34,10,3,continue,bernoulli_full_event,35,3,32,0.997339361195575,0.813891540811936,0.811726069395859,full_event_available,0,1,,"3,12,15","0.26877,0.17158,0.088433",paper_formula,Full Bernoulli event probability uses selected probabilities and non-selected complement probabilities.
34,10,4,load_loss_threshold,bernoulli_full_event,31,0,31,NaN,NaN,1,terminal_stage_probability_one,1,0,,"","",,Terminal recording stage excluded from Bernoulli complement product.
34,11,1,continue,bernoulli_full_event,45,1,44,0.232169198290029,0.683269027995652,0.158634022446158,full_event_available,0,1,,"23","0.1448",paper_formula,Full Bernoulli event probability uses selected probabilities and non-selected complement probabilities.
34,11,2,continue,bernoulli_full_event,44,5,39,0.006663167125,0.778297210014867,0.00518592438325028,full_event_available,0,1,,"8,10,13,18,19","0.87821,0.22733,0.37359,0.78032,0.0014365",paper_formula,Full Bernoulli event probability uses selected probabilities and non-selected complement probabilities.
34,11,3,continue,bernoulli_full_event,36,3,33,0.997241629226224,0.808496647507927,0.806266513984745,full_event_available,0,1,,"3,12,15","0.47806,0.4561,0.85267",paper_formula,Full Bernoulli event probability uses selected probabilities and non-selected complement probabilities.
34,11,4,continue,bernoulli_full_event,32,5,27,0.640110138913379,0.796594738532564,0.509908368739746,full_event_available,0,1,,"4,30,31,40,42","0.043106,0.14299,0.11403,0.79148,0.056234",paper_formula,Full Bernoulli event probability uses selected probabilities and non-selected complement probabilities.
34,11,5,max_depth_reached,bernoulli_full_event,16,0,16,NaN,NaN,1,terminal_stage_probability_one,1,0,,"","",,Terminal recording stage excluded from Bernoulli complement product.
34,12,1,no_new_outage,bernoulli_full_event,45,0,45,1,0.524635005549494,0.524635005549494,full_event_available,1,1,,"","",paper_formula,Full Bernoulli event probability uses selected probabilities and non-selected complement probabilities.
34,13,1,no_new_outage,bernoulli_full_event,45,0,45,1,0.524635005549494,0.524635005549494,full_event_available,1,1,,"","",paper_formula,Full Bernoulli event probability uses selected probabilities and non-selected complement probabilities.
34,14,1,no_new_outage,bernoulli_full_event,45,0,45,1,0.524635005549494,0.524635005549494,full_event_available,1,1,,"","",paper_formula,Full Bernoulli event probability uses selected probabilities and non-selected complement probabilities.
34,15,1,continue,bernoulli_full_event,45,1,44,0.0995601676770959,0.582643044784092,0.0580080392345979,full_event_available,0,1,,"19","0.02848",paper_formula,Full Bernoulli event probability uses selected probabilities and non-selected complement probabilities.
34,15,2,continue,bernoulli_full_event,44,4,40,0.006009750625,0.462626619480491,0.00278027061556452,full_event_available,0,1,,"8,10,18,33","0.17113,0.78134,0.41536,0.0018262",paper_formula,Full Bernoulli event probability uses selected probabilities and non-selected complement probabilities.
34,15,3,continue,bernoulli_full_event,39,6,33,0.00623156788406875,0.100013847884374,0.000623243082438401,full_event_available,0,1,,"3,6,12,13,14,27","0.54539,0.0010946,0.53273,0.52889,0.50971,0.10994",paper_formula,Full Bernoulli event probability uses selected probabilities and non-selected complement probabilities.
34,15,4,load_loss_threshold,bernoulli_full_event,32,0,32,NaN,NaN,1,terminal_stage_probability_one,1,0,,"","",,Terminal recording stage excluded from Bernoulli complement product.
34,16,1,no_new_outage,bernoulli_full_event,45,0,45,1,0.524635005549494,0.524635005549494,full_event_available,1,1,,"","",paper_formula,Full Bernoulli event probability uses selected probabilities and non-selected complement probabilities.
34,17,1,continue,bernoulli_full_event,45,3,42,0.000152141296987945,0.763844586740353,0.000116212306123898,full_event_available,0,1,,"19,23,42","0.06436,0.1239,0.0025677",paper_formula,Full Bernoulli event probability uses selected probabilities and non-selected complement probabilities.
34,17,2,continue,bernoulli_full_event,42,5,37,1,0.229051319050602,0.229051319050602,full_event_available,0,1,,"3,8,10,13,18","0.44513,0.013171,0.16668,0.55651,0.69158",paper_formula,Full Bernoulli event probability uses selected probabilities and non-selected complement probabilities.
34,17,3,load_loss_threshold,bernoulli_full_event,18,0,18,NaN,NaN,1,terminal_stage_probability_one,1,0,,"","",,Terminal recording stage excluded from Bernoulli complement product.
34,18,1,no_new_outage,bernoulli_full_event,45,0,45,1,0.524635005549494,0.524635005549494,full_event_available,1,1,,"","",paper_formula,Full Bernoulli event probability uses selected probabilities and non-selected complement probabilities.
34,19,1,continue,bernoulli_full_event,45,1,44,0.006532483825,0.52808471037827,0.00344970482877586,full_event_available,0,1,,"20","0.0050208",paper_formula,Full Bernoulli event probability uses selected probabilities and non-selected complement probabilities.
34,19,2,continue,bernoulli_full_event,44,2,42,1,0.763267917583511,0.763267917583511,full_event_available,0,1,,"8,14","0.56673,0.30663",paper_formula,Full Bernoulli event probability uses selected probabilities and non-selected complement probabilities.
34,19,3,continue,bernoulli_full_event,42,5,37,0.99749355504015,0.788149858324247,0.786174404084244,full_event_available,0,1,,"1,3,6,16,17","0.73968,0.29179,0.78182,0.38173,0.30887",paper_formula,Full Bernoulli event probability uses selected probabilities and non-selected complement probabilities.
34,19,4,load_loss_threshold,bernoulli_full_event,0,0,0,NaN,NaN,1,terminal_stage_probability_one,1,0,,"","",,Terminal recording stage excluded from Bernoulli complement product.
34,20,1,no_new_outage,bernoulli_full_event,45,0,45,1,0.524635005549494,0.524635005549494,full_event_available,1,1,,"","",paper_formula,Full Bernoulli event probability uses selected probabilities and non-selected complement probabilities.
34,21,1,no_new_outage,bernoulli_full_event,45,0,45,1,0.524635005549494,0.524635005549494,full_event_available,1,1,,"","",paper_formula,Full Bernoulli event probability uses selected probabilities and non-selected complement probabilities.
34,22,1,no_new_outage,bernoulli_full_event,45,0,45,1,0.524635005549494,0.524635005549494,full_event_available,1,1,,"","",paper_formula,Full Bernoulli event probability uses selected probabilities and non-selected complement probabilities.
34,23,1,no_new_outage,bernoulli_full_event,45,0,45,1,0.524635005549494,0.524635005549494,full_event_available,1,1,,"","",paper_formula,Full Bernoulli event probability uses selected probabilities and non-selected complement probabilities.
34,24,1,continue,bernoulli_full_event,45,1,44,0.006407740675,0.52801841059622,0.00338340504672625,full_event_available,0,1,,"21","0.00034981",paper_formula,Full Bernoulli event probability uses selected probabilities and non-selected complement probabilities.
34,24,2,no_new_outage,bernoulli_full_event,44,0,44,1,0.271113390532835,0.271113390532835,full_event_available,1,1,,"","",paper_formula,Full Bernoulli event probability uses selected probabilities and non-selected complement probabilities.
34,25,1,continue,bernoulli_full_event,45,1,44,0.232169198290029,0.683269027995652,0.158634022446158,full_event_available,0,1,,"23","0.11967",paper_formula,Full Bernoulli event probability uses selected probabilities and non-selected complement probabilities.
34,25,2,continue,bernoulli_full_event,44,4,40,1,0.773111285631616,0.773111285631616,full_event_available,0,1,,"8,10,13,18","0.71211,0.74417,0.84024,0.58595",paper_formula,Full Bernoulli event probability uses selected probabilities and non-selected complement probabilities.
34,25,3,continue,bernoulli_full_event,36,3,33,0.997241629226224,0.808496647507927,0.806266513984745,full_event_available,0,1,,"3,12,15","0.52938,0.16676,0.41256",paper_formula,Full Bernoulli event probability uses selected probabilities and non-selected complement probabilities.
34,25,4,continue,bernoulli_full_event,32,5,27,0.0064324913,0.288542416375837,0.00185604658301855,full_event_available,0,1,,"4,31,40,42,45","0.68428,0.58532,0.70136,0.54733,0.003403",paper_formula,Full Bernoulli event probability uses selected probabilities and non-selected complement probabilities.
34,25,5,max_depth_reached,bernoulli_full_event,17,0,17,NaN,NaN,1,terminal_stage_probability_one,1,0,,"","",,Terminal recording stage excluded from Bernoulli complement product.
34,26,1,continue,bernoulli_full_event,45,1,44,0.006425561125,0.528027880974399,0.00339287542490523,full_event_available,0,1,,"39","0.00554",paper_formula,Full Bernoulli event probability uses selected probabilities and non-selected complement probabilities.
34,26,2,continue,bernoulli_full_event,44,8,36,4.1687204242361e-05,0.351058755587403,1.46346580452411e-05,full_event_available,0,1,,"8,10,14,19,23,24,35,45","0.78291,0.28456,0.43803,0.64846,0.55452,0.038281,0.0046612,0.0029349",paper_formula,Full Bernoulli event probability uses selected probabilities and non-selected complement probabilities.
34,26,3,continue,bernoulli_full_event,36,12,24,1,0.813981448471537,0.813981448471537,full_event_available,0,1,,"1,2,3,5,6,7,13,18,26,33,36,42","0.61917,0.8345,0.67442,0.34855,0.72719,0.39125,0.49403,0.56502,0.28007,0.80496,0.10417,0.12728",paper_formula,Full Bernoulli event probability uses selected probabilities and non-selected complement probabilities.
34,26,4,load_loss_threshold,bernoulli_full_event,5,0,5,NaN,NaN,1,terminal_stage_probability_one,1,0,,"","",,Terminal recording stage excluded from Bernoulli complement product.
34,27,1,no_new_outage,bernoulli_full_event,45,0,45,1,0.524635005549494,0.524635005549494,full_event_available,1,1,,"","",paper_formula,Full Bernoulli event probability uses selected probabilities and non-selected complement probabilities.
34,28,1,continue,bernoulli_full_event,45,2,43,0.000649882349689894,0.586471255669556,0.000381137317660114,full_event_available,0,1,,"6,19","0.00045795,0.074384",paper_formula,Full Bernoulli event probability uses selected probabilities and non-selected complement probabilities.
34,28,2,continue,bernoulli_full_event,43,4,39,0.00600395692362015,0.263470644312248,0.00158186639908918,full_event_available,0,1,,"8,10,18,33","0.66797,0.6161,0.43953,0.0022745",paper_formula,Full Bernoulli event probability uses selected probabilities and non-selected complement probabilities.
34,28,3,continue,bernoulli_full_event,38,2,36,0.0064483317,0.507298118914167,0.00327122654154459,full_event_available,0,1,,"3,25","0.50259,0.0021334",paper_formula,Full Bernoulli event probability uses selected probabilities and non-selected complement probabilities.
34,28,4,load_loss_threshold,bernoulli_full_event,0,0,0,NaN,NaN,1,terminal_stage_probability_one,1,0,,"","",,Terminal recording stage excluded from Bernoulli complement product.
34,29,1,continue,bernoulli_full_event,45,1,44,0.232169198290029,0.683269027995652,0.158634022446158,full_event_available,0,1,,"23","0.11422",paper_formula,Full Bernoulli event probability uses selected probabilities and non-selected complement probabilities.
34,29,2,continue,bernoulli_full_event,44,4,40,1,0.773111285631616,0.773111285631616,full_event_available,0,1,,"8,10,13,18","0.10332,0.65665,0.079247,0.47439",paper_formula,Full Bernoulli event probability uses selected probabilities and non-selected complement probabilities.
34,29,3,continue,bernoulli_full_event,36,3,33,0.997241629226224,0.808496647507927,0.806266513984745,full_event_available,0,1,,"3,12,15","0.070414,0.89492,0.13627",paper_formula,Full Bernoulli event probability uses selected probabilities and non-selected complement probabilities.
34,29,4,continue,bernoulli_full_event,32,5,27,0.640110138913379,0.796594738532564,0.509908368739746,full_event_available,0,1,,"4,30,31,40,42","0.86265,0.39344,0.80078,0.19505,0.86987",paper_formula,Full Bernoulli event probability uses selected probabilities and non-selected complement probabilities.
34,29,5,max_depth_reached,bernoulli_full_event,16,0,16,NaN,NaN,1,terminal_stage_probability_one,1,0,,"","",,Terminal recording stage excluded from Bernoulli complement product.
34,30,1,no_new_outage,bernoulli_full_event,45,0,45,1,0.524635005549494,0.524635005549494,full_event_available,1,1,,"","",paper_formula,Full Bernoulli event probability uses selected probabilities and non-selected complement probabilities.
35,1,1,continue,bernoulli_full_event,45,3,42,0.998843745228676,0.764092672337924,0.7632091865398,full_event_available,0,1,,"29,36,38","0.6541,0.62453,0.62739",paper_formula,Full Bernoulli event probability uses selected probabilities and non-selected complement probabilities.
35,1,2,continue,bernoulli_full_event,40,1,39,0.795494743050914,0.12451222951898,0.0990488240278974,full_event_available,0,1,,"23","0.41189",paper_formula,Full Bernoulli event probability uses selected probabilities and non-selected complement probabilities.
35,1,3,continue,bernoulli_full_event,39,5,34,0.00639487035,0.279201841956003,0.00178545958078983,full_event_available,0,1,,"8,10,13,18,22","0.91379,0.92056,0.21866,0.8314,0.0042979",paper_formula,Full Bernoulli event probability uses selected probabilities and non-selected complement probabilities.
35,1,4,continue,bernoulli_full_event,31,5,26,0.312510461436858,0.846040869991751,0.264396622675562,full_event_available,0,1,,"3,12,14,15,27","0.50111,0.23638,0.15676,0.10239,0.97717",paper_formula,Full Bernoulli event probability uses selected probabilities and non-selected complement probabilities.
35,1,5,max_depth_reached,bernoulli_full_event,0,0,0,NaN,NaN,1,terminal_stage_probability_one,1,0,,"","",,Terminal recording stage excluded from Bernoulli complement product.
35,2,1,continue,bernoulli_full_event,45,3,42,0.998843745228676,0.764092672337924,0.7632091865398,full_event_available,0,1,,"29,36,38","0.34756,0.27674,0.12249",paper_formula,Full Bernoulli event probability uses selected probabilities and non-selected complement probabilities.
35,2,2,continue,bernoulli_full_event,40,4,36,0.000998887528574172,0.507096867557967,0.000506532736782682,full_event_available,0,1,,"14,19,22,23","0.23836,0.1309,0.0026699,0.76343",paper_formula,Full Bernoulli event probability uses selected probabilities and non-selected complement probabilities.
35,2,3,continue,bernoulli_full_event,36,3,33,1,0.612406789250323,0.612406789250323,full_event_available,0,1,,"3,13,18","0.41498,0.77524,0.0024112",paper_formula,Full Bernoulli event probability uses selected probabilities and non-selected complement probabilities.
35,2,4,load_loss_threshold,bernoulli_full_event,31,0,31,NaN,NaN,1,terminal_stage_probability_one,1,0,,"","",,Terminal recording stage excluded from Bernoulli complement product.
35,3,1,continue,bernoulli_full_event,45,4,41,0.00640725385622322,0.769025719201788,0.00492734300489049,full_event_available,0,1,,"23,29,36,38","0.0035115,0.81506,0.415,0.90662",paper_formula,Full Bernoulli event probability uses selected probabilities and non-selected complement probabilities.
35,3,2,continue,bernoulli_full_event,39,5,34,0.642997853493736,0.777072029090294,0.499655646715081,full_event_available,0,1,,"8,10,13,14,18","0.62878,0.0013265,0.10692,0.40695,0.91895",paper_formula,Full Bernoulli event probability uses selected probabilities and non-selected complement probabilities.
35,3,3,continue,bernoulli_full_event,30,2,28,1,0.835705950838318,0.835705950838318,full_event_available,0,1,,"3,27","0.082621,0.28903",paper_formula,Full Bernoulli event probability uses selected probabilities and non-selected complement probabilities.
35,3,4,load_loss_threshold,bernoulli_full_event,0,0,0,NaN,NaN,1,terminal_stage_probability_one,1,0,,"","",,Terminal recording stage excluded from Bernoulli complement product.
35,4,1,continue,bernoulli_full_event,45,4,41,0.00635088768032763,0.76898204428904,0.00488371859146842,full_event_available,0,1,,"24,29,36,38","0.0054891,0.41784,0.099034,0.19395",paper_formula,Full Bernoulli event probability uses selected probabilities and non-selected complement probabilities.
35,4,2,continue,bernoulli_full_event,39,3,36,1,0.208935801133847,0.208935801133847,full_event_available,0,1,,"6,7,8","0.59466,0.41292,0.57309",paper_formula,Full Bernoulli event probability uses selected probabilities and non-selected complement probabilities.
35,4,3,continue,bernoulli_full_event,36,5,31,0.006457241925,0.439161444465601,0.00283577169104684,full_event_available,0,1,,"9,27,40,42,43","0.56714,0.90455,0.79639,0.96796,0.0016456",paper_formula,Full Bernoulli event probability uses selected probabilities and non-selected complement probabilities.
35,4,4,load_loss_threshold,bernoulli_full_event,20,0,20,NaN,NaN,1,terminal_stage_probability_one,1,0,,"","",,Terminal recording stage excluded from Bernoulli complement product.
35,5,1,continue,bernoulli_full_event,45,3,42,0.998843745228676,0.764092672337924,0.7632091865398,full_event_available,0,1,,"29,36,38","0.080615,0.79439,0.94531",paper_formula,Full Bernoulli event probability uses selected probabilities and non-selected complement probabilities.
35,5,2,continue,bernoulli_full_event,40,2,38,0.290738195031116,0.196230884802731,0.057051813256905,full_event_available,0,1,,"8,23","0.25292,0.22803",paper_formula,Full Bernoulli event probability uses selected probabilities and non-selected complement probabilities.
35,5,3,continue,bernoulli_full_event,38,9,29,0.329117687016544,0.829810107089948,0.273105183108394,full_event_available,0,1,,"1,3,6,12,13,16,17,18,27","0.33953,0.80908,0.39422,0.07868,0.11911,0.99889,0.1646,0.27596,0.65473",paper_formula,Full Bernoulli event probability uses selected probabilities and non-selected complement probabilities.
35,5,4,load_loss_threshold,bernoulli_full_event,0,0,0,NaN,NaN,1,terminal_stage_probability_one,1,0,,"","",,Terminal recording stage excluded from Bernoulli complement product.
35,6,1,continue,bernoulli_full_event,45,4,41,0.00655360813749598,0.769139143897053,0.00504063655231042,full_event_available,0,1,,"29,31,36,38","0.953,0.0033137,0.24304,0.89069",paper_formula,Full Bernoulli event probability uses selected probabilities and non-selected complement probabilities.
35,6,2,continue,bernoulli_full_event,39,2,37,0.265928020782807,0.166953933966751,0.0443977292216815,full_event_available,0,1,,"14,23","0.018599,0.16454",paper_formula,Full Bernoulli event probability uses selected probabilities and non-selected complement probabilities.
35,6,3,continue,bernoulli_full_event,37,3,34,1,0.211748017855935,0.211748017855935,full_event_available,0,1,,"3,13,18","0.78595,0.51206,0.25849",paper_formula,Full Bernoulli event probability uses selected probabilities and non-selected complement probabilities.
35,6,4,load_loss_threshold,bernoulli_full_event,0,0,0,NaN,NaN,1,terminal_stage_probability_one,1,0,,"","",,Terminal recording stage excluded from Bernoulli complement product.
35,7,1,continue,bernoulli_full_event,45,4,41,0.0063518765606065,0.768982810472826,0.00488448388935165,full_event_available,0,1,,"3,29,36,38","0.0042882,0.55046,0.022582,0.054091",paper_formula,Full Bernoulli event probability uses selected probabilities and non-selected complement probabilities.
35,7,2,continue,bernoulli_full_event,39,4,35,0.517272435279766,0.684152592909136,0.353893277837075,full_event_available,0,1,,"8,14,19,23","0.090234,0.28443,0.32977,0.97873",paper_formula,Full Bernoulli event probability uses selected probabilities and non-selected complement probabilities.
35,7,3,load_loss_threshold,bernoulli_full_event,35,0,35,NaN,NaN,1,terminal_stage_probability_one,1,0,,"","",,Terminal recording stage excluded from Bernoulli complement product.
35,8,1,continue,bernoulli_full_event,45,3,42,0.998843745228676,0.764092672337924,0.7632091865398,full_event_available,0,1,,"29,36,38","0.55327,0.72112,0.84646",paper_formula,Full Bernoulli event probability uses selected probabilities and non-selected complement probabilities.
35,8,2,no_new_outage,bernoulli_full_event,40,0,40,1,0.0254634054910825,0.0254634054910825,full_event_available,1,1,,"","",paper_formula,Full Bernoulli event probability uses selected probabilities and non-selected complement probabilities.
35,9,1,continue,bernoulli_full_event,45,3,42,0.998843745228676,0.764092672337924,0.7632091865398,full_event_available,0,1,,"29,36,38","0.8643,0.43957,0.019248",paper_formula,Full Bernoulli event probability uses selected probabilities and non-selected complement probabilities.
35,9,2,continue,bernoulli_full_event,40,3,37,0.00153790000425995,0.113668970930019,0.0001748115108775,full_event_available,0,1,,"6,8,19","0.0036589,0.13243,0.18967",paper_formula,Full Bernoulli event probability uses selected probabilities and non-selected complement probabilities.
35,9,3,continue,bernoulli_full_event,37,6,31,0.710851862884512,0.819741260564032,0.58271460215524,full_event_available,0,1,,"3,9,18,21,22,27","0.15422,0.35417,0.85902,0.89212,0.58094,0.85019",paper_formula,Full Bernoulli event probability uses selected probabilities and non-selected complement probabilities.
35,9,4,load_loss_threshold,bernoulli_full_event,0,0,0,NaN,NaN,1,terminal_stage_probability_one,1,0,,"","",,Terminal recording stage excluded from Bernoulli complement product.
35,10,1,continue,bernoulli_full_event,45,3,42,0.998843745228676,0.764092672337924,0.7632091865398,full_event_available,0,1,,"29,36,38","0.84254,0.32869,0.41269",paper_formula,Full Bernoulli event probability uses selected probabilities and non-selected complement probabilities.
35,10,2,continue,bernoulli_full_event,40,2,38,0.512804129226813,0.350378891920086,0.179675742570535,full_event_available,0,1,,"19,23","0.17241,0.083342",paper_formula,Full Bernoulli event probability uses selected probabilities and non-selected complement probabilities.
35,10,3,continue,bernoulli_full_event,38,4,34,1,0.25454590038655,0.25454590038655,full_event_available,0,1,,"8,10,13,18","0.91015,0.0090575,0.55523,0.65973",paper_formula,Full Bernoulli event probability uses selected probabilities and non-selected complement probabilities.
35,10,4,continue,bernoulli_full_event,31,5,26,0.312510461436858,0.846040869991751,0.264396622675562,full_event_available,0,1,,"3,12,14,15,27","0.099798,0.16828,0.28561,0.66842,0.6695",paper_formula,Full Bernoulli event probability uses selected probabilities and non-selected complement probabilities.
35,10,5,max_depth_reached,bernoulli_full_event,0,0,0,NaN,NaN,1,terminal_stage_probability_one,1,0,,"","",,Terminal recording stage excluded from Bernoulli complement product.
35,11,1,continue,bernoulli_full_event,45,4,41,0.00646263115183994,0.769068632719574,0.00497020690371647,full_event_available,0,1,,"29,36,38,40","0.91214,0.72131,0.1139,0.0046532",paper_formula,Full Bernoulli event probability uses selected probabilities and non-selected complement probabilities.
35,11,2,continue,bernoulli_full_event,39,5,34,0.212740993014042,0.804358704543412,0.171120069544054,full_event_available,0,1,,"3,8,14,19,23","0.91975,0.21281,0.25748,0.97488,0.46381",paper_formula,Full Bernoulli event probability uses selected probabilities and non-selected complement probabilities.
35,11,3,load_loss_threshold,bernoulli_full_event,0,0,0,NaN,NaN,1,terminal_stage_probability_one,1,0,,"","",,Terminal recording stage excluded from Bernoulli complement product.
35,12,1,continue,bernoulli_full_event,45,3,42,0.998843745228676,0.764092672337924,0.7632091865398,full_event_available,0,1,,"29,36,38","0.30811,0.72888,0.28529",paper_formula,Full Bernoulli event probability uses selected probabilities and non-selected complement probabilities.
35,12,2,continue,bernoulli_full_event,40,4,36,0.0570886302299565,0.794072407154734,0.0453325060278681,full_event_available,0,1,,"8,14,19,23","0.13603,0.29614,0.0699,0.53156",paper_formula,Full Bernoulli event probability uses selected probabilities and non-selected complement probabilities.
35,12,3,continue,bernoulli_full_event,36,7,29,1,0.830366683470569,0.830366683470569,full_event_available,0,1,,"1,2,3,6,13,18,27","0.87764,0.6894,0.50338,0.60401,0.45847,0.059011,0.31265",paper_formula,Full Bernoulli event probability uses selected probabilities and non-selected complement probabilities.
35,12,4,load_loss_threshold,bernoulli_full_event,0,0,0,NaN,NaN,1,terminal_stage_probability_one,1,0,,"","",,Terminal recording stage excluded from Bernoulli complement product.
35,13,1,continue,bernoulli_full_event,45,3,42,0.998843745228676,0.764092672337924,0.7632091865398,full_event_available,0,1,,"29,36,38","0.73407,0.49507,0.36353",paper_formula,Full Bernoulli event probability uses selected probabilities and non-selected complement probabilities.
35,13,2,continue,bernoulli_full_event,40,2,38,0.290738195031116,0.196230884802731,0.057051813256905,full_event_available,0,1,,"8,23","0.25341,0.73332",paper_formula,Full Bernoulli event probability uses selected probabilities and non-selected complement probabilities.
35,13,3,continue,bernoulli_full_event,38,8,30,0.775967199180113,0.477855561334719,0.370800241541543,full_event_available,0,1,,"1,3,12,13,16,17,18,27","0.043357,0.50694,0.66728,0.96834,0.82703,0.81831,0.57877,0.55294",paper_formula,Full Bernoulli event probability uses selected probabilities and non-selected complement probabilities.
35,13,4,load_loss_threshold,bernoulli_full_event,0,0,0,NaN,NaN,1,terminal_stage_probability_one,1,0,,"","",,Terminal recording stage excluded from Bernoulli complement product.
35,14,1,continue,bernoulli_full_event,45,4,41,0.00619860011738164,0.768864070205299,0.0047658809158251,full_event_available,0,1,,"18,29,36,38","0.0002194,0.57513,0.43496,0.11814",paper_formula,Full Bernoulli event probability uses selected probabilities and non-selected complement probabilities.
35,14,2,continue,bernoulli_full_event,39,2,37,1,0.39587448327823,0.39587448327823,full_event_available,0,1,,"19,23","0.81406,0.19019",paper_formula,Full Bernoulli event probability uses selected probabilities and non-selected complement probabilities.
35,14,3,continue,bernoulli_full_event,36,4,32,0.998869823818842,0.172984369581266,0.172788866767053,full_event_available,0,1,,"8,10,14,27","0.87882,0.53873,0.14565,0.81691",paper_formula,Full Bernoulli event probability uses selected probabilities and non-selected complement probabilities.
35,14,4,load_loss_threshold,bernoulli_full_event,29,0,29,NaN,NaN,1,terminal_stage_probability_one,1,0,,"","",,Terminal recording stage excluded from Bernoulli complement product.
35,15,1,continue,bernoulli_full_event,45,3,42,0.998843745228676,0.764092672337924,0.7632091865398,full_event_available,0,1,,"29,36,38","0.40066,0.64746,0.17167",paper_formula,Full Bernoulli event probability uses selected probabilities and non-selected complement probabilities.
35,15,2,continue,bernoulli_full_event,40,1,39,0.795494743050914,0.12451222951898,0.0990488240278974,full_event_available,0,1,,"23","0.76468",paper_formula,Full Bernoulli event probability uses selected probabilities and non-selected complement probabilities.
35,15,3,continue,bernoulli_full_event,39,5,34,0.642997853493736,0.777072029090294,0.499655646715081,full_event_available,0,1,,"8,10,13,14,18","0.24031,0.53161,0.3963,0.41002,0.95774",paper_formula,Full Bernoulli event probability uses selected probabilities and non-selected complement probabilities.
35,15,4,continue,bernoulli_full_event,30,2,28,1,0.835705950838318,0.835705950838318,full_event_available,0,1,,"3,27","0.88444,0.24023",paper_formula,Full Bernoulli event probability uses selected probabilities and non-selected complement probabilities.
35,15,5,max_depth_reached,bernoulli_full_event,0,0,0,NaN,NaN,1,terminal_stage_probability_one,1,0,,"","",,Terminal recording stage excluded from Bernoulli complement product.
35,16,1,continue,bernoulli_full_event,45,3,42,0.998843745228676,0.764092672337924,0.7632091865398,full_event_available,0,1,,"29,36,38","0.88251,0.37643,0.96118",paper_formula,Full Bernoulli event probability uses selected probabilities and non-selected complement probabilities.
35,16,2,continue,bernoulli_full_event,40,4,36,0.0570886302299565,0.794072407154734,0.0453325060278681,full_event_available,0,1,,"8,14,19,23","0.29584,0.1916,0.2346,0.25446",paper_formula,Full Bernoulli event probability uses selected probabilities and non-selected complement probabilities.
35,16,3,continue,bernoulli_full_event,36,7,29,1,0.830366683470569,0.830366683470569,full_event_available,0,1,,"1,2,3,6,13,18,27","0.89902,0.85071,0.86313,0.46119,0.047828,0.59452,0.090078",paper_formula,Full Bernoulli event probability uses selected probabilities and non-selected complement probabilities.
35,16,4,load_loss_threshold,bernoulli_full_event,0,0,0,NaN,NaN,1,terminal_stage_probability_one,1,0,,"","",,Terminal recording stage excluded from Bernoulli complement product.
35,17,1,continue,bernoulli_full_event,45,3,42,0.998843745228676,0.764092672337924,0.7632091865398,full_event_available,0,1,,"29,36,38","0.49077,0.10216,0.28842",paper_formula,Full Bernoulli event probability uses selected probabilities and non-selected complement probabilities.
35,17,2,continue,bernoulli_full_event,40,3,37,0.156201372960465,0.503854048835042,0.078702694199723,full_event_available,0,1,,"14,19,23","0.14099,0.048611,0.11031",paper_formula,Full Bernoulli event probability uses selected probabilities and non-selected complement probabilities.
35,17,3,continue,bernoulli_full_event,37,3,34,1,0.608490527231551,0.608490527231551,full_event_available,0,1,,"3,13,18","0.2747,0.27429,0.6454",paper_formula,Full Bernoulli event probability uses selected probabilities and non-selected complement probabilities.
35,17,4,load_loss_threshold,bernoulli_full_event,31,0,31,NaN,NaN,1,terminal_stage_probability_one,1,0,,"","",,Terminal recording stage excluded from Bernoulli complement product.
35,18,1,continue,bernoulli_full_event,45,4,41,0.00635088768032763,0.76898204428904,0.00488371859146842,full_event_available,0,1,,"24,29,36,38","0.0048028,0.27983,0.80339,0.98667",paper_formula,Full Bernoulli event probability uses selected probabilities and non-selected complement probabilities.
35,18,2,continue,bernoulli_full_event,39,4,35,0.502011178909925,0.419559219575444,0.210623418441597,full_event_available,0,1,,"6,7,8,14","0.8675,0.22467,0.99482,0.43227",paper_formula,Full Bernoulli event probability uses selected probabilities and non-selected complement probabilities.
35,18,3,continue,bernoulli_full_event,35,8,27,0.419906359191534,0.286972056984568,0.120501391638095,full_event_available,0,1,,"4,9,20,23,27,31,40,42","0.51321,0.44561,0.98595,0.39207,0.3619,0.033289,0.23648,0.52526",paper_formula,Full Bernoulli event probability uses selected probabilities and non-selected complement probabilities.
35,18,4,load_loss_threshold,bernoulli_full_event,15,0,15,NaN,NaN,1,terminal_stage_probability_one,1,0,,"","",,Terminal recording stage excluded from Bernoulli complement product.
35,19,1,continue,bernoulli_full_event,45,3,42,0.998843745228676,0.764092672337924,0.7632091865398,full_event_available,0,1,,"29,36,38","0.11472,0.90543,0.24197",paper_formula,Full Bernoulli event probability uses selected probabilities and non-selected complement probabilities.
35,19,2,continue,bernoulli_full_event,40,3,37,0.0717649371396319,0.162391981661358,0.0116540503559076,full_event_available,0,1,,"8,14,19","0.25683,0.18414,0.32843",paper_formula,Full Bernoulli event probability uses selected probabilities and non-selected complement probabilities.
35,19,3,continue,bernoulli_full_event,37,3,34,1,0.116110759558913,0.116110759558913,full_event_available,0,1,,"1,3,18","0.96592,0.98373,0.49841",paper_formula,Full Bernoulli event probability uses selected probabilities and non-selected complement probabilities.
35,19,4,load_loss_threshold,bernoulli_full_event,33,0,33,NaN,NaN,1,terminal_stage_probability_one,1,0,,"","",,Terminal recording stage excluded from Bernoulli complement product.
35,20,1,continue,bernoulli_full_event,45,3,42,0.998843745228676,0.764092672337924,0.7632091865398,full_event_available,0,1,,"29,36,38","0.81843,0.23818,0.23691",paper_formula,Full Bernoulli event probability uses selected probabilities and non-selected complement probabilities.
35,20,2,continue,bernoulli_full_event,40,3,37,0.156201372960465,0.503854048835042,0.078702694199723,full_event_available,0,1,,"14,19,23","0.18987,0.1734,0.42409",paper_formula,Full Bernoulli event probability uses selected probabilities and non-selected complement probabilities.
35,20,3,continue,bernoulli_full_event,37,3,34,1,0.608490527231551,0.608490527231551,full_event_available,0,1,,"3,13,18","0.94225,0.34341,0.76447",paper_formula,Full Bernoulli event probability uses selected probabilities and non-selected complement probabilities.
35,20,4,load_loss_threshold,bernoulli_full_event,31,0,31,NaN,NaN,1,terminal_stage_probability_one,1,0,,"","",,Terminal recording stage excluded from Bernoulli complement product.
35,21,1,continue,bernoulli_full_event,45,4,41,0.00655360813749598,0.769139143897053,0.00504063655231042,full_event_available,0,1,,"10,29,36,38","0.0025512,0.42928,0.93092,0.71775",paper_formula,Full Bernoulli event probability uses selected probabilities and non-selected complement probabilities.
35,21,2,continue,bernoulli_full_event,39,4,35,1,0.327080948740394,0.327080948740394,full_event_available,0,1,,"12,15,19,23","0.41752,0.21691,0.88704,0.60269",paper_formula,Full Bernoulli event probability uses selected probabilities and non-selected complement probabilities.
35,21,3,continue,bernoulli_full_event,29,6,23,0.00639487035,0.862725790863561,0.00551701958017369,full_event_available,0,1,,"1,3,16,17,27,46","0.13718,0.39343,0.53554,0.66528,0.29902,0.0036966",paper_formula,Full Bernoulli event probability uses selected probabilities and non-selected complement probabilities.
35,21,4,load_loss_threshold,bernoulli_full_event,0,0,0,NaN,NaN,1,terminal_stage_probability_one,1,0,,"","",,Terminal recording stage excluded from Bernoulli complement product.
35,22,1,continue,bernoulli_full_event,45,3,42,0.998843745228676,0.764092672337924,0.7632091865398,full_event_available,0,1,,"29,36,38","0.392,0.35709,0.9778",paper_formula,Full Bernoulli event probability uses selected probabilities and non-selected complement probabilities.
35,22,2,continue,bernoulli_full_event,40,2,38,0.242309614851846,0.179051856202927,0.0433859863150394,full_event_available,0,1,,"14,23","0.066627,0.12868",paper_formula,Full Bernoulli event probability uses selected probabilities and non-selected complement probabilities.
35,22,3,continue,bernoulli_full_event,38,3,35,1,0.625632336215768,0.625632336215768,full_event_available,0,1,,"3,13,18","0.68305,0.025813,0.65657",paper_formula,Full Bernoulli event probability uses selected probabilities and non-selected complement probabilities.
35,22,4,load_loss_threshold,bernoulli_full_event,31,0,31,NaN,NaN,1,terminal_stage_probability_one,1,0,,"","",,Terminal recording stage excluded from Bernoulli complement product.
35,23,1,continue,bernoulli_full_event,45,4,41,0.0063518765606065,0.768982810472826,0.00488448388935165,full_event_available,0,1,,"3,29,36,38","0.0018194,0.41926,0.063884,0.89618",paper_formula,Full Bernoulli event probability uses selected probabilities and non-selected complement probabilities.
35,23,2,continue,bernoulli_full_event,39,3,36,1,0.330259315072061,0.330259315072061,full_event_available,0,1,,"8,19,23","0.99223,0.0284,0.28811",paper_formula,Full Bernoulli event probability uses selected probabilities and non-selected complement probabilities.
35,23,3,load_loss_threshold,bernoulli_full_event,36,0,36,NaN,NaN,1,terminal_stage_probability_one,1,0,,"","",,Terminal recording stage excluded from Bernoulli complement product.
35,24,1,continue,bernoulli_full_event,45,3,42,0.998843745228676,0.764092672337924,0.7632091865398,full_event_available,0,1,,"29,36,38","0.8682,0.9365,0.008868",paper_formula,Full Bernoulli event probability uses selected probabilities and non-selected complement probabilities.
35,24,2,continue,bernoulli_full_event,40,3,37,0.156201372960465,0.503854048835042,0.078702694199723,full_event_available,0,1,,"14,19,23","0.12487,0.39498,0.14934",paper_formula,Full Bernoulli event probability uses selected probabilities and non-selected complement probabilities.
35,24,3,continue,bernoulli_full_event,37,4,33,0.248194878608068,0.809372681719644,0.200882154488094,full_event_available,0,1,,"3,13,18,27","0.80162,0.65444,0.047963,0.21604",paper_formula,Full Bernoulli event probability uses selected probabilities and non-selected complement probabilities.
35,24,4,load_loss_threshold,bernoulli_full_event,0,0,0,NaN,NaN,1,terminal_stage_probability_one,1,0,,"","",,Terminal recording stage excluded from Bernoulli complement product.
35,25,1,continue,bernoulli_full_event,45,3,42,0.998843745228676,0.764092672337924,0.7632091865398,full_event_available,0,1,,"29,36,38","0.48187,0.40143,0.23758",paper_formula,Full Bernoulli event probability uses selected probabilities and non-selected complement probabilities.
35,25,2,continue,bernoulli_full_event,40,2,38,0.512804129226813,0.350378891920086,0.179675742570535,full_event_available,0,1,,"19,23","0.155,0.25686",paper_formula,Full Bernoulli event probability uses selected probabilities and non-selected complement probabilities.
35,25,3,continue,bernoulli_full_event,38,4,34,1,0.25454590038655,0.25454590038655,full_event_available,0,1,,"8,10,13,18","0.66899,0.73722,0.27529,0.92696",paper_formula,Full Bernoulli event probability uses selected probabilities and non-selected complement probabilities.
35,25,4,continue,bernoulli_full_event,31,4,27,1,0.581644247316188,0.581644247316188,full_event_available,0,1,,"3,12,15,27","0.56757,0.70207,0.11906,0.61085",paper_formula,Full Bernoulli event probability uses selected probabilities and non-selected complement probabilities.
35,25,5,max_depth_reached,bernoulli_full_event,0,0,0,NaN,NaN,1,terminal_stage_probability_one,1,0,,"","",,Terminal recording stage excluded from Bernoulli complement product.
35,26,1,continue,bernoulli_full_event,45,3,42,0.998843745228676,0.764092672337924,0.7632091865398,full_event_available,0,1,,"29,36,38","0.11153,0.10134,0.53967",paper_formula,Full Bernoulli event probability uses selected probabilities and non-selected complement probabilities.
35,26,2,continue,bernoulli_full_event,40,1,39,0.795494743050914,0.12451222951898,0.0990488240278974,full_event_available,0,1,,"23","0.51936",paper_formula,Full Bernoulli event probability uses selected probabilities and non-selected complement probabilities.
35,26,3,continue,bernoulli_full_event,39,4,35,1,0.277416382375213,0.277416382375213,full_event_available,0,1,,"8,10,13,18","0.11853,0.70095,0.037905,0.41526",paper_formula,Full Bernoulli event probability uses selected probabilities and non-selected complement probabilities.
35,26,4,continue,bernoulli_full_event,31,5,26,0.00656119455,0.585485733117421,0.00384148580123278,full_event_available,0,1,,"2,3,12,15,27","0.0020787,0.68495,0.829,0.54709,0.20389",paper_formula,Full Bernoulli event probability uses selected probabilities and non-selected complement probabilities.
35,26,5,max_depth_reached,bernoulli_full_event,0,0,0,NaN,NaN,1,terminal_stage_probability_one,1,0,,"","",,Terminal recording stage excluded from Bernoulli complement product.
35,27,1,continue,bernoulli_full_event,45,3,42,0.998843745228676,0.764092672337924,0.7632091865398,full_event_available,0,1,,"29,36,38","0.69506,0.78832,0.54083",paper_formula,Full Bernoulli event probability uses selected probabilities and non-selected complement probabilities.
35,27,2,continue,bernoulli_full_event,40,3,37,0.187420153606678,0.552196039242863,0.103492666495896,full_event_available,0,1,,"8,19,23","0.040445,0.4202,0.67702",paper_formula,Full Bernoulli event probability uses selected probabilities and non-selected complement probabilities.
35,27,3,continue,bernoulli_full_event,37,8,29,0.77629459580493,0.481060950847519,0.37344501639571,full_event_available,0,1,,"1,3,12,13,16,17,18,27","0.61979,0.072718,0.49708,0.99499,0.68448,0.22103,0.66333,0.60139",paper_formula,Full Bernoulli event probability uses selected probabilities and non-selected complement probabilities.
35,27,4,load_loss_threshold,bernoulli_full_event,0,0,0,NaN,NaN,1,terminal_stage_probability_one,1,0,,"","",,Terminal recording stage excluded from Bernoulli complement product.
35,28,1,continue,bernoulli_full_event,45,3,42,0.998843745228676,0.764092672337924,0.7632091865398,full_event_available,0,1,,"29,36,38","0.58694,0.85956,0.85908",paper_formula,Full Bernoulli event probability uses selected probabilities and non-selected complement probabilities.
35,28,2,continue,bernoulli_full_event,40,3,37,0.001907589860715,0.197526897204146,0.000376800306325122,full_event_available,0,1,,"2,8,23","0.00040296,0.097387,0.7338",paper_formula,Full Bernoulli event probability uses selected probabilities and non-selected complement probabilities.
35,28,3,load_loss_threshold,bernoulli_full_event,24,0,24,NaN,NaN,1,terminal_stage_probability_one,1,0,,"","",,Terminal recording stage excluded from Bernoulli complement product.
35,29,1,continue,bernoulli_full_event,45,4,41,0.00642999810263723,0.769043343817032,0.00494494724158931,full_event_available,0,1,,"29,36,38,41","0.2537,0.47292,0.80199,0.005445",paper_formula,Full Bernoulli event probability uses selected probabilities and non-selected complement probabilities.
35,29,2,continue,bernoulli_full_event,39,8,31,0.72643969399891,0.331931003027921,0.241127856268354,full_event_available,0,1,,"6,8,10,14,19,20,23,24","0.25902,0.94781,0.48047,0.55831,0.98596,0.24318,0.14649,0.21988",paper_formula,Full Bernoulli event probability uses selected probabilities and non-selected complement probabilities.
35,29,3,load_loss_threshold,bernoulli_full_event,30,0,30,NaN,NaN,1,terminal_stage_probability_one,1,0,,"","",,Terminal recording stage excluded from Bernoulli complement product.
35,30,1,continue,bernoulli_full_event,45,3,42,0.998843745228676,0.764092672337924,0.7632091865398,full_event_available,0,1,,"29,36,38","0.86232,0.48996,0.58918",paper_formula,Full Bernoulli event probability uses selected probabilities and non-selected complement probabilities.
35,30,2,continue,bernoulli_full_event,40,4,36,0.000575182162822314,0.28402990136156,0.00016336893297135,full_event_available,0,1,,"8,14,23,32","0.11802,0.10546,0.63434,0.00033429",paper_formula,Full Bernoulli event probability uses selected probabilities and non-selected complement probabilities.
35,30,3,continue,bernoulli_full_event,35,7,28,1,0.835245633578646,0.835245633578646,full_event_available,0,1,,"1,2,3,6,13,18,27","0.56269,0.022427,0.38569,0.45488,0.58859,0.31038,0.44407",paper_formula,Full Bernoulli event probability uses selected probabilities and non-selected complement probabilities.
35,30,4,load_loss_threshold,bernoulli_full_event,0,0,0,NaN,NaN,1,terminal_stage_probability_one,1,0,,"","",,Terminal recording stage excluded from Bernoulli complement product.
36,1,1,no_new_outage,bernoulli_full_event,45,0,45,1,0.749341439164296,0.749341439164296,full_event_available,1,1,,"","",paper_formula,Full Bernoulli event probability uses selected probabilities and non-selected complement probabilities.
36,2,1,continue,bernoulli_full_event,45,1,44,0.00641467085,0.754179250820208,0.00483781165591122,full_event_available,0,1,,"23","0.0017798",paper_formula,Full Bernoulli event probability uses selected probabilities and non-selected complement probabilities.
36,2,2,continue,bernoulli_full_event,44,2,42,0.997921410822499,0.508974956179767,0.507917006344232,full_event_available,0,1,,"13,18","0.23234,0.64899",paper_formula,Full Bernoulli event probability uses selected probabilities and non-selected complement probabilities.
36,2,3,continue,bernoulli_full_event,38,1,37,0.0065948554,0.27829851646737,0.00183533847413683,full_event_available,0,1,,"9","0.0020894",paper_formula,Full Bernoulli event probability uses selected probabilities and non-selected complement probabilities.
36,2,4,continue,bernoulli_full_event,37,2,35,3.77018441643441e-05,0.262395295092474,9.89278652503353e-06,full_event_available,0,1,,"26,27","0.0036928,0.0022434",paper_formula,Full Bernoulli event probability uses selected probabilities and non-selected complement probabilities.
36,2,5,max_depth_reached,bernoulli_full_event,24,0,24,NaN,NaN,1,terminal_stage_probability_one,1,0,,"","",,Terminal recording stage excluded from Bernoulli complement product.
36,3,1,no_new_outage,bernoulli_full_event,45,0,45,1,0.749341439164296,0.749341439164296,full_event_available,1,1,,"","",paper_formula,Full Bernoulli event probability uses selected probabilities and non-selected complement probabilities.
36,4,1,no_new_outage,bernoulli_full_event,45,0,45,1,0.749341439164296,0.749341439164296,full_event_available,1,1,,"","",paper_formula,Full Bernoulli event probability uses selected probabilities and non-selected complement probabilities.
36,5,1,no_new_outage,bernoulli_full_event,45,0,45,1,0.749341439164296,0.749341439164296,full_event_available,1,1,,"","",paper_formula,Full Bernoulli event probability uses selected probabilities and non-selected complement probabilities.
36,6,1,no_new_outage,bernoulli_full_event,45,0,45,1,0.749341439164296,0.749341439164296,full_event_available,1,1,,"","",paper_formula,Full Bernoulli event probability uses selected probabilities and non-selected complement probabilities.
36,7,1,continue,bernoulli_full_event,45,1,44,0.006579015,0.754304016604095,0.00496257743979859,full_event_available,0,1,,"29","0.0059788",paper_formula,Full Bernoulli event probability uses selected probabilities and non-selected complement probabilities.
36,7,2,no_new_outage,bernoulli_full_event,42,0,42,1,0.764040138288672,0.764040138288672,full_event_available,1,1,,"","",paper_formula,Full Bernoulli event probability uses selected probabilities and non-selected complement probabilities.
36,8,1,no_new_outage,bernoulli_full_event,45,0,45,1,0.749341439164296,0.749341439164296,full_event_available,1,1,,"","",paper_formula,Full Bernoulli event probability uses selected probabilities and non-selected complement probabilities.
36,9,1,no_new_outage,bernoulli_full_event,45,0,45,1,0.749341439164296,0.749341439164296,full_event_available,1,1,,"","",paper_formula,Full Bernoulli event probability uses selected probabilities and non-selected complement probabilities.
36,10,1,no_new_outage,bernoulli_full_event,45,0,45,1,0.749341439164296,0.749341439164296,full_event_available,1,1,,"","",paper_formula,Full Bernoulli event probability uses selected probabilities and non-selected complement probabilities.
36,11,1,continue,bernoulli_full_event,45,1,44,0.00649387285,0.754239373755931,0.00489793459163464,full_event_available,0,1,,"35","0.00079813",paper_formula,Full Bernoulli event probability uses selected probabilities and non-selected complement probabilities.
36,11,2,continue,bernoulli_full_event,43,1,42,0.758798333005044,0.155247287268073,0.117801382782569,full_event_available,0,1,,"23","0.097617",paper_formula,Full Bernoulli event probability uses selected probabilities and non-selected complement probabilities.
36,11,3,continue,bernoulli_full_event,42,5,37,0.581220982864418,0.78869100606573,0.45840376172185,full_event_available,0,1,,"8,10,13,14,18","0.51361,0.5914,0.97553,0.020362,0.037328",paper_formula,Full Bernoulli event probability uses selected probabilities and non-selected complement probabilities.
36,11,4,continue,bernoulli_full_event,33,2,31,1,0.81962853590651,0.81962853590651,full_event_available,0,1,,"3,27","0.30833,0.90921",paper_formula,Full Bernoulli event probability uses selected probabilities and non-selected complement probabilities.
36,11,5,max_depth_reached,bernoulli_full_event,0,0,0,NaN,NaN,1,terminal_stage_probability_one,1,0,,"","",,Terminal recording stage excluded from Bernoulli complement product.
36,12,1,no_new_outage,bernoulli_full_event,45,0,45,1,0.749341439164296,0.749341439164296,full_event_available,1,1,,"","",paper_formula,Full Bernoulli event probability uses selected probabilities and non-selected complement probabilities.
36,13,1,no_new_outage,bernoulli_full_event,45,0,45,1,0.749341439164296,0.749341439164296,full_event_available,1,1,,"","",paper_formula,Full Bernoulli event probability uses selected probabilities and non-selected complement probabilities.
36,14,1,no_new_outage,bernoulli_full_event,45,0,45,1,0.749341439164296,0.749341439164296,full_event_available,1,1,,"","",paper_formula,Full Bernoulli event probability uses selected probabilities and non-selected complement probabilities.
36,15,1,no_new_outage,bernoulli_full_event,45,0,45,1,0.749341439164296,0.749341439164296,full_event_available,1,1,,"","",paper_formula,Full Bernoulli event probability uses selected probabilities and non-selected complement probabilities.
36,16,1,no_new_outage,bernoulli_full_event,45,0,45,1,0.749341439164296,0.749341439164296,full_event_available,1,1,,"","",paper_formula,Full Bernoulli event probability uses selected probabilities and non-selected complement probabilities.
36,17,1,continue,bernoulli_full_event,45,1,44,0.006581985075,0.754306271787179,0.0049648326228821,full_event_available,0,1,,"42","0.00047501",paper_formula,Full Bernoulli event probability uses selected probabilities and non-selected complement probabilities.
36,17,2,continue,bernoulli_full_event,44,2,42,0.006437441425,0.76405231971639,0.00491854205380963,full_event_available,0,1,,"3,41","0.45937,0.003248",paper_formula,Full Bernoulli event probability uses selected probabilities and non-selected complement probabilities.
36,17,3,continue,bernoulli_full_event,42,2,40,0.195082227039213,0.562618859847602,0.109756940153333,full_event_available,0,1,,"8,19","0.66644,0.0054464",paper_formula,Full Bernoulli event probability uses selected probabilities and non-selected complement probabilities.
36,17,4,continue,bernoulli_full_event,40,5,35,0.0966902220194687,0.258599940985199,0.0250040857080803,full_event_available,0,1,,"9,18,21,22,27","0.29129,0.60162,0.45487,0.19432,0.51583",paper_formula,Full Bernoulli event probability uses selected probabilities and non-selected complement probabilities.
36,17,5,max_depth_reached,bernoulli_full_event,17,0,17,NaN,NaN,1,terminal_stage_probability_one,1,0,,"","",,Terminal recording stage excluded from Bernoulli complement product.
36,18,1,no_new_outage,bernoulli_full_event,45,0,45,1,0.749341439164296,0.749341439164296,full_event_available,1,1,,"","",paper_formula,Full Bernoulli event probability uses selected probabilities and non-selected complement probabilities.
36,19,1,no_new_outage,bernoulli_full_event,45,0,45,1,0.749341439164296,0.749341439164296,full_event_available,1,1,,"","",paper_formula,Full Bernoulli event probability uses selected probabilities and non-selected complement probabilities.
36,20,1,no_new_outage,bernoulli_full_event,45,0,45,1,0.749341439164296,0.749341439164296,full_event_available,1,1,,"","",paper_formula,Full Bernoulli event probability uses selected probabilities and non-selected complement probabilities.
36,21,1,continue,bernoulli_full_event,45,1,44,0.006532483825,0.754268687162892,0.00492724799859558,full_event_available,0,1,,"20","0.0050565",paper_formula,Full Bernoulli event probability uses selected probabilities and non-selected complement probabilities.
36,21,2,continue,bernoulli_full_event,44,1,43,0.51337947014231,0.759095196166486,0.389703889595523,full_event_available,0,1,,"14","0.29614",paper_formula,Full Bernoulli event probability uses selected probabilities and non-selected complement probabilities.
36,21,3,continue,bernoulli_full_event,43,2,41,0.997474403649782,0.369771313253392,0.368837420174224,full_event_available,0,1,,"3,6","0.56148,0.66814",paper_formula,Full Bernoulli event probability uses selected probabilities and non-selected complement probabilities.
36,21,4,continue,bernoulli_full_event,41,4,37,0.688956475821897,0.788806536708923,0.543453371636255,full_event_available,0,1,,"24,25,27,42","0.65809,0.57645,0.017824,0.81155",paper_formula,Full Bernoulli event probability uses selected probabilities and non-selected complement probabilities.
36,21,5,max_depth_reached,bernoulli_full_event,0,0,0,NaN,NaN,1,terminal_stage_probability_one,1,0,,"","",,Terminal recording stage excluded from Bernoulli complement product.
36,22,1,no_new_outage,bernoulli_full_event,45,0,45,1,0.749341439164296,0.749341439164296,full_event_available,1,1,,"","",paper_formula,Full Bernoulli event probability uses selected probabilities and non-selected complement probabilities.
36,23,1,no_new_outage,bernoulli_full_event,45,0,45,1,0.749341439164296,0.749341439164296,full_event_available,1,1,,"","",paper_formula,Full Bernoulli event probability uses selected probabilities and non-selected complement probabilities.
36,24,1,no_new_outage,bernoulli_full_event,45,0,45,1,0.749341439164296,0.749341439164296,full_event_available,1,1,,"","",paper_formula,Full Bernoulli event probability uses selected probabilities and non-selected complement probabilities.
36,25,1,continue,bernoulli_full_event,45,2,43,4.22048268604824e-05,0.759173865071027,3.20408015323259e-05,full_event_available,0,1,,"2,45","0.0031007,0.0061118",paper_formula,Full Bernoulli event probability uses selected probabilities and non-selected complement probabilities.
36,25,2,continue,bernoulli_full_event,43,1,42,0.210945710601728,0.764032523193276,0.161169383527837,full_event_available,0,1,,"3","0.13918",paper_formula,Full Bernoulli event probability uses selected probabilities and non-selected complement probabilities.
36,25,3,continue,bernoulli_full_event,42,2,40,1,0.774103227760454,0.774103227760454,full_event_available,0,1,,"40,42","0.76088,0.62408",paper_formula,Full Bernoulli event probability uses selected probabilities and non-selected complement probabilities.
36,25,4,continue,bernoulli_full_event,33,5,28,0.000572159197036249,0.8358824727832,0.00047825784444431,full_event_available,0,1,,"8,14,19,23,37","0.02575,0.78668,0.24733,0.3333,0.0023713",paper_formula,Full Bernoulli event probability uses selected probabilities and non-selected complement probabilities.
36,25,5,max_depth_reached,bernoulli_full_event,0,0,0,NaN,NaN,1,terminal_stage_probability_one,1,0,,"","",,Terminal recording stage excluded from Bernoulli complement product.
36,26,1,continue,bernoulli_full_event,45,1,44,0.00641863095,0.754182256739344,0.004840817575048,full_event_available,0,1,,"1","0.0037041",paper_formula,Full Bernoulli event probability uses selected probabilities and non-selected complement probabilities.
36,26,2,continue,bernoulli_full_event,44,1,43,1,0.759008968927361,0.759008968927361,full_event_available,0,1,,"3","0.3919",paper_formula,Full Bernoulli event probability uses selected probabilities and non-selected complement probabilities.
36,26,3,continue,bernoulli_full_event,43,2,41,1,0.769013458079157,0.769013458079157,full_event_available,0,1,,"40,42","0.64965,0.83911",paper_formula,Full Bernoulli event probability uses selected probabilities and non-selected complement probabilities.
36,26,4,continue,bernoulli_full_event,34,3,31,0.264288671597346,0.411508684485136,0.108757083573348,full_event_available,0,1,,"8,14,19","0.3093,0.22845,0.016284",paper_formula,Full Bernoulli event probability uses selected probabilities and non-selected complement probabilities.
36,26,5,max_depth_reached,bernoulli_full_event,31,0,31,NaN,NaN,1,terminal_stage_probability_one,1,0,,"","",,Terminal recording stage excluded from Bernoulli complement product.
36,27,1,no_new_outage,bernoulli_full_event,45,0,45,1,0.749341439164296,0.749341439164296,full_event_available,1,1,,"","",paper_formula,Full Bernoulli event probability uses selected probabilities and non-selected complement probabilities.
36,28,1,no_new_outage,bernoulli_full_event,45,0,45,1,0.749341439164296,0.749341439164296,full_event_available,1,1,,"","",paper_formula,Full Bernoulli event probability uses selected probabilities and non-selected complement probabilities.
36,29,1,no_new_outage,bernoulli_full_event,45,0,45,1,0.749341439164296,0.749341439164296,full_event_available,1,1,,"","",paper_formula,Full Bernoulli event probability uses selected probabilities and non-selected complement probabilities.
36,30,1,no_new_outage,bernoulli_full_event,45,0,45,1,0.749341439164296,0.749341439164296,full_event_available,1,1,,"","",paper_formula,Full Bernoulli event probability uses selected probabilities and non-selected complement probabilities.
37,1,1,continue,bernoulli_full_event,45,4,41,0.0286493907805939,0.768661892573908,0.0220216949385008,full_event_available,0,1,,"8,14,19,23","0.096143,0.089298,0.042606,0.62225",paper_formula,Full Bernoulli event probability uses selected probabilities and non-selected complement probabilities.
37,1,2,continue,bernoulli_full_event,41,7,34,0.006494862875,0.267827898454213,0.00173950547455954,full_event_available,0,1,,"1,2,3,6,13,18,32","0.47341,0.65015,0.32032,0.27407,0.42172,0.81832,0.0018384",paper_formula,Full Bernoulli event probability uses selected probabilities and non-selected complement probabilities.
37,1,3,load_loss_threshold,bernoulli_full_event,24,0,24,NaN,NaN,1,terminal_stage_probability_one,1,0,,"","",,Terminal recording stage excluded from Bernoulli complement product.
37,2,1,continue,bernoulli_full_event,45,1,44,0.732266967449061,0.181777072210333,0.13310934541923,full_event_available,0,1,,"23","0.71399",paper_formula,Full Bernoulli event probability uses selected probabilities and non-selected complement probabilities.
37,2,2,continue,bernoulli_full_event,44,4,40,1,0.360519982819361,0.360519982819361,full_event_available,0,1,,"8,10,13,18","0.0034952,0.87124,0.66729,0.85513",paper_formula,Full Bernoulli event probability uses selected probabilities and non-selected complement probabilities.
37,2,3,continue,bernoulli_full_event,36,5,31,0.00579427404507035,0.81919017656528,0.0047466123780488,full_event_available,0,1,,"3,12,15,27,30","0.8853,0.22097,0.79984,0.36669,0.0059067",paper_formula,Full Bernoulli event probability uses selected probabilities and non-selected complement probabilities.
37,2,4,load_loss_threshold,bernoulli_full_event,0,0,0,NaN,NaN,1,terminal_stage_probability_one,1,0,,"","",,Terminal recording stage excluded from Bernoulli complement product.
37,3,1,continue,bernoulli_full_event,45,4,41,0.0286493907805939,0.768661892573908,0.0220216949385008,full_event_available,0,1,,"8,14,19,23","0.21891,0.22498,0.020178,0.39261",paper_formula,Full Bernoulli event probability uses selected probabilities and non-selected complement probabilities.
37,3,2,continue,bernoulli_full_event,41,6,35,1,0.266088392979653,0.266088392979653,full_event_available,0,1,,"1,2,3,6,13,18","0.31174,0.23665,0.58871,0.62206,0.016894,0.44531",paper_formula,Full Bernoulli event probability uses selected probabilities and non-selected complement probabilities.
37,3,3,load_loss_threshold,bernoulli_full_event,26,0,26,NaN,NaN,1,terminal_stage_probability_one,1,0,,"","",,Terminal recording stage excluded from Bernoulli complement product.
37,4,1,continue,bernoulli_full_event,45,1,44,0.310806779651361,0.0706155042652396,0.0219477774741361,full_event_available,0,1,,"8","0.15631",paper_formula,Full Bernoulli event probability uses selected probabilities and non-selected complement probabilities.
37,4,2,continue,bernoulli_full_event,44,3,41,1,0.162317618061978,0.162317618061978,full_event_available,0,1,,"9,19,23","0.49811,0.64599,0.086444",paper_formula,Full Bernoulli event probability uses selected probabilities and non-selected complement probabilities.
37,4,3,continue,bernoulli_full_event,41,5,36,0.46355513107516,0.113656301693828,0.0526859618292005,full_event_available,0,1,,"3,6,13,18,27","0.038145,0.037594,0.28315,0.69805,0.14995",paper_formula,Full Bernoulli event probability uses selected probabilities and non-selected complement probabilities.
37,4,4,load_loss_threshold,bernoulli_full_event,30,0,30,NaN,NaN,1,terminal_stage_probability_one,1,0,,"","",,Terminal recording stage excluded from Bernoulli complement product.
37,5,1,continue,bernoulli_full_event,45,3,42,0.0921774962976374,0.529756565102292,0.0488316338183656,full_event_available,0,1,,"14,19,23","0.17926,0.28354,0.11238",paper_formula,Full Bernoulli event probability uses selected probabilities and non-selected complement probabilities.
37,5,2,continue,bernoulli_full_event,42,3,39,1,0.778774939075757,0.778774939075757,full_event_available,0,1,,"3,13,18","0.51145,0.56763,0.7264",paper_formula,Full Bernoulli event probability uses selected probabilities and non-selected complement probabilities.
37,5,3,continue,bernoulli_full_event,36,7,29,0.00568717793909885,0.830103702610804,0.00472094746465243,full_event_available,0,1,,"16,17,27,31,40,42,44","0.64273,0.56388,0.44781,0.99735,0.5273,0.26762,0.004062",paper_formula,Full Bernoulli event probability uses selected probabilities and non-selected complement probabilities.
37,5,4,load_loss_threshold,bernoulli_full_event,0,0,0,NaN,NaN,1,terminal_stage_probability_one,1,0,,"","",,Terminal recording stage excluded from Bernoulli complement product.
37,6,1,continue,bernoulli_full_event,45,2,43,0.407565311915935,0.409943537863021,0.167078765877064,full_event_available,0,1,,"19,23","0.53415,0.2779",paper_formula,Full Bernoulli event probability uses selected probabilities and non-selected complement probabilities.
37,6,2,continue,bernoulli_full_event,43,5,38,0.00641467085,0.34667391751264,0.00222379907312364,full_event_available,0,1,,"7,8,10,13,18","0.0040883,0.025441,0.40389,0.25441,0.18836",paper_formula,Full Bernoulli event probability uses selected probabilities and non-selected complement probabilities.
37,6,3,continue,bernoulli_full_event,35,4,31,0.880836835453466,0.286530524668202,0.25238664060956,full_event_available,0,1,,"3,12,15,27","0.92802,0.45255,0.2805,0.55042",paper_formula,Full Bernoulli event probability uses selected probabilities and non-selected complement probabilities.
37,6,4,load_loss_threshold,bernoulli_full_event,0,0,0,NaN,NaN,1,terminal_stage_probability_one,1,0,,"","",,Terminal recording stage excluded from Bernoulli complement product.
37,7,1,continue,bernoulli_full_event,45,4,41,0.000815456854798189,0.598670462202628,0.000488189932168333,full_event_available,0,1,,"8,19,23,41","0.07691,0.039521,0.20872,0.0040229",paper_formula,Full Bernoulli event probability uses selected probabilities and non-selected complement probabilities.
37,7,2,continue,bernoulli_full_event,41,6,35,0.50614778307594,0.341354431024778,0.17277578850634,full_event_available,0,1,,"1,3,13,17,18,27","0.020691,0.76033,0.34896,0.4962,0.0050431,0.95183",paper_formula,Full Bernoulli event probability uses selected probabilities and non-selected complement probabilities.
37,7,3,load_loss_threshold,bernoulli_full_event,0,0,0,NaN,NaN,1,terminal_stage_probability_one,1,0,,"","",,Terminal recording stage excluded from Bernoulli complement product.
37,8,1,continue,bernoulli_full_event,45,3,42,0.126674062094194,0.594816556169321,0.0753478293708473,full_event_available,0,1,,"8,19,23","0.22876,0.35042,0.61561",paper_formula,Full Bernoulli event probability uses selected probabilities and non-selected complement probabilities.
37,8,2,continue,bernoulli_full_event,42,5,37,0.282967785118946,0.23579797252732,0.0667232300215937,full_event_available,0,1,,"3,13,17,18,27","0.38184,0.020373,0.056582,0.085621,0.30133",paper_formula,Full Bernoulli event probability uses selected probabilities and non-selected complement probabilities.
37,8,3,load_loss_threshold,bernoulli_full_event,0,0,0,NaN,NaN,1,terminal_stage_probability_one,1,0,,"","",,Terminal recording stage excluded from Bernoulli complement product.
37,9,1,continue,bernoulli_full_event,45,2,43,0.00333719394534083,0.110417477647142,0.000368484537863849,full_event_available,0,1,,"19,27","0.10937,0.0052878",paper_formula,Full Bernoulli event probability uses selected probabilities and non-selected complement probabilities.
37,9,2,continue,bernoulli_full_event,40,9,31,0.582951525226065,0.702404050014017,0.409467512280636,full_event_available,0,1,,"3,6,8,10,13,14,18,20,24","0.1676,0.3966,0.64892,0.1801,0.11683,0.59341,0.50598,0.16943,0.51113",paper_formula,Full Bernoulli event probability uses selected probabilities and non-selected complement probabilities.
37,9,3,load_loss_threshold,bernoulli_full_event,27,0,27,NaN,NaN,1,terminal_stage_probability_one,1,0,,"","",,Terminal recording stage excluded from Bernoulli complement product.
37,10,1,continue,bernoulli_full_event,45,3,42,0.0921774962976374,0.529756565102292,0.0488316338183656,full_event_available,0,1,,"14,19,23","0.040418,0.05187,0.51968",paper_formula,Full Bernoulli event probability uses selected probabilities and non-selected complement probabilities.
37,10,2,continue,bernoulli_full_event,42,3,39,1,0.778774939075757,0.778774939075757,full_event_available,0,1,,"3,13,18","0.6445,0.76911,0.088161",paper_formula,Full Bernoulli event probability uses selected probabilities and non-selected complement probabilities.
37,10,3,continue,bernoulli_full_event,36,5,31,1,0.0442879536834565,0.0442879536834565,full_event_available,0,1,,"17,27,31,40,42","0.8239,0.17861,0.34045,0.74191,0.90109",paper_formula,Full Bernoulli event probability uses selected probabilities and non-selected complement probabilities.
37,10,4,load_loss_threshold,bernoulli_full_event,0,0,0,NaN,NaN,1,terminal_stage_probability_one,1,0,,"","",,Terminal recording stage excluded from Bernoulli complement product.
37,11,1,no_new_outage,bernoulli_full_event,45,0,45,1,0.0486677267911035,0.0486677267911035,full_event_available,1,1,,"","",paper_formula,Full Bernoulli event probability uses selected probabilities and non-selected complement probabilities.
37,12,1,continue,bernoulli_full_event,45,3,42,0.00259180133433425,0.412567147014418,0.00106929208213444,full_event_available,0,1,,"3,19,23","0.0052919,0.35224,0.72277",paper_formula,Full Bernoulli event probability uses selected probabilities and non-selected complement probabilities.
37,12,2,continue,bernoulli_full_event,42,5,37,0.908808253739763,0.377714020758789,0.34326961961882,full_event_available,0,1,,"8,10,13,14,18","0.29382,0.00909,0.35502,0.12193,0.10743",paper_formula,Full Bernoulli event probability uses selected probabilities and non-selected complement probabilities.
37,12,3,continue,bernoulli_full_event,34,5,29,1,0.286174863780771,0.286174863780771,full_event_available,0,1,,"4,27,31,40,42","0.94121,0.64671,0.24813,0.34874,0.74285",paper_formula,Full Bernoulli event probability uses selected probabilities and non-selected complement probabilities.
37,12,4,load_loss_threshold,bernoulli_full_event,0,0,0,NaN,NaN,1,terminal_stage_probability_one,1,0,,"","",,Terminal recording stage excluded from Bernoulli complement product.
37,13,1,continue,bernoulli_full_event,45,2,43,0.125879631876266,0.141833331688606,0.017853927580746,full_event_available,0,1,,"14,19","0.16192,0.52544",paper_formula,Full Bernoulli event probability uses selected probabilities and non-selected complement probabilities.
37,13,2,continue,bernoulli_full_event,43,3,40,1,0.773779354175357,0.773779354175357,full_event_available,0,1,,"3,13,18","0.26776,0.4537,0.34615",paper_formula,Full Bernoulli event probability uses selected probabilities and non-selected complement probabilities.
37,13,3,continue,bernoulli_full_event,39,6,33,1,0.809359874860355,0.809359874860355,full_event_available,0,1,,"16,17,27,31,40,42","0.74943,0.59225,0.68596,0.82717,0.029492,0.75962",paper_formula,Full Bernoulli event probability uses selected probabilities and non-selected complement probabilities.
37,13,4,load_loss_threshold,bernoulli_full_event,0,0,0,NaN,NaN,1,terminal_stage_probability_one,1,0,,"","",,Terminal recording stage excluded from Bernoulli complement product.
37,14,1,continue,bernoulli_full_event,45,1,44,0.732266967449061,0.181777072210333,0.13310934541923,full_event_available,0,1,,"23","0.15662",paper_formula,Full Bernoulli event probability uses selected probabilities and non-selected complement probabilities.
37,14,2,continue,bernoulli_full_event,44,5,39,0.53686160822533,0.778428196025616,0.417908213206254,full_event_available,0,1,,"8,10,13,14,18","0.24945,0.80377,0.5546,0.34535,0.16151",paper_formula,Full Bernoulli event probability uses selected probabilities and non-selected complement probabilities.
37,14,3,continue,bernoulli_full_event,35,2,33,1,0.808963152501892,0.808963152501892,full_event_available,0,1,,"3,27","0.26347,0.031964",paper_formula,Full Bernoulli event probability uses selected probabilities and non-selected complement probabilities.
37,14,4,load_loss_threshold,bernoulli_full_event,30,0,30,NaN,NaN,1,terminal_stage_probability_one,1,0,,"","",,Terminal recording stage excluded from Bernoulli complement product.
37,15,1,continue,bernoulli_full_event,45,2,43,0.00439059238883157,0.182873562022418,0.000802923269534145,full_event_available,0,1,,"23,27","0.63797,0.0031371",paper_formula,Full Bernoulli event probability uses selected probabilities and non-selected complement probabilities.
37,15,2,continue,bernoulli_full_event,40,10,30,0.95843441056907,0.824186560311084,0.789928760130703,full_event_available,0,1,,"3,6,7,8,9,10,13,14,18,20","0.53867,0.26477,0.52212,0.40067,0.6438,0.42222,0.27167,0.77153,0.68018,0.7604",paper_formula,Full Bernoulli event probability uses selected probabilities and non-selected complement probabilities.
37,15,3,load_loss_threshold,bernoulli_full_event,27,0,27,NaN,NaN,1,terminal_stage_probability_one,1,0,,"","",,Terminal recording stage excluded from Bernoulli complement product.
37,16,1,continue,bernoulli_full_event,45,1,44,0.006007770575,0.0489618785241979,0.000294151733094401,full_event_available,0,1,,"16","0.0042174",paper_formula,Full Bernoulli event probability uses selected probabilities and non-selected complement probabilities.
37,16,2,continue,bernoulli_full_event,44,5,39,0.00320872007546131,0.778201035480692,0.00249702928529167,full_event_available,0,1,,"8,14,19,23,26","0.89626,0.14572,0.64471,0.37397,0.0018576",paper_formula,Full Bernoulli event probability uses selected probabilities and non-selected complement probabilities.
37,16,3,continue,bernoulli_full_event,30,4,26,0.806513187089393,0.594096952608828,0.479147026688642,full_event_available,0,1,,"1,3,6,27","0.1192,0.76443,0.1545,0.29727",paper_formula,Full Bernoulli event probability uses selected probabilities and non-selected complement probabilities.
37,16,4,load_loss_threshold,bernoulli_full_event,0,0,0,NaN,NaN,1,terminal_stage_probability_one,1,0,,"","",,Terminal recording stage excluded from Bernoulli complement product.
37,17,1,continue,bernoulli_full_event,45,3,42,0.126674062094194,0.594816556169321,0.0753478293708473,full_event_available,0,1,,"8,19,23","0.14355,0.47217,0.34324",paper_formula,Full Bernoulli event probability uses selected probabilities and non-selected complement probabilities.
37,17,2,continue,bernoulli_full_event,42,3,39,1,0.0508426887773834,0.0508426887773834,full_event_available,0,1,,"3,13,18","0.99166,0.020604,0.0044304",paper_formula,Full Bernoulli event probability uses selected probabilities and non-selected complement probabilities.
37,17,3,continue,bernoulli_full_event,36,7,29,0.00534166264647733,0.653721636368981,0.00349196044618623,full_event_available,0,1,,"4,27,30,31,36,40,42","0.98164,0.28931,0.46752,0.19123,0.0031982,0.26308,0.62379",paper_formula,Full Bernoulli event probability uses selected probabilities and non-selected complement probabilities.
37,17,4,load_loss_threshold,bernoulli_full_event,0,0,0,NaN,NaN,1,terminal_stage_probability_one,1,0,,"","",,Terminal recording stage excluded from Bernoulli complement product.
37,18,1,continue,bernoulli_full_event,45,1,44,0.00647011225,0.0489846630596278,0.00031693626852422,full_event_available,0,1,,"40","0.002378",paper_formula,Full Bernoulli event probability uses selected probabilities and non-selected complement probabilities.
37,18,2,continue,bernoulli_full_event,44,4,40,0.00540772690770807,0.284800554748362,0.0015401236232429,full_event_available,0,1,,"3,16,19,23","0.85902,0.0034905,0.27,0.0025345",paper_formula,Full Bernoulli event probability uses selected probabilities and non-selected complement probabilities.
37,18,3,load_loss_threshold,bernoulli_full_event,34,0,34,NaN,NaN,1,terminal_stage_probability_one,1,0,,"","",,Terminal recording stage excluded from Bernoulli complement product.
37,19,1,continue,bernoulli_full_event,45,2,43,0.407565311915935,0.409943537863021,0.167078765877064,full_event_available,0,1,,"19,23","0.50583,0.68146",paper_formula,Full Bernoulli event probability uses selected probabilities and non-selected complement probabilities.
37,19,2,continue,bernoulli_full_event,43,4,39,1,0.344450118439516,0.344450118439516,full_event_available,0,1,,"8,10,13,18","0.37582,0.43217,0.74968,0.75664",paper_formula,Full Bernoulli event probability uses selected probabilities and non-selected complement probabilities.
37,19,3,continue,bernoulli_full_event,36,5,31,0.00573542522215618,0.819134663055029,0.00469808560682821,full_event_available,0,1,,"3,12,15,27,31","0.18596,0.22919,0.41751,0.82127,0.0031137",paper_formula,Full Bernoulli event probability uses selected probabilities and non-selected complement probabilities.
37,19,4,load_loss_threshold,bernoulli_full_event,14,0,14,NaN,NaN,1,terminal_stage_probability_one,1,0,,"","",,Terminal recording stage excluded from Bernoulli complement product.
37,20,1,continue,bernoulli_full_event,45,1,44,0.556580222832852,0.109755426566728,0.061087699775624,full_event_available,0,1,,"19","0.02013",paper_formula,Full Bernoulli event probability uses selected probabilities and non-selected complement probabilities.
37,20,2,continue,bernoulli_full_event,44,5,39,0.138280014208978,0.778622930078221,0.107667989834652,full_event_available,0,1,,"8,10,13,14,18","0.757,0.62421,0.25938,0.008227,0.80832",paper_formula,Full Bernoulli event probability uses selected probabilities and non-selected complement probabilities.
37,20,3,continue,bernoulli_full_event,38,2,36,1,0.793516451276475,0.793516451276475,full_event_available,0,1,,"3,27","0.33653,0.60756",paper_formula,Full Bernoulli event probability uses selected probabilities and non-selected complement probabilities.
37,20,4,load_loss_threshold,bernoulli_full_event,0,0,0,NaN,NaN,1,terminal_stage_probability_one,1,0,,"","",,Terminal recording stage excluded from Bernoulli complement product.
37,21,1,continue,bernoulli_full_event,45,3,42,0.0921774962976374,0.529756565102292,0.0488316338183656,full_event_available,0,1,,"14,19,23","0.1753,0.039423,0.19233",paper_formula,Full Bernoulli event probability uses selected probabilities and non-selected complement probabilities.
37,21,2,continue,bernoulli_full_event,42,3,39,1,0.778774939075757,0.778774939075757,full_event_available,0,1,,"3,13,18","0.28409,0.64143,0.74433",paper_formula,Full Bernoulli event probability uses selected probabilities and non-selected complement probabilities.
37,21,3,continue,bernoulli_full_event,36,6,30,0.946325112965706,0.825114986365223,0.780827032681767,full_event_available,0,1,,"16,17,27,31,40,42","0.086185,0.15293,0.35319,0.57191,0.78138,0.7503",paper_formula,Full Bernoulli event probability uses selected probabilities and non-selected complement probabilities.
37,21,4,load_loss_threshold,bernoulli_full_event,0,0,0,NaN,NaN,1,terminal_stage_probability_one,1,0,,"","",,Terminal recording stage excluded from Bernoulli complement product.
37,22,1,continue,bernoulli_full_event,45,2,43,0.407565311915935,0.409943537863021,0.167078765877064,full_event_available,0,1,,"19,23","0.14388,0.17575",paper_formula,Full Bernoulli event probability uses selected probabilities and non-selected complement probabilities.
37,22,2,continue,bernoulli_full_event,43,5,38,0.006009750625,0.346532693510927,0.00208257507141022,full_event_available,0,1,,"8,10,13,18,34","0.46574,0.61592,0.753,0.31569,0.0031321",paper_formula,Full Bernoulli event probability uses selected probabilities and non-selected complement probabilities.
37,22,3,continue,bernoulli_full_event,35,3,32,1,0.813771508362535,0.813771508362535,full_event_available,0,1,,"3,12,15","0.26184,0.36511,0.26763",paper_formula,Full Bernoulli event probability uses selected probabilities and non-selected complement probabilities.
37,22,4,load_loss_threshold,bernoulli_full_event,31,0,31,NaN,NaN,1,terminal_stage_probability_one,1,0,,"","",,Terminal recording stage excluded from Bernoulli complement product.
37,23,1,continue,bernoulli_full_event,45,2,43,0.0035592583643902,0.110461815555833,0.000393162140962825,full_event_available,0,1,,"19,46","0.13417,0.0026644",paper_formula,Full Bernoulli event probability uses selected probabilities and non-selected complement probabilities.
37,23,2,continue,bernoulli_full_event,43,6,37,0.938019651932628,0.0253357558587058,0.0237654368920332,full_event_available,0,1,,"6,8,10,13,14,18","0.83494,0.44103,0.6435,0.6468,0.57026,0.89457",paper_formula,Full Bernoulli event probability uses selected probabilities and non-selected complement probabilities.
37,23,3,continue,bernoulli_full_event,36,6,30,1,0.824909437008465,0.824909437008465,full_event_available,0,1,,"1,3,7,25,27,40","0.79091,0.48143,0.48503,0.59314,0.77865,0.89565",paper_formula,Full Bernoulli event probability uses selected probabilities and non-selected complement probabilities.
37,23,4,load_loss_threshold,bernoulli_full_event,0,0,0,NaN,NaN,1,terminal_stage_probability_one,1,0,,"","",,Terminal recording stage excluded from Bernoulli complement product.
37,24,1,continue,bernoulli_full_event,45,2,43,0.00468275231842441,0.182946994521218,0.000856695462743014,full_event_available,0,1,,"22,23","0.0044119,0.3977",paper_formula,Full Bernoulli event probability uses selected probabilities and non-selected complement probabilities.
37,24,2,continue,bernoulli_full_event,43,4,39,1,0.349757720063108,0.349757720063108,full_event_available,0,1,,"8,10,13,18","0.96909,0.11602,0.22864,0.58217",paper_formula,Full Bernoulli event probability uses selected probabilities and non-selected complement probabilities.
37,24,3,continue,bernoulli_full_event,36,4,32,0.87414344727153,0.813760161168076,0.711343112535698,full_event_available,0,1,,"3,12,15,27","0.11603,0.20702,0.71487,0.24083",paper_formula,Full Bernoulli event probability uses selected probabilities and non-selected complement probabilities.
37,24,4,load_loss_threshold,bernoulli_full_event,0,0,0,NaN,NaN,1,terminal_stage_probability_one,1,0,,"","",,Terminal recording stage excluded from Bernoulli complement product.
37,25,1,continue,bernoulli_full_event,45,2,43,0.407565311915935,0.409943537863021,0.167078765877064,full_event_available,0,1,,"19,23","0.063289,0.60506",paper_formula,Full Bernoulli event probability uses selected probabilities and non-selected complement probabilities.
37,25,2,continue,bernoulli_full_event,43,5,38,0.560454012995608,0.783649785513966,0.439199667074449,full_event_available,0,1,,"8,10,13,14,18","0.51636,0.48924,0.29699,0.13981,0.38643",paper_formula,Full Bernoulli event probability uses selected probabilities and non-selected complement probabilities.
37,25,3,continue,bernoulli_full_event,35,2,33,1,0.808963152501892,0.808963152501892,full_event_available,0,1,,"3,27","0.51761,0.415",paper_formula,Full Bernoulli event probability uses selected probabilities and non-selected complement probabilities.
37,25,4,load_loss_threshold,bernoulli_full_event,30,0,30,NaN,NaN,1,terminal_stage_probability_one,1,0,,"","",,Terminal recording stage excluded from Bernoulli complement product.
37,26,1,continue,bernoulli_full_event,45,2,43,0.227593537997911,0.263753424791931,0.0600285751074613,full_event_available,0,1,,"8,23","0.16294,0.48025",paper_formula,Full Bernoulli event probability uses selected probabilities and non-selected complement probabilities.
37,26,2,continue,bernoulli_full_event,43,6,37,0.0734516527643045,0.32394552202777,0.0237943339985351,full_event_available,0,1,,"3,12,13,16,17,18","0.40719,0.13113,0.77809,0.32655,0.29133,0.14111",paper_formula,Full Bernoulli event probability uses selected probabilities and non-selected complement probabilities.
37,26,3,continue,bernoulli_full_event,29,6,23,0.814129592678714,0.679004832892999,0.552797928030055,full_event_available,0,1,,"4,27,30,31,40,42","0.13931,0.038296,0.21428,0.097702,0.7814,0.74728",paper_formula,Full Bernoulli event probability uses selected probabilities and non-selected complement probabilities.
37,26,4,load_loss_threshold,bernoulli_full_event,0,0,0,NaN,NaN,1,terminal_stage_probability_one,1,0,,"","",,Terminal recording stage excluded from Bernoulli complement product.
37,27,1,continue,bernoulli_full_event,45,3,42,0.126674062094194,0.594816556169321,0.0753478293708473,full_event_available,0,1,,"8,19,23","0.17594,0.26798,0.71234",paper_formula,Full Bernoulli event probability uses selected probabilities and non-selected complement probabilities.
37,27,2,continue,bernoulli_full_event,42,5,37,0.334600304847858,0.28611321972429,0.0957335705407495,full_event_available,0,1,,"3,13,16,18,27","0.38676,0.059984,0.026935,0.18321,0.20172",paper_formula,Full Bernoulli event probability uses selected probabilities and non-selected complement probabilities.
37,27,3,load_loss_threshold,bernoulli_full_event,0,0,0,NaN,NaN,1,terminal_stage_probability_one,1,0,,"","",,Terminal recording stage excluded from Bernoulli complement product.
37,28,1,continue,bernoulli_full_event,45,3,42,0.126674062094194,0.594816556169321,0.0753478293708473,full_event_available,0,1,,"8,19,23","0.19914,0.069711,0.26882",paper_formula,Full Bernoulli event probability uses selected probabilities and non-selected complement probabilities.
37,28,2,continue,bernoulli_full_event,42,8,34,0.0010988062648816,0.789721908461363,0.0008677513805316,full_event_available,0,1,,"3,6,12,13,16,17,18,27","0.89982,0.022905,0.1679,0.32648,0.24052,0.071857,0.56693,0.24744",paper_formula,Full Bernoulli event probability uses selected probabilities and non-selected complement probabilities.
37,28,3,load_loss_threshold,bernoulli_full_event,0,0,0,NaN,NaN,1,terminal_stage_probability_one,1,0,,"","",,Terminal recording stage excluded from Bernoulli complement product.
37,29,1,continue,bernoulli_full_event,45,2,43,0.407565311915935,0.409943537863021,0.167078765877064,full_event_available,0,1,,"19,23","0.21127,0.066653",paper_formula,Full Bernoulli event probability uses selected probabilities and non-selected complement probabilities.
37,29,2,continue,bernoulli_full_event,43,4,39,1,0.344450118439516,0.344450118439516,full_event_available,0,1,,"8,10,13,18","0.24218,0.73616,0.4144,0.74992",paper_formula,Full Bernoulli event probability uses selected probabilities and non-selected complement probabilities.
37,29,3,continue,bernoulli_full_event,36,4,32,0.87414344727153,0.813760161168076,0.711343112535698,full_event_available,0,1,,"3,12,15,27","0.19241,0.72297,0.45482,0.8703",paper_formula,Full Bernoulli event probability uses selected probabilities and non-selected complement probabilities.
37,29,4,load_loss_threshold,bernoulli_full_event,0,0,0,NaN,NaN,1,terminal_stage_probability_one,1,0,,"","",,Terminal recording stage excluded from Bernoulli complement product.
37,30,1,continue,bernoulli_full_event,45,2,43,0.165614034628247,0.234904538050492,0.0389034882990265,full_event_available,0,1,,"14,23","0.1783,0.66041",paper_formula,Full Bernoulli event probability uses selected probabilities and non-selected complement probabilities.
37,30,2,continue,bernoulli_full_event,43,3,40,1,0.773585831503934,0.773585831503934,full_event_available,0,1,,"3,13,18","0.91374,0.63139,0.47439",paper_formula,Full Bernoulli event probability uses selected probabilities and non-selected complement probabilities.
37,30,3,continue,bernoulli_full_event,36,6,30,0.946325112965706,0.825114986365223,0.780827032681767,full_event_available,0,1,,"16,17,27,31,40,42","0.19391,0.022445,0.65825,0.49447,0.48364,0.94511",paper_formula,Full Bernoulli event probability uses selected probabilities and non-selected complement probabilities.
37,30,4,load_loss_threshold,bernoulli_full_event,0,0,0,NaN,NaN,1,terminal_stage_probability_one,1,0,,"","",,Terminal recording stage excluded from Bernoulli complement product.
38,1,1,continue,bernoulli_full_event,45,3,42,0.0064324913,0.763897011175991,0.00491376087848557,full_event_available,0,1,,"28,35,45","0.4246,0.91598,0.0015968",paper_formula,Full Bernoulli event probability uses selected probabilities and non-selected complement probabilities.
38,1,2,continue,bernoulli_full_event,39,2,37,0.824678766706814,0.0984032980502741,0.0811511104759831,full_event_available,0,1,,"19,23","0.58744,0.75098",paper_formula,Full Bernoulli event probability uses selected probabilities and non-selected complement probabilities.
38,1,3,continue,bernoulli_full_event,37,6,31,0.00569063481695014,0.819617909815786,0.00466414621419362,full_event_available,0,1,,"8,10,13,14,16,18","0.32189,0.83599,0.69283,0.79668,0.0037341,0.20201",paper_formula,Full Bernoulli event probability uses selected probabilities and non-selected complement probabilities.
38,1,4,continue,bernoulli_full_event,25,5,20,1,0.87923939103331,0.87923939103331,full_event_available,0,1,,"1,2,3,6,27","0.74185,0.41484,0.67491,0.75858,0.61122",paper_formula,Full Bernoulli event probability uses selected probabilities and non-selected complement probabilities.
38,1,5,max_depth_reached,bernoulli_full_event,0,0,0,NaN,NaN,1,terminal_stage_probability_one,1,0,,"","",,Terminal recording stage excluded from Bernoulli complement product.
38,2,1,continue,bernoulli_full_event,45,2,43,1,0.758983250297506,0.758983250297506,full_event_available,0,1,,"28,35","0.50215,0.17915",paper_formula,Full Bernoulli event probability uses selected probabilities and non-selected complement probabilities.
38,2,2,continue,bernoulli_full_event,40,4,36,0.218209274737008,0.793971917421231,0.173252036262038,full_event_available,0,1,,"8,14,19,23","0.32879,0.40306,0.42347,0.094155",paper_formula,Full Bernoulli event probability uses selected probabilities and non-selected complement probabilities.
38,2,3,continue,bernoulli_full_event,36,7,29,0.967725776374083,0.830261600702323,0.803465552133245,full_event_available,0,1,,"1,2,3,6,13,18,27","0.30225,0.39594,0.93662,0.77208,0.90452,0.87929,0.28011",paper_formula,Full Bernoulli event probability uses selected probabilities and non-selected complement probabilities.
38,2,4,load_loss_threshold,bernoulli_full_event,0,0,0,NaN,NaN,1,terminal_stage_probability_one,1,0,,"","",,Terminal recording stage excluded from Bernoulli complement product.
38,3,1,continue,bernoulli_full_event,45,2,43,1,0.758983250297506,0.758983250297506,full_event_available,0,1,,"28,35","0.51093,0.39434",paper_formula,Full Bernoulli event probability uses selected probabilities and non-selected complement probabilities.
38,3,2,continue,bernoulli_full_event,40,2,38,0.730818720030197,0.152435023183507,0.111402368530744,full_event_available,0,1,,"19,23","0.39482,0.62305",paper_formula,Full Bernoulli event probability uses selected probabilities and non-selected complement probabilities.
38,3,3,continue,bernoulli_full_event,38,5,33,0.836178674367239,0.809453322458593,0.676847606135583,full_event_available,0,1,,"8,10,13,14,18","0.43745,0.53428,0.29627,0.14601,0.47209",paper_formula,Full Bernoulli event probability uses selected probabilities and non-selected complement probabilities.
38,3,4,continue,bernoulli_full_event,30,2,28,0.99982682415289,0.835600192386659,0.835455486615497,full_event_available,0,1,,"3,27","0.4041,0.75178",paper_formula,Full Bernoulli event probability uses selected probabilities and non-selected complement probabilities.
38,3,5,max_depth_reached,bernoulli_full_event,0,0,0,NaN,NaN,1,terminal_stage_probability_one,1,0,,"","",,Terminal recording stage excluded from Bernoulli complement product.
38,4,1,continue,bernoulli_full_event,45,2,43,1,0.758983250297506,0.758983250297506,full_event_available,0,1,,"28,35","0.68007,0.45839",paper_formula,Full Bernoulli event probability uses selected probabilities and non-selected complement probabilities.
38,4,2,continue,bernoulli_full_event,40,4,36,0.218209274737008,0.793971917421231,0.173252036262038,full_event_available,0,1,,"8,14,19,23","0.51217,0.20452,0.35581,0.60461",paper_formula,Full Bernoulli event probability uses selected probabilities and non-selected complement probabilities.
38,4,3,continue,bernoulli_full_event,36,8,28,0.00624883945510591,0.835657644277901,0.0052218904585246,full_event_available,0,1,,"1,2,3,6,13,18,27,43","0.4337,0.23957,0.090749,0.35619,0.54893,0.35879,0.76439,0.0019909",paper_formula,Full Bernoulli event probability uses selected probabilities and non-selected complement probabilities.
38,4,4,load_loss_threshold,bernoulli_full_event,0,0,0,NaN,NaN,1,terminal_stage_probability_one,1,0,,"","",,Terminal recording stage excluded from Bernoulli complement product.
38,5,1,continue,bernoulli_full_event,45,2,43,1,0.758983250297506,0.758983250297506,full_event_available,0,1,,"28,35","0.035343,0.59154",paper_formula,Full Bernoulli event probability uses selected probabilities and non-selected complement probabilities.
38,5,2,continue,bernoulli_full_event,40,1,39,0.972267144744565,0.0378550241236686,0.0368051962189559,full_event_available,0,1,,"23","0.45685",paper_formula,Full Bernoulli event probability uses selected probabilities and non-selected complement probabilities.
38,5,3,continue,bernoulli_full_event,39,4,35,1,0.151714537852011,0.151714537852011,full_event_available,0,1,,"8,10,13,18","0.4399,0.037402,0.78978,0.38595",paper_formula,Full Bernoulli event probability uses selected probabilities and non-selected complement probabilities.
38,5,4,continue,bernoulli_full_event,31,5,26,0.776334975060651,0.84593380365776,0.656727998365608,full_event_available,0,1,,"3,12,14,15,27","0.98369,0.15618,0.9449,0.22385,0.5905",paper_formula,Full Bernoulli event probability uses selected probabilities and non-selected complement probabilities.
38,5,5,max_depth_reached,bernoulli_full_event,0,0,0,NaN,NaN,1,terminal_stage_probability_one,1,0,,"","",,Terminal recording stage excluded from Bernoulli complement product.
38,6,1,continue,bernoulli_full_event,45,2,43,1,0.758983250297506,0.758983250297506,full_event_available,0,1,,"28,35","0.62623,0.12848",paper_formula,Full Bernoulli event probability uses selected probabilities and non-selected complement probabilities.
38,6,2,continue,bernoulli_full_event,40,2,38,0.622456010197971,0.105214478854885,0.0654913847230704,full_event_available,0,1,,"8,23","0.52263,0.67445",paper_formula,Full Bernoulli event probability uses selected probabilities and non-selected complement probabilities.
38,6,3,continue,bernoulli_full_event,38,8,30,0.10959929529777,0.228371329878248,0.0250293368208706,full_event_available,0,1,,"1,3,11,12,13,16,17,18","0.05032,0.26542,0.036665,0.9884,0.85341,0.56731,0.80934,0.65033",paper_formula,Full Bernoulli event probability uses selected probabilities and non-selected complement probabilities.
38,6,4,load_loss_threshold,bernoulli_full_event,22,0,22,NaN,NaN,1,terminal_stage_probability_one,1,0,,"","",,Terminal recording stage excluded from Bernoulli complement product.
38,7,1,continue,bernoulli_full_event,45,2,43,1,0.758983250297506,0.758983250297506,full_event_available,0,1,,"28,35","0.93232,0.19585",paper_formula,Full Bernoulli event probability uses selected probabilities and non-selected complement probabilities.
38,7,2,continue,bernoulli_full_event,40,5,35,0.00140362926132511,0.799112199693484,0.00112165726657165,full_event_available,0,1,,"8,14,19,23,45","0.46367,0.13976,0.1798,0.61589,0.0038875",paper_formula,Full Bernoulli event probability uses selected probabilities and non-selected complement probabilities.
38,7,3,continue,bernoulli_full_event,35,7,28,1,0.835636827324045,0.835636827324045,full_event_available,0,1,,"1,2,3,6,13,18,27","0.7057,0.084503,0.41588,0.31645,0.12627,0.16898,0.89884",paper_formula,Full Bernoulli event probability uses selected probabilities and non-selected complement probabilities.
38,7,4,load_loss_threshold,bernoulli_full_event,0,0,0,NaN,NaN,1,terminal_stage_probability_one,1,0,,"","",,Terminal recording stage excluded from Bernoulli complement product.
38,8,1,continue,bernoulli_full_event,45,2,43,1,0.758983250297506,0.758983250297506,full_event_available,0,1,,"28,35","0.77908,0.25277",paper_formula,Full Bernoulli event probability uses selected probabilities and non-selected complement probabilities.
38,8,2,continue,bernoulli_full_event,40,2,38,0.730818720030197,0.152435023183507,0.111402368530744,full_event_available,0,1,,"19,23","0.00056831,0.88114",paper_formula,Full Bernoulli event probability uses selected probabilities and non-selected complement probabilities.
38,8,3,continue,bernoulli_full_event,38,6,32,0.00539940799291506,0.814714128687242,0.00439897397837472,full_event_available,0,1,,"8,10,13,14,18,43","0.4532,0.2612,0.034996,0.81895,0.64873,0.00067972",paper_formula,Full Bernoulli event probability uses selected probabilities and non-selected complement probabilities.
38,8,4,continue,bernoulli_full_event,29,2,27,1,0.841030932584767,0.841030932584767,full_event_available,0,1,,"3,27","0.62546,0.96596",paper_formula,Full Bernoulli event probability uses selected probabilities and non-selected complement probabilities.
38,8,5,max_depth_reached,bernoulli_full_event,0,0,0,NaN,NaN,1,terminal_stage_probability_one,1,0,,"","",,Terminal recording stage excluded from Bernoulli complement product.
38,9,1,continue,bernoulli_full_event,45,3,42,0.006205775575,0.763722742237355,0.0047394919398486,full_event_available,0,1,,"18,28,35","0.0055236,0.35436,0.21518",paper_formula,Full Bernoulli event probability uses selected probabilities and non-selected complement probabilities.
38,9,2,continue,bernoulli_full_event,39,4,35,0.00431696425738256,0.469853248868862,0.00202833968158195,full_event_available,0,1,,"5,14,19,23","0.0033533,0.26095,0.53309,0.35463",paper_formula,Full Bernoulli event probability uses selected probabilities and non-selected complement probabilities.
38,9,3,continue,bernoulli_full_event,34,7,27,4.02106099893372e-05,0.840953026368971,3.38152341626755e-05,full_event_available,0,1,,"1,3,16,17,22,26,27","0.042905,0.10552,0.24084,0.8503,0.0045769,0.0028662,0.17769",paper_formula,Full Bernoulli event probability uses selected probabilities and non-selected complement probabilities.
38,9,4,load_loss_threshold,bernoulli_full_event,0,0,0,NaN,NaN,1,terminal_stage_probability_one,1,0,,"","",,Terminal recording stage excluded from Bernoulli complement product.
38,10,1,continue,bernoulli_full_event,45,4,41,4.20201453717032e-05,0.768919968432496,3.23101288527389e-05,full_event_available,0,1,,"20,28,35,45","0.0021769,0.36049,0.78627,0.0023774",paper_formula,Full Bernoulli event probability uses selected probabilities and non-selected complement probabilities.
38,10,2,continue,bernoulli_full_event,38,2,36,1,0.489098654186329,0.489098654186329,full_event_available,0,1,,"8,14","0.52173,0.99252",paper_formula,Full Bernoulli event probability uses selected probabilities and non-selected complement probabilities.
38,10,3,continue,bernoulli_full_event,36,4,32,0.810358571725978,0.0643712453690711,0.052163790457503,full_event_available,0,1,,"3,16,17,27","0.65135,0.61458,0.96729,0.97879",paper_formula,Full Bernoulli event probability uses selected probabilities and non-selected complement probabilities.
38,10,4,load_loss_threshold,bernoulli_full_event,0,0,0,NaN,NaN,1,terminal_stage_probability_one,1,0,,"","",,Terminal recording stage excluded from Bernoulli complement product.
38,11,1,continue,bernoulli_full_event,45,2,43,1,0.758983250297506,0.758983250297506,full_event_available,0,1,,"28,35","0.97322,0.67228",paper_formula,Full Bernoulli event probability uses selected probabilities and non-selected complement probabilities.
38,11,2,continue,bernoulli_full_event,40,3,37,0.340839681888294,0.285662452683438,0.0973650995000528,full_event_available,0,1,,"14,19,23","0.23016,0.71088,0.31136",paper_formula,Full Bernoulli event probability uses selected probabilities and non-selected complement probabilities.
38,11,3,continue,bernoulli_full_event,37,3,34,1,0.804417960082662,0.804417960082662,full_event_available,0,1,,"3,13,18","0.75507,0.72101,0.50417",paper_formula,Full Bernoulli event probability uses selected probabilities and non-selected complement probabilities.
38,11,4,load_loss_threshold,bernoulli_full_event,31,0,31,NaN,NaN,1,terminal_stage_probability_one,1,0,,"","",,Terminal recording stage excluded from Bernoulli complement product.
38,12,1,continue,bernoulli_full_event,45,3,42,0.006663167125,0.764074405759013,0.00509115546150737,full_event_available,0,1,,"17,28,35","0.0041449,0.083281,0.40073",paper_formula,Full Bernoulli event probability uses selected probabilities and non-selected complement probabilities.
38,12,2,continue,bernoulli_full_event,39,3,36,1,0.325922417009764,0.325922417009764,full_event_available,0,1,,"8,19,23","0.77045,0.24639,0.63161",paper_formula,Full Bernoulli event probability uses selected probabilities and non-selected complement probabilities.
38,12,3,continue,bernoulli_full_event,25,4,21,1,0.0283833584700202,0.0283833584700202,full_event_available,0,1,,"1,2,3,6","0.39686,0.56529,0.79475,0.74042",paper_formula,Full Bernoulli event probability uses selected probabilities and non-selected complement probabilities.
38,12,4,load_loss_threshold,bernoulli_full_event,21,0,21,NaN,NaN,1,terminal_stage_probability_one,1,0,,"","",,Terminal recording stage excluded from Bernoulli complement product.
38,13,1,continue,bernoulli_full_event,45,2,43,1,0.758983250297506,0.758983250297506,full_event_available,0,1,,"28,35","0.14092,0.020835",paper_formula,Full Bernoulli event probability uses selected probabilities and non-selected complement probabilities.
38,13,2,continue,bernoulli_full_event,40,3,37,0.290301414961793,0.197171394472213,0.0572391348052732,full_event_available,0,1,,"8,14,23","0.2017,0.35918,0.74178",paper_formula,Full Bernoulli event probability uses selected probabilities and non-selected complement probabilities.
38,13,3,continue,bernoulli_full_event,37,7,30,0.967725776374083,0.824729428899374,0.798111926880201,full_event_available,0,1,,"1,2,3,6,13,18,27","0.43201,0.63269,0.48804,0.19063,0.62949,0.78111,0.54832",paper_formula,Full Bernoulli event probability uses selected probabilities and non-selected complement probabilities.
38,13,4,load_loss_threshold,bernoulli_full_event,0,0,0,NaN,NaN,1,terminal_stage_probability_one,1,0,,"","",,Terminal recording stage excluded from Bernoulli complement product.
38,14,1,continue,bernoulli_full_event,45,3,42,0.00641863095,0.763886354897332,0.0049031045998267,full_event_available,0,1,,"1,28,35","0.0018228,0.84341,0.49909",paper_formula,Full Bernoulli event probability uses selected probabilities and non-selected complement probabilities.
38,14,2,continue,bernoulli_full_event,39,1,38,0.878249142786702,0.366987669229114,0.322306605913759,full_event_available,0,1,,"3","0.71092",paper_formula,Full Bernoulli event probability uses selected probabilities and non-selected complement probabilities.
38,14,3,continue,bernoulli_full_event,38,3,35,0.961442227884665,0.799354221195337,0.768532903295057,full_event_available,0,1,,"14,40,42","0.24337,0.72027,0.63078",paper_formula,Full Bernoulli event probability uses selected probabilities and non-selected complement probabilities.
38,14,4,load_loss_threshold,bernoulli_full_event,28,0,28,NaN,NaN,1,terminal_stage_probability_one,1,0,,"","",,Terminal recording stage excluded from Bernoulli complement product.
38,15,1,continue,bernoulli_full_event,45,2,43,1,0.758983250297506,0.758983250297506,full_event_available,0,1,,"28,35","0.15684,0.29808",paper_formula,Full Bernoulli event probability uses selected probabilities and non-selected complement probabilities.
38,15,2,continue,bernoulli_full_event,40,3,37,0.467878100280244,0.423678808685717,0.19823003613687,full_event_available,0,1,,"8,19,23","0.57015,0.46006,0.66785",paper_formula,Full Bernoulli event probability uses selected probabilities and non-selected complement probabilities.
38,15,3,continue,bernoulli_full_event,37,8,29,0.523938443143039,0.431156036472714,0.225899222501237,full_event_available,0,1,,"1,3,12,13,16,17,18,27","0.48413,0.23179,0.54288,0.4292,0.97329,0.81491,0.41566,0.45624",paper_formula,Full Bernoulli event probability uses selected probabilities and non-selected complement probabilities.
38,15,4,load_loss_threshold,bernoulli_full_event,0,0,0,NaN,NaN,1,terminal_stage_probability_one,1,0,,"","",,Terminal recording stage excluded from Bernoulli complement product.
38,16,1,continue,bernoulli_full_event,45,2,43,1,0.758983250297506,0.758983250297506,full_event_available,0,1,,"28,35","0.79767,0.075956",paper_formula,Full Bernoulli event probability uses selected probabilities and non-selected complement probabilities.
38,16,2,continue,bernoulli_full_event,40,2,38,0.730818720030197,0.152435023183507,0.111402368530744,full_event_available,0,1,,"19,23","0.494,0.81274",paper_formula,Full Bernoulli event probability uses selected probabilities and non-selected complement probabilities.
38,16,3,continue,bernoulli_full_event,38,7,31,3.50390083878715e-05,0.82003609403312,2.87332515771839e-05,full_event_available,0,1,,"7,8,10,13,14,18,20","0.002443,0.31112,0.093984,0.67162,0.12516,0.13244,0.0040097",paper_formula,Full Bernoulli event probability uses selected probabilities and non-selected complement probabilities.
38,16,4,continue,bernoulli_full_event,29,3,26,0.212072240692043,0.846520589518677,0.179523518211175,full_event_available,0,1,,"3,6,27","0.38396,0.10647,0.55628",paper_formula,Full Bernoulli event probability uses selected probabilities and non-selected complement probabilities.
38,16,5,max_depth_reached,bernoulli_full_event,0,0,0,NaN,NaN,1,terminal_stage_probability_one,1,0,,"","",,Terminal recording stage excluded from Bernoulli complement product.
38,17,1,continue,bernoulli_full_event,45,2,43,1,0.758983250297506,0.758983250297506,full_event_available,0,1,,"28,35","4.2097e-05,0.907",paper_formula,Full Bernoulli event probability uses selected probabilities and non-selected complement probabilities.
38,17,2,continue,bernoulli_full_event,40,3,37,0.340839681888294,0.285662452683438,0.0973650995000528,full_event_available,0,1,,"14,19,23","0.21969,0.53725,0.94924",paper_formula,Full Bernoulli event probability uses selected probabilities and non-selected complement probabilities.
38,17,3,continue,bernoulli_full_event,37,3,34,1,0.804417960082662,0.804417960082662,full_event_available,0,1,,"3,13,18","0.6577,0.81592,0.16735",paper_formula,Full Bernoulli event probability uses selected probabilities and non-selected complement probabilities.
38,17,4,load_loss_threshold,bernoulli_full_event,31,0,31,NaN,NaN,1,terminal_stage_probability_one,1,0,,"","",,Terminal recording stage excluded from Bernoulli complement product.
38,18,1,continue,bernoulli_full_event,45,2,43,1,0.758983250297506,0.758983250297506,full_event_available,0,1,,"28,35","0.88193,0.36717",paper_formula,Full Bernoulli event probability uses selected probabilities and non-selected complement probabilities.
38,18,2,continue,bernoulli_full_event,40,6,34,9.35981365758083e-06,0.804476542680393,7.52975053138335e-06,full_event_available,0,1,,"8,14,17,19,23,41","0.47409,0.16435,0.00285,0.68614,0.45057,0.0047398",paper_formula,Full Bernoulli event probability uses selected probabilities and non-selected complement probabilities.
38,18,3,load_loss_threshold,bernoulli_full_event,24,0,24,NaN,NaN,1,terminal_stage_probability_one,1,0,,"","",,Terminal recording stage excluded from Bernoulli complement product.
38,19,1,continue,bernoulli_full_event,45,3,42,0.006532483825,0.763973897425158,0.00499064712765205,full_event_available,0,1,,"20,28,35","0.0041304,0.088834,0.59196",paper_formula,Full Bernoulli event probability uses selected probabilities and non-selected complement probabilities.
38,19,2,continue,bernoulli_full_event,39,2,37,1,0.660714387514116,0.660714387514116,full_event_available,0,1,,"8,14","0.33978,0.72654",paper_formula,Full Bernoulli event probability uses selected probabilities and non-selected complement probabilities.
38,19,3,continue,bernoulli_full_event,37,6,31,1,0.750637668946917,0.750637668946917,full_event_available,0,1,,"1,3,6,16,17,27","0.99957,0.09126,0.97145,0.43059,0.97576,0.096167",paper_formula,Full Bernoulli event probability uses selected probabilities and non-selected complement probabilities.
38,19,4,load_loss_threshold,bernoulli_full_event,0,0,0,NaN,NaN,1,terminal_stage_probability_one,1,0,,"","",,Terminal recording stage excluded from Bernoulli complement product.
38,20,1,continue,bernoulli_full_event,45,2,43,1,0.758983250297506,0.758983250297506,full_event_available,0,1,,"28,35","0.12949,0.27463",paper_formula,Full Bernoulli event probability uses selected probabilities and non-selected complement probabilities.
38,20,2,continue,bernoulli_full_event,40,3,37,0.00399962914115069,0.105894913091783,0.000423540380301513,full_event_available,0,1,,"4,8,23","0.0058504,0.15546,0.58192",paper_formula,Full Bernoulli event probability uses selected probabilities and non-selected complement probabilities.
38,20,3,continue,bernoulli_full_event,37,7,30,0.996465726459606,0.212128155847036,0.211378436918653,full_event_available,0,1,,"1,3,12,13,16,17,18","0.87454,0.48582,0.82044,0.4275,0.70798,0.76073,0.55414",paper_formula,Full Bernoulli event probability uses selected probabilities and non-selected complement probabilities.
38,20,4,load_loss_threshold,bernoulli_full_event,20,0,20,NaN,NaN,1,terminal_stage_probability_one,1,0,,"","",,Terminal recording stage excluded from Bernoulli complement product.
38,21,1,continue,bernoulli_full_event,45,2,43,1,0.758983250297506,0.758983250297506,full_event_available,0,1,,"28,35","0.78755,0.84551",paper_formula,Full Bernoulli event probability uses selected probabilities and non-selected complement probabilities.
38,21,2,continue,bernoulli_full_event,40,5,35,0.00142544855768448,0.799192630352065,0.00113920798224742,full_event_available,0,1,,"8,14,19,20,23","0.14423,0.33338,0.25044,0.0059314,0.18131",paper_formula,Full Bernoulli event probability uses selected probabilities and non-selected complement probabilities.
38,21,3,load_loss_threshold,bernoulli_full_event,35,0,35,NaN,NaN,1,terminal_stage_probability_one,1,0,,"","",,Terminal recording stage excluded from Bernoulli complement product.
38,22,1,continue,bernoulli_full_event,45,2,43,1,0.758983250297506,0.758983250297506,full_event_available,0,1,,"28,35","0.22195,0.59889",paper_formula,Full Bernoulli event probability uses selected probabilities and non-selected complement probabilities.
38,22,2,continue,bernoulli_full_event,40,4,36,0.218209274737008,0.793971917421231,0.173252036262038,full_event_available,0,1,,"8,14,19,23","0.55838,0.2838,0.58199,0.13394",paper_formula,Full Bernoulli event probability uses selected probabilities and non-selected complement probabilities.
38,22,3,continue,bernoulli_full_event,36,7,29,0.967725776374083,0.830261600702323,0.803465552133245,full_event_available,0,1,,"1,2,3,6,13,18,27","0.96407,0.43776,0.18881,0.30168,0.90868,0.8502,0.10959",paper_formula,Full Bernoulli event probability uses selected probabilities and non-selected complement probabilities.
38,22,4,load_loss_threshold,bernoulli_full_event,0,0,0,NaN,NaN,1,terminal_stage_probability_one,1,0,,"","",,Terminal recording stage excluded from Bernoulli complement product.
38,23,1,continue,bernoulli_full_event,45,2,43,1,0.758983250297506,0.758983250297506,full_event_available,0,1,,"28,35","0.69864,0.66439",paper_formula,Full Bernoulli event probability uses selected probabilities and non-selected complement probabilities.
38,23,2,continue,bernoulli_full_event,40,3,37,0.340839681888294,0.285662452683438,0.0973650995000528,full_event_available,0,1,,"14,19,23","0.32688,0.12201,0.26601",paper_formula,Full Bernoulli event probability uses selected probabilities and non-selected complement probabilities.
38,23,3,continue,bernoulli_full_event,37,3,34,1,0.804417960082662,0.804417960082662,full_event_available,0,1,,"3,13,18","0.025863,0.94584,0.34959",paper_formula,Full Bernoulli event probability uses selected probabilities and non-selected complement probabilities.
38,23,4,load_loss_threshold,bernoulli_full_event,31,0,31,NaN,NaN,1,terminal_stage_probability_one,1,0,,"","",,Terminal recording stage excluded from Bernoulli complement product.
38,24,1,continue,bernoulli_full_event,45,2,43,1,0.758983250297506,0.758983250297506,full_event_available,0,1,,"28,35","0.88054,0.95978",paper_formula,Full Bernoulli event probability uses selected probabilities and non-selected complement probabilities.
38,24,2,continue,bernoulli_full_event,40,4,36,0.218209274737008,0.793971917421231,0.173252036262038,full_event_available,0,1,,"8,14,19,23","0.084571,0.27388,0.38847,0.11018",paper_formula,Full Bernoulli event probability uses selected probabilities and non-selected complement probabilities.
38,24,3,continue,bernoulli_full_event,36,7,29,0.967725776374083,0.830261600702323,0.803465552133245,full_event_available,0,1,,"1,2,3,6,13,18,27","0.99841,0.5367,0.71358,0.93665,0.43083,0.51221,0.52977",paper_formula,Full Bernoulli event probability uses selected probabilities and non-selected complement probabilities.
38,24,4,load_loss_threshold,bernoulli_full_event,0,0,0,NaN,NaN,1,terminal_stage_probability_one,1,0,,"","",,Terminal recording stage excluded from Bernoulli complement product.
38,25,1,continue,bernoulli_full_event,45,2,43,1,0.758983250297506,0.758983250297506,full_event_available,0,1,,"28,35","0.11066,0.28162",paper_formula,Full Bernoulli event probability uses selected probabilities and non-selected complement probabilities.
38,25,2,continue,bernoulli_full_event,40,3,37,0.467878100280244,0.423678808685717,0.19823003613687,full_event_available,0,1,,"8,19,23","0.5538,0.7274,0.75725",paper_formula,Full Bernoulli event probability uses selected probabilities and non-selected complement probabilities.
38,25,3,continue,bernoulli_full_event,37,8,29,0.523938443143039,0.431156036472714,0.225899222501237,full_event_available,0,1,,"1,3,12,13,16,17,18,27","0.79087,0.76695,0.75278,0.92576,0.51152,0.55128,0.87519,0.31777",paper_formula,Full Bernoulli event probability uses selected probabilities and non-selected complement probabilities.
38,25,4,load_loss_threshold,bernoulli_full_event,0,0,0,NaN,NaN,1,terminal_stage_probability_one,1,0,,"","",,Terminal recording stage excluded from Bernoulli complement product.
38,26,1,continue,bernoulli_full_event,45,3,42,0.00662851625,0.764047753245671,0.00506450294816492,full_event_available,0,1,,"28,30,35","0.8385,0.0017581,0.39367",paper_formula,Full Bernoulli event probability uses selected probabilities and non-selected complement probabilities.
38,26,2,continue,bernoulli_full_event,39,3,36,0.442291597548099,0.39445145202622,0.174462562871844,full_event_available,0,1,,"14,19,23","0.41192,0.40508,0.3021",paper_formula,Full Bernoulli event probability uses selected probabilities and non-selected complement probabilities.
38,26,3,continue,bernoulli_full_event,36,3,33,1,0.809785637338779,0.809785637338779,full_event_available,0,1,,"3,13,18","0.27786,0.12402,0.64083",paper_formula,Full Bernoulli event probability uses selected probabilities and non-selected complement probabilities.
38,26,4,load_loss_threshold,bernoulli_full_event,0,0,0,NaN,NaN,1,terminal_stage_probability_one,1,0,,"","",,Terminal recording stage excluded from Bernoulli complement product.
38,27,1,continue,bernoulli_full_event,45,4,41,3.84315760827065e-05,0.768486499905852,2.95341473896646e-05,full_event_available,0,1,,"28,33,35,46","0.46925,0.0050174,0.37946,0.0022842",paper_formula,Full Bernoulli event probability uses selected probabilities and non-selected complement probabilities.
38,27,2,continue,bernoulli_full_event,38,10,28,0.00609130042574956,0.436319426626652,0.00265775270917373,full_event_available,0,1,,"6,7,8,10,14,19,20,23,24,31","0.39176,0.35132,0.96293,0.81544,0.3085,0.74036,0.83507,0.82941,0.2202,0.0018026",paper_formula,Full Bernoulli event probability uses selected probabilities and non-selected complement probabilities.
38,27,3,load_loss_threshold,bernoulli_full_event,20,0,20,NaN,NaN,1,terminal_stage_probability_one,1,0,,"","",,Terminal recording stage excluded from Bernoulli complement product.
38,28,1,continue,bernoulli_full_event,45,2,43,1,0.758983250297506,0.758983250297506,full_event_available,0,1,,"28,35","0.73,0.34241",paper_formula,Full Bernoulli event probability uses selected probabilities and non-selected complement probabilities.
38,28,2,continue,bernoulli_full_event,40,4,36,0.00219244828844122,0.28751187028771,0.000630354907918824,full_event_available,0,1,,"14,19,23,45","0.11214,0.49714,0.70643,0.0051334",paper_formula,Full Bernoulli event probability uses selected probabilities and non-selected complement probabilities.
38,28,3,continue,bernoulli_full_event,36,3,33,1,0.809625871457064,0.809625871457064,full_event_available,0,1,,"3,13,18","0.22725,0.29566,0.53902",paper_formula,Full Bernoulli event probability uses selected probabilities and non-selected complement probabilities.
38,28,4,load_loss_threshold,bernoulli_full_event,30,0,30,NaN,NaN,1,terminal_stage_probability_one,1,0,,"","",,Terminal recording stage excluded from Bernoulli complement product.
38,29,1,continue,bernoulli_full_event,45,2,43,1,0.758983250297506,0.758983250297506,full_event_available,0,1,,"28,35","0.8365,0.40851",paper_formula,Full Bernoulli event probability uses selected probabilities and non-selected complement probabilities.
38,29,2,continue,bernoulli_full_event,40,3,37,0.467878100280244,0.423678808685717,0.19823003613687,full_event_available,0,1,,"8,19,23","0.46278,0.022727,0.097717",paper_formula,Full Bernoulli event probability uses selected probabilities and non-selected complement probabilities.
38,29,3,continue,bernoulli_full_event,37,9,28,0.221816351239137,0.747708388610955,0.165853946552577,full_event_available,0,1,,"1,3,6,12,13,16,17,18,27","0.5282,0.24054,0.28613,0.19842,0.94969,0.10555,0.8338,0.73597,0.13301",paper_formula,Full Bernoulli event probability uses selected probabilities and non-selected complement probabilities.
38,29,4,load_loss_threshold,bernoulli_full_event,0,0,0,NaN,NaN,1,terminal_stage_probability_one,1,0,,"","",,Terminal recording stage excluded from Bernoulli complement product.
38,30,1,continue,bernoulli_full_event,45,2,43,1,0.758983250297506,0.758983250297506,full_event_available,0,1,,"28,35","0.054479,0.70443",paper_formula,Full Bernoulli event probability uses selected probabilities and non-selected complement probabilities.
38,30,2,continue,bernoulli_full_event,40,2,38,0.730818720030197,0.152435023183507,0.111402368530744,full_event_available,0,1,,"19,23","0.48421,0.84323",paper_formula,Full Bernoulli event probability uses selected probabilities and non-selected complement probabilities.
38,30,3,continue,bernoulli_full_event,38,5,33,0.836178674367239,0.809453322458593,0.676847606135583,full_event_available,0,1,,"8,10,13,14,18","0.86529,0.94043,0.47746,0.10649,0.52777",paper_formula,Full Bernoulli event probability uses selected probabilities and non-selected complement probabilities.
38,30,4,continue,bernoulli_full_event,30,2,28,0.99982682415289,0.835600192386659,0.835455486615497,full_event_available,0,1,,"3,27","0.82141,0.36644",paper_formula,Full Bernoulli event probability uses selected probabilities and non-selected complement probabilities.
38,30,5,max_depth_reached,bernoulli_full_event,0,0,0,NaN,NaN,1,terminal_stage_probability_one,1,0,,"","",,Terminal recording stage excluded from Bernoulli complement product.
39,1,1,no_new_outage,bernoulli_full_event,45,0,45,1,0.374855372163011,0.374855372163011,full_event_available,1,1,,"","",paper_formula,Full Bernoulli event probability uses selected probabilities and non-selected complement probabilities.
39,2,1,no_new_outage,bernoulli_full_event,45,0,45,1,0.374855372163011,0.374855372163011,full_event_available,1,1,,"","",paper_formula,Full Bernoulli event probability uses selected probabilities and non-selected complement probabilities.
39,3,1,continue,bernoulli_full_event,45,2,43,0.00136062099704025,0.476051887391393,0.000647726193665369,full_event_available,0,1,,"19,36","0.15127,0.0027578",paper_formula,Full Bernoulli event probability uses selected probabilities and non-selected complement probabilities.
39,3,2,continue,bernoulli_full_event,43,3,40,1,0.306617328447662,0.306617328447662,full_event_available,0,1,,"8,10,18","0.73283,0.89617,0.43376",paper_formula,Full Bernoulli event probability uses selected probabilities and non-selected complement probabilities.
39,3,3,continue,bernoulli_full_event,39,4,35,0.00649387285,0.116298442271599,0.000755227296764826,full_event_available,0,1,,"3,12,14,35","0.99287,0.51789,0.026374,0.0036242",paper_formula,Full Bernoulli event probability uses selected probabilities and non-selected complement probabilities.
39,3,4,load_loss_threshold,bernoulli_full_event,34,0,34,NaN,NaN,1,terminal_stage_probability_one,1,0,,"","",,Terminal recording stage excluded from Bernoulli complement product.
39,4,1,no_new_outage,bernoulli_full_event,45,0,45,1,0.374855372163011,0.374855372163011,full_event_available,1,1,,"","",paper_formula,Full Bernoulli event probability uses selected probabilities and non-selected complement probabilities.
39,5,1,continue,bernoulli_full_event,45,1,44,0.377016332577821,0.601709790746379,0.226854418583368,full_event_available,0,1,,"23","0.34853",paper_formula,Full Bernoulli event probability uses selected probabilities and non-selected complement probabilities.
39,5,2,continue,bernoulli_full_event,44,4,40,1,0.695252661731823,0.695252661731823,full_event_available,0,1,,"8,10,13,18","0.019815,0.04371,0.32673,0.26693",paper_formula,Full Bernoulli event probability uses selected probabilities and non-selected complement probabilities.
39,5,3,continue,bernoulli_full_event,36,4,32,0.629466053628648,0.813713942541966,0.5122053041945,full_event_available,0,1,,"3,12,15,27","0.19408,0.37528,0.79972,0.35737",paper_formula,Full Bernoulli event probability uses selected probabilities and non-selected complement probabilities.
39,5,4,load_loss_threshold,bernoulli_full_event,28,0,28,NaN,NaN,1,terminal_stage_probability_one,1,0,,"","",,Terminal recording stage excluded from Bernoulli complement product.
39,6,1,no_new_outage,bernoulli_full_event,45,0,45,1,0.374855372163011,0.374855372163011,full_event_available,1,1,,"","",paper_formula,Full Bernoulli event probability uses selected probabilities and non-selected complement probabilities.
39,7,1,continue,bernoulli_full_event,45,2,43,3.81988437263199e-05,0.379534198084343,1.44977675214179e-05,full_event_available,0,1,,"16,24","0.0019506,0.0046794",paper_formula,Full Bernoulli event probability uses selected probabilities and non-selected complement probabilities.
39,7,2,continue,bernoulli_full_event,43,7,36,1.74887047481511e-05,0.645997521538496,1.12976599222242e-05,full_event_available,0,1,,"6,7,8,9,14,25,27","0.62815,0.71709,0.80138,0.84954,0.23279,0.0024425,0.0039661",paper_formula,Full Bernoulli event probability uses selected probabilities and non-selected complement probabilities.
39,7,3,load_loss_threshold,bernoulli_full_event,22,0,22,NaN,NaN,1,terminal_stage_probability_one,1,0,,"","",,Terminal recording stage excluded from Bernoulli complement product.
39,8,1,continue,bernoulli_full_event,45,4,41,3.29971583342961e-06,0.76909546296002,2.53779647654806e-06,full_event_available,0,1,,"19,23,36,45","0.039461,0.014623,0.0010832,0.005737",paper_formula,Full Bernoulli event probability uses selected probabilities and non-selected complement probabilities.
39,8,2,continue,bernoulli_full_event,41,6,35,0.00203958946841062,0.550287431158815,0.00112236044919025,full_event_available,0,1,,"2,8,10,13,14,18","0.0053019,0.10136,0.26527,0.40852,0.15993,0.83014",paper_formula,Full Bernoulli event probability uses selected probabilities and non-selected complement probabilities.
39,8,3,load_loss_threshold,bernoulli_full_event,27,0,27,NaN,NaN,1,terminal_stage_probability_one,1,0,,"","",,Terminal recording stage excluded from Bernoulli complement product.
39,9,1,continue,bernoulli_full_event,45,2,43,0.0781833756678488,0.75913453766651,0.0593517007408195,full_event_available,0,1,,"19,23","0.054015,0.14534",paper_formula,Full Bernoulli event probability uses selected probabilities and non-selected complement probabilities.
39,9,2,continue,bernoulli_full_event,43,4,39,1,0.683102313145871,0.683102313145871,full_event_available,0,1,,"8,10,13,18","0.58914,0.34816,0.16155,0.81578",paper_formula,Full Bernoulli event probability uses selected probabilities and non-selected complement probabilities.
39,9,3,continue,bernoulli_full_event,36,4,32,0.00628794765,0.303416505449881,0.00190786710241479,full_event_available,0,1,,"3,12,15,26","0.73624,0.36143,0.74693,0.0020847",paper_formula,Full Bernoulli event probability uses selected probabilities and non-selected complement probabilities.
39,9,4,continue,bernoulli_full_event,31,6,25,1,0.851550518338015,0.851550518338015,full_event_available,0,1,,"7,27,30,31,40,42","0.21108,0.56649,0.41385,0.59787,0.71877,0.15887",paper_formula,Full Bernoulli event probability uses selected probabilities and non-selected complement probabilities.
39,9,5,max_depth_reached,bernoulli_full_event,0,0,0,NaN,NaN,1,terminal_stage_probability_one,1,0,,"","",,Terminal recording stage excluded from Bernoulli complement product.
39,10,1,no_new_outage,bernoulli_full_event,45,0,45,1,0.374855372163011,0.374855372163011,full_event_available,1,1,,"","",paper_formula,Full Bernoulli event probability uses selected probabilities and non-selected complement probabilities.
39,11,1,no_new_outage,bernoulli_full_event,45,0,45,1,0.374855372163011,0.374855372163011,full_event_available,1,1,,"","",paper_formula,Full Bernoulli event probability uses selected probabilities and non-selected complement probabilities.
39,12,1,no_new_outage,bernoulli_full_event,45,0,45,1,0.374855372163011,0.374855372163011,full_event_available,1,1,,"","",paper_formula,Full Bernoulli event probability uses selected probabilities and non-selected complement probabilities.
39,13,1,continue,bernoulli_full_event,45,2,43,0.00133249415450431,0.47598690127114,0.000634249763564416,full_event_available,0,1,,"4,19","0.0018756,0.054305",paper_formula,Full Bernoulli event probability uses selected probabilities and non-selected complement probabilities.
39,13,2,continue,bernoulli_full_event,43,4,39,0.0150364240234504,0.454676617502252,0.00683671041431202,full_event_available,0,1,,"8,10,14,18","0.82334,0.9093,0.013409,0.37142",paper_formula,Full Bernoulli event probability uses selected probabilities and non-selected complement probabilities.
39,13,3,continue,bernoulli_full_event,38,2,36,0.120087988119598,0.113297992758458,0.0136057280083519,full_event_available,0,1,,"3,6","0.5966,0.089613",paper_formula,Full Bernoulli event probability uses selected probabilities and non-selected complement probabilities.
39,13,4,continue,bernoulli_full_event,36,4,32,0.00641467085,0.67905182553836,0.0043558939509202,full_event_available,0,1,,"23,25,27,42","0.00097675,0.34281,0.26277,0.25745",paper_formula,Full Bernoulli event probability uses selected probabilities and non-selected complement probabilities.
39,13,5,max_depth_reached,bernoulli_full_event,11,0,11,NaN,NaN,1,terminal_stage_probability_one,1,0,,"","",,Terminal recording stage excluded from Bernoulli complement product.
39,14,1,no_new_outage,bernoulli_full_event,45,0,45,1,0.374855372163011,0.374855372163011,full_event_available,1,1,,"","",paper_formula,Full Bernoulli event probability uses selected probabilities and non-selected complement probabilities.
39,15,1,continue,bernoulli_full_event,45,2,43,0.00248636819678904,0.605704323172859,0.00150600396579462,full_event_available,0,1,,"9,23","0.0031846,0.30215",paper_formula,Full Bernoulli event probability uses selected probabilities and non-selected complement probabilities.
39,15,2,continue,bernoulli_full_event,43,6,37,1,0.572353434528073,0.572353434528073,full_event_available,0,1,,"6,7,8,10,13,18","0.50852,0.21128,0.24808,0.75029,0.25033,0.29387",paper_formula,Full Bernoulli event probability uses selected probabilities and non-selected complement probabilities.
39,15,3,continue,bernoulli_full_event,33,6,27,0.00226837466707805,0.841169241434971,0.00190808699799635,full_event_available,0,1,,"12,14,15,37,40,42","0.74249,0.29285,0.35168,0.006169,0.3953,0.88233",paper_formula,Full Bernoulli event probability uses selected probabilities and non-selected complement probabilities.
39,15,4,load_loss_threshold,bernoulli_full_event,14,0,14,NaN,NaN,1,terminal_stage_probability_one,1,0,,"","",,Terminal recording stage excluded from Bernoulli complement product.
39,16,1,continue,bernoulli_full_event,45,1,44,0.20737397537469,0.472928418342323,0.0980730461793118,full_event_available,0,1,,"19","0.19733",paper_formula,Full Bernoulli event probability uses selected probabilities and non-selected complement probabilities.
39,16,2,continue,bernoulli_full_event,44,3,41,1,0.513908490621299,0.513908490621299,full_event_available,0,1,,"8,10,18","0.33521,0.35108,0.6092",paper_formula,Full Bernoulli event probability uses selected probabilities and non-selected complement probabilities.
39,16,3,continue,bernoulli_full_event,40,5,35,4.18405062493127e-05,0.381416026264679,1.59586396305153e-05,full_event_available,0,1,,"3,12,14,17,26","0.59141,0.85959,0.093833,0.0051633,0.0061494",paper_formula,Full Bernoulli event probability uses selected probabilities and non-selected complement probabilities.
39,16,4,load_loss_threshold,bernoulli_full_event,32,0,32,NaN,NaN,1,terminal_stage_probability_one,1,0,,"","",,Terminal recording stage excluded from Bernoulli complement product.
39,17,1,continue,bernoulli_full_event,45,1,44,0.20737397537469,0.472928418342323,0.0980730461793118,full_event_available,0,1,,"19","0.017398",paper_formula,Full Bernoulli event probability uses selected probabilities and non-selected complement probabilities.
39,17,2,continue,bernoulli_full_event,44,3,41,1,0.513908490621299,0.513908490621299,full_event_available,0,1,,"8,10,18","0.30717,0.58294,0.17623",paper_formula,Full Bernoulli event probability uses selected probabilities and non-selected complement probabilities.
39,17,3,continue,bernoulli_full_event,40,4,36,0.172162063028334,0.454918994631463,0.0783197926265283,full_event_available,0,1,,"3,12,14,15","0.69295,0.06669,0.41408,0.086001",paper_formula,Full Bernoulli event probability uses selected probabilities and non-selected complement probabilities.
39,17,4,continue,bernoulli_full_event,36,7,29,0.417633883462341,0.806591883086909,0.336860100502789,full_event_available,0,1,,"4,25,27,30,31,40,42","0.73436,0.095924,0.94869,0.7649,0.45228,0.87628,0.78328",paper_formula,Full Bernoulli event probability uses selected probabilities and non-selected complement probabilities.
39,17,5,max_depth_reached,bernoulli_full_event,6,0,6,NaN,NaN,1,terminal_stage_probability_one,1,0,,"","",,Terminal recording stage excluded from Bernoulli complement product.
39,18,1,continue,bernoulli_full_event,45,1,44,0.377016332577821,0.601709790746379,0.226854418583368,full_event_available,0,1,,"23","0.1671",paper_formula,Full Bernoulli event probability uses selected probabilities and non-selected complement probabilities.
39,18,2,continue,bernoulli_full_event,44,5,39,0.006532483825,0.699824252340581,0.00457159060875756,full_event_available,0,1,,"8,10,13,18,20","0.58591,0.19018,0.58772,0.93616,0.002712",paper_formula,Full Bernoulli event probability uses selected probabilities and non-selected complement probabilities.
39,18,3,continue,bernoulli_full_event,36,3,33,1,0.301508638347467,0.301508638347467,full_event_available,0,1,,"3,12,15","0.87042,0.037563,0.34842",paper_formula,Full Bernoulli event probability uses selected probabilities and non-selected complement probabilities.
39,18,4,continue,bernoulli_full_event,32,5,27,1,0.285321462969253,0.285321462969253,full_event_available,0,1,,"4,27,31,40,42","0.30832,0.050443,0.28919,0.032418,0.86178",paper_formula,Full Bernoulli event probability uses selected probabilities and non-selected complement probabilities.
39,18,5,max_depth_reached,bernoulli_full_event,13,0,13,NaN,NaN,1,terminal_stage_probability_one,1,0,,"","",,Terminal recording stage excluded from Bernoulli complement product.
39,19,1,continue,bernoulli_full_event,45,1,44,0.00649387285,0.377305546406978,0.00245017424396669,full_event_available,0,1,,"35","0.0012218",paper_formula,Full Bernoulli event probability uses selected probabilities and non-selected complement probabilities.
39,19,2,continue,bernoulli_full_event,44,3,41,0.119421748690479,0.769142979799951,0.0918523996407158,full_event_available,0,1,,"19,23,36","0.085775,0.33125,0.8577",paper_formula,Full Bernoulli event probability uses selected probabilities and non-selected complement probabilities.
39,19,3,continue,bernoulli_full_event,40,9,31,0.606810466743615,0.197731137368183,0.119985323756133,full_event_available,0,1,,"3,8,9,10,13,14,18,20,27","0.6133,0.027213,0.27506,0.13422,0.96916,0.45517,0.30455,0.3245,0.081534",paper_formula,Full Bernoulli event probability uses selected probabilities and non-selected complement probabilities.
39,19,4,load_loss_threshold,bernoulli_full_event,0,0,0,NaN,NaN,1,terminal_stage_probability_one,1,0,,"","",,Terminal recording stage excluded from Bernoulli complement product.
39,20,1,no_new_outage,bernoulli_full_event,45,0,45,1,0.374855372163011,0.374855372163011,full_event_available,1,1,,"","",paper_formula,Full Bernoulli event probability uses selected probabilities and non-selected complement probabilities.
39,21,1,continue,bernoulli_full_event,45,1,44,0.377016332577821,0.601709790746379,0.226854418583368,full_event_available,0,1,,"23","0.32719",paper_formula,Full Bernoulli event probability uses selected probabilities and non-selected complement probabilities.
39,21,2,continue,bernoulli_full_event,44,4,40,1,0.695252661731823,0.695252661731823,full_event_available,0,1,,"8,10,13,18","0.42046,0.12746,0.14,0.375",paper_formula,Full Bernoulli event probability uses selected probabilities and non-selected complement probabilities.
39,21,3,continue,bernoulli_full_event,36,4,32,0.629466053628648,0.813713942541966,0.5122053041945,full_event_available,0,1,,"3,12,15,27","0.4364,0.62627,0.32485,0.079458",paper_formula,Full Bernoulli event probability uses selected probabilities and non-selected complement probabilities.
39,21,4,load_loss_threshold,bernoulli_full_event,28,0,28,NaN,NaN,1,terminal_stage_probability_one,1,0,,"","",,Terminal recording stage excluded from Bernoulli complement product.
39,22,1,continue,bernoulli_full_event,45,1,44,0.377016332577821,0.601709790746379,0.226854418583368,full_event_available,0,1,,"23","0.0013021",paper_formula,Full Bernoulli event probability uses selected probabilities and non-selected complement probabilities.
39,22,2,continue,bernoulli_full_event,44,4,40,1,0.695252661731823,0.695252661731823,full_event_available,0,1,,"8,10,13,18","0.83228,0.10726,0.81618,0.80671",paper_formula,Full Bernoulli event probability uses selected probabilities and non-selected complement probabilities.
39,22,3,continue,bernoulli_full_event,36,4,32,0.629466053628648,0.813713942541966,0.5122053041945,full_event_available,0,1,,"3,12,15,27","0.57995,0.42887,0.99694,0.57291",paper_formula,Full Bernoulli event probability uses selected probabilities and non-selected complement probabilities.
39,22,4,load_loss_threshold,bernoulli_full_event,28,0,28,NaN,NaN,1,terminal_stage_probability_one,1,0,,"","",,Terminal recording stage excluded from Bernoulli complement product.
39,23,1,continue,bernoulli_full_event,45,1,44,0.006579015,0.377337883760339,0.00248251159732752,full_event_available,0,1,,"29","0.0045405",paper_formula,Full Bernoulli event probability uses selected probabilities and non-selected complement probabilities.
39,23,2,continue,bernoulli_full_event,44,3,41,0.0345985012669146,0.76920889997674,0.0266134751003672,full_event_available,0,1,,"19,23,36","0.18424,0.097774,0.3304",paper_formula,Full Bernoulli event probability uses selected probabilities and non-selected complement probabilities.
39,23,3,continue,bernoulli_full_event,40,3,37,0.38650384583563,0.788794769669577,0.304872212052322,full_event_available,0,1,,"8,13,18","0.24112,0.87309,0.10082",paper_formula,Full Bernoulli event probability uses selected probabilities and non-selected complement probabilities.
39,23,4,continue,bernoulli_full_event,34,2,32,0.00656119455,0.814737682263404,0.00534565244054628,full_event_available,0,1,,"3,10","0.18104,0.0047068",paper_formula,Full Bernoulli event probability uses selected probabilities and non-selected complement probabilities.
39,23,5,max_depth_reached,bernoulli_full_event,32,0,32,NaN,NaN,1,terminal_stage_probability_one,1,0,,"","",,Terminal recording stage excluded from Bernoulli complement product.
39,24,1,continue,bernoulli_full_event,45,1,44,0.006494862875,0.377305922390865,0.00245055022785406,full_event_available,0,1,,"32","0.0031336",paper_formula,Full Bernoulli event probability uses selected probabilities and non-selected complement probabilities.
39,24,2,continue,bernoulli_full_event,43,1,42,1,0.763273244436523,0.763273244436523,full_event_available,0,1,,"27","0.43071",paper_formula,Full Bernoulli event probability uses selected probabilities and non-selected complement probabilities.
39,24,3,continue,bernoulli_full_event,41,5,36,1,0.120336341969649,0.120336341969649,full_event_available,0,1,,"8,14,19,23,24","0.80337,0.47481,0.2606,0.34153,0.95208",paper_formula,Full Bernoulli event probability uses selected probabilities and non-selected complement probabilities.
39,24,4,continue,bernoulli_full_event,36,9,27,0.998886195796431,0.830359805205667,0.829434946964154,full_event_available,0,1,,"1,2,3,6,7,13,18,26,42","0.44703,0.45105,0.41649,0.5041,0.10629,0.51057,0.48258,0.499,0.17021",paper_formula,Full Bernoulli event probability uses selected probabilities and non-selected complement probabilities.
39,24,5,max_depth_reached,bernoulli_full_event,6,0,6,NaN,NaN,1,terminal_stage_probability_one,1,0,,"","",,Terminal recording stage excluded from Bernoulli complement product.
39,25,1,continue,bernoulli_full_event,45,1,44,0.006579015,0.377337883760339,0.00248251159732752,full_event_available,0,1,,"29","0.00081341",paper_formula,Full Bernoulli event probability uses selected probabilities and non-selected complement probabilities.
39,25,2,no_new_outage,bernoulli_full_event,44,0,44,1,0.225854260756587,0.225854260756587,full_event_available,1,1,,"","",paper_formula,Full Bernoulli event probability uses selected probabilities and non-selected complement probabilities.
39,26,1,continue,bernoulli_full_event,45,1,44,0.377016332577821,0.601709790746379,0.226854418583368,full_event_available,0,1,,"23","0.19451",paper_formula,Full Bernoulli event probability uses selected probabilities and non-selected complement probabilities.
39,26,2,continue,bernoulli_full_event,44,4,40,1,0.695252661731823,0.695252661731823,full_event_available,0,1,,"8,10,13,18","0.32714,0.64279,0.7541,0.55277",paper_formula,Full Bernoulli event probability uses selected probabilities and non-selected complement probabilities.
39,26,3,continue,bernoulli_full_event,36,4,32,0.629466053628648,0.813713942541966,0.5122053041945,full_event_available,0,1,,"3,12,15,27","0.84049,0.7165,0.7069,0.17217",paper_formula,Full Bernoulli event probability uses selected probabilities and non-selected complement probabilities.
39,26,4,load_loss_threshold,bernoulli_full_event,28,0,28,NaN,NaN,1,terminal_stage_probability_one,1,0,,"","",,Terminal recording stage excluded from Bernoulli complement product.
39,27,1,continue,bernoulli_full_event,45,1,44,0.006358239425,0.377254043696885,0.00239867153387421,full_event_available,0,1,,"14","0.0035042",paper_formula,Full Bernoulli event probability uses selected probabilities and non-selected complement probabilities.
39,27,2,continue,bernoulli_full_event,44,1,43,1,0.758859231447375,0.758859231447375,full_event_available,0,1,,"3","0.26082",paper_formula,Full Bernoulli event probability uses selected probabilities and non-selected complement probabilities.
39,27,3,continue,bernoulli_full_event,43,9,34,0.00154086439531943,0.803998998767922,0.00123885343107396,full_event_available,0,1,,"4,16,17,20,27,31,38,40,42","0.69648,0.76006,0.084657,0.2344,0.17135,0.79331,0.0062793,0.30648,0.031897",paper_formula,Full Bernoulli event probability uses selected probabilities and non-selected complement probabilities.
39,27,4,load_loss_threshold,bernoulli_full_event,0,0,0,NaN,NaN,1,terminal_stage_probability_one,1,0,,"","",,Terminal recording stage excluded from Bernoulli complement product.
39,28,1,continue,bernoulli_full_event,45,1,44,0.00641467085,0.377275470123633,0.00242009796062212,full_event_available,0,1,,"7","0.00020157",paper_formula,Full Bernoulli event probability uses selected probabilities and non-selected complement probabilities.
39,28,2,continue,bernoulli_full_event,44,2,42,0.590459510532843,0.764035574393938,0.451132071286324,full_event_available,0,1,,"19,23","0.12821,0.25956",paper_formula,Full Bernoulli event probability uses selected probabilities and non-selected complement probabilities.
39,28,3,continue,bernoulli_full_event,42,4,38,1,0.55181711616881,0.55181711616881,full_event_available,0,1,,"8,10,13,18","0.44483,0.65439,0.70495,0.28827",paper_formula,Full Bernoulli event probability uses selected probabilities and non-selected complement probabilities.
39,28,4,continue,bernoulli_full_event,35,4,31,0.617449551705339,0.768688118187424,0.474626133976045,full_event_available,0,1,,"3,12,15,27","0.74541,0.77991,0.51775,0.32611",paper_formula,Full Bernoulli event probability uses selected probabilities and non-selected complement probabilities.
39,28,5,max_depth_reached,bernoulli_full_event,0,0,0,NaN,NaN,1,terminal_stage_probability_one,1,0,,"","",,Terminal recording stage excluded from Bernoulli complement product.
39,29,1,no_new_outage,bernoulli_full_event,45,0,45,1,0.374855372163011,0.374855372163011,full_event_available,1,1,,"","",paper_formula,Full Bernoulli event probability uses selected probabilities and non-selected complement probabilities.
39,30,1,continue,bernoulli_full_event,45,1,44,0.377016332577821,0.601709790746379,0.226854418583368,full_event_available,0,1,,"23","0.15385",paper_formula,Full Bernoulli event probability uses selected probabilities and non-selected complement probabilities.
39,30,2,continue,bernoulli_full_event,44,5,39,0.0065275337,0.699820765361681,0.00456810362985817,full_event_available,0,1,,"6,8,10,13,18","0.0064821,0.1699,0.80356,0.45178,0.79031",paper_formula,Full Bernoulli event probability uses selected probabilities and non-selected complement probabilities.
39,30,3,continue,bernoulli_full_event,35,5,30,1,0.553749803614453,0.553749803614453,full_event_available,0,1,,"3,12,15,25,27","0.043537,0.074833,0.47758,0.82172,0.13419",paper_formula,Full Bernoulli event probability uses selected probabilities and non-selected complement probabilities.
39,30,4,load_loss_threshold,bernoulli_full_event,24,0,24,NaN,NaN,1,terminal_stage_probability_one,1,0,,"","",,Terminal recording stage excluded from Bernoulli complement product.
40,1,1,no_new_outage,bernoulli_full_event,45,0,45,1,0.749272742950316,0.749272742950316,full_event_available,1,1,,"","",paper_formula,Full Bernoulli event probability uses selected probabilities and non-selected complement probabilities.
40,2,1,no_new_outage,bernoulli_full_event,45,0,45,1,0.749272742950316,0.749272742950316,full_event_available,1,1,,"","",paper_formula,Full Bernoulli event probability uses selected probabilities and non-selected complement probabilities.
40,3,1,continue,bernoulli_full_event,45,1,44,0.00641467085,0.754110111097665,0.00483736814734845,full_event_available,0,1,,"23","0.0047008",paper_formula,Full Bernoulli event probability uses selected probabilities and non-selected complement probabilities.
40,3,2,continue,bernoulli_full_event,44,3,41,0.00665192953751721,0.108107089071785,0.000719120739011609,full_event_available,0,1,,"13,18,19","0.96798,0.075412,0.00082271",paper_formula,Full Bernoulli event probability uses selected probabilities and non-selected complement probabilities.
40,3,3,continue,bernoulli_full_event,38,3,35,0.00331262015633877,0.389918743332886,0.0012916526884988,full_event_available,0,1,,"3,8,36","0.40401,0.083338,0.0036997",paper_formula,Full Bernoulli event probability uses selected probabilities and non-selected complement probabilities.
40,3,4,load_loss_threshold,bernoulli_full_event,23,0,23,NaN,NaN,1,terminal_stage_probability_one,1,0,,"","",,Terminal recording stage excluded from Bernoulli complement product.
40,4,1,continue,bernoulli_full_event,45,1,44,0.006205775575,0.753951597357933,0.00467885440761609,full_event_available,0,1,,"18","0.0056428",paper_formula,Full Bernoulli event probability uses selected probabilities and non-selected complement probabilities.
40,4,2,continue,bernoulli_full_event,44,1,43,1,0.759009001182189,0.759009001182189,full_event_available,0,1,,"19","0.8775",paper_formula,Full Bernoulli event probability uses selected probabilities and non-selected complement probabilities.
40,4,3,continue,bernoulli_full_event,42,2,40,0.418382104217236,0.77380942711155,0.323748016378064,full_event_available,0,1,,"3,14","0.088487,0.045687",paper_formula,Full Bernoulli event probability uses selected probabilities and non-selected complement probabilities.
40,4,4,continue,bernoulli_full_event,40,5,35,0.69082654945212,0.798679268293478,0.551748843034128,full_event_available,0,1,,"1,16,17,25,27","0.63031,0.22217,0.6252,0.22848,0.4653",paper_formula,Full Bernoulli event probability uses selected probabilities and non-selected complement probabilities.
40,4,5,max_depth_reached,bernoulli_full_event,0,0,0,NaN,NaN,1,terminal_stage_probability_one,1,0,,"","",,Terminal recording stage excluded from Bernoulli complement product.
40,5,1,no_new_outage,bernoulli_full_event,45,0,45,1,0.749272742950316,0.749272742950316,full_event_available,1,1,,"","",paper_formula,Full Bernoulli event probability uses selected probabilities and non-selected complement probabilities.
40,6,1,no_new_outage,bernoulli_full_event,45,0,45,1,0.749272742950316,0.749272742950316,full_event_available,1,1,,"","",paper_formula,Full Bernoulli event probability uses selected probabilities and non-selected complement probabilities.
40,7,1,no_new_outage,bernoulli_full_event,45,0,45,1,0.749272742950316,0.749272742950316,full_event_available,1,1,,"","",paper_formula,Full Bernoulli event probability uses selected probabilities and non-selected complement probabilities.
40,8,1,no_new_outage,bernoulli_full_event,45,0,45,1,0.749272742950316,0.749272742950316,full_event_available,1,1,,"","",paper_formula,Full Bernoulli event probability uses selected probabilities and non-selected complement probabilities.
40,9,1,continue,bernoulli_full_event,45,1,44,0.006494862875,0.754170980050046,0.00489823709972941,full_event_available,0,1,,"32","0.0048835",paper_formula,Full Bernoulli event probability uses selected probabilities and non-selected complement probabilities.
40,9,2,continue,bernoulli_full_event,43,1,42,1,0.763307470565139,0.763307470565139,full_event_available,0,1,,"27","0.96058",paper_formula,Full Bernoulli event probability uses selected probabilities and non-selected complement probabilities.
40,9,3,continue,bernoulli_full_event,41,1,40,0.885269733253287,0.731976338615772,0.647996498034102,full_event_available,0,1,,"3","0.18463",paper_formula,Full Bernoulli event probability uses selected probabilities and non-selected complement probabilities.
40,9,4,continue,bernoulli_full_event,40,5,35,0.728680705926487,0.798084305467599,0.581548635096981,full_event_available,0,1,,"1,6,8,19,23","0.1026,0.53191,0.86143,0.45169,0.43243",paper_formula,Full Bernoulli event probability uses selected probabilities and non-selected complement probabilities.
40,9,5,max_depth_reached,bernoulli_full_event,0,0,0,NaN,NaN,1,terminal_stage_probability_one,1,0,,"","",,Terminal recording stage excluded from Bernoulli complement product.
40,10,1,no_new_outage,bernoulli_full_event,45,0,45,1,0.749272742950316,0.749272742950316,full_event_available,1,1,,"","",paper_formula,Full Bernoulli event probability uses selected probabilities and non-selected complement probabilities.
40,11,1,continue,bernoulli_full_event,45,1,44,0.00635922945,0.754068034603269,0.00479529165295273,full_event_available,0,1,,"3","5.7214e-06",paper_formula,Full Bernoulli event probability uses selected probabilities and non-selected complement probabilities.
40,11,2,continue,bernoulli_full_event,44,2,42,0.006494862875,0.534659373981847,0.00347253931884544,full_event_available,0,1,,"1,32","0.069883,0.0064242",paper_formula,Full Bernoulli event probability uses selected probabilities and non-selected complement probabilities.
40,11,3,continue,bernoulli_full_event,38,1,37,1,0.694229224612305,0.694229224612305,full_event_available,0,1,,"27","0.57572",paper_formula,Full Bernoulli event probability uses selected probabilities and non-selected complement probabilities.
40,11,4,continue,bernoulli_full_event,36,7,29,0.895606313909576,0.829739859792645,0.743120257332739,full_event_available,0,1,,"6,8,10,14,19,20,23","0.8605,0.83579,0.14136,0.37774,0.32674,0.8738,0.22226",paper_formula,Full Bernoulli event probability uses selected probabilities and non-selected complement probabilities.
40,11,5,max_depth_reached,bernoulli_full_event,0,0,0,NaN,NaN,1,terminal_stage_probability_one,1,0,,"","",,Terminal recording stage excluded from Bernoulli complement product.
40,12,1,no_new_outage,bernoulli_full_event,45,0,45,1,0.749272742950316,0.749272742950316,full_event_available,1,1,,"","",paper_formula,Full Bernoulli event probability uses selected probabilities and non-selected complement probabilities.
40,13,1,no_new_outage,bernoulli_full_event,45,0,45,1,0.749272742950316,0.749272742950316,full_event_available,1,1,,"","",paper_formula,Full Bernoulli event probability uses selected probabilities and non-selected complement probabilities.
40,14,1,no_new_outage,bernoulli_full_event,45,0,45,1,0.749272742950316,0.749272742950316,full_event_available,1,1,,"","",paper_formula,Full Bernoulli event probability uses selected probabilities and non-selected complement probabilities.
40,15,1,continue,bernoulli_full_event,45,3,42,2.63001741169151e-07,0.763861236007407,2.00896835081568e-07,full_event_available,0,1,,"7,25,38","0.0028157,0.0053072,0.0057235",paper_formula,Full Bernoulli event probability uses selected probabilities and non-selected complement probabilities.
40,15,2,load_loss_threshold,bernoulli_full_event,24,0,24,NaN,NaN,1,terminal_stage_probability_one,1,0,,"","",,Terminal recording stage excluded from Bernoulli complement product.
40,16,1,no_new_outage,bernoulli_full_event,45,0,45,1,0.749272742950316,0.749272742950316,full_event_available,1,1,,"","",paper_formula,Full Bernoulli event probability uses selected probabilities and non-selected complement probabilities.
40,17,1,no_new_outage,bernoulli_full_event,45,0,45,1,0.749272742950316,0.749272742950316,full_event_available,1,1,,"","",paper_formula,Full Bernoulli event probability uses selected probabilities and non-selected complement probabilities.
40,18,1,no_new_outage,bernoulli_full_event,45,0,45,1,0.749272742950316,0.749272742950316,full_event_available,1,1,,"","",paper_formula,Full Bernoulli event probability uses selected probabilities and non-selected complement probabilities.
40,19,1,no_new_outage,bernoulli_full_event,45,0,45,1,0.749272742950316,0.749272742950316,full_event_available,1,1,,"","",paper_formula,Full Bernoulli event probability uses selected probabilities and non-selected complement probabilities.
40,20,1,continue,bernoulli_full_event,45,1,44,0.006457241925,0.754142423021673,0.00486968007135663,full_event_available,0,1,,"43","0.002058",paper_formula,Full Bernoulli event probability uses selected probabilities and non-selected complement probabilities.
40,20,2,continue,bernoulli_full_event,44,1,43,0.0064324913,0.759024843725421,0.00488242070374763,full_event_available,0,1,,"45","0.0062723",paper_formula,Full Bernoulli event probability uses selected probabilities and non-selected complement probabilities.
40,20,3,no_new_outage,bernoulli_full_event,43,0,43,1,0.759024843725421,0.759024843725421,full_event_available,1,1,,"","",paper_formula,Full Bernoulli event probability uses selected probabilities and non-selected complement probabilities.
40,21,1,no_new_outage,bernoulli_full_event,45,0,45,1,0.749272742950316,0.749272742950316,full_event_available,1,1,,"","",paper_formula,Full Bernoulli event probability uses selected probabilities and non-selected complement probabilities.
40,22,1,no_new_outage,bernoulli_full_event,45,0,45,1,0.749272742950316,0.749272742950316,full_event_available,1,1,,"","",paper_formula,Full Bernoulli event probability uses selected probabilities and non-selected complement probabilities.
40,23,1,no_new_outage,bernoulli_full_event,45,0,45,1,0.749272742950316,0.749272742950316,full_event_available,1,1,,"","",paper_formula,Full Bernoulli event probability uses selected probabilities and non-selected complement probabilities.
40,24,1,continue,bernoulli_full_event,45,1,44,0.006358239425,0.75406728327997,0.00479454032965335,full_event_available,0,1,,"14","0.0052084",paper_formula,Full Bernoulli event probability uses selected probabilities and non-selected complement probabilities.
40,24,2,continue,bernoulli_full_event,44,1,43,1,0.758893259646118,0.758893259646118,full_event_available,0,1,,"3","0.069155",paper_formula,Full Bernoulli event probability uses selected probabilities and non-selected complement probabilities.
40,24,3,continue,bernoulli_full_event,43,3,40,1,0.119669889262448,0.119669889262448,full_event_available,0,1,,"1,16,17","0.31189,0.32257,0.77196",paper_formula,Full Bernoulli event probability uses selected probabilities and non-selected complement probabilities.
40,24,4,load_loss_threshold,bernoulli_full_event,36,0,36,NaN,NaN,1,terminal_stage_probability_one,1,0,,"","",,Terminal recording stage excluded from Bernoulli complement product.
40,25,1,no_new_outage,bernoulli_full_event,45,0,45,1,0.749272742950316,0.749272742950316,full_event_available,1,1,,"","",paper_formula,Full Bernoulli event probability uses selected probabilities and non-selected complement probabilities.
40,26,1,no_new_outage,bernoulli_full_event,45,0,45,1,0.749272742950316,0.749272742950316,full_event_available,1,1,,"","",paper_formula,Full Bernoulli event probability uses selected probabilities and non-selected complement probabilities.
40,27,1,no_new_outage,bernoulli_full_event,45,0,45,1,0.749272742950316,0.749272742950316,full_event_available,1,1,,"","",paper_formula,Full Bernoulli event probability uses selected probabilities and non-selected complement probabilities.
40,28,1,continue,bernoulli_full_event,45,1,44,0.006358239425,0.75406728327997,0.00479454032965335,full_event_available,0,1,,"38","0.0026882",paper_formula,Full Bernoulli event probability uses selected probabilities and non-selected complement probabilities.
40,28,2,continue,bernoulli_full_event,44,2,42,1,0.763925936859674,0.763925936859674,full_event_available,0,1,,"28,35","0.80399,0.57012",paper_formula,Full Bernoulli event probability uses selected probabilities and non-selected complement probabilities.
40,28,3,continue,bernoulli_full_event,39,5,34,0.446256006659557,0.804256913080655,0.358904478359715,full_event_available,0,1,,"3,8,14,19,23","0.84479,0.46013,0.23716,0.50309,0.019578",paper_formula,Full Bernoulli event probability uses selected probabilities and non-selected complement probabilities.
40,28,4,load_loss_threshold,bernoulli_full_event,0,0,0,NaN,NaN,1,terminal_stage_probability_one,1,0,,"","",,Terminal recording stage excluded from Bernoulli complement product.
40,29,1,continue,bernoulli_full_event,45,1,44,0.006407740675,0.754104851279072,0.00483210832875574,full_event_available,0,1,,"21","0.0023572",paper_formula,Full Bernoulli event probability uses selected probabilities and non-selected complement probabilities.
40,29,2,continue,bernoulli_full_event,44,1,43,0.00656119455,0.75908535799292,0.00498050671384795,full_event_available,0,1,,"31","0.00067694",paper_formula,Full Bernoulli event probability uses selected probabilities and non-selected complement probabilities.
40,29,3,no_new_outage,bernoulli_full_event,38,0,38,1,0.783752051943491,0.783752051943491,full_event_available,1,1,,"","",paper_formula,Full Bernoulli event probability uses selected probabilities and non-selected complement probabilities.
40,30,1,no_new_outage,bernoulli_full_event,45,0,45,1,0.749272742950316,0.749272742950316,full_event_available,1,1,,"","",paper_formula,Full Bernoulli event probability uses selected probabilities and non-selected complement probabilities.
41,1,1,no_new_outage,bernoulli_full_event,45,0,45,1,0.749248104986203,0.749248104986203,full_event_available,1,1,,"","",paper_formula,Full Bernoulli event probability uses selected probabilities and non-selected complement probabilities.
41,2,1,no_new_outage,bernoulli_full_event,45,0,45,1,0.749248104986203,0.749248104986203,full_event_available,1,1,,"","",paper_formula,Full Bernoulli event probability uses selected probabilities and non-selected complement probabilities.
41,3,1,continue,bernoulli_full_event,45,1,44,0.00649387285,0.754145429515888,0.00489732452968481,full_event_available,0,1,,"35","0.0034988",paper_formula,Full Bernoulli event probability uses selected probabilities and non-selected complement probabilities.
41,3,2,continue,bernoulli_full_event,44,3,41,0.997486221900047,0.755333952772021,0.753435210823391,full_event_available,0,1,,"29,36,38","0.36321,0.5152,0.95402",paper_formula,Full Bernoulli event probability uses selected probabilities and non-selected complement probabilities.
41,3,3,continue,bernoulli_full_event,39,8,31,0.597791195804928,0.225761211123382,0.134958064363816,full_event_available,0,1,,"6,8,10,14,19,20,23,27","0.18897,0.96893,0.43064,0.62911,0.55885,0.39767,0.023054,0.26948",paper_formula,Full Bernoulli event probability uses selected probabilities and non-selected complement probabilities.
41,3,4,load_loss_threshold,bernoulli_full_event,0,0,0,NaN,NaN,1,terminal_stage_probability_one,1,0,,"","",,Terminal recording stage excluded from Bernoulli complement product.
41,4,1,continue,bernoulli_full_event,45,1,44,0.00639487035,0.754070286704466,0.00482218171826239,full_event_available,0,1,,"46","0.0017008",paper_formula,Full Bernoulli event probability uses selected probabilities and non-selected complement probabilities.
41,4,2,continue,bernoulli_full_event,44,12,32,0.0226040382112781,0.735454512721501,0.0166242419082138,full_event_available,0,1,,"4,6,8,10,13,14,19,20,23,26,27,31","0.18499,0.30091,0.40193,0.67916,0.033465,0.29013,0.36811,0.81935,0.12679,0.85011,0.17823,0.92316",paper_formula,Full Bernoulli event probability uses selected probabilities and non-selected complement probabilities.
41,4,3,load_loss_threshold,bernoulli_full_event,11,0,11,NaN,NaN,1,terminal_stage_probability_one,1,0,,"","",,Terminal recording stage excluded from Bernoulli complement product.
41,5,1,continue,bernoulli_full_event,45,1,44,0.006425561125,0.754093579374444,0.00484547438824053,full_event_available,0,1,,"4","9.0031e-05",paper_formula,Full Bernoulli event probability uses selected probabilities and non-selected complement probabilities.
41,5,2,no_new_outage,bernoulli_full_event,44,0,44,1,0.754093579374444,0.754093579374444,full_event_available,1,1,,"","",paper_formula,Full Bernoulli event probability uses selected probabilities and non-selected complement probabilities.
41,6,1,no_new_outage,bernoulli_full_event,45,0,45,1,0.749248104986203,0.749248104986203,full_event_available,1,1,,"","",paper_formula,Full Bernoulli event probability uses selected probabilities and non-selected complement probabilities.
41,7,1,continue,bernoulli_full_event,45,1,44,0.0065275337,0.754170981483398,0.00492287649719496,full_event_available,0,1,,"6","0.00067356",paper_formula,Full Bernoulli event probability uses selected probabilities and non-selected complement probabilities.
41,7,2,continue,bernoulli_full_event,44,1,43,0.00656119455,0.107165121243672,0.000703131209454068,full_event_available,0,1,,"10","0.0026388",paper_formula,Full Bernoulli event probability uses selected probabilities and non-selected complement probabilities.
41,7,3,continue,bernoulli_full_event,43,6,37,0.266783454666972,0.734150265911564,0.195859144184563,full_event_available,0,1,,"12,14,15,19,23,26","0.64839,0.032977,0.78552,0.38027,0.46574,0.86946",paper_formula,Full Bernoulli event probability uses selected probabilities and non-selected complement probabilities.
41,7,4,continue,bernoulli_full_event,32,5,27,0.783966476366035,0.840502418980385,0.658925719785181,full_event_available,0,1,,"3,16,17,25,27","0.50593,0.2545,0.7326,0.48607,0.9296",paper_formula,Full Bernoulli event probability uses selected probabilities and non-selected complement probabilities.
41,7,5,max_depth_reached,bernoulli_full_event,13,0,13,NaN,NaN,1,terminal_stage_probability_one,1,0,,"","",,Terminal recording stage excluded from Bernoulli complement product.
41,8,1,no_new_outage,bernoulli_full_event,45,0,45,1,0.749248104986203,0.749248104986203,full_event_available,1,1,,"","",paper_formula,Full Bernoulli event probability uses selected probabilities and non-selected complement probabilities.
41,9,1,no_new_outage,bernoulli_full_event,45,0,45,1,0.749248104986203,0.749248104986203,full_event_available,1,1,,"","",paper_formula,Full Bernoulli event probability uses selected probabilities and non-selected complement probabilities.
41,10,1,continue,bernoulli_full_event,45,1,44,0.006663167125,0.754273958429253,0.00502585344304941,full_event_available,0,1,,"17","0.0053613",paper_formula,Full Bernoulli event probability uses selected probabilities and non-selected complement probabilities.
41,10,2,continue,bernoulli_full_event,44,3,41,0.582443557240242,0.178223824788126,0.103805318494558,full_event_available,0,1,,"6,8,23","0.38912,0.19798,0.6157",paper_formula,Full Bernoulli event probability uses selected probabilities and non-selected complement probabilities.
41,10,3,continue,bernoulli_full_event,29,9,20,0.559368860721267,0.87935945091436,0.491886294222445,full_event_available,0,1,,"1,2,3,4,7,9,24,25,27","0.83571,0.79032,0.70365,0.90463,0.23637,0.94803,0.25764,0.31686,0.87075",paper_formula,Full Bernoulli event probability uses selected probabilities and non-selected complement probabilities.
41,10,4,load_loss_threshold,bernoulli_full_event,16,0,16,NaN,NaN,1,terminal_stage_probability_one,1,0,,"","",,Terminal recording stage excluded from Bernoulli complement product.
41,11,1,continue,bernoulli_full_event,45,1,44,0.00641467085,0.754085314068773,0.00483720908257006,full_event_available,0,1,,"23","0.001247",paper_formula,Full Bernoulli event probability uses selected probabilities and non-selected complement probabilities.
41,11,2,continue,bernoulli_full_event,44,5,39,0.0485476463790205,0.778393291477769,0.0377891622584646,full_event_available,0,1,,"8,10,13,14,18","0.43126,0.73492,0.094392,0.036815,0.83882",paper_formula,Full Bernoulli event probability uses selected probabilities and non-selected complement probabilities.
41,11,3,continue,bernoulli_full_event,35,2,33,0.0065948554,0.809118748289367,0.00533602114639737,full_event_available,0,1,,"9,27","0.0061027,0.36423",paper_formula,Full Bernoulli event probability uses selected probabilities and non-selected complement probabilities.
41,11,4,continue,bernoulli_full_event,30,2,28,1,0.834920369742455,0.834920369742455,full_event_available,0,1,,"1,3","0.21879,0.42369",paper_formula,Full Bernoulli event probability uses selected probabilities and non-selected complement probabilities.
41,11,5,max_depth_reached,bernoulli_full_event,22,0,22,NaN,NaN,1,terminal_stage_probability_one,1,0,,"","",,Terminal recording stage excluded from Bernoulli complement product.
41,12,1,no_new_outage,bernoulli_full_event,45,0,45,1,0.749248104986203,0.749248104986203,full_event_available,1,1,,"","",paper_formula,Full Bernoulli event probability uses selected probabilities and non-selected complement probabilities.
41,13,1,no_new_outage,bernoulli_full_event,45,0,45,1,0.749248104986203,0.749248104986203,full_event_available,1,1,,"","",paper_formula,Full Bernoulli event probability uses selected probabilities and non-selected complement probabilities.
41,14,1,no_new_outage,bernoulli_full_event,45,0,45,1,0.749248104986203,0.749248104986203,full_event_available,1,1,,"","",paper_formula,Full Bernoulli event probability uses selected probabilities and non-selected complement probabilities.
41,15,1,no_new_outage,bernoulli_full_event,45,0,45,1,0.749248104986203,0.749248104986203,full_event_available,1,1,,"","",paper_formula,Full Bernoulli event probability uses selected probabilities and non-selected complement probabilities.
41,16,1,no_new_outage,bernoulli_full_event,45,0,45,1,0.749248104986203,0.749248104986203,full_event_available,1,1,,"","",paper_formula,Full Bernoulli event probability uses selected probabilities and non-selected complement probabilities.
41,17,1,no_new_outage,bernoulli_full_event,45,0,45,1,0.749248104986203,0.749248104986203,full_event_available,1,1,,"","",paper_formula,Full Bernoulli event probability uses selected probabilities and non-selected complement probabilities.
41,18,1,continue,bernoulli_full_event,45,1,44,0.00641863095,0.754088319613508,0.00484021462730475,full_event_available,0,1,,"1","0.0049508",paper_formula,Full Bernoulli event probability uses selected probabilities and non-selected complement probabilities.
41,18,2,continue,bernoulli_full_event,44,1,43,0.006425561125,0.758965096231082,0.00487677661757433,full_event_available,0,1,,"39","0.0046383",paper_formula,Full Bernoulli event probability uses selected probabilities and non-selected complement probabilities.
41,18,3,continue,bernoulli_full_event,43,6,37,0.766330732970982,0.445153742058612,0.341134993436552,full_event_available,0,1,,"6,8,10,14,19,23","0.68309,0.84778,0.55807,0.34372,0.35491,0.91354",paper_formula,Full Bernoulli event probability uses selected probabilities and non-selected complement probabilities.
41,18,4,load_loss_threshold,bernoulli_full_event,26,0,26,NaN,NaN,1,terminal_stage_probability_one,1,0,,"","",,Terminal recording stage excluded from Bernoulli complement product.
41,19,1,no_new_outage,bernoulli_full_event,45,0,45,1,0.749248104986203,0.749248104986203,full_event_available,1,1,,"","",paper_formula,Full Bernoulli event probability uses selected probabilities and non-selected complement probabilities.
41,20,1,no_new_outage,bernoulli_full_event,45,0,45,1,0.749248104986203,0.749248104986203,full_event_available,1,1,,"","",paper_formula,Full Bernoulli event probability uses selected probabilities and non-selected complement probabilities.
41,21,1,no_new_outage,bernoulli_full_event,45,0,45,1,0.749248104986203,0.749248104986203,full_event_available,1,1,,"","",paper_formula,Full Bernoulli event probability uses selected probabilities and non-selected complement probabilities.
41,22,1,continue,bernoulli_full_event,45,3,42,2.31352777636946e-07,0.763224565440837,1.76574123175489e-07,full_event_available,0,1,,"16,21,33","0.0001518,0.0019461,0.0021324",paper_formula,Full Bernoulli event probability uses selected probabilities and non-selected complement probabilities.
41,22,2,continue,bernoulli_full_event,42,9,33,1,0.279972369558437,0.279972369558437,full_event_available,0,1,,"6,8,10,13,14,19,20,23,24","0.10241,0.20012,0.61494,0.68822,0.25262,0.013304,0.61847,0.58524,0.3118",paper_formula,Full Bernoulli event probability uses selected probabilities and non-selected complement probabilities.
41,22,3,continue,bernoulli_full_event,27,5,22,1,0.867879615014832,0.867879615014832,full_event_available,0,1,,"1,2,3,4,7","0.50713,0.54695,0.17478,0.94309,0.04643",paper_formula,Full Bernoulli event probability uses selected probabilities and non-selected complement probabilities.
41,22,4,load_loss_threshold,bernoulli_full_event,20,0,20,NaN,NaN,1,terminal_stage_probability_one,1,0,,"","",,Terminal recording stage excluded from Bernoulli complement product.
41,23,1,no_new_outage,bernoulli_full_event,45,0,45,1,0.749248104986203,0.749248104986203,full_event_available,1,1,,"","",paper_formula,Full Bernoulli event probability uses selected probabilities and non-selected complement probabilities.
41,24,1,no_new_outage,bernoulli_full_event,45,0,45,1,0.749248104986203,0.749248104986203,full_event_available,1,1,,"","",paper_formula,Full Bernoulli event probability uses selected probabilities and non-selected complement probabilities.
41,25,1,no_new_outage,bernoulli_full_event,45,0,45,1,0.749248104986203,0.749248104986203,full_event_available,1,1,,"","",paper_formula,Full Bernoulli event probability uses selected probabilities and non-selected complement probabilities.
41,26,1,continue,bernoulli_full_event,45,1,44,0.0065275337,0.754170981483398,0.00492287649719496,full_event_available,0,1,,"6","0.0038626",paper_formula,Full Bernoulli event probability uses selected probabilities and non-selected complement probabilities.
41,26,2,continue,bernoulli_full_event,44,1,43,0.846922172047699,0.695476225775761,0.589014235741544,full_event_available,0,1,,"26","0.24832",paper_formula,Full Bernoulli event probability uses selected probabilities and non-selected complement probabilities.
41,26,3,continue,bernoulli_full_event,43,9,34,0.00352341988049723,0.80376911563419,0.00283201608135518,full_event_available,0,1,,"3,11,12,13,14,16,17,20,33","0.81746,0.028933,0.86985,0.54272,0.22425,0.95569,0.012547,0.84876,0.0054517",paper_formula,Full Bernoulli event probability uses selected probabilities and non-selected complement probabilities.
41,26,4,load_loss_threshold,bernoulli_full_event,13,0,13,NaN,NaN,1,terminal_stage_probability_one,1,0,,"","",,Terminal recording stage excluded from Bernoulli complement product.
41,27,1,no_new_outage,bernoulli_full_event,45,0,45,1,0.749248104986203,0.749248104986203,full_event_available,1,1,,"","",paper_formula,Full Bernoulli event probability uses selected probabilities and non-selected complement probabilities.
41,28,1,no_new_outage,bernoulli_full_event,45,0,45,1,0.749248104986203,0.749248104986203,full_event_available,1,1,,"","",paper_formula,Full Bernoulli event probability uses selected probabilities and non-selected complement probabilities.
41,29,1,no_new_outage,bernoulli_full_event,45,0,45,1,0.749248104986203,0.749248104986203,full_event_available,1,1,,"","",paper_formula,Full Bernoulli event probability uses selected probabilities and non-selected complement probabilities.
41,30,1,continue,bernoulli_full_event,45,1,44,0.006358239425,0.754042487659364,0.00479438267316085,full_event_available,0,1,,"38","0.0032187",paper_formula,Full Bernoulli event probability uses selected probabilities and non-selected complement probabilities.
41,30,2,continue,bernoulli_full_event,44,2,42,1,0.763900817061851,0.763900817061851,full_event_available,0,1,,"28,35","0.10465,0.10476",paper_formula,Full Bernoulli event probability uses selected probabilities and non-selected complement probabilities.
41,30,3,continue,bernoulli_full_event,39,8,31,0.994680284710515,0.820218313875838,0.815854985970797,full_event_available,0,1,,"6,8,10,14,19,20,23,24","0.58952,0.99203,0.55326,0.83568,0.73799,0.45093,0.035401,0.023017",paper_formula,Full Bernoulli event probability uses selected probabilities and non-selected complement probabilities.
41,30,4,load_loss_threshold,bernoulli_full_event,30,0,30,NaN,NaN,1,terminal_stage_probability_one,1,0,,"","",,Terminal recording stage excluded from Bernoulli complement product.
42,1,1,continue,bernoulli_full_event,45,1,44,1,0.754152953257859,0.754152953257859,full_event_available,0,1,,"3","0.0048657",paper_formula,Full Bernoulli event probability uses selected probabilities and non-selected complement probabilities.
42,1,2,continue,bernoulli_full_event,44,2,42,1,0.742810435527817,0.742810435527817,full_event_available,0,1,,"1,8","0.50023,0.42016",paper_formula,Full Bernoulli event probability uses selected probabilities and non-selected complement probabilities.
42,1,3,continue,bernoulli_full_event,34,7,27,0.62327673204859,0.632291072487871,0.394092313363738,full_event_available,0,1,,"9,13,14,19,20,23,27","0.95284,0.98977,0.14054,0.92554,0.68244,0.55755,0.0035427",paper_formula,Full Bernoulli event probability uses selected probabilities and non-selected complement probabilities.
42,1,4,load_loss_threshold,bernoulli_full_event,0,0,0,NaN,NaN,1,terminal_stage_probability_one,1,0,,"","",,Terminal recording stage excluded from Bernoulli complement product.
42,2,1,continue,bernoulli_full_event,45,1,44,1,0.754152953257859,0.754152953257859,full_event_available,0,1,,"3","0.41498",paper_formula,Full Bernoulli event probability uses selected probabilities and non-selected complement probabilities.
42,2,2,continue,bernoulli_full_event,44,2,42,1,0.742810435527817,0.742810435527817,full_event_available,0,1,,"1,8","0.34681,0.73705",paper_formula,Full Bernoulli event probability uses selected probabilities and non-selected complement probabilities.
42,2,3,continue,bernoulli_full_event,34,6,28,1,0.238198759124133,0.238198759124133,full_event_available,0,1,,"9,13,14,19,20,23","0.14707,0.79098,0.04035,0.012807,0.083652,0.844",paper_formula,Full Bernoulli event probability uses selected probabilities and non-selected complement probabilities.
42,2,4,load_loss_threshold,bernoulli_full_event,18,0,18,NaN,NaN,1,terminal_stage_probability_one,1,0,,"","",,Terminal recording stage excluded from Bernoulli complement product.
42,3,1,continue,bernoulli_full_event,45,1,44,1,0.754152953257859,0.754152953257859,full_event_available,0,1,,"3","0.62612",paper_formula,Full Bernoulli event probability uses selected probabilities and non-selected complement probabilities.
42,3,2,continue,bernoulli_full_event,44,2,42,1,0.742810435527817,0.742810435527817,full_event_available,0,1,,"1,8","0.7695,0.61162",paper_formula,Full Bernoulli event probability uses selected probabilities and non-selected complement probabilities.
42,3,3,continue,bernoulli_full_event,34,7,27,0.62327673204859,0.632291072487871,0.394092313363738,full_event_available,0,1,,"9,13,14,19,20,23,27","0.5884,0.2874,0.84263,0.60021,0.76123,0.6696,0.0059516",paper_formula,Full Bernoulli event probability uses selected probabilities and non-selected complement probabilities.
42,3,4,load_loss_threshold,bernoulli_full_event,0,0,0,NaN,NaN,1,terminal_stage_probability_one,1,0,,"","",,Terminal recording stage excluded from Bernoulli complement product.
42,4,1,continue,bernoulli_full_event,45,3,42,3.8870949992497e-05,0.763652029926489,2.96838798669414e-05,full_event_available,0,1,,"3,16,40","0.97804,0.0033186,0.0057914",paper_formula,Full Bernoulli event probability uses selected probabilities and non-selected complement probabilities.
42,4,2,load_loss_threshold,bernoulli_full_event,32,0,32,NaN,NaN,1,terminal_stage_probability_one,1,0,,"","",,Terminal recording stage excluded from Bernoulli complement product.
42,5,1,continue,bernoulli_full_event,45,2,43,0.006009750625,0.758712626941818,0.00455967368395898,full_event_available,0,1,,"3,44","0.12062,0.0029225",paper_formula,Full Bernoulli event probability uses selected probabilities and non-selected complement probabilities.
42,5,2,continue,bernoulli_full_event,43,2,41,1,0.746688069392835,0.746688069392835,full_event_available,0,1,,"1,8","0.30884,0.87956",paper_formula,Full Bernoulli event probability uses selected probabilities and non-selected complement probabilities.
42,5,3,continue,bernoulli_full_event,34,7,27,0.252831758427149,0.31880203931407,0.0806032801899371,full_event_available,0,1,,"9,13,14,19,20,23,26","0.93035,0.96591,0.71536,0.57043,0.69578,0.96789,0.089774",paper_formula,Full Bernoulli event probability uses selected probabilities and non-selected complement probabilities.
42,5,4,load_loss_threshold,bernoulli_full_event,13,0,13,NaN,NaN,1,terminal_stage_probability_one,1,0,,"","",,Terminal recording stage excluded from Bernoulli complement product.
42,6,1,continue,bernoulli_full_event,45,1,44,1,0.754152953257859,0.754152953257859,full_event_available,0,1,,"3","0.66039",paper_formula,Full Bernoulli event probability uses selected probabilities and non-selected complement probabilities.
42,6,2,continue,bernoulli_full_event,44,2,42,1,0.742810435527817,0.742810435527817,full_event_available,0,1,,"1,8","0.73312,0.75877",paper_formula,Full Bernoulli event probability uses selected probabilities and non-selected complement probabilities.
42,6,3,continue,bernoulli_full_event,34,7,27,0.62327673204859,0.632291072487871,0.394092313363738,full_event_available,0,1,,"9,13,14,19,20,23,27","0.89771,0.16606,0.95791,0.43322,0.9825,0.60042,0.074503",paper_formula,Full Bernoulli event probability uses selected probabilities and non-selected complement probabilities.
42,6,4,load_loss_threshold,bernoulli_full_event,0,0,0,NaN,NaN,1,terminal_stage_probability_one,1,0,,"","",,Terminal recording stage excluded from Bernoulli complement product.
42,7,1,continue,bernoulli_full_event,45,1,44,1,0.754152953257859,0.754152953257859,full_event_available,0,1,,"3","0.014904",paper_formula,Full Bernoulli event probability uses selected probabilities and non-selected complement probabilities.
42,7,2,continue,bernoulli_full_event,44,4,40,3.84201099979544e-05,0.752110439689545,2.88961658234822e-05,full_event_available,0,1,,"1,8,21,27","0.64331,0.42913,0.000947,0.0019092",paper_formula,Full Bernoulli event probability uses selected probabilities and non-selected complement probabilities.
42,7,3,load_loss_threshold,bernoulli_full_event,29,0,29,NaN,NaN,1,terminal_stage_probability_one,1,0,,"","",,Terminal recording stage excluded from Bernoulli complement product.
42,8,1,continue,bernoulli_full_event,45,1,44,1,0.754152953257859,0.754152953257859,full_event_available,0,1,,"3","0.97908",paper_formula,Full Bernoulli event probability uses selected probabilities and non-selected complement probabilities.
42,8,2,continue,bernoulli_full_event,44,3,41,0.006007770575,0.747300042735258,0.00448960720744113,full_event_available,0,1,,"1,8,16","0.98884,0.16613,0.00046713",paper_formula,Full Bernoulli event probability uses selected probabilities and non-selected complement probabilities.
42,8,3,load_loss_threshold,bernoulli_full_event,31,0,31,NaN,NaN,1,terminal_stage_probability_one,1,0,,"","",,Terminal recording stage excluded from Bernoulli complement product.
42,9,1,continue,bernoulli_full_event,45,2,43,0.00648199255,0.759073260477177,0.00492030721931727,full_event_available,0,1,,"3,13","0.73174,0.0045681",paper_formula,Full Bernoulli event probability uses selected probabilities and non-selected complement probabilities.
42,9,2,continue,bernoulli_full_event,43,3,40,1,0.774066983959874,0.774066983959874,full_event_available,0,1,,"1,19,23","0.29875,0.54072,0.8128",paper_formula,Full Bernoulli event probability uses selected probabilities and non-selected complement probabilities.
42,9,3,continue,bernoulli_full_event,28,4,24,0.802178118032248,0.857089145159661,0.687538157450045,full_event_available,0,1,,"8,10,14,27","0.8744,0.7238,0.33728,0.47502",paper_formula,Full Bernoulli event probability uses selected probabilities and non-selected complement probabilities.
42,9,4,load_loss_threshold,bernoulli_full_event,0,0,0,NaN,NaN,1,terminal_stage_probability_one,1,0,,"","",,Terminal recording stage excluded from Bernoulli complement product.
42,10,1,continue,bernoulli_full_event,45,2,43,0.0065948554,0.759159500388458,0.00500654713059812,full_event_available,0,1,,"3,9","0.68661,0.0026072",paper_formula,Full Bernoulli event probability uses selected probabilities and non-selected complement probabilities.
42,10,2,continue,bernoulli_full_event,43,3,40,0.00639487035,0.773637541143571,0.00494731177350593,full_event_available,0,1,,"1,8,22","0.66884,0.28355,0.0063449",paper_formula,Full Bernoulli event probability uses selected probabilities and non-selected complement probabilities.
42,10,3,load_loss_threshold,bernoulli_full_event,32,0,32,NaN,NaN,1,terminal_stage_probability_one,1,0,,"","",,Terminal recording stage excluded from Bernoulli complement product.
42,11,1,continue,bernoulli_full_event,45,2,43,0.006425561125,0.759030147868708,0.00487719461084817,full_event_available,0,1,,"3,4","0.38125,0.0062833",paper_formula,Full Bernoulli event probability uses selected probabilities and non-selected complement probabilities.
42,11,2,continue,bernoulli_full_event,37,2,35,0.00638970915032704,0.56303224341313,0.00359761227766603,full_event_available,0,1,,"7,8","0.00029856,0.63078",paper_formula,Full Bernoulli event probability uses selected probabilities and non-selected complement probabilities.
42,11,3,continue,bernoulli_full_event,35,6,29,0.136079350292111,0.830183065344272,0.112970772155562,full_event_available,0,1,,"9,13,19,20,23,27","0.98315,0.32894,0.86164,0.14993,0.48881,0.19863",paper_formula,Full Bernoulli event probability uses selected probabilities and non-selected complement probabilities.
42,11,4,load_loss_threshold,bernoulli_full_event,10,0,10,NaN,NaN,1,terminal_stage_probability_one,1,0,,"","",,Terminal recording stage excluded from Bernoulli complement product.
42,12,1,continue,bernoulli_full_event,45,1,44,1,0.754152953257859,0.754152953257859,full_event_available,0,1,,"3","0.89964",paper_formula,Full Bernoulli event probability uses selected probabilities and non-selected complement probabilities.
42,12,2,continue,bernoulli_full_event,44,2,42,1,0.742810435527817,0.742810435527817,full_event_available,0,1,,"1,8","0.2747,0.5098",paper_formula,Full Bernoulli event probability uses selected probabilities and non-selected complement probabilities.
42,12,3,continue,bernoulli_full_event,34,9,25,0.00102863586374878,0.851810149939708,0.000876202469333213,full_event_available,0,1,,"6,9,13,14,19,20,23,26,27","0.0041517,0.11924,0.036404,0.13713,0.97203,0.7458,0.12327,0.064681,0.043811",paper_formula,Full Bernoulli event probability uses selected probabilities and non-selected complement probabilities.
42,12,4,load_loss_threshold,bernoulli_full_event,7,0,7,NaN,NaN,1,terminal_stage_probability_one,1,0,,"","",,Terminal recording stage excluded from Bernoulli complement product.
42,13,1,continue,bernoulli_full_event,45,1,44,1,0.754152953257859,0.754152953257859,full_event_available,0,1,,"3","0.97437",paper_formula,Full Bernoulli event probability uses selected probabilities and non-selected complement probabilities.
42,13,2,continue,bernoulli_full_event,44,2,42,1,0.742810435527817,0.742810435527817,full_event_available,0,1,,"1,8","0.65708,0.82266",paper_formula,Full Bernoulli event probability uses selected probabilities and non-selected complement probabilities.
42,13,3,continue,bernoulli_full_event,34,7,27,0.252831758427149,0.31880203931407,0.0806032801899371,full_event_available,0,1,,"9,13,14,19,20,23,26","0.92976,0.77617,0.34198,0.67746,0.4828,0.13084,0.18226",paper_formula,Full Bernoulli event probability uses selected probabilities and non-selected complement probabilities.
42,13,4,load_loss_threshold,bernoulli_full_event,13,0,13,NaN,NaN,1,terminal_stage_probability_one,1,0,,"","",,Terminal recording stage excluded from Bernoulli complement product.
42,14,1,continue,bernoulli_full_event,45,3,42,4.13755289886968e-05,0.763949542006631,3.1608816421197e-05,full_event_available,0,1,,"3,40,46","0.75092,0.0056726,0.0054859",paper_formula,Full Bernoulli event probability uses selected probabilities and non-selected complement probabilities.
42,14,2,continue,bernoulli_full_event,39,2,37,1,0.744872302574747,0.744872302574747,full_event_available,0,1,,"1,8","0.27064,0.99141",paper_formula,Full Bernoulli event probability uses selected probabilities and non-selected complement probabilities.
42,14,3,continue,bernoulli_full_event,34,7,27,0.62327673204859,0.632291072487871,0.394092313363738,full_event_available,0,1,,"9,13,14,19,20,23,27","0.63597,0.83451,0.31258,0.72311,0.37389,0.76071,0.29986",paper_formula,Full Bernoulli event probability uses selected probabilities and non-selected complement probabilities.
42,14,4,load_loss_threshold,bernoulli_full_event,0,0,0,NaN,NaN,1,terminal_stage_probability_one,1,0,,"","",,Terminal recording stage excluded from Bernoulli complement product.
42,15,1,continue,bernoulli_full_event,45,2,43,0.00601866085,0.758719428176359,0.00456647491849944,full_event_available,0,1,,"3,8","0.71341,0.00073661",paper_formula,Full Bernoulli event probability uses selected probabilities and non-selected complement probabilities.
42,15,2,continue,bernoulli_full_event,43,5,38,1,0.640272469931347,0.640272469931347,full_event_available,0,1,,"1,9,13,19,23","0.39785,0.88153,0.59117,0.029192,0.95747",paper_formula,Full Bernoulli event probability uses selected probabilities and non-selected complement probabilities.
42,15,3,load_loss_threshold,bernoulli_full_event,18,0,18,NaN,NaN,1,terminal_stage_probability_one,1,0,,"","",,Terminal recording stage excluded from Bernoulli complement product.
42,16,1,continue,bernoulli_full_event,45,2,43,0.00641863095,0.75902485367548,0.00487190041762066,full_event_available,0,1,,"1,3","0.0040174,0.53687",paper_formula,Full Bernoulli event probability uses selected probabilities and non-selected complement probabilities.
42,16,2,continue,bernoulli_full_event,35,3,32,0.00281862970674812,0.141476051164425,0.000398768600605464,full_event_available,0,1,,"10,14,23","0.0040052,0.4363,0.045381",paper_formula,Full Bernoulli event probability uses selected probabilities and non-selected complement probabilities.
42,16,3,continue,bernoulli_full_event,32,7,25,1,0.780420042103452,0.780420042103452,full_event_available,0,1,,"8,13,16,17,18,20,27","0.75,0.22332,0.28819,0.85943,0.48638,0.75445,0.77721",paper_formula,Full Bernoulli event probability uses selected probabilities and non-selected complement probabilities.
42,16,4,load_loss_threshold,bernoulli_full_event,0,0,0,NaN,NaN,1,terminal_stage_probability_one,1,0,,"","",,Terminal recording stage excluded from Bernoulli complement product.
42,17,1,continue,bernoulli_full_event,45,1,44,1,0.754152953257859,0.754152953257859,full_event_available,0,1,,"3","0.83613",paper_formula,Full Bernoulli event probability uses selected probabilities and non-selected complement probabilities.
42,17,2,continue,bernoulli_full_event,44,2,42,1,0.742810435527817,0.742810435527817,full_event_available,0,1,,"1,8","0.90873,0.93243",paper_formula,Full Bernoulli event probability uses selected probabilities and non-selected complement probabilities.
42,17,3,continue,bernoulli_full_event,34,7,27,0.62327673204859,0.632291072487871,0.394092313363738,full_event_available,0,1,,"9,13,14,19,20,23,27","0.062026,0.38893,0.14838,0.72856,0.57664,0.078522,0.19236",paper_formula,Full Bernoulli event probability uses selected probabilities and non-selected complement probabilities.
42,17,4,load_loss_threshold,bernoulli_full_event,0,0,0,NaN,NaN,1,terminal_stage_probability_one,1,0,,"","",,Terminal recording stage excluded from Bernoulli complement product.
42,18,1,continue,bernoulli_full_event,45,1,44,1,0.754152953257859,0.754152953257859,full_event_available,0,1,,"3","0.58094",paper_formula,Full Bernoulli event probability uses selected probabilities and non-selected complement probabilities.
42,18,2,continue,bernoulli_full_event,44,2,42,1,0.742810435527817,0.742810435527817,full_event_available,0,1,,"1,8","0.85069,0.12879",paper_formula,Full Bernoulli event probability uses selected probabilities and non-selected complement probabilities.
42,18,3,continue,bernoulli_full_event,34,7,27,0.252831758427149,0.31880203931407,0.0806032801899371,full_event_available,0,1,,"9,13,14,19,20,23,26","0.86112,0.045552,0.31766,0.23557,0.90227,0.048052,0.020961",paper_formula,Full Bernoulli event probability uses selected probabilities and non-selected complement probabilities.
42,18,4,load_loss_threshold,bernoulli_full_event,13,0,13,NaN,NaN,1,terminal_stage_probability_one,1,0,,"","",,Terminal recording stage excluded from Bernoulli complement product.
42,19,1,continue,bernoulli_full_event,45,1,44,1,0.754152953257859,0.754152953257859,full_event_available,0,1,,"3","0.43513",paper_formula,Full Bernoulli event probability uses selected probabilities and non-selected complement probabilities.
42,19,2,continue,bernoulli_full_event,44,2,42,1,0.742810435527817,0.742810435527817,full_event_available,0,1,,"1,8","0.44417,0.73093",paper_formula,Full Bernoulli event probability uses selected probabilities and non-selected complement probabilities.
42,19,3,continue,bernoulli_full_event,34,6,28,1,0.238198759124133,0.238198759124133,full_event_available,0,1,,"9,13,14,19,20,23","0.063927,0.49439,0.47977,0.44295,0.52157,0.49813",paper_formula,Full Bernoulli event probability uses selected probabilities and non-selected complement probabilities.
42,19,4,load_loss_threshold,bernoulli_full_event,18,0,18,NaN,NaN,1,terminal_stage_probability_one,1,0,,"","",,Terminal recording stage excluded from Bernoulli complement product.
42,20,1,continue,bernoulli_full_event,45,1,44,1,0.754152953257859,0.754152953257859,full_event_available,0,1,,"3","0.72441",paper_formula,Full Bernoulli event probability uses selected probabilities and non-selected complement probabilities.
42,20,2,continue,bernoulli_full_event,44,2,42,1,0.742810435527817,0.742810435527817,full_event_available,0,1,,"1,8","0.93592,0.93257",paper_formula,Full Bernoulli event probability uses selected probabilities and non-selected complement probabilities.
42,20,3,continue,bernoulli_full_event,34,6,28,1,0.238198759124133,0.238198759124133,full_event_available,0,1,,"9,13,14,19,20,23","0.84085,0.69477,0.7375,0.2721,0.69225,0.15275",paper_formula,Full Bernoulli event probability uses selected probabilities and non-selected complement probabilities.
42,20,4,load_loss_threshold,bernoulli_full_event,18,0,18,NaN,NaN,1,terminal_stage_probability_one,1,0,,"","",,Terminal recording stage excluded from Bernoulli complement product.
42,21,1,continue,bernoulli_full_event,45,2,43,0.00648199255,0.759073260477177,0.00492030721931727,full_event_available,0,1,,"3,13","0.52075,0.0061964",paper_formula,Full Bernoulli event probability uses selected probabilities and non-selected complement probabilities.
42,21,2,continue,bernoulli_full_event,43,3,40,1,0.774066983959874,0.774066983959874,full_event_available,0,1,,"1,19,23","0.41344,0.30964,0.7844",paper_formula,Full Bernoulli event probability uses selected probabilities and non-selected complement probabilities.
42,21,3,continue,bernoulli_full_event,28,4,24,0.802178118032248,0.857089145159661,0.687538157450045,full_event_available,0,1,,"8,10,14,27","0.86542,0.10708,0.66314,0.87541",paper_formula,Full Bernoulli event probability uses selected probabilities and non-selected complement probabilities.
42,21,4,load_loss_threshold,bernoulli_full_event,0,0,0,NaN,NaN,1,terminal_stage_probability_one,1,0,,"","",,Terminal recording stage excluded from Bernoulli complement product.
42,22,1,continue,bernoulli_full_event,45,1,44,1,0.754152953257859,0.754152953257859,full_event_available,0,1,,"3","0.87303",paper_formula,Full Bernoulli event probability uses selected probabilities and non-selected complement probabilities.
42,22,2,continue,bernoulli_full_event,44,2,42,1,0.742810435527817,0.742810435527817,full_event_available,0,1,,"1,8","0.87621,0.45913",paper_formula,Full Bernoulli event probability uses selected probabilities and non-selected complement probabilities.
42,22,3,continue,bernoulli_full_event,34,6,28,1,0.238198759124133,0.238198759124133,full_event_available,0,1,,"9,13,14,19,20,23","0.12979,0.070968,0.7939,0.14634,0.61594,0.29495",paper_formula,Full Bernoulli event probability uses selected probabilities and non-selected complement probabilities.
42,22,4,load_loss_threshold,bernoulli_full_event,18,0,18,NaN,NaN,1,terminal_stage_probability_one,1,0,,"","",,Terminal recording stage excluded from Bernoulli complement product.
42,23,1,continue,bernoulli_full_event,45,1,44,1,0.754152953257859,0.754152953257859,full_event_available,0,1,,"3","0.093948",paper_formula,Full Bernoulli event probability uses selected probabilities and non-selected complement probabilities.
42,23,2,continue,bernoulli_full_event,44,2,42,1,0.742810435527817,0.742810435527817,full_event_available,0,1,,"1,8","0.64171,0.87266",paper_formula,Full Bernoulli event probability uses selected probabilities and non-selected complement probabilities.
42,23,3,continue,bernoulli_full_event,34,7,27,0.252831758427149,0.31880203931407,0.0806032801899371,full_event_available,0,1,,"9,13,14,19,20,23,26","0.95887,0.11007,0.42031,0.21043,0.51706,0.70495,0.12432",paper_formula,Full Bernoulli event probability uses selected probabilities and non-selected complement probabilities.
42,23,4,load_loss_threshold,bernoulli_full_event,13,0,13,NaN,NaN,1,terminal_stage_probability_one,1,0,,"","",,Terminal recording stage excluded from Bernoulli complement product.
42,24,1,continue,bernoulli_full_event,45,1,44,1,0.754152953257859,0.754152953257859,full_event_available,0,1,,"3","0.14706",paper_formula,Full Bernoulli event probability uses selected probabilities and non-selected complement probabilities.
42,24,2,continue,bernoulli_full_event,44,2,42,1,0.742810435527817,0.742810435527817,full_event_available,0,1,,"1,8","0.051623,0.75634",paper_formula,Full Bernoulli event probability uses selected probabilities and non-selected complement probabilities.
42,24,3,continue,bernoulli_full_event,34,7,27,0.252831758427149,0.31880203931407,0.0806032801899371,full_event_available,0,1,,"9,13,14,19,20,23,26","0.82087,0.70932,0.15259,0.0078269,0.090919,0.86888,0.14798",paper_formula,Full Bernoulli event probability uses selected probabilities and non-selected complement probabilities.
42,24,4,load_loss_threshold,bernoulli_full_event,13,0,13,NaN,NaN,1,terminal_stage_probability_one,1,0,,"","",,Terminal recording stage excluded from Bernoulli complement product.
42,25,1,continue,bernoulli_full_event,45,1,44,1,0.754152953257859,0.754152953257859,full_event_available,0,1,,"3","0.46828",paper_formula,Full Bernoulli event probability uses selected probabilities and non-selected complement probabilities.
42,25,2,continue,bernoulli_full_event,44,2,42,1,0.742810435527817,0.742810435527817,full_event_available,0,1,,"1,8","0.72814,0.6225",paper_formula,Full Bernoulli event probability uses selected probabilities and non-selected complement probabilities.
42,25,3,continue,bernoulli_full_event,34,9,25,0.000947041456876993,0.851366430417279,0.000806279304598545,full_event_available,0,1,,"9,13,14,19,20,23,26,27,34","0.21375,0.99712,0.66597,0.38729,0.98067,0.40989,0.15281,0.27119,0.0041566",paper_formula,Full Bernoulli event probability uses selected probabilities and non-selected complement probabilities.
42,25,4,load_loss_threshold,bernoulli_full_event,7,0,7,NaN,NaN,1,terminal_stage_probability_one,1,0,,"","",,Terminal recording stage excluded from Bernoulli complement product.
42,26,1,continue,bernoulli_full_event,45,1,44,1,0.754152953257859,0.754152953257859,full_event_available,0,1,,"3","0.3831",paper_formula,Full Bernoulli event probability uses selected probabilities and non-selected complement probabilities.
42,26,2,continue,bernoulli_full_event,44,2,42,1,0.742810435527817,0.742810435527817,full_event_available,0,1,,"1,8","0.78623,0.10344",paper_formula,Full Bernoulli event probability uses selected probabilities and non-selected complement probabilities.
42,26,3,continue,bernoulli_full_event,34,7,27,0.62327673204859,0.632291072487871,0.394092313363738,full_event_available,0,1,,"9,13,14,19,20,23,27","0.49001,0.67008,0.25776,0.47929,0.09769,0.50069,0.53505",paper_formula,Full Bernoulli event probability uses selected probabilities and non-selected complement probabilities.
42,26,4,load_loss_threshold,bernoulli_full_event,0,0,0,NaN,NaN,1,terminal_stage_probability_one,1,0,,"","",,Terminal recording stage excluded from Bernoulli complement product.
42,27,1,continue,bernoulli_full_event,45,1,44,1,0.754152953257859,0.754152953257859,full_event_available,0,1,,"3","0.19267",paper_formula,Full Bernoulli event probability uses selected probabilities and non-selected complement probabilities.
42,27,2,continue,bernoulli_full_event,44,3,41,0.006007770575,0.747300042735258,0.00448960720744113,full_event_available,0,1,,"1,8,15","0.33883,0.30786,0.002599",paper_formula,Full Bernoulli event probability uses selected probabilities and non-selected complement probabilities.
42,27,3,continue,bernoulli_full_event,33,8,25,0.297082121694261,0.246937870107201,0.0733608263781092,full_event_available,0,1,,"9,11,13,14,19,20,23,26","0.58922,0.54878,0.10647,0.51823,0.91218,0.9136,0.79371,0.2473",paper_formula,Full Bernoulli event probability uses selected probabilities and non-selected complement probabilities.
42,27,4,load_loss_threshold,bernoulli_full_event,13,0,13,NaN,NaN,1,terminal_stage_probability_one,1,0,,"","",,Terminal recording stage excluded from Bernoulli complement product.
42,28,1,continue,bernoulli_full_event,45,1,44,1,0.754152953257859,0.754152953257859,full_event_available,0,1,,"3","0.85708",paper_formula,Full Bernoulli event probability uses selected probabilities and non-selected complement probabilities.
42,28,2,continue,bernoulli_full_event,44,2,42,1,0.742810435527817,0.742810435527817,full_event_available,0,1,,"1,8","0.57954,0.41159",paper_formula,Full Bernoulli event probability uses selected probabilities and non-selected complement probabilities.
42,28,3,continue,bernoulli_full_event,34,7,27,0.62327673204859,0.632291072487871,0.394092313363738,full_event_available,0,1,,"9,13,14,19,20,23,27","0.97523,0.15809,0.80441,0.14546,0.71457,0.53071,0.053429",paper_formula,Full Bernoulli event probability uses selected probabilities and non-selected complement probabilities.
42,28,4,load_loss_threshold,bernoulli_full_event,0,0,0,NaN,NaN,1,terminal_stage_probability_one,1,0,,"","",,Terminal recording stage excluded from Bernoulli complement product.
42,29,1,continue,bernoulli_full_event,45,1,44,1,0.754152953257859,0.754152953257859,full_event_available,0,1,,"3","0.37971",paper_formula,Full Bernoulli event probability uses selected probabilities and non-selected complement probabilities.
42,29,2,continue,bernoulli_full_event,44,3,41,0.0065275337,0.747691013817699,0.0048805782898822,full_event_available,0,1,,"1,6,8","0.67369,0.0031736,0.054152",paper_formula,Full Bernoulli event probability uses selected probabilities and non-selected complement probabilities.
42,29,3,continue,bernoulli_full_event,33,9,24,0.996511941498355,0.857260819479631,0.854270643590118,full_event_available,0,1,,"9,13,14,19,20,23,24,26,27","0.85381,0.42214,0.94718,0.37525,0.99471,0.76781,0.53363,0.85344,0.018207",paper_formula,Full Bernoulli event probability uses selected probabilities and non-selected complement probabilities.
42,29,4,load_loss_threshold,bernoulli_full_event,7,0,7,NaN,NaN,1,terminal_stage_probability_one,1,0,,"","",,Terminal recording stage excluded from Bernoulli complement product.
42,30,1,continue,bernoulli_full_event,45,1,44,1,0.754152953257859,0.754152953257859,full_event_available,0,1,,"3","0.50602",paper_formula,Full Bernoulli event probability uses selected probabilities and non-selected complement probabilities.
42,30,2,continue,bernoulli_full_event,44,2,42,1,0.742810435527817,0.742810435527817,full_event_available,0,1,,"1,8","0.034945,0.93106",paper_formula,Full Bernoulli event probability uses selected probabilities and non-selected complement probabilities.
42,30,3,continue,bernoulli_full_event,34,6,28,1,0.238198759124133,0.238198759124133,full_event_available,0,1,,"9,13,14,19,20,23","0.74564,0.27722,0.088565,0.53598,0.17966,0.83536",paper_formula,Full Bernoulli event probability uses selected probabilities and non-selected complement probabilities.
42,30,4,load_loss_threshold,bernoulli_full_event,18,0,18,NaN,NaN,1,terminal_stage_probability_one,1,0,,"","",,Terminal recording stage excluded from Bernoulli complement product.
43,1,1,no_new_outage,bernoulli_full_event,45,0,45,1,0.749263036892236,0.749263036892236,full_event_available,1,1,,"","",paper_formula,Full Bernoulli event probability uses selected probabilities and non-selected complement probabilities.
43,2,1,no_new_outage,bernoulli_full_event,45,0,45,1,0.749263036892236,0.749263036892236,full_event_available,1,1,,"","",paper_formula,Full Bernoulli event probability uses selected probabilities and non-selected complement probabilities.
43,3,1,no_new_outage,bernoulli_full_event,45,0,45,1,0.749263036892236,0.749263036892236,full_event_available,1,1,,"","",paper_formula,Full Bernoulli event probability uses selected probabilities and non-selected complement probabilities.
43,4,1,no_new_outage,bernoulli_full_event,45,0,45,1,0.749263036892236,0.749263036892236,full_event_available,1,1,,"","",paper_formula,Full Bernoulli event probability uses selected probabilities and non-selected complement probabilities.
43,5,1,no_new_outage,bernoulli_full_event,45,0,45,1,0.749263036892236,0.749263036892236,full_event_available,1,1,,"","",paper_formula,Full Bernoulli event probability uses selected probabilities and non-selected complement probabilities.
43,6,1,no_new_outage,bernoulli_full_event,45,0,45,1,0.749263036892236,0.749263036892236,full_event_available,1,1,,"","",paper_formula,Full Bernoulli event probability uses selected probabilities and non-selected complement probabilities.
43,7,1,no_new_outage,bernoulli_full_event,45,0,45,1,0.749263036892236,0.749263036892236,full_event_available,1,1,,"","",paper_formula,Full Bernoulli event probability uses selected probabilities and non-selected complement probabilities.
43,8,1,no_new_outage,bernoulli_full_event,45,0,45,1,0.749263036892236,0.749263036892236,full_event_available,1,1,,"","",paper_formula,Full Bernoulli event probability uses selected probabilities and non-selected complement probabilities.
43,9,1,continue,bernoulli_full_event,45,1,44,0.00647011225,0.754142423021673,0.00487938612943721,full_event_available,0,1,,"40","0.0035249",paper_formula,Full Bernoulli event probability uses selected probabilities and non-selected complement probabilities.
43,9,2,no_new_outage,bernoulli_full_event,44,0,44,1,0.754142423021673,0.754142423021673,full_event_available,1,1,,"","",paper_formula,Full Bernoulli event probability uses selected probabilities and non-selected complement probabilities.
43,10,1,no_new_outage,bernoulli_full_event,45,0,45,1,0.749263036892236,0.749263036892236,full_event_available,1,1,,"","",paper_formula,Full Bernoulli event probability uses selected probabilities and non-selected complement probabilities.
43,11,1,no_new_outage,bernoulli_full_event,45,0,45,1,0.749263036892236,0.749263036892236,full_event_available,1,1,,"","",paper_formula,Full Bernoulli event probability uses selected probabilities and non-selected complement probabilities.
43,12,1,continue,bernoulli_full_event,45,1,44,0.00648199255,0.754151440913811,0.00488840402157509,full_event_available,0,1,,"13","0.0046435",paper_formula,Full Bernoulli event probability uses selected probabilities and non-selected complement probabilities.
43,12,2,continue,bernoulli_full_event,44,3,41,0.42270007344197,0.769184370072469,0.325134289720048,full_event_available,0,1,,"9,19,23","0.31447,0.036618,0.48542",paper_formula,Full Bernoulli event probability uses selected probabilities and non-selected complement probabilities.
43,12,3,continue,bernoulli_full_event,37,2,35,0.146601780343475,0.79900632965877,0.117135750433681,full_event_available,0,1,,"8,14","0.18199,0.36372",paper_formula,Full Bernoulli event probability uses selected probabilities and non-selected complement probabilities.
43,12,4,continue,bernoulli_full_event,35,2,33,0.465338061650338,0.808912380750918,0.376417719303593,full_event_available,0,1,,"26,27","0.092252,0.87863",paper_formula,Full Bernoulli event probability uses selected probabilities and non-selected complement probabilities.
43,12,5,max_depth_reached,bernoulli_full_event,21,0,21,NaN,NaN,1,terminal_stage_probability_one,1,0,,"","",,Terminal recording stage excluded from Bernoulli complement product.
43,13,1,no_new_outage,bernoulli_full_event,45,0,45,1,0.749263036892236,0.749263036892236,full_event_available,1,1,,"","",paper_formula,Full Bernoulli event probability uses selected probabilities and non-selected complement probabilities.
43,14,1,no_new_outage,bernoulli_full_event,45,0,45,1,0.749263036892236,0.749263036892236,full_event_available,1,1,,"","",paper_formula,Full Bernoulli event probability uses selected probabilities and non-selected complement probabilities.
43,15,1,no_new_outage,bernoulli_full_event,45,0,45,1,0.749263036892236,0.749263036892236,full_event_available,1,1,,"","",paper_formula,Full Bernoulli event probability uses selected probabilities and non-selected complement probabilities.
43,16,1,continue,bernoulli_full_event,45,1,44,0.006205775575,0.753941830690103,0.00467879379786743,full_event_available,0,1,,"18","0.0060688",paper_formula,Full Bernoulli event probability uses selected probabilities and non-selected complement probabilities.
43,16,2,continue,bernoulli_full_event,44,2,42,0.00656119455,0.76401200037388,0.0050128313729877,full_event_available,0,1,,"10,19","0.0063746,0.89818",paper_formula,Full Bernoulli event probability uses selected probabilities and non-selected complement probabilities.
43,16,3,continue,bernoulli_full_event,41,3,38,1,0.783528001143454,0.783528001143454,full_event_available,0,1,,"12,14,15","0.7848,0.20118,0.78312",paper_formula,Full Bernoulli event probability uses selected probabilities and non-selected complement probabilities.
43,16,4,continue,bernoulli_full_event,38,1,37,1,0.788542523984554,0.788542523984554,full_event_available,0,1,,"3","0.72091",paper_formula,Full Bernoulli event probability uses selected probabilities and non-selected complement probabilities.
43,16,5,max_depth_reached,bernoulli_full_event,37,0,37,NaN,NaN,1,terminal_stage_probability_one,1,0,,"","",,Terminal recording stage excluded from Bernoulli complement product.
43,17,1,no_new_outage,bernoulli_full_event,45,0,45,1,0.749263036892236,0.749263036892236,full_event_available,1,1,,"","",paper_formula,Full Bernoulli event probability uses selected probabilities and non-selected complement probabilities.
43,18,1,continue,bernoulli_full_event,45,1,44,0.006425561125,0.754108607846845,0.00484557095460855,full_event_available,0,1,,"4","0.0052535",paper_formula,Full Bernoulli event probability uses selected probabilities and non-selected complement probabilities.
43,18,2,continue,bernoulli_full_event,44,1,43,0.0065275337,0.759063419900683,0.00495481205383896,full_event_available,0,1,,"6","0.0031116",paper_formula,Full Bernoulli event probability uses selected probabilities and non-selected complement probabilities.
43,18,3,no_new_outage,bernoulli_full_event,43,0,43,1,0.759063419900683,0.759063419900683,full_event_available,1,1,,"","",paper_formula,Full Bernoulli event probability uses selected probabilities and non-selected complement probabilities.
43,19,1,no_new_outage,bernoulli_full_event,45,0,45,1,0.749263036892236,0.749263036892236,full_event_available,1,1,,"","",paper_formula,Full Bernoulli event probability uses selected probabilities and non-selected complement probabilities.
43,20,1,no_new_outage,bernoulli_full_event,45,0,45,1,0.749263036892236,0.749263036892236,full_event_available,1,1,,"","",paper_formula,Full Bernoulli event probability uses selected probabilities and non-selected complement probabilities.
43,21,1,no_new_outage,bernoulli_full_event,45,0,45,1,0.749263036892236,0.749263036892236,full_event_available,1,1,,"","",paper_formula,Full Bernoulli event probability uses selected probabilities and non-selected complement probabilities.
43,22,1,no_new_outage,bernoulli_full_event,45,0,45,1,0.749263036892236,0.749263036892236,full_event_available,1,1,,"","",paper_formula,Full Bernoulli event probability uses selected probabilities and non-selected complement probabilities.
43,23,1,no_new_outage,bernoulli_full_event,45,0,45,1,0.749263036892236,0.749263036892236,full_event_available,1,1,,"","",paper_formula,Full Bernoulli event probability uses selected probabilities and non-selected complement probabilities.
43,24,1,no_new_outage,bernoulli_full_event,45,0,45,1,0.749263036892236,0.749263036892236,full_event_available,1,1,,"","",paper_formula,Full Bernoulli event probability uses selected probabilities and non-selected complement probabilities.
43,25,1,no_new_outage,bernoulli_full_event,45,0,45,1,0.749263036892236,0.749263036892236,full_event_available,1,1,,"","",paper_formula,Full Bernoulli event probability uses selected probabilities and non-selected complement probabilities.
43,26,1,no_new_outage,bernoulli_full_event,45,0,45,1,0.749263036892236,0.749263036892236,full_event_available,1,1,,"","",paper_formula,Full Bernoulli event probability uses selected probabilities and non-selected complement probabilities.
43,27,1,no_new_outage,bernoulli_full_event,45,0,45,1,0.749263036892236,0.749263036892236,full_event_available,1,1,,"","",paper_formula,Full Bernoulli event probability uses selected probabilities and non-selected complement probabilities.
43,28,1,no_new_outage,bernoulli_full_event,45,0,45,1,0.749263036892236,0.749263036892236,full_event_available,1,1,,"","",paper_formula,Full Bernoulli event probability uses selected probabilities and non-selected complement probabilities.
43,29,1,no_new_outage,bernoulli_full_event,45,0,45,1,0.749263036892236,0.749263036892236,full_event_available,1,1,,"","",paper_formula,Full Bernoulli event probability uses selected probabilities and non-selected complement probabilities.
43,30,1,no_new_outage,bernoulli_full_event,45,0,45,1,0.749263036892236,0.749263036892236,full_event_available,1,1,,"","",paper_formula,Full Bernoulli event probability uses selected probabilities and non-selected complement probabilities.
44,1,1,continue,bernoulli_full_event,45,1,44,0.006425561125,0.753769110511253,0.00484338949372694,full_event_available,0,1,,"39","0.00018877",paper_formula,Full Bernoulli event probability uses selected probabilities and non-selected complement probabilities.
44,1,2,continue,bernoulli_full_event,44,2,42,0.00151431493059436,0.463190524094082,0.000701416326345496,full_event_available,0,1,,"19,25","0.091623,0.0025554",paper_formula,Full Bernoulli event probability uses selected probabilities and non-selected complement probabilities.
44,1,3,continue,bernoulli_full_event,42,4,38,0.006358239425,0.176975191981658,0.00112525064290472,full_event_available,0,1,,"8,10,18,24","0.052883,0.013405,0.69048,0.0023546",paper_formula,Full Bernoulli event probability uses selected probabilities and non-selected complement probabilities.
44,1,4,continue,bernoulli_full_event,37,3,34,1,0.20508286568851,0.20508286568851,full_event_available,0,1,,"3,12,14","0.74643,0.74108,0.44682",paper_formula,Full Bernoulli event probability uses selected probabilities and non-selected complement probabilities.
44,1,5,max_depth_reached,bernoulli_full_event,34,0,34,NaN,NaN,1,terminal_stage_probability_one,1,0,,"","",,Terminal recording stage excluded from Bernoulli complement product.
44,2,1,no_new_outage,bernoulli_full_event,45,0,45,1,0.748925721017526,0.748925721017526,full_event_available,1,1,,"","",paper_formula,Full Bernoulli event probability uses selected probabilities and non-selected complement probabilities.
44,3,1,no_new_outage,bernoulli_full_event,45,0,45,1,0.748925721017526,0.748925721017526,full_event_available,1,1,,"","",paper_formula,Full Bernoulli event probability uses selected probabilities and non-selected complement probabilities.
44,4,1,continue,bernoulli_full_event,45,1,44,0.006494862875,0.75382168952318,0.00489596850565388,full_event_available,0,1,,"32","0.0044654",paper_formula,Full Bernoulli event probability uses selected probabilities and non-selected complement probabilities.
44,4,2,continue,bernoulli_full_event,43,1,42,1,0.762953948518273,0.762953948518273,full_event_available,0,1,,"27","0.062647",paper_formula,Full Bernoulli event probability uses selected probabilities and non-selected complement probabilities.
44,4,3,continue,bernoulli_full_event,41,1,40,0.006581985075,0.772652420477038,0.00508558669974248,full_event_available,0,1,,"42","0.0042884",paper_formula,Full Bernoulli event probability uses selected probabilities and non-selected complement probabilities.
44,4,4,continue,bernoulli_full_event,40,2,38,0.257418514519455,0.550369821607011,0.141675381914414,full_event_available,0,1,,"3,19","0.83103,0.22827",paper_formula,Full Bernoulli event probability uses selected probabilities and non-selected complement probabilities.
44,4,5,max_depth_reached,bernoulli_full_event,38,0,38,NaN,NaN,1,terminal_stage_probability_one,1,0,,"","",,Terminal recording stage excluded from Bernoulli complement product.
44,5,1,no_new_outage,bernoulli_full_event,45,0,45,1,0.748925721017526,0.748925721017526,full_event_available,1,1,,"","",paper_formula,Full Bernoulli event probability uses selected probabilities and non-selected complement probabilities.
44,6,1,no_new_outage,bernoulli_full_event,45,0,45,1,0.748925721017526,0.748925721017526,full_event_available,1,1,,"","",paper_formula,Full Bernoulli event probability uses selected probabilities and non-selected complement probabilities.
44,7,1,no_new_outage,bernoulli_full_event,45,0,45,1,0.748925721017526,0.748925721017526,full_event_available,1,1,,"","",paper_formula,Full Bernoulli event probability uses selected probabilities and non-selected complement probabilities.
44,8,1,continue,bernoulli_full_event,45,1,44,0.00639487035,0.753745827863567,0.00482010684604093,full_event_available,0,1,,"22","0.0012136",paper_formula,Full Bernoulli event probability uses selected probabilities and non-selected complement probabilities.
44,8,2,continue,bernoulli_full_event,44,2,42,4.29663117945354e-05,0.763726613949162,3.28145158207244e-05,full_event_available,0,1,,"19,25","0.0006614,0.0015403",paper_formula,Full Bernoulli event probability uses selected probabilities and non-selected complement probabilities.
44,8,3,continue,bernoulli_full_event,42,3,39,1,0.778193290974915,0.778193290974915,full_event_available,0,1,,"8,13,18","0.84118,0.90666,0.78011",paper_formula,Full Bernoulli event probability uses selected probabilities and non-selected complement probabilities.
44,8,4,continue,bernoulli_full_event,37,4,33,1,0.202353338358729,0.202353338358729,full_event_available,0,1,,"3,6,26,30","0.77408,0.27843,0.51862,0.073276",paper_formula,Full Bernoulli event probability uses selected probabilities and non-selected complement probabilities.
44,8,5,max_depth_reached,bernoulli_full_event,18,0,18,NaN,NaN,1,terminal_stage_probability_one,1,0,,"","",,Terminal recording stage excluded from Bernoulli complement product.
44,9,1,no_new_outage,bernoulli_full_event,45,0,45,1,0.748925721017526,0.748925721017526,full_event_available,1,1,,"","",paper_formula,Full Bernoulli event probability uses selected probabilities and non-selected complement probabilities.
44,10,1,continue,bernoulli_full_event,45,1,44,0.006532483825,0.753850235487319,0.00492451446979336,full_event_available,0,1,,"20","0.0043344",paper_formula,Full Bernoulli event probability uses selected probabilities and non-selected complement probabilities.
44,10,2,continue,bernoulli_full_event,44,1,43,0.548766804826028,0.758674066849889,0.416335143569582,full_event_available,0,1,,"14","0.34387",paper_formula,Full Bernoulli event probability uses selected probabilities and non-selected complement probabilities.
44,10,3,continue,bernoulli_full_event,43,2,41,0.996568876183663,0.315751693463505,0.314668310308014,full_event_available,0,1,,"3,6","0.46602,0.60947",paper_formula,Full Bernoulli event probability uses selected probabilities and non-selected complement probabilities.
44,10,4,continue,bernoulli_full_event,41,5,36,0.0042063441462851,0.793467397457227,0.00333759694256228,full_event_available,0,1,,"4,24,25,27,42","0.0048589,0.55709,0.24557,0.48163,0.35802",paper_formula,Full Bernoulli event probability uses selected probabilities and non-selected complement probabilities.
44,10,5,max_depth_reached,bernoulli_full_event,0,0,0,NaN,NaN,1,terminal_stage_probability_one,1,0,,"","",,Terminal recording stage excluded from Bernoulli complement product.
44,11,1,continue,bernoulli_full_event,45,1,44,0.006579015,0.753885545328526,0.00495982431099955,full_event_available,0,1,,"29","0.0060954",paper_formula,Full Bernoulli event probability uses selected probabilities and non-selected complement probabilities.
44,11,2,continue,bernoulli_full_event,44,1,43,0.006425561125,0.758761010581282,0.0048754652527568,full_event_available,0,1,,"4","0.0032217",paper_formula,Full Bernoulli event probability uses selected probabilities and non-selected complement probabilities.
44,11,3,continue,bernoulli_full_event,43,1,42,0.006007770575,0.763347024372823,0.00458601379154086,full_event_available,0,1,,"15","0.0006401",paper_formula,Full Bernoulli event probability uses selected probabilities and non-selected complement probabilities.
44,11,4,no_new_outage,bernoulli_full_event,42,0,42,1,0.763347024372823,0.763347024372823,full_event_available,1,1,,"","",paper_formula,Full Bernoulli event probability uses selected probabilities and non-selected complement probabilities.
44,12,1,no_new_outage,bernoulli_full_event,45,0,45,1,0.748925721017526,0.748925721017526,full_event_available,1,1,,"","",paper_formula,Full Bernoulli event probability uses selected probabilities and non-selected complement probabilities.
44,13,1,continue,bernoulli_full_event,45,1,44,0.006358239425,0.753718040779746,0.00479231976221954,full_event_available,0,1,,"38","0.0047661",paper_formula,Full Bernoulli event probability uses selected probabilities and non-selected complement probabilities.
44,13,2,continue,bernoulli_full_event,44,2,42,1,0.763572128373229,0.763572128373229,full_event_available,0,1,,"28,35","0.34345,0.11018",paper_formula,Full Bernoulli event probability uses selected probabilities and non-selected complement probabilities.
44,13,3,continue,bernoulli_full_event,39,3,36,0.512305295802104,0.398639407689239,0.204225079674611,full_event_available,0,1,,"8,19,23","0.45195,0.33421,0.36343",paper_formula,Full Bernoulli event probability uses selected probabilities and non-selected complement probabilities.
44,13,4,continue,bernoulli_full_event,36,8,28,0.74006553434319,0.396629024301739,0.293531470805885,full_event_available,0,1,,"1,3,12,13,16,17,18,27","0.55721,0.58094,0.53056,0.8499,0.56697,0.3623,0.54299,0.48495",paper_formula,Full Bernoulli event probability uses selected probabilities and non-selected complement probabilities.
44,13,5,max_depth_reached,bernoulli_full_event,0,0,0,NaN,NaN,1,terminal_stage_probability_one,1,0,,"","",,Terminal recording stage excluded from Bernoulli complement product.
44,14,1,no_new_outage,bernoulli_full_event,45,0,45,1,0.748925721017526,0.748925721017526,full_event_available,1,1,,"","",paper_formula,Full Bernoulli event probability uses selected probabilities and non-selected complement probabilities.
44,15,1,no_new_outage,bernoulli_full_event,45,0,45,1,0.748925721017526,0.748925721017526,full_event_available,1,1,,"","",paper_formula,Full Bernoulli event probability uses selected probabilities and non-selected complement probabilities.
44,16,1,no_new_outage,bernoulli_full_event,45,0,45,1,0.748925721017526,0.748925721017526,full_event_available,1,1,,"","",paper_formula,Full Bernoulli event probability uses selected probabilities and non-selected complement probabilities.
44,17,1,no_new_outage,bernoulli_full_event,45,0,45,1,0.748925721017526,0.748925721017526,full_event_available,1,1,,"","",paper_formula,Full Bernoulli event probability uses selected probabilities and non-selected complement probabilities.
44,18,1,continue,bernoulli_full_event,45,1,44,0.006532483825,0.753850235487319,0.00492451446979336,full_event_available,0,1,,"20","0.0024453",paper_formula,Full Bernoulli event probability uses selected probabilities and non-selected complement probabilities.
44,18,2,continue,bernoulli_full_event,44,1,43,0.00656119455,0.344599910333921,0.00226098705361341,full_event_available,0,1,,"36","0.0048345",paper_formula,Full Bernoulli event probability uses selected probabilities and non-selected complement probabilities.
44,18,3,continue,bernoulli_full_event,43,1,42,0.554835888332455,0.763684751076571,0.423719707269519,full_event_available,0,1,,"14","0.22621",paper_formula,Full Bernoulli event probability uses selected probabilities and non-selected complement probabilities.
44,18,4,continue,bernoulli_full_event,42,3,39,0.512014012192799,0.638317878398386,0.326827697973153,full_event_available,0,1,,"3,6,25","0.40421,0.042979,0.32019",paper_formula,Full Bernoulli event probability uses selected probabilities and non-selected complement probabilities.
44,18,5,max_depth_reached,bernoulli_full_event,0,0,0,NaN,NaN,1,terminal_stage_probability_one,1,0,,"","",,Terminal recording stage excluded from Bernoulli complement product.
44,19,1,continue,bernoulli_full_event,45,1,44,0.006453281825,0.753790141235827,0.00486442021830135,full_event_available,0,1,,"28","0.0016146",paper_formula,Full Bernoulli event probability uses selected probabilities and non-selected complement probabilities.
44,19,2,continue,bernoulli_full_event,44,1,43,1,0.75861358805977,0.75861358805977,full_event_available,0,1,,"38","0.33378",paper_formula,Full Bernoulli event probability uses selected probabilities and non-selected complement probabilities.
44,19,3,continue,bernoulli_full_event,39,4,35,0.256631595737599,0.798772339990723,0.204990220242875,full_event_available,0,1,,"8,14,19,23","0.60297,0.15037,0.75414,0.53154",paper_formula,Full Bernoulli event probability uses selected probabilities and non-selected complement probabilities.
44,19,4,continue,bernoulli_full_event,35,7,28,1,0.835281433821282,0.835281433821282,full_event_available,0,1,,"1,2,3,6,13,18,27","0.44531,0.57986,0.13606,0.025762,0.0215,0.08695,0.95268",paper_formula,Full Bernoulli event probability uses selected probabilities and non-selected complement probabilities.
44,19,5,max_depth_reached,bernoulli_full_event,0,0,0,NaN,NaN,1,terminal_stage_probability_one,1,0,,"","",,Terminal recording stage excluded from Bernoulli complement product.
44,20,1,no_new_outage,bernoulli_full_event,45,0,45,1,0.748925721017526,0.748925721017526,full_event_available,1,1,,"","",paper_formula,Full Bernoulli event probability uses selected probabilities and non-selected complement probabilities.
44,21,1,no_new_outage,bernoulli_full_event,45,0,45,1,0.748925721017526,0.748925721017526,full_event_available,1,1,,"","",paper_formula,Full Bernoulli event probability uses selected probabilities and non-selected complement probabilities.
44,22,1,no_new_outage,bernoulli_full_event,45,0,45,1,0.748925721017526,0.748925721017526,full_event_available,1,1,,"","",paper_formula,Full Bernoulli event probability uses selected probabilities and non-selected complement probabilities.
44,23,1,no_new_outage,bernoulli_full_event,45,0,45,1,0.748925721017526,0.748925721017526,full_event_available,1,1,,"","",paper_formula,Full Bernoulli event probability uses selected probabilities and non-selected complement probabilities.
44,24,1,no_new_outage,bernoulli_full_event,45,0,45,1,0.748925721017526,0.748925721017526,full_event_available,1,1,,"","",paper_formula,Full Bernoulli event probability uses selected probabilities and non-selected complement probabilities.
44,25,1,continue,bernoulli_full_event,45,1,44,0.00641467085,0.75376084876195,0.00483512774442454,full_event_available,0,1,,"7","0.0037051",paper_formula,Full Bernoulli event probability uses selected probabilities and non-selected complement probabilities.
44,25,2,continue,bernoulli_full_event,44,1,43,0.00635922945,0.758584863969228,0.00482401520727736,full_event_available,0,1,,"3","0.0038223",paper_formula,Full Bernoulli event probability uses selected probabilities and non-selected complement probabilities.
44,25,3,no_new_outage,bernoulli_full_event,43,0,43,1,0.758584863969228,0.758584863969228,full_event_available,1,1,,"","",paper_formula,Full Bernoulli event probability uses selected probabilities and non-selected complement probabilities.
44,26,1,continue,bernoulli_full_event,45,1,44,0.006009750625,0.753453790405323,0.00452806938779701,full_event_available,0,1,,"33","0.0022368",paper_formula,Full Bernoulli event probability uses selected probabilities and non-selected complement probabilities.
44,26,2,continue,bernoulli_full_event,44,4,40,0.000542541100714913,0.625396607936259,0.000339303364053111,full_event_available,0,1,,"8,19,23,27","0.22956,0.073115,0.37366,0.00029493",paper_formula,Full Bernoulli event probability uses selected probabilities and non-selected complement probabilities.
44,26,3,continue,bernoulli_full_event,38,9,29,0.154312700740377,0.163490345891933,0.0252286368195627,full_event_available,0,1,,"1,3,6,12,13,16,17,18,20","0.74861,0.37431,0.12598,0.65038,0.26957,0.61863,0.96571,0.67077,0.10987",paper_formula,Full Bernoulli event probability uses selected probabilities and non-selected complement probabilities.
44,26,4,load_loss_threshold,bernoulli_full_event,22,0,22,NaN,NaN,1,terminal_stage_probability_one,1,0,,"","",,Terminal recording stage excluded from Bernoulli complement product.
44,27,1,continue,bernoulli_full_event,45,3,42,2.58890347742516e-07,0.763433690945164,1.97645613727146e-07,full_event_available,0,1,,"18,31,38","0.0015684,0.0060627,0.0020242",paper_formula,Full Bernoulli event probability uses selected probabilities and non-selected complement probabilities.
44,27,2,continue,bernoulli_full_event,42,4,38,0.0065948554,0.783771621495213,0.00516886051038446,full_event_available,0,1,,"9,19,28,35","0.0048693,0.77979,0.56982,0.47555",paper_formula,Full Bernoulli event probability uses selected probabilities and non-selected complement probabilities.
44,27,3,continue,bernoulli_full_event,34,4,30,0.594555509282418,0.675101744957813,0.401385461790842,full_event_available,0,1,,"3,8,14,27","0.24183,0.51661,0.97083,0.080973",paper_formula,Full Bernoulli event probability uses selected probabilities and non-selected complement probabilities.
44,27,4,load_loss_threshold,bernoulli_full_event,0,0,0,NaN,NaN,1,terminal_stage_probability_one,1,0,,"","",,Terminal recording stage excluded from Bernoulli complement product.
44,28,1,no_new_outage,bernoulli_full_event,45,0,45,1,0.748925721017526,0.748925721017526,full_event_available,1,1,,"","",paper_formula,Full Bernoulli event probability uses selected probabilities and non-selected complement probabilities.
44,29,1,continue,bernoulli_full_event,45,1,44,0.006007770575,0.753452289512123,0.00452656849459732,full_event_available,0,1,,"15","0.0051255",paper_formula,Full Bernoulli event probability uses selected probabilities and non-selected complement probabilities.
44,29,2,continue,bernoulli_full_event,44,1,43,0.006425561125,0.758324952849269,0.00487266333714572,full_event_available,0,1,,"4","0.00028105",paper_formula,Full Bernoulli event probability uses selected probabilities and non-selected complement probabilities.
44,29,3,no_new_outage,bernoulli_full_event,43,0,43,1,0.758324952849269,0.758324952849269,full_event_available,1,1,,"","",paper_formula,Full Bernoulli event probability uses selected probabilities and non-selected complement probabilities.
44,30,1,no_new_outage,bernoulli_full_event,45,0,45,1,0.748925721017526,0.748925721017526,full_event_available,1,1,,"","",paper_formula,Full Bernoulli event probability uses selected probabilities and non-selected complement probabilities.
45,1,1,continue,bernoulli_full_event,45,1,44,0.006544364125,0.754180000642686,0.00493562853999847,full_event_available,0,1,,"11","0.0049477",paper_formula,Full Bernoulli event probability uses selected probabilities and non-selected complement probabilities.
45,1,2,continue,bernoulli_full_event,44,1,43,0.90957385751818,0.758919740210501,0.690293555649961,full_event_available,0,1,,"12","0.47958",paper_formula,Full Bernoulli event probability uses selected probabilities and non-selected complement probabilities.
45,1,3,continue,bernoulli_full_event,43,3,40,1,0.752511373420427,0.752511373420427,full_event_available,0,1,,"1,13,27","0.4604,0.51358,0.34466",paper_formula,Full Bernoulli event probability uses selected probabilities and non-selected complement probabilities.
45,1,4,load_loss_threshold,bernoulli_full_event,33,0,33,NaN,NaN,1,terminal_stage_probability_one,1,0,,"","",,Terminal recording stage excluded from Bernoulli complement product.
45,2,1,continue,bernoulli_full_event,45,1,44,0.006494862875,0.754142423733053,0.00489805163036633,full_event_available,0,1,,"32","0.0042781",paper_formula,Full Bernoulli event probability uses selected probabilities and non-selected complement probabilities.
45,2,2,continue,bernoulli_full_event,43,1,42,1,0.763278568299381,0.763278568299381,full_event_available,0,1,,"27","0.26972",paper_formula,Full Bernoulli event probability uses selected probabilities and non-selected complement probabilities.
45,2,3,continue,bernoulli_full_event,41,1,40,0.00662851625,0.773017374465726,0.0051239582281784,full_event_available,0,1,,"30","0.0030728",paper_formula,Full Bernoulli event probability uses selected probabilities and non-selected complement probabilities.
45,2,4,no_new_outage,bernoulli_full_event,40,0,40,1,0.773017374465726,0.773017374465726,full_event_available,1,1,,"","",paper_formula,Full Bernoulli event probability uses selected probabilities and non-selected complement probabilities.
45,3,1,continue,bernoulli_full_event,45,1,44,0.00656119455,0.754192777645021,0.00494840554233387,full_event_available,0,1,,"31","0.0021183",paper_formula,Full Bernoulli event probability uses selected probabilities and non-selected complement probabilities.
45,3,2,continue,bernoulli_full_event,44,1,43,0.006457241925,0.7590944340496,0.00490165640457923,full_event_available,0,1,,"43","0.0029242",paper_formula,Full Bernoulli event probability uses selected probabilities and non-selected complement probabilities.
45,3,3,no_new_outage,bernoulli_full_event,43,0,43,1,0.7590944340496,0.7590944340496,full_event_available,1,1,,"","",paper_formula,Full Bernoulli event probability uses selected probabilities and non-selected complement probabilities.
45,4,1,continue,bernoulli_full_event,45,1,44,0.00641467085,0.754081557085445,0.00483718498275862,full_event_available,0,1,,"7","0.0036711",paper_formula,Full Bernoulli event probability uses selected probabilities and non-selected complement probabilities.
45,4,2,no_new_outage,bernoulli_full_event,44,0,44,1,0.754081557085445,0.754081557085445,full_event_available,1,1,,"","",paper_formula,Full Bernoulli event probability uses selected probabilities and non-selected complement probabilities.
45,5,1,continue,bernoulli_full_event,45,1,44,0.00641863095,0.754084562615206,0.00484019051251917,full_event_available,0,1,,"1","0.0016558",paper_formula,Full Bernoulli event probability uses selected probabilities and non-selected complement probabilities.
45,5,2,continue,bernoulli_full_event,44,2,42,0.006494862875,0.763871892765434,0.0049612431975782,full_event_available,0,1,,"3,32","0.41474,0.00050834",paper_formula,Full Bernoulli event probability uses selected probabilities and non-selected complement probabilities.
45,5,3,continue,bernoulli_full_event,41,5,36,0.00357504899966826,0.793832783312835,0.00283799109788642,full_event_available,0,1,,"17,27,30,40,42","0.00053098,0.60904,0.44103,0.88728,0.12882",paper_formula,Full Bernoulli event probability uses selected probabilities and non-selected complement probabilities.
45,5,4,load_loss_threshold,bernoulli_full_event,28,0,28,NaN,NaN,1,terminal_stage_probability_one,1,0,,"","",,Terminal recording stage excluded from Bernoulli complement product.
45,6,1,no_new_outage,bernoulli_full_event,45,0,45,1,0.749244372102687,0.749244372102687,full_event_available,1,1,,"","",paper_formula,Full Bernoulli event probability uses selected probabilities and non-selected complement probabilities.
45,7,1,no_new_outage,bernoulli_full_event,45,0,45,1,0.749244372102687,0.749244372102687,full_event_available,1,1,,"","",paper_formula,Full Bernoulli event probability uses selected probabilities and non-selected complement probabilities.
45,8,1,no_new_outage,bernoulli_full_event,45,0,45,1,0.749244372102687,0.749244372102687,full_event_available,1,1,,"","",paper_formula,Full Bernoulli event probability uses selected probabilities and non-selected complement probabilities.
45,9,1,no_new_outage,bernoulli_full_event,45,0,45,1,0.749244372102687,0.749244372102687,full_event_available,1,1,,"","",paper_formula,Full Bernoulli event probability uses selected probabilities and non-selected complement probabilities.
45,10,1,no_new_outage,bernoulli_full_event,45,0,45,1,0.749244372102687,0.749244372102687,full_event_available,1,1,,"","",paper_formula,Full Bernoulli event probability uses selected probabilities and non-selected complement probabilities.
45,11,1,no_new_outage,bernoulli_full_event,45,0,45,1,0.749244372102687,0.749244372102687,full_event_available,1,1,,"","",paper_formula,Full Bernoulli event probability uses selected probabilities and non-selected complement probabilities.
45,12,1,no_new_outage,bernoulli_full_event,45,0,45,1,0.749244372102687,0.749244372102687,full_event_available,1,1,,"","",paper_formula,Full Bernoulli event probability uses selected probabilities and non-selected complement probabilities.
45,13,1,continue,bernoulli_full_event,45,2,43,4.20879034210639e-05,0.759061909952136,3.19473243566738e-05,full_event_available,0,1,,"7,10","0.0053978,0.0059742",paper_formula,Full Bernoulli event probability uses selected probabilities and non-selected complement probabilities.
45,13,2,continue,bernoulli_full_event,43,2,41,0.438475934369994,0.508361461379388,0.222904266776023,full_event_available,0,1,,"12,23","0.43762,0.011566",paper_formula,Full Bernoulli event probability uses selected probabilities and non-selected complement probabilities.
45,13,3,continue,bernoulli_full_event,34,3,31,0.148730035156964,0.820232184832081,0.121993161686949,full_event_available,0,1,,"3,6,17","0.69779,0.90942,0.020434",paper_formula,Full Bernoulli event probability uses selected probabilities and non-selected complement probabilities.
45,13,4,load_loss_threshold,bernoulli_full_event,0,0,0,NaN,NaN,1,terminal_stage_probability_one,1,0,,"","",,Terminal recording stage excluded from Bernoulli complement product.
45,14,1,continue,bernoulli_full_event,45,1,44,0.00649387285,0.754141672233055,0.00489730013036783,full_event_available,0,1,,"35","0.0012745",paper_formula,Full Bernoulli event probability uses selected probabilities and non-selected complement probabilities.
45,14,2,continue,bernoulli_full_event,44,3,41,0.998237954808418,0.769039512310216,0.767684429935413,full_event_available,0,1,,"29,36,38","0.28944,0.90726,0.31356",paper_formula,Full Bernoulli event probability uses selected probabilities and non-selected complement probabilities.
45,14,3,continue,bernoulli_full_event,39,3,36,0.290272708970605,0.478363573886204,0.138855890464809,full_event_available,0,1,,"8,19,23","0.088043,0.024149,0.13675",paper_formula,Full Bernoulli event probability uses selected probabilities and non-selected complement probabilities.
45,14,4,continue,bernoulli_full_event,36,9,27,0.42077713728239,0.840784699650478,0.353782978989762,full_event_available,0,1,,"1,3,6,12,13,16,17,18,27","0.81241,0.75204,0.38141,0.21261,0.47987,0.65816,0.47451,0.41746,0.77297",paper_formula,Full Bernoulli event probability uses selected probabilities and non-selected complement probabilities.
45,14,5,max_depth_reached,bernoulli_full_event,0,0,0,NaN,NaN,1,terminal_stage_probability_one,1,0,,"","",,Terminal recording stage excluded from Bernoulli complement product.
45,15,1,continue,bernoulli_full_event,45,2,43,4.08111923608152e-05,0.758909893419569,3.09720176448718e-05,full_event_available,0,1,,"1,24","0.0054884,0.0035227",paper_formula,Full Bernoulli event probability uses selected probabilities and non-selected complement probabilities.
45,15,2,continue,bernoulli_full_event,43,1,42,1,0.763766862142238,0.763766862142238,full_event_available,0,1,,"3","0.40201",paper_formula,Full Bernoulli event probability uses selected probabilities and non-selected complement probabilities.
45,15,3,continue,bernoulli_full_event,42,3,39,0.997798757921629,0.778997663706517,0.777282901270213,full_event_available,0,1,,"30,40,42","0.26457,0.47124,0.3447",paper_formula,Full Bernoulli event probability uses selected probabilities and non-selected complement probabilities.
45,15,4,load_loss_threshold,bernoulli_full_event,19,0,19,NaN,NaN,1,terminal_stage_probability_one,1,0,,"","",,Terminal recording stage excluded from Bernoulli complement product.
45,16,1,no_new_outage,bernoulli_full_event,45,0,45,1,0.749244372102687,0.749244372102687,full_event_available,1,1,,"","",paper_formula,Full Bernoulli event probability uses selected probabilities and non-selected complement probabilities.
45,17,1,continue,bernoulli_full_event,45,1,44,0.006245376575,0.753953093088913,0.00470872098622629,full_event_available,0,1,,"12","0.00098949",paper_formula,Full Bernoulli event probability uses selected probabilities and non-selected complement probabilities.
45,17,2,continue,bernoulli_full_event,44,3,41,3.31440240120099e-05,0.332924326790202,1.10344518813167e-05,full_event_available,0,1,,"11,34,41","0.077913,0.0043704,0.0022578",paper_formula,Full Bernoulli event probability uses selected probabilities and non-selected complement probabilities.
45,17,3,continue,bernoulli_full_event,41,2,39,0.669071355326276,0.778102548241155,0.520606126534538,full_event_available,0,1,,"1,8","0.57154,0.43268",paper_formula,Full Bernoulli event probability uses selected probabilities and non-selected complement probabilities.
45,17,4,load_loss_threshold,bernoulli_full_event,35,0,35,NaN,NaN,1,terminal_stage_probability_one,1,0,,"","",,Terminal recording stage excluded from Bernoulli complement product.
45,18,1,continue,bernoulli_full_event,45,1,44,0.006457241925,0.754113867785978,0.00486949568329153,full_event_available,0,1,,"43","0.0052422",paper_formula,Full Bernoulli event probability uses selected probabilities and non-selected complement probabilities.
45,18,2,no_new_outage,bernoulli_full_event,44,0,44,1,0.754113867785978,0.754113867785978,full_event_available,1,1,,"","",paper_formula,Full Bernoulli event probability uses selected probabilities and non-selected complement probabilities.
45,19,1,continue,bernoulli_full_event,45,1,44,0.0064483317,0.7541071048521,0.00486273274941302,full_event_available,0,1,,"25","0.004669",paper_formula,Full Bernoulli event probability uses selected probabilities and non-selected complement probabilities.
45,19,2,no_new_outage,bernoulli_full_event,44,0,44,1,0.7541071048521,0.7541071048521,full_event_available,1,1,,"","",paper_formula,Full Bernoulli event probability uses selected probabilities and non-selected complement probabilities.
45,20,1,no_new_outage,bernoulli_full_event,45,0,45,1,0.749244372102687,0.749244372102687,full_event_available,1,1,,"","",paper_formula,Full Bernoulli event probability uses selected probabilities and non-selected complement probabilities.
45,21,1,continue,bernoulli_full_event,45,1,44,0.00647011225,0.7541236366824,0.00487926457971335,full_event_available,0,1,,"40","0.0044243",paper_formula,Full Bernoulli event probability uses selected probabilities and non-selected complement probabilities.
45,21,2,no_new_outage,bernoulli_full_event,44,0,44,1,0.7541236366824,0.7541236366824,full_event_available,1,1,,"","",paper_formula,Full Bernoulli event probability uses selected probabilities and non-selected complement probabilities.
45,22,1,no_new_outage,bernoulli_full_event,45,0,45,1,0.749244372102687,0.749244372102687,full_event_available,1,1,,"","",paper_formula,Full Bernoulli event probability uses selected probabilities and non-selected complement probabilities.
45,23,1,no_new_outage,bernoulli_full_event,45,0,45,1,0.749244372102687,0.749244372102687,full_event_available,1,1,,"","",paper_formula,Full Bernoulli event probability uses selected probabilities and non-selected complement probabilities.
45,24,1,no_new_outage,bernoulli_full_event,45,0,45,1,0.749244372102687,0.749244372102687,full_event_available,1,1,,"","",paper_formula,Full Bernoulli event probability uses selected probabilities and non-selected complement probabilities.
45,25,1,no_new_outage,bernoulli_full_event,45,0,45,1,0.749244372102687,0.749244372102687,full_event_available,1,1,,"","",paper_formula,Full Bernoulli event probability uses selected probabilities and non-selected complement probabilities.
45,26,1,continue,bernoulli_full_event,45,1,44,0.006453281825,0.754110862022612,0.00486648991992561,full_event_available,0,1,,"28","0.0021586",paper_formula,Full Bernoulli event probability uses selected probabilities and non-selected complement probabilities.
45,26,2,continue,bernoulli_full_event,44,1,43,1,0.758936361114919,0.758936361114919,full_event_available,0,1,,"38","0.55077",paper_formula,Full Bernoulli event probability uses selected probabilities and non-selected complement probabilities.
45,26,3,continue,bernoulli_full_event,39,2,37,0.824678766706814,0.0984032980502741,0.0811511104759831,full_event_available,0,1,,"19,23","0.24902,0.87147",paper_formula,Full Bernoulli event probability uses selected probabilities and non-selected complement probabilities.
45,26,4,continue,bernoulli_full_event,37,5,32,0.947212405318947,0.814693833454452,0.771688105584905,full_event_available,0,1,,"8,10,13,14,18","0.52436,0.40065,0.15857,0.09856,0.24556",paper_formula,Full Bernoulli event probability uses selected probabilities and non-selected complement probabilities.
45,26,5,max_depth_reached,bernoulli_full_event,29,0,29,NaN,NaN,1,terminal_stage_probability_one,1,0,,"","",,Terminal recording stage excluded from Bernoulli complement product.
45,27,1,continue,bernoulli_full_event,45,1,44,0.00641467085,0.754081557085445,0.00483718498275862,full_event_available,0,1,,"7","0.0036515",paper_formula,Full Bernoulli event probability uses selected probabilities and non-selected complement probabilities.
45,27,2,no_new_outage,bernoulli_full_event,44,0,44,1,0.754081557085445,0.754081557085445,full_event_available,1,1,,"","",paper_formula,Full Bernoulli event probability uses selected probabilities and non-selected complement probabilities.
45,28,1,continue,bernoulli_full_event,45,1,44,0.006407740675,0.754076297466013,0.00483192536332637,full_event_available,0,1,,"21","0.0010376",paper_formula,Full Bernoulli event probability uses selected probabilities and non-selected complement probabilities.
45,28,2,no_new_outage,bernoulli_full_event,44,0,44,1,0.754076297466013,0.754076297466013,full_event_available,1,1,,"","",paper_formula,Full Bernoulli event probability uses selected probabilities and non-selected complement probabilities.
45,29,1,no_new_outage,bernoulli_full_event,45,0,45,1,0.749244372102687,0.749244372102687,full_event_available,1,1,,"","",paper_formula,Full Bernoulli event probability uses selected probabilities and non-selected complement probabilities.
45,30,1,continue,bernoulli_full_event,45,1,44,0.00656119455,0.754192777645021,0.00494840554233387,full_event_available,0,1,,"2","0.0047946",paper_formula,Full Bernoulli event probability uses selected probabilities and non-selected complement probabilities.
45,30,2,no_new_outage,bernoulli_full_event,44,0,44,1,0.601211828235746,0.601211828235746,full_event_available,1,1,,"","",paper_formula,Full Bernoulli event probability uses selected probabilities and non-selected complement probabilities.
46,1,1,continue,bernoulli_full_event,45,5,40,0.00308947663171258,0.773541189672313,0.00238983742915976,full_event_available,0,1,,"8,14,19,22,23","0.25634,0.91952,0.60171,0.0044223,0.63722",paper_formula,Full Bernoulli event probability uses selected probabilities and non-selected complement probabilities.
46,1,2,continue,bernoulli_full_event,40,6,34,1,0.130926802273297,0.130926802273297,full_event_available,0,1,,"1,2,3,13,18,40","0.58085,0.1336,0.29817,0.89104,0.16116,0.27271",paper_formula,Full Bernoulli event probability uses selected probabilities and non-selected complement probabilities.
46,1,3,load_loss_threshold,bernoulli_full_event,0,0,0,NaN,NaN,1,terminal_stage_probability_one,1,0,,"","",,Terminal recording stage excluded from Bernoulli complement product.
46,2,1,continue,bernoulli_full_event,45,3,42,0.613334821779148,0.163179995343664,0.100083973362029,full_event_available,0,1,,"8,14,19","0.29576,0.61079,0.014847",paper_formula,Full Bernoulli event probability uses selected probabilities and non-selected complement probabilities.
46,2,2,continue,bernoulli_full_event,42,4,38,1,0.783415558490796,0.783415558490796,full_event_available,0,1,,"1,3,18,40","0.30635,0.57774,0.13349,0.20186",paper_formula,Full Bernoulli event probability uses selected probabilities and non-selected complement probabilities.
46,2,3,load_loss_threshold,bernoulli_full_event,0,0,0,NaN,NaN,1,terminal_stage_probability_one,1,0,,"","",,Terminal recording stage excluded from Bernoulli complement product.
46,3,1,continue,bernoulli_full_event,45,3,42,0.785510313957043,0.295880403517785,0.232417108660992,full_event_available,0,1,,"8,14,23","0.60856,0.78846,0.69452",paper_formula,Full Bernoulli event probability uses selected probabilities and non-selected complement probabilities.
46,3,2,continue,bernoulli_full_event,42,8,34,0.230484622183555,0.803568090600957,0.185210087760923,full_event_available,0,1,,"1,2,3,6,13,18,27,40","0.19365,0.83589,0.29251,0.20676,0.50811,0.59516,0.088617,0.31344",paper_formula,Full Bernoulli event probability uses selected probabilities and non-selected complement probabilities.
46,3,3,load_loss_threshold,bernoulli_full_event,0,0,0,NaN,NaN,1,terminal_stage_probability_one,1,0,,"","",,Terminal recording stage excluded from Bernoulli complement product.
46,4,1,continue,bernoulli_full_event,45,4,41,0.48311794651358,0.768594494053974,0.371321793669,full_event_available,0,1,,"8,14,19,23","0.74114,0.5134,0.30914,0.66578",paper_formula,Full Bernoulli event probability uses selected probabilities and non-selected complement probabilities.
46,4,2,continue,bernoulli_full_event,41,6,35,1,0.130089542347419,0.130089542347419,full_event_available,0,1,,"1,2,3,13,18,40","0.40285,0.40919,0.31691,0.52923,0.84432,0.24019",paper_formula,Full Bernoulli event probability uses selected probabilities and non-selected complement probabilities.
46,4,3,load_loss_threshold,bernoulli_full_event,0,0,0,NaN,NaN,1,terminal_stage_probability_one,1,0,,"","",,Terminal recording stage excluded from Bernoulli complement product.
46,5,1,continue,bernoulli_full_event,45,3,42,0.785510313957043,0.295880403517785,0.232417108660992,full_event_available,0,1,,"8,14,23","0.66659,0.98416,0.60312",paper_formula,Full Bernoulli event probability uses selected probabilities and non-selected complement probabilities.
46,5,2,continue,bernoulli_full_event,42,7,35,0.770560489442001,0.563210467418068,0.433987733432525,full_event_available,0,1,,"1,2,3,13,18,27,40","0.59005,0.21054,0.40381,0.5046,0.67451,0.75724,0.62012",paper_formula,Full Bernoulli event probability uses selected probabilities and non-selected complement probabilities.
46,5,3,load_loss_threshold,bernoulli_full_event,0,0,0,NaN,NaN,1,terminal_stage_probability_one,1,0,,"","",,Terminal recording stage excluded from Bernoulli complement product.
46,6,1,continue,bernoulli_full_event,45,4,41,0.48311794651358,0.768594494053974,0.371321793669,full_event_available,0,1,,"8,14,19,23","0.66067,0.95049,0.27206,0.60682",paper_formula,Full Bernoulli event probability uses selected probabilities and non-selected complement probabilities.
46,6,2,continue,bernoulli_full_event,41,6,35,1,0.130089542347419,0.130089542347419,full_event_available,0,1,,"1,2,3,13,18,40","0.12158,0.38765,0.94432,0.97152,0.84576,0.92142",paper_formula,Full Bernoulli event probability uses selected probabilities and non-selected complement probabilities.
46,6,3,load_loss_threshold,bernoulli_full_event,0,0,0,NaN,NaN,1,terminal_stage_probability_one,1,0,,"","",,Terminal recording stage excluded from Bernoulli complement product.
46,7,1,continue,bernoulli_full_event,45,4,41,0.48311794651358,0.768594494053974,0.371321793669,full_event_available,0,1,,"8,14,19,23","0.8701,0.85896,0.19046,0.030602",paper_formula,Full Bernoulli event probability uses selected probabilities and non-selected complement probabilities.
46,7,2,continue,bernoulli_full_event,41,7,34,0.770560489442001,0.566988405924682,0.436898863577263,full_event_available,0,1,,"1,2,3,13,18,27,40","0.83991,0.32453,0.47133,0.44011,0.71072,0.26663,0.1136",paper_formula,Full Bernoulli event probability uses selected probabilities and non-selected complement probabilities.
46,7,3,load_loss_threshold,bernoulli_full_event,0,0,0,NaN,NaN,1,terminal_stage_probability_one,1,0,,"","",,Terminal recording stage excluded from Bernoulli complement product.
46,8,1,continue,bernoulli_full_event,45,4,41,0.48311794651358,0.768594494053974,0.371321793669,full_event_available,0,1,,"8,14,19,23","0.79032,0.91657,0.089235,0.28566",paper_formula,Full Bernoulli event probability uses selected probabilities and non-selected complement probabilities.
46,8,2,continue,bernoulli_full_event,41,7,34,0.770560489442001,0.566988405924682,0.436898863577263,full_event_available,0,1,,"1,2,3,13,18,27,40","0.14603,0.84668,0.746,0.63837,0.052032,0.71674,0.43184",paper_formula,Full Bernoulli event probability uses selected probabilities and non-selected complement probabilities.
46,8,3,load_loss_threshold,bernoulli_full_event,0,0,0,NaN,NaN,1,terminal_stage_probability_one,1,0,,"","",,Terminal recording stage excluded from Bernoulli complement product.
46,9,1,continue,bernoulli_full_event,45,5,40,0.00315356867694219,0.773644484498357,0.00243974101340311,full_event_available,0,1,,"6,8,14,19,23","0.0021595,0.79551,0.45611,0.18308,0.069462",paper_formula,Full Bernoulli event probability uses selected probabilities and non-selected complement probabilities.
46,9,2,continue,bernoulli_full_event,40,11,29,0.584218743704695,0.830183840750271,0.485008960487062,full_event_available,0,1,,"1,2,3,7,9,13,18,24,25,27,40","0.52052,0.46407,0.63008,0.80146,0.29533,0.25764,0.78497,0.016247,0.12308,0.11204,0.59214",paper_formula,Full Bernoulli event probability uses selected probabilities and non-selected complement probabilities.
46,9,3,load_loss_threshold,bernoulli_full_event,14,0,14,NaN,NaN,1,terminal_stage_probability_one,1,0,,"","",,Terminal recording stage excluded from Bernoulli complement product.
46,10,1,continue,bernoulli_full_event,45,4,41,0.48311794651358,0.768594494053974,0.371321793669,full_event_available,0,1,,"8,14,19,23","0.20386,0.54928,0.13795,0.6741",paper_formula,Full Bernoulli event probability uses selected probabilities and non-selected complement probabilities.
46,10,2,continue,bernoulli_full_event,41,7,34,0.770560489442001,0.566988405924682,0.436898863577263,full_event_available,0,1,,"1,2,3,13,18,27,40","0.20574,0.032746,0.39344,0.67322,0.10262,0.53826,0.92782",paper_formula,Full Bernoulli event probability uses selected probabilities and non-selected complement probabilities.
46,10,3,load_loss_threshold,bernoulli_full_event,0,0,0,NaN,NaN,1,terminal_stage_probability_one,1,0,,"","",,Terminal recording stage excluded from Bernoulli complement product.
46,11,1,continue,bernoulli_full_event,45,4,41,0.48311794651358,0.768594494053974,0.371321793669,full_event_available,0,1,,"8,14,19,23","0.013827,0.16993,0.61484,0.28099",paper_formula,Full Bernoulli event probability uses selected probabilities and non-selected complement probabilities.
46,11,2,continue,bernoulli_full_event,41,7,34,0.770560489442001,0.566988405924682,0.436898863577263,full_event_available,0,1,,"1,2,3,13,18,27,40","0.46319,0.81847,0.10108,0.61808,0.72054,0.70856,0.86904",paper_formula,Full Bernoulli event probability uses selected probabilities and non-selected complement probabilities.
46,11,3,load_loss_threshold,bernoulli_full_event,0,0,0,NaN,NaN,1,terminal_stage_probability_one,1,0,,"","",,Terminal recording stage excluded from Bernoulli complement product.
46,12,1,continue,bernoulli_full_event,45,5,40,0.00303782035645289,0.773457957198313,0.00234962632723751,full_event_available,0,1,,"8,14,19,23,26","0.055585,0.012229,0.13379,0.43015,0.0024618",paper_formula,Full Bernoulli event probability uses selected probabilities and non-selected complement probabilities.
46,12,2,continue,bernoulli_full_event,40,7,33,1,0.692078950037261,0.692078950037261,full_event_available,0,1,,"1,2,3,13,18,25,40","0.67543,0.26248,0.88065,0.57373,0.1185,0.14918,0.021612",paper_formula,Full Bernoulli event probability uses selected probabilities and non-selected complement probabilities.
46,12,3,load_loss_threshold,bernoulli_full_event,6,0,6,NaN,NaN,1,terminal_stage_probability_one,1,0,,"","",,Terminal recording stage excluded from Bernoulli complement product.
46,13,1,continue,bernoulli_full_event,45,4,41,0.48311794651358,0.768594494053974,0.371321793669,full_event_available,0,1,,"8,14,19,23","0.42347,0.13536,0.16208,0.023534",paper_formula,Full Bernoulli event probability uses selected probabilities and non-selected complement probabilities.
46,13,2,continue,bernoulli_full_event,41,9,32,2.9604097113771e-05,0.574086539350788,1.69953136626494e-05,full_event_available,0,1,,"1,2,3,13,15,18,22,27,40","0.72118,0.32527,0.32485,0.21483,0.0013658,0.78191,0.0027273,0.37667,0.92095",paper_formula,Full Bernoulli event probability uses selected probabilities and non-selected complement probabilities.
46,13,3,load_loss_threshold,bernoulli_full_event,0,0,0,NaN,NaN,1,terminal_stage_probability_one,1,0,,"","",,Terminal recording stage excluded from Bernoulli complement product.
46,14,1,continue,bernoulli_full_event,45,4,41,0.48311794651358,0.768594494053974,0.371321793669,full_event_available,0,1,,"8,14,19,23","0.40108,0.64893,0.19522,0.76081",paper_formula,Full Bernoulli event probability uses selected probabilities and non-selected complement probabilities.
46,14,2,continue,bernoulli_full_event,41,6,35,1,0.130089542347419,0.130089542347419,full_event_available,0,1,,"1,2,3,13,18,40","0.38813,0.34779,0.77919,0.13229,0.70921,0.12146",paper_formula,Full Bernoulli event probability uses selected probabilities and non-selected complement probabilities.
46,14,3,load_loss_threshold,bernoulli_full_event,0,0,0,NaN,NaN,1,terminal_stage_probability_one,1,0,,"","",,Terminal recording stage excluded from Bernoulli complement product.
46,15,1,continue,bernoulli_full_event,45,3,42,0.785510313957043,0.295880403517785,0.232417108660992,full_event_available,0,1,,"8,14,23","0.63637,0.98472,0.78168",paper_formula,Full Bernoulli event probability uses selected probabilities and non-selected complement probabilities.
46,15,2,continue,bernoulli_full_event,42,8,34,0.230484622183555,0.803568090600957,0.185210087760923,full_event_available,0,1,,"1,2,3,6,13,18,27,40","0.59859,0.044645,0.25223,0.028502,0.74956,0.32622,0.64996,0.27432",paper_formula,Full Bernoulli event probability uses selected probabilities and non-selected complement probabilities.
46,15,3,load_loss_threshold,bernoulli_full_event,0,0,0,NaN,NaN,1,terminal_stage_probability_one,1,0,,"","",,Terminal recording stage excluded from Bernoulli complement product.
46,16,1,continue,bernoulli_full_event,45,4,41,0.0051803269357553,0.297844645889088,0.00154293264176974,full_event_available,0,1,,"8,9,14,23","0.88492,0.005218,0.8546,0.62603",paper_formula,Full Bernoulli event probability uses selected probabilities and non-selected complement probabilities.
46,16,2,continue,bernoulli_full_event,41,8,33,0.711940033701074,0.454798293456016,0.323789112370267,full_event_available,0,1,,"1,2,3,6,13,18,27,40","0.33376,0.7348,0.38784,0.53967,0.83801,0.82593,0.09808,0.16467",paper_formula,Full Bernoulli event probability uses selected probabilities and non-selected complement probabilities.
46,16,3,load_loss_threshold,bernoulli_full_event,0,0,0,NaN,NaN,1,terminal_stage_probability_one,1,0,,"","",,Terminal recording stage excluded from Bernoulli complement product.
46,17,1,continue,bernoulli_full_event,45,4,41,0.48311794651358,0.768594494053974,0.371321793669,full_event_available,0,1,,"8,14,19,23","0.91237,0.83994,0.56278,0.30795",paper_formula,Full Bernoulli event probability uses selected probabilities and non-selected complement probabilities.
46,17,2,continue,bernoulli_full_event,41,8,33,0.230484622183555,0.808958315051303,0.186452451606845,full_event_available,0,1,,"1,2,3,6,13,18,27,40","0.78395,0.83774,0.087873,0.2568,0.5978,0.28275,0.1027,0.79827",paper_formula,Full Bernoulli event probability uses selected probabilities and non-selected complement probabilities.
46,17,3,load_loss_threshold,bernoulli_full_event,0,0,0,NaN,NaN,1,terminal_stage_probability_one,1,0,,"","",,Terminal recording stage excluded from Bernoulli complement product.
46,18,1,continue,bernoulli_full_event,45,6,39,2.0367941803372e-05,0.778674116151111,1.5859989081558e-05,full_event_available,0,1,,"2,4,8,14,19,23","0.0014632,0.0024041,0.59597,0.72109,0.3741,0.18301",paper_formula,Full Bernoulli event probability uses selected probabilities and non-selected complement probabilities.
46,18,2,load_loss_threshold,bernoulli_full_event,28,0,28,NaN,NaN,1,terminal_stage_probability_one,1,0,,"","",,Terminal recording stage excluded from Bernoulli complement product.
46,19,1,continue,bernoulli_full_event,45,4,41,0.48311794651358,0.768594494053974,0.371321793669,full_event_available,0,1,,"8,14,19,23","0.88537,0.66315,0.61025,0.31654",paper_formula,Full Bernoulli event probability uses selected probabilities and non-selected complement probabilities.
46,19,2,continue,bernoulli_full_event,41,8,33,0.00463087638302437,0.570416466641592,0.00264152814385875,full_event_available,0,1,,"1,2,3,13,18,27,33,40","0.57445,0.2846,0.4873,0.85609,0.52553,0.4918,0.0024207,0.43092",paper_formula,Full Bernoulli event probability uses selected probabilities and non-selected complement probabilities.
46,19,3,load_loss_threshold,bernoulli_full_event,0,0,0,NaN,NaN,1,terminal_stage_probability_one,1,0,,"","",,Terminal recording stage excluded from Bernoulli complement product.
46,20,1,continue,bernoulli_full_event,45,4,41,0.48311794651358,0.768594494053974,0.371321793669,full_event_available,0,1,,"8,14,19,23","0.61059,0.86009,0.030193,0.09951",paper_formula,Full Bernoulli event probability uses selected probabilities and non-selected complement probabilities.
46,20,2,continue,bernoulli_full_event,41,8,33,0.230484622183555,0.808958315051303,0.186452451606845,full_event_available,0,1,,"1,2,3,6,13,18,27,40","0.84041,0.29537,0.94304,0.0083057,0.07232,0.44554,0.6906,0.42416",paper_formula,Full Bernoulli event probability uses selected probabilities and non-selected complement probabilities.
46,20,3,load_loss_threshold,bernoulli_full_event,0,0,0,NaN,NaN,1,terminal_stage_probability_one,1,0,,"","",,Terminal recording stage excluded from Bernoulli complement product.
46,21,1,continue,bernoulli_full_event,45,4,41,0.48311794651358,0.768594494053974,0.371321793669,full_event_available,0,1,,"8,14,19,23","0.82899,0.74433,0.41992,0.11224",paper_formula,Full Bernoulli event probability uses selected probabilities and non-selected complement probabilities.
46,21,2,continue,bernoulli_full_event,41,7,34,0.770560489442001,0.566988405924682,0.436898863577263,full_event_available,0,1,,"1,2,3,13,18,27,40","0.75374,0.40322,0.11618,0.56933,0.12837,0.76292,0.75949",paper_formula,Full Bernoulli event probability uses selected probabilities and non-selected complement probabilities.
46,21,3,load_loss_threshold,bernoulli_full_event,0,0,0,NaN,NaN,1,terminal_stage_probability_one,1,0,,"","",,Terminal recording stage excluded from Bernoulli complement product.
46,22,1,continue,bernoulli_full_event,45,5,40,0.00309904260861252,0.773556605059273,0.00239728487925234,full_event_available,0,1,,"7,8,14,19,23","0.00035223,0.36463,0.16566,0.34732,0.14224",paper_formula,Full Bernoulli event probability uses selected probabilities and non-selected complement probabilities.
46,22,2,continue,bernoulli_full_event,40,7,33,1,0.461150731998912,0.461150731998912,full_event_available,0,1,,"1,2,3,6,13,18,40","0.9921,0.73427,0.75527,0.36552,0.34179,0.71663,0.55801",paper_formula,Full Bernoulli event probability uses selected probabilities and non-selected complement probabilities.
46,22,3,load_loss_threshold,bernoulli_full_event,21,0,21,NaN,NaN,1,terminal_stage_probability_one,1,0,,"","",,Terminal recording stage excluded from Bernoulli complement product.
46,23,1,continue,bernoulli_full_event,45,5,40,0.0031196094589474,0.773589750221857,0.00241329790213686,full_event_available,0,1,,"5,8,14,19,23","0.0020625,0.52652,0.23334,0.38816,0.76529",paper_formula,Full Bernoulli event probability uses selected probabilities and non-selected complement probabilities.
46,23,2,continue,bernoulli_full_event,40,6,34,0.871616318446444,0.803667401568087,0.700489621810196,full_event_available,0,1,,"1,2,3,13,18,27","0.78883,0.44271,0.50194,0.32836,0.071204,0.12924",paper_formula,Full Bernoulli event probability uses selected probabilities and non-selected complement probabilities.
46,23,3,load_loss_threshold,bernoulli_full_event,22,0,22,NaN,NaN,1,terminal_stage_probability_one,1,0,,"","",,Terminal recording stage excluded from Bernoulli complement product.
46,24,1,continue,bernoulli_full_event,45,3,42,0.613334821779148,0.163179995343664,0.100083973362029,full_event_available,0,1,,"8,14,19","0.94483,0.35771,0.58953",paper_formula,Full Bernoulli event probability uses selected probabilities and non-selected complement probabilities.
46,24,2,continue,bernoulli_full_event,42,4,38,1,0.783415558490796,0.783415558490796,full_event_available,0,1,,"1,3,18,40","0.061704,0.21279,0.61402,0.69936",paper_formula,Full Bernoulli event probability uses selected probabilities and non-selected complement probabilities.
46,24,3,load_loss_threshold,bernoulli_full_event,0,0,0,NaN,NaN,1,terminal_stage_probability_one,1,0,,"","",,Terminal recording stage excluded from Bernoulli complement product.
46,25,1,continue,bernoulli_full_event,45,3,42,0.785510313957043,0.295880403517785,0.232417108660992,full_event_available,0,1,,"8,14,23","0.19992,0.4674,0.74748",paper_formula,Full Bernoulli event probability uses selected probabilities and non-selected complement probabilities.
46,25,2,continue,bernoulli_full_event,42,8,34,0.230484622183555,0.803568090600957,0.185210087760923,full_event_available,0,1,,"1,2,3,6,13,18,27,40","0.28482,0.38114,0.97841,0.26217,0.27502,0.17081,0.44534,0.84801",paper_formula,Full Bernoulli event probability uses selected probabilities and non-selected complement probabilities.
46,25,3,load_loss_threshold,bernoulli_full_event,0,0,0,NaN,NaN,1,terminal_stage_probability_one,1,0,,"","",,Terminal recording stage excluded from Bernoulli complement product.
46,26,1,continue,bernoulli_full_event,45,4,41,0.48311794651358,0.768594494053974,0.371321793669,full_event_available,0,1,,"8,14,19,23","0.16992,0.47208,0.51505,0.55365",paper_formula,Full Bernoulli event probability uses selected probabilities and non-selected complement probabilities.
46,26,2,continue,bernoulli_full_event,41,7,34,0.770560489442001,0.566988405924682,0.436898863577263,full_event_available,0,1,,"1,2,3,13,18,27,40","0.39707,0.89316,0.52441,0.99297,0.73586,0.72131,0.80344",paper_formula,Full Bernoulli event probability uses selected probabilities and non-selected complement probabilities.
46,26,3,load_loss_threshold,bernoulli_full_event,0,0,0,NaN,NaN,1,terminal_stage_probability_one,1,0,,"","",,Terminal recording stage excluded from Bernoulli complement product.
46,27,1,continue,bernoulli_full_event,45,4,41,0.48311794651358,0.768594494053974,0.371321793669,full_event_available,0,1,,"8,14,19,23","0.23703,0.17914,0.31122,0.6186",paper_formula,Full Bernoulli event probability uses selected probabilities and non-selected complement probabilities.
46,27,2,continue,bernoulli_full_event,41,7,34,0.299112951340732,0.185606999867195,0.0555174575197753,full_event_available,0,1,,"1,2,3,6,13,18,40","0.23222,0.07703,0.28588,0.29907,0.10342,0.078969,0.95636",paper_formula,Full Bernoulli event probability uses selected probabilities and non-selected complement probabilities.
46,27,3,load_loss_threshold,bernoulli_full_event,0,0,0,NaN,NaN,1,terminal_stage_probability_one,1,0,,"","",,Terminal recording stage excluded from Bernoulli complement product.
46,28,1,continue,bernoulli_full_event,45,4,41,0.48311794651358,0.768594494053974,0.371321793669,full_event_available,0,1,,"8,14,19,23","0.90782,0.62778,0.37237,0.66141",paper_formula,Full Bernoulli event probability uses selected probabilities and non-selected complement probabilities.
46,28,2,continue,bernoulli_full_event,41,7,34,0.770560489442001,0.566988405924682,0.436898863577263,full_event_available,0,1,,"1,2,3,13,18,27,40","0.034295,0.021383,0.023804,0.73438,0.41436,0.070156,0.79356",paper_formula,Full Bernoulli event probability uses selected probabilities and non-selected complement probabilities.
46,28,3,load_loss_threshold,bernoulli_full_event,0,0,0,NaN,NaN,1,terminal_stage_probability_one,1,0,,"","",,Terminal recording stage excluded from Bernoulli complement product.
46,29,1,continue,bernoulli_full_event,45,3,42,0.785510313957043,0.295880403517785,0.232417108660992,full_event_available,0,1,,"8,14,23","0.10177,0.42214,0.62148",paper_formula,Full Bernoulli event probability uses selected probabilities and non-selected complement probabilities.
46,29,2,continue,bernoulli_full_event,42,7,35,0.770560489442001,0.563210467418068,0.433987733432525,full_event_available,0,1,,"1,2,3,13,18,27,40","0.42759,0.24872,0.13541,0.95423,0.51603,0.46111,0.47927",paper_formula,Full Bernoulli event probability uses selected probabilities and non-selected complement probabilities.
46,29,3,load_loss_threshold,bernoulli_full_event,0,0,0,NaN,NaN,1,terminal_stage_probability_one,1,0,,"","",,Terminal recording stage excluded from Bernoulli complement product.
46,30,1,continue,bernoulli_full_event,45,3,42,0.785510313957043,0.295880403517785,0.232417108660992,full_event_available,0,1,,"8,14,23","0.9961,0.36137,0.19922",paper_formula,Full Bernoulli event probability uses selected probabilities and non-selected complement probabilities.
46,30,2,continue,bernoulli_full_event,42,6,36,1,0.129222733985544,0.129222733985544,full_event_available,0,1,,"1,2,3,13,18,40","0.63448,0.43431,0.92147,0.68026,0.80298,0.85513",paper_formula,Full Bernoulli event probability uses selected probabilities and non-selected complement probabilities.
46,30,3,load_loss_threshold,bernoulli_full_event,0,0,0,NaN,NaN,1,terminal_stage_probability_one,1,0,,"","",,Terminal recording stage excluded from Bernoulli complement product.
