initial_branch,trial_id,stage_id,terminated_reason,stage_probability_mode,candidate_count,selected_candidate_count,unselected_candidate_count,selected_probability_product,unselected_probability_product,stage_transition_probability,probability_status,terminal_stage_flag,should_multiply_candidate_complements,missing_reason,selected_branch_ids,random_u_selected,candidate_probability_basis,note
1,1,1,continue,bernoulli_full_event,45,1,44,1,0.935538700449752,0.935538700449752,full_event_available,0,1,,"3","0.16777",paper_formula,Full Bernoulli event probability uses selected probabilities and non-selected complement probabilities.
1,1,2,continue,bernoulli_full_event,44,2,42,1,0.93862312321996,0.93862312321996,full_event_available,0,1,,"40,42","0.86507,0.70673",paper_formula,Full Bernoulli event probability uses selected probabilities and non-selected complement probabilities.
1,1,3,continue,bernoulli_full_event,35,3,32,0.255489116613083,0.491973498974202,0.125693874649966,full_event_available,0,1,,"8,14,19","0.18445,0.55492,0.31452",paper_formula,Full Bernoulli event probability uses selected probabilities and non-selected complement probabilities.
1,1,4,load_loss_threshold,bernoulli_full_event,32,0,32,NaN,NaN,1,terminal_stage_probability_one,1,0,,"","",,Terminal recording stage excluded from Bernoulli complement product.
1,2,1,continue,bernoulli_full_event,45,1,44,1,0.935538700449752,0.935538700449752,full_event_available,0,1,,"3","0.63933",paper_formula,Full Bernoulli event probability uses selected probabilities and non-selected complement probabilities.
1,2,2,continue,bernoulli_full_event,44,2,42,1,0.93862312321996,0.93862312321996,full_event_available,0,1,,"40,42","0.92201,0.45724",paper_formula,Full Bernoulli event probability uses selected probabilities and non-selected complement probabilities.
1,2,3,continue,bernoulli_full_event,35,3,32,0.255489116613083,0.491973498974202,0.125693874649966,full_event_available,0,1,,"8,14,19","0.28448,0.58236,0.33504",paper_formula,Full Bernoulli event probability uses selected probabilities and non-selected complement probabilities.
1,2,4,load_loss_threshold,bernoulli_full_event,32,0,32,NaN,NaN,1,terminal_stage_probability_one,1,0,,"","",,Terminal recording stage excluded from Bernoulli complement product.
1,3,1,continue,bernoulli_full_event,45,1,44,1,0.935538700449752,0.935538700449752,full_event_available,0,1,,"3","0.59",paper_formula,Full Bernoulli event probability uses selected probabilities and non-selected complement probabilities.
1,3,2,continue,bernoulli_full_event,44,2,42,1,0.93862312321996,0.93862312321996,full_event_available,0,1,,"40,42","0.61202,0.63195",paper_formula,Full Bernoulli event probability uses selected probabilities and non-selected complement probabilities.
1,3,3,continue,bernoulli_full_event,35,1,34,1,0.0936089146050752,0.0936089146050752,full_event_available,0,1,,"14","0.097522",paper_formula,Full Bernoulli event probability uses selected probabilities and non-selected complement probabilities.
1,3,4,continue,bernoulli_full_event,34,3,31,0.839173690890878,0.540670950106956,0.453716836758732,full_event_available,0,1,,"16,17,27","0.41344,0.401,0.39398",paper_formula,Full Bernoulli event probability uses selected probabilities and non-selected complement probabilities.
1,3,5,max_depth_reached,bernoulli_full_event,27,0,27,NaN,NaN,1,terminal_stage_probability_one,1,0,,"","",,Terminal recording stage excluded from Bernoulli complement product.
1,4,1,continue,bernoulli_full_event,45,1,44,1,0.935538700449752,0.935538700449752,full_event_available,0,1,,"3","0.80698",paper_formula,Full Bernoulli event probability uses selected probabilities and non-selected complement probabilities.
1,4,2,continue,bernoulli_full_event,44,2,42,1,0.93862312321996,0.93862312321996,full_event_available,0,1,,"40,42","0.013544,0.44016",paper_formula,Full Bernoulli event probability uses selected probabilities and non-selected complement probabilities.
1,4,3,continue,bernoulli_full_event,35,3,32,0.156148053894254,0.257663733046025,0.0402336904742654,full_event_available,0,1,,"14,19,23","0.30704,0.21056,0.07474",paper_formula,Full Bernoulli event probability uses selected probabilities and non-selected complement probabilities.
1,4,4,continue,bernoulli_full_event,32,6,26,1,0.125488987948489,0.125488987948489,full_event_available,0,1,,"8,13,16,17,18,27","0.99064,0.67786,0.90053,0.44312,0.62752,0.84548",paper_formula,Full Bernoulli event probability uses selected probabilities and non-selected complement probabilities.
1,4,5,max_depth_reached,bernoulli_full_event,0,0,0,NaN,NaN,1,terminal_stage_probability_one,1,0,,"","",,Terminal recording stage excluded from Bernoulli complement product.
1,5,1,continue,bernoulli_full_event,45,1,44,1,0.935538700449752,0.935538700449752,full_event_available,0,1,,"3","0.046224",paper_formula,Full Bernoulli event probability uses selected probabilities and non-selected complement probabilities.
1,5,2,continue,bernoulli_full_event,44,2,42,1,0.93862312321996,0.93862312321996,full_event_available,0,1,,"40,42","0.37098,0.51687",paper_formula,Full Bernoulli event probability uses selected probabilities and non-selected complement probabilities.
1,5,3,continue,bernoulli_full_event,35,2,33,0.700485210606758,0.312535199996997,0.218926285391922,full_event_available,0,1,,"8,14","0.32065,0.93604",paper_formula,Full Bernoulli event probability uses selected probabilities and non-selected complement probabilities.
1,5,4,continue,bernoulli_full_event,33,7,26,1,0.648890416320401,0.648890416320401,full_event_available,0,1,,"9,16,17,19,20,23,27","0.50955,0.89122,0.87122,0.39516,0.81941,0.70593,0.06284",paper_formula,Full Bernoulli event probability uses selected probabilities and non-selected complement probabilities.
1,5,5,max_depth_reached,bernoulli_full_event,0,0,0,NaN,NaN,1,terminal_stage_probability_one,1,0,,"","",,Terminal recording stage excluded from Bernoulli complement product.
1,6,1,continue,bernoulli_full_event,45,1,44,1,0.935538700449752,0.935538700449752,full_event_available,0,1,,"3","0.45324",paper_formula,Full Bernoulli event probability uses selected probabilities and non-selected complement probabilities.
1,6,2,continue,bernoulli_full_event,44,2,42,1,0.93862312321996,0.93862312321996,full_event_available,0,1,,"40,42","0.8885,0.21896",paper_formula,Full Bernoulli event probability uses selected probabilities and non-selected complement probabilities.
1,6,3,continue,bernoulli_full_event,35,4,31,0.109379402417952,0.860270484699607,0.0940958715342449,full_event_available,0,1,,"8,14,19,23","0.17114,0.99469,0.11483,0.29919",paper_formula,Full Bernoulli event probability uses selected probabilities and non-selected complement probabilities.
1,6,4,load_loss_threshold,bernoulli_full_event,19,0,19,NaN,NaN,1,terminal_stage_probability_one,1,0,,"","",,Terminal recording stage excluded from Bernoulli complement product.
1,7,1,continue,bernoulli_full_event,45,1,44,1,0.935538700449752,0.935538700449752,full_event_available,0,1,,"3","0.38669",paper_formula,Full Bernoulli event probability uses selected probabilities and non-selected complement probabilities.
1,7,2,continue,bernoulli_full_event,44,3,41,0.001650894553,0.940175253424704,0.00155213020474424,full_event_available,0,1,,"20,40,42","0.0010489,0.48315,0.47886",paper_formula,Full Bernoulli event probability uses selected probabilities and non-selected complement probabilities.
1,7,3,continue,bernoulli_full_event,34,2,32,1,0.952505233430592,0.952505233430592,full_event_available,0,1,,"14,27","0.89716,0.74798",paper_formula,Full Bernoulli event probability uses selected probabilities and non-selected complement probabilities.
1,7,4,load_loss_threshold,bernoulli_full_event,0,0,0,NaN,NaN,1,terminal_stage_probability_one,1,0,,"","",,Terminal recording stage excluded from Bernoulli complement product.
1,8,1,continue,bernoulli_full_event,45,1,44,1,0.935538700449752,0.935538700449752,full_event_available,0,1,,"3","0.49256",paper_formula,Full Bernoulli event probability uses selected probabilities and non-selected complement probabilities.
1,8,2,continue,bernoulli_full_event,44,3,41,0.00174770065,0.940266427466417,0.00164330424645623,full_event_available,0,1,,"30,40,42","0.00042019,0.58211,0.46622",paper_formula,Full Bernoulli event probability uses selected probabilities and non-selected complement probabilities.
1,8,3,continue,bernoulli_full_event,34,5,29,0.146092835263707,0.95737610696759,0.139865789880625,full_event_available,0,1,,"6,8,10,14,20","0.44021,0.28319,0.29218,0.184,0.18515",paper_formula,Full Bernoulli event probability uses selected probabilities and non-selected complement probabilities.
1,8,4,load_loss_threshold,bernoulli_full_event,28,0,28,NaN,NaN,1,terminal_stage_probability_one,1,0,,"","",,Terminal recording stage excluded from Bernoulli complement product.
1,9,1,continue,bernoulli_full_event,45,1,44,1,0.935538700449752,0.935538700449752,full_event_available,0,1,,"3","0.46127",paper_formula,Full Bernoulli event probability uses selected probabilities and non-selected complement probabilities.
1,9,2,continue,bernoulli_full_event,44,2,42,1,0.93862312321996,0.93862312321996,full_event_available,0,1,,"40,42","0.45955,0.60941",paper_formula,Full Bernoulli event probability uses selected probabilities and non-selected complement probabilities.
1,9,3,continue,bernoulli_full_event,35,3,32,0.299890088292149,0.546502623713891,0.16389072007745,full_event_available,0,1,,"8,14,23","0.59734,0.72311,0.40376",paper_formula,Full Bernoulli event probability uses selected probabilities and non-selected complement probabilities.
1,9,4,load_loss_threshold,bernoulli_full_event,19,0,19,NaN,NaN,1,terminal_stage_probability_one,1,0,,"","",,Terminal recording stage excluded from Bernoulli complement product.
1,10,1,continue,bernoulli_full_event,45,1,44,1,0.935538700449752,0.935538700449752,full_event_available,0,1,,"3","0.77317",paper_formula,Full Bernoulli event probability uses selected probabilities and non-selected complement probabilities.
1,10,2,continue,bernoulli_full_event,44,2,42,1,0.93862312321996,0.93862312321996,full_event_available,0,1,,"40,42","0.57062,0.3997",paper_formula,Full Bernoulli event probability uses selected probabilities and non-selected complement probabilities.
1,10,3,continue,bernoulli_full_event,35,2,33,0.700485210606758,0.312535199996997,0.218926285391922,full_event_available,0,1,,"8,14","0.50575,0.069931",paper_formula,Full Bernoulli event probability uses selected probabilities and non-selected complement probabilities.
1,10,4,continue,bernoulli_full_event,33,7,26,1,0.648890416320401,0.648890416320401,full_event_available,0,1,,"9,16,17,19,20,23,27","0.15866,0.95689,0.6779,0.66637,0.40986,0.40962,0.52081",paper_formula,Full Bernoulli event probability uses selected probabilities and non-selected complement probabilities.
1,10,5,max_depth_reached,bernoulli_full_event,0,0,0,NaN,NaN,1,terminal_stage_probability_one,1,0,,"","",,Terminal recording stage excluded from Bernoulli complement product.
1,11,1,continue,bernoulli_full_event,45,1,44,1,0.935538700449752,0.935538700449752,full_event_available,0,1,,"3","0.021757",paper_formula,Full Bernoulli event probability uses selected probabilities and non-selected complement probabilities.
1,11,2,continue,bernoulli_full_event,44,2,42,1,0.93862312321996,0.93862312321996,full_event_available,0,1,,"40,42","0.68371,0.84331",paper_formula,Full Bernoulli event probability uses selected probabilities and non-selected complement probabilities.
1,11,3,continue,bernoulli_full_event,35,3,32,0.299890088292149,0.546502623713891,0.16389072007745,full_event_available,0,1,,"8,14,23","0.3301,0.67808,0.1946",paper_formula,Full Bernoulli event probability uses selected probabilities and non-selected complement probabilities.
1,11,4,load_loss_threshold,bernoulli_full_event,19,0,19,NaN,NaN,1,terminal_stage_probability_one,1,0,,"","",,Terminal recording stage excluded from Bernoulli complement product.
1,12,1,continue,bernoulli_full_event,45,1,44,1,0.935538700449752,0.935538700449752,full_event_available,0,1,,"3","0.06059",paper_formula,Full Bernoulli event probability uses selected probabilities and non-selected complement probabilities.
1,12,2,continue,bernoulli_full_event,44,2,42,1,0.93862312321996,0.93862312321996,full_event_available,0,1,,"40,42","0.38203,0.32337",paper_formula,Full Bernoulli event probability uses selected probabilities and non-selected complement probabilities.
1,12,3,continue,bernoulli_full_event,35,4,31,0.0255095281449545,0.546543610618668,0.013942069617522,full_event_available,0,1,,"8,14,19,20","0.68786,0.18755,0.1368,0.086673",paper_formula,Full Bernoulli event probability uses selected probabilities and non-selected complement probabilities.
1,12,4,load_loss_threshold,bernoulli_full_event,31,0,31,NaN,NaN,1,terminal_stage_probability_one,1,0,,"","",,Terminal recording stage excluded from Bernoulli complement product.
1,13,1,continue,bernoulli_full_event,45,1,44,1,0.935538700449752,0.935538700449752,full_event_available,0,1,,"3","0.82473",paper_formula,Full Bernoulli event probability uses selected probabilities and non-selected complement probabilities.
1,13,2,continue,bernoulli_full_event,44,2,42,1,0.93862312321996,0.93862312321996,full_event_available,0,1,,"40,42","0.38458,0.51292",paper_formula,Full Bernoulli event probability uses selected probabilities and non-selected complement probabilities.
1,13,3,continue,bernoulli_full_event,35,2,33,0.428117658661751,0.16368561824452,0.0700767036394453,full_event_available,0,1,,"14,23","0.68479,0.29038",paper_formula,Full Bernoulli event probability uses selected probabilities and non-selected complement probabilities.
1,13,4,continue,bernoulli_full_event,33,7,26,0.809920984997414,0.960633530579726,0.778037255308675,full_event_available,0,1,,"8,13,16,17,18,20,27","0.55812,0.067809,0.62567,0.35421,0.51782,0.19869,0.84105",paper_formula,Full Bernoulli event probability uses selected probabilities and non-selected complement probabilities.
1,13,5,max_depth_reached,bernoulli_full_event,0,0,0,NaN,NaN,1,terminal_stage_probability_one,1,0,,"","",,Terminal recording stage excluded from Bernoulli complement product.
1,14,1,continue,bernoulli_full_event,45,1,44,1,0.935538700449752,0.935538700449752,full_event_available,0,1,,"3","0.61034",paper_formula,Full Bernoulli event probability uses selected probabilities and non-selected complement probabilities.
1,14,2,continue,bernoulli_full_event,44,2,42,1,0.93862312321996,0.93862312321996,full_event_available,0,1,,"40,42","0.99889,0.65378",paper_formula,Full Bernoulli event probability uses selected probabilities and non-selected complement probabilities.
1,14,3,continue,bernoulli_full_event,35,3,32,0.0010333882690897,0.31299694760997,0.000323447373921027,full_event_available,0,1,,"8,14,24","0.015528,0.74017,0.0011891",paper_formula,Full Bernoulli event probability uses selected probabilities and non-selected complement probabilities.
1,14,4,continue,bernoulli_full_event,32,7,25,1,0.962606860857642,0.962606860857642,full_event_available,0,1,,"9,16,17,19,20,23,27","0.53291,0.26425,0.44088,0.78746,0.39924,0.47309,0.67874",paper_formula,Full Bernoulli event probability uses selected probabilities and non-selected complement probabilities.
1,14,5,max_depth_reached,bernoulli_full_event,0,0,0,NaN,NaN,1,terminal_stage_probability_one,1,0,,"","",,Terminal recording stage excluded from Bernoulli complement product.
1,15,1,continue,bernoulli_full_event,45,1,44,1,0.935538700449752,0.935538700449752,full_event_available,0,1,,"3","0.28855",paper_formula,Full Bernoulli event probability uses selected probabilities and non-selected complement probabilities.
1,15,2,continue,bernoulli_full_event,44,2,42,1,0.93862312321996,0.93862312321996,full_event_available,0,1,,"40,42","0.63531,0.39884",paper_formula,Full Bernoulli event probability uses selected probabilities and non-selected complement probabilities.
1,15,3,continue,bernoulli_full_event,35,1,34,1,0.0936089146050752,0.0936089146050752,full_event_available,0,1,,"14","0.48951",paper_formula,Full Bernoulli event probability uses selected probabilities and non-selected complement probabilities.
1,15,4,continue,bernoulli_full_event,34,3,31,0.839173690890878,0.540670950106956,0.453716836758732,full_event_available,0,1,,"16,17,27","0.39122,0.72289,0.66203",paper_formula,Full Bernoulli event probability uses selected probabilities and non-selected complement probabilities.
1,15,5,max_depth_reached,bernoulli_full_event,27,0,27,NaN,NaN,1,terminal_stage_probability_one,1,0,,"","",,Terminal recording stage excluded from Bernoulli complement product.
1,16,1,continue,bernoulli_full_event,45,1,44,1,0.935538700449752,0.935538700449752,full_event_available,0,1,,"3","0.80878",paper_formula,Full Bernoulli event probability uses selected probabilities and non-selected complement probabilities.
1,16,2,continue,bernoulli_full_event,44,3,41,0.001512172414,0.940044632781581,0.00142150956162107,full_event_available,0,1,,"22,40,42","0.00023275,0.14871,0.23005",paper_formula,Full Bernoulli event probability uses selected probabilities and non-selected complement probabilities.
1,16,3,continue,bernoulli_full_event,34,2,32,0.414156012546616,0.121555599742202,0.0503429824919428,full_event_available,0,1,,"14,23","0.10485,0.016904",paper_formula,Full Bernoulli event probability uses selected probabilities and non-selected complement probabilities.
1,16,4,continue,bernoulli_full_event,32,7,25,0.819298106508489,0.962088374078839,0.788237183176624,full_event_available,0,1,,"8,13,16,17,18,20,27","0.62931,0.67579,0.92674,0.67453,0.41923,0.51188,0.88148",paper_formula,Full Bernoulli event probability uses selected probabilities and non-selected complement probabilities.
1,16,5,max_depth_reached,bernoulli_full_event,0,0,0,NaN,NaN,1,terminal_stage_probability_one,1,0,,"","",,Terminal recording stage excluded from Bernoulli complement product.
1,17,1,continue,bernoulli_full_event,45,1,44,1,0.935538700449752,0.935538700449752,full_event_available,0,1,,"3","0.27817",paper_formula,Full Bernoulli event probability uses selected probabilities and non-selected complement probabilities.
1,17,2,continue,bernoulli_full_event,44,2,42,1,0.93862312321996,0.93862312321996,full_event_available,0,1,,"40,42","0.38042,0.90811",paper_formula,Full Bernoulli event probability uses selected probabilities and non-selected complement probabilities.
1,17,3,continue,bernoulli_full_event,35,2,33,0.700485210606758,0.312535199996997,0.218926285391922,full_event_available,0,1,,"8,14","0.61561,0.5536",paper_formula,Full Bernoulli event probability uses selected probabilities and non-selected complement probabilities.
1,17,4,continue,bernoulli_full_event,33,8,25,0.325855144231814,0.962538556466462,0.313648140146061,full_event_available,0,1,,"9,16,17,19,20,23,26,27","0.098217,0.95271,0.77545,0.81286,0.92705,0.23058,0.0097595,0.46354",paper_formula,Full Bernoulli event probability uses selected probabilities and non-selected complement probabilities.
1,17,5,max_depth_reached,bernoulli_full_event,9,0,9,NaN,NaN,1,terminal_stage_probability_one,1,0,,"","",,Terminal recording stage excluded from Bernoulli complement product.
1,18,1,continue,bernoulli_full_event,45,1,44,1,0.935538700449752,0.935538700449752,full_event_available,0,1,,"3","0.58896",paper_formula,Full Bernoulli event probability uses selected probabilities and non-selected complement probabilities.
1,18,2,continue,bernoulli_full_event,44,2,42,1,0.93862312321996,0.93862312321996,full_event_available,0,1,,"40,42","0.16702,0.26747",paper_formula,Full Bernoulli event probability uses selected probabilities and non-selected complement probabilities.
1,18,3,continue,bernoulli_full_event,35,1,34,1,0.0936089146050752,0.0936089146050752,full_event_available,0,1,,"14","0.43062",paper_formula,Full Bernoulli event probability uses selected probabilities and non-selected complement probabilities.
1,18,4,continue,bernoulli_full_event,34,4,30,0.364215791089459,0.955278008742315,0.347927335664445,full_event_available,0,1,,"16,17,20,27","0.79731,0.67193,0.33497,0.31788",paper_formula,Full Bernoulli event probability uses selected probabilities and non-selected complement probabilities.
1,18,5,max_depth_reached,bernoulli_full_event,0,0,0,NaN,NaN,1,terminal_stage_probability_one,1,0,,"","",,Terminal recording stage excluded from Bernoulli complement product.
1,19,1,continue,bernoulli_full_event,45,1,44,1,0.935538700449752,0.935538700449752,full_event_available,0,1,,"3","0.69357",paper_formula,Full Bernoulli event probability uses selected probabilities and non-selected complement probabilities.
1,19,2,continue,bernoulli_full_event,44,2,42,1,0.93862312321996,0.93862312321996,full_event_available,0,1,,"40,42","0.67697,0.40154",paper_formula,Full Bernoulli event probability uses selected probabilities and non-selected complement probabilities.
1,19,3,continue,bernoulli_full_event,35,2,33,0.700485210606758,0.312535199996997,0.218926285391922,full_event_available,0,1,,"8,14","0.11447,0.27211",paper_formula,Full Bernoulli event probability uses selected probabilities and non-selected complement probabilities.
1,19,4,continue,bernoulli_full_event,33,7,26,1,0.648890416320401,0.648890416320401,full_event_available,0,1,,"9,16,17,19,20,23,27","0.51578,0.28955,0.60319,0.70023,0.312,0.88845,0.34575",paper_formula,Full Bernoulli event probability uses selected probabilities and non-selected complement probabilities.
1,19,5,max_depth_reached,bernoulli_full_event,0,0,0,NaN,NaN,1,terminal_stage_probability_one,1,0,,"","",,Terminal recording stage excluded from Bernoulli complement product.
1,20,1,continue,bernoulli_full_event,45,1,44,1,0.935538700449752,0.935538700449752,full_event_available,0,1,,"3","0.34466",paper_formula,Full Bernoulli event probability uses selected probabilities and non-selected complement probabilities.
1,20,2,continue,bernoulli_full_event,44,2,42,1,0.93862312321996,0.93862312321996,full_event_available,0,1,,"40,42","0.71448,0.63217",paper_formula,Full Bernoulli event probability uses selected probabilities and non-selected complement probabilities.
1,20,3,continue,bernoulli_full_event,35,3,32,0.299890088292149,0.546502623713891,0.16389072007745,full_event_available,0,1,,"8,14,23","0.16767,0.63178,0.17704",paper_formula,Full Bernoulli event probability uses selected probabilities and non-selected complement probabilities.
1,20,4,load_loss_threshold,bernoulli_full_event,19,0,19,NaN,NaN,1,terminal_stage_probability_one,1,0,,"","",,Terminal recording stage excluded from Bernoulli complement product.
1,21,1,continue,bernoulli_full_event,45,1,44,1,0.935538700449752,0.935538700449752,full_event_available,0,1,,"3","0.73251",paper_formula,Full Bernoulli event probability uses selected probabilities and non-selected complement probabilities.
1,21,2,continue,bernoulli_full_event,44,2,42,1,0.93862312321996,0.93862312321996,full_event_available,0,1,,"40,42","0.26101,0.69118",paper_formula,Full Bernoulli event probability uses selected probabilities and non-selected complement probabilities.
1,21,3,continue,bernoulli_full_event,35,3,32,0.255489116613083,0.491973498974202,0.125693874649966,full_event_available,0,1,,"8,14,19","0.17015,0.63639,0.35757",paper_formula,Full Bernoulli event probability uses selected probabilities and non-selected complement probabilities.
1,21,4,load_loss_threshold,bernoulli_full_event,32,0,32,NaN,NaN,1,terminal_stage_probability_one,1,0,,"","",,Terminal recording stage excluded from Bernoulli complement product.
1,22,1,continue,bernoulli_full_event,45,1,44,1,0.935538700449752,0.935538700449752,full_event_available,0,1,,"3","0.46245",paper_formula,Full Bernoulli event probability uses selected probabilities and non-selected complement probabilities.
1,22,2,continue,bernoulli_full_event,44,2,42,1,0.93862312321996,0.93862312321996,full_event_available,0,1,,"40,42","0.47134,0.65642",paper_formula,Full Bernoulli event probability uses selected probabilities and non-selected complement probabilities.
1,22,3,continue,bernoulli_full_event,35,3,32,0.299890088292149,0.546502623713891,0.16389072007745,full_event_available,0,1,,"8,14,23","0.12924,0.23299,0.024434",paper_formula,Full Bernoulli event probability uses selected probabilities and non-selected complement probabilities.
1,22,4,load_loss_threshold,bernoulli_full_event,19,0,19,NaN,NaN,1,terminal_stage_probability_one,1,0,,"","",,Terminal recording stage excluded from Bernoulli complement product.
1,23,1,continue,bernoulli_full_event,45,1,44,1,0.935538700449752,0.935538700449752,full_event_available,0,1,,"3","0.080739",paper_formula,Full Bernoulli event probability uses selected probabilities and non-selected complement probabilities.
1,23,2,continue,bernoulli_full_event,44,2,42,1,0.93862312321996,0.93862312321996,full_event_available,0,1,,"40,42","0.73941,0.84766",paper_formula,Full Bernoulli event probability uses selected probabilities and non-selected complement probabilities.
1,23,3,continue,bernoulli_full_event,35,2,33,0.364731635649779,0.147353338932314,0.0537444243272393,full_event_available,0,1,,"14,19","0.073771,0.098357",paper_formula,Full Bernoulli event probability uses selected probabilities and non-selected complement probabilities.
1,23,4,continue,bernoulli_full_event,33,7,26,0.561425459229808,0.960874597331979,0.539459462069363,full_event_available,0,1,,"8,13,16,17,18,20,27","0.69527,0.23324,0.38407,0.50335,0.26228,0.13065,0.38297",paper_formula,Full Bernoulli event probability uses selected probabilities and non-selected complement probabilities.
1,23,5,max_depth_reached,bernoulli_full_event,0,0,0,NaN,NaN,1,terminal_stage_probability_one,1,0,,"","",,Terminal recording stage excluded from Bernoulli complement product.
1,24,1,continue,bernoulli_full_event,45,1,44,1,0.935538700449752,0.935538700449752,full_event_available,0,1,,"3","0.57225",paper_formula,Full Bernoulli event probability uses selected probabilities and non-selected complement probabilities.
1,24,2,continue,bernoulli_full_event,44,2,42,1,0.93862312321996,0.93862312321996,full_event_available,0,1,,"40,42","0.75761,0.28528",paper_formula,Full Bernoulli event probability uses selected probabilities and non-selected complement probabilities.
1,24,3,continue,bernoulli_full_event,35,4,31,0.109379402417952,0.860270484699607,0.0940958715342449,full_event_available,0,1,,"8,14,19,23","0.16768,0.92905,0.25388,0.30814",paper_formula,Full Bernoulli event probability uses selected probabilities and non-selected complement probabilities.
1,24,4,load_loss_threshold,bernoulli_full_event,19,0,19,NaN,NaN,1,terminal_stage_probability_one,1,0,,"","",,Terminal recording stage excluded from Bernoulli complement product.
1,25,1,continue,bernoulli_full_event,45,1,44,1,0.935538700449752,0.935538700449752,full_event_available,0,1,,"3","0.219",paper_formula,Full Bernoulli event probability uses selected probabilities and non-selected complement probabilities.
1,25,2,continue,bernoulli_full_event,44,2,42,1,0.93862312321996,0.93862312321996,full_event_available,0,1,,"40,42","0.62305,0.77773",paper_formula,Full Bernoulli event probability uses selected probabilities and non-selected complement probabilities.
1,25,3,continue,bernoulli_full_event,35,2,33,0.364731635649779,0.147353338932314,0.0537444243272393,full_event_available,0,1,,"14,19","0.71459,0.34479",paper_formula,Full Bernoulli event probability uses selected probabilities and non-selected complement probabilities.
1,25,4,continue,bernoulli_full_event,33,7,26,0.561425459229808,0.960874597331979,0.539459462069363,full_event_available,0,1,,"8,13,16,17,18,20,27","0.6242,0.46567,0.48945,0.28013,0.065013,0.11045,0.81385",paper_formula,Full Bernoulli event probability uses selected probabilities and non-selected complement probabilities.
1,25,5,max_depth_reached,bernoulli_full_event,0,0,0,NaN,NaN,1,terminal_stage_probability_one,1,0,,"","",,Terminal recording stage excluded from Bernoulli complement product.
1,26,1,continue,bernoulli_full_event,45,1,44,1,0.935538700449752,0.935538700449752,full_event_available,0,1,,"3","0.90507",paper_formula,Full Bernoulli event probability uses selected probabilities and non-selected complement probabilities.
1,26,2,continue,bernoulli_full_event,44,3,41,0.001512172414,0.940044632781581,0.00142150956162107,full_event_available,0,1,,"22,40,42","0.0014118,0.97892,0.44908",paper_formula,Full Bernoulli event probability uses selected probabilities and non-selected complement probabilities.
1,26,3,continue,bernoulli_full_event,34,4,30,0.0362001377423343,0.554950920498134,0.0200892997622677,full_event_available,0,1,,"8,14,19,20","0.13174,0.27738,0.2798,0.08078",paper_formula,Full Bernoulli event probability uses selected probabilities and non-selected complement probabilities.
1,26,4,load_loss_threshold,bernoulli_full_event,20,0,20,NaN,NaN,1,terminal_stage_probability_one,1,0,,"","",,Terminal recording stage excluded from Bernoulli complement product.
1,27,1,continue,bernoulli_full_event,45,1,44,1,0.935538700449752,0.935538700449752,full_event_available,0,1,,"3","0.31277",paper_formula,Full Bernoulli event probability uses selected probabilities and non-selected complement probabilities.
1,27,2,continue,bernoulli_full_event,44,3,41,0.001679836582,0.940202509790395,0.00157938657043412,full_event_available,0,1,,"31,40,42","0.00010902,0.98331,0.74589",paper_formula,Full Bernoulli event probability uses selected probabilities and non-selected complement probabilities.
1,27,3,continue,bernoulli_full_event,34,1,33,0.001599996502,0.951594443649466,0.00152254778116178,full_event_available,0,1,,"37","0.00070297",paper_formula,Full Bernoulli event probability uses selected probabilities and non-selected complement probabilities.
1,27,4,continue,bernoulli_full_event,33,7,26,0.860988943707364,0.818593284747018,0.704799767560277,full_event_available,0,1,,"8,10,14,19,20,23,27","0.044339,0.98505,0.85009,0.72332,0.37616,0.29001,0.7007",paper_formula,Full Bernoulli event probability uses selected probabilities and non-selected complement probabilities.
1,27,5,max_depth_reached,bernoulli_full_event,0,0,0,NaN,NaN,1,terminal_stage_probability_one,1,0,,"","",,Terminal recording stage excluded from Bernoulli complement product.
1,28,1,continue,bernoulli_full_event,45,1,44,1,0.935538700449752,0.935538700449752,full_event_available,0,1,,"3","0.88799",paper_formula,Full Bernoulli event probability uses selected probabilities and non-selected complement probabilities.
1,28,2,continue,bernoulli_full_event,44,2,42,1,0.93862312321996,0.93862312321996,full_event_available,0,1,,"40,42","0.19792,0.1623",paper_formula,Full Bernoulli event probability uses selected probabilities and non-selected complement probabilities.
1,28,3,continue,bernoulli_full_event,35,2,33,0.364731635649779,0.147353338932314,0.0537444243272393,full_event_available,0,1,,"14,19","0.29493,0.29026",paper_formula,Full Bernoulli event probability uses selected probabilities and non-selected complement probabilities.
1,28,4,continue,bernoulli_full_event,33,7,26,0.561425459229808,0.960874597331979,0.539459462069363,full_event_available,0,1,,"8,13,16,17,18,20,27","0.78737,0.72304,0.7599,0.90697,0.7589,0.55488,0.56815",paper_formula,Full Bernoulli event probability uses selected probabilities and non-selected complement probabilities.
1,28,5,max_depth_reached,bernoulli_full_event,0,0,0,NaN,NaN,1,terminal_stage_probability_one,1,0,,"","",,Terminal recording stage excluded from Bernoulli complement product.
1,29,1,continue,bernoulli_full_event,45,1,44,1,0.935538700449752,0.935538700449752,full_event_available,0,1,,"3","0.15899",paper_formula,Full Bernoulli event probability uses selected probabilities and non-selected complement probabilities.
1,29,2,continue,bernoulli_full_event,44,2,42,1,0.93862312321996,0.93862312321996,full_event_available,0,1,,"40,42","0.54283,0.63708",paper_formula,Full Bernoulli event probability uses selected probabilities and non-selected complement probabilities.
1,29,3,continue,bernoulli_full_event,35,2,33,0.700485210606758,0.312535199996997,0.218926285391922,full_event_available,0,1,,"8,14","0.67554,0.19116",paper_formula,Full Bernoulli event probability uses selected probabilities and non-selected complement probabilities.
1,29,4,continue,bernoulli_full_event,33,7,26,1,0.648890416320401,0.648890416320401,full_event_available,0,1,,"9,16,17,19,20,23,27","0.76188,0.5751,0.68667,0.80325,0.40342,0.9845,0.49226",paper_formula,Full Bernoulli event probability uses selected probabilities and non-selected complement probabilities.
1,29,5,max_depth_reached,bernoulli_full_event,0,0,0,NaN,NaN,1,terminal_stage_probability_one,1,0,,"","",,Terminal recording stage excluded from Bernoulli complement product.
1,30,1,continue,bernoulli_full_event,45,2,43,0.001555086457,0.936995809944062,0.00145710949430976,full_event_available,0,1,,"3,41","0.50161,0.00065892",paper_formula,Full Bernoulli event probability uses selected probabilities and non-selected complement probabilities.
1,30,2,no_new_outage,bernoulli_full_event,43,0,43,1,0.936220489124376,0.936220489124376,full_event_available,1,1,,"","",paper_formula,Full Bernoulli event probability uses selected probabilities and non-selected complement probabilities.
2,1,1,no_new_outage,bernoulli_full_event,45,0,45,1,0.677944129660811,0.677944129660811,full_event_available,1,1,,"","",paper_formula,Full Bernoulli event probability uses selected probabilities and non-selected complement probabilities.
2,2,1,no_new_outage,bernoulli_full_event,45,0,45,1,0.677944129660811,0.677944129660811,full_event_available,1,1,,"","",paper_formula,Full Bernoulli event probability uses selected probabilities and non-selected complement probabilities.
2,3,1,continue,bernoulli_full_event,45,1,44,0.2754478776372,0.935673374953346,0.257729245292535,full_event_available,0,1,,"3","0.26087",paper_formula,Full Bernoulli event probability uses selected probabilities and non-selected complement probabilities.
2,3,2,continue,bernoulli_full_event,44,2,42,1,0.938758241738436,0.938758241738436,full_event_available,0,1,,"40,42","0.42492,0.75511",paper_formula,Full Bernoulli event probability uses selected probabilities and non-selected complement probabilities.
2,3,3,continue,bernoulli_full_event,34,2,32,0.780959651524044,0.431206207459343,0.336754649512453,full_event_available,0,1,,"8,14","0.21707,0.096371",paper_formula,Full Bernoulli event probability uses selected probabilities and non-selected complement probabilities.
2,3,4,continue,bernoulli_full_event,32,7,25,1,0.649982280332555,0.649982280332555,full_event_available,0,1,,"9,16,17,19,20,23,27","0.86301,0.60059,0.3534,0.35388,0.024936,0.4542,0.62976",paper_formula,Full Bernoulli event probability uses selected probabilities and non-selected complement probabilities.
2,3,5,max_depth_reached,bernoulli_full_event,0,0,0,NaN,NaN,1,terminal_stage_probability_one,1,0,,"","",,Terminal recording stage excluded from Bernoulli complement product.
2,4,1,no_new_outage,bernoulli_full_event,45,0,45,1,0.677944129660811,0.677944129660811,full_event_available,1,1,,"","",paper_formula,Full Bernoulli event probability uses selected probabilities and non-selected complement probabilities.
2,5,1,no_new_outage,bernoulli_full_event,45,0,45,1,0.677944129660811,0.677944129660811,full_event_available,1,1,,"","",paper_formula,Full Bernoulli event probability uses selected probabilities and non-selected complement probabilities.
2,6,1,continue,bernoulli_full_event,45,1,44,0.001679836582,0.67908488128668,0.00114075162586849,full_event_available,0,1,,"31","0.0010035",paper_formula,Full Bernoulli event probability uses selected probabilities and non-selected complement probabilities.
2,6,2,continue,bernoulli_full_event,44,1,43,0.001121954023,0.936915367263766,0.0010511759655121,full_event_available,0,1,,"15","0.0002683",paper_formula,Full Bernoulli event probability uses selected probabilities and non-selected complement probabilities.
2,6,3,no_new_outage,bernoulli_full_event,43,0,43,1,0.612828619049261,0.612828619049261,full_event_available,1,1,,"","",paper_formula,Full Bernoulli event probability uses selected probabilities and non-selected complement probabilities.
2,7,1,no_new_outage,bernoulli_full_event,45,0,45,1,0.677944129660811,0.677944129660811,full_event_available,1,1,,"","",paper_formula,Full Bernoulli event probability uses selected probabilities and non-selected complement probabilities.
2,8,1,no_new_outage,bernoulli_full_event,45,0,45,1,0.677944129660811,0.677944129660811,full_event_available,1,1,,"","",paper_formula,Full Bernoulli event probability uses selected probabilities and non-selected complement probabilities.
2,9,1,no_new_outage,bernoulli_full_event,45,0,45,1,0.677944129660811,0.677944129660811,full_event_available,1,1,,"","",paper_formula,Full Bernoulli event probability uses selected probabilities and non-selected complement probabilities.
2,10,1,continue,bernoulli_full_event,45,1,44,0.2754478776372,0.935673374953346,0.257729245292535,full_event_available,0,1,,"3","0.26984",paper_formula,Full Bernoulli event probability uses selected probabilities and non-selected complement probabilities.
2,10,2,continue,bernoulli_full_event,44,2,42,1,0.938758241738436,0.938758241738436,full_event_available,0,1,,"40,42","0.66551,0.95357",paper_formula,Full Bernoulli event probability uses selected probabilities and non-selected complement probabilities.
2,10,3,continue,bernoulli_full_event,34,1,33,1,0.0944515579468898,0.0944515579468898,full_event_available,0,1,,"14","0.55076",paper_formula,Full Bernoulli event probability uses selected probabilities and non-selected complement probabilities.
2,10,4,continue,bernoulli_full_event,33,3,30,0.839173690890878,0.541580717207827,0.454480289374621,full_event_available,0,1,,"16,17,27","0.35237,0.10457,0.16991",paper_formula,Full Bernoulli event probability uses selected probabilities and non-selected complement probabilities.
2,10,5,max_depth_reached,bernoulli_full_event,27,0,27,NaN,NaN,1,terminal_stage_probability_one,1,0,,"","",,Terminal recording stage excluded from Bernoulli complement product.
2,11,1,continue,bernoulli_full_event,45,1,44,0.2754478776372,0.935673374953346,0.257729245292535,full_event_available,0,1,,"3","0.08755",paper_formula,Full Bernoulli event probability uses selected probabilities and non-selected complement probabilities.
2,11,2,continue,bernoulli_full_event,44,2,42,1,0.938758241738436,0.938758241738436,full_event_available,0,1,,"40,42","0.44379,0.27441",paper_formula,Full Bernoulli event probability uses selected probabilities and non-selected complement probabilities.
2,11,3,continue,bernoulli_full_event,34,2,32,0.780959651524044,0.431206207459343,0.336754649512453,full_event_available,0,1,,"8,14","0.29616,0.094694",paper_formula,Full Bernoulli event probability uses selected probabilities and non-selected complement probabilities.
2,11,4,continue,bernoulli_full_event,32,8,24,0.325855144231814,0.964158184655881,0.314175904323326,full_event_available,0,1,,"9,16,17,19,20,23,26,27","0.64168,0.61146,0.089326,0.80903,0.75842,0.84512,0.067739,0.51073",paper_formula,Full Bernoulli event probability uses selected probabilities and non-selected complement probabilities.
2,11,5,max_depth_reached,bernoulli_full_event,9,0,9,NaN,NaN,1,terminal_stage_probability_one,1,0,,"","",,Terminal recording stage excluded from Bernoulli complement product.
2,12,1,continue,bernoulli_full_event,45,1,44,0.2754478776372,0.935673374953346,0.257729245292535,full_event_available,0,1,,"3","0.22541",paper_formula,Full Bernoulli event probability uses selected probabilities and non-selected complement probabilities.
2,12,2,continue,bernoulli_full_event,44,2,42,1,0.938758241738436,0.938758241738436,full_event_available,0,1,,"40,42","0.96459,0.7683",paper_formula,Full Bernoulli event probability uses selected probabilities and non-selected complement probabilities.
2,12,3,continue,bernoulli_full_event,34,2,32,0.780959651524044,0.431206207459343,0.336754649512453,full_event_available,0,1,,"8,14","0.45579,0.231",paper_formula,Full Bernoulli event probability uses selected probabilities and non-selected complement probabilities.
2,12,4,continue,bernoulli_full_event,32,7,25,1,0.649982280332555,0.649982280332555,full_event_available,0,1,,"9,16,17,19,20,23,27","0.73857,0.39688,0.8365,0.80922,0.57712,0.92414,0.71292",paper_formula,Full Bernoulli event probability uses selected probabilities and non-selected complement probabilities.
2,12,5,max_depth_reached,bernoulli_full_event,0,0,0,NaN,NaN,1,terminal_stage_probability_one,1,0,,"","",,Terminal recording stage excluded from Bernoulli complement product.
2,13,1,no_new_outage,bernoulli_full_event,45,0,45,1,0.677944129660811,0.677944129660811,full_event_available,1,1,,"","",paper_formula,Full Bernoulli event probability uses selected probabilities and non-selected complement probabilities.
2,14,1,no_new_outage,bernoulli_full_event,45,0,45,1,0.677944129660811,0.677944129660811,full_event_available,1,1,,"","",paper_formula,Full Bernoulli event probability uses selected probabilities and non-selected complement probabilities.
2,15,1,no_new_outage,bernoulli_full_event,45,0,45,1,0.677944129660811,0.677944129660811,full_event_available,1,1,,"","",paper_formula,Full Bernoulli event probability uses selected probabilities and non-selected complement probabilities.
2,16,1,continue,bernoulli_full_event,45,1,44,0.2754478776372,0.935673374953346,0.257729245292535,full_event_available,0,1,,"3","0.23517",paper_formula,Full Bernoulli event probability uses selected probabilities and non-selected complement probabilities.
2,16,2,continue,bernoulli_full_event,44,2,42,1,0.938758241738436,0.938758241738436,full_event_available,0,1,,"40,42","0.7291,0.40809",paper_formula,Full Bernoulli event probability uses selected probabilities and non-selected complement probabilities.
2,16,3,continue,bernoulli_full_event,34,2,32,0.295108820269007,0.133994523782998,0.0395429658361078,full_event_available,0,1,,"14,19","0.58963,0.031109",paper_formula,Full Bernoulli event probability uses selected probabilities and non-selected complement probabilities.
2,16,4,continue,bernoulli_full_event,32,6,26,1,0.422124234994709,0.422124234994709,full_event_available,0,1,,"8,13,16,17,18,27","0.92201,0.75753,0.74634,0.44001,0.91479,0.14036",paper_formula,Full Bernoulli event probability uses selected probabilities and non-selected complement probabilities.
2,16,5,max_depth_reached,bernoulli_full_event,0,0,0,NaN,NaN,1,terminal_stage_probability_one,1,0,,"","",,Terminal recording stage excluded from Bernoulli complement product.
2,17,1,no_new_outage,bernoulli_full_event,45,0,45,1,0.677944129660811,0.677944129660811,full_event_available,1,1,,"","",paper_formula,Full Bernoulli event probability uses selected probabilities and non-selected complement probabilities.
2,18,1,no_new_outage,bernoulli_full_event,45,0,45,1,0.677944129660811,0.677944129660811,full_event_available,1,1,,"","",paper_formula,Full Bernoulli event probability uses selected probabilities and non-selected complement probabilities.
2,19,1,no_new_outage,bernoulli_full_event,45,0,45,1,0.677944129660811,0.677944129660811,full_event_available,1,1,,"","",paper_formula,Full Bernoulli event probability uses selected probabilities and non-selected complement probabilities.
2,20,1,no_new_outage,bernoulli_full_event,45,0,45,1,0.677944129660811,0.677944129660811,full_event_available,1,1,,"","",paper_formula,Full Bernoulli event probability uses selected probabilities and non-selected complement probabilities.
2,21,1,continue,bernoulli_full_event,45,1,44,0.2754478776372,0.935673374953346,0.257729245292535,full_event_available,0,1,,"3","0.23661",paper_formula,Full Bernoulli event probability uses selected probabilities and non-selected complement probabilities.
2,21,2,continue,bernoulli_full_event,44,2,42,1,0.938758241738436,0.938758241738436,full_event_available,0,1,,"40,42","0.61169,0.013413",paper_formula,Full Bernoulli event probability uses selected probabilities and non-selected complement probabilities.
2,21,3,continue,bernoulli_full_event,34,3,31,0.230468081438955,0.611734434844118,0.140985261548667,full_event_available,0,1,,"8,14,19","0.39181,0.81038,0.0054714",paper_formula,Full Bernoulli event probability uses selected probabilities and non-selected complement probabilities.
2,21,4,load_loss_threshold,bernoulli_full_event,31,0,31,NaN,NaN,1,terminal_stage_probability_one,1,0,,"","",,Terminal recording stage excluded from Bernoulli complement product.
2,22,1,no_new_outage,bernoulli_full_event,45,0,45,1,0.677944129660811,0.677944129660811,full_event_available,1,1,,"","",paper_formula,Full Bernoulli event probability uses selected probabilities and non-selected complement probabilities.
2,23,1,no_new_outage,bernoulli_full_event,45,0,45,1,0.677944129660811,0.677944129660811,full_event_available,1,1,,"","",paper_formula,Full Bernoulli event probability uses selected probabilities and non-selected complement probabilities.
2,24,1,no_new_outage,bernoulli_full_event,45,0,45,1,0.677944129660811,0.677944129660811,full_event_available,1,1,,"","",paper_formula,Full Bernoulli event probability uses selected probabilities and non-selected complement probabilities.
2,25,1,no_new_outage,bernoulli_full_event,45,0,45,1,0.677944129660811,0.677944129660811,full_event_available,1,1,,"","",paper_formula,Full Bernoulli event probability uses selected probabilities and non-selected complement probabilities.
2,26,1,no_new_outage,bernoulli_full_event,45,0,45,1,0.677944129660811,0.677944129660811,full_event_available,1,1,,"","",paper_formula,Full Bernoulli event probability uses selected probabilities and non-selected complement probabilities.
2,27,1,no_new_outage,bernoulli_full_event,45,0,45,1,0.677944129660811,0.677944129660811,full_event_available,1,1,,"","",paper_formula,Full Bernoulli event probability uses selected probabilities and non-selected complement probabilities.
2,28,1,continue,bernoulli_full_event,45,1,44,0.2754478776372,0.935673374953346,0.257729245292535,full_event_available,0,1,,"3","0.27172",paper_formula,Full Bernoulli event probability uses selected probabilities and non-selected complement probabilities.
2,28,2,continue,bernoulli_full_event,44,2,42,1,0.938758241738436,0.938758241738436,full_event_available,0,1,,"40,42","0.32808,0.74129",paper_formula,Full Bernoulli event probability uses selected probabilities and non-selected complement probabilities.
2,28,3,continue,bernoulli_full_event,34,3,31,0.230468081438955,0.611734434844118,0.140985261548667,full_event_available,0,1,,"8,14,19","0.22967,0.56875,0.049389",paper_formula,Full Bernoulli event probability uses selected probabilities and non-selected complement probabilities.
2,28,4,load_loss_threshold,bernoulli_full_event,31,0,31,NaN,NaN,1,terminal_stage_probability_one,1,0,,"","",,Terminal recording stage excluded from Bernoulli complement product.
2,29,1,continue,bernoulli_full_event,45,1,44,0.2754478776372,0.935673374953346,0.257729245292535,full_event_available,0,1,,"3","0.16695",paper_formula,Full Bernoulli event probability uses selected probabilities and non-selected complement probabilities.
2,29,2,continue,bernoulli_full_event,44,2,42,1,0.938758241738436,0.938758241738436,full_event_available,0,1,,"40,42","0.38183,0.20242",paper_formula,Full Bernoulli event probability uses selected probabilities and non-selected complement probabilities.
2,29,3,continue,bernoulli_full_event,34,2,32,0.780959651524044,0.431206207459343,0.336754649512453,full_event_available,0,1,,"8,14","0.26369,0.98565",paper_formula,Full Bernoulli event probability uses selected probabilities and non-selected complement probabilities.
2,29,4,continue,bernoulli_full_event,32,8,24,0.325855144231814,0.964158184655881,0.314175904323326,full_event_available,0,1,,"9,16,17,19,20,23,26,27","0.29416,0.21806,0.5259,0.91361,0.97184,0.52675,0.26977,0.88822",paper_formula,Full Bernoulli event probability uses selected probabilities and non-selected complement probabilities.
2,29,5,max_depth_reached,bernoulli_full_event,9,0,9,NaN,NaN,1,terminal_stage_probability_one,1,0,,"","",,Terminal recording stage excluded from Bernoulli complement product.
2,30,1,continue,bernoulli_full_event,45,1,44,0.2754478776372,0.935673374953346,0.257729245292535,full_event_available,0,1,,"3","0.23135",paper_formula,Full Bernoulli event probability uses selected probabilities and non-selected complement probabilities.
2,30,2,continue,bernoulli_full_event,44,2,42,1,0.938758241738436,0.938758241738436,full_event_available,0,1,,"40,42","0.98494,0.045236",paper_formula,Full Bernoulli event probability uses selected probabilities and non-selected complement probabilities.
2,30,3,continue,bernoulli_full_event,34,3,31,0.230468081438955,0.611734434844118,0.140985261548667,full_event_available,0,1,,"8,14,19","0.19108,0.80732,0.067481",paper_formula,Full Bernoulli event probability uses selected probabilities and non-selected complement probabilities.
2,30,4,load_loss_threshold,bernoulli_full_event,31,0,31,NaN,NaN,1,terminal_stage_probability_one,1,0,,"","",,Terminal recording stage excluded from Bernoulli complement product.
3,1,1,no_new_outage,bernoulli_full_event,45,0,45,1,0.934101596589296,0.934101596589296,full_event_available,1,1,,"","",paper_formula,Full Bernoulli event probability uses selected probabilities and non-selected complement probabilities.
3,2,1,no_new_outage,bernoulli_full_event,45,0,45,1,0.934101596589296,0.934101596589296,full_event_available,1,1,,"","",paper_formula,Full Bernoulli event probability uses selected probabilities and non-selected complement probabilities.
3,3,1,no_new_outage,bernoulli_full_event,45,0,45,1,0.934101596589296,0.934101596589296,full_event_available,1,1,,"","",paper_formula,Full Bernoulli event probability uses selected probabilities and non-selected complement probabilities.
3,4,1,no_new_outage,bernoulli_full_event,45,0,45,1,0.934101596589296,0.934101596589296,full_event_available,1,1,,"","",paper_formula,Full Bernoulli event probability uses selected probabilities and non-selected complement probabilities.
3,5,1,continue,bernoulli_full_event,45,2,43,1.86566432013003e-06,0.936708417639051,1.74758347315464e-06,full_event_available,0,1,,"11,16","0.0013373,0.00053194",paper_formula,Full Bernoulli event probability uses selected probabilities and non-selected complement probabilities.
3,5,2,no_new_outage,bernoulli_full_event,43,0,43,1,0.741494268813483,0.741494268813483,full_event_available,1,1,,"","",paper_formula,Full Bernoulli event probability uses selected probabilities and non-selected complement probabilities.
3,6,1,no_new_outage,bernoulli_full_event,45,0,45,1,0.934101596589296,0.934101596589296,full_event_available,1,1,,"","",paper_formula,Full Bernoulli event probability uses selected probabilities and non-selected complement probabilities.
3,7,1,no_new_outage,bernoulli_full_event,45,0,45,1,0.934101596589296,0.934101596589296,full_event_available,1,1,,"","",paper_formula,Full Bernoulli event probability uses selected probabilities and non-selected complement probabilities.
3,8,1,no_new_outage,bernoulli_full_event,45,0,45,1,0.934101596589296,0.934101596589296,full_event_available,1,1,,"","",paper_formula,Full Bernoulli event probability uses selected probabilities and non-selected complement probabilities.
3,9,1,no_new_outage,bernoulli_full_event,45,0,45,1,0.934101596589296,0.934101596589296,full_event_available,1,1,,"","",paper_formula,Full Bernoulli event probability uses selected probabilities and non-selected complement probabilities.
3,10,1,no_new_outage,bernoulli_full_event,45,0,45,1,0.934101596589296,0.934101596589296,full_event_available,1,1,,"","",paper_formula,Full Bernoulli event probability uses selected probabilities and non-selected complement probabilities.
3,11,1,no_new_outage,bernoulli_full_event,45,0,45,1,0.934101596589296,0.934101596589296,full_event_available,1,1,,"","",paper_formula,Full Bernoulli event probability uses selected probabilities and non-selected complement probabilities.
3,12,1,continue,bernoulli_full_event,45,1,44,0.001700794603,0.935693018224758,0.00159142163546145,full_event_available,0,1,,"42","0.00080523",paper_formula,Full Bernoulli event probability uses selected probabilities and non-selected complement probabilities.
3,12,2,continue,bernoulli_full_event,44,2,42,1,0.912547586169526,0.912547586169526,full_event_available,0,1,,"1,8","0.61549,0.32201",paper_formula,Full Bernoulli event probability uses selected probabilities and non-selected complement probabilities.
3,12,3,continue,bernoulli_full_event,34,7,27,0.62336385783311,0.72102508346466,0.44946097762297,full_event_available,0,1,,"9,13,14,19,20,23,27","0.29423,0.72396,0.89069,0.40169,0.89992,0.0069816,0.028197",paper_formula,Full Bernoulli event probability uses selected probabilities and non-selected complement probabilities.
3,12,4,load_loss_threshold,bernoulli_full_event,0,0,0,NaN,NaN,1,terminal_stage_probability_one,1,0,,"","",,Terminal recording stage excluded from Bernoulli complement product.
3,13,1,continue,bernoulli_full_event,45,1,44,0.001532132434,0.935534960044722,0.00143336345542541,full_event_available,0,1,,"23","0.00064367",paper_formula,Full Bernoulli event probability uses selected probabilities and non-selected complement probabilities.
3,13,2,continue,bernoulli_full_event,44,3,41,1,0.939338398287978,0.939338398287978,full_event_available,0,1,,"8,13,18","0.78304,0.049107,0.60601",paper_formula,Full Bernoulli event probability uses selected probabilities and non-selected complement probabilities.
3,13,3,continue,bernoulli_full_event,37,8,29,1,0.957312044730479,0.957312044730479,full_event_available,0,1,,"4,7,25,27,30,31,40,42","0.92467,0.65029,0.95785,0.29083,0.27243,0.39837,0.71968,0.49827",paper_formula,Full Bernoulli event probability uses selected probabilities and non-selected complement probabilities.
3,13,4,load_loss_threshold,bernoulli_full_event,10,0,10,NaN,NaN,1,terminal_stage_probability_one,1,0,,"","",,Terminal recording stage excluded from Bernoulli complement product.
3,14,1,no_new_outage,bernoulli_full_event,45,0,45,1,0.934101596589296,0.934101596589296,full_event_available,1,1,,"","",paper_formula,Full Bernoulli event probability uses selected probabilities and non-selected complement probabilities.
3,15,1,no_new_outage,bernoulli_full_event,45,0,45,1,0.934101596589296,0.934101596589296,full_event_available,1,1,,"","",paper_formula,Full Bernoulli event probability uses selected probabilities and non-selected complement probabilities.
3,16,1,no_new_outage,bernoulli_full_event,45,0,45,1,0.934101596589296,0.934101596589296,full_event_available,1,1,,"","",paper_formula,Full Bernoulli event probability uses selected probabilities and non-selected complement probabilities.
3,17,1,no_new_outage,bernoulli_full_event,45,0,45,1,0.934101596589296,0.934101596589296,full_event_available,1,1,,"","",paper_formula,Full Bernoulli event probability uses selected probabilities and non-selected complement probabilities.
3,18,1,no_new_outage,bernoulli_full_event,45,0,45,1,0.934101596589296,0.934101596589296,full_event_available,1,1,,"","",paper_formula,Full Bernoulli event probability uses selected probabilities and non-selected complement probabilities.
3,19,1,no_new_outage,bernoulli_full_event,45,0,45,1,0.934101596589296,0.934101596589296,full_event_available,1,1,,"","",paper_formula,Full Bernoulli event probability uses selected probabilities and non-selected complement probabilities.
3,20,1,no_new_outage,bernoulli_full_event,45,0,45,1,0.934101596589296,0.934101596589296,full_event_available,1,1,,"","",paper_formula,Full Bernoulli event probability uses selected probabilities and non-selected complement probabilities.
3,21,1,no_new_outage,bernoulli_full_event,45,0,45,1,0.934101596589296,0.934101596589296,full_event_available,1,1,,"","",paper_formula,Full Bernoulli event probability uses selected probabilities and non-selected complement probabilities.
3,22,1,no_new_outage,bernoulli_full_event,45,0,45,1,0.934101596589296,0.934101596589296,full_event_available,1,1,,"","",paper_formula,Full Bernoulli event probability uses selected probabilities and non-selected complement probabilities.
3,23,1,no_new_outage,bernoulli_full_event,45,0,45,1,0.934101596589296,0.934101596589296,full_event_available,1,1,,"","",paper_formula,Full Bernoulli event probability uses selected probabilities and non-selected complement probabilities.
3,24,1,no_new_outage,bernoulli_full_event,45,0,45,1,0.934101596589296,0.934101596589296,full_event_available,1,1,,"","",paper_formula,Full Bernoulli event probability uses selected probabilities and non-selected complement probabilities.
3,25,1,no_new_outage,bernoulli_full_event,45,0,45,1,0.934101596589296,0.934101596589296,full_event_available,1,1,,"","",paper_formula,Full Bernoulli event probability uses selected probabilities and non-selected complement probabilities.
3,26,1,no_new_outage,bernoulli_full_event,45,0,45,1,0.934101596589296,0.934101596589296,full_event_available,1,1,,"","",paper_formula,Full Bernoulli event probability uses selected probabilities and non-selected complement probabilities.
3,27,1,no_new_outage,bernoulli_full_event,45,0,45,1,0.934101596589296,0.934101596589296,full_event_available,1,1,,"","",paper_formula,Full Bernoulli event probability uses selected probabilities and non-selected complement probabilities.
3,28,1,continue,bernoulli_full_event,45,1,44,0.001123950025,0.935152661446508,0.00105106485721162,full_event_available,0,1,,"34","0.00040065",paper_formula,Full Bernoulli event probability uses selected probabilities and non-selected complement probabilities.
3,28,2,continue,bernoulli_full_event,44,2,42,0.654256608078264,0.20090298216624,0.131442103664892,full_event_available,0,1,,"8,19","0.66069,0.64369",paper_formula,Full Bernoulli event probability uses selected probabilities and non-selected complement probabilities.
3,28,3,continue,bernoulli_full_event,42,5,37,1,0.644845879467752,0.644845879467752,full_event_available,0,1,,"18,21,22,40,42","0.055424,0.85187,0.61612,0.65046,0.78446",paper_formula,Full Bernoulli event probability uses selected probabilities and non-selected complement probabilities.
3,28,4,load_loss_threshold,bernoulli_full_event,19,0,19,NaN,NaN,1,terminal_stage_probability_one,1,0,,"","",,Terminal recording stage excluded from Bernoulli complement product.
3,29,1,no_new_outage,bernoulli_full_event,45,0,45,1,0.934101596589296,0.934101596589296,full_event_available,1,1,,"","",paper_formula,Full Bernoulli event probability uses selected probabilities and non-selected complement probabilities.
3,30,1,no_new_outage,bernoulli_full_event,45,0,45,1,0.934101596589296,0.934101596589296,full_event_available,1,1,,"","",paper_formula,Full Bernoulli event probability uses selected probabilities and non-selected complement probabilities.
4,1,1,no_new_outage,bernoulli_full_event,45,0,45,1,0.934164152820412,0.934164152820412,full_event_available,1,1,,"","",paper_formula,Full Bernoulli event probability uses selected probabilities and non-selected complement probabilities.
4,2,1,no_new_outage,bernoulli_full_event,45,0,45,1,0.934164152820412,0.934164152820412,full_event_available,1,1,,"","",paper_formula,Full Bernoulli event probability uses selected probabilities and non-selected complement probabilities.
4,3,1,no_new_outage,bernoulli_full_event,45,0,45,1,0.934164152820412,0.934164152820412,full_event_available,1,1,,"","",paper_formula,Full Bernoulli event probability uses selected probabilities and non-selected complement probabilities.
4,4,1,no_new_outage,bernoulli_full_event,45,0,45,1,0.934164152820412,0.934164152820412,full_event_available,1,1,,"","",paper_formula,Full Bernoulli event probability uses selected probabilities and non-selected complement probabilities.
4,5,1,no_new_outage,bernoulli_full_event,45,0,45,1,0.934164152820412,0.934164152820412,full_event_available,1,1,,"","",paper_formula,Full Bernoulli event probability uses selected probabilities and non-selected complement probabilities.
4,6,1,no_new_outage,bernoulli_full_event,45,0,45,1,0.934164152820412,0.934164152820412,full_event_available,1,1,,"","",paper_formula,Full Bernoulli event probability uses selected probabilities and non-selected complement probabilities.
4,7,1,no_new_outage,bernoulli_full_event,45,0,45,1,0.934164152820412,0.934164152820412,full_event_available,1,1,,"","",paper_formula,Full Bernoulli event probability uses selected probabilities and non-selected complement probabilities.
4,8,1,no_new_outage,bernoulli_full_event,45,0,45,1,0.934164152820412,0.934164152820412,full_event_available,1,1,,"","",paper_formula,Full Bernoulli event probability uses selected probabilities and non-selected complement probabilities.
4,9,1,no_new_outage,bernoulli_full_event,45,0,45,1,0.934164152820412,0.934164152820412,full_event_available,1,1,,"","",paper_formula,Full Bernoulli event probability uses selected probabilities and non-selected complement probabilities.
4,10,1,no_new_outage,bernoulli_full_event,45,0,45,1,0.934164152820412,0.934164152820412,full_event_available,1,1,,"","",paper_formula,Full Bernoulli event probability uses selected probabilities and non-selected complement probabilities.
4,11,1,no_new_outage,bernoulli_full_event,45,0,45,1,0.934164152820412,0.934164152820412,full_event_available,1,1,,"","",paper_formula,Full Bernoulli event probability uses selected probabilities and non-selected complement probabilities.
4,12,1,no_new_outage,bernoulli_full_event,45,0,45,1,0.934164152820412,0.934164152820412,full_event_available,1,1,,"","",paper_formula,Full Bernoulli event probability uses selected probabilities and non-selected complement probabilities.
4,13,1,no_new_outage,bernoulli_full_event,45,0,45,1,0.934164152820412,0.934164152820412,full_event_available,1,1,,"","",paper_formula,Full Bernoulli event probability uses selected probabilities and non-selected complement probabilities.
4,14,1,no_new_outage,bernoulli_full_event,45,0,45,1,0.934164152820412,0.934164152820412,full_event_available,1,1,,"","",paper_formula,Full Bernoulli event probability uses selected probabilities and non-selected complement probabilities.
4,15,1,no_new_outage,bernoulli_full_event,45,0,45,1,0.934164152820412,0.934164152820412,full_event_available,1,1,,"","",paper_formula,Full Bernoulli event probability uses selected probabilities and non-selected complement probabilities.
4,16,1,no_new_outage,bernoulli_full_event,45,0,45,1,0.934164152820412,0.934164152820412,full_event_available,1,1,,"","",paper_formula,Full Bernoulli event probability uses selected probabilities and non-selected complement probabilities.
4,17,1,no_new_outage,bernoulli_full_event,45,0,45,1,0.934164152820412,0.934164152820412,full_event_available,1,1,,"","",paper_formula,Full Bernoulli event probability uses selected probabilities and non-selected complement probabilities.
4,18,1,no_new_outage,bernoulli_full_event,45,0,45,1,0.934164152820412,0.934164152820412,full_event_available,1,1,,"","",paper_formula,Full Bernoulli event probability uses selected probabilities and non-selected complement probabilities.
4,19,1,no_new_outage,bernoulli_full_event,45,0,45,1,0.934164152820412,0.934164152820412,full_event_available,1,1,,"","",paper_formula,Full Bernoulli event probability uses selected probabilities and non-selected complement probabilities.
4,20,1,no_new_outage,bernoulli_full_event,45,0,45,1,0.934164152820412,0.934164152820412,full_event_available,1,1,,"","",paper_formula,Full Bernoulli event probability uses selected probabilities and non-selected complement probabilities.
4,21,1,no_new_outage,bernoulli_full_event,45,0,45,1,0.934164152820412,0.934164152820412,full_event_available,1,1,,"","",paper_formula,Full Bernoulli event probability uses selected probabilities and non-selected complement probabilities.
4,22,1,no_new_outage,bernoulli_full_event,45,0,45,1,0.934164152820412,0.934164152820412,full_event_available,1,1,,"","",paper_formula,Full Bernoulli event probability uses selected probabilities and non-selected complement probabilities.
4,23,1,no_new_outage,bernoulli_full_event,45,0,45,1,0.934164152820412,0.934164152820412,full_event_available,1,1,,"","",paper_formula,Full Bernoulli event probability uses selected probabilities and non-selected complement probabilities.
4,24,1,no_new_outage,bernoulli_full_event,45,0,45,1,0.934164152820412,0.934164152820412,full_event_available,1,1,,"","",paper_formula,Full Bernoulli event probability uses selected probabilities and non-selected complement probabilities.
4,25,1,no_new_outage,bernoulli_full_event,45,0,45,1,0.934164152820412,0.934164152820412,full_event_available,1,1,,"","",paper_formula,Full Bernoulli event probability uses selected probabilities and non-selected complement probabilities.
4,26,1,no_new_outage,bernoulli_full_event,45,0,45,1,0.934164152820412,0.934164152820412,full_event_available,1,1,,"","",paper_formula,Full Bernoulli event probability uses selected probabilities and non-selected complement probabilities.
4,27,1,no_new_outage,bernoulli_full_event,45,0,45,1,0.934164152820412,0.934164152820412,full_event_available,1,1,,"","",paper_formula,Full Bernoulli event probability uses selected probabilities and non-selected complement probabilities.
4,28,1,no_new_outage,bernoulli_full_event,45,0,45,1,0.934164152820412,0.934164152820412,full_event_available,1,1,,"","",paper_formula,Full Bernoulli event probability uses selected probabilities and non-selected complement probabilities.
4,29,1,continue,bernoulli_full_event,45,1,44,0.001555086457,0.935619121445081,0.00145496862466948,full_event_available,0,1,,"41","7.0723e-05",paper_formula,Full Bernoulli event probability uses selected probabilities and non-selected complement probabilities.
4,29,2,no_new_outage,bernoulli_full_event,44,0,44,1,0.935619121445081,0.935619121445081,full_event_available,1,1,,"","",paper_formula,Full Bernoulli event probability uses selected probabilities and non-selected complement probabilities.
4,30,1,no_new_outage,bernoulli_full_event,45,0,45,1,0.934164152820412,0.934164152820412,full_event_available,1,1,,"","",paper_formula,Full Bernoulli event probability uses selected probabilities and non-selected complement probabilities.
5,1,1,no_new_outage,bernoulli_full_event,45,0,45,1,0.93419403337996,0.93419403337996,full_event_available,1,1,,"","",paper_formula,Full Bernoulli event probability uses selected probabilities and non-selected complement probabilities.
5,2,1,no_new_outage,bernoulli_full_event,45,0,45,1,0.93419403337996,0.93419403337996,full_event_available,1,1,,"","",paper_formula,Full Bernoulli event probability uses selected probabilities and non-selected complement probabilities.
5,3,1,no_new_outage,bernoulli_full_event,45,0,45,1,0.93419403337996,0.93419403337996,full_event_available,1,1,,"","",paper_formula,Full Bernoulli event probability uses selected probabilities and non-selected complement probabilities.
5,4,1,no_new_outage,bernoulli_full_event,45,0,45,1,0.93419403337996,0.93419403337996,full_event_available,1,1,,"","",paper_formula,Full Bernoulli event probability uses selected probabilities and non-selected complement probabilities.
5,5,1,no_new_outage,bernoulli_full_event,45,0,45,1,0.93419403337996,0.93419403337996,full_event_available,1,1,,"","",paper_formula,Full Bernoulli event probability uses selected probabilities and non-selected complement probabilities.
5,6,1,no_new_outage,bernoulli_full_event,45,0,45,1,0.93419403337996,0.93419403337996,full_event_available,1,1,,"","",paper_formula,Full Bernoulli event probability uses selected probabilities and non-selected complement probabilities.
5,7,1,no_new_outage,bernoulli_full_event,45,0,45,1,0.93419403337996,0.93419403337996,full_event_available,1,1,,"","",paper_formula,Full Bernoulli event probability uses selected probabilities and non-selected complement probabilities.
5,8,1,no_new_outage,bernoulli_full_event,45,0,45,1,0.93419403337996,0.93419403337996,full_event_available,1,1,,"","",paper_formula,Full Bernoulli event probability uses selected probabilities and non-selected complement probabilities.
5,9,1,no_new_outage,bernoulli_full_event,45,0,45,1,0.93419403337996,0.93419403337996,full_event_available,1,1,,"","",paper_formula,Full Bernoulli event probability uses selected probabilities and non-selected complement probabilities.
5,10,1,no_new_outage,bernoulli_full_event,45,0,45,1,0.93419403337996,0.93419403337996,full_event_available,1,1,,"","",paper_formula,Full Bernoulli event probability uses selected probabilities and non-selected complement probabilities.
5,11,1,no_new_outage,bernoulli_full_event,45,0,45,1,0.93419403337996,0.93419403337996,full_event_available,1,1,,"","",paper_formula,Full Bernoulli event probability uses selected probabilities and non-selected complement probabilities.
5,12,1,no_new_outage,bernoulli_full_event,45,0,45,1,0.93419403337996,0.93419403337996,full_event_available,1,1,,"","",paper_formula,Full Bernoulli event probability uses selected probabilities and non-selected complement probabilities.
5,13,1,no_new_outage,bernoulli_full_event,45,0,45,1,0.93419403337996,0.93419403337996,full_event_available,1,1,,"","",paper_formula,Full Bernoulli event probability uses selected probabilities and non-selected complement probabilities.
5,14,1,no_new_outage,bernoulli_full_event,45,0,45,1,0.93419403337996,0.93419403337996,full_event_available,1,1,,"","",paper_formula,Full Bernoulli event probability uses selected probabilities and non-selected complement probabilities.
5,15,1,no_new_outage,bernoulli_full_event,45,0,45,1,0.93419403337996,0.93419403337996,full_event_available,1,1,,"","",paper_formula,Full Bernoulli event probability uses selected probabilities and non-selected complement probabilities.
5,16,1,no_new_outage,bernoulli_full_event,45,0,45,1,0.93419403337996,0.93419403337996,full_event_available,1,1,,"","",paper_formula,Full Bernoulli event probability uses selected probabilities and non-selected complement probabilities.
5,17,1,no_new_outage,bernoulli_full_event,45,0,45,1,0.93419403337996,0.93419403337996,full_event_available,1,1,,"","",paper_formula,Full Bernoulli event probability uses selected probabilities and non-selected complement probabilities.
5,18,1,no_new_outage,bernoulli_full_event,45,0,45,1,0.93419403337996,0.93419403337996,full_event_available,1,1,,"","",paper_formula,Full Bernoulli event probability uses selected probabilities and non-selected complement probabilities.
5,19,1,no_new_outage,bernoulli_full_event,45,0,45,1,0.93419403337996,0.93419403337996,full_event_available,1,1,,"","",paper_formula,Full Bernoulli event probability uses selected probabilities and non-selected complement probabilities.
5,20,1,continue,bernoulli_full_event,45,1,44,0.00158802049,0.935679912252699,0.00148587887273869,full_event_available,0,1,,"40","0.00027742",paper_formula,Full Bernoulli event probability uses selected probabilities and non-selected complement probabilities.
5,20,2,no_new_outage,bernoulli_full_event,44,0,44,1,0.935679912252699,0.935679912252699,full_event_available,1,1,,"","",paper_formula,Full Bernoulli event probability uses selected probabilities and non-selected complement probabilities.
5,21,1,no_new_outage,bernoulli_full_event,45,0,45,1,0.93419403337996,0.93419403337996,full_event_available,1,1,,"","",paper_formula,Full Bernoulli event probability uses selected probabilities and non-selected complement probabilities.
5,22,1,no_new_outage,bernoulli_full_event,45,0,45,1,0.93419403337996,0.93419403337996,full_event_available,1,1,,"","",paper_formula,Full Bernoulli event probability uses selected probabilities and non-selected complement probabilities.
5,23,1,no_new_outage,bernoulli_full_event,45,0,45,1,0.93419403337996,0.93419403337996,full_event_available,1,1,,"","",paper_formula,Full Bernoulli event probability uses selected probabilities and non-selected complement probabilities.
5,24,1,no_new_outage,bernoulli_full_event,45,0,45,1,0.93419403337996,0.93419403337996,full_event_available,1,1,,"","",paper_formula,Full Bernoulli event probability uses selected probabilities and non-selected complement probabilities.
5,25,1,no_new_outage,bernoulli_full_event,45,0,45,1,0.93419403337996,0.93419403337996,full_event_available,1,1,,"","",paper_formula,Full Bernoulli event probability uses selected probabilities and non-selected complement probabilities.
5,26,1,no_new_outage,bernoulli_full_event,45,0,45,1,0.93419403337996,0.93419403337996,full_event_available,1,1,,"","",paper_formula,Full Bernoulli event probability uses selected probabilities and non-selected complement probabilities.
5,27,1,no_new_outage,bernoulli_full_event,45,0,45,1,0.93419403337996,0.93419403337996,full_event_available,1,1,,"","",paper_formula,Full Bernoulli event probability uses selected probabilities and non-selected complement probabilities.
5,28,1,no_new_outage,bernoulli_full_event,45,0,45,1,0.93419403337996,0.93419403337996,full_event_available,1,1,,"","",paper_formula,Full Bernoulli event probability uses selected probabilities and non-selected complement probabilities.
5,29,1,no_new_outage,bernoulli_full_event,45,0,45,1,0.93419403337996,0.93419403337996,full_event_available,1,1,,"","",paper_formula,Full Bernoulli event probability uses selected probabilities and non-selected complement probabilities.
5,30,1,no_new_outage,bernoulli_full_event,45,0,45,1,0.93419403337996,0.93419403337996,full_event_available,1,1,,"","",paper_formula,Full Bernoulli event probability uses selected probabilities and non-selected complement probabilities.
6,1,1,no_new_outage,bernoulli_full_event,45,0,45,1,0.934260337697683,0.934260337697683,full_event_available,1,1,,"","",paper_formula,Full Bernoulli event probability uses selected probabilities and non-selected complement probabilities.
6,2,1,no_new_outage,bernoulli_full_event,45,0,45,1,0.934260337697683,0.934260337697683,full_event_available,1,1,,"","",paper_formula,Full Bernoulli event probability uses selected probabilities and non-selected complement probabilities.
6,3,1,no_new_outage,bernoulli_full_event,45,0,45,1,0.934260337697683,0.934260337697683,full_event_available,1,1,,"","",paper_formula,Full Bernoulli event probability uses selected probabilities and non-selected complement probabilities.
6,4,1,no_new_outage,bernoulli_full_event,45,0,45,1,0.934260337697683,0.934260337697683,full_event_available,1,1,,"","",paper_formula,Full Bernoulli event probability uses selected probabilities and non-selected complement probabilities.
6,5,1,no_new_outage,bernoulli_full_event,45,0,45,1,0.934260337697683,0.934260337697683,full_event_available,1,1,,"","",paper_formula,Full Bernoulli event probability uses selected probabilities and non-selected complement probabilities.
6,6,1,continue,bernoulli_full_event,45,1,44,0.001475246377,0.935640638159302,0.00138030046161848,full_event_available,0,1,,"38","0.00040878",paper_formula,Full Bernoulli event probability uses selected probabilities and non-selected complement probabilities.
6,6,2,continue,bernoulli_full_event,44,2,42,1,0.938625932766987,0.938625932766987,full_event_available,0,1,,"28,35","0.62701,0.19422",paper_formula,Full Bernoulli event probability uses selected probabilities and non-selected complement probabilities.
6,6,3,continue,bernoulli_full_event,39,5,34,0.00106368827742092,0.950597134367416,0.00101113902837654,full_event_available,0,1,,"14,19,23,24,43","0.22356,0.92044,0.24074,0.20744,0.00029118",paper_formula,Full Bernoulli event probability uses selected probabilities and non-selected complement probabilities.
6,6,4,continue,bernoulli_full_event,34,5,29,1,0.801767763606863,0.801767763606863,full_event_available,0,1,,"3,7,13,18,20","0.19862,0.52825,0.19058,0.69891,0.82976",paper_formula,Full Bernoulli event probability uses selected probabilities and non-selected complement probabilities.
6,6,5,max_depth_reached,bernoulli_full_event,0,0,0,NaN,NaN,1,terminal_stage_probability_one,1,0,,"","",,Terminal recording stage excluded from Bernoulli complement product.
6,7,1,no_new_outage,bernoulli_full_event,45,0,45,1,0.934260337697683,0.934260337697683,full_event_available,1,1,,"","",paper_formula,Full Bernoulli event probability uses selected probabilities and non-selected complement probabilities.
6,8,1,no_new_outage,bernoulli_full_event,45,0,45,1,0.934260337697683,0.934260337697683,full_event_available,1,1,,"","",paper_formula,Full Bernoulli event probability uses selected probabilities and non-selected complement probabilities.
6,9,1,no_new_outage,bernoulli_full_event,45,0,45,1,0.934260337697683,0.934260337697683,full_event_available,1,1,,"","",paper_formula,Full Bernoulli event probability uses selected probabilities and non-selected complement probabilities.
6,10,1,no_new_outage,bernoulli_full_event,45,0,45,1,0.934260337697683,0.934260337697683,full_event_available,1,1,,"","",paper_formula,Full Bernoulli event probability uses selected probabilities and non-selected complement probabilities.
6,11,1,no_new_outage,bernoulli_full_event,45,0,45,1,0.934260337697683,0.934260337697683,full_event_available,1,1,,"","",paper_formula,Full Bernoulli event probability uses selected probabilities and non-selected complement probabilities.
6,12,1,no_new_outage,bernoulli_full_event,45,0,45,1,0.934260337697683,0.934260337697683,full_event_available,1,1,,"","",paper_formula,Full Bernoulli event probability uses selected probabilities and non-selected complement probabilities.
6,13,1,no_new_outage,bernoulli_full_event,45,0,45,1,0.934260337697683,0.934260337697683,full_event_available,1,1,,"","",paper_formula,Full Bernoulli event probability uses selected probabilities and non-selected complement probabilities.
6,14,1,no_new_outage,bernoulli_full_event,45,0,45,1,0.934260337697683,0.934260337697683,full_event_available,1,1,,"","",paper_formula,Full Bernoulli event probability uses selected probabilities and non-selected complement probabilities.
6,15,1,no_new_outage,bernoulli_full_event,45,0,45,1,0.934260337697683,0.934260337697683,full_event_available,1,1,,"","",paper_formula,Full Bernoulli event probability uses selected probabilities and non-selected complement probabilities.
6,16,1,no_new_outage,bernoulli_full_event,45,0,45,1,0.934260337697683,0.934260337697683,full_event_available,1,1,,"","",paper_formula,Full Bernoulli event probability uses selected probabilities and non-selected complement probabilities.
6,17,1,no_new_outage,bernoulli_full_event,45,0,45,1,0.934260337697683,0.934260337697683,full_event_available,1,1,,"","",paper_formula,Full Bernoulli event probability uses selected probabilities and non-selected complement probabilities.
6,18,1,no_new_outage,bernoulli_full_event,45,0,45,1,0.934260337697683,0.934260337697683,full_event_available,1,1,,"","",paper_formula,Full Bernoulli event probability uses selected probabilities and non-selected complement probabilities.
6,19,1,no_new_outage,bernoulli_full_event,45,0,45,1,0.934260337697683,0.934260337697683,full_event_available,1,1,,"","",paper_formula,Full Bernoulli event probability uses selected probabilities and non-selected complement probabilities.
6,20,1,no_new_outage,bernoulli_full_event,45,0,45,1,0.934260337697683,0.934260337697683,full_event_available,1,1,,"","",paper_formula,Full Bernoulli event probability uses selected probabilities and non-selected complement probabilities.
6,21,1,no_new_outage,bernoulli_full_event,45,0,45,1,0.934260337697683,0.934260337697683,full_event_available,1,1,,"","",paper_formula,Full Bernoulli event probability uses selected probabilities and non-selected complement probabilities.
6,22,1,no_new_outage,bernoulli_full_event,45,0,45,1,0.934260337697683,0.934260337697683,full_event_available,1,1,,"","",paper_formula,Full Bernoulli event probability uses selected probabilities and non-selected complement probabilities.
6,23,1,no_new_outage,bernoulli_full_event,45,0,45,1,0.934260337697683,0.934260337697683,full_event_available,1,1,,"","",paper_formula,Full Bernoulli event probability uses selected probabilities and non-selected complement probabilities.
6,24,1,no_new_outage,bernoulli_full_event,45,0,45,1,0.934260337697683,0.934260337697683,full_event_available,1,1,,"","",paper_formula,Full Bernoulli event probability uses selected probabilities and non-selected complement probabilities.
6,25,1,no_new_outage,bernoulli_full_event,45,0,45,1,0.934260337697683,0.934260337697683,full_event_available,1,1,,"","",paper_formula,Full Bernoulli event probability uses selected probabilities and non-selected complement probabilities.
6,26,1,no_new_outage,bernoulli_full_event,45,0,45,1,0.934260337697683,0.934260337697683,full_event_available,1,1,,"","",paper_formula,Full Bernoulli event probability uses selected probabilities and non-selected complement probabilities.
6,27,1,no_new_outage,bernoulli_full_event,45,0,45,1,0.934260337697683,0.934260337697683,full_event_available,1,1,,"","",paper_formula,Full Bernoulli event probability uses selected probabilities and non-selected complement probabilities.
6,28,1,no_new_outage,bernoulli_full_event,45,0,45,1,0.934260337697683,0.934260337697683,full_event_available,1,1,,"","",paper_formula,Full Bernoulli event probability uses selected probabilities and non-selected complement probabilities.
6,29,1,no_new_outage,bernoulli_full_event,45,0,45,1,0.934260337697683,0.934260337697683,full_event_available,1,1,,"","",paper_formula,Full Bernoulli event probability uses selected probabilities and non-selected complement probabilities.
6,30,1,no_new_outage,bernoulli_full_event,45,0,45,1,0.934260337697683,0.934260337697683,full_event_available,1,1,,"","",paper_formula,Full Bernoulli event probability uses selected probabilities and non-selected complement probabilities.
7,1,1,no_new_outage,bernoulli_full_event,45,0,45,1,0.934153881819533,0.934153881819533,full_event_available,1,1,,"","",paper_formula,Full Bernoulli event probability uses selected probabilities and non-selected complement probabilities.
7,2,1,no_new_outage,bernoulli_full_event,45,0,45,1,0.934153881819533,0.934153881819533,full_event_available,1,1,,"","",paper_formula,Full Bernoulli event probability uses selected probabilities and non-selected complement probabilities.
7,3,1,no_new_outage,bernoulli_full_event,45,0,45,1,0.934153881819533,0.934153881819533,full_event_available,1,1,,"","",paper_formula,Full Bernoulli event probability uses selected probabilities and non-selected complement probabilities.
7,4,1,continue,bernoulli_full_event,45,1,44,0.00158802049,0.935639696829355,0.0014858150098224,full_event_available,0,1,,"40","0.00099792",paper_formula,Full Bernoulli event probability uses selected probabilities and non-selected complement probabilities.
7,4,2,no_new_outage,bernoulli_full_event,44,0,44,1,0.935639696829355,0.935639696829355,full_event_available,1,1,,"","",paper_formula,Full Bernoulli event probability uses selected probabilities and non-selected complement probabilities.
7,5,1,no_new_outage,bernoulli_full_event,45,0,45,1,0.934153881819533,0.934153881819533,full_event_available,1,1,,"","",paper_formula,Full Bernoulli event probability uses selected probabilities and non-selected complement probabilities.
7,6,1,no_new_outage,bernoulli_full_event,45,0,45,1,0.934153881819533,0.934153881819533,full_event_available,1,1,,"","",paper_formula,Full Bernoulli event probability uses selected probabilities and non-selected complement probabilities.
7,7,1,no_new_outage,bernoulli_full_event,45,0,45,1,0.934153881819533,0.934153881819533,full_event_available,1,1,,"","",paper_formula,Full Bernoulli event probability uses selected probabilities and non-selected complement probabilities.
7,8,1,no_new_outage,bernoulli_full_event,45,0,45,1,0.934153881819533,0.934153881819533,full_event_available,1,1,,"","",paper_formula,Full Bernoulli event probability uses selected probabilities and non-selected complement probabilities.
7,9,1,no_new_outage,bernoulli_full_event,45,0,45,1,0.934153881819533,0.934153881819533,full_event_available,1,1,,"","",paper_formula,Full Bernoulli event probability uses selected probabilities and non-selected complement probabilities.
7,10,1,no_new_outage,bernoulli_full_event,45,0,45,1,0.934153881819533,0.934153881819533,full_event_available,1,1,,"","",paper_formula,Full Bernoulli event probability uses selected probabilities and non-selected complement probabilities.
7,11,1,no_new_outage,bernoulli_full_event,45,0,45,1,0.934153881819533,0.934153881819533,full_event_available,1,1,,"","",paper_formula,Full Bernoulli event probability uses selected probabilities and non-selected complement probabilities.
7,12,1,no_new_outage,bernoulli_full_event,45,0,45,1,0.934153881819533,0.934153881819533,full_event_available,1,1,,"","",paper_formula,Full Bernoulli event probability uses selected probabilities and non-selected complement probabilities.
7,13,1,no_new_outage,bernoulli_full_event,45,0,45,1,0.934153881819533,0.934153881819533,full_event_available,1,1,,"","",paper_formula,Full Bernoulli event probability uses selected probabilities and non-selected complement probabilities.
7,14,1,no_new_outage,bernoulli_full_event,45,0,45,1,0.934153881819533,0.934153881819533,full_event_available,1,1,,"","",paper_formula,Full Bernoulli event probability uses selected probabilities and non-selected complement probabilities.
7,15,1,no_new_outage,bernoulli_full_event,45,0,45,1,0.934153881819533,0.934153881819533,full_event_available,1,1,,"","",paper_formula,Full Bernoulli event probability uses selected probabilities and non-selected complement probabilities.
7,16,1,no_new_outage,bernoulli_full_event,45,0,45,1,0.934153881819533,0.934153881819533,full_event_available,1,1,,"","",paper_formula,Full Bernoulli event probability uses selected probabilities and non-selected complement probabilities.
7,17,1,continue,bernoulli_full_event,45,1,44,0.001679836582,0.935725748162015,0.00157186634248187,full_event_available,0,1,,"36","0.00028615",paper_formula,Full Bernoulli event probability uses selected probabilities and non-selected complement probabilities.
7,17,2,no_new_outage,bernoulli_full_event,44,0,44,1,0.935725748162015,0.935725748162015,full_event_available,1,1,,"","",paper_formula,Full Bernoulli event probability uses selected probabilities and non-selected complement probabilities.
7,18,1,no_new_outage,bernoulli_full_event,45,0,45,1,0.934153881819533,0.934153881819533,full_event_available,1,1,,"","",paper_formula,Full Bernoulli event probability uses selected probabilities and non-selected complement probabilities.
7,19,1,no_new_outage,bernoulli_full_event,45,0,45,1,0.934153881819533,0.934153881819533,full_event_available,1,1,,"","",paper_formula,Full Bernoulli event probability uses selected probabilities and non-selected complement probabilities.
7,20,1,no_new_outage,bernoulli_full_event,45,0,45,1,0.934153881819533,0.934153881819533,full_event_available,1,1,,"","",paper_formula,Full Bernoulli event probability uses selected probabilities and non-selected complement probabilities.
7,21,1,no_new_outage,bernoulli_full_event,45,0,45,1,0.934153881819533,0.934153881819533,full_event_available,1,1,,"","",paper_formula,Full Bernoulli event probability uses selected probabilities and non-selected complement probabilities.
7,22,1,no_new_outage,bernoulli_full_event,45,0,45,1,0.934153881819533,0.934153881819533,full_event_available,1,1,,"","",paper_formula,Full Bernoulli event probability uses selected probabilities and non-selected complement probabilities.
7,23,1,no_new_outage,bernoulli_full_event,45,0,45,1,0.934153881819533,0.934153881819533,full_event_available,1,1,,"","",paper_formula,Full Bernoulli event probability uses selected probabilities and non-selected complement probabilities.
7,24,1,no_new_outage,bernoulli_full_event,45,0,45,1,0.934153881819533,0.934153881819533,full_event_available,1,1,,"","",paper_formula,Full Bernoulli event probability uses selected probabilities and non-selected complement probabilities.
7,25,1,no_new_outage,bernoulli_full_event,45,0,45,1,0.934153881819533,0.934153881819533,full_event_available,1,1,,"","",paper_formula,Full Bernoulli event probability uses selected probabilities and non-selected complement probabilities.
7,26,1,no_new_outage,bernoulli_full_event,45,0,45,1,0.934153881819533,0.934153881819533,full_event_available,1,1,,"","",paper_formula,Full Bernoulli event probability uses selected probabilities and non-selected complement probabilities.
7,27,1,no_new_outage,bernoulli_full_event,45,0,45,1,0.934153881819533,0.934153881819533,full_event_available,1,1,,"","",paper_formula,Full Bernoulli event probability uses selected probabilities and non-selected complement probabilities.
7,28,1,no_new_outage,bernoulli_full_event,45,0,45,1,0.934153881819533,0.934153881819533,full_event_available,1,1,,"","",paper_formula,Full Bernoulli event probability uses selected probabilities and non-selected complement probabilities.
7,29,1,no_new_outage,bernoulli_full_event,45,0,45,1,0.934153881819533,0.934153881819533,full_event_available,1,1,,"","",paper_formula,Full Bernoulli event probability uses selected probabilities and non-selected complement probabilities.
7,30,1,no_new_outage,bernoulli_full_event,45,0,45,1,0.934153881819533,0.934153881819533,full_event_available,1,1,,"","",paper_formula,Full Bernoulli event probability uses selected probabilities and non-selected complement probabilities.
8,1,1,no_new_outage,bernoulli_full_event,45,0,45,1,0.625706360918864,0.625706360918864,full_event_available,1,1,,"","",paper_formula,Full Bernoulli event probability uses selected probabilities and non-selected complement probabilities.
8,2,1,continue,bernoulli_full_event,45,1,44,0.001599996502,0.626709093275877,0.00100273235701299,full_event_available,0,1,,"37","0.00072669",paper_formula,Full Bernoulli event probability uses selected probabilities and non-selected complement probabilities.
8,2,2,continue,bernoulli_full_event,44,5,39,0.0522413971695562,0.381056765320588,0.0199069378212592,full_event_available,0,1,,"3,9,14,19,23","0.095081,0.80844,0.074186,0.77272,0.061922",paper_formula,Full Bernoulli event probability uses selected probabilities and non-selected complement probabilities.
8,2,3,continue,bernoulli_full_event,39,8,31,1,0.954434268091685,0.954434268091685,full_event_available,0,1,,"7,13,18,27,30,31,40,42","0.33902,0.3184,0.27964,0.43908,0.94154,0.22579,0.39791,0.77392",paper_formula,Full Bernoulli event probability uses selected probabilities and non-selected complement probabilities.
8,2,4,load_loss_threshold,bernoulli_full_event,11,0,11,NaN,NaN,1,terminal_stage_probability_one,1,0,,"","",,Terminal recording stage excluded from Bernoulli complement product.
8,3,1,no_new_outage,bernoulli_full_event,45,0,45,1,0.625706360918864,0.625706360918864,full_event_available,1,1,,"","",paper_formula,Full Bernoulli event probability uses selected probabilities and non-selected complement probabilities.
8,4,1,continue,bernoulli_full_event,45,1,44,0.230117836320472,0.812730039008049,0.187023678089185,full_event_available,0,1,,"23","0.17058",paper_formula,Full Bernoulli event probability uses selected probabilities and non-selected complement probabilities.
8,4,2,continue,bernoulli_full_event,44,3,41,1,0.716701985434592,0.716701985434592,full_event_available,0,1,,"3,13,18","0.77444,0.96626,0.40101",paper_formula,Full Bernoulli event probability uses selected probabilities and non-selected complement probabilities.
8,4,3,continue,bernoulli_full_event,37,8,29,1,0.957312044730479,0.957312044730479,full_event_available,0,1,,"4,7,25,27,30,31,40,42","0.26578,0.24293,0.73155,0.66889,0.5109,0.78075,0.39011,0.41681",paper_formula,Full Bernoulli event probability uses selected probabilities and non-selected complement probabilities.
8,4,4,load_loss_threshold,bernoulli_full_event,10,0,10,NaN,NaN,1,terminal_stage_probability_one,1,0,,"","",,Terminal recording stage excluded from Bernoulli complement product.
8,5,1,continue,bernoulli_full_event,45,1,44,0.001650894553,0.626741044295032,0.0010346833761682,full_event_available,0,1,,"20","0.00026026",paper_formula,Full Bernoulli event probability uses selected probabilities and non-selected complement probabilities.
8,5,2,continue,bernoulli_full_event,44,3,41,0.000800025877900131,0.939263353634086,0.000751434989070531,full_event_available,0,1,,"13,14,34","0.52579,0.1767,0.00014122",paper_formula,Full Bernoulli event probability uses selected probabilities and non-selected complement probabilities.
8,5,3,continue,bernoulli_full_event,41,1,40,1,0.940651985839836,0.940651985839836,full_event_available,0,1,,"3","0.34867",paper_formula,Full Bernoulli event probability uses selected probabilities and non-selected complement probabilities.
8,5,4,continue,bernoulli_full_event,40,4,36,0.956227682888062,0.193613732980324,0.185138811263083,full_event_available,0,1,,"4,31,40,42","0.1246,0.37112,0.15047,0.41676",paper_formula,Full Bernoulli event probability uses selected probabilities and non-selected complement probabilities.
8,5,5,max_depth_reached,bernoulli_full_event,22,0,22,NaN,NaN,1,terminal_stage_probability_one,1,0,,"","",,Terminal recording stage excluded from Bernoulli complement product.
8,6,1,no_new_outage,bernoulli_full_event,45,0,45,1,0.625706360918864,0.625706360918864,full_event_available,1,1,,"","",paper_formula,Full Bernoulli event probability uses selected probabilities and non-selected complement probabilities.
8,7,1,continue,bernoulli_full_event,45,1,44,0.132517531890573,0.721289921031505,0.0955835601126413,full_event_available,0,1,,"19","0.066281",paper_formula,Full Bernoulli event probability uses selected probabilities and non-selected complement probabilities.
8,7,2,continue,bernoulli_full_event,44,2,42,1,0.938070805813438,0.938070805813438,full_event_available,0,1,,"3,18","0.2073,0.25345",paper_formula,Full Bernoulli event probability uses selected probabilities and non-selected complement probabilities.
8,7,3,continue,bernoulli_full_event,41,2,39,0.744557522286118,0.94226874702477,0.701573283612408,full_event_available,0,1,,"27,42","0.29535,0.52646",paper_formula,Full Bernoulli event probability uses selected probabilities and non-selected complement probabilities.
8,7,4,load_loss_threshold,bernoulli_full_event,0,0,0,NaN,NaN,1,terminal_stage_probability_one,1,0,,"","",,Terminal recording stage excluded from Bernoulli complement product.
8,8,1,no_new_outage,bernoulli_full_event,45,0,45,1,0.625706360918864,0.625706360918864,full_event_available,1,1,,"","",paper_formula,Full Bernoulli event probability uses selected probabilities and non-selected complement probabilities.
8,9,1,no_new_outage,bernoulli_full_event,45,0,45,1,0.625706360918864,0.625706360918864,full_event_available,1,1,,"","",paper_formula,Full Bernoulli event probability uses selected probabilities and non-selected complement probabilities.
8,10,1,continue,bernoulli_full_event,45,2,43,0.000255425738254621,0.813633153917918,0.00020782284900792,full_event_available,0,1,,"23,27","0.11819,0.00016409",paper_formula,Full Bernoulli event probability uses selected probabilities and non-selected complement probabilities.
8,10,2,continue,bernoulli_full_event,40,9,31,0.456214196730144,0.804484093025821,0.367017064281953,full_event_available,0,1,,"1,3,6,11,12,13,16,17,18","0.55644,0.74426,0.31077,0.34878,0.62616,0.55256,0.81477,0.20764,0.039769",paper_formula,Full Bernoulli event probability uses selected probabilities and non-selected complement probabilities.
8,10,3,load_loss_threshold,bernoulli_full_event,23,0,23,NaN,NaN,1,terminal_stage_probability_one,1,0,,"","",,Terminal recording stage excluded from Bernoulli complement product.
8,11,1,continue,bernoulli_full_event,45,1,44,0.230117836320472,0.812730039008049,0.187023678089185,full_event_available,0,1,,"23","0.035066",paper_formula,Full Bernoulli event probability uses selected probabilities and non-selected complement probabilities.
8,11,2,continue,bernoulli_full_event,44,3,41,1,0.716701985434592,0.716701985434592,full_event_available,0,1,,"3,13,18","0.94755,0.09878,0.81215",paper_formula,Full Bernoulli event probability uses selected probabilities and non-selected complement probabilities.
8,11,3,continue,bernoulli_full_event,37,8,29,1,0.957312044730479,0.957312044730479,full_event_available,0,1,,"4,7,25,27,30,31,40,42","0.30149,0.83739,0.19192,0.084542,0.16617,0.89329,0.81049,0.33821",paper_formula,Full Bernoulli event probability uses selected probabilities and non-selected complement probabilities.
8,11,4,load_loss_threshold,bernoulli_full_event,10,0,10,NaN,NaN,1,terminal_stage_probability_one,1,0,,"","",,Terminal recording stage excluded from Bernoulli complement product.
8,12,1,no_new_outage,bernoulli_full_event,45,0,45,1,0.625706360918864,0.625706360918864,full_event_available,1,1,,"","",paper_formula,Full Bernoulli event probability uses selected probabilities and non-selected complement probabilities.
8,13,1,no_new_outage,bernoulli_full_event,45,0,45,1,0.625706360918864,0.625706360918864,full_event_available,1,1,,"","",paper_formula,Full Bernoulli event probability uses selected probabilities and non-selected complement probabilities.
8,14,1,continue,bernoulli_full_event,45,1,44,0.230117836320472,0.812730039008049,0.187023678089185,full_event_available,0,1,,"23","0.062668",paper_formula,Full Bernoulli event probability uses selected probabilities and non-selected complement probabilities.
8,14,2,continue,bernoulli_full_event,44,4,40,0.23805285142005,0.94061902688437,0.223917041449777,full_event_available,0,1,,"3,12,13,18","0.70537,0.16486,0.13108,0.07847",paper_formula,Full Bernoulli event probability uses selected probabilities and non-selected complement probabilities.
8,14,3,continue,bernoulli_full_event,36,10,26,1,0.249421759229987,0.249421759229987,full_event_available,0,1,,"4,7,10,11,25,27,30,31,40,42","0.0025183,0.61097,0.23812,0.39058,0.83494,0.65574,0.58565,0.69645,0.38943,0.98044",paper_formula,Full Bernoulli event probability uses selected probabilities and non-selected complement probabilities.
8,14,4,load_loss_threshold,bernoulli_full_event,6,0,6,NaN,NaN,1,terminal_stage_probability_one,1,0,,"","",,Terminal recording stage excluded from Bernoulli complement product.
8,15,1,continue,bernoulli_full_event,45,1,44,0.132517531890573,0.721289921031505,0.0955835601126413,full_event_available,0,1,,"19","0.12052",paper_formula,Full Bernoulli event probability uses selected probabilities and non-selected complement probabilities.
8,15,2,continue,bernoulli_full_event,44,2,42,1,0.938070805813438,0.938070805813438,full_event_available,0,1,,"3,18","0.40507,0.051033",paper_formula,Full Bernoulli event probability uses selected probabilities and non-selected complement probabilities.
8,15,3,continue,bernoulli_full_event,41,2,39,0.744557522286118,0.94226874702477,0.701573283612408,full_event_available,0,1,,"27,42","0.40932,0.69265",paper_formula,Full Bernoulli event probability uses selected probabilities and non-selected complement probabilities.
8,15,4,load_loss_threshold,bernoulli_full_event,0,0,0,NaN,NaN,1,terminal_stage_probability_one,1,0,,"","",,Terminal recording stage excluded from Bernoulli complement product.
8,16,1,continue,bernoulli_full_event,45,1,44,0.001476244378,0.626631422032717,0.000925061113853944,full_event_available,0,1,,"3","0.00052318",paper_formula,Full Bernoulli event probability uses selected probabilities and non-selected complement probabilities.
8,16,2,continue,bernoulli_full_event,44,3,41,1,0.939879381990877,0.939879381990877,full_event_available,0,1,,"9,19,23","0.76662,0.7041,0.88744",paper_formula,Full Bernoulli event probability uses selected probabilities and non-selected complement probabilities.
8,16,3,continue,bernoulli_full_event,41,8,33,0.492971270618742,0.951294098073016,0.468960660259165,full_event_available,0,1,,"6,7,13,18,26,27,30,42","0.049811,0.23613,0.66727,0.70337,0.24445,0.49077,0.32145,0.65997",paper_formula,Full Bernoulli event probability uses selected probabilities and non-selected complement probabilities.
8,16,4,load_loss_threshold,bernoulli_full_event,17,0,17,NaN,NaN,1,terminal_stage_probability_one,1,0,,"","",,Terminal recording stage excluded from Bernoulli complement product.
8,17,1,no_new_outage,bernoulli_full_event,45,0,45,1,0.625706360918864,0.625706360918864,full_event_available,1,1,,"","",paper_formula,Full Bernoulli event probability uses selected probabilities and non-selected complement probabilities.
8,18,1,no_new_outage,bernoulli_full_event,45,0,45,1,0.625706360918864,0.625706360918864,full_event_available,1,1,,"","",paper_formula,Full Bernoulli event probability uses selected probabilities and non-selected complement probabilities.
8,19,1,no_new_outage,bernoulli_full_event,45,0,45,1,0.625706360918864,0.625706360918864,full_event_available,1,1,,"","",paper_formula,Full Bernoulli event probability uses selected probabilities and non-selected complement probabilities.
8,20,1,no_new_outage,bernoulli_full_event,45,0,45,1,0.625706360918864,0.625706360918864,full_event_available,1,1,,"","",paper_formula,Full Bernoulli event probability uses selected probabilities and non-selected complement probabilities.
8,21,1,no_new_outage,bernoulli_full_event,45,0,45,1,0.625706360918864,0.625706360918864,full_event_available,1,1,,"","",paper_formula,Full Bernoulli event probability uses selected probabilities and non-selected complement probabilities.
8,22,1,no_new_outage,bernoulli_full_event,45,0,45,1,0.625706360918864,0.625706360918864,full_event_available,1,1,,"","",paper_formula,Full Bernoulli event probability uses selected probabilities and non-selected complement probabilities.
8,23,1,no_new_outage,bernoulli_full_event,45,0,45,1,0.625706360918864,0.625706360918864,full_event_available,1,1,,"","",paper_formula,Full Bernoulli event probability uses selected probabilities and non-selected complement probabilities.
8,24,1,continue,bernoulli_full_event,45,2,43,0.0304946477131878,0.936883532389185,0.0285699332684952,full_event_available,0,1,,"19,23","0.098456,0.12134",paper_formula,Full Bernoulli event probability uses selected probabilities and non-selected complement probabilities.
8,24,2,continue,bernoulli_full_event,43,3,40,1,0.719150873876709,0.719150873876709,full_event_available,0,1,,"3,13,18","0.54243,0.213,0.79953",paper_formula,Full Bernoulli event probability uses selected probabilities and non-selected complement probabilities.
8,24,3,continue,bernoulli_full_event,37,8,29,1,0.957312044730479,0.957312044730479,full_event_available,0,1,,"4,7,25,27,30,31,40,42","0.93544,0.81153,0.18689,0.6667,0.90727,0.27616,0.14819,0.35353",paper_formula,Full Bernoulli event probability uses selected probabilities and non-selected complement probabilities.
8,24,4,load_loss_threshold,bernoulli_full_event,10,0,10,NaN,NaN,1,terminal_stage_probability_one,1,0,,"","",,Terminal recording stage excluded from Bernoulli complement product.
8,25,1,no_new_outage,bernoulli_full_event,45,0,45,1,0.625706360918864,0.625706360918864,full_event_available,1,1,,"","",paper_formula,Full Bernoulli event probability uses selected probabilities and non-selected complement probabilities.
8,26,1,no_new_outage,bernoulli_full_event,45,0,45,1,0.625706360918864,0.625706360918864,full_event_available,1,1,,"","",paper_formula,Full Bernoulli event probability uses selected probabilities and non-selected complement probabilities.
8,27,1,no_new_outage,bernoulli_full_event,45,0,45,1,0.625706360918864,0.625706360918864,full_event_available,1,1,,"","",paper_formula,Full Bernoulli event probability uses selected probabilities and non-selected complement probabilities.
8,28,1,no_new_outage,bernoulli_full_event,45,0,45,1,0.625706360918864,0.625706360918864,full_event_available,1,1,,"","",paper_formula,Full Bernoulli event probability uses selected probabilities and non-selected complement probabilities.
8,29,1,continue,bernoulli_full_event,45,2,43,0.000355097236806921,0.813986109475665,0.000289044218274024,full_event_available,0,1,,"23,39","0.21841,0.0013991",paper_formula,Full Bernoulli event probability uses selected probabilities and non-selected complement probabilities.
8,29,2,continue,bernoulli_full_event,43,3,40,1,0.721352488328164,0.721352488328164,full_event_available,0,1,,"3,13,18","0.90487,0.14102,0.97203",paper_formula,Full Bernoulli event probability uses selected probabilities and non-selected complement probabilities.
8,29,3,continue,bernoulli_full_event,36,6,30,0.691691542032091,0.894032625579114,0.618394805413816,full_event_available,0,1,,"4,27,30,31,40,42","0.70354,0.67216,0.31841,0.96632,0.23044,0.094772",paper_formula,Full Bernoulli event probability uses selected probabilities and non-selected complement probabilities.
8,29,4,load_loss_threshold,bernoulli_full_event,0,0,0,NaN,NaN,1,terminal_stage_probability_one,1,0,,"","",,Terminal recording stage excluded from Bernoulli complement product.
8,30,1,no_new_outage,bernoulli_full_event,45,0,45,1,0.625706360918864,0.625706360918864,full_event_available,1,1,,"","",paper_formula,Full Bernoulli event probability uses selected probabilities and non-selected complement probabilities.
9,1,1,no_new_outage,bernoulli_full_event,45,0,45,1,0.802232780454089,0.802232780454089,full_event_available,1,1,,"","",paper_formula,Full Bernoulli event probability uses selected probabilities and non-selected complement probabilities.
9,2,1,no_new_outage,bernoulli_full_event,45,0,45,1,0.802232780454089,0.802232780454089,full_event_available,1,1,,"","",paper_formula,Full Bernoulli event probability uses selected probabilities and non-selected complement probabilities.
9,3,1,no_new_outage,bernoulli_full_event,45,0,45,1,0.802232780454089,0.802232780454089,full_event_available,1,1,,"","",paper_formula,Full Bernoulli event probability uses selected probabilities and non-selected complement probabilities.
9,4,1,no_new_outage,bernoulli_full_event,45,0,45,1,0.802232780454089,0.802232780454089,full_event_available,1,1,,"","",paper_formula,Full Bernoulli event probability uses selected probabilities and non-selected complement probabilities.
9,5,1,no_new_outage,bernoulli_full_event,45,0,45,1,0.802232780454089,0.802232780454089,full_event_available,1,1,,"","",paper_formula,Full Bernoulli event probability uses selected probabilities and non-selected complement probabilities.
9,6,1,continue,bernoulli_full_event,45,1,44,0.142749902557368,0.935821159831101,0.133588379377013,full_event_available,0,1,,"13","0.040552",paper_formula,Full Bernoulli event probability uses selected probabilities and non-selected complement probabilities.
9,6,2,continue,bernoulli_full_event,44,4,40,0.941936188263475,0.894409553657853,0.842476725718914,full_event_available,0,1,,"19,23,24,26","0.048583,0.084716,0.60343,0.77369",paper_formula,Full Bernoulli event probability uses selected probabilities and non-selected complement probabilities.
9,6,3,load_loss_threshold,bernoulli_full_event,24,0,24,NaN,NaN,1,terminal_stage_probability_one,1,0,,"","",,Terminal recording stage excluded from Bernoulli complement product.
9,7,1,no_new_outage,bernoulli_full_event,45,0,45,1,0.802232780454089,0.802232780454089,full_event_available,1,1,,"","",paper_formula,Full Bernoulli event probability uses selected probabilities and non-selected complement probabilities.
9,8,1,no_new_outage,bernoulli_full_event,45,0,45,1,0.802232780454089,0.802232780454089,full_event_available,1,1,,"","",paper_formula,Full Bernoulli event probability uses selected probabilities and non-selected complement probabilities.
9,9,1,continue,bernoulli_full_event,45,1,44,0.142749902557368,0.935821159831101,0.133588379377013,full_event_available,0,1,,"13","0.10667",paper_formula,Full Bernoulli event probability uses selected probabilities and non-selected complement probabilities.
9,9,2,continue,bernoulli_full_event,44,4,40,0.941936188263475,0.894409553657853,0.842476725718914,full_event_available,0,1,,"19,23,24,26","0.59764,0.0051994,0.21547,0.64615",paper_formula,Full Bernoulli event probability uses selected probabilities and non-selected complement probabilities.
9,9,3,load_loss_threshold,bernoulli_full_event,24,0,24,NaN,NaN,1,terminal_stage_probability_one,1,0,,"","",,Terminal recording stage excluded from Bernoulli complement product.
9,10,1,no_new_outage,bernoulli_full_event,45,0,45,1,0.802232780454089,0.802232780454089,full_event_available,1,1,,"","",paper_formula,Full Bernoulli event probability uses selected probabilities and non-selected complement probabilities.
9,11,1,no_new_outage,bernoulli_full_event,45,0,45,1,0.802232780454089,0.802232780454089,full_event_available,1,1,,"","",paper_formula,Full Bernoulli event probability uses selected probabilities and non-selected complement probabilities.
9,12,1,no_new_outage,bernoulli_full_event,45,0,45,1,0.802232780454089,0.802232780454089,full_event_available,1,1,,"","",paper_formula,Full Bernoulli event probability uses selected probabilities and non-selected complement probabilities.
9,13,1,no_new_outage,bernoulli_full_event,45,0,45,1,0.802232780454089,0.802232780454089,full_event_available,1,1,,"","",paper_formula,Full Bernoulli event probability uses selected probabilities and non-selected complement probabilities.
9,14,1,no_new_outage,bernoulli_full_event,45,0,45,1,0.802232780454089,0.802232780454089,full_event_available,1,1,,"","",paper_formula,Full Bernoulli event probability uses selected probabilities and non-selected complement probabilities.
9,15,1,no_new_outage,bernoulli_full_event,45,0,45,1,0.802232780454089,0.802232780454089,full_event_available,1,1,,"","",paper_formula,Full Bernoulli event probability uses selected probabilities and non-selected complement probabilities.
9,16,1,no_new_outage,bernoulli_full_event,45,0,45,1,0.802232780454089,0.802232780454089,full_event_available,1,1,,"","",paper_formula,Full Bernoulli event probability uses selected probabilities and non-selected complement probabilities.
9,17,1,no_new_outage,bernoulli_full_event,45,0,45,1,0.802232780454089,0.802232780454089,full_event_available,1,1,,"","",paper_formula,Full Bernoulli event probability uses selected probabilities and non-selected complement probabilities.
9,18,1,continue,bernoulli_full_event,45,1,44,0.001612970515,0.803528848795147,0.00129606834105847,full_event_available,0,1,,"32","0.00037748",paper_formula,Full Bernoulli event probability uses selected probabilities and non-selected complement probabilities.
9,18,2,continue,bernoulli_full_event,43,2,41,1,0.939430498536956,0.939430498536956,full_event_available,0,1,,"13,27","0.81032,0.20572",paper_formula,Full Bernoulli event probability uses selected probabilities and non-selected complement probabilities.
9,18,3,continue,bernoulli_full_event,40,3,37,0.999832217693948,0.945006953442409,0.944848397996526,full_event_available,0,1,,"19,23,24","0.41413,0.64855,0.28087",paper_formula,Full Bernoulli event probability uses selected probabilities and non-selected complement probabilities.
9,18,4,continue,bernoulli_full_event,33,2,31,1,0.771606212263673,0.771606212263673,full_event_available,0,1,,"8,14","0.24685,0.76203",paper_formula,Full Bernoulli event probability uses selected probabilities and non-selected complement probabilities.
9,18,5,max_depth_reached,bernoulli_full_event,31,0,31,NaN,NaN,1,terminal_stage_probability_one,1,0,,"","",,Terminal recording stage excluded from Bernoulli complement product.
9,19,1,no_new_outage,bernoulli_full_event,45,0,45,1,0.802232780454089,0.802232780454089,full_event_available,1,1,,"","",paper_formula,Full Bernoulli event probability uses selected probabilities and non-selected complement probabilities.
9,20,1,no_new_outage,bernoulli_full_event,45,0,45,1,0.802232780454089,0.802232780454089,full_event_available,1,1,,"","",paper_formula,Full Bernoulli event probability uses selected probabilities and non-selected complement probabilities.
9,21,1,continue,bernoulli_full_event,45,1,44,0.142749902557368,0.935821159831101,0.133588379377013,full_event_available,0,1,,"13","0.12022",paper_formula,Full Bernoulli event probability uses selected probabilities and non-selected complement probabilities.
9,21,2,continue,bernoulli_full_event,44,3,41,0.999895971119929,0.0518451769104381,0.0518397835147471,full_event_available,0,1,,"23,24,26","0.31849,0.4137,0.012719",paper_formula,Full Bernoulli event probability uses selected probabilities and non-selected complement probabilities.
9,21,3,load_loss_threshold,bernoulli_full_event,24,0,24,NaN,NaN,1,terminal_stage_probability_one,1,0,,"","",,Terminal recording stage excluded from Bernoulli complement product.
9,22,1,no_new_outage,bernoulli_full_event,45,0,45,1,0.802232780454089,0.802232780454089,full_event_available,1,1,,"","",paper_formula,Full Bernoulli event probability uses selected probabilities and non-selected complement probabilities.
9,23,1,no_new_outage,bernoulli_full_event,45,0,45,1,0.802232780454089,0.802232780454089,full_event_available,1,1,,"","",paper_formula,Full Bernoulli event probability uses selected probabilities and non-selected complement probabilities.
9,24,1,no_new_outage,bernoulli_full_event,45,0,45,1,0.802232780454089,0.802232780454089,full_event_available,1,1,,"","",paper_formula,Full Bernoulli event probability uses selected probabilities and non-selected complement probabilities.
9,25,1,continue,bernoulli_full_event,45,2,43,0.000239796508392802,0.937395831640905,0.000224784247409456,full_event_available,0,1,,"13,31","0.11594,0.00079112",paper_formula,Full Bernoulli event probability uses selected probabilities and non-selected complement probabilities.
9,25,2,continue,bernoulli_full_event,43,7,36,0.00144130115913347,0.947724408073298,0.00136595628789512,full_event_available,0,1,,"7,19,23,24,26,30,38","0.68263,0.68291,0.62226,0.98908,0.048064,0.51023,0.0011459",paper_formula,Full Bernoulli event probability uses selected probabilities and non-selected complement probabilities.
9,25,3,load_loss_threshold,bernoulli_full_event,21,0,21,NaN,NaN,1,terminal_stage_probability_one,1,0,,"","",,Terminal recording stage excluded from Bernoulli complement product.
9,26,1,no_new_outage,bernoulli_full_event,45,0,45,1,0.802232780454089,0.802232780454089,full_event_available,1,1,,"","",paper_formula,Full Bernoulli event probability uses selected probabilities and non-selected complement probabilities.
9,27,1,no_new_outage,bernoulli_full_event,45,0,45,1,0.802232780454089,0.802232780454089,full_event_available,1,1,,"","",paper_formula,Full Bernoulli event probability uses selected probabilities and non-selected complement probabilities.
9,28,1,no_new_outage,bernoulli_full_event,45,0,45,1,0.802232780454089,0.802232780454089,full_event_available,1,1,,"","",paper_formula,Full Bernoulli event probability uses selected probabilities and non-selected complement probabilities.
9,29,1,continue,bernoulli_full_event,45,1,44,0.001679836582,0.803582668016484,0.00134988756239525,full_event_available,0,1,,"36","0.00036428",paper_formula,Full Bernoulli event probability uses selected probabilities and non-selected complement probabilities.
9,29,2,no_new_outage,bernoulli_full_event,44,0,44,1,0.806160481738763,0.806160481738763,full_event_available,1,1,,"","",paper_formula,Full Bernoulli event probability uses selected probabilities and non-selected complement probabilities.
9,30,1,continue,bernoulli_full_event,45,1,44,0.142749902557368,0.935821159831101,0.133588379377013,full_event_available,0,1,,"13","0.058554",paper_formula,Full Bernoulli event probability uses selected probabilities and non-selected complement probabilities.
9,30,2,continue,bernoulli_full_event,44,4,40,0.941936188263475,0.894409553657853,0.842476725718914,full_event_available,0,1,,"19,23,24,26","0.88694,0.6087,0.6948,0.4238",paper_formula,Full Bernoulli event probability uses selected probabilities and non-selected complement probabilities.
9,30,3,load_loss_threshold,bernoulli_full_event,24,0,24,NaN,NaN,1,terminal_stage_probability_one,1,0,,"","",,Terminal recording stage excluded from Bernoulli complement product.
10,1,1,continue,bernoulli_full_event,45,1,44,1,0.447260572208638,0.447260572208638,full_event_available,0,1,,"12","0.75084",paper_formula,Full Bernoulli event probability uses selected probabilities and non-selected complement probabilities.
10,1,2,continue,bernoulli_full_event,44,7,37,0.519287481458254,0.945670151123534,0.491074671067186,full_event_available,0,1,,"8,9,13,18,19,20,23","0.36942,0.50609,0.033049,0.47559,0.77112,0.10762,0.29585",paper_formula,Full Bernoulli event probability uses selected probabilities and non-selected complement probabilities.
10,1,3,continue,bernoulli_full_event,34,2,32,0.446628265494639,0.551805440973913,0.246451906992684,full_event_available,0,1,,"26,27","0.040592,0.42225",paper_formula,Full Bernoulli event probability uses selected probabilities and non-selected complement probabilities.
10,1,4,load_loss_threshold,bernoulli_full_event,20,0,20,NaN,NaN,1,terminal_stage_probability_one,1,0,,"","",,Terminal recording stage excluded from Bernoulli complement product.
10,2,1,continue,bernoulli_full_event,45,3,42,0.000411646636206687,0.595397211212112,0.000245093259202308,full_event_available,0,1,,"11,12,19","0.00046521,0.35479,0.23409",paper_formula,Full Bernoulli event probability uses selected probabilities and non-selected complement probabilities.
10,2,2,continue,bernoulli_full_event,42,4,38,1,0.920923539692116,0.920923539692116,full_event_available,0,1,,"1,13,18,27","0.26347,0.53811,0.25258,0.81996",paper_formula,Full Bernoulli event probability uses selected probabilities and non-selected complement probabilities.
10,2,3,load_loss_threshold,bernoulli_full_event,29,0,29,NaN,NaN,1,terminal_stage_probability_one,1,0,,"","",,Terminal recording stage excluded from Bernoulli complement product.
10,3,1,continue,bernoulli_full_event,45,1,44,1,0.447260572208638,0.447260572208638,full_event_available,0,1,,"12","0.49043",paper_formula,Full Bernoulli event probability uses selected probabilities and non-selected complement probabilities.
10,3,2,continue,bernoulli_full_event,44,6,38,1,0.454595480056348,0.454595480056348,full_event_available,0,1,,"8,9,13,18,19,23","0.83017,0.1838,0.016023,0.1528,0.8368,0.0046496",paper_formula,Full Bernoulli event probability uses selected probabilities and non-selected complement probabilities.
10,3,3,continue,bernoulli_full_event,34,1,33,1,0.30535353398123,0.30535353398123,full_event_available,0,1,,"27","0.21643",paper_formula,Full Bernoulli event probability uses selected probabilities and non-selected complement probabilities.
10,3,4,continue,bernoulli_full_event,30,1,29,1,0.553981292914182,0.553981292914182,full_event_available,0,1,,"3","0.76761",paper_formula,Full Bernoulli event probability uses selected probabilities and non-selected complement probabilities.
10,3,5,max_depth_reached,bernoulli_full_event,29,0,29,NaN,NaN,1,terminal_stage_probability_one,1,0,,"","",,Terminal recording stage excluded from Bernoulli complement product.
10,4,1,continue,bernoulli_full_event,45,2,43,0.366759215432474,0.706304115446538,0.2590435432379,full_event_available,0,1,,"12,23","0.10793,0.3462",paper_formula,Full Bernoulli event probability uses selected probabilities and non-selected complement probabilities.
10,4,2,continue,bernoulli_full_event,36,3,33,0.00166902385882092,0.951909338870235,0.00158875939800887,full_event_available,0,1,,"3,6,17","0.20058,0.77441,0.0010788",paper_formula,Full Bernoulli event probability uses selected probabilities and non-selected complement probabilities.
10,4,3,load_loss_threshold,bernoulli_full_event,0,0,0,NaN,NaN,1,terminal_stage_probability_one,1,0,,"","",,Terminal recording stage excluded from Bernoulli complement product.
10,5,1,continue,bernoulli_full_event,45,1,44,1,0.447260572208638,0.447260572208638,full_event_available,0,1,,"12","0.1101",paper_formula,Full Bernoulli event probability uses selected probabilities and non-selected complement probabilities.
10,5,2,continue,bernoulli_full_event,44,6,38,1,0.454595480056348,0.454595480056348,full_event_available,0,1,,"8,9,13,18,19,23","0.05021,0.44357,0.33777,0.076215,0.34654,0.41868",paper_formula,Full Bernoulli event probability uses selected probabilities and non-selected complement probabilities.
10,5,3,continue,bernoulli_full_event,34,2,32,0.446628265494639,0.551805440973913,0.246451906992684,full_event_available,0,1,,"26,27","0.25373,0.19754",paper_formula,Full Bernoulli event probability uses selected probabilities and non-selected complement probabilities.
10,5,4,load_loss_threshold,bernoulli_full_event,20,0,20,NaN,NaN,1,terminal_stage_probability_one,1,0,,"","",,Terminal recording stage excluded from Bernoulli complement product.
10,6,1,continue,bernoulli_full_event,45,3,42,0.0907919115945032,0.938674761956556,0.0852240760035509,full_event_available,0,1,,"12,19,23","0.83763,0.10661,0.25657",paper_formula,Full Bernoulli event probability uses selected probabilities and non-selected complement probabilities.
10,6,2,continue,bernoulli_full_event,36,2,34,0.9362701275508,0.950212436073427,0.889655518722824,full_event_available,0,1,,"3,6","0.0034771,0.91642",paper_formula,Full Bernoulli event probability uses selected probabilities and non-selected complement probabilities.
10,6,3,continue,bernoulli_full_event,34,4,30,1,0.881017102130333,0.881017102130333,full_event_available,0,1,,"9,25,27,42","0.73703,0.68991,0.84585,0.66738",paper_formula,Full Bernoulli event probability uses selected probabilities and non-selected complement probabilities.
10,6,4,load_loss_threshold,bernoulli_full_event,0,0,0,NaN,NaN,1,terminal_stage_probability_one,1,0,,"","",,Terminal recording stage excluded from Bernoulli complement product.
10,7,1,continue,bernoulli_full_event,45,2,43,0.247551820851845,0.594407142715105,0.147146570506467,full_event_available,0,1,,"12,19","0.58645,0.14058",paper_formula,Full Bernoulli event probability uses selected probabilities and non-selected complement probabilities.
10,7,2,continue,bernoulli_full_event,43,6,37,0.992153210618538,0.945446158901927,0.938027442021511,full_event_available,0,1,,"9,18,21,22,23,27","0.49185,0.69439,0.90462,0.12912,0.81232,0.08888",paper_formula,Full Bernoulli event probability uses selected probabilities and non-selected complement probabilities.
10,7,3,continue,bernoulli_full_event,31,2,29,1,0.956589970649623,0.956589970649623,full_event_available,0,1,,"3,6","0.5878,0.63988",paper_formula,Full Bernoulli event probability uses selected probabilities and non-selected complement probabilities.
10,7,4,load_loss_threshold,bernoulli_full_event,0,0,0,NaN,NaN,1,terminal_stage_probability_one,1,0,,"","",,Terminal recording stage excluded from Bernoulli complement product.
10,8,1,continue,bernoulli_full_event,45,2,43,0.247551820851845,0.594407142715105,0.147146570506467,full_event_available,0,1,,"12,19","0.51362,0.12315",paper_formula,Full Bernoulli event probability uses selected probabilities and non-selected complement probabilities.
10,8,2,continue,bernoulli_full_event,43,6,37,0.992153210618538,0.945446158901927,0.938027442021511,full_event_available,0,1,,"9,18,21,22,23,27","0.55771,0.52522,0.77756,0.12118,0.78186,0.33402",paper_formula,Full Bernoulli event probability uses selected probabilities and non-selected complement probabilities.
10,8,3,continue,bernoulli_full_event,31,2,29,1,0.956589970649623,0.956589970649623,full_event_available,0,1,,"3,6","0.74328,0.85203",paper_formula,Full Bernoulli event probability uses selected probabilities and non-selected complement probabilities.
10,8,4,load_loss_threshold,bernoulli_full_event,0,0,0,NaN,NaN,1,terminal_stage_probability_one,1,0,,"","",,Terminal recording stage excluded from Bernoulli complement product.
10,9,1,continue,bernoulli_full_event,45,3,42,0.0907919115945032,0.938674761956556,0.0852240760035509,full_event_available,0,1,,"12,19,23","0.73534,0.043249,0.2569",paper_formula,Full Bernoulli event probability uses selected probabilities and non-selected complement probabilities.
10,9,2,continue,bernoulli_full_event,36,2,34,0.9362701275508,0.950212436073427,0.889655518722824,full_event_available,0,1,,"3,6","0.24544,0.62406",paper_formula,Full Bernoulli event probability uses selected probabilities and non-selected complement probabilities.
10,9,3,continue,bernoulli_full_event,34,4,30,1,0.881017102130333,0.881017102130333,full_event_available,0,1,,"9,25,27,42","0.6753,0.21058,0.29738,0.66316",paper_formula,Full Bernoulli event probability uses selected probabilities and non-selected complement probabilities.
10,9,4,load_loss_threshold,bernoulli_full_event,0,0,0,NaN,NaN,1,terminal_stage_probability_one,1,0,,"","",,Terminal recording stage excluded from Bernoulli complement product.
10,10,1,continue,bernoulli_full_event,45,2,43,0.247551820851845,0.594407142715105,0.147146570506467,full_event_available,0,1,,"12,19","0.72737,0.11315",paper_formula,Full Bernoulli event probability uses selected probabilities and non-selected complement probabilities.
10,10,2,continue,bernoulli_full_event,43,6,37,0.992153210618538,0.945446158901927,0.938027442021511,full_event_available,0,1,,"9,18,21,22,23,27","0.96919,0.07324,0.54373,0.11175,0.79811,0.020692",paper_formula,Full Bernoulli event probability uses selected probabilities and non-selected complement probabilities.
10,10,3,continue,bernoulli_full_event,31,2,29,1,0.956589970649623,0.956589970649623,full_event_available,0,1,,"3,6","0.81255,0.25773",paper_formula,Full Bernoulli event probability uses selected probabilities and non-selected complement probabilities.
10,10,4,load_loss_threshold,bernoulli_full_event,0,0,0,NaN,NaN,1,terminal_stage_probability_one,1,0,,"","",,Terminal recording stage excluded from Bernoulli complement product.
10,11,1,continue,bernoulli_full_event,45,2,43,0.247551820851845,0.594407142715105,0.147146570506467,full_event_available,0,1,,"12,19","0.2586,0.014661",paper_formula,Full Bernoulli event probability uses selected probabilities and non-selected complement probabilities.
10,11,2,continue,bernoulli_full_event,43,6,37,0.992153210618538,0.945446158901927,0.938027442021511,full_event_available,0,1,,"9,18,21,22,23,27","0.65202,0.49014,0.75047,0.065546,0.36483,0.52684",paper_formula,Full Bernoulli event probability uses selected probabilities and non-selected complement probabilities.
10,11,3,continue,bernoulli_full_event,31,2,29,1,0.956589970649623,0.956589970649623,full_event_available,0,1,,"3,6","0.79395,0.84443",paper_formula,Full Bernoulli event probability uses selected probabilities and non-selected complement probabilities.
10,11,4,load_loss_threshold,bernoulli_full_event,0,0,0,NaN,NaN,1,terminal_stage_probability_one,1,0,,"","",,Terminal recording stage excluded from Bernoulli complement product.
10,12,1,continue,bernoulli_full_event,45,2,43,0.366759215432474,0.706304115446538,0.2590435432379,full_event_available,0,1,,"12,23","0.24945,0.10474",paper_formula,Full Bernoulli event probability uses selected probabilities and non-selected complement probabilities.
10,12,2,continue,bernoulli_full_event,36,2,34,0.9362701275508,0.950212436073427,0.889655518722824,full_event_available,0,1,,"3,6","0.01813,0.060649",paper_formula,Full Bernoulli event probability uses selected probabilities and non-selected complement probabilities.
10,12,3,continue,bernoulli_full_event,34,4,30,1,0.881017102130333,0.881017102130333,full_event_available,0,1,,"9,25,27,42","0.16697,0.67085,0.61335,0.63125",paper_formula,Full Bernoulli event probability uses selected probabilities and non-selected complement probabilities.
10,12,4,load_loss_threshold,bernoulli_full_event,0,0,0,NaN,NaN,1,terminal_stage_probability_one,1,0,,"","",,Terminal recording stage excluded from Bernoulli complement product.
10,13,1,continue,bernoulli_full_event,45,1,44,1,0.447260572208638,0.447260572208638,full_event_available,0,1,,"12","0.30278",paper_formula,Full Bernoulli event probability uses selected probabilities and non-selected complement probabilities.
10,13,2,continue,bernoulli_full_event,44,7,37,0.519287481458254,0.945670151123534,0.491074671067186,full_event_available,0,1,,"8,9,13,18,19,20,23","0.50489,0.97939,0.19206,0.73481,0.60119,0.32743,0.61423",paper_formula,Full Bernoulli event probability uses selected probabilities and non-selected complement probabilities.
10,13,3,continue,bernoulli_full_event,34,1,33,1,0.30535353398123,0.30535353398123,full_event_available,0,1,,"27","0.79121",paper_formula,Full Bernoulli event probability uses selected probabilities and non-selected complement probabilities.
10,13,4,continue,bernoulli_full_event,30,1,29,1,0.553981292914182,0.553981292914182,full_event_available,0,1,,"3","0.70079",paper_formula,Full Bernoulli event probability uses selected probabilities and non-selected complement probabilities.
10,13,5,max_depth_reached,bernoulli_full_event,29,0,29,NaN,NaN,1,terminal_stage_probability_one,1,0,,"","",,Terminal recording stage excluded from Bernoulli complement product.
10,14,1,continue,bernoulli_full_event,45,1,44,1,0.447260572208638,0.447260572208638,full_event_available,0,1,,"12","0.52774",paper_formula,Full Bernoulli event probability uses selected probabilities and non-selected complement probabilities.
10,14,2,continue,bernoulli_full_event,44,6,38,1,0.454595480056348,0.454595480056348,full_event_available,0,1,,"8,9,13,18,19,23","0.77332,0.72018,0.81076,0.30905,0.38211,0.91922",paper_formula,Full Bernoulli event probability uses selected probabilities and non-selected complement probabilities.
10,14,3,continue,bernoulli_full_event,34,2,32,0.446628265494639,0.551805440973913,0.246451906992684,full_event_available,0,1,,"26,27","0.2991,0.49505",paper_formula,Full Bernoulli event probability uses selected probabilities and non-selected complement probabilities.
10,14,4,load_loss_threshold,bernoulli_full_event,20,0,20,NaN,NaN,1,terminal_stage_probability_one,1,0,,"","",,Terminal recording stage excluded from Bernoulli complement product.
10,15,1,continue,bernoulli_full_event,45,2,43,0.366759215432474,0.706304115446538,0.2590435432379,full_event_available,0,1,,"12,23","0.64262,0.025589",paper_formula,Full Bernoulli event probability uses selected probabilities and non-selected complement probabilities.
10,15,2,continue,bernoulli_full_event,36,2,34,0.9362701275508,0.950212436073427,0.889655518722824,full_event_available,0,1,,"3,6","0.51615,0.87215",paper_formula,Full Bernoulli event probability uses selected probabilities and non-selected complement probabilities.
10,15,3,continue,bernoulli_full_event,34,4,30,1,0.881017102130333,0.881017102130333,full_event_available,0,1,,"9,25,27,42","0.5426,0.19507,0.37435,0.9796",paper_formula,Full Bernoulli event probability uses selected probabilities and non-selected complement probabilities.
10,15,4,load_loss_threshold,bernoulli_full_event,0,0,0,NaN,NaN,1,terminal_stage_probability_one,1,0,,"","",,Terminal recording stage excluded from Bernoulli complement product.
10,16,1,continue,bernoulli_full_event,45,1,44,1,0.447260572208638,0.447260572208638,full_event_available,0,1,,"12","0.60974",paper_formula,Full Bernoulli event probability uses selected probabilities and non-selected complement probabilities.
10,16,2,continue,bernoulli_full_event,44,6,38,1,0.454595480056348,0.454595480056348,full_event_available,0,1,,"8,9,13,18,19,23","0.44721,0.14503,0.90549,0.70006,0.65768,0.4549",paper_formula,Full Bernoulli event probability uses selected probabilities and non-selected complement probabilities.
10,16,3,continue,bernoulli_full_event,34,2,32,0.413097319538666,0.520279671820901,0.214926137839671,full_event_available,0,1,,"17,27","0.021126,0.31235",paper_formula,Full Bernoulli event probability uses selected probabilities and non-selected complement probabilities.
10,16,4,load_loss_threshold,bernoulli_full_event,26,0,26,NaN,NaN,1,terminal_stage_probability_one,1,0,,"","",,Terminal recording stage excluded from Bernoulli complement product.
10,17,1,continue,bernoulli_full_event,45,2,43,0.366759215432474,0.706304115446538,0.2590435432379,full_event_available,0,1,,"12,23","0.49403,0.14319",paper_formula,Full Bernoulli event probability uses selected probabilities and non-selected complement probabilities.
10,17,2,continue,bernoulli_full_event,36,2,34,0.9362701275508,0.950212436073427,0.889655518722824,full_event_available,0,1,,"3,6","0.43596,0.60417",paper_formula,Full Bernoulli event probability uses selected probabilities and non-selected complement probabilities.
10,17,3,continue,bernoulli_full_event,34,4,30,1,0.881017102130333,0.881017102130333,full_event_available,0,1,,"9,25,27,42","0.81286,0.44789,0.36507,0.43315",paper_formula,Full Bernoulli event probability uses selected probabilities and non-selected complement probabilities.
10,17,4,load_loss_threshold,bernoulli_full_event,0,0,0,NaN,NaN,1,terminal_stage_probability_one,1,0,,"","",,Terminal recording stage excluded from Bernoulli complement product.
10,18,1,continue,bernoulli_full_event,45,1,44,1,0.447260572208638,0.447260572208638,full_event_available,0,1,,"12","0.51605",paper_formula,Full Bernoulli event probability uses selected probabilities and non-selected complement probabilities.
10,18,2,continue,bernoulli_full_event,44,7,37,0.519287481458254,0.945670151123534,0.491074671067186,full_event_available,0,1,,"8,9,13,18,19,20,23","0.63481,0.2676,0.76611,0.18708,0.79949,0.24945,0.82164",paper_formula,Full Bernoulli event probability uses selected probabilities and non-selected complement probabilities.
10,18,3,continue,bernoulli_full_event,34,1,33,1,0.30535353398123,0.30535353398123,full_event_available,0,1,,"27","0.87046",paper_formula,Full Bernoulli event probability uses selected probabilities and non-selected complement probabilities.
10,18,4,continue,bernoulli_full_event,30,1,29,1,0.553981292914182,0.553981292914182,full_event_available,0,1,,"3","0.65773",paper_formula,Full Bernoulli event probability uses selected probabilities and non-selected complement probabilities.
10,18,5,max_depth_reached,bernoulli_full_event,29,0,29,NaN,NaN,1,terminal_stage_probability_one,1,0,,"","",,Terminal recording stage excluded from Bernoulli complement product.
10,19,1,continue,bernoulli_full_event,45,3,42,0.000586813461768223,0.707436010588869,0.000415132974353156,full_event_available,0,1,,"12,13,23","0.75904,0.00042465,0.1961",paper_formula,Full Bernoulli event probability uses selected probabilities and non-selected complement probabilities.
10,19,2,continue,bernoulli_full_event,36,2,34,0.9362701275508,0.950212436073427,0.889655518722824,full_event_available,0,1,,"3,6","0.48033,0.40692",paper_formula,Full Bernoulli event probability uses selected probabilities and non-selected complement probabilities.
10,19,3,continue,bernoulli_full_event,34,4,30,1,0.881017102130333,0.881017102130333,full_event_available,0,1,,"9,25,27,42","0.52811,0.21706,0.27354,0.88856",paper_formula,Full Bernoulli event probability uses selected probabilities and non-selected complement probabilities.
10,19,4,load_loss_threshold,bernoulli_full_event,0,0,0,NaN,NaN,1,terminal_stage_probability_one,1,0,,"","",,Terminal recording stage excluded from Bernoulli complement product.
10,20,1,continue,bernoulli_full_event,45,2,43,0.366759215432474,0.706304115446538,0.2590435432379,full_event_available,0,1,,"12,23","0.38394,0.13253",paper_formula,Full Bernoulli event probability uses selected probabilities and non-selected complement probabilities.
10,20,2,continue,bernoulli_full_event,36,2,34,0.9362701275508,0.950212436073427,0.889655518722824,full_event_available,0,1,,"3,6","0.77787,0.52902",paper_formula,Full Bernoulli event probability uses selected probabilities and non-selected complement probabilities.
10,20,3,continue,bernoulli_full_event,34,4,30,1,0.881017102130333,0.881017102130333,full_event_available,0,1,,"9,25,27,42","0.41444,0.6602,0.85044,0.10228",paper_formula,Full Bernoulli event probability uses selected probabilities and non-selected complement probabilities.
10,20,4,load_loss_threshold,bernoulli_full_event,0,0,0,NaN,NaN,1,terminal_stage_probability_one,1,0,,"","",,Terminal recording stage excluded from Bernoulli complement product.
10,21,1,continue,bernoulli_full_event,45,1,44,1,0.447260572208638,0.447260572208638,full_event_available,0,1,,"12","0.5077",paper_formula,Full Bernoulli event probability uses selected probabilities and non-selected complement probabilities.
10,21,2,continue,bernoulli_full_event,44,6,38,1,0.454595480056348,0.454595480056348,full_event_available,0,1,,"8,9,13,18,19,23","0.078647,0.13832,0.17689,0.96788,0.34516,0.22488",paper_formula,Full Bernoulli event probability uses selected probabilities and non-selected complement probabilities.
10,21,3,continue,bernoulli_full_event,34,3,31,0.184500939306039,0.940199217594589,0.173467638781005,full_event_available,0,1,,"17,26,27","0.13925,0.00023227,0.37377",paper_formula,Full Bernoulli event probability uses selected probabilities and non-selected complement probabilities.
10,21,4,load_loss_threshold,bernoulli_full_event,16,0,16,NaN,NaN,1,terminal_stage_probability_one,1,0,,"","",,Terminal recording stage excluded from Bernoulli complement product.
10,22,1,continue,bernoulli_full_event,45,2,43,0.366759215432474,0.706304115446538,0.2590435432379,full_event_available,0,1,,"12,23","0.46803,0.041264",paper_formula,Full Bernoulli event probability uses selected probabilities and non-selected complement probabilities.
10,22,2,continue,bernoulli_full_event,36,2,34,0.9362701275508,0.950212436073427,0.889655518722824,full_event_available,0,1,,"3,6","0.002663,0.6278",paper_formula,Full Bernoulli event probability uses selected probabilities and non-selected complement probabilities.
10,22,3,continue,bernoulli_full_event,34,4,30,1,0.881017102130333,0.881017102130333,full_event_available,0,1,,"9,25,27,42","0.011267,0.33117,0.27803,0.88887",paper_formula,Full Bernoulli event probability uses selected probabilities and non-selected complement probabilities.
10,22,4,load_loss_threshold,bernoulli_full_event,0,0,0,NaN,NaN,1,terminal_stage_probability_one,1,0,,"","",,Terminal recording stage excluded from Bernoulli complement product.
10,23,1,continue,bernoulli_full_event,45,1,44,1,0.447260572208638,0.447260572208638,full_event_available,0,1,,"12","0.24316",paper_formula,Full Bernoulli event probability uses selected probabilities and non-selected complement probabilities.
10,23,2,continue,bernoulli_full_event,44,6,38,1,0.454595480056348,0.454595480056348,full_event_available,0,1,,"8,9,13,18,19,23","0.74148,0.73832,0.223,0.027038,0.13299,0.80209",paper_formula,Full Bernoulli event probability uses selected probabilities and non-selected complement probabilities.
10,23,3,continue,bernoulli_full_event,34,1,33,1,0.30535353398123,0.30535353398123,full_event_available,0,1,,"27","0.12103",paper_formula,Full Bernoulli event probability uses selected probabilities and non-selected complement probabilities.
10,23,4,continue,bernoulli_full_event,30,3,27,0.00645156561166357,0.95888194576638,0.00618628978695143,full_event_available,0,1,,"3,16,17","0.54535,0.0008192,0.13094",paper_formula,Full Bernoulli event probability uses selected probabilities and non-selected complement probabilities.
10,23,5,max_depth_reached,bernoulli_full_event,25,0,25,NaN,NaN,1,terminal_stage_probability_one,1,0,,"","",,Terminal recording stage excluded from Bernoulli complement product.
10,24,1,continue,bernoulli_full_event,45,1,44,1,0.447260572208638,0.447260572208638,full_event_available,0,1,,"12","0.59621",paper_formula,Full Bernoulli event probability uses selected probabilities and non-selected complement probabilities.
10,24,2,continue,bernoulli_full_event,44,6,38,1,0.454595480056348,0.454595480056348,full_event_available,0,1,,"8,9,13,18,19,23","0.42767,0.55007,0.26692,0.7543,0.50809,0.99931",paper_formula,Full Bernoulli event probability uses selected probabilities and non-selected complement probabilities.
10,24,3,continue,bernoulli_full_event,34,1,33,1,0.30535353398123,0.30535353398123,full_event_available,0,1,,"27","0.16144",paper_formula,Full Bernoulli event probability uses selected probabilities and non-selected complement probabilities.
10,24,4,continue,bernoulli_full_event,30,1,29,1,0.553981292914182,0.553981292914182,full_event_available,0,1,,"3","0.51725",paper_formula,Full Bernoulli event probability uses selected probabilities and non-selected complement probabilities.
10,24,5,max_depth_reached,bernoulli_full_event,29,0,29,NaN,NaN,1,terminal_stage_probability_one,1,0,,"","",,Terminal recording stage excluded from Bernoulli complement product.
10,25,1,continue,bernoulli_full_event,45,2,43,0.366759215432474,0.706304115446538,0.2590435432379,full_event_available,0,1,,"12,23","0.44809,0.23285",paper_formula,Full Bernoulli event probability uses selected probabilities and non-selected complement probabilities.
10,25,2,continue,bernoulli_full_event,36,2,34,0.9362701275508,0.950212436073427,0.889655518722824,full_event_available,0,1,,"3,6","0.83633,0.38657",paper_formula,Full Bernoulli event probability uses selected probabilities and non-selected complement probabilities.
10,25,3,continue,bernoulli_full_event,34,4,30,1,0.881017102130333,0.881017102130333,full_event_available,0,1,,"9,25,27,42","0.015361,0.25823,0.51743,0.59764",paper_formula,Full Bernoulli event probability uses selected probabilities and non-selected complement probabilities.
10,25,4,load_loss_threshold,bernoulli_full_event,0,0,0,NaN,NaN,1,terminal_stage_probability_one,1,0,,"","",,Terminal recording stage excluded from Bernoulli complement product.
10,26,1,continue,bernoulli_full_event,45,1,44,1,0.447260572208638,0.447260572208638,full_event_available,0,1,,"12","0.048459",paper_formula,Full Bernoulli event probability uses selected probabilities and non-selected complement probabilities.
10,26,2,continue,bernoulli_full_event,44,6,38,1,0.454595480056348,0.454595480056348,full_event_available,0,1,,"8,9,13,18,19,23","0.64024,0.2714,0.65057,0.2849,0.28693,0.71731",paper_formula,Full Bernoulli event probability uses selected probabilities and non-selected complement probabilities.
10,26,3,continue,bernoulli_full_event,34,2,32,0.446628265494639,0.551805440973913,0.246451906992684,full_event_available,0,1,,"26,27","0.27724,0.19833",paper_formula,Full Bernoulli event probability uses selected probabilities and non-selected complement probabilities.
10,26,4,load_loss_threshold,bernoulli_full_event,20,0,20,NaN,NaN,1,terminal_stage_probability_one,1,0,,"","",,Terminal recording stage excluded from Bernoulli complement product.
10,27,1,continue,bernoulli_full_event,45,2,43,0.366759215432474,0.706304115446538,0.2590435432379,full_event_available,0,1,,"12,23","0.61394,0.078431",paper_formula,Full Bernoulli event probability uses selected probabilities and non-selected complement probabilities.
10,27,2,continue,bernoulli_full_event,36,2,34,0.9362701275508,0.950212436073427,0.889655518722824,full_event_available,0,1,,"3,6","0.7579,0.026899",paper_formula,Full Bernoulli event probability uses selected probabilities and non-selected complement probabilities.
10,27,3,continue,bernoulli_full_event,34,4,30,1,0.881017102130333,0.881017102130333,full_event_available,0,1,,"9,25,27,42","0.81354,0.63052,0.37537,0.67744",paper_formula,Full Bernoulli event probability uses selected probabilities and non-selected complement probabilities.
10,27,4,load_loss_threshold,bernoulli_full_event,0,0,0,NaN,NaN,1,terminal_stage_probability_one,1,0,,"","",,Terminal recording stage excluded from Bernoulli complement product.
10,28,1,continue,bernoulli_full_event,45,4,41,0.000142639038822765,0.940151791634101,0.000134102347906188,full_event_available,0,1,,"12,19,23,28","0.28878,0.054686,0.2618,0.00098838",paper_formula,Full Bernoulli event probability uses selected probabilities and non-selected complement probabilities.
10,28,2,continue,bernoulli_full_event,35,3,32,0.999363163375736,0.794620904469217,0.794114860774845,full_event_available,0,1,,"3,6,38","0.72709,0.99396,0.28577",paper_formula,Full Bernoulli event probability uses selected probabilities and non-selected complement probabilities.
10,28,3,load_loss_threshold,bernoulli_full_event,28,0,28,NaN,NaN,1,terminal_stage_probability_one,1,0,,"","",,Terminal recording stage excluded from Bernoulli complement product.
10,29,1,continue,bernoulli_full_event,45,1,44,1,0.447260572208638,0.447260572208638,full_event_available,0,1,,"12","0.028791",paper_formula,Full Bernoulli event probability uses selected probabilities and non-selected complement probabilities.
10,29,2,continue,bernoulli_full_event,44,7,37,0.519287481458254,0.945670151123534,0.491074671067186,full_event_available,0,1,,"8,9,13,18,19,20,23","0.42453,0.299,0.18116,0.59658,0.30607,0.089366,0.24038",paper_formula,Full Bernoulli event probability uses selected probabilities and non-selected complement probabilities.
10,29,3,continue,bernoulli_full_event,34,3,31,0.184500939306039,0.940199217594589,0.173467638781005,full_event_available,0,1,,"17,26,27","0.20931,0.035732,0.67023",paper_formula,Full Bernoulli event probability uses selected probabilities and non-selected complement probabilities.
10,29,4,load_loss_threshold,bernoulli_full_event,16,0,16,NaN,NaN,1,terminal_stage_probability_one,1,0,,"","",,Terminal recording stage excluded from Bernoulli complement product.
10,30,1,continue,bernoulli_full_event,45,1,44,1,0.447260572208638,0.447260572208638,full_event_available,0,1,,"12","0.35368",paper_formula,Full Bernoulli event probability uses selected probabilities and non-selected complement probabilities.
10,30,2,continue,bernoulli_full_event,44,7,37,0.519287481458254,0.945670151123534,0.491074671067186,full_event_available,0,1,,"8,9,13,18,19,20,23","0.3099,0.39064,0.38206,0.078212,0.35721,0.0072444,0.22537",paper_formula,Full Bernoulli event probability uses selected probabilities and non-selected complement probabilities.
10,30,3,continue,bernoulli_full_event,34,2,32,0.413097319538666,0.520279671820901,0.214926137839671,full_event_available,0,1,,"17,27","0.41195,0.41708",paper_formula,Full Bernoulli event probability uses selected probabilities and non-selected complement probabilities.
10,30,4,load_loss_threshold,bernoulli_full_event,26,0,26,NaN,NaN,1,terminal_stage_probability_one,1,0,,"","",,Terminal recording stage excluded from Bernoulli complement product.
11,1,1,continue,bernoulli_full_event,45,1,44,0.897234345207048,0.935549941943689,0.839407539568338,full_event_available,0,1,,"12","0.50206",paper_formula,Full Bernoulli event probability uses selected probabilities and non-selected complement probabilities.
11,1,2,continue,bernoulli_full_event,44,3,41,1,0.865308507250813,0.865308507250813,full_event_available,0,1,,"1,13,27","0.9804,0.72137,0.10178",paper_formula,Full Bernoulli event probability uses selected probabilities and non-selected complement probabilities.
11,1,3,load_loss_threshold,bernoulli_full_event,34,0,34,NaN,NaN,1,terminal_stage_probability_one,1,0,,"","",,Terminal recording stage excluded from Bernoulli complement product.
11,2,1,no_new_outage,bernoulli_full_event,45,0,45,1,0.096142402375351,0.096142402375351,full_event_available,1,1,,"","",paper_formula,Full Bernoulli event probability uses selected probabilities and non-selected complement probabilities.
11,3,1,continue,bernoulli_full_event,45,1,44,0.897234345207048,0.935549941943689,0.839407539568338,full_event_available,0,1,,"12","0.80688",paper_formula,Full Bernoulli event probability uses selected probabilities and non-selected complement probabilities.
11,3,2,continue,bernoulli_full_event,44,3,41,1,0.865308507250813,0.865308507250813,full_event_available,0,1,,"1,13,27","0.033346,0.59797,0.13153",paper_formula,Full Bernoulli event probability uses selected probabilities and non-selected complement probabilities.
11,3,3,load_loss_threshold,bernoulli_full_event,34,0,34,NaN,NaN,1,terminal_stage_probability_one,1,0,,"","",,Terminal recording stage excluded from Bernoulli complement product.
11,4,1,continue,bernoulli_full_event,45,1,44,0.897234345207048,0.935549941943689,0.839407539568338,full_event_available,0,1,,"12","0.015514",paper_formula,Full Bernoulli event probability uses selected probabilities and non-selected complement probabilities.
11,4,2,continue,bernoulli_full_event,44,3,41,1,0.865308507250813,0.865308507250813,full_event_available,0,1,,"1,13,27","0.12812,0.81856,0.13829",paper_formula,Full Bernoulli event probability uses selected probabilities and non-selected complement probabilities.
11,4,3,load_loss_threshold,bernoulli_full_event,34,0,34,NaN,NaN,1,terminal_stage_probability_one,1,0,,"","",,Terminal recording stage excluded from Bernoulli complement product.
11,5,1,continue,bernoulli_full_event,45,2,43,0.001405126827498,0.93701737155518,0.00131662824660385,full_event_available,0,1,,"12,25","0.11822,0.00092537",paper_formula,Full Bernoulli event probability uses selected probabilities and non-selected complement probabilities.
11,5,2,continue,bernoulli_full_event,43,7,36,1,0.946933810425328,0.946933810425328,full_event_available,0,1,,"1,4,6,7,26,27,30","0.74584,0.12827,0.83125,0.73985,0.066458,0.85898,0.31282",paper_formula,Full Bernoulli event probability uses selected probabilities and non-selected complement probabilities.
11,5,3,load_loss_threshold,bernoulli_full_event,4,0,4,NaN,NaN,1,terminal_stage_probability_one,1,0,,"","",,Terminal recording stage excluded from Bernoulli complement product.
11,6,1,continue,bernoulli_full_event,45,1,44,0.897234345207048,0.935549941943689,0.839407539568338,full_event_available,0,1,,"12","0.6476",paper_formula,Full Bernoulli event probability uses selected probabilities and non-selected complement probabilities.
11,6,2,continue,bernoulli_full_event,44,3,41,1,0.865308507250813,0.865308507250813,full_event_available,0,1,,"1,13,27","0.20162,0.95345,0.80895",paper_formula,Full Bernoulli event probability uses selected probabilities and non-selected complement probabilities.
11,6,3,load_loss_threshold,bernoulli_full_event,34,0,34,NaN,NaN,1,terminal_stage_probability_one,1,0,,"","",,Terminal recording stage excluded from Bernoulli complement product.
11,7,1,continue,bernoulli_full_event,45,1,44,0.897234345207048,0.935549941943689,0.839407539568338,full_event_available,0,1,,"12","0.54916",paper_formula,Full Bernoulli event probability uses selected probabilities and non-selected complement probabilities.
11,7,2,continue,bernoulli_full_event,44,3,41,1,0.865308507250813,0.865308507250813,full_event_available,0,1,,"1,13,27","0.54143,0.01639,0.32008",paper_formula,Full Bernoulli event probability uses selected probabilities and non-selected complement probabilities.
11,7,3,load_loss_threshold,bernoulli_full_event,34,0,34,NaN,NaN,1,terminal_stage_probability_one,1,0,,"","",,Terminal recording stage excluded from Bernoulli complement product.
11,8,1,continue,bernoulli_full_event,45,1,44,0.897234345207048,0.935549941943689,0.839407539568338,full_event_available,0,1,,"12","0.20093",paper_formula,Full Bernoulli event probability uses selected probabilities and non-selected complement probabilities.
11,8,2,continue,bernoulli_full_event,44,3,41,1,0.865308507250813,0.865308507250813,full_event_available,0,1,,"1,13,27","0.4609,0.64603,0.47643",paper_formula,Full Bernoulli event probability uses selected probabilities and non-selected complement probabilities.
11,8,3,load_loss_threshold,bernoulli_full_event,34,0,34,NaN,NaN,1,terminal_stage_probability_one,1,0,,"","",,Terminal recording stage excluded from Bernoulli complement product.
11,9,1,continue,bernoulli_full_event,45,2,43,0.00148123929326684,0.937096990260542,0.00138806488357601,full_event_available,0,1,,"12,20","0.84626,1.6942e-05",paper_formula,Full Bernoulli event probability uses selected probabilities and non-selected complement probabilities.
11,9,2,continue,bernoulli_full_event,43,2,41,1,0.93867414825311,0.93867414825311,full_event_available,0,1,,"1,27","0.90023,0.83816",paper_formula,Full Bernoulli event probability uses selected probabilities and non-selected complement probabilities.
11,9,3,load_loss_threshold,bernoulli_full_event,34,0,34,NaN,NaN,1,terminal_stage_probability_one,1,0,,"","",,Terminal recording stage excluded from Bernoulli complement product.
11,10,1,continue,bernoulli_full_event,45,1,44,0.897234345207048,0.935549941943689,0.839407539568338,full_event_available,0,1,,"12","0.36373",paper_formula,Full Bernoulli event probability uses selected probabilities and non-selected complement probabilities.
11,10,2,continue,bernoulli_full_event,44,3,41,1,0.865308507250813,0.865308507250813,full_event_available,0,1,,"1,13,27","0.5018,0.94018,0.66719",paper_formula,Full Bernoulli event probability uses selected probabilities and non-selected complement probabilities.
11,10,3,load_loss_threshold,bernoulli_full_event,34,0,34,NaN,NaN,1,terminal_stage_probability_one,1,0,,"","",,Terminal recording stage excluded from Bernoulli complement product.
11,11,1,no_new_outage,bernoulli_full_event,45,0,45,1,0.096142402375351,0.096142402375351,full_event_available,1,1,,"","",paper_formula,Full Bernoulli event probability uses selected probabilities and non-selected complement probabilities.
11,12,1,continue,bernoulli_full_event,45,1,44,0.897234345207048,0.935549941943689,0.839407539568338,full_event_available,0,1,,"12","0.83874",paper_formula,Full Bernoulli event probability uses selected probabilities and non-selected complement probabilities.
11,12,2,continue,bernoulli_full_event,44,3,41,1,0.865308507250813,0.865308507250813,full_event_available,0,1,,"1,13,27","0.48075,0.48866,0.63307",paper_formula,Full Bernoulli event probability uses selected probabilities and non-selected complement probabilities.
11,12,3,load_loss_threshold,bernoulli_full_event,34,0,34,NaN,NaN,1,terminal_stage_probability_one,1,0,,"","",,Terminal recording stage excluded from Bernoulli complement product.
11,13,1,continue,bernoulli_full_event,45,1,44,0.897234345207048,0.935549941943689,0.839407539568338,full_event_available,0,1,,"12","0.063387",paper_formula,Full Bernoulli event probability uses selected probabilities and non-selected complement probabilities.
11,13,2,continue,bernoulli_full_event,44,3,41,1,0.865308507250813,0.865308507250813,full_event_available,0,1,,"1,13,27","0.19935,0.93756,0.030847",paper_formula,Full Bernoulli event probability uses selected probabilities and non-selected complement probabilities.
11,13,3,load_loss_threshold,bernoulli_full_event,34,0,34,NaN,NaN,1,terminal_stage_probability_one,1,0,,"","",,Terminal recording stage excluded from Bernoulli complement product.
11,14,1,continue,bernoulli_full_event,45,1,44,0.897234345207048,0.935549941943689,0.839407539568338,full_event_available,0,1,,"12","0.83361",paper_formula,Full Bernoulli event probability uses selected probabilities and non-selected complement probabilities.
11,14,2,continue,bernoulli_full_event,44,3,41,1,0.865308507250813,0.865308507250813,full_event_available,0,1,,"1,13,27","0.27334,0.88698,0.22634",paper_formula,Full Bernoulli event probability uses selected probabilities and non-selected complement probabilities.
11,14,3,load_loss_threshold,bernoulli_full_event,34,0,34,NaN,NaN,1,terminal_stage_probability_one,1,0,,"","",,Terminal recording stage excluded from Bernoulli complement product.
11,15,1,continue,bernoulli_full_event,45,1,44,0.897234345207048,0.935549941943689,0.839407539568338,full_event_available,0,1,,"12","0.58821",paper_formula,Full Bernoulli event probability uses selected probabilities and non-selected complement probabilities.
11,15,2,continue,bernoulli_full_event,44,4,40,0.0804233800489344,0.940985762879508,0.0756772556286952,full_event_available,0,1,,"1,4,13,27","0.52308,0.069875,0.89286,0.99557",paper_formula,Full Bernoulli event probability uses selected probabilities and non-selected complement probabilities.
11,15,3,load_loss_threshold,bernoulli_full_event,33,0,33,NaN,NaN,1,terminal_stage_probability_one,1,0,,"","",,Terminal recording stage excluded from Bernoulli complement product.
11,16,1,continue,bernoulli_full_event,45,1,44,0.897234345207048,0.935549941943689,0.839407539568338,full_event_available,0,1,,"12","0.41051",paper_formula,Full Bernoulli event probability uses selected probabilities and non-selected complement probabilities.
11,16,2,continue,bernoulli_full_event,44,3,41,1,0.865308507250813,0.865308507250813,full_event_available,0,1,,"1,13,27","0.22818,0.87118,0.79152",paper_formula,Full Bernoulli event probability uses selected probabilities and non-selected complement probabilities.
11,16,3,load_loss_threshold,bernoulli_full_event,34,0,34,NaN,NaN,1,terminal_stage_probability_one,1,0,,"","",,Terminal recording stage excluded from Bernoulli complement product.
11,17,1,continue,bernoulli_full_event,45,1,44,0.897234345207048,0.935549941943689,0.839407539568338,full_event_available,0,1,,"12","0.22827",paper_formula,Full Bernoulli event probability uses selected probabilities and non-selected complement probabilities.
11,17,2,continue,bernoulli_full_event,44,3,41,1,0.865308507250813,0.865308507250813,full_event_available,0,1,,"1,13,27","0.70949,0.21408,0.038314",paper_formula,Full Bernoulli event probability uses selected probabilities and non-selected complement probabilities.
11,17,3,load_loss_threshold,bernoulli_full_event,34,0,34,NaN,NaN,1,terminal_stage_probability_one,1,0,,"","",,Terminal recording stage excluded from Bernoulli complement product.
11,18,1,continue,bernoulli_full_event,45,1,44,0.897234345207048,0.935549941943689,0.839407539568338,full_event_available,0,1,,"12","0.88315",paper_formula,Full Bernoulli event probability uses selected probabilities and non-selected complement probabilities.
11,18,2,continue,bernoulli_full_event,44,3,41,1,0.865308507250813,0.865308507250813,full_event_available,0,1,,"1,13,27","0.053277,0.66419,0.56742",paper_formula,Full Bernoulli event probability uses selected probabilities and non-selected complement probabilities.
11,18,3,load_loss_threshold,bernoulli_full_event,34,0,34,NaN,NaN,1,terminal_stage_probability_one,1,0,,"","",,Terminal recording stage excluded from Bernoulli complement product.
11,19,1,continue,bernoulli_full_event,45,1,44,0.897234345207048,0.935549941943689,0.839407539568338,full_event_available,0,1,,"12","0.80816",paper_formula,Full Bernoulli event probability uses selected probabilities and non-selected complement probabilities.
11,19,2,continue,bernoulli_full_event,44,5,39,9.11142235399943e-05,0.942053044951861,8.58344317242762e-05,full_event_available,0,1,,"1,4,8,13,27","0.36139,0.058261,0.0007707,0.78176,0.75656",paper_formula,Full Bernoulli event probability uses selected probabilities and non-selected complement probabilities.
11,19,3,load_loss_threshold,bernoulli_full_event,30,0,30,NaN,NaN,1,terminal_stage_probability_one,1,0,,"","",,Terminal recording stage excluded from Bernoulli complement product.
11,20,1,no_new_outage,bernoulli_full_event,45,0,45,1,0.096142402375351,0.096142402375351,full_event_available,1,1,,"","",paper_formula,Full Bernoulli event probability uses selected probabilities and non-selected complement probabilities.
11,21,1,continue,bernoulli_full_event,45,1,44,0.897234345207048,0.935549941943689,0.839407539568338,full_event_available,0,1,,"12","0.18646",paper_formula,Full Bernoulli event probability uses selected probabilities and non-selected complement probabilities.
11,21,2,continue,bernoulli_full_event,44,3,41,1,0.865308507250813,0.865308507250813,full_event_available,0,1,,"1,13,27","0.70502,0.1339,0.33773",paper_formula,Full Bernoulli event probability uses selected probabilities and non-selected complement probabilities.
11,21,3,load_loss_threshold,bernoulli_full_event,34,0,34,NaN,NaN,1,terminal_stage_probability_one,1,0,,"","",,Terminal recording stage excluded from Bernoulli complement product.
11,22,1,continue,bernoulli_full_event,45,1,44,0.897234345207048,0.935549941943689,0.839407539568338,full_event_available,0,1,,"12","0.46207",paper_formula,Full Bernoulli event probability uses selected probabilities and non-selected complement probabilities.
11,22,2,continue,bernoulli_full_event,44,3,41,1,0.865308507250813,0.865308507250813,full_event_available,0,1,,"1,13,27","0.46092,0.22932,0.36344",paper_formula,Full Bernoulli event probability uses selected probabilities and non-selected complement probabilities.
11,22,3,load_loss_threshold,bernoulli_full_event,34,0,34,NaN,NaN,1,terminal_stage_probability_one,1,0,,"","",,Terminal recording stage excluded from Bernoulli complement product.
11,23,1,continue,bernoulli_full_event,45,1,44,0.897234345207048,0.935549941943689,0.839407539568338,full_event_available,0,1,,"12","0.18677",paper_formula,Full Bernoulli event probability uses selected probabilities and non-selected complement probabilities.
11,23,2,continue,bernoulli_full_event,44,3,41,1,0.865308507250813,0.865308507250813,full_event_available,0,1,,"1,13,27","0.85599,0.77701,0.92471",paper_formula,Full Bernoulli event probability uses selected probabilities and non-selected complement probabilities.
11,23,3,load_loss_threshold,bernoulli_full_event,34,0,34,NaN,NaN,1,terminal_stage_probability_one,1,0,,"","",,Terminal recording stage excluded from Bernoulli complement product.
11,24,1,continue,bernoulli_full_event,45,1,44,0.897234345207048,0.935549941943689,0.839407539568338,full_event_available,0,1,,"12","0.74613",paper_formula,Full Bernoulli event probability uses selected probabilities and non-selected complement probabilities.
11,24,2,continue,bernoulli_full_event,44,3,41,1,0.865308507250813,0.865308507250813,full_event_available,0,1,,"1,13,27","0.027783,0.83471,0.20963",paper_formula,Full Bernoulli event probability uses selected probabilities and non-selected complement probabilities.
11,24,3,load_loss_threshold,bernoulli_full_event,34,0,34,NaN,NaN,1,terminal_stage_probability_one,1,0,,"","",,Terminal recording stage excluded from Bernoulli complement product.
11,25,1,continue,bernoulli_full_event,45,1,44,0.897234345207048,0.935549941943689,0.839407539568338,full_event_available,0,1,,"12","0.89054",paper_formula,Full Bernoulli event probability uses selected probabilities and non-selected complement probabilities.
11,25,2,continue,bernoulli_full_event,44,4,40,0.0804233800489344,0.940985762879508,0.0756772556286952,full_event_available,0,1,,"1,4,13,27","0.7846,0.032286,0.58707,0.27158",paper_formula,Full Bernoulli event probability uses selected probabilities and non-selected complement probabilities.
11,25,3,load_loss_threshold,bernoulli_full_event,33,0,33,NaN,NaN,1,terminal_stage_probability_one,1,0,,"","",,Terminal recording stage excluded from Bernoulli complement product.
11,26,1,continue,bernoulli_full_event,45,1,44,0.897234345207048,0.935549941943689,0.839407539568338,full_event_available,0,1,,"12","0.11398",paper_formula,Full Bernoulli event probability uses selected probabilities and non-selected complement probabilities.
11,26,2,continue,bernoulli_full_event,44,3,41,1,0.865308507250813,0.865308507250813,full_event_available,0,1,,"1,13,27","0.33332,0.089546,0.054337",paper_formula,Full Bernoulli event probability uses selected probabilities and non-selected complement probabilities.
11,26,3,load_loss_threshold,bernoulli_full_event,34,0,34,NaN,NaN,1,terminal_stage_probability_one,1,0,,"","",,Terminal recording stage excluded from Bernoulli complement product.
11,27,1,continue,bernoulli_full_event,45,1,44,0.897234345207048,0.935549941943689,0.839407539568338,full_event_available,0,1,,"12","0.22977",paper_formula,Full Bernoulli event probability uses selected probabilities and non-selected complement probabilities.
11,27,2,continue,bernoulli_full_event,44,3,41,1,0.865308507250813,0.865308507250813,full_event_available,0,1,,"1,13,27","0.17222,0.55107,0.33601",paper_formula,Full Bernoulli event probability uses selected probabilities and non-selected complement probabilities.
11,27,3,load_loss_threshold,bernoulli_full_event,34,0,34,NaN,NaN,1,terminal_stage_probability_one,1,0,,"","",,Terminal recording stage excluded from Bernoulli complement product.
11,28,1,continue,bernoulli_full_event,45,1,44,0.897234345207048,0.935549941943689,0.839407539568338,full_event_available,0,1,,"12","0.41043",paper_formula,Full Bernoulli event probability uses selected probabilities and non-selected complement probabilities.
11,28,2,continue,bernoulli_full_event,44,3,41,1,0.865308507250813,0.865308507250813,full_event_available,0,1,,"1,13,27","0.88624,0.55139,0.9422",paper_formula,Full Bernoulli event probability uses selected probabilities and non-selected complement probabilities.
11,28,3,load_loss_threshold,bernoulli_full_event,34,0,34,NaN,NaN,1,terminal_stage_probability_one,1,0,,"","",,Terminal recording stage excluded from Bernoulli complement product.
11,29,1,continue,bernoulli_full_event,45,1,44,0.001532132434,0.0962899313021667,0.000147528926815681,full_event_available,0,1,,"23","0.00064001",paper_formula,Full Bernoulli event probability uses selected probabilities and non-selected complement probabilities.
11,29,2,continue,bernoulli_full_event,44,4,40,0.933007647805485,0.940794863420176,0.877768802587141,full_event_available,0,1,,"8,12,13,18","0.69779,0.26567,0.90728,0.44682",paper_formula,Full Bernoulli event probability uses selected probabilities and non-selected complement probabilities.
11,29,3,continue,bernoulli_full_event,34,2,32,1,0.86052817896662,0.86052817896662,full_event_available,0,1,,"1,27","0.99791,0.39732",paper_formula,Full Bernoulli event probability uses selected probabilities and non-selected complement probabilities.
11,29,4,load_loss_threshold,bernoulli_full_event,25,0,25,NaN,NaN,1,terminal_stage_probability_one,1,0,,"","",,Terminal recording stage excluded from Bernoulli complement product.
11,30,1,continue,bernoulli_full_event,45,2,43,0.00139079977511799,0.93700238601777,0.00130318270775853,full_event_available,0,1,,"12,45","0.86271,0.00073244",paper_formula,Full Bernoulli event probability uses selected probabilities and non-selected complement probabilities.
11,30,2,continue,bernoulli_full_event,43,3,40,1,0.915446346747033,0.915446346747033,full_event_available,0,1,,"1,13,27","0.020078,0.12207,0.60166",paper_formula,Full Bernoulli event probability uses selected probabilities and non-selected complement probabilities.
11,30,3,load_loss_threshold,bernoulli_full_event,33,0,33,NaN,NaN,1,terminal_stage_probability_one,1,0,,"","",,Terminal recording stage excluded from Bernoulli complement product.
12,1,1,continue,bernoulli_full_event,45,1,44,0.50717507050581,0.145097920777562,0.0735900482006065,full_event_available,0,1,,"10","0.15604",paper_formula,Full Bernoulli event probability uses selected probabilities and non-selected complement probabilities.
12,1,2,continue,bernoulli_full_event,44,7,37,0.519287481458254,0.945670151123534,0.491074671067186,full_event_available,0,1,,"8,9,13,18,19,20,23","0.27189,0.63682,0.40232,0.63634,0.42026,0.43997,0.31168",paper_formula,Full Bernoulli event probability uses selected probabilities and non-selected complement probabilities.
12,1,3,continue,bernoulli_full_event,34,3,31,0.184500939306039,0.940199217594589,0.173467638781005,full_event_available,0,1,,"17,26,27","0.36029,0.29821,0.17129",paper_formula,Full Bernoulli event probability uses selected probabilities and non-selected complement probabilities.
12,1,4,load_loss_threshold,bernoulli_full_event,16,0,16,NaN,NaN,1,terminal_stage_probability_one,1,0,,"","",,Terminal recording stage excluded from Bernoulli complement product.
12,2,1,continue,bernoulli_full_event,45,2,43,0.00136238567079599,0.462583819192593,0.00063021756681007,full_event_available,0,1,,"11,35","0.57995,0.0014687",paper_formula,Full Bernoulli event probability uses selected probabilities and non-selected complement probabilities.
12,2,2,continue,bernoulli_full_event,43,6,37,1,0.887557099157808,0.887557099157808,full_event_available,0,1,,"1,13,27,29,36,38","0.95223,0.75769,0.31953,0.69586,0.10217,0.34877",paper_formula,Full Bernoulli event probability uses selected probabilities and non-selected complement probabilities.
12,2,3,load_loss_threshold,bernoulli_full_event,28,0,28,NaN,NaN,1,terminal_stage_probability_one,1,0,,"","",,Terminal recording stage excluded from Bernoulli complement product.
12,3,1,continue,bernoulli_full_event,45,2,43,0.42864753749893,0.93712415738514,0.4016959623939,full_event_available,0,1,,"10,11","0.39679,0.13683",paper_formula,Full Bernoulli event probability uses selected probabilities and non-selected complement probabilities.
12,3,2,continue,bernoulli_full_event,43,4,39,0.990258364642548,0.922373177687658,0.913387754527131,full_event_available,0,1,,"1,13,18,27","0.36434,0.45852,0.5967,0.66442",paper_formula,Full Bernoulli event probability uses selected probabilities and non-selected complement probabilities.
12,3,3,load_loss_threshold,bernoulli_full_event,31,0,31,NaN,NaN,1,terminal_stage_probability_one,1,0,,"","",,Terminal recording stage excluded from Bernoulli complement product.
12,4,1,no_new_outage,bernoulli_full_event,45,0,45,1,0.0715078725769556,0.0715078725769556,full_event_available,1,1,,"","",paper_formula,Full Bernoulli event probability uses selected probabilities and non-selected complement probabilities.
12,5,1,continue,bernoulli_full_event,45,2,43,0.42864753749893,0.93712415738514,0.4016959623939,full_event_available,0,1,,"10,11","0.42163,0.3238",paper_formula,Full Bernoulli event probability uses selected probabilities and non-selected complement probabilities.
12,5,2,continue,bernoulli_full_event,43,4,39,0.990258364642548,0.922373177687658,0.913387754527131,full_event_available,0,1,,"1,13,18,27","0.16786,0.37808,0.90487,0.64444",paper_formula,Full Bernoulli event probability uses selected probabilities and non-selected complement probabilities.
12,5,3,load_loss_threshold,bernoulli_full_event,31,0,31,NaN,NaN,1,terminal_stage_probability_one,1,0,,"","",,Terminal recording stage excluded from Bernoulli complement product.
12,6,1,continue,bernoulli_full_event,45,2,43,0.42864753749893,0.93712415738514,0.4016959623939,full_event_available,0,1,,"10,11","0.1982,0.37966",paper_formula,Full Bernoulli event probability uses selected probabilities and non-selected complement probabilities.
12,6,2,continue,bernoulli_full_event,43,4,39,0.990258364642548,0.922373177687658,0.913387754527131,full_event_available,0,1,,"1,13,18,27","0.9351,0.97558,0.81312,0.074772",paper_formula,Full Bernoulli event probability uses selected probabilities and non-selected complement probabilities.
12,6,3,load_loss_threshold,bernoulli_full_event,31,0,31,NaN,NaN,1,terminal_stage_probability_one,1,0,,"","",,Terminal recording stage excluded from Bernoulli complement product.
12,7,1,continue,bernoulli_full_event,45,1,44,0.845166812066366,0.461838146790634,0.390330274213678,full_event_available,0,1,,"11","0.47002",paper_formula,Full Bernoulli event probability uses selected probabilities and non-selected complement probabilities.
12,7,2,continue,bernoulli_full_event,44,4,40,0.001611972514,0.866705612876499,0.00139710562568644,full_event_available,0,1,,"1,13,27,35","0.38826,0.64149,0.517,0.00077627",paper_formula,Full Bernoulli event probability uses selected probabilities and non-selected complement probabilities.
12,7,3,load_loss_threshold,bernoulli_full_event,33,0,33,NaN,NaN,1,terminal_stage_probability_one,1,0,,"","",,Terminal recording stage excluded from Bernoulli complement product.
12,8,1,continue,bernoulli_full_event,45,2,43,0.42864753749893,0.93712415738514,0.4016959623939,full_event_available,0,1,,"10,11","0.18716,0.42439",paper_formula,Full Bernoulli event probability uses selected probabilities and non-selected complement probabilities.
12,8,2,continue,bernoulli_full_event,43,4,39,0.990258364642548,0.922373177687658,0.913387754527131,full_event_available,0,1,,"1,13,18,27","0.63982,0.5451,0.046515,0.95424",paper_formula,Full Bernoulli event probability uses selected probabilities and non-selected complement probabilities.
12,8,3,load_loss_threshold,bernoulli_full_event,31,0,31,NaN,NaN,1,terminal_stage_probability_one,1,0,,"","",,Terminal recording stage excluded from Bernoulli complement product.
12,9,1,continue,bernoulli_full_event,45,1,44,0.845166812066366,0.461838146790634,0.390330274213678,full_event_available,0,1,,"11","0.3216",paper_formula,Full Bernoulli event probability uses selected probabilities and non-selected complement probabilities.
12,9,2,continue,bernoulli_full_event,44,3,41,1,0.865308507250813,0.865308507250813,full_event_available,0,1,,"1,13,27","0.60277,0.41887,0.65947",paper_formula,Full Bernoulli event probability uses selected probabilities and non-selected complement probabilities.
12,9,3,load_loss_threshold,bernoulli_full_event,34,0,34,NaN,NaN,1,terminal_stage_probability_one,1,0,,"","",,Terminal recording stage excluded from Bernoulli complement product.
12,10,1,continue,bernoulli_full_event,45,2,43,0.000949925259551162,0.462357813867089,0.000439205366343202,full_event_available,0,1,,"11,44","0.64152,0.0010363",paper_formula,Full Bernoulli event probability uses selected probabilities and non-selected complement probabilities.
12,10,2,continue,bernoulli_full_event,43,4,39,0.0858569309638769,0.942044573901896,0.08088105594639,full_event_available,0,1,,"1,4,13,27","0.83216,0.0097001,0.7673,0.98179",paper_formula,Full Bernoulli event probability uses selected probabilities and non-selected complement probabilities.
12,10,3,load_loss_threshold,bernoulli_full_event,32,0,32,NaN,NaN,1,terminal_stage_probability_one,1,0,,"","",,Terminal recording stage excluded from Bernoulli complement product.
12,11,1,continue,bernoulli_full_event,45,2,43,0.42864753749893,0.93712415738514,0.4016959623939,full_event_available,0,1,,"10,11","0.43344,0.36127",paper_formula,Full Bernoulli event probability uses selected probabilities and non-selected complement probabilities.
12,11,2,continue,bernoulli_full_event,43,4,39,0.990258364642548,0.922373177687658,0.913387754527131,full_event_available,0,1,,"1,13,18,27","0.65573,0.60008,0.30047,0.31797",paper_formula,Full Bernoulli event probability uses selected probabilities and non-selected complement probabilities.
12,11,3,load_loss_threshold,bernoulli_full_event,31,0,31,NaN,NaN,1,terminal_stage_probability_one,1,0,,"","",,Terminal recording stage excluded from Bernoulli complement product.
12,12,1,continue,bernoulli_full_event,45,1,44,0.845166812066366,0.461838146790634,0.390330274213678,full_event_available,0,1,,"11","0.73025",paper_formula,Full Bernoulli event probability uses selected probabilities and non-selected complement probabilities.
12,12,2,continue,bernoulli_full_event,44,3,41,1,0.865308507250813,0.865308507250813,full_event_available,0,1,,"1,13,27","0.29685,0.58184,0.91374",paper_formula,Full Bernoulli event probability uses selected probabilities and non-selected complement probabilities.
12,12,3,load_loss_threshold,bernoulli_full_event,34,0,34,NaN,NaN,1,terminal_stage_probability_one,1,0,,"","",,Terminal recording stage excluded from Bernoulli complement product.
12,13,1,continue,bernoulli_full_event,45,2,43,0.42864753749893,0.93712415738514,0.4016959623939,full_event_available,0,1,,"10,11","0.091574,0.54373",paper_formula,Full Bernoulli event probability uses selected probabilities and non-selected complement probabilities.
12,13,2,continue,bernoulli_full_event,43,4,39,0.990258364642548,0.922373177687658,0.913387754527131,full_event_available,0,1,,"1,13,18,27","0.52788,0.14622,0.064496,0.85617",paper_formula,Full Bernoulli event probability uses selected probabilities and non-selected complement probabilities.
12,13,3,load_loss_threshold,bernoulli_full_event,31,0,31,NaN,NaN,1,terminal_stage_probability_one,1,0,,"","",,Terminal recording stage excluded from Bernoulli complement product.
12,14,1,continue,bernoulli_full_event,45,1,44,0.50717507050581,0.145097920777562,0.0735900482006065,full_event_available,0,1,,"10","0.30582",paper_formula,Full Bernoulli event probability uses selected probabilities and non-selected complement probabilities.
12,14,2,continue,bernoulli_full_event,44,6,38,1,0.454595480056348,0.454595480056348,full_event_available,0,1,,"8,9,13,18,19,23","0.10954,0.34048,0.26028,0.4248,0.26948,0.39766",paper_formula,Full Bernoulli event probability uses selected probabilities and non-selected complement probabilities.
12,14,3,continue,bernoulli_full_event,34,2,32,0.446628265494639,0.551805440973913,0.246451906992684,full_event_available,0,1,,"26,27","0.2855,0.86133",paper_formula,Full Bernoulli event probability uses selected probabilities and non-selected complement probabilities.
12,14,4,load_loss_threshold,bernoulli_full_event,20,0,20,NaN,NaN,1,terminal_stage_probability_one,1,0,,"","",,Terminal recording stage excluded from Bernoulli complement product.
12,15,1,continue,bernoulli_full_event,45,2,43,0.42864753749893,0.93712415738514,0.4016959623939,full_event_available,0,1,,"10,11","0.34394,0.84161",paper_formula,Full Bernoulli event probability uses selected probabilities and non-selected complement probabilities.
12,15,2,continue,bernoulli_full_event,43,4,39,0.990258364642548,0.922373177687658,0.913387754527131,full_event_available,0,1,,"1,13,18,27","0.1976,0.40395,0.48833,0.92861",paper_formula,Full Bernoulli event probability uses selected probabilities and non-selected complement probabilities.
12,15,3,load_loss_threshold,bernoulli_full_event,31,0,31,NaN,NaN,1,terminal_stage_probability_one,1,0,,"","",,Terminal recording stage excluded from Bernoulli complement product.
12,16,1,continue,bernoulli_full_event,45,2,43,0.42864753749893,0.93712415738514,0.4016959623939,full_event_available,0,1,,"10,11","0.31149,0.20436",paper_formula,Full Bernoulli event probability uses selected probabilities and non-selected complement probabilities.
12,16,2,continue,bernoulli_full_event,43,5,38,0.00146087506473286,0.923735915750674,0.00134946276571834,full_event_available,0,1,,"1,13,18,24,27","0.37368,0.66144,0.98183,0.0011925,0.55151",paper_formula,Full Bernoulli event probability uses selected probabilities and non-selected complement probabilities.
12,16,3,load_loss_threshold,bernoulli_full_event,30,0,30,NaN,NaN,1,terminal_stage_probability_one,1,0,,"","",,Terminal recording stage excluded from Bernoulli complement product.
12,17,1,continue,bernoulli_full_event,45,2,43,0.42864753749893,0.93712415738514,0.4016959623939,full_event_available,0,1,,"10,11","0.36103,0.74189",paper_formula,Full Bernoulli event probability uses selected probabilities and non-selected complement probabilities.
12,17,2,continue,bernoulli_full_event,43,4,39,0.990258364642548,0.922373177687658,0.913387754527131,full_event_available,0,1,,"1,13,18,27","0.46482,0.74957,0.29121,0.25824",paper_formula,Full Bernoulli event probability uses selected probabilities and non-selected complement probabilities.
12,17,3,load_loss_threshold,bernoulli_full_event,31,0,31,NaN,NaN,1,terminal_stage_probability_one,1,0,,"","",,Terminal recording stage excluded from Bernoulli complement product.
12,18,1,no_new_outage,bernoulli_full_event,45,0,45,1,0.0715078725769556,0.0715078725769556,full_event_available,1,1,,"","",paper_formula,Full Bernoulli event probability uses selected probabilities and non-selected complement probabilities.
12,19,1,no_new_outage,bernoulli_full_event,45,0,45,1,0.0715078725769556,0.0715078725769556,full_event_available,1,1,,"","",paper_formula,Full Bernoulli event probability uses selected probabilities and non-selected complement probabilities.
12,20,1,continue,bernoulli_full_event,45,1,44,0.845166812066366,0.461838146790634,0.390330274213678,full_event_available,0,1,,"11","0.17939",paper_formula,Full Bernoulli event probability uses selected probabilities and non-selected complement probabilities.
12,20,2,continue,bernoulli_full_event,44,3,41,1,0.865308507250813,0.865308507250813,full_event_available,0,1,,"1,13,27","0.41719,0.59221,0.33141",paper_formula,Full Bernoulli event probability uses selected probabilities and non-selected complement probabilities.
12,20,3,load_loss_threshold,bernoulli_full_event,34,0,34,NaN,NaN,1,terminal_stage_probability_one,1,0,,"","",,Terminal recording stage excluded from Bernoulli complement product.
12,21,1,continue,bernoulli_full_event,45,2,43,0.42864753749893,0.93712415738514,0.4016959623939,full_event_available,0,1,,"10,11","0.031007,0.77353",paper_formula,Full Bernoulli event probability uses selected probabilities and non-selected complement probabilities.
12,21,2,continue,bernoulli_full_event,43,4,39,0.990258364642548,0.922373177687658,0.913387754527131,full_event_available,0,1,,"1,13,18,27","0.23578,0.96082,0.044218,0.60353",paper_formula,Full Bernoulli event probability uses selected probabilities and non-selected complement probabilities.
12,21,3,load_loss_threshold,bernoulli_full_event,31,0,31,NaN,NaN,1,terminal_stage_probability_one,1,0,,"","",,Terminal recording stage excluded from Bernoulli complement product.
12,22,1,continue,bernoulli_full_event,45,1,44,0.845166812066366,0.461838146790634,0.390330274213678,full_event_available,0,1,,"11","0.048362",paper_formula,Full Bernoulli event probability uses selected probabilities and non-selected complement probabilities.
12,22,2,continue,bernoulli_full_event,44,4,40,0.001611972514,0.866705612876499,0.00139710562568644,full_event_available,0,1,,"1,13,27,35","0.87275,0.33243,0.024488,0.001189",paper_formula,Full Bernoulli event probability uses selected probabilities and non-selected complement probabilities.
12,22,3,load_loss_threshold,bernoulli_full_event,33,0,33,NaN,NaN,1,terminal_stage_probability_one,1,0,,"","",,Terminal recording stage excluded from Bernoulli complement product.
12,23,1,continue,bernoulli_full_event,45,2,43,0.42864753749893,0.93712415738514,0.4016959623939,full_event_available,0,1,,"10,11","0.48859,0.41561",paper_formula,Full Bernoulli event probability uses selected probabilities and non-selected complement probabilities.
12,23,2,continue,bernoulli_full_event,43,4,39,0.990258364642548,0.922373177687658,0.913387754527131,full_event_available,0,1,,"1,13,18,27","0.48513,0.47388,0.16551,0.80261",paper_formula,Full Bernoulli event probability uses selected probabilities and non-selected complement probabilities.
12,23,3,load_loss_threshold,bernoulli_full_event,31,0,31,NaN,NaN,1,terminal_stage_probability_one,1,0,,"","",,Terminal recording stage excluded from Bernoulli complement product.
12,24,1,continue,bernoulli_full_event,45,1,44,0.845166812066366,0.461838146790634,0.390330274213678,full_event_available,0,1,,"11","0.47184",paper_formula,Full Bernoulli event probability uses selected probabilities and non-selected complement probabilities.
12,24,2,continue,bernoulli_full_event,44,3,41,1,0.865308507250813,0.865308507250813,full_event_available,0,1,,"1,13,27","0.41406,0.14973,0.41835",paper_formula,Full Bernoulli event probability uses selected probabilities and non-selected complement probabilities.
12,24,3,load_loss_threshold,bernoulli_full_event,34,0,34,NaN,NaN,1,terminal_stage_probability_one,1,0,,"","",,Terminal recording stage excluded from Bernoulli complement product.
12,25,1,continue,bernoulli_full_event,45,2,43,0.42864753749893,0.93712415738514,0.4016959623939,full_event_available,0,1,,"10,11","0.13724,0.11996",paper_formula,Full Bernoulli event probability uses selected probabilities and non-selected complement probabilities.
12,25,2,continue,bernoulli_full_event,43,5,38,0.00176526494688973,0.924020364743414,0.00163114076009381,full_event_available,0,1,,"1,13,18,19,27","0.58421,0.88233,0.61668,0.0017449,0.11415",paper_formula,Full Bernoulli event probability uses selected probabilities and non-selected complement probabilities.
12,25,3,load_loss_threshold,bernoulli_full_event,29,0,29,NaN,NaN,1,terminal_stage_probability_one,1,0,,"","",,Terminal recording stage excluded from Bernoulli complement product.
12,26,1,continue,bernoulli_full_event,45,2,43,0.42864753749893,0.93712415738514,0.4016959623939,full_event_available,0,1,,"10,11","0.16948,0.34046",paper_formula,Full Bernoulli event probability uses selected probabilities and non-selected complement probabilities.
12,26,2,continue,bernoulli_full_event,43,4,39,0.990258364642548,0.922373177687658,0.913387754527131,full_event_available,0,1,,"1,13,18,27","0.95874,0.77837,0.74887,0.50968",paper_formula,Full Bernoulli event probability uses selected probabilities and non-selected complement probabilities.
12,26,3,load_loss_threshold,bernoulli_full_event,31,0,31,NaN,NaN,1,terminal_stage_probability_one,1,0,,"","",,Terminal recording stage excluded from Bernoulli complement product.
12,27,1,continue,bernoulli_full_event,45,2,43,0.42864753749893,0.93712415738514,0.4016959623939,full_event_available,0,1,,"10,11","0.3357,0.19246",paper_formula,Full Bernoulli event probability uses selected probabilities and non-selected complement probabilities.
12,27,2,continue,bernoulli_full_event,43,4,39,0.990258364642548,0.922373177687658,0.913387754527131,full_event_available,0,1,,"1,13,18,27","0.92269,0.10785,0.67564,0.90969",paper_formula,Full Bernoulli event probability uses selected probabilities and non-selected complement probabilities.
12,27,3,load_loss_threshold,bernoulli_full_event,31,0,31,NaN,NaN,1,terminal_stage_probability_one,1,0,,"","",,Terminal recording stage excluded from Bernoulli complement product.
12,28,1,continue,bernoulli_full_event,45,2,43,0.42864753749893,0.93712415738514,0.4016959623939,full_event_available,0,1,,"10,11","0.49166,0.4896",paper_formula,Full Bernoulli event probability uses selected probabilities and non-selected complement probabilities.
12,28,2,continue,bernoulli_full_event,43,4,39,0.990258364642548,0.922373177687658,0.913387754527131,full_event_available,0,1,,"1,13,18,27","0.48965,0.87754,0.2557,0.70907",paper_formula,Full Bernoulli event probability uses selected probabilities and non-selected complement probabilities.
12,28,3,load_loss_threshold,bernoulli_full_event,31,0,31,NaN,NaN,1,terminal_stage_probability_one,1,0,,"","",,Terminal recording stage excluded from Bernoulli complement product.
12,29,1,continue,bernoulli_full_event,45,1,44,0.845166812066366,0.461838146790634,0.390330274213678,full_event_available,0,1,,"11","0.63311",paper_formula,Full Bernoulli event probability uses selected probabilities and non-selected complement probabilities.
12,29,2,continue,bernoulli_full_event,44,3,41,1,0.865308507250813,0.865308507250813,full_event_available,0,1,,"1,13,27","0.73753,0.20337,0.65739",paper_formula,Full Bernoulli event probability uses selected probabilities and non-selected complement probabilities.
12,29,3,load_loss_threshold,bernoulli_full_event,34,0,34,NaN,NaN,1,terminal_stage_probability_one,1,0,,"","",,Terminal recording stage excluded from Bernoulli complement product.
12,30,1,continue,bernoulli_full_event,45,1,44,0.50717507050581,0.145097920777562,0.0735900482006065,full_event_available,0,1,,"10","0.078612",paper_formula,Full Bernoulli event probability uses selected probabilities and non-selected complement probabilities.
12,30,2,continue,bernoulli_full_event,44,7,37,0.519287481458254,0.945670151123534,0.491074671067186,full_event_available,0,1,,"8,9,13,18,19,20,23","0.62715,0.13017,0.20935,0.90092,0.92569,0.31939,0.030983",paper_formula,Full Bernoulli event probability uses selected probabilities and non-selected complement probabilities.
12,30,3,continue,bernoulli_full_event,34,2,32,0.001555086457,0.305829124711224,0.000475590729994589,full_event_available,0,1,,"27,41","0.13442,0.00084443",paper_formula,Full Bernoulli event probability uses selected probabilities and non-selected complement probabilities.
12,30,4,continue,bernoulli_full_event,29,2,27,1,0.555697744381664,0.555697744381664,full_event_available,0,1,,"1,3","0.62604,0.5456",paper_formula,Full Bernoulli event probability uses selected probabilities and non-selected complement probabilities.
12,30,5,max_depth_reached,bernoulli_full_event,22,0,22,NaN,NaN,1,terminal_stage_probability_one,1,0,,"","",,Terminal recording stage excluded from Bernoulli complement product.
13,1,1,continue,bernoulli_full_event,45,2,43,0.99931183638805,0.541970081815564,0.541597117726493,full_event_available,0,1,,"19,23","0.99115,0.29695",paper_formula,Full Bernoulli event probability uses selected probabilities and non-selected complement probabilities.
13,1,2,continue,bernoulli_full_event,39,1,38,0.36724159213703,0.527393306473093,0.193680757551591,full_event_available,0,1,,"8","0.19876",paper_formula,Full Bernoulli event probability uses selected probabilities and non-selected complement probabilities.
13,1,3,continue,bernoulli_full_event,38,1,37,1,0.945441395510824,0.945441395510824,full_event_available,0,1,,"3","0.35388",paper_formula,Full Bernoulli event probability uses selected probabilities and non-selected complement probabilities.
13,1,4,continue,bernoulli_full_event,37,8,29,1,0.957312044730479,0.957312044730479,full_event_available,0,1,,"4,7,25,27,30,31,40,42","0.64909,0.69638,0.9408,0.81111,0.029232,0.247,0.31972,0.60783",paper_formula,Full Bernoulli event probability uses selected probabilities and non-selected complement probabilities.
13,1,5,max_depth_reached,bernoulli_full_event,10,0,10,NaN,NaN,1,terminal_stage_probability_one,1,0,,"","",,Terminal recording stage excluded from Bernoulli complement product.
13,2,1,continue,bernoulli_full_event,45,3,42,0.00152409687672604,0.542797928136244,0.000827276626965817,full_event_available,0,1,,"19,21,23","0.80972,0.00038353,0.11001",paper_formula,Full Bernoulli event probability uses selected probabilities and non-selected complement probabilities.
13,2,2,continue,bernoulli_full_event,39,3,36,1.13803186447257e-06,0.600161549876718,6.83002967590946e-07,full_event_available,0,1,,"7,10,14","0.00077807,0.0011309,0.21236",paper_formula,Full Bernoulli event probability uses selected probabilities and non-selected complement probabilities.
13,2,3,continue,bernoulli_full_event,36,2,34,1,0.947175705503623,0.947175705503623,full_event_available,0,1,,"3,6","0.07773,0.3044",paper_formula,Full Bernoulli event probability uses selected probabilities and non-selected complement probabilities.
13,2,4,continue,bernoulli_full_event,34,5,29,1,0.874300393265242,0.874300393265242,full_event_available,0,1,,"9,24,25,27,42","0.032818,0.40877,0.12273,0.85852,0.67167",paper_formula,Full Bernoulli event probability uses selected probabilities and non-selected complement probabilities.
13,2,5,max_depth_reached,bernoulli_full_event,0,0,0,NaN,NaN,1,terminal_stage_probability_one,1,0,,"","",,Terminal recording stage excluded from Bernoulli complement product.
13,3,1,continue,bernoulli_full_event,45,2,43,0.99931183638805,0.541970081815564,0.541597117726493,full_event_available,0,1,,"19,23","0.63938,0.31927",paper_formula,Full Bernoulli event probability uses selected probabilities and non-selected complement probabilities.
13,3,2,no_new_outage,bernoulli_full_event,39,0,39,1,0.333712548921502,0.333712548921502,full_event_available,1,1,,"","",paper_formula,Full Bernoulli event probability uses selected probabilities and non-selected complement probabilities.
13,4,1,continue,bernoulli_full_event,45,2,43,0.99931183638805,0.541970081815564,0.541597117726493,full_event_available,0,1,,"19,23","0.54454,0.11127",paper_formula,Full Bernoulli event probability uses selected probabilities and non-selected complement probabilities.
13,4,2,no_new_outage,bernoulli_full_event,39,0,39,1,0.333712548921502,0.333712548921502,full_event_available,1,1,,"","",paper_formula,Full Bernoulli event probability uses selected probabilities and non-selected complement probabilities.
13,5,1,continue,bernoulli_full_event,45,2,43,0.99931183638805,0.541970081815564,0.541597117726493,full_event_available,0,1,,"19,23","0.57643,0.98954",paper_formula,Full Bernoulli event probability uses selected probabilities and non-selected complement probabilities.
13,5,2,continue,bernoulli_full_event,39,2,37,0.16238389069663,0.945440450565338,0.153524298784774,full_event_available,0,1,,"8,14","0.00086332,0.064389",paper_formula,Full Bernoulli event probability uses selected probabilities and non-selected complement probabilities.
13,5,3,continue,bernoulli_full_event,37,1,36,1,0.946491034801577,0.946491034801577,full_event_available,0,1,,"27","0.29886",paper_formula,Full Bernoulli event probability uses selected probabilities and non-selected complement probabilities.
13,5,4,continue,bernoulli_full_event,33,1,32,1,0.951559550572235,0.951559550572235,full_event_available,0,1,,"3","0.93788",paper_formula,Full Bernoulli event probability uses selected probabilities and non-selected complement probabilities.
13,5,5,max_depth_reached,bernoulli_full_event,32,0,32,NaN,NaN,1,terminal_stage_probability_one,1,0,,"","",,Terminal recording stage excluded from Bernoulli complement product.
13,6,1,continue,bernoulli_full_event,45,4,41,0.000702543962349284,0.940494850216002,0.000660738978639846,full_event_available,0,1,,"9,11,19,23","0.046554,0.0010688,0.96433,0.043334",paper_formula,Full Bernoulli event probability uses selected probabilities and non-selected complement probabilities.
13,6,2,continue,bernoulli_full_event,37,2,35,0.883467029689939,0.271728294921526,0.240062989597033,full_event_available,0,1,,"8,12","0.16232,0.26297",paper_formula,Full Bernoulli event probability uses selected probabilities and non-selected complement probabilities.
13,6,3,continue,bernoulli_full_event,33,6,27,0.0791803394260022,0.960020043865028,0.0760147129289985,full_event_available,0,1,,"1,4,7,26,27,30","0.061911,0.22397,0.048314,0.69146,0.41939,0.58592",paper_formula,Full Bernoulli event probability uses selected probabilities and non-selected complement probabilities.
13,6,4,load_loss_threshold,bernoulli_full_event,4,0,4,NaN,NaN,1,terminal_stage_probability_one,1,0,,"","",,Terminal recording stage excluded from Bernoulli complement product.
13,7,1,continue,bernoulli_full_event,45,3,42,0.42248866336105,0.938930929013044,0.39668767318707,full_event_available,0,1,,"9,19,23","0.21034,0.094135,0.3061",paper_formula,Full Bernoulli event probability uses selected probabilities and non-selected complement probabilities.
13,7,2,continue,bernoulli_full_event,38,2,36,0.13297721311164,0.947063498266026,0.125937864639177,full_event_available,0,1,,"8,14","0.23005,0.41851",paper_formula,Full Bernoulli event probability uses selected probabilities and non-selected complement probabilities.
13,7,3,continue,bernoulli_full_event,36,1,35,1,0.525398395739294,0.525398395739294,full_event_available,0,1,,"27","0.030018",paper_formula,Full Bernoulli event probability uses selected probabilities and non-selected complement probabilities.
13,7,4,continue,bernoulli_full_event,32,1,31,1,0.95319310299714,0.95319310299714,full_event_available,0,1,,"3","0.86919",paper_formula,Full Bernoulli event probability uses selected probabilities and non-selected complement probabilities.
13,7,5,max_depth_reached,bernoulli_full_event,31,0,31,NaN,NaN,1,terminal_stage_probability_one,1,0,,"","",,Terminal recording stage excluded from Bernoulli complement product.
13,8,1,continue,bernoulli_full_event,45,3,42,0.42248866336105,0.938930929013044,0.39668767318707,full_event_available,0,1,,"9,19,23","0.40517,0.90042,0.67673",paper_formula,Full Bernoulli event probability uses selected probabilities and non-selected complement probabilities.
13,8,2,continue,bernoulli_full_event,38,1,37,0.233000714290716,0.406559298428923,0.0947286069354714,full_event_available,0,1,,"8","0.17781",paper_formula,Full Bernoulli event probability uses selected probabilities and non-selected complement probabilities.
13,8,3,continue,bernoulli_full_event,37,2,35,1,0.948625792339671,0.948625792339671,full_event_available,0,1,,"3,6","0.65202,0.59064",paper_formula,Full Bernoulli event probability uses selected probabilities and non-selected complement probabilities.
13,8,4,no_new_outage,bernoulli_full_event,35,0,35,1,0.948625792339671,0.948625792339671,full_event_available,1,1,,"","",paper_formula,Full Bernoulli event probability uses selected probabilities and non-selected complement probabilities.
13,9,1,continue,bernoulli_full_event,45,3,42,0.42248866336105,0.938930929013044,0.39668767318707,full_event_available,0,1,,"9,19,23","0.14331,0.39249,0.50414",paper_formula,Full Bernoulli event probability uses selected probabilities and non-selected complement probabilities.
13,9,2,continue,bernoulli_full_event,38,1,37,0.570715903238494,0.726397026691378,0.414566335197926,full_event_available,0,1,,"14","0.19309",paper_formula,Full Bernoulli event probability uses selected probabilities and non-selected complement probabilities.
13,9,3,continue,bernoulli_full_event,37,2,35,1,0.371745340654947,0.371745340654947,full_event_available,0,1,,"3,6","0.95616,0.5655",paper_formula,Full Bernoulli event probability uses selected probabilities and non-selected complement probabilities.
13,9,4,load_loss_threshold,bernoulli_full_event,0,0,0,NaN,NaN,1,terminal_stage_probability_one,1,0,,"","",,Terminal recording stage excluded from Bernoulli complement product.
13,10,1,continue,bernoulli_full_event,45,2,43,0.99931183638805,0.541970081815564,0.541597117726493,full_event_available,0,1,,"19,23","0.95574,0.61019",paper_formula,Full Bernoulli event probability uses selected probabilities and non-selected complement probabilities.
13,10,2,continue,bernoulli_full_event,39,1,38,0.36724159213703,0.527393306473093,0.193680757551591,full_event_available,0,1,,"8","0.33315",paper_formula,Full Bernoulli event probability uses selected probabilities and non-selected complement probabilities.
13,10,3,continue,bernoulli_full_event,38,1,37,1,0.945441395510824,0.945441395510824,full_event_available,0,1,,"3","0.8246",paper_formula,Full Bernoulli event probability uses selected probabilities and non-selected complement probabilities.
13,10,4,continue,bernoulli_full_event,37,8,29,1,0.957312044730479,0.957312044730479,full_event_available,0,1,,"4,7,25,27,30,31,40,42","0.67545,0.99665,0.012178,0.14241,0.93189,0.5308,0.44462,0.75109",paper_formula,Full Bernoulli event probability uses selected probabilities and non-selected complement probabilities.
13,10,5,max_depth_reached,bernoulli_full_event,10,0,10,NaN,NaN,1,terminal_stage_probability_one,1,0,,"","",,Terminal recording stage excluded from Bernoulli complement product.
13,11,1,continue,bernoulli_full_event,45,3,42,0.42248866336105,0.938930929013044,0.39668767318707,full_event_available,0,1,,"9,19,23","0.37989,0.39362,0.26567",paper_formula,Full Bernoulli event probability uses selected probabilities and non-selected complement probabilities.
13,11,2,continue,bernoulli_full_event,38,2,36,0.000893777897384332,0.727536395589688,0.000650255949920726,full_event_available,0,1,,"14,25","0.38019,0.00055142",paper_formula,Full Bernoulli event probability uses selected probabilities and non-selected complement probabilities.
13,11,3,continue,bernoulli_full_event,35,2,33,1,0.951843653669231,0.951843653669231,full_event_available,0,1,,"3,6","0.64249,0.77183",paper_formula,Full Bernoulli event probability uses selected probabilities and non-selected complement probabilities.
13,11,4,load_loss_threshold,bernoulli_full_event,0,0,0,NaN,NaN,1,terminal_stage_probability_one,1,0,,"","",,Terminal recording stage excluded from Bernoulli complement product.
13,12,1,continue,bernoulli_full_event,45,2,43,0.99931183638805,0.541970081815564,0.541597117726493,full_event_available,0,1,,"19,23","0.59612,0.37935",paper_formula,Full Bernoulli event probability uses selected probabilities and non-selected complement probabilities.
13,12,2,no_new_outage,bernoulli_full_event,39,0,39,1,0.333712548921502,0.333712548921502,full_event_available,1,1,,"","",paper_formula,Full Bernoulli event probability uses selected probabilities and non-selected complement probabilities.
13,13,1,continue,bernoulli_full_event,45,2,43,0.99931183638805,0.541970081815564,0.541597117726493,full_event_available,0,1,,"19,23","0.48893,0.79678",paper_formula,Full Bernoulli event probability uses selected probabilities and non-selected complement probabilities.
13,13,2,continue,bernoulli_full_event,39,2,37,0.16238389069663,0.945440450565338,0.153524298784774,full_event_available,0,1,,"8,14","0.33228,0.067208",paper_formula,Full Bernoulli event probability uses selected probabilities and non-selected complement probabilities.
13,13,3,continue,bernoulli_full_event,37,1,36,1,0.946491034801577,0.946491034801577,full_event_available,0,1,,"27","0.3146",paper_formula,Full Bernoulli event probability uses selected probabilities and non-selected complement probabilities.
13,13,4,continue,bernoulli_full_event,33,1,32,1,0.951559550572235,0.951559550572235,full_event_available,0,1,,"3","0.36933",paper_formula,Full Bernoulli event probability uses selected probabilities and non-selected complement probabilities.
13,13,5,max_depth_reached,bernoulli_full_event,32,0,32,NaN,NaN,1,terminal_stage_probability_one,1,0,,"","",,Terminal recording stage excluded from Bernoulli complement product.
13,14,1,continue,bernoulli_full_event,45,3,42,0.42248866336105,0.938930929013044,0.39668767318707,full_event_available,0,1,,"9,19,23","0.29736,0.23523,0.073948",paper_formula,Full Bernoulli event probability uses selected probabilities and non-selected complement probabilities.
13,14,2,continue,bernoulli_full_event,38,1,37,0.570715903238494,0.726397026691378,0.414566335197926,full_event_available,0,1,,"14","0.27708",paper_formula,Full Bernoulli event probability uses selected probabilities and non-selected complement probabilities.
13,14,3,continue,bernoulli_full_event,37,3,34,0.23933117368638,0.488708525701668,0.11696318504672,full_event_available,0,1,,"3,6,16","0.79847,0.9331,0.23667",paper_formula,Full Bernoulli event probability uses selected probabilities and non-selected complement probabilities.
13,14,4,continue,bernoulli_full_event,29,2,27,0.421152591244785,0.959809989593318,0.404226464219856,full_event_available,0,1,,"40,42","0.18113,0.37402",paper_formula,Full Bernoulli event probability uses selected probabilities and non-selected complement probabilities.
13,14,5,max_depth_reached,bernoulli_full_event,17,0,17,NaN,NaN,1,terminal_stage_probability_one,1,0,,"","",,Terminal recording stage excluded from Bernoulli complement product.
13,15,1,continue,bernoulli_full_event,45,2,43,0.99931183638805,0.541970081815564,0.541597117726493,full_event_available,0,1,,"19,23","0.75126,0.17988",paper_formula,Full Bernoulli event probability uses selected probabilities and non-selected complement probabilities.
13,15,2,continue,bernoulli_full_event,39,1,38,0.36724159213703,0.527393306473093,0.193680757551591,full_event_available,0,1,,"8","0.30363",paper_formula,Full Bernoulli event probability uses selected probabilities and non-selected complement probabilities.
13,15,3,continue,bernoulli_full_event,38,1,37,1,0.945441395510824,0.945441395510824,full_event_available,0,1,,"3","0.17518",paper_formula,Full Bernoulli event probability uses selected probabilities and non-selected complement probabilities.
13,15,4,continue,bernoulli_full_event,37,8,29,1,0.957312044730479,0.957312044730479,full_event_available,0,1,,"4,7,25,27,30,31,40,42","0.58179,0.59162,0.45953,0.71583,0.24057,0.32087,0.98411,0.54784",paper_formula,Full Bernoulli event probability uses selected probabilities and non-selected complement probabilities.
13,15,5,max_depth_reached,bernoulli_full_event,10,0,10,NaN,NaN,1,terminal_stage_probability_one,1,0,,"","",,Terminal recording stage excluded from Bernoulli complement product.
13,16,1,continue,bernoulli_full_event,45,3,42,0.42248866336105,0.938930929013044,0.39668767318707,full_event_available,0,1,,"9,19,23","0.40999,0.28469,0.36762",paper_formula,Full Bernoulli event probability uses selected probabilities and non-selected complement probabilities.
13,16,2,continue,bernoulli_full_event,38,2,36,0.000896625772595071,0.727540031712486,0.00065233114302805,full_event_available,0,1,,"14,28","0.016247,0.0013961",paper_formula,Full Bernoulli event probability uses selected probabilities and non-selected complement probabilities.
13,16,3,continue,bernoulli_full_event,36,3,33,1,0.283660292594204,0.283660292594204,full_event_available,0,1,,"3,6,38","0.3558,0.4066,0.10155",paper_formula,Full Bernoulli event probability uses selected probabilities and non-selected complement probabilities.
13,16,4,load_loss_threshold,bernoulli_full_event,0,0,0,NaN,NaN,1,terminal_stage_probability_one,1,0,,"","",,Terminal recording stage excluded from Bernoulli complement product.
13,17,1,continue,bernoulli_full_event,45,3,42,0.42248866336105,0.938930929013044,0.39668767318707,full_event_available,0,1,,"9,19,23","0.27968,0.5094,0.60736",paper_formula,Full Bernoulli event probability uses selected probabilities and non-selected complement probabilities.
13,17,2,continue,bernoulli_full_event,38,1,37,0.570715903238494,0.726397026691378,0.414566335197926,full_event_available,0,1,,"14","0.46452",paper_formula,Full Bernoulli event probability uses selected probabilities and non-selected complement probabilities.
13,17,3,continue,bernoulli_full_event,37,2,35,1,0.371745340654947,0.371745340654947,full_event_available,0,1,,"3,6","0.86714,0.045297",paper_formula,Full Bernoulli event probability uses selected probabilities and non-selected complement probabilities.
13,17,4,load_loss_threshold,bernoulli_full_event,0,0,0,NaN,NaN,1,terminal_stage_probability_one,1,0,,"","",,Terminal recording stage excluded from Bernoulli complement product.
13,18,1,continue,bernoulli_full_event,45,3,42,0.42248866336105,0.938930929013044,0.39668767318707,full_event_available,0,1,,"9,19,23","0.31577,0.090794,0.91983",paper_formula,Full Bernoulli event probability uses selected probabilities and non-selected complement probabilities.
13,18,2,continue,bernoulli_full_event,38,2,36,0.13297721311164,0.947063498266026,0.125937864639177,full_event_available,0,1,,"8,14","0.069003,0.10406",paper_formula,Full Bernoulli event probability uses selected probabilities and non-selected complement probabilities.
13,18,3,continue,bernoulli_full_event,36,1,35,1,0.525398395739294,0.525398395739294,full_event_available,0,1,,"27","0.5358",paper_formula,Full Bernoulli event probability uses selected probabilities and non-selected complement probabilities.
13,18,4,continue,bernoulli_full_event,32,1,31,1,0.95319310299714,0.95319310299714,full_event_available,0,1,,"3","0.74163",paper_formula,Full Bernoulli event probability uses selected probabilities and non-selected complement probabilities.
13,18,5,max_depth_reached,bernoulli_full_event,31,0,31,NaN,NaN,1,terminal_stage_probability_one,1,0,,"","",,Terminal recording stage excluded from Bernoulli complement product.
13,19,1,continue,bernoulli_full_event,45,2,43,0.99931183638805,0.541970081815564,0.541597117726493,full_event_available,0,1,,"19,23","0.54877,0.61313",paper_formula,Full Bernoulli event probability uses selected probabilities and non-selected complement probabilities.
13,19,2,continue,bernoulli_full_event,39,3,36,0.00027618164491097,0.947051190118256,0.000261558155501752,full_event_available,0,1,,"8,14,42","0.064416,0.40297,0.00085151",paper_formula,Full Bernoulli event probability uses selected probabilities and non-selected complement probabilities.
13,19,3,continue,bernoulli_full_event,36,2,34,1,0.751389964812048,0.751389964812048,full_event_available,0,1,,"4,27","0.36866,0.58899",paper_formula,Full Bernoulli event probability uses selected probabilities and non-selected complement probabilities.
13,19,4,load_loss_threshold,bernoulli_full_event,25,0,25,NaN,NaN,1,terminal_stage_probability_one,1,0,,"","",,Terminal recording stage excluded from Bernoulli complement product.
13,20,1,continue,bernoulli_full_event,45,2,43,0.99931183638805,0.541970081815564,0.541597117726493,full_event_available,0,1,,"19,23","0.10328,0.72058",paper_formula,Full Bernoulli event probability uses selected probabilities and non-selected complement probabilities.
13,20,2,continue,bernoulli_full_event,39,1,38,0.36724159213703,0.527393306473093,0.193680757551591,full_event_available,0,1,,"8","0.32472",paper_formula,Full Bernoulli event probability uses selected probabilities and non-selected complement probabilities.
13,20,3,continue,bernoulli_full_event,38,1,37,1,0.945441395510824,0.945441395510824,full_event_available,0,1,,"3","0.45315",paper_formula,Full Bernoulli event probability uses selected probabilities and non-selected complement probabilities.
13,20,4,continue,bernoulli_full_event,37,8,29,1,0.957312044730479,0.957312044730479,full_event_available,0,1,,"4,7,25,27,30,31,40,42","0.29419,0.60124,0.63704,0.81206,0.75725,0.8632,0.31071,0.99795",paper_formula,Full Bernoulli event probability uses selected probabilities and non-selected complement probabilities.
13,20,5,max_depth_reached,bernoulli_full_event,10,0,10,NaN,NaN,1,terminal_stage_probability_one,1,0,,"","",,Terminal recording stage excluded from Bernoulli complement product.
13,21,1,continue,bernoulli_full_event,45,2,43,0.99931183638805,0.541970081815564,0.541597117726493,full_event_available,0,1,,"19,23","0.004273,0.20367",paper_formula,Full Bernoulli event probability uses selected probabilities and non-selected complement probabilities.
13,21,2,continue,bernoulli_full_event,39,1,38,0.442171840481617,0.598235394228972,0.264522845307471,full_event_available,0,1,,"14","0.41156",paper_formula,Full Bernoulli event probability uses selected probabilities and non-selected complement probabilities.
13,21,3,continue,bernoulli_full_event,38,2,36,0.885452612657261,0.947324717873954,0.838811146476295,full_event_available,0,1,,"3,6","0.46139,0.1659",paper_formula,Full Bernoulli event probability uses selected probabilities and non-selected complement probabilities.
13,21,4,continue,bernoulli_full_event,36,4,32,1,0.949100344009831,0.949100344009831,full_event_available,0,1,,"9,25,27,42","0.15459,0.11367,0.31875,0.5435",paper_formula,Full Bernoulli event probability uses selected probabilities and non-selected complement probabilities.
13,21,5,max_depth_reached,bernoulli_full_event,0,0,0,NaN,NaN,1,terminal_stage_probability_one,1,0,,"","",,Terminal recording stage excluded from Bernoulli complement product.
13,22,1,continue,bernoulli_full_event,45,3,42,0.42248866336105,0.938930929013044,0.39668767318707,full_event_available,0,1,,"9,19,23","0.11128,0.33116,0.32886",paper_formula,Full Bernoulli event probability uses selected probabilities and non-selected complement probabilities.
13,22,2,continue,bernoulli_full_event,38,1,37,0.570715903238494,0.726397026691378,0.414566335197926,full_event_available,0,1,,"14","0.13603",paper_formula,Full Bernoulli event probability uses selected probabilities and non-selected complement probabilities.
13,22,3,continue,bernoulli_full_event,37,3,34,0.486496133456507,0.723938737126259,0.352193396471312,full_event_available,0,1,,"3,6,17","0.40825,0.35602,0.22839",paper_formula,Full Bernoulli event probability uses selected probabilities and non-selected complement probabilities.
13,22,4,continue,bernoulli_full_event,28,1,27,1,0.556575694284619,0.556575694284619,full_event_available,0,1,,"42","0.5228",paper_formula,Full Bernoulli event probability uses selected probabilities and non-selected complement probabilities.
13,22,5,max_depth_reached,bernoulli_full_event,17,0,17,NaN,NaN,1,terminal_stage_probability_one,1,0,,"","",,Terminal recording stage excluded from Bernoulli complement product.
13,23,1,continue,bernoulli_full_event,45,2,43,0.99931183638805,0.541970081815564,0.541597117726493,full_event_available,0,1,,"19,23","0.77378,0.54811",paper_formula,Full Bernoulli event probability uses selected probabilities and non-selected complement probabilities.
13,23,2,continue,bernoulli_full_event,39,2,37,0.16238389069663,0.945440450565338,0.153524298784774,full_event_available,0,1,,"8,14","0.10063,0.011201",paper_formula,Full Bernoulli event probability uses selected probabilities and non-selected complement probabilities.
13,23,3,continue,bernoulli_full_event,37,1,36,1,0.946491034801577,0.946491034801577,full_event_available,0,1,,"27","0.57559",paper_formula,Full Bernoulli event probability uses selected probabilities and non-selected complement probabilities.
13,23,4,continue,bernoulli_full_event,33,1,32,1,0.951559550572235,0.951559550572235,full_event_available,0,1,,"3","0.77174",paper_formula,Full Bernoulli event probability uses selected probabilities and non-selected complement probabilities.
13,23,5,max_depth_reached,bernoulli_full_event,32,0,32,NaN,NaN,1,terminal_stage_probability_one,1,0,,"","",,Terminal recording stage excluded from Bernoulli complement product.
13,24,1,continue,bernoulli_full_event,45,4,41,0.000474856143746869,0.939987427906138,0.000446358805186047,full_event_available,0,1,,"9,19,23,44","0.031087,0.48506,0.72366,7.1629e-05",paper_formula,Full Bernoulli event probability uses selected probabilities and non-selected complement probabilities.
13,24,2,continue,bernoulli_full_event,37,1,36,0.609317380222516,0.701449367278862,0.427405290829098,full_event_available,0,1,,"14","0.25798",paper_formula,Full Bernoulli event probability uses selected probabilities and non-selected complement probabilities.
13,24,3,continue,bernoulli_full_event,36,3,33,0.301572693497902,0.406246229704656,0.122512769715401,full_event_available,0,1,,"3,6,16","0.82234,0.5228,0.011783",paper_formula,Full Bernoulli event probability uses selected probabilities and non-selected complement probabilities.
13,24,4,continue,bernoulli_full_event,28,1,27,1,0.461422966869361,0.461422966869361,full_event_available,0,1,,"42","0.65537",paper_formula,Full Bernoulli event probability uses selected probabilities and non-selected complement probabilities.
13,24,5,max_depth_reached,bernoulli_full_event,17,0,17,NaN,NaN,1,terminal_stage_probability_one,1,0,,"","",,Terminal recording stage excluded from Bernoulli complement product.
13,25,1,continue,bernoulli_full_event,45,3,42,0.42248866336105,0.938930929013044,0.39668767318707,full_event_available,0,1,,"9,19,23","0.064401,0.54449,0.066124",paper_formula,Full Bernoulli event probability uses selected probabilities and non-selected complement probabilities.
13,25,2,continue,bernoulli_full_event,38,1,37,0.570715903238494,0.726397026691378,0.414566335197926,full_event_available,0,1,,"14","0.11907",paper_formula,Full Bernoulli event probability uses selected probabilities and non-selected complement probabilities.
13,25,3,continue,bernoulli_full_event,37,2,35,1,0.371745340654947,0.371745340654947,full_event_available,0,1,,"3,6","0.1195,0.92155",paper_formula,Full Bernoulli event probability uses selected probabilities and non-selected complement probabilities.
13,25,4,load_loss_threshold,bernoulli_full_event,0,0,0,NaN,NaN,1,terminal_stage_probability_one,1,0,,"","",,Terminal recording stage excluded from Bernoulli complement product.
13,26,1,continue,bernoulli_full_event,45,2,43,0.99931183638805,0.541970081815564,0.541597117726493,full_event_available,0,1,,"19,23","0.077462,0.8093",paper_formula,Full Bernoulli event probability uses selected probabilities and non-selected complement probabilities.
13,26,2,continue,bernoulli_full_event,39,1,38,0.36724159213703,0.527393306473093,0.193680757551591,full_event_available,0,1,,"8","0.21956",paper_formula,Full Bernoulli event probability uses selected probabilities and non-selected complement probabilities.
13,26,3,continue,bernoulli_full_event,38,1,37,1,0.945441395510824,0.945441395510824,full_event_available,0,1,,"3","0.91671",paper_formula,Full Bernoulli event probability uses selected probabilities and non-selected complement probabilities.
13,26,4,continue,bernoulli_full_event,37,8,29,1,0.957312044730479,0.957312044730479,full_event_available,0,1,,"4,7,25,27,30,31,40,42","0.91268,0.76005,0.32199,0.68502,0.29671,0.20824,0.60721,0.28589",paper_formula,Full Bernoulli event probability uses selected probabilities and non-selected complement probabilities.
13,26,5,max_depth_reached,bernoulli_full_event,10,0,10,NaN,NaN,1,terminal_stage_probability_one,1,0,,"","",,Terminal recording stage excluded from Bernoulli complement product.
13,27,1,continue,bernoulli_full_event,45,3,42,0.42248866336105,0.938930929013044,0.39668767318707,full_event_available,0,1,,"9,19,23","0.25554,0.4605,0.77975",paper_formula,Full Bernoulli event probability uses selected probabilities and non-selected complement probabilities.
13,27,2,continue,bernoulli_full_event,38,1,37,0.233000714290716,0.406559298428923,0.0947286069354714,full_event_available,0,1,,"8","0.070676",paper_formula,Full Bernoulli event probability uses selected probabilities and non-selected complement probabilities.
13,27,3,continue,bernoulli_full_event,37,2,35,1,0.948625792339671,0.948625792339671,full_event_available,0,1,,"3,6","0.51465,0.3114",paper_formula,Full Bernoulli event probability uses selected probabilities and non-selected complement probabilities.
13,27,4,no_new_outage,bernoulli_full_event,35,0,35,1,0.948625792339671,0.948625792339671,full_event_available,1,1,,"","",paper_formula,Full Bernoulli event probability uses selected probabilities and non-selected complement probabilities.
13,28,1,continue,bernoulli_full_event,45,3,42,0.42248866336105,0.938930929013044,0.39668767318707,full_event_available,0,1,,"9,19,23","0.11086,0.36312,0.47826",paper_formula,Full Bernoulli event probability uses selected probabilities and non-selected complement probabilities.
13,28,2,continue,bernoulli_full_event,38,1,37,0.570715903238494,0.726397026691378,0.414566335197926,full_event_available,0,1,,"14","0.10934",paper_formula,Full Bernoulli event probability uses selected probabilities and non-selected complement probabilities.
13,28,3,continue,bernoulli_full_event,37,3,34,0.23933117368638,0.488708525701668,0.11696318504672,full_event_available,0,1,,"3,6,16","0.17298,0.96515,0.025242",paper_formula,Full Bernoulli event probability uses selected probabilities and non-selected complement probabilities.
13,28,4,continue,bernoulli_full_event,29,1,28,1,0.555583525373462,0.555583525373462,full_event_available,0,1,,"42","0.14273",paper_formula,Full Bernoulli event probability uses selected probabilities and non-selected complement probabilities.
13,28,5,max_depth_reached,bernoulli_full_event,17,0,17,NaN,NaN,1,terminal_stage_probability_one,1,0,,"","",,Terminal recording stage excluded from Bernoulli complement product.
13,29,1,continue,bernoulli_full_event,45,2,43,0.99931183638805,0.541970081815564,0.541597117726493,full_event_available,0,1,,"19,23","0.25422,0.4197",paper_formula,Full Bernoulli event probability uses selected probabilities and non-selected complement probabilities.
13,29,2,continue,bernoulli_full_event,39,1,38,0.36724159213703,0.527393306473093,0.193680757551591,full_event_available,0,1,,"8","0.079507",paper_formula,Full Bernoulli event probability uses selected probabilities and non-selected complement probabilities.
13,29,3,continue,bernoulli_full_event,38,1,37,1,0.945441395510824,0.945441395510824,full_event_available,0,1,,"3","0.64291",paper_formula,Full Bernoulli event probability uses selected probabilities and non-selected complement probabilities.
13,29,4,continue,bernoulli_full_event,37,8,29,1,0.957312044730479,0.957312044730479,full_event_available,0,1,,"4,7,25,27,30,31,40,42","0.54483,0.82444,0.38039,0.67135,0.52094,0.72842,0.8192,0.7013",paper_formula,Full Bernoulli event probability uses selected probabilities and non-selected complement probabilities.
13,29,5,max_depth_reached,bernoulli_full_event,10,0,10,NaN,NaN,1,terminal_stage_probability_one,1,0,,"","",,Terminal recording stage excluded from Bernoulli complement product.
13,30,1,continue,bernoulli_full_event,45,3,42,0.42248866336105,0.938930929013044,0.39668767318707,full_event_available,0,1,,"9,19,23","0.32801,0.27962,0.58355",paper_formula,Full Bernoulli event probability uses selected probabilities and non-selected complement probabilities.
13,30,2,no_new_outage,bernoulli_full_event,38,0,38,1,0.311830691493451,0.311830691493451,full_event_available,1,1,,"","",paper_formula,Full Bernoulli event probability uses selected probabilities and non-selected complement probabilities.
14,1,1,continue,bernoulli_full_event,45,1,44,1,0.935481662522683,0.935481662522683,full_event_available,0,1,,"3","0.7219",paper_formula,Full Bernoulli event probability uses selected probabilities and non-selected complement probabilities.
14,1,2,continue,bernoulli_full_event,44,2,42,1,0.938565897241792,0.938565897241792,full_event_available,0,1,,"40,42","0.13929,0.4794",paper_formula,Full Bernoulli event probability uses selected probabilities and non-selected complement probabilities.
14,1,3,continue,bernoulli_full_event,38,5,33,0.364215791089459,0.95082071242398,0.346303917959742,full_event_available,0,1,,"1,16,17,20,27","0.0040178,0.27017,0.204,0.29188,0.29288",paper_formula,Full Bernoulli event probability uses selected probabilities and non-selected complement probabilities.
14,1,4,load_loss_threshold,bernoulli_full_event,0,0,0,NaN,NaN,1,terminal_stage_probability_one,1,0,,"","",,Terminal recording stage excluded from Bernoulli complement product.
14,2,1,continue,bernoulli_full_event,45,1,44,1,0.935481662522683,0.935481662522683,full_event_available,0,1,,"3","0.4367",paper_formula,Full Bernoulli event probability uses selected probabilities and non-selected complement probabilities.
14,2,2,continue,bernoulli_full_event,44,2,42,1,0.938565897241792,0.938565897241792,full_event_available,0,1,,"40,42","0.53833,0.65197",paper_formula,Full Bernoulli event probability uses selected probabilities and non-selected complement probabilities.
14,2,3,continue,bernoulli_full_event,38,5,33,0.364215791089459,0.95082071242398,0.346303917959742,full_event_available,0,1,,"1,16,17,20,27","0.4273,0.10456,0.12828,0.36033,0.38924",paper_formula,Full Bernoulli event probability uses selected probabilities and non-selected complement probabilities.
14,2,4,load_loss_threshold,bernoulli_full_event,0,0,0,NaN,NaN,1,terminal_stage_probability_one,1,0,,"","",,Terminal recording stage excluded from Bernoulli complement product.
14,3,1,continue,bernoulli_full_event,45,1,44,1,0.935481662522683,0.935481662522683,full_event_available,0,1,,"3","0.13659",paper_formula,Full Bernoulli event probability uses selected probabilities and non-selected complement probabilities.
14,3,2,continue,bernoulli_full_event,44,2,42,1,0.938565897241792,0.938565897241792,full_event_available,0,1,,"40,42","0.73419,0.17524",paper_formula,Full Bernoulli event probability uses selected probabilities and non-selected complement probabilities.
14,3,3,continue,bernoulli_full_event,38,4,34,0.839173690890878,0.538148196925905,0.451599808660583,full_event_available,0,1,,"1,16,17,27","0.37317,0.80249,0.062962,0.2683",paper_formula,Full Bernoulli event probability uses selected probabilities and non-selected complement probabilities.
14,3,4,load_loss_threshold,bernoulli_full_event,27,0,27,NaN,NaN,1,terminal_stage_probability_one,1,0,,"","",,Terminal recording stage excluded from Bernoulli complement product.
14,4,1,continue,bernoulli_full_event,45,2,43,0.001679836582,0.937055763072866,0.00157410055018373,full_event_available,0,1,,"2,3","0.00084331,0.202",paper_formula,Full Bernoulli event probability uses selected probabilities and non-selected complement probabilities.
14,4,2,continue,bernoulli_full_event,43,2,41,1,0.940145187520179,0.940145187520179,full_event_available,0,1,,"40,42","0.79187,0.40052",paper_formula,Full Bernoulli event probability uses selected probabilities and non-selected complement probabilities.
14,4,3,continue,bernoulli_full_event,33,3,30,0.839173690890878,0.541580717207827,0.454480289374621,full_event_available,0,1,,"16,17,27","0.070299,0.89005,0.35346",paper_formula,Full Bernoulli event probability uses selected probabilities and non-selected complement probabilities.
14,4,4,load_loss_threshold,bernoulli_full_event,27,0,27,NaN,NaN,1,terminal_stage_probability_one,1,0,,"","",,Terminal recording stage excluded from Bernoulli complement product.
14,5,1,continue,bernoulli_full_event,45,1,44,1,0.935481662522683,0.935481662522683,full_event_available,0,1,,"3","0.014148",paper_formula,Full Bernoulli event probability uses selected probabilities and non-selected complement probabilities.
14,5,2,continue,bernoulli_full_event,44,2,42,1,0.938565897241792,0.938565897241792,full_event_available,0,1,,"40,42","0.74945,0.92827",paper_formula,Full Bernoulli event probability uses selected probabilities and non-selected complement probabilities.
14,5,3,continue,bernoulli_full_event,38,4,34,0.839173690890878,0.538148196925905,0.451599808660583,full_event_available,0,1,,"1,16,17,27","0.029877,0.02797,0.96392,0.14549",paper_formula,Full Bernoulli event probability uses selected probabilities and non-selected complement probabilities.
14,5,4,load_loss_threshold,bernoulli_full_event,27,0,27,NaN,NaN,1,terminal_stage_probability_one,1,0,,"","",,Terminal recording stage excluded from Bernoulli complement product.
14,6,1,continue,bernoulli_full_event,45,1,44,1,0.935481662522683,0.935481662522683,full_event_available,0,1,,"3","0.065976",paper_formula,Full Bernoulli event probability uses selected probabilities and non-selected complement probabilities.
14,6,2,continue,bernoulli_full_event,44,3,41,0.001532132434,0.940006111092756,0.00144021385096342,full_event_available,0,1,,"7,40,42","0.00072776,0.77564,0.62202",paper_formula,Full Bernoulli event probability uses selected probabilities and non-selected complement probabilities.
14,6,3,continue,bernoulli_full_event,37,5,32,0.7054320941619,0.952279731086218,0.671768684928081,full_event_available,0,1,,"1,16,17,20,27","0.91278,0.17294,0.82766,0.78578,0.35043",paper_formula,Full Bernoulli event probability uses selected probabilities and non-selected complement probabilities.
14,6,4,load_loss_threshold,bernoulli_full_event,0,0,0,NaN,NaN,1,terminal_stage_probability_one,1,0,,"","",,Terminal recording stage excluded from Bernoulli complement product.
14,7,1,continue,bernoulli_full_event,45,1,44,1,0.935481662522683,0.935481662522683,full_event_available,0,1,,"3","0.42032",paper_formula,Full Bernoulli event probability uses selected probabilities and non-selected complement probabilities.
14,7,2,continue,bernoulli_full_event,44,2,42,1,0.938565897241792,0.938565897241792,full_event_available,0,1,,"40,42","0.11035,0.38589",paper_formula,Full Bernoulli event probability uses selected probabilities and non-selected complement probabilities.
14,7,3,continue,bernoulli_full_event,38,4,34,0.839173690890878,0.538148196925905,0.451599808660583,full_event_available,0,1,,"1,16,17,27","0.04381,0.21931,0.68139,0.27748",paper_formula,Full Bernoulli event probability uses selected probabilities and non-selected complement probabilities.
14,7,4,load_loss_threshold,bernoulli_full_event,27,0,27,NaN,NaN,1,terminal_stage_probability_one,1,0,,"","",,Terminal recording stage excluded from Bernoulli complement product.
14,8,1,continue,bernoulli_full_event,45,1,44,1,0.935481662522683,0.935481662522683,full_event_available,0,1,,"3","0.84812",paper_formula,Full Bernoulli event probability uses selected probabilities and non-selected complement probabilities.
14,8,2,continue,bernoulli_full_event,44,3,41,0.001321554223,0.93980790434659,0.00124200710479802,full_event_available,0,1,,"18,40,42","0.0006059,0.88937,0.24457",paper_formula,Full Bernoulli event probability uses selected probabilities and non-selected complement probabilities.
14,8,3,continue,bernoulli_full_event,37,7,30,0.786505805253218,0.823939303546017,0.648033045415236,full_event_available,0,1,,"1,9,16,17,19,23,27","0.21836,0.32525,0.99372,0.45711,0.77925,0.44271,0.665",paper_formula,Full Bernoulli event probability uses selected probabilities and non-selected complement probabilities.
14,8,4,load_loss_threshold,bernoulli_full_event,0,0,0,NaN,NaN,1,terminal_stage_probability_one,1,0,,"","",,Terminal recording stage excluded from Bernoulli complement product.
14,9,1,continue,bernoulli_full_event,45,1,44,1,0.935481662522683,0.935481662522683,full_event_available,0,1,,"3","0.085854",paper_formula,Full Bernoulli event probability uses selected probabilities and non-selected complement probabilities.
14,9,2,continue,bernoulli_full_event,44,2,42,1,0.938565897241792,0.938565897241792,full_event_available,0,1,,"40,42","0.77181,0.73236",paper_formula,Full Bernoulli event probability uses selected probabilities and non-selected complement probabilities.
14,9,3,continue,bernoulli_full_event,38,5,33,0.364215791089459,0.95082071242398,0.346303917959742,full_event_available,0,1,,"1,16,17,20,27","0.16686,0.54689,0.033311,0.1475,0.56826",paper_formula,Full Bernoulli event probability uses selected probabilities and non-selected complement probabilities.
14,9,4,load_loss_threshold,bernoulli_full_event,0,0,0,NaN,NaN,1,terminal_stage_probability_one,1,0,,"","",,Terminal recording stage excluded from Bernoulli complement product.
14,10,1,continue,bernoulli_full_event,45,1,44,1,0.935481662522683,0.935481662522683,full_event_available,0,1,,"3","0.79178",paper_formula,Full Bernoulli event probability uses selected probabilities and non-selected complement probabilities.
14,10,2,continue,bernoulli_full_event,44,2,42,1,0.938565897241792,0.938565897241792,full_event_available,0,1,,"40,42","0.40427,0.68078",paper_formula,Full Bernoulli event probability uses selected probabilities and non-selected complement probabilities.
14,10,3,continue,bernoulli_full_event,38,4,34,0.839173690890878,0.538148196925905,0.451599808660583,full_event_available,0,1,,"1,16,17,27","0.78257,0.71852,0.64107,0.52801",paper_formula,Full Bernoulli event probability uses selected probabilities and non-selected complement probabilities.
14,10,4,load_loss_threshold,bernoulli_full_event,27,0,27,NaN,NaN,1,terminal_stage_probability_one,1,0,,"","",,Terminal recording stage excluded from Bernoulli complement product.
14,11,1,continue,bernoulli_full_event,45,2,43,0.001543110445,0.936927445049346,0.00144578252666281,full_event_available,0,1,,"3,39","0.4639,0.00045671",paper_formula,Full Bernoulli event probability uses selected probabilities and non-selected complement probabilities.
14,11,2,continue,bernoulli_full_event,43,7,36,1,0.721403124736643,0.721403124736643,full_event_available,0,1,,"4,16,17,20,31,40,42","0.98078,0.40493,0.031877,0.17918,0.80859,0.67061,0.44509",paper_formula,Full Bernoulli event probability uses selected probabilities and non-selected complement probabilities.
14,11,3,load_loss_threshold,bernoulli_full_event,0,0,0,NaN,NaN,1,terminal_stage_probability_one,1,0,,"","",,Terminal recording stage excluded from Bernoulli complement product.
14,12,1,continue,bernoulli_full_event,45,1,44,1,0.935481662522683,0.935481662522683,full_event_available,0,1,,"3","0.31427",paper_formula,Full Bernoulli event probability uses selected probabilities and non-selected complement probabilities.
14,12,2,continue,bernoulli_full_event,44,2,42,1,0.938565897241792,0.938565897241792,full_event_available,0,1,,"40,42","0.9902,0.27932",paper_formula,Full Bernoulli event probability uses selected probabilities and non-selected complement probabilities.
14,12,3,continue,bernoulli_full_event,38,5,33,0.364215791089459,0.95082071242398,0.346303917959742,full_event_available,0,1,,"1,16,17,20,27","0.52032,0.50631,0.16706,0.1923,0.37613",paper_formula,Full Bernoulli event probability uses selected probabilities and non-selected complement probabilities.
14,12,4,load_loss_threshold,bernoulli_full_event,0,0,0,NaN,NaN,1,terminal_stage_probability_one,1,0,,"","",,Terminal recording stage excluded from Bernoulli complement product.
14,13,1,continue,bernoulli_full_event,45,1,44,1,0.935481662522683,0.935481662522683,full_event_available,0,1,,"3","0.38549",paper_formula,Full Bernoulli event probability uses selected probabilities and non-selected complement probabilities.
14,13,2,continue,bernoulli_full_event,44,2,42,1,0.938565897241792,0.938565897241792,full_event_available,0,1,,"40,42","0.79204,0.75507",paper_formula,Full Bernoulli event probability uses selected probabilities and non-selected complement probabilities.
14,13,3,continue,bernoulli_full_event,38,4,34,0.839173690890878,0.538148196925905,0.451599808660583,full_event_available,0,1,,"1,16,17,27","0.38264,0.086653,0.5117,0.0078779",paper_formula,Full Bernoulli event probability uses selected probabilities and non-selected complement probabilities.
14,13,4,load_loss_threshold,bernoulli_full_event,27,0,27,NaN,NaN,1,terminal_stage_probability_one,1,0,,"","",,Terminal recording stage excluded from Bernoulli complement product.
14,14,1,continue,bernoulli_full_event,45,1,44,1,0.935481662522683,0.935481662522683,full_event_available,0,1,,"3","0.3535",paper_formula,Full Bernoulli event probability uses selected probabilities and non-selected complement probabilities.
14,14,2,continue,bernoulli_full_event,44,2,42,1,0.938565897241792,0.938565897241792,full_event_available,0,1,,"40,42","0.3342,0.49541",paper_formula,Full Bernoulli event probability uses selected probabilities and non-selected complement probabilities.
14,14,3,continue,bernoulli_full_event,38,4,34,0.839173690890878,0.538148196925905,0.451599808660583,full_event_available,0,1,,"1,16,17,27","0.36669,0.020564,0.8131,0.12984",paper_formula,Full Bernoulli event probability uses selected probabilities and non-selected complement probabilities.
14,14,4,load_loss_threshold,bernoulli_full_event,27,0,27,NaN,NaN,1,terminal_stage_probability_one,1,0,,"","",,Terminal recording stage excluded from Bernoulli complement product.
14,15,1,continue,bernoulli_full_event,45,1,44,1,0.935481662522683,0.935481662522683,full_event_available,0,1,,"3","0.2511",paper_formula,Full Bernoulli event probability uses selected probabilities and non-selected complement probabilities.
14,15,2,continue,bernoulli_full_event,44,2,42,1,0.938565897241792,0.938565897241792,full_event_available,0,1,,"40,42","0.12255,0.012524",paper_formula,Full Bernoulli event probability uses selected probabilities and non-selected complement probabilities.
14,15,3,continue,bernoulli_full_event,38,3,35,1,0.0865483882653225,0.0865483882653225,full_event_available,0,1,,"1,16,17","0.97111,0.092662,0.65329",paper_formula,Full Bernoulli event probability uses selected probabilities and non-selected complement probabilities.
14,15,4,load_loss_threshold,bernoulli_full_event,31,0,31,NaN,NaN,1,terminal_stage_probability_one,1,0,,"","",,Terminal recording stage excluded from Bernoulli complement product.
14,16,1,continue,bernoulli_full_event,45,1,44,1,0.935481662522683,0.935481662522683,full_event_available,0,1,,"3","0.086456",paper_formula,Full Bernoulli event probability uses selected probabilities and non-selected complement probabilities.
14,16,2,continue,bernoulli_full_event,44,3,41,0.001645904548,0.940113233889085,0.00154733664729303,full_event_available,0,1,,"6,40,42","0.0010201,0.65494,0.40255",paper_formula,Full Bernoulli event probability uses selected probabilities and non-selected complement probabilities.
14,16,3,continue,bernoulli_full_event,37,6,31,0.862541405587025,0.953727656548329,0.822629593426415,full_event_available,0,1,,"1,16,17,20,26,27","0.91872,0.1718,0.39324,0.71194,0.10668,0.12642",paper_formula,Full Bernoulli event probability uses selected probabilities and non-selected complement probabilities.
14,16,4,load_loss_threshold,bernoulli_full_event,0,0,0,NaN,NaN,1,terminal_stage_probability_one,1,0,,"","",,Terminal recording stage excluded from Bernoulli complement product.
14,17,1,continue,bernoulli_full_event,45,1,44,1,0.935481662522683,0.935481662522683,full_event_available,0,1,,"3","0.61815",paper_formula,Full Bernoulli event probability uses selected probabilities and non-selected complement probabilities.
14,17,2,continue,bernoulli_full_event,44,2,42,1,0.938565897241792,0.938565897241792,full_event_available,0,1,,"40,42","0.65206,0.82864",paper_formula,Full Bernoulli event probability uses selected probabilities and non-selected complement probabilities.
14,17,3,continue,bernoulli_full_event,38,4,34,0.001662870565,0.0866925467495171,0.000144158484194658,full_event_available,0,1,,"1,11,16,17","0.45461,0.00054969,0.29421,0.63069",paper_formula,Full Bernoulli event probability uses selected probabilities and non-selected complement probabilities.
14,17,4,load_loss_threshold,bernoulli_full_event,30,0,30,NaN,NaN,1,terminal_stage_probability_one,1,0,,"","",,Terminal recording stage excluded from Bernoulli complement product.
14,18,1,continue,bernoulli_full_event,45,2,43,0.001700794603,0.937075435365757,0.00159377284307395,full_event_available,0,1,,"3,42","0.74415,0.00059895",paper_formula,Full Bernoulli event probability uses selected probabilities and non-selected complement probabilities.
14,18,2,continue,bernoulli_full_event,43,5,38,0.675687233937514,0.535030371499609,0.361513191791132,full_event_available,0,1,,"1,4,16,17,27","0.15392,0.53077,0.61498,0.5949,0.28496",paper_formula,Full Bernoulli event probability uses selected probabilities and non-selected complement probabilities.
14,18,3,load_loss_threshold,bernoulli_full_event,27,0,27,NaN,NaN,1,terminal_stage_probability_one,1,0,,"","",,Terminal recording stage excluded from Bernoulli complement product.
14,19,1,continue,bernoulli_full_event,45,1,44,1,0.935481662522683,0.935481662522683,full_event_available,0,1,,"3","0.091",paper_formula,Full Bernoulli event probability uses selected probabilities and non-selected complement probabilities.
14,19,2,continue,bernoulli_full_event,44,2,42,1,0.938565897241792,0.938565897241792,full_event_available,0,1,,"40,42","0.71456,0.9197",paper_formula,Full Bernoulli event probability uses selected probabilities and non-selected complement probabilities.
14,19,3,continue,bernoulli_full_event,38,4,34,0.839173690890878,0.538148196925905,0.451599808660583,full_event_available,0,1,,"1,16,17,27","0.3549,0.5353,0.82777,0.61644",paper_formula,Full Bernoulli event probability uses selected probabilities and non-selected complement probabilities.
14,19,4,load_loss_threshold,bernoulli_full_event,27,0,27,NaN,NaN,1,terminal_stage_probability_one,1,0,,"","",,Terminal recording stage excluded from Bernoulli complement product.
14,20,1,continue,bernoulli_full_event,45,1,44,1,0.935481662522683,0.935481662522683,full_event_available,0,1,,"3","0.2012",paper_formula,Full Bernoulli event probability uses selected probabilities and non-selected complement probabilities.
14,20,2,continue,bernoulli_full_event,44,2,42,1,0.938565897241792,0.938565897241792,full_event_available,0,1,,"40,42","0.82762,0.86206",paper_formula,Full Bernoulli event probability uses selected probabilities and non-selected complement probabilities.
14,20,3,continue,bernoulli_full_event,38,5,33,0.364215791089459,0.95082071242398,0.346303917959742,full_event_available,0,1,,"1,16,17,20,27","0.94408,0.99777,0.0091899,0.10466,0.43538",paper_formula,Full Bernoulli event probability uses selected probabilities and non-selected complement probabilities.
14,20,4,load_loss_threshold,bernoulli_full_event,0,0,0,NaN,NaN,1,terminal_stage_probability_one,1,0,,"","",,Terminal recording stage excluded from Bernoulli complement product.
14,21,1,continue,bernoulli_full_event,45,1,44,1,0.935481662522683,0.935481662522683,full_event_available,0,1,,"3","0.46658",paper_formula,Full Bernoulli event probability uses selected probabilities and non-selected complement probabilities.
14,21,2,continue,bernoulli_full_event,44,2,42,1,0.938565897241792,0.938565897241792,full_event_available,0,1,,"40,42","0.52592,0.7741",paper_formula,Full Bernoulli event probability uses selected probabilities and non-selected complement probabilities.
14,21,3,continue,bernoulli_full_event,38,4,34,0.434017170751388,0.152916985803655,0.0663685975383325,full_event_available,0,1,,"1,16,17,20","0.060199,0.23578,0.308,0.011603",paper_formula,Full Bernoulli event probability uses selected probabilities and non-selected complement probabilities.
14,21,4,load_loss_threshold,bernoulli_full_event,0,0,0,NaN,NaN,1,terminal_stage_probability_one,1,0,,"","",,Terminal recording stage excluded from Bernoulli complement product.
14,22,1,continue,bernoulli_full_event,45,1,44,1,0.935481662522683,0.935481662522683,full_event_available,0,1,,"3","0.58422",paper_formula,Full Bernoulli event probability uses selected probabilities and non-selected complement probabilities.
14,22,2,continue,bernoulli_full_event,44,2,42,1,0.938565897241792,0.938565897241792,full_event_available,0,1,,"40,42","0.25668,0.25171",paper_formula,Full Bernoulli event probability uses selected probabilities and non-selected complement probabilities.
14,22,3,continue,bernoulli_full_event,38,4,34,0.839173690890878,0.538148196925905,0.451599808660583,full_event_available,0,1,,"1,16,17,27","0.22856,0.81509,0.085448,0.61516",paper_formula,Full Bernoulli event probability uses selected probabilities and non-selected complement probabilities.
14,22,4,load_loss_threshold,bernoulli_full_event,27,0,27,NaN,NaN,1,terminal_stage_probability_one,1,0,,"","",,Terminal recording stage excluded from Bernoulli complement product.
14,23,1,continue,bernoulli_full_event,45,1,44,1,0.935481662522683,0.935481662522683,full_event_available,0,1,,"3","0.99545",paper_formula,Full Bernoulli event probability uses selected probabilities and non-selected complement probabilities.
14,23,2,continue,bernoulli_full_event,44,2,42,1,0.938565897241792,0.938565897241792,full_event_available,0,1,,"40,42","0.65658,0.66716",paper_formula,Full Bernoulli event probability uses selected probabilities and non-selected complement probabilities.
14,23,3,continue,bernoulli_full_event,38,5,33,0.364215791089459,0.95082071242398,0.346303917959742,full_event_available,0,1,,"1,16,17,20,27","0.91849,0.94563,0.0377,0.29511,0.42553",paper_formula,Full Bernoulli event probability uses selected probabilities and non-selected complement probabilities.
14,23,4,load_loss_threshold,bernoulli_full_event,0,0,0,NaN,NaN,1,terminal_stage_probability_one,1,0,,"","",,Terminal recording stage excluded from Bernoulli complement product.
14,24,1,continue,bernoulli_full_event,45,1,44,1,0.935481662522683,0.935481662522683,full_event_available,0,1,,"3","0.52796",paper_formula,Full Bernoulli event probability uses selected probabilities and non-selected complement probabilities.
14,24,2,continue,bernoulli_full_event,44,2,42,1,0.938565897241792,0.938565897241792,full_event_available,0,1,,"40,42","0.55153,0.37663",paper_formula,Full Bernoulli event probability uses selected probabilities and non-selected complement probabilities.
14,24,3,continue,bernoulli_full_event,38,5,33,0.364215791089459,0.95082071242398,0.346303917959742,full_event_available,0,1,,"1,16,17,20,27","0.81964,0.78985,0.85704,0.16668,0.38907",paper_formula,Full Bernoulli event probability uses selected probabilities and non-selected complement probabilities.
14,24,4,load_loss_threshold,bernoulli_full_event,0,0,0,NaN,NaN,1,terminal_stage_probability_one,1,0,,"","",,Terminal recording stage excluded from Bernoulli complement product.
14,25,1,continue,bernoulli_full_event,45,1,44,1,0.935481662522683,0.935481662522683,full_event_available,0,1,,"3","0.23431",paper_formula,Full Bernoulli event probability uses selected probabilities and non-selected complement probabilities.
14,25,2,continue,bernoulli_full_event,44,2,42,1,0.938565897241792,0.938565897241792,full_event_available,0,1,,"40,42","0.093894,0.0060776",paper_formula,Full Bernoulli event probability uses selected probabilities and non-selected complement probabilities.
14,25,3,continue,bernoulli_full_event,38,4,34,0.839173690890878,0.538148196925905,0.451599808660583,full_event_available,0,1,,"1,16,17,27","0.46408,0.63299,0.44867,0.69079",paper_formula,Full Bernoulli event probability uses selected probabilities and non-selected complement probabilities.
14,25,4,load_loss_threshold,bernoulli_full_event,27,0,27,NaN,NaN,1,terminal_stage_probability_one,1,0,,"","",,Terminal recording stage excluded from Bernoulli complement product.
14,26,1,continue,bernoulli_full_event,45,2,43,0.001679836582,0.937055763072866,0.00157410055018373,full_event_available,0,1,,"3,31","0.86409,0.00064817",paper_formula,Full Bernoulli event probability uses selected probabilities and non-selected complement probabilities.
14,26,2,continue,bernoulli_full_event,43,4,39,0.001512172414,0.81657370965773,0.00123480023774206,full_event_available,0,1,,"16,17,20,22","0.95826,0.59057,0.06897,0.00017165",paper_formula,Full Bernoulli event probability uses selected probabilities and non-selected complement probabilities.
14,26,3,load_loss_threshold,bernoulli_full_event,0,0,0,NaN,NaN,1,terminal_stage_probability_one,1,0,,"","",,Terminal recording stage excluded from Bernoulli complement product.
14,27,1,continue,bernoulli_full_event,45,1,44,1,0.935481662522683,0.935481662522683,full_event_available,0,1,,"3","0.63008",paper_formula,Full Bernoulli event probability uses selected probabilities and non-selected complement probabilities.
14,27,2,continue,bernoulli_full_event,44,2,42,1,0.938565897241792,0.938565897241792,full_event_available,0,1,,"40,42","0.50129,0.14028",paper_formula,Full Bernoulli event probability uses selected probabilities and non-selected complement probabilities.
14,27,3,continue,bernoulli_full_event,38,5,33,0.364215791089459,0.95082071242398,0.346303917959742,full_event_available,0,1,,"1,16,17,20,27","0.5639,0.5277,0.95677,0.27064,0.69615",paper_formula,Full Bernoulli event probability uses selected probabilities and non-selected complement probabilities.
14,27,4,load_loss_threshold,bernoulli_full_event,0,0,0,NaN,NaN,1,terminal_stage_probability_one,1,0,,"","",,Terminal recording stage excluded from Bernoulli complement product.
14,28,1,continue,bernoulli_full_event,45,1,44,1,0.935481662522683,0.935481662522683,full_event_available,0,1,,"3","0.54813",paper_formula,Full Bernoulli event probability uses selected probabilities and non-selected complement probabilities.
14,28,2,continue,bernoulli_full_event,44,2,42,1,0.938565897241792,0.938565897241792,full_event_available,0,1,,"40,42","0.62376,0.0158",paper_formula,Full Bernoulli event probability uses selected probabilities and non-selected complement probabilities.
14,28,3,continue,bernoulli_full_event,38,4,34,0.839173690890878,0.538148196925905,0.451599808660583,full_event_available,0,1,,"1,16,17,27","0.5895,0.76638,0.71547,0.25262",paper_formula,Full Bernoulli event probability uses selected probabilities and non-selected complement probabilities.
14,28,4,load_loss_threshold,bernoulli_full_event,27,0,27,NaN,NaN,1,terminal_stage_probability_one,1,0,,"","",,Terminal recording stage excluded from Bernoulli complement product.
14,29,1,continue,bernoulli_full_event,45,1,44,1,0.935481662522683,0.935481662522683,full_event_available,0,1,,"3","0.15244",paper_formula,Full Bernoulli event probability uses selected probabilities and non-selected complement probabilities.
14,29,2,continue,bernoulli_full_event,44,2,42,1,0.938565897241792,0.938565897241792,full_event_available,0,1,,"40,42","0.69443,0.57943",paper_formula,Full Bernoulli event probability uses selected probabilities and non-selected complement probabilities.
14,29,3,continue,bernoulli_full_event,38,6,32,0.00057365679862322,0.952320661727208,0.000546305222069176,full_event_available,0,1,,"1,5,16,17,20,27","0.86719,0.00078336,0.86702,0.20853,0.30271,0.2195",paper_formula,Full Bernoulli event probability uses selected probabilities and non-selected complement probabilities.
14,29,4,load_loss_threshold,bernoulli_full_event,0,0,0,NaN,NaN,1,terminal_stage_probability_one,1,0,,"","",,Terminal recording stage excluded from Bernoulli complement product.
14,30,1,continue,bernoulli_full_event,45,1,44,1,0.935481662522683,0.935481662522683,full_event_available,0,1,,"3","0.48979",paper_formula,Full Bernoulli event probability uses selected probabilities and non-selected complement probabilities.
14,30,2,continue,bernoulli_full_event,44,2,42,1,0.938565897241792,0.938565897241792,full_event_available,0,1,,"40,42","0.13766,0.64455",paper_formula,Full Bernoulli event probability uses selected probabilities and non-selected complement probabilities.
14,30,3,continue,bernoulli_full_event,38,5,33,0.364215791089459,0.95082071242398,0.346303917959742,full_event_available,0,1,,"1,16,17,20,27","0.67155,0.44555,0.42845,0.13941,0.013406",paper_formula,Full Bernoulli event probability uses selected probabilities and non-selected complement probabilities.
14,30,4,load_loss_threshold,bernoulli_full_event,0,0,0,NaN,NaN,1,terminal_stage_probability_one,1,0,,"","",,Terminal recording stage excluded from Bernoulli complement product.
15,1,1,no_new_outage,bernoulli_full_event,45,0,45,1,0.933770281682943,0.933770281682943,full_event_available,1,1,,"","",paper_formula,Full Bernoulli event probability uses selected probabilities and non-selected complement probabilities.
15,2,1,no_new_outage,bernoulli_full_event,45,0,45,1,0.933770281682943,0.933770281682943,full_event_available,1,1,,"","",paper_formula,Full Bernoulli event probability uses selected probabilities and non-selected complement probabilities.
15,3,1,no_new_outage,bernoulli_full_event,45,0,45,1,0.933770281682943,0.933770281682943,full_event_available,1,1,,"","",paper_formula,Full Bernoulli event probability uses selected probabilities and non-selected complement probabilities.
15,4,1,no_new_outage,bernoulli_full_event,45,0,45,1,0.933770281682943,0.933770281682943,full_event_available,1,1,,"","",paper_formula,Full Bernoulli event probability uses selected probabilities and non-selected complement probabilities.
15,5,1,no_new_outage,bernoulli_full_event,45,0,45,1,0.933770281682943,0.933770281682943,full_event_available,1,1,,"","",paper_formula,Full Bernoulli event probability uses selected probabilities and non-selected complement probabilities.
15,6,1,no_new_outage,bernoulli_full_event,45,0,45,1,0.933770281682943,0.933770281682943,full_event_available,1,1,,"","",paper_formula,Full Bernoulli event probability uses selected probabilities and non-selected complement probabilities.
15,7,1,no_new_outage,bernoulli_full_event,45,0,45,1,0.933770281682943,0.933770281682943,full_event_available,1,1,,"","",paper_formula,Full Bernoulli event probability uses selected probabilities and non-selected complement probabilities.
15,8,1,no_new_outage,bernoulli_full_event,45,0,45,1,0.933770281682943,0.933770281682943,full_event_available,1,1,,"","",paper_formula,Full Bernoulli event probability uses selected probabilities and non-selected complement probabilities.
15,9,1,no_new_outage,bernoulli_full_event,45,0,45,1,0.933770281682943,0.933770281682943,full_event_available,1,1,,"","",paper_formula,Full Bernoulli event probability uses selected probabilities and non-selected complement probabilities.
15,10,1,no_new_outage,bernoulli_full_event,45,0,45,1,0.933770281682943,0.933770281682943,full_event_available,1,1,,"","",paper_formula,Full Bernoulli event probability uses selected probabilities and non-selected complement probabilities.
15,11,1,continue,bernoulli_full_event,45,1,44,0.00174770065,0.935405089766341,0.00163480808339794,full_event_available,0,1,,"30","0.00026984",paper_formula,Full Bernoulli event probability uses selected probabilities and non-selected complement probabilities.
15,11,2,no_new_outage,bernoulli_full_event,44,0,44,1,0.935405089766341,0.935405089766341,full_event_available,1,1,,"","",paper_formula,Full Bernoulli event probability uses selected probabilities and non-selected complement probabilities.
15,12,1,no_new_outage,bernoulli_full_event,45,0,45,1,0.933770281682943,0.933770281682943,full_event_available,1,1,,"","",paper_formula,Full Bernoulli event probability uses selected probabilities and non-selected complement probabilities.
15,13,1,no_new_outage,bernoulli_full_event,45,0,45,1,0.933770281682943,0.933770281682943,full_event_available,1,1,,"","",paper_formula,Full Bernoulli event probability uses selected probabilities and non-selected complement probabilities.
15,14,1,continue,bernoulli_full_event,45,1,44,0.001566064468,0.935234919860168,0.00146463817722584,full_event_available,0,1,,"25","0.00040283",paper_formula,Full Bernoulli event probability uses selected probabilities and non-selected complement probabilities.
15,14,2,no_new_outage,bernoulli_full_event,44,0,44,1,0.935234919860168,0.935234919860168,full_event_available,1,1,,"","",paper_formula,Full Bernoulli event probability uses selected probabilities and non-selected complement probabilities.
15,15,1,no_new_outage,bernoulli_full_event,45,0,45,1,0.933770281682943,0.933770281682943,full_event_available,1,1,,"","",paper_formula,Full Bernoulli event probability uses selected probabilities and non-selected complement probabilities.
15,16,1,no_new_outage,bernoulli_full_event,45,0,45,1,0.933770281682943,0.933770281682943,full_event_available,1,1,,"","",paper_formula,Full Bernoulli event probability uses selected probabilities and non-selected complement probabilities.
15,17,1,continue,bernoulli_full_event,45,1,44,0.001650894553,0.935314387109965,0.00154410542702237,full_event_available,0,1,,"20","0.0013239",paper_formula,Full Bernoulli event probability uses selected probabilities and non-selected complement probabilities.
15,17,2,no_new_outage,bernoulli_full_event,44,0,44,1,0.395586618122727,0.395586618122727,full_event_available,1,1,,"","",paper_formula,Full Bernoulli event probability uses selected probabilities and non-selected complement probabilities.
15,18,1,no_new_outage,bernoulli_full_event,45,0,45,1,0.933770281682943,0.933770281682943,full_event_available,1,1,,"","",paper_formula,Full Bernoulli event probability uses selected probabilities and non-selected complement probabilities.
15,19,1,no_new_outage,bernoulli_full_event,45,0,45,1,0.933770281682943,0.933770281682943,full_event_available,1,1,,"","",paper_formula,Full Bernoulli event probability uses selected probabilities and non-selected complement probabilities.
15,20,1,no_new_outage,bernoulli_full_event,45,0,45,1,0.933770281682943,0.933770281682943,full_event_available,1,1,,"","",paper_formula,Full Bernoulli event probability uses selected probabilities and non-selected complement probabilities.
15,21,1,no_new_outage,bernoulli_full_event,45,0,45,1,0.933770281682943,0.933770281682943,full_event_available,1,1,,"","",paper_formula,Full Bernoulli event probability uses selected probabilities and non-selected complement probabilities.
15,22,1,no_new_outage,bernoulli_full_event,45,0,45,1,0.933770281682943,0.933770281682943,full_event_available,1,1,,"","",paper_formula,Full Bernoulli event probability uses selected probabilities and non-selected complement probabilities.
15,23,1,no_new_outage,bernoulli_full_event,45,0,45,1,0.933770281682943,0.933770281682943,full_event_available,1,1,,"","",paper_formula,Full Bernoulli event probability uses selected probabilities and non-selected complement probabilities.
15,24,1,no_new_outage,bernoulli_full_event,45,0,45,1,0.933770281682943,0.933770281682943,full_event_available,1,1,,"","",paper_formula,Full Bernoulli event probability uses selected probabilities and non-selected complement probabilities.
15,25,1,no_new_outage,bernoulli_full_event,45,0,45,1,0.933770281682943,0.933770281682943,full_event_available,1,1,,"","",paper_formula,Full Bernoulli event probability uses selected probabilities and non-selected complement probabilities.
15,26,1,no_new_outage,bernoulli_full_event,45,0,45,1,0.933770281682943,0.933770281682943,full_event_available,1,1,,"","",paper_formula,Full Bernoulli event probability uses selected probabilities and non-selected complement probabilities.
15,27,1,no_new_outage,bernoulli_full_event,45,0,45,1,0.933770281682943,0.933770281682943,full_event_available,1,1,,"","",paper_formula,Full Bernoulli event probability uses selected probabilities and non-selected complement probabilities.
15,28,1,no_new_outage,bernoulli_full_event,45,0,45,1,0.933770281682943,0.933770281682943,full_event_available,1,1,,"","",paper_formula,Full Bernoulli event probability uses selected probabilities and non-selected complement probabilities.
15,29,1,no_new_outage,bernoulli_full_event,45,0,45,1,0.933770281682943,0.933770281682943,full_event_available,1,1,,"","",paper_formula,Full Bernoulli event probability uses selected probabilities and non-selected complement probabilities.
15,30,1,no_new_outage,bernoulli_full_event,45,0,45,1,0.933770281682943,0.933770281682943,full_event_available,1,1,,"","",paper_formula,Full Bernoulli event probability uses selected probabilities and non-selected complement probabilities.
16,1,1,no_new_outage,bernoulli_full_event,45,0,45,1,0.933770281682943,0.933770281682943,full_event_available,1,1,,"","",paper_formula,Full Bernoulli event probability uses selected probabilities and non-selected complement probabilities.
16,2,1,no_new_outage,bernoulli_full_event,45,0,45,1,0.933770281682943,0.933770281682943,full_event_available,1,1,,"","",paper_formula,Full Bernoulli event probability uses selected probabilities and non-selected complement probabilities.
16,3,1,no_new_outage,bernoulli_full_event,45,0,45,1,0.933770281682943,0.933770281682943,full_event_available,1,1,,"","",paper_formula,Full Bernoulli event probability uses selected probabilities and non-selected complement probabilities.
16,4,1,no_new_outage,bernoulli_full_event,45,0,45,1,0.933770281682943,0.933770281682943,full_event_available,1,1,,"","",paper_formula,Full Bernoulli event probability uses selected probabilities and non-selected complement probabilities.
16,5,1,no_new_outage,bernoulli_full_event,45,0,45,1,0.933770281682943,0.933770281682943,full_event_available,1,1,,"","",paper_formula,Full Bernoulli event probability uses selected probabilities and non-selected complement probabilities.
16,6,1,no_new_outage,bernoulli_full_event,45,0,45,1,0.933770281682943,0.933770281682943,full_event_available,1,1,,"","",paper_formula,Full Bernoulli event probability uses selected probabilities and non-selected complement probabilities.
16,7,1,no_new_outage,bernoulli_full_event,45,0,45,1,0.933770281682943,0.933770281682943,full_event_available,1,1,,"","",paper_formula,Full Bernoulli event probability uses selected probabilities and non-selected complement probabilities.
16,8,1,no_new_outage,bernoulli_full_event,45,0,45,1,0.933770281682943,0.933770281682943,full_event_available,1,1,,"","",paper_formula,Full Bernoulli event probability uses selected probabilities and non-selected complement probabilities.
16,9,1,no_new_outage,bernoulli_full_event,45,0,45,1,0.933770281682943,0.933770281682943,full_event_available,1,1,,"","",paper_formula,Full Bernoulli event probability uses selected probabilities and non-selected complement probabilities.
16,10,1,no_new_outage,bernoulli_full_event,45,0,45,1,0.933770281682943,0.933770281682943,full_event_available,1,1,,"","",paper_formula,Full Bernoulli event probability uses selected probabilities and non-selected complement probabilities.
16,11,1,continue,bernoulli_full_event,45,1,44,0.001532132434,0.935203136741122,0.00143285505817961,full_event_available,0,1,,"7","0.0010525",paper_formula,Full Bernoulli event probability uses selected probabilities and non-selected complement probabilities.
16,11,2,no_new_outage,bernoulli_full_event,44,0,44,1,0.935203136741122,0.935203136741122,full_event_available,1,1,,"","",paper_formula,Full Bernoulli event probability uses selected probabilities and non-selected complement probabilities.
16,12,1,no_new_outage,bernoulli_full_event,45,0,45,1,0.933770281682943,0.933770281682943,full_event_available,1,1,,"","",paper_formula,Full Bernoulli event probability uses selected probabilities and non-selected complement probabilities.
16,13,1,no_new_outage,bernoulli_full_event,45,0,45,1,0.933770281682943,0.933770281682943,full_event_available,1,1,,"","",paper_formula,Full Bernoulli event probability uses selected probabilities and non-selected complement probabilities.
16,14,1,no_new_outage,bernoulli_full_event,45,0,45,1,0.933770281682943,0.933770281682943,full_event_available,1,1,,"","",paper_formula,Full Bernoulli event probability uses selected probabilities and non-selected complement probabilities.
16,15,1,continue,bernoulli_full_event,45,1,44,0.001713768616,0.935373295080296,0.00160301339735312,full_event_available,0,1,,"9","0.00067036",paper_formula,Full Bernoulli event probability uses selected probabilities and non-selected complement probabilities.
16,15,2,no_new_outage,bernoulli_full_event,44,0,44,1,0.935373295080296,0.935373295080296,full_event_available,1,1,,"","",paper_formula,Full Bernoulli event probability uses selected probabilities and non-selected complement probabilities.
16,16,1,no_new_outage,bernoulli_full_event,45,0,45,1,0.933770281682943,0.933770281682943,full_event_available,1,1,,"","",paper_formula,Full Bernoulli event probability uses selected probabilities and non-selected complement probabilities.
16,17,1,no_new_outage,bernoulli_full_event,45,0,45,1,0.933770281682943,0.933770281682943,full_event_available,1,1,,"","",paper_formula,Full Bernoulli event probability uses selected probabilities and non-selected complement probabilities.
16,18,1,no_new_outage,bernoulli_full_event,45,0,45,1,0.933770281682943,0.933770281682943,full_event_available,1,1,,"","",paper_formula,Full Bernoulli event probability uses selected probabilities and non-selected complement probabilities.
16,19,1,no_new_outage,bernoulli_full_event,45,0,45,1,0.933770281682943,0.933770281682943,full_event_available,1,1,,"","",paper_formula,Full Bernoulli event probability uses selected probabilities and non-selected complement probabilities.
16,20,1,no_new_outage,bernoulli_full_event,45,0,45,1,0.933770281682943,0.933770281682943,full_event_available,1,1,,"","",paper_formula,Full Bernoulli event probability uses selected probabilities and non-selected complement probabilities.
16,21,1,no_new_outage,bernoulli_full_event,45,0,45,1,0.933770281682943,0.933770281682943,full_event_available,1,1,,"","",paper_formula,Full Bernoulli event probability uses selected probabilities and non-selected complement probabilities.
16,22,1,no_new_outage,bernoulli_full_event,45,0,45,1,0.933770281682943,0.933770281682943,full_event_available,1,1,,"","",paper_formula,Full Bernoulli event probability uses selected probabilities and non-selected complement probabilities.
16,23,1,no_new_outage,bernoulli_full_event,45,0,45,1,0.933770281682943,0.933770281682943,full_event_available,1,1,,"","",paper_formula,Full Bernoulli event probability uses selected probabilities and non-selected complement probabilities.
16,24,1,no_new_outage,bernoulli_full_event,45,0,45,1,0.933770281682943,0.933770281682943,full_event_available,1,1,,"","",paper_formula,Full Bernoulli event probability uses selected probabilities and non-selected complement probabilities.
16,25,1,no_new_outage,bernoulli_full_event,45,0,45,1,0.933770281682943,0.933770281682943,full_event_available,1,1,,"","",paper_formula,Full Bernoulli event probability uses selected probabilities and non-selected complement probabilities.
16,26,1,no_new_outage,bernoulli_full_event,45,0,45,1,0.933770281682943,0.933770281682943,full_event_available,1,1,,"","",paper_formula,Full Bernoulli event probability uses selected probabilities and non-selected complement probabilities.
16,27,1,no_new_outage,bernoulli_full_event,45,0,45,1,0.933770281682943,0.933770281682943,full_event_available,1,1,,"","",paper_formula,Full Bernoulli event probability uses selected probabilities and non-selected complement probabilities.
16,28,1,no_new_outage,bernoulli_full_event,45,0,45,1,0.933770281682943,0.933770281682943,full_event_available,1,1,,"","",paper_formula,Full Bernoulli event probability uses selected probabilities and non-selected complement probabilities.
16,29,1,no_new_outage,bernoulli_full_event,45,0,45,1,0.933770281682943,0.933770281682943,full_event_available,1,1,,"","",paper_formula,Full Bernoulli event probability uses selected probabilities and non-selected complement probabilities.
16,30,1,no_new_outage,bernoulli_full_event,45,0,45,1,0.933770281682943,0.933770281682943,full_event_available,1,1,,"","",paper_formula,Full Bernoulli event probability uses selected probabilities and non-selected complement probabilities.
17,1,1,no_new_outage,bernoulli_full_event,45,0,45,1,0.93438830362059,0.93438830362059,full_event_available,1,1,,"","",paper_formula,Full Bernoulli event probability uses selected probabilities and non-selected complement probabilities.
17,2,1,no_new_outage,bernoulli_full_event,45,0,45,1,0.93438830362059,0.93438830362059,full_event_available,1,1,,"","",paper_formula,Full Bernoulli event probability uses selected probabilities and non-selected complement probabilities.
17,3,1,no_new_outage,bernoulli_full_event,45,0,45,1,0.93438830362059,0.93438830362059,full_event_available,1,1,,"","",paper_formula,Full Bernoulli event probability uses selected probabilities and non-selected complement probabilities.
17,4,1,no_new_outage,bernoulli_full_event,45,0,45,1,0.93438830362059,0.93438830362059,full_event_available,1,1,,"","",paper_formula,Full Bernoulli event probability uses selected probabilities and non-selected complement probabilities.
17,5,1,no_new_outage,bernoulli_full_event,45,0,45,1,0.93438830362059,0.93438830362059,full_event_available,1,1,,"","",paper_formula,Full Bernoulli event probability uses selected probabilities and non-selected complement probabilities.
17,6,1,no_new_outage,bernoulli_full_event,45,0,45,1,0.93438830362059,0.93438830362059,full_event_available,1,1,,"","",paper_formula,Full Bernoulli event probability uses selected probabilities and non-selected complement probabilities.
17,7,1,no_new_outage,bernoulli_full_event,45,0,45,1,0.93438830362059,0.93438830362059,full_event_available,1,1,,"","",paper_formula,Full Bernoulli event probability uses selected probabilities and non-selected complement probabilities.
17,8,1,no_new_outage,bernoulli_full_event,45,0,45,1,0.93438830362059,0.93438830362059,full_event_available,1,1,,"","",paper_formula,Full Bernoulli event probability uses selected probabilities and non-selected complement probabilities.
17,9,1,no_new_outage,bernoulli_full_event,45,0,45,1,0.93438830362059,0.93438830362059,full_event_available,1,1,,"","",paper_formula,Full Bernoulli event probability uses selected probabilities and non-selected complement probabilities.
17,10,1,no_new_outage,bernoulli_full_event,45,0,45,1,0.93438830362059,0.93438830362059,full_event_available,1,1,,"","",paper_formula,Full Bernoulli event probability uses selected probabilities and non-selected complement probabilities.
17,11,1,no_new_outage,bernoulli_full_event,45,0,45,1,0.93438830362059,0.93438830362059,full_event_available,1,1,,"","",paper_formula,Full Bernoulli event probability uses selected probabilities and non-selected complement probabilities.
17,12,1,no_new_outage,bernoulli_full_event,45,0,45,1,0.93438830362059,0.93438830362059,full_event_available,1,1,,"","",paper_formula,Full Bernoulli event probability uses selected probabilities and non-selected complement probabilities.
17,13,1,no_new_outage,bernoulli_full_event,45,0,45,1,0.93438830362059,0.93438830362059,full_event_available,1,1,,"","",paper_formula,Full Bernoulli event probability uses selected probabilities and non-selected complement probabilities.
17,14,1,no_new_outage,bernoulli_full_event,45,0,45,1,0.93438830362059,0.93438830362059,full_event_available,1,1,,"","",paper_formula,Full Bernoulli event probability uses selected probabilities and non-selected complement probabilities.
17,15,1,no_new_outage,bernoulli_full_event,45,0,45,1,0.93438830362059,0.93438830362059,full_event_available,1,1,,"","",paper_formula,Full Bernoulli event probability uses selected probabilities and non-selected complement probabilities.
17,16,1,continue,bernoulli_full_event,45,1,44,0.001575046477,0.935862330286865,0.00147402666627534,full_event_available,0,1,,"5","0.0015158",paper_formula,Full Bernoulli event probability uses selected probabilities and non-selected complement probabilities.
17,16,2,continue,bernoulli_full_event,44,1,43,0.96824052558818,0.935437464911365,0.905728462680655,full_event_available,0,1,,"8","0.77452",paper_formula,Full Bernoulli event probability uses selected probabilities and non-selected complement probabilities.
17,16,3,continue,bernoulli_full_event,43,4,39,1,0.943160059313921,0.943160059313921,full_event_available,0,1,,"9,13,19,23","0.098777,0.081641,0.33091,0.71549",paper_formula,Full Bernoulli event probability uses selected probabilities and non-selected complement probabilities.
17,16,4,continue,bernoulli_full_event,29,3,26,1,0.742343987180663,0.742343987180663,full_event_available,0,1,,"1,3,6","0.21777,0.4971,0.14562",paper_formula,Full Bernoulli event probability uses selected probabilities and non-selected complement probabilities.
17,16,5,max_depth_reached,bernoulli_full_event,25,0,25,NaN,NaN,1,terminal_stage_probability_one,1,0,,"","",,Terminal recording stage excluded from Bernoulli complement product.
17,17,1,no_new_outage,bernoulli_full_event,45,0,45,1,0.93438830362059,0.93438830362059,full_event_available,1,1,,"","",paper_formula,Full Bernoulli event probability uses selected probabilities and non-selected complement probabilities.
17,18,1,no_new_outage,bernoulli_full_event,45,0,45,1,0.93438830362059,0.93438830362059,full_event_available,1,1,,"","",paper_formula,Full Bernoulli event probability uses selected probabilities and non-selected complement probabilities.
17,19,1,no_new_outage,bernoulli_full_event,45,0,45,1,0.93438830362059,0.93438830362059,full_event_available,1,1,,"","",paper_formula,Full Bernoulli event probability uses selected probabilities and non-selected complement probabilities.
17,20,1,no_new_outage,bernoulli_full_event,45,0,45,1,0.93438830362059,0.93438830362059,full_event_available,1,1,,"","",paper_formula,Full Bernoulli event probability uses selected probabilities and non-selected complement probabilities.
17,21,1,no_new_outage,bernoulli_full_event,45,0,45,1,0.93438830362059,0.93438830362059,full_event_available,1,1,,"","",paper_formula,Full Bernoulli event probability uses selected probabilities and non-selected complement probabilities.
17,22,1,no_new_outage,bernoulli_full_event,45,0,45,1,0.93438830362059,0.93438830362059,full_event_available,1,1,,"","",paper_formula,Full Bernoulli event probability uses selected probabilities and non-selected complement probabilities.
17,23,1,no_new_outage,bernoulli_full_event,45,0,45,1,0.93438830362059,0.93438830362059,full_event_available,1,1,,"","",paper_formula,Full Bernoulli event probability uses selected probabilities and non-selected complement probabilities.
17,24,1,no_new_outage,bernoulli_full_event,45,0,45,1,0.93438830362059,0.93438830362059,full_event_available,1,1,,"","",paper_formula,Full Bernoulli event probability uses selected probabilities and non-selected complement probabilities.
17,25,1,no_new_outage,bernoulli_full_event,45,0,45,1,0.93438830362059,0.93438830362059,full_event_available,1,1,,"","",paper_formula,Full Bernoulli event probability uses selected probabilities and non-selected complement probabilities.
17,26,1,no_new_outage,bernoulli_full_event,45,0,45,1,0.93438830362059,0.93438830362059,full_event_available,1,1,,"","",paper_formula,Full Bernoulli event probability uses selected probabilities and non-selected complement probabilities.
17,27,1,no_new_outage,bernoulli_full_event,45,0,45,1,0.93438830362059,0.93438830362059,full_event_available,1,1,,"","",paper_formula,Full Bernoulli event probability uses selected probabilities and non-selected complement probabilities.
17,28,1,no_new_outage,bernoulli_full_event,45,0,45,1,0.93438830362059,0.93438830362059,full_event_available,1,1,,"","",paper_formula,Full Bernoulli event probability uses selected probabilities and non-selected complement probabilities.
17,29,1,no_new_outage,bernoulli_full_event,45,0,45,1,0.93438830362059,0.93438830362059,full_event_available,1,1,,"","",paper_formula,Full Bernoulli event probability uses selected probabilities and non-selected complement probabilities.
17,30,1,no_new_outage,bernoulli_full_event,45,0,45,1,0.93438830362059,0.93438830362059,full_event_available,1,1,,"","",paper_formula,Full Bernoulli event probability uses selected probabilities and non-selected complement probabilities.
18,1,1,continue,bernoulli_full_event,45,1,44,1,0.93562478250305,0.93562478250305,full_event_available,0,1,,"19","0.57183",paper_formula,Full Bernoulli event probability uses selected probabilities and non-selected complement probabilities.
18,1,2,continue,bernoulli_full_event,43,1,42,0.578342188244752,0.938556556738025,0.542806852815329,full_event_available,0,1,,"14","0.53485",paper_formula,Full Bernoulli event probability uses selected probabilities and non-selected complement probabilities.
18,1,3,continue,bernoulli_full_event,42,3,39,0.418772416271739,0.942970505448911,0.394890037039823,full_event_available,0,1,,"3,6,25","0.57865,0.51298,0.37786",paper_formula,Full Bernoulli event probability uses selected probabilities and non-selected complement probabilities.
18,1,4,load_loss_threshold,bernoulli_full_event,0,0,0,NaN,NaN,1,terminal_stage_probability_one,1,0,,"","",,Terminal recording stage excluded from Bernoulli complement product.
18,2,1,continue,bernoulli_full_event,45,1,44,1,0.93562478250305,0.93562478250305,full_event_available,0,1,,"19","0.56008",paper_formula,Full Bernoulli event probability uses selected probabilities and non-selected complement probabilities.
18,2,2,continue,bernoulli_full_event,43,1,42,0.578342188244752,0.938556556738025,0.542806852815329,full_event_available,0,1,,"14","0.38888",paper_formula,Full Bernoulli event probability uses selected probabilities and non-selected complement probabilities.
18,2,3,continue,bernoulli_full_event,42,2,40,1,0.548080468409088,0.548080468409088,full_event_available,0,1,,"3,6","0.8109,0.37297",paper_formula,Full Bernoulli event probability uses selected probabilities and non-selected complement probabilities.
18,2,4,continue,bernoulli_full_event,40,4,36,0.843799909666993,0.699942504033499,0.590611421675555,full_event_available,0,1,,"24,25,27,42","0.36822,0.42909,0.20852,0.38984",paper_formula,Full Bernoulli event probability uses selected probabilities and non-selected complement probabilities.
18,2,5,max_depth_reached,bernoulli_full_event,0,0,0,NaN,NaN,1,terminal_stage_probability_one,1,0,,"","",,Terminal recording stage excluded from Bernoulli complement product.
18,3,1,continue,bernoulli_full_event,45,1,44,1,0.93562478250305,0.93562478250305,full_event_available,0,1,,"19","0.64306",paper_formula,Full Bernoulli event probability uses selected probabilities and non-selected complement probabilities.
18,3,2,no_new_outage,bernoulli_full_event,43,0,43,1,0.395749703922696,0.395749703922696,full_event_available,1,1,,"","",paper_formula,Full Bernoulli event probability uses selected probabilities and non-selected complement probabilities.
18,4,1,continue,bernoulli_full_event,45,1,44,1,0.93562478250305,0.93562478250305,full_event_available,0,1,,"19","0.29602",paper_formula,Full Bernoulli event probability uses selected probabilities and non-selected complement probabilities.
18,4,2,continue,bernoulli_full_event,43,1,42,0.578342188244752,0.938556556738025,0.542806852815329,full_event_available,0,1,,"14","0.34615",paper_formula,Full Bernoulli event probability uses selected probabilities and non-selected complement probabilities.
18,4,3,continue,bernoulli_full_event,42,3,39,0.418772416271739,0.942970505448911,0.394890037039823,full_event_available,0,1,,"3,6,25","0.66099,0.026584,0.38463",paper_formula,Full Bernoulli event probability uses selected probabilities and non-selected complement probabilities.
18,4,4,load_loss_threshold,bernoulli_full_event,0,0,0,NaN,NaN,1,terminal_stage_probability_one,1,0,,"","",,Terminal recording stage excluded from Bernoulli complement product.
18,5,1,continue,bernoulli_full_event,45,1,44,1,0.93562478250305,0.93562478250305,full_event_available,0,1,,"19","0.1769",paper_formula,Full Bernoulli event probability uses selected probabilities and non-selected complement probabilities.
18,5,2,continue,bernoulli_full_event,43,1,42,0.578342188244752,0.938556556738025,0.542806852815329,full_event_available,0,1,,"14","0.41367",paper_formula,Full Bernoulli event probability uses selected probabilities and non-selected complement probabilities.
18,5,3,continue,bernoulli_full_event,42,3,39,0.418772416271739,0.942970505448911,0.394890037039823,full_event_available,0,1,,"3,6,25","0.66998,0.61913,0.29013",paper_formula,Full Bernoulli event probability uses selected probabilities and non-selected complement probabilities.
18,5,4,load_loss_threshold,bernoulli_full_event,0,0,0,NaN,NaN,1,terminal_stage_probability_one,1,0,,"","",,Terminal recording stage excluded from Bernoulli complement product.
18,6,1,continue,bernoulli_full_event,45,1,44,1,0.93562478250305,0.93562478250305,full_event_available,0,1,,"19","0.48978",paper_formula,Full Bernoulli event probability uses selected probabilities and non-selected complement probabilities.
18,6,2,continue,bernoulli_full_event,43,1,42,0.578342188244752,0.938556556738025,0.542806852815329,full_event_available,0,1,,"14","0.15536",paper_formula,Full Bernoulli event probability uses selected probabilities and non-selected complement probabilities.
18,6,3,continue,bernoulli_full_event,42,2,40,1,0.548080468409088,0.548080468409088,full_event_available,0,1,,"3,6","0.77139,0.86924",paper_formula,Full Bernoulli event probability uses selected probabilities and non-selected complement probabilities.
18,6,4,continue,bernoulli_full_event,40,4,36,0.843799909666993,0.699942504033499,0.590611421675555,full_event_available,0,1,,"24,25,27,42","0.028822,0.68994,0.89536,0.38731",paper_formula,Full Bernoulli event probability uses selected probabilities and non-selected complement probabilities.
18,6,5,max_depth_reached,bernoulli_full_event,0,0,0,NaN,NaN,1,terminal_stage_probability_one,1,0,,"","",,Terminal recording stage excluded from Bernoulli complement product.
18,7,1,continue,bernoulli_full_event,45,2,43,0.001525146427,0.937053926951646,0.00142914444859662,full_event_available,0,1,,"19,21","0.67736,0.00017056",paper_formula,Full Bernoulli event probability uses selected probabilities and non-selected complement probabilities.
18,7,2,continue,bernoulli_full_event,42,1,41,0.569372346658032,0.50752202921658,0.28896900875569,full_event_available,0,1,,"14","0.3168",paper_formula,Full Bernoulli event probability uses selected probabilities and non-selected complement probabilities.
18,7,3,continue,bernoulli_full_event,41,2,39,1,0.556626933484071,0.556626933484071,full_event_available,0,1,,"3,6","0.0068869,0.69638",paper_formula,Full Bernoulli event probability uses selected probabilities and non-selected complement probabilities.
18,7,4,continue,bernoulli_full_event,39,5,34,0.767632052375983,0.915788083078776,0.702988285755228,full_event_available,0,1,,"9,24,25,27,42","0.7805,0.38698,0.30302,0.15893,0.94809",paper_formula,Full Bernoulli event probability uses selected probabilities and non-selected complement probabilities.
18,7,5,max_depth_reached,bernoulli_full_event,0,0,0,NaN,NaN,1,terminal_stage_probability_one,1,0,,"","",,Terminal recording stage excluded from Bernoulli complement product.
18,8,1,continue,bernoulli_full_event,45,1,44,1,0.93562478250305,0.93562478250305,full_event_available,0,1,,"19","0.49822",paper_formula,Full Bernoulli event probability uses selected probabilities and non-selected complement probabilities.
18,8,2,no_new_outage,bernoulli_full_event,43,0,43,1,0.395749703922696,0.395749703922696,full_event_available,1,1,,"","",paper_formula,Full Bernoulli event probability uses selected probabilities and non-selected complement probabilities.
18,9,1,continue,bernoulli_full_event,45,1,44,1,0.93562478250305,0.93562478250305,full_event_available,0,1,,"19","0.31605",paper_formula,Full Bernoulli event probability uses selected probabilities and non-selected complement probabilities.
18,9,2,no_new_outage,bernoulli_full_event,43,0,43,1,0.395749703922696,0.395749703922696,full_event_available,1,1,,"","",paper_formula,Full Bernoulli event probability uses selected probabilities and non-selected complement probabilities.
18,10,1,continue,bernoulli_full_event,45,1,44,1,0.93562478250305,0.93562478250305,full_event_available,0,1,,"19","0.32705",paper_formula,Full Bernoulli event probability uses selected probabilities and non-selected complement probabilities.
18,10,2,continue,bernoulli_full_event,43,1,42,0.578342188244752,0.938556556738025,0.542806852815329,full_event_available,0,1,,"14","0.018569",paper_formula,Full Bernoulli event probability uses selected probabilities and non-selected complement probabilities.
18,10,3,continue,bernoulli_full_event,42,2,40,1,0.548080468409088,0.548080468409088,full_event_available,0,1,,"3,6","0.19696,0.73424",paper_formula,Full Bernoulli event probability uses selected probabilities and non-selected complement probabilities.
18,10,4,continue,bernoulli_full_event,40,4,36,0.843799909666993,0.699942504033499,0.590611421675555,full_event_available,0,1,,"24,25,27,42","0.14962,0.21995,0.46479,0.78576",paper_formula,Full Bernoulli event probability uses selected probabilities and non-selected complement probabilities.
18,10,5,max_depth_reached,bernoulli_full_event,0,0,0,NaN,NaN,1,terminal_stage_probability_one,1,0,,"","",,Terminal recording stage excluded from Bernoulli complement product.
18,11,1,continue,bernoulli_full_event,45,1,44,1,0.93562478250305,0.93562478250305,full_event_available,0,1,,"19","0.75491",paper_formula,Full Bernoulli event probability uses selected probabilities and non-selected complement probabilities.
18,11,2,continue,bernoulli_full_event,43,1,42,0.578342188244752,0.938556556738025,0.542806852815329,full_event_available,0,1,,"14","0.029883",paper_formula,Full Bernoulli event probability uses selected probabilities and non-selected complement probabilities.
18,11,3,continue,bernoulli_full_event,42,2,40,1,0.548080468409088,0.548080468409088,full_event_available,0,1,,"3,6","0.21573,0.19681",paper_formula,Full Bernoulli event probability uses selected probabilities and non-selected complement probabilities.
18,11,4,continue,bernoulli_full_event,40,4,36,0.262169548816139,0.14817914086159,0.0388480585036461,full_event_available,0,1,,"9,25,27,42","0.1827,0.13264,0.98883,0.48269",paper_formula,Full Bernoulli event probability uses selected probabilities and non-selected complement probabilities.
18,11,5,max_depth_reached,bernoulli_full_event,0,0,0,NaN,NaN,1,terminal_stage_probability_one,1,0,,"","",,Terminal recording stage excluded from Bernoulli complement product.
18,12,1,continue,bernoulli_full_event,45,1,44,1,0.93562478250305,0.93562478250305,full_event_available,0,1,,"19","0.3762",paper_formula,Full Bernoulli event probability uses selected probabilities and non-selected complement probabilities.
18,12,2,continue,bernoulli_full_event,43,1,42,0.578342188244752,0.938556556738025,0.542806852815329,full_event_available,0,1,,"14","0.53321",paper_formula,Full Bernoulli event probability uses selected probabilities and non-selected complement probabilities.
18,12,3,continue,bernoulli_full_event,42,3,39,0.418772416271739,0.942970505448911,0.394890037039823,full_event_available,0,1,,"3,6,25","0.66162,0.54693,0.40187",paper_formula,Full Bernoulli event probability uses selected probabilities and non-selected complement probabilities.
18,12,4,load_loss_threshold,bernoulli_full_event,0,0,0,NaN,NaN,1,terminal_stage_probability_one,1,0,,"","",,Terminal recording stage excluded from Bernoulli complement product.
18,13,1,continue,bernoulli_full_event,45,1,44,1,0.93562478250305,0.93562478250305,full_event_available,0,1,,"19","0.74052",paper_formula,Full Bernoulli event probability uses selected probabilities and non-selected complement probabilities.
18,13,2,continue,bernoulli_full_event,43,1,42,0.578342188244752,0.938556556738025,0.542806852815329,full_event_available,0,1,,"14","0.52613",paper_formula,Full Bernoulli event probability uses selected probabilities and non-selected complement probabilities.
18,13,3,continue,bernoulli_full_event,42,3,39,0.418772416271739,0.942970505448911,0.394890037039823,full_event_available,0,1,,"3,6,25","0.39127,0.27461,0.05048",paper_formula,Full Bernoulli event probability uses selected probabilities and non-selected complement probabilities.
18,13,4,load_loss_threshold,bernoulli_full_event,0,0,0,NaN,NaN,1,terminal_stage_probability_one,1,0,,"","",,Terminal recording stage excluded from Bernoulli complement product.
18,14,1,continue,bernoulli_full_event,45,2,43,0.001475246377,0.937007098830823,0.00138231632777345,full_event_available,0,1,,"19,38","0.79841,0.00092156",paper_formula,Full Bernoulli event probability uses selected probabilities and non-selected complement probabilities.
18,14,2,continue,bernoulli_full_event,42,2,40,1,0.322293978907105,0.322293978907105,full_event_available,0,1,,"28,35","0.89495,0.80194",paper_formula,Full Bernoulli event probability uses selected probabilities and non-selected complement probabilities.
18,14,3,continue,bernoulli_full_event,37,4,33,0.176925356354986,0.932084657106368,0.164909410111559,full_event_available,0,1,,"8,10,14,27","0.23652,0.47584,0.7233,0.028315",paper_formula,Full Bernoulli event probability uses selected probabilities and non-selected complement probabilities.
18,14,4,load_loss_threshold,bernoulli_full_event,30,0,30,NaN,NaN,1,terminal_stage_probability_one,1,0,,"","",,Terminal recording stage excluded from Bernoulli complement product.
18,15,1,continue,bernoulli_full_event,45,1,44,1,0.93562478250305,0.93562478250305,full_event_available,0,1,,"19","0.72682",paper_formula,Full Bernoulli event probability uses selected probabilities and non-selected complement probabilities.
18,15,2,continue,bernoulli_full_event,43,1,42,0.578342188244752,0.938556556738025,0.542806852815329,full_event_available,0,1,,"14","0.1051",paper_formula,Full Bernoulli event probability uses selected probabilities and non-selected complement probabilities.
18,15,3,continue,bernoulli_full_event,42,2,40,1,0.548080468409088,0.548080468409088,full_event_available,0,1,,"3,6","0.52425,0.4372",paper_formula,Full Bernoulli event probability uses selected probabilities and non-selected complement probabilities.
18,15,4,continue,bernoulli_full_event,40,4,36,0.843799909666993,0.699942504033499,0.590611421675555,full_event_available,0,1,,"24,25,27,42","0.41803,0.15765,0.75255,0.53379",paper_formula,Full Bernoulli event probability uses selected probabilities and non-selected complement probabilities.
18,15,5,max_depth_reached,bernoulli_full_event,0,0,0,NaN,NaN,1,terminal_stage_probability_one,1,0,,"","",,Terminal recording stage excluded from Bernoulli complement product.
18,16,1,continue,bernoulli_full_event,45,1,44,1,0.93562478250305,0.93562478250305,full_event_available,0,1,,"19","0.24691",paper_formula,Full Bernoulli event probability uses selected probabilities and non-selected complement probabilities.
18,16,2,continue,bernoulli_full_event,43,1,42,0.578342188244752,0.938556556738025,0.542806852815329,full_event_available,0,1,,"14","0.25702",paper_formula,Full Bernoulli event probability uses selected probabilities and non-selected complement probabilities.
18,16,3,continue,bernoulli_full_event,42,2,40,1,0.548080468409088,0.548080468409088,full_event_available,0,1,,"3,6","0.55077,0.61663",paper_formula,Full Bernoulli event probability uses selected probabilities and non-selected complement probabilities.
18,16,4,continue,bernoulli_full_event,40,4,36,0.843799909666993,0.699942504033499,0.590611421675555,full_event_available,0,1,,"24,25,27,42","0.26141,0.3677,0.55576,0.27752",paper_formula,Full Bernoulli event probability uses selected probabilities and non-selected complement probabilities.
18,16,5,max_depth_reached,bernoulli_full_event,0,0,0,NaN,NaN,1,terminal_stage_probability_one,1,0,,"","",,Terminal recording stage excluded from Bernoulli complement product.
18,17,1,continue,bernoulli_full_event,45,1,44,1,0.93562478250305,0.93562478250305,full_event_available,0,1,,"19","0.60801",paper_formula,Full Bernoulli event probability uses selected probabilities and non-selected complement probabilities.
18,17,2,continue,bernoulli_full_event,43,1,42,0.578342188244752,0.938556556738025,0.542806852815329,full_event_available,0,1,,"14","0.06657",paper_formula,Full Bernoulli event probability uses selected probabilities and non-selected complement probabilities.
18,17,3,continue,bernoulli_full_event,42,2,40,1,0.548080468409088,0.548080468409088,full_event_available,0,1,,"3,6","0.085567,0.80171",paper_formula,Full Bernoulli event probability uses selected probabilities and non-selected complement probabilities.
18,17,4,continue,bernoulli_full_event,40,5,35,0.221218641608495,0.948649520916939,0.209858958379795,full_event_available,0,1,,"9,24,25,27,42","0.25278,0.092584,0.01413,0.95706,0.55279",paper_formula,Full Bernoulli event probability uses selected probabilities and non-selected complement probabilities.
18,17,5,max_depth_reached,bernoulli_full_event,0,0,0,NaN,NaN,1,terminal_stage_probability_one,1,0,,"","",,Terminal recording stage excluded from Bernoulli complement product.
18,18,1,continue,bernoulli_full_event,45,1,44,1,0.93562478250305,0.93562478250305,full_event_available,0,1,,"19","0.14306",paper_formula,Full Bernoulli event probability uses selected probabilities and non-selected complement probabilities.
18,18,2,no_new_outage,bernoulli_full_event,43,0,43,1,0.395749703922696,0.395749703922696,full_event_available,1,1,,"","",paper_formula,Full Bernoulli event probability uses selected probabilities and non-selected complement probabilities.
18,19,1,continue,bernoulli_full_event,45,1,44,1,0.93562478250305,0.93562478250305,full_event_available,0,1,,"19","0.9746",paper_formula,Full Bernoulli event probability uses selected probabilities and non-selected complement probabilities.
18,19,2,no_new_outage,bernoulli_full_event,43,0,43,1,0.395749703922696,0.395749703922696,full_event_available,1,1,,"","",paper_formula,Full Bernoulli event probability uses selected probabilities and non-selected complement probabilities.
18,20,1,continue,bernoulli_full_event,45,1,44,1,0.93562478250305,0.93562478250305,full_event_available,0,1,,"19","0.64469",paper_formula,Full Bernoulli event probability uses selected probabilities and non-selected complement probabilities.
18,20,2,no_new_outage,bernoulli_full_event,43,0,43,1,0.395749703922696,0.395749703922696,full_event_available,1,1,,"","",paper_formula,Full Bernoulli event probability uses selected probabilities and non-selected complement probabilities.
18,21,1,continue,bernoulli_full_event,45,1,44,1,0.93562478250305,0.93562478250305,full_event_available,0,1,,"19","0.85394",paper_formula,Full Bernoulli event probability uses selected probabilities and non-selected complement probabilities.
18,21,2,no_new_outage,bernoulli_full_event,43,0,43,1,0.395749703922696,0.395749703922696,full_event_available,1,1,,"","",paper_formula,Full Bernoulli event probability uses selected probabilities and non-selected complement probabilities.
18,22,1,continue,bernoulli_full_event,45,1,44,1,0.93562478250305,0.93562478250305,full_event_available,0,1,,"19","0.70477",paper_formula,Full Bernoulli event probability uses selected probabilities and non-selected complement probabilities.
18,22,2,continue,bernoulli_full_event,43,1,42,0.578342188244752,0.938556556738025,0.542806852815329,full_event_available,0,1,,"14","0.39851",paper_formula,Full Bernoulli event probability uses selected probabilities and non-selected complement probabilities.
18,22,3,continue,bernoulli_full_event,42,3,39,0.418772416271739,0.942970505448911,0.394890037039823,full_event_available,0,1,,"3,6,25","0.098636,0.13863,0.1446",paper_formula,Full Bernoulli event probability uses selected probabilities and non-selected complement probabilities.
18,22,4,load_loss_threshold,bernoulli_full_event,0,0,0,NaN,NaN,1,terminal_stage_probability_one,1,0,,"","",,Terminal recording stage excluded from Bernoulli complement product.
18,23,1,continue,bernoulli_full_event,45,1,44,1,0.93562478250305,0.93562478250305,full_event_available,0,1,,"19","0.90739",paper_formula,Full Bernoulli event probability uses selected probabilities and non-selected complement probabilities.
18,23,2,no_new_outage,bernoulli_full_event,43,0,43,1,0.395749703922696,0.395749703922696,full_event_available,1,1,,"","",paper_formula,Full Bernoulli event probability uses selected probabilities and non-selected complement probabilities.
18,24,1,continue,bernoulli_full_event,45,1,44,1,0.93562478250305,0.93562478250305,full_event_available,0,1,,"19","0.73948",paper_formula,Full Bernoulli event probability uses selected probabilities and non-selected complement probabilities.
18,24,2,continue,bernoulli_full_event,43,2,41,0.00099114469152262,0.94016778678479,0.000931842311012315,full_event_available,0,1,,"9,14","0.00041101,0.0051815",paper_formula,Full Bernoulli event probability uses selected probabilities and non-selected complement probabilities.
18,24,3,continue,bernoulli_full_event,41,2,39,1,0.741281929319344,0.741281929319344,full_event_available,0,1,,"3,6","0.54055,0.29984",paper_formula,Full Bernoulli event probability uses selected probabilities and non-selected complement probabilities.
18,24,4,load_loss_threshold,bernoulli_full_event,0,0,0,NaN,NaN,1,terminal_stage_probability_one,1,0,,"","",,Terminal recording stage excluded from Bernoulli complement product.
18,25,1,continue,bernoulli_full_event,45,1,44,1,0.93562478250305,0.93562478250305,full_event_available,0,1,,"19","0.22975",paper_formula,Full Bernoulli event probability uses selected probabilities and non-selected complement probabilities.
18,25,2,continue,bernoulli_full_event,43,1,42,0.578342188244752,0.938556556738025,0.542806852815329,full_event_available,0,1,,"14","0.0377",paper_formula,Full Bernoulli event probability uses selected probabilities and non-selected complement probabilities.
18,25,3,continue,bernoulli_full_event,42,2,40,1,0.548080468409088,0.548080468409088,full_event_available,0,1,,"3,6","0.33082,0.59413",paper_formula,Full Bernoulli event probability uses selected probabilities and non-selected complement probabilities.
18,25,4,continue,bernoulli_full_event,40,4,36,0.843799909666993,0.699942504033499,0.590611421675555,full_event_available,0,1,,"24,25,27,42","0.37171,0.074781,0.16993,0.1239",paper_formula,Full Bernoulli event probability uses selected probabilities and non-selected complement probabilities.
18,25,5,max_depth_reached,bernoulli_full_event,0,0,0,NaN,NaN,1,terminal_stage_probability_one,1,0,,"","",,Terminal recording stage excluded from Bernoulli complement product.
18,26,1,continue,bernoulli_full_event,45,1,44,1,0.93562478250305,0.93562478250305,full_event_available,0,1,,"19","0.7565",paper_formula,Full Bernoulli event probability uses selected probabilities and non-selected complement probabilities.
18,26,2,no_new_outage,bernoulli_full_event,43,0,43,1,0.395749703922696,0.395749703922696,full_event_available,1,1,,"","",paper_formula,Full Bernoulli event probability uses selected probabilities and non-selected complement probabilities.
18,27,1,continue,bernoulli_full_event,45,1,44,1,0.93562478250305,0.93562478250305,full_event_available,0,1,,"19","0.71412",paper_formula,Full Bernoulli event probability uses selected probabilities and non-selected complement probabilities.
18,27,2,continue,bernoulli_full_event,43,1,42,0.578342188244752,0.938556556738025,0.542806852815329,full_event_available,0,1,,"14","0.069916",paper_formula,Full Bernoulli event probability uses selected probabilities and non-selected complement probabilities.
18,27,3,continue,bernoulli_full_event,42,3,39,0.418772416271739,0.942970505448911,0.394890037039823,full_event_available,0,1,,"3,6,25","0.42857,0.46697,0.32451",paper_formula,Full Bernoulli event probability uses selected probabilities and non-selected complement probabilities.
18,27,4,load_loss_threshold,bernoulli_full_event,0,0,0,NaN,NaN,1,terminal_stage_probability_one,1,0,,"","",,Terminal recording stage excluded from Bernoulli complement product.
18,28,1,continue,bernoulli_full_event,45,1,44,1,0.93562478250305,0.93562478250305,full_event_available,0,1,,"19","0.10125",paper_formula,Full Bernoulli event probability uses selected probabilities and non-selected complement probabilities.
18,28,2,continue,bernoulli_full_event,43,1,42,0.578342188244752,0.938556556738025,0.542806852815329,full_event_available,0,1,,"14","0.19542",paper_formula,Full Bernoulli event probability uses selected probabilities and non-selected complement probabilities.
18,28,3,continue,bernoulli_full_event,42,2,40,1,0.548080468409088,0.548080468409088,full_event_available,0,1,,"3,6","0.21765,0.57233",paper_formula,Full Bernoulli event probability uses selected probabilities and non-selected complement probabilities.
18,28,4,continue,bernoulli_full_event,40,4,36,0.843799909666993,0.699942504033499,0.590611421675555,full_event_available,0,1,,"24,25,27,42","0.66033,0.51743,0.65751,0.075846",paper_formula,Full Bernoulli event probability uses selected probabilities and non-selected complement probabilities.
18,28,5,max_depth_reached,bernoulli_full_event,0,0,0,NaN,NaN,1,terminal_stage_probability_one,1,0,,"","",,Terminal recording stage excluded from Bernoulli complement product.
18,29,1,continue,bernoulli_full_event,45,1,44,1,0.93562478250305,0.93562478250305,full_event_available,0,1,,"19","0.041465",paper_formula,Full Bernoulli event probability uses selected probabilities and non-selected complement probabilities.
18,29,2,continue,bernoulli_full_event,43,1,42,0.578342188244752,0.938556556738025,0.542806852815329,full_event_available,0,1,,"14","0.34794",paper_formula,Full Bernoulli event probability uses selected probabilities and non-selected complement probabilities.
18,29,3,continue,bernoulli_full_event,42,3,39,0.418772416271739,0.942970505448911,0.394890037039823,full_event_available,0,1,,"3,6,25","0.0016,0.34062,0.36677",paper_formula,Full Bernoulli event probability uses selected probabilities and non-selected complement probabilities.
18,29,4,load_loss_threshold,bernoulli_full_event,0,0,0,NaN,NaN,1,terminal_stage_probability_one,1,0,,"","",,Terminal recording stage excluded from Bernoulli complement product.
18,30,1,continue,bernoulli_full_event,45,1,44,1,0.93562478250305,0.93562478250305,full_event_available,0,1,,"19","0.87731",paper_formula,Full Bernoulli event probability uses selected probabilities and non-selected complement probabilities.
18,30,2,continue,bernoulli_full_event,43,1,42,0.578342188244752,0.938556556738025,0.542806852815329,full_event_available,0,1,,"14","0.18227",paper_formula,Full Bernoulli event probability uses selected probabilities and non-selected complement probabilities.
18,30,3,continue,bernoulli_full_event,42,2,40,1,0.548080468409088,0.548080468409088,full_event_available,0,1,,"3,6","0.1849,0.4068",paper_formula,Full Bernoulli event probability uses selected probabilities and non-selected complement probabilities.
18,30,4,continue,bernoulli_full_event,40,4,36,0.843799909666993,0.699942504033499,0.590611421675555,full_event_available,0,1,,"24,25,27,42","0.2033,0.064629,0.82791,0.10898",paper_formula,Full Bernoulli event probability uses selected probabilities and non-selected complement probabilities.
18,30,5,max_depth_reached,bernoulli_full_event,0,0,0,NaN,NaN,1,terminal_stage_probability_one,1,0,,"","",,Terminal recording stage excluded from Bernoulli complement product.
19,1,1,continue,bernoulli_full_event,45,2,43,1,0.937124177909645,0.937124177909645,full_event_available,0,1,,"13,18","0.60434,0.88666",paper_formula,Full Bernoulli event probability uses selected probabilities and non-selected complement probabilities.
19,1,2,continue,bernoulli_full_event,42,2,40,0.277975880454078,0.941126883284609,0.261610574000041,full_event_available,0,1,,"8,14","0.038227,0.2316",paper_formula,Full Bernoulli event probability uses selected probabilities and non-selected complement probabilities.
19,1,3,continue,bernoulli_full_event,40,1,39,1,0.942172674235575,0.942172674235575,full_event_available,0,1,,"27","0.5288",paper_formula,Full Bernoulli event probability uses selected probabilities and non-selected complement probabilities.
19,1,4,continue,bernoulli_full_event,36,1,35,1,0.94721806492863,0.94721806492863,full_event_available,0,1,,"3","0.89528",paper_formula,Full Bernoulli event probability uses selected probabilities and non-selected complement probabilities.
19,1,5,max_depth_reached,bernoulli_full_event,35,0,35,NaN,NaN,1,terminal_stage_probability_one,1,0,,"","",,Terminal recording stage excluded from Bernoulli complement product.
19,2,1,continue,bernoulli_full_event,45,2,43,1,0.937124177909645,0.937124177909645,full_event_available,0,1,,"13,18","0.69955,0.54901",paper_formula,Full Bernoulli event probability uses selected probabilities and non-selected complement probabilities.
19,2,2,continue,bernoulli_full_event,42,1,41,0.595973942516873,0.502163775442633,0.299276525039703,full_event_available,0,1,,"14","0.2837",paper_formula,Full Bernoulli event probability uses selected probabilities and non-selected complement probabilities.
19,2,3,continue,bernoulli_full_event,41,3,38,0.456829648151288,0.921652072579754,0.421037992034514,full_event_available,0,1,,"3,6,25","0.59522,0.93168,0.099944",paper_formula,Full Bernoulli event probability uses selected probabilities and non-selected complement probabilities.
19,2,4,load_loss_threshold,bernoulli_full_event,0,0,0,NaN,NaN,1,terminal_stage_probability_one,1,0,,"","",,Terminal recording stage excluded from Bernoulli complement product.
19,3,1,continue,bernoulli_full_event,45,2,43,1,0.937124177909645,0.937124177909645,full_event_available,0,1,,"13,18","0.014779,0.93288",paper_formula,Full Bernoulli event probability uses selected probabilities and non-selected complement probabilities.
19,3,2,no_new_outage,bernoulli_full_event,42,0,42,1,0.20288725040293,0.20288725040293,full_event_available,1,1,,"","",paper_formula,Full Bernoulli event probability uses selected probabilities and non-selected complement probabilities.
19,4,1,continue,bernoulli_full_event,45,2,43,1,0.937124177909645,0.937124177909645,full_event_available,0,1,,"13,18","0.33443,0.55371",paper_formula,Full Bernoulli event probability uses selected probabilities and non-selected complement probabilities.
19,4,2,no_new_outage,bernoulli_full_event,42,0,42,1,0.20288725040293,0.20288725040293,full_event_available,1,1,,"","",paper_formula,Full Bernoulli event probability uses selected probabilities and non-selected complement probabilities.
19,5,1,continue,bernoulli_full_event,45,2,43,1,0.937124177909645,0.937124177909645,full_event_available,0,1,,"13,18","0.87987,0.20335",paper_formula,Full Bernoulli event probability uses selected probabilities and non-selected complement probabilities.
19,5,2,continue,bernoulli_full_event,42,1,41,0.466422876275683,0.380239784244864,0.177352533841934,full_event_available,0,1,,"8","0.28666",paper_formula,Full Bernoulli event probability uses selected probabilities and non-selected complement probabilities.
19,5,3,continue,bernoulli_full_event,41,1,40,1,0.941127823918785,0.941127823918785,full_event_available,0,1,,"3","0.79525",paper_formula,Full Bernoulli event probability uses selected probabilities and non-selected complement probabilities.
19,5,4,continue,bernoulli_full_event,40,8,32,1,0.952944313361329,0.952944313361329,full_event_available,0,1,,"4,7,25,27,30,31,40,42","0.68035,0.70864,0.51928,0.1278,0.55774,0.56954,0.72004,0.35427",paper_formula,Full Bernoulli event probability uses selected probabilities and non-selected complement probabilities.
19,5,5,max_depth_reached,bernoulli_full_event,10,0,10,NaN,NaN,1,terminal_stage_probability_one,1,0,,"","",,Terminal recording stage excluded from Bernoulli complement product.
19,6,1,continue,bernoulli_full_event,45,2,43,1,0.937124177909645,0.937124177909645,full_event_available,0,1,,"13,18","0.72089,0.23755",paper_formula,Full Bernoulli event probability uses selected probabilities and non-selected complement probabilities.
19,6,2,continue,bernoulli_full_event,42,1,41,0.595973942516873,0.502163775442633,0.299276525039703,full_event_available,0,1,,"14","0.20918",paper_formula,Full Bernoulli event probability uses selected probabilities and non-selected complement probabilities.
19,6,3,continue,bernoulli_full_event,41,3,38,0.456829648151288,0.921652072579754,0.421037992034514,full_event_available,0,1,,"3,6,25","0.84598,0.16407,0.16032",paper_formula,Full Bernoulli event probability uses selected probabilities and non-selected complement probabilities.
19,6,4,load_loss_threshold,bernoulli_full_event,0,0,0,NaN,NaN,1,terminal_stage_probability_one,1,0,,"","",,Terminal recording stage excluded from Bernoulli complement product.
19,7,1,continue,bernoulli_full_event,45,2,43,1,0.937124177909645,0.937124177909645,full_event_available,0,1,,"13,18","0.86007,0.96414",paper_formula,Full Bernoulli event probability uses selected probabilities and non-selected complement probabilities.
19,7,2,continue,bernoulli_full_event,42,1,41,0.466422876275683,0.380239784244864,0.177352533841934,full_event_available,0,1,,"8","0.063564",paper_formula,Full Bernoulli event probability uses selected probabilities and non-selected complement probabilities.
19,7,3,continue,bernoulli_full_event,41,1,40,1,0.941127823918785,0.941127823918785,full_event_available,0,1,,"3","0.34608",paper_formula,Full Bernoulli event probability uses selected probabilities and non-selected complement probabilities.
19,7,4,continue,bernoulli_full_event,40,8,32,1,0.952944313361329,0.952944313361329,full_event_available,0,1,,"4,7,25,27,30,31,40,42","0.66289,0.33063,0.17591,0.64603,0.23507,0.40392,0.66613,0.56992",paper_formula,Full Bernoulli event probability uses selected probabilities and non-selected complement probabilities.
19,7,5,max_depth_reached,bernoulli_full_event,10,0,10,NaN,NaN,1,terminal_stage_probability_one,1,0,,"","",,Terminal recording stage excluded from Bernoulli complement product.
19,8,1,continue,bernoulli_full_event,45,2,43,1,0.937124177909645,0.937124177909645,full_event_available,0,1,,"13,18","0.71811,0.15342",paper_formula,Full Bernoulli event probability uses selected probabilities and non-selected complement probabilities.
19,8,2,continue,bernoulli_full_event,42,2,40,0.277975880454078,0.941126883284609,0.261610574000041,full_event_available,0,1,,"8,14","0.21231,0.20024",paper_formula,Full Bernoulli event probability uses selected probabilities and non-selected complement probabilities.
19,8,3,continue,bernoulli_full_event,40,1,39,1,0.942172674235575,0.942172674235575,full_event_available,0,1,,"27","0.66039",paper_formula,Full Bernoulli event probability uses selected probabilities and non-selected complement probabilities.
19,8,4,continue,bernoulli_full_event,36,1,35,1,0.94721806492863,0.94721806492863,full_event_available,0,1,,"3","0.18921",paper_formula,Full Bernoulli event probability uses selected probabilities and non-selected complement probabilities.
19,8,5,max_depth_reached,bernoulli_full_event,35,0,35,NaN,NaN,1,terminal_stage_probability_one,1,0,,"","",,Terminal recording stage excluded from Bernoulli complement product.
19,9,1,continue,bernoulli_full_event,45,2,43,1,0.937124177909645,0.937124177909645,full_event_available,0,1,,"13,18","0.076173,0.96233",paper_formula,Full Bernoulli event probability uses selected probabilities and non-selected complement probabilities.
19,9,2,continue,bernoulli_full_event,42,2,40,0.000669844927591188,0.502728817509641,0.000336750348362749,full_event_available,0,1,,"14,34","0.29486,0.0010862",paper_formula,Full Bernoulli event probability uses selected probabilities and non-selected complement probabilities.
19,9,3,continue,bernoulli_full_event,40,8,32,0.810064923015144,0.952424469582888,0.771525654630402,full_event_available,0,1,,"1,2,3,6,16,17,25,33","0.026368,0.54858,0.6171,0.79419,0.65765,0.79847,0.49716,0.48781",paper_formula,Full Bernoulli event probability uses selected probabilities and non-selected complement probabilities.
19,9,4,load_loss_threshold,bernoulli_full_event,22,0,22,NaN,NaN,1,terminal_stage_probability_one,1,0,,"","",,Terminal recording stage excluded from Bernoulli complement product.
19,10,1,continue,bernoulli_full_event,45,2,43,1,0.937124177909645,0.937124177909645,full_event_available,0,1,,"13,18","0.67433,0.33454",paper_formula,Full Bernoulli event probability uses selected probabilities and non-selected complement probabilities.
19,10,2,continue,bernoulli_full_event,42,1,41,0.595973942516873,0.502163775442633,0.299276525039703,full_event_available,0,1,,"14","0.080997",paper_formula,Full Bernoulli event probability uses selected probabilities and non-selected complement probabilities.
19,10,3,continue,bernoulli_full_event,41,3,38,0.456829648151288,0.921652072579754,0.421037992034514,full_event_available,0,1,,"3,6,25","0.20958,0.95779,0.37258",paper_formula,Full Bernoulli event probability uses selected probabilities and non-selected complement probabilities.
19,10,4,load_loss_threshold,bernoulli_full_event,0,0,0,NaN,NaN,1,terminal_stage_probability_one,1,0,,"","",,Terminal recording stage excluded from Bernoulli complement product.
19,11,1,continue,bernoulli_full_event,45,2,43,1,0.937124177909645,0.937124177909645,full_event_available,0,1,,"13,18","0.17846,0.28142",paper_formula,Full Bernoulli event probability uses selected probabilities and non-selected complement probabilities.
19,11,2,no_new_outage,bernoulli_full_event,42,0,42,1,0.20288725040293,0.20288725040293,full_event_available,1,1,,"","",paper_formula,Full Bernoulli event probability uses selected probabilities and non-selected complement probabilities.
19,12,1,continue,bernoulli_full_event,45,2,43,1,0.937124177909645,0.937124177909645,full_event_available,0,1,,"13,18","0.49731,0.59294",paper_formula,Full Bernoulli event probability uses selected probabilities and non-selected complement probabilities.
19,12,2,continue,bernoulli_full_event,42,1,41,0.595973942516873,0.502163775442633,0.299276525039703,full_event_available,0,1,,"14","0.24478",paper_formula,Full Bernoulli event probability uses selected probabilities and non-selected complement probabilities.
19,12,3,continue,bernoulli_full_event,41,2,39,1,0.50061408054524,0.50061408054524,full_event_available,0,1,,"3,6","0.8453,0.95685",paper_formula,Full Bernoulli event probability uses selected probabilities and non-selected complement probabilities.
19,12,4,continue,bernoulli_full_event,39,5,34,0.948326052353807,0.80706374215383,0.765359572594632,full_event_available,0,1,,"9,24,25,27,42","0.3824,0.97152,0.4649,0.64543,0.099615",paper_formula,Full Bernoulli event probability uses selected probabilities and non-selected complement probabilities.
19,12,5,max_depth_reached,bernoulli_full_event,0,0,0,NaN,NaN,1,terminal_stage_probability_one,1,0,,"","",,Terminal recording stage excluded from Bernoulli complement product.
19,13,1,continue,bernoulli_full_event,45,2,43,1,0.937124177909645,0.937124177909645,full_event_available,0,1,,"13,18","0.12973,0.5775",paper_formula,Full Bernoulli event probability uses selected probabilities and non-selected complement probabilities.
19,13,2,continue,bernoulli_full_event,42,1,41,0.595973942516873,0.502163775442633,0.299276525039703,full_event_available,0,1,,"14","0.37298",paper_formula,Full Bernoulli event probability uses selected probabilities and non-selected complement probabilities.
19,13,3,continue,bernoulli_full_event,41,2,39,1,0.50061408054524,0.50061408054524,full_event_available,0,1,,"3,6","0.19909,0.078868",paper_formula,Full Bernoulli event probability uses selected probabilities and non-selected complement probabilities.
19,13,4,continue,bernoulli_full_event,39,5,34,0.948326052353807,0.80706374215383,0.765359572594632,full_event_available,0,1,,"9,24,25,27,42","0.82919,0.36463,0.79982,0.60861,0.93787",paper_formula,Full Bernoulli event probability uses selected probabilities and non-selected complement probabilities.
19,13,5,max_depth_reached,bernoulli_full_event,0,0,0,NaN,NaN,1,terminal_stage_probability_one,1,0,,"","",,Terminal recording stage excluded from Bernoulli complement product.
19,14,1,continue,bernoulli_full_event,45,2,43,1,0.937124177909645,0.937124177909645,full_event_available,0,1,,"13,18","0.43025,0.10171",paper_formula,Full Bernoulli event probability uses selected probabilities and non-selected complement probabilities.
19,14,2,continue,bernoulli_full_event,42,2,40,0.277975880454078,0.941126883284609,0.261610574000041,full_event_available,0,1,,"8,14","0.36586,0.082432",paper_formula,Full Bernoulli event probability uses selected probabilities and non-selected complement probabilities.
19,14,3,continue,bernoulli_full_event,40,1,39,1,0.942172674235575,0.942172674235575,full_event_available,0,1,,"27","0.8469",paper_formula,Full Bernoulli event probability uses selected probabilities and non-selected complement probabilities.
19,14,4,continue,bernoulli_full_event,36,1,35,1,0.94721806492863,0.94721806492863,full_event_available,0,1,,"3","0.15405",paper_formula,Full Bernoulli event probability uses selected probabilities and non-selected complement probabilities.
19,14,5,max_depth_reached,bernoulli_full_event,35,0,35,NaN,NaN,1,terminal_stage_probability_one,1,0,,"","",,Terminal recording stage excluded from Bernoulli complement product.
19,15,1,continue,bernoulli_full_event,45,2,43,1,0.937124177909645,0.937124177909645,full_event_available,0,1,,"13,18","0.35514,0.38936",paper_formula,Full Bernoulli event probability uses selected probabilities and non-selected complement probabilities.
19,15,2,continue,bernoulli_full_event,42,1,41,0.595973942516873,0.502163775442633,0.299276525039703,full_event_available,0,1,,"14","0.44812",paper_formula,Full Bernoulli event probability uses selected probabilities and non-selected complement probabilities.
19,15,3,continue,bernoulli_full_event,41,3,38,0.456829648151288,0.921652072579754,0.421037992034514,full_event_available,0,1,,"3,6,25","0.348,0.24684,0.38471",paper_formula,Full Bernoulli event probability uses selected probabilities and non-selected complement probabilities.
19,15,4,load_loss_threshold,bernoulli_full_event,0,0,0,NaN,NaN,1,terminal_stage_probability_one,1,0,,"","",,Terminal recording stage excluded from Bernoulli complement product.
19,16,1,continue,bernoulli_full_event,45,2,43,1,0.937124177909645,0.937124177909645,full_event_available,0,1,,"13,18","0.064083,0.096409",paper_formula,Full Bernoulli event probability uses selected probabilities and non-selected complement probabilities.
19,16,2,continue,bernoulli_full_event,42,1,41,0.466422876275683,0.380239784244864,0.177352533841934,full_event_available,0,1,,"8","0.18394",paper_formula,Full Bernoulli event probability uses selected probabilities and non-selected complement probabilities.
19,16,3,continue,bernoulli_full_event,41,1,40,1,0.941127823918785,0.941127823918785,full_event_available,0,1,,"3","0.7395",paper_formula,Full Bernoulli event probability uses selected probabilities and non-selected complement probabilities.
19,16,4,continue,bernoulli_full_event,40,8,32,1,0.952944313361329,0.952944313361329,full_event_available,0,1,,"4,7,25,27,30,31,40,42","0.68993,0.53402,0.023165,0.98218,0.5137,0.433,0.15017,0.835",paper_formula,Full Bernoulli event probability uses selected probabilities and non-selected complement probabilities.
19,16,5,max_depth_reached,bernoulli_full_event,10,0,10,NaN,NaN,1,terminal_stage_probability_one,1,0,,"","",,Terminal recording stage excluded from Bernoulli complement product.
19,17,1,continue,bernoulli_full_event,45,2,43,1,0.937124177909645,0.937124177909645,full_event_available,0,1,,"13,18","0.12875,0.33134",paper_formula,Full Bernoulli event probability uses selected probabilities and non-selected complement probabilities.
19,17,2,continue,bernoulli_full_event,42,1,41,0.466422876275683,0.380239784244864,0.177352533841934,full_event_available,0,1,,"8","0.084944",paper_formula,Full Bernoulli event probability uses selected probabilities and non-selected complement probabilities.
19,17,3,continue,bernoulli_full_event,41,2,39,0.001543110445,0.942582332561433,0.00145450864264801,full_event_available,0,1,,"3,4","0.64816,0.001492",paper_formula,Full Bernoulli event probability uses selected probabilities and non-selected complement probabilities.
19,17,4,load_loss_threshold,bernoulli_full_event,29,0,29,NaN,NaN,1,terminal_stage_probability_one,1,0,,"","",,Terminal recording stage excluded from Bernoulli complement product.
19,18,1,continue,bernoulli_full_event,45,2,43,1,0.937124177909645,0.937124177909645,full_event_available,0,1,,"13,18","0.56984,0.51292",paper_formula,Full Bernoulli event probability uses selected probabilities and non-selected complement probabilities.
19,18,2,continue,bernoulli_full_event,42,1,41,0.595973942516873,0.502163775442633,0.299276525039703,full_event_available,0,1,,"14","0.11693",paper_formula,Full Bernoulli event probability uses selected probabilities and non-selected complement probabilities.
19,18,3,continue,bernoulli_full_event,41,3,38,0.025254713206845,0.513584510054135,0.0129704295088952,full_event_available,0,1,,"3,6,27","0.96599,0.0089554,0.011769",paper_formula,Full Bernoulli event probability uses selected probabilities and non-selected complement probabilities.
19,18,4,load_loss_threshold,bernoulli_full_event,35,0,35,NaN,NaN,1,terminal_stage_probability_one,1,0,,"","",,Terminal recording stage excluded from Bernoulli complement product.
19,19,1,continue,bernoulli_full_event,45,2,43,1,0.937124177909645,0.937124177909645,full_event_available,0,1,,"13,18","0.36741,0.31297",paper_formula,Full Bernoulli event probability uses selected probabilities and non-selected complement probabilities.
19,19,2,continue,bernoulli_full_event,42,2,40,0.277975880454078,0.941126883284609,0.261610574000041,full_event_available,0,1,,"8,14","0.40637,0.18925",paper_formula,Full Bernoulli event probability uses selected probabilities and non-selected complement probabilities.
19,19,3,continue,bernoulli_full_event,40,1,39,1,0.942172674235575,0.942172674235575,full_event_available,0,1,,"27","0.53252",paper_formula,Full Bernoulli event probability uses selected probabilities and non-selected complement probabilities.
19,19,4,continue,bernoulli_full_event,36,1,35,1,0.94721806492863,0.94721806492863,full_event_available,0,1,,"3","0.93505",paper_formula,Full Bernoulli event probability uses selected probabilities and non-selected complement probabilities.
19,19,5,max_depth_reached,bernoulli_full_event,35,0,35,NaN,NaN,1,terminal_stage_probability_one,1,0,,"","",,Terminal recording stage excluded from Bernoulli complement product.
19,20,1,continue,bernoulli_full_event,45,2,43,1,0.937124177909645,0.937124177909645,full_event_available,0,1,,"13,18","0.09629,0.18157",paper_formula,Full Bernoulli event probability uses selected probabilities and non-selected complement probabilities.
19,20,2,continue,bernoulli_full_event,42,2,40,0.277975880454078,0.941126883284609,0.261610574000041,full_event_available,0,1,,"8,14","0.14081,0.42348",paper_formula,Full Bernoulli event probability uses selected probabilities and non-selected complement probabilities.
19,20,3,continue,bernoulli_full_event,40,1,39,1,0.942172674235575,0.942172674235575,full_event_available,0,1,,"27","0.4733",paper_formula,Full Bernoulli event probability uses selected probabilities and non-selected complement probabilities.
19,20,4,continue,bernoulli_full_event,36,1,35,1,0.94721806492863,0.94721806492863,full_event_available,0,1,,"3","0.84442",paper_formula,Full Bernoulli event probability uses selected probabilities and non-selected complement probabilities.
19,20,5,max_depth_reached,bernoulli_full_event,35,0,35,NaN,NaN,1,terminal_stage_probability_one,1,0,,"","",,Terminal recording stage excluded from Bernoulli complement product.
19,21,1,continue,bernoulli_full_event,45,2,43,1,0.937124177909645,0.937124177909645,full_event_available,0,1,,"13,18","0.39333,0.48438",paper_formula,Full Bernoulli event probability uses selected probabilities and non-selected complement probabilities.
19,21,2,no_new_outage,bernoulli_full_event,42,0,42,1,0.20288725040293,0.20288725040293,full_event_available,1,1,,"","",paper_formula,Full Bernoulli event probability uses selected probabilities and non-selected complement probabilities.
19,22,1,continue,bernoulli_full_event,45,2,43,1,0.937124177909645,0.937124177909645,full_event_available,0,1,,"13,18","0.11172,0.25317",paper_formula,Full Bernoulli event probability uses selected probabilities and non-selected complement probabilities.
19,22,2,continue,bernoulli_full_event,42,1,41,0.595973942516873,0.502163775442633,0.299276525039703,full_event_available,0,1,,"14","0.28983",paper_formula,Full Bernoulli event probability uses selected probabilities and non-selected complement probabilities.
19,22,3,continue,bernoulli_full_event,41,2,39,1,0.50061408054524,0.50061408054524,full_event_available,0,1,,"3,6","0.66976,0.90219",paper_formula,Full Bernoulli event probability uses selected probabilities and non-selected complement probabilities.
19,22,4,continue,bernoulli_full_event,39,4,35,0.99911507865051,0.0410262866603228,0.0409899816233667,full_event_available,0,1,,"24,25,27,42","0.38244,0.98048,0.88186,0.60967",paper_formula,Full Bernoulli event probability uses selected probabilities and non-selected complement probabilities.
19,22,5,max_depth_reached,bernoulli_full_event,0,0,0,NaN,NaN,1,terminal_stage_probability_one,1,0,,"","",,Terminal recording stage excluded from Bernoulli complement product.
19,23,1,continue,bernoulli_full_event,45,2,43,1,0.937124177909645,0.937124177909645,full_event_available,0,1,,"13,18","0.80595,0.46084",paper_formula,Full Bernoulli event probability uses selected probabilities and non-selected complement probabilities.
19,23,2,continue,bernoulli_full_event,42,2,40,0.277975880454078,0.941126883284609,0.261610574000041,full_event_available,0,1,,"8,14","0.13978,0.32568",paper_formula,Full Bernoulli event probability uses selected probabilities and non-selected complement probabilities.
19,23,3,continue,bernoulli_full_event,40,3,37,2.82069955929407e-06,0.945346061491844,2.66653721903043e-06,full_event_available,0,1,,"6,9,27","0.0011935,0.00042407,0.77817",paper_formula,Full Bernoulli event probability uses selected probabilities and non-selected complement probabilities.
19,23,4,load_loss_threshold,bernoulli_full_event,34,0,34,NaN,NaN,1,terminal_stage_probability_one,1,0,,"","",,Terminal recording stage excluded from Bernoulli complement product.
19,24,1,continue,bernoulli_full_event,45,2,43,1,0.937124177909645,0.937124177909645,full_event_available,0,1,,"13,18","0.65035,0.89104",paper_formula,Full Bernoulli event probability uses selected probabilities and non-selected complement probabilities.
19,24,2,continue,bernoulli_full_event,42,1,41,0.595973942516873,0.502163775442633,0.299276525039703,full_event_available,0,1,,"14","0.14903",paper_formula,Full Bernoulli event probability uses selected probabilities and non-selected complement probabilities.
19,24,3,continue,bernoulli_full_event,41,2,39,1,0.50061408054524,0.50061408054524,full_event_available,0,1,,"3,6","0.57759,0.57258",paper_formula,Full Bernoulli event probability uses selected probabilities and non-selected complement probabilities.
19,24,4,continue,bernoulli_full_event,39,6,33,0.00161006854068192,0.808436305798878,0.00130163786311188,full_event_available,0,1,,"9,24,25,27,29,42","0.48913,0.44292,0.62596,0.027474,6.6202e-05,0.59089",paper_formula,Full Bernoulli event probability uses selected probabilities and non-selected complement probabilities.
19,24,5,max_depth_reached,bernoulli_full_event,0,0,0,NaN,NaN,1,terminal_stage_probability_one,1,0,,"","",,Terminal recording stage excluded from Bernoulli complement product.
19,25,1,continue,bernoulli_full_event,45,2,43,1,0.937124177909645,0.937124177909645,full_event_available,0,1,,"13,18","0.61616,0.8871",paper_formula,Full Bernoulli event probability uses selected probabilities and non-selected complement probabilities.
19,25,2,continue,bernoulli_full_event,42,1,41,0.595973942516873,0.502163775442633,0.299276525039703,full_event_available,0,1,,"14","0.043069",paper_formula,Full Bernoulli event probability uses selected probabilities and non-selected complement probabilities.
19,25,3,continue,bernoulli_full_event,41,3,38,0.456829648151288,0.921652072579754,0.421037992034514,full_event_available,0,1,,"3,6,25","0.021569,0.32931,0.35684",paper_formula,Full Bernoulli event probability uses selected probabilities and non-selected complement probabilities.
19,25,4,load_loss_threshold,bernoulli_full_event,0,0,0,NaN,NaN,1,terminal_stage_probability_one,1,0,,"","",,Terminal recording stage excluded from Bernoulli complement product.
19,26,1,continue,bernoulli_full_event,45,2,43,1,0.937124177909645,0.937124177909645,full_event_available,0,1,,"13,18","0.98396,0.014792",paper_formula,Full Bernoulli event probability uses selected probabilities and non-selected complement probabilities.
19,26,2,continue,bernoulli_full_event,42,1,41,0.466422876275683,0.380239784244864,0.177352533841934,full_event_available,0,1,,"8","0.18541",paper_formula,Full Bernoulli event probability uses selected probabilities and non-selected complement probabilities.
19,26,3,continue,bernoulli_full_event,41,1,40,1,0.941127823918785,0.941127823918785,full_event_available,0,1,,"3","0.56189",paper_formula,Full Bernoulli event probability uses selected probabilities and non-selected complement probabilities.
19,26,4,continue,bernoulli_full_event,40,8,32,1,0.952944313361329,0.952944313361329,full_event_available,0,1,,"4,7,25,27,30,31,40,42","0.080747,0.56489,0.58173,0.7409,0.08794,0.52122,0.57623,0.95981",paper_formula,Full Bernoulli event probability uses selected probabilities and non-selected complement probabilities.
19,26,5,max_depth_reached,bernoulli_full_event,10,0,10,NaN,NaN,1,terminal_stage_probability_one,1,0,,"","",,Terminal recording stage excluded from Bernoulli complement product.
19,27,1,continue,bernoulli_full_event,45,2,43,1,0.937124177909645,0.937124177909645,full_event_available,0,1,,"13,18","0.61284,0.51698",paper_formula,Full Bernoulli event probability uses selected probabilities and non-selected complement probabilities.
19,27,2,continue,bernoulli_full_event,42,1,41,0.466422876275683,0.380239784244864,0.177352533841934,full_event_available,0,1,,"8","0.18647",paper_formula,Full Bernoulli event probability uses selected probabilities and non-selected complement probabilities.
19,27,3,continue,bernoulli_full_event,41,1,40,1,0.941127823918785,0.941127823918785,full_event_available,0,1,,"3","0.0060986",paper_formula,Full Bernoulli event probability uses selected probabilities and non-selected complement probabilities.
19,27,4,continue,bernoulli_full_event,40,9,31,0.001123950025,0.954016580320631,0.00107226695930179,full_event_available,0,1,,"4,7,25,27,30,31,34,40,42","0.91468,0.11454,0.132,0.29547,0.55114,0.24846,0.00033503,0.90684,0.42695",paper_formula,Full Bernoulli event probability uses selected probabilities and non-selected complement probabilities.
19,27,5,max_depth_reached,bernoulli_full_event,10,0,10,NaN,NaN,1,terminal_stage_probability_one,1,0,,"","",,Terminal recording stage excluded from Bernoulli complement product.
19,28,1,continue,bernoulli_full_event,45,2,43,1,0.937124177909645,0.937124177909645,full_event_available,0,1,,"13,18","0.49865,0.01199",paper_formula,Full Bernoulli event probability uses selected probabilities and non-selected complement probabilities.
19,28,2,continue,bernoulli_full_event,42,2,40,0.277975880454078,0.941126883284609,0.261610574000041,full_event_available,0,1,,"8,14","0.42973,0.50355",paper_formula,Full Bernoulli event probability uses selected probabilities and non-selected complement probabilities.
19,28,3,continue,bernoulli_full_event,40,1,39,1,0.942172674235575,0.942172674235575,full_event_available,0,1,,"27","0.29568",paper_formula,Full Bernoulli event probability uses selected probabilities and non-selected complement probabilities.
19,28,4,continue,bernoulli_full_event,36,1,35,1,0.94721806492863,0.94721806492863,full_event_available,0,1,,"3","0.18437",paper_formula,Full Bernoulli event probability uses selected probabilities and non-selected complement probabilities.
19,28,5,max_depth_reached,bernoulli_full_event,35,0,35,NaN,NaN,1,terminal_stage_probability_one,1,0,,"","",,Terminal recording stage excluded from Bernoulli complement product.
19,29,1,continue,bernoulli_full_event,45,2,43,1,0.937124177909645,0.937124177909645,full_event_available,0,1,,"13,18","0.23534,0.69859",paper_formula,Full Bernoulli event probability uses selected probabilities and non-selected complement probabilities.
19,29,2,continue,bernoulli_full_event,42,1,41,0.466422876275683,0.380239784244864,0.177352533841934,full_event_available,0,1,,"8","0.28488",paper_formula,Full Bernoulli event probability uses selected probabilities and non-selected complement probabilities.
19,29,3,continue,bernoulli_full_event,41,1,40,1,0.941127823918785,0.941127823918785,full_event_available,0,1,,"3","0.56984",paper_formula,Full Bernoulli event probability uses selected probabilities and non-selected complement probabilities.
19,29,4,continue,bernoulli_full_event,40,8,32,1,0.952944313361329,0.952944313361329,full_event_available,0,1,,"4,7,25,27,30,31,40,42","0.81559,0.62442,0.77937,0.59291,0.83335,0.44008,0.31066,0.37186",paper_formula,Full Bernoulli event probability uses selected probabilities and non-selected complement probabilities.
19,29,5,max_depth_reached,bernoulli_full_event,10,0,10,NaN,NaN,1,terminal_stage_probability_one,1,0,,"","",,Terminal recording stage excluded from Bernoulli complement product.
19,30,1,continue,bernoulli_full_event,45,2,43,1,0.937124177909645,0.937124177909645,full_event_available,0,1,,"13,18","0.25005,0.87666",paper_formula,Full Bernoulli event probability uses selected probabilities and non-selected complement probabilities.
19,30,2,no_new_outage,bernoulli_full_event,42,0,42,1,0.20288725040293,0.20288725040293,full_event_available,1,1,,"","",paper_formula,Full Bernoulli event probability uses selected probabilities and non-selected complement probabilities.
20,1,1,no_new_outage,bernoulli_full_event,45,0,45,1,0.46158268121761,0.46158268121761,full_event_available,1,1,,"","",paper_formula,Full Bernoulli event probability uses selected probabilities and non-selected complement probabilities.
20,2,1,no_new_outage,bernoulli_full_event,45,0,45,1,0.46158268121761,0.46158268121761,full_event_available,1,1,,"","",paper_formula,Full Bernoulli event probability uses selected probabilities and non-selected complement probabilities.
20,3,1,continue,bernoulli_full_event,45,1,44,0.506669168380143,0.935645314731291,0.474062633513681,full_event_available,0,1,,"14","0.21343",paper_formula,Full Bernoulli event probability uses selected probabilities and non-selected complement probabilities.
20,3,2,continue,bernoulli_full_event,44,2,42,0.999740519283434,0.451644561504255,0.451527368449803,full_event_available,0,1,,"3,6","0.7505,0.67538",paper_formula,Full Bernoulli event probability uses selected probabilities and non-selected complement probabilities.
20,3,3,continue,bernoulli_full_event,42,3,39,1,0.293270150596602,0.293270150596602,full_event_available,0,1,,"25,27,42","0.42864,0.21667,0.47318",paper_formula,Full Bernoulli event probability uses selected probabilities and non-selected complement probabilities.
20,3,4,load_loss_threshold,bernoulli_full_event,0,0,0,NaN,NaN,1,terminal_stage_probability_one,1,0,,"","",,Terminal recording stage excluded from Bernoulli complement product.
20,4,1,no_new_outage,bernoulli_full_event,45,0,45,1,0.46158268121761,0.46158268121761,full_event_available,1,1,,"","",paper_formula,Full Bernoulli event probability uses selected probabilities and non-selected complement probabilities.
20,5,1,continue,bernoulli_full_event,45,1,44,0.506669168380143,0.935645314731291,0.474062633513681,full_event_available,0,1,,"14","0.090044",paper_formula,Full Bernoulli event probability uses selected probabilities and non-selected complement probabilities.
20,5,2,continue,bernoulli_full_event,44,2,42,0.999740519283434,0.451644561504255,0.451527368449803,full_event_available,0,1,,"3,6","0.41475,0.68055",paper_formula,Full Bernoulli event probability uses selected probabilities and non-selected complement probabilities.
20,5,3,continue,bernoulli_full_event,42,4,38,0.68936084938824,0.944086249331572,0.65081609873497,full_event_available,0,1,,"24,25,27,42","0.18792,0.69503,0.38053,0.74012",paper_formula,Full Bernoulli event probability uses selected probabilities and non-selected complement probabilities.
20,5,4,load_loss_threshold,bernoulli_full_event,0,0,0,NaN,NaN,1,terminal_stage_probability_one,1,0,,"","",,Terminal recording stage excluded from Bernoulli complement product.
20,6,1,no_new_outage,bernoulli_full_event,45,0,45,1,0.46158268121761,0.46158268121761,full_event_available,1,1,,"","",paper_formula,Full Bernoulli event probability uses selected probabilities and non-selected complement probabilities.
20,7,1,continue,bernoulli_full_event,45,1,44,0.506669168380143,0.935645314731291,0.474062633513681,full_event_available,0,1,,"14","0.335",paper_formula,Full Bernoulli event probability uses selected probabilities and non-selected complement probabilities.
20,7,2,continue,bernoulli_full_event,44,2,42,0.999740519283434,0.451644561504255,0.451527368449803,full_event_available,0,1,,"3,6","0.8896,0.42011",paper_formula,Full Bernoulli event probability uses selected probabilities and non-selected complement probabilities.
20,7,3,continue,bernoulli_full_event,42,4,38,0.68936084938824,0.944086249331572,0.65081609873497,full_event_available,0,1,,"24,25,27,42","0.66368,0.27145,0.56339,0.87498",paper_formula,Full Bernoulli event probability uses selected probabilities and non-selected complement probabilities.
20,7,4,load_loss_threshold,bernoulli_full_event,0,0,0,NaN,NaN,1,terminal_stage_probability_one,1,0,,"","",,Terminal recording stage excluded from Bernoulli complement product.
20,8,1,continue,bernoulli_full_event,45,1,44,0.506669168380143,0.935645314731291,0.474062633513681,full_event_available,0,1,,"14","0.49014",paper_formula,Full Bernoulli event probability uses selected probabilities and non-selected complement probabilities.
20,8,2,continue,bernoulli_full_event,44,3,41,0.00157463778281152,0.452357044874131,0.000712298494179774,full_event_available,0,1,,"3,5,6","0.44353,0.0015068,0.12585",paper_formula,Full Bernoulli event probability uses selected probabilities and non-selected complement probabilities.
20,8,3,continue,bernoulli_full_event,41,3,38,1,0.17849380838054,0.17849380838054,full_event_available,0,1,,"25,27,42","0.22531,0.96865,0.93137",paper_formula,Full Bernoulli event probability uses selected probabilities and non-selected complement probabilities.
20,8,4,load_loss_threshold,bernoulli_full_event,0,0,0,NaN,NaN,1,terminal_stage_probability_one,1,0,,"","",,Terminal recording stage excluded from Bernoulli complement product.
20,9,1,no_new_outage,bernoulli_full_event,45,0,45,1,0.46158268121761,0.46158268121761,full_event_available,1,1,,"","",paper_formula,Full Bernoulli event probability uses selected probabilities and non-selected complement probabilities.
20,10,1,continue,bernoulli_full_event,45,1,44,0.001123950025,0.462102060840445,0.000519379622834169,full_event_available,0,1,,"34","5.0792e-06",paper_formula,Full Bernoulli event probability uses selected probabilities and non-selected complement probabilities.
20,10,2,continue,bernoulli_full_event,44,2,42,1,0.937760535553814,0.937760535553814,full_event_available,0,1,,"8,14","0.53101,0.25571",paper_formula,Full Bernoulli event probability uses selected probabilities and non-selected complement probabilities.
20,10,3,continue,bernoulli_full_event,42,5,37,0.99986827826258,0.944885097635601,0.944760635728878,full_event_available,0,1,,"1,3,6,16,17","0.80763,0.02614,0.32634,0.24508,0.1831",paper_formula,Full Bernoulli event probability uses selected probabilities and non-selected complement probabilities.
20,10,4,load_loss_threshold,bernoulli_full_event,0,0,0,NaN,NaN,1,terminal_stage_probability_one,1,0,,"","",,Terminal recording stage excluded from Bernoulli complement product.
20,11,1,continue,bernoulli_full_event,45,1,44,0.506669168380143,0.935645314731291,0.474062633513681,full_event_available,0,1,,"14","0.071839",paper_formula,Full Bernoulli event probability uses selected probabilities and non-selected complement probabilities.
20,11,2,continue,bernoulli_full_event,44,3,41,0.519415541604129,0.940045572127776,0.488274279979312,full_event_available,0,1,,"3,6,25","0.87749,0.48944,0.39354",paper_formula,Full Bernoulli event probability uses selected probabilities and non-selected complement probabilities.
20,11,3,load_loss_threshold,bernoulli_full_event,0,0,0,NaN,NaN,1,terminal_stage_probability_one,1,0,,"","",,Terminal recording stage excluded from Bernoulli complement product.
20,12,1,no_new_outage,bernoulli_full_event,45,0,45,1,0.46158268121761,0.46158268121761,full_event_available,1,1,,"","",paper_formula,Full Bernoulli event probability uses selected probabilities and non-selected complement probabilities.
20,13,1,continue,bernoulli_full_event,45,1,44,0.506669168380143,0.935645314731291,0.474062633513681,full_event_available,0,1,,"14","0.49393",paper_formula,Full Bernoulli event probability uses selected probabilities and non-selected complement probabilities.
20,13,2,continue,bernoulli_full_event,44,2,42,0.999740519283434,0.451644561504255,0.451527368449803,full_event_available,0,1,,"3,6","0.84661,0.35413",paper_formula,Full Bernoulli event probability uses selected probabilities and non-selected complement probabilities.
20,13,3,continue,bernoulli_full_event,42,4,38,0.001525146427,0.2937181137283,0.000447963131697897,full_event_available,0,1,,"21,25,27,42","0.0012694,0.68871,0.61075,0.91902",paper_formula,Full Bernoulli event probability uses selected probabilities and non-selected complement probabilities.
20,13,4,load_loss_threshold,bernoulli_full_event,0,0,0,NaN,NaN,1,terminal_stage_probability_one,1,0,,"","",,Terminal recording stage excluded from Bernoulli complement product.
20,14,1,no_new_outage,bernoulli_full_event,45,0,45,1,0.46158268121761,0.46158268121761,full_event_available,1,1,,"","",paper_formula,Full Bernoulli event probability uses selected probabilities and non-selected complement probabilities.
20,15,1,continue,bernoulli_full_event,45,1,44,0.506669168380143,0.935645314731291,0.474062633513681,full_event_available,0,1,,"14","0.076696",paper_formula,Full Bernoulli event probability uses selected probabilities and non-selected complement probabilities.
20,15,2,continue,bernoulli_full_event,44,2,42,0.999740519283434,0.451644561504255,0.451527368449803,full_event_available,0,1,,"3,6","0.56974,0.4054",paper_formula,Full Bernoulli event probability uses selected probabilities and non-selected complement probabilities.
20,15,3,continue,bernoulli_full_event,42,3,39,1,0.293270150596602,0.293270150596602,full_event_available,0,1,,"25,27,42","0.32595,0.85868,0.26698",paper_formula,Full Bernoulli event probability uses selected probabilities and non-selected complement probabilities.
20,15,4,load_loss_threshold,bernoulli_full_event,0,0,0,NaN,NaN,1,terminal_stage_probability_one,1,0,,"","",,Terminal recording stage excluded from Bernoulli complement product.
20,16,1,continue,bernoulli_full_event,45,1,44,0.506669168380143,0.935645314731291,0.474062633513681,full_event_available,0,1,,"14","0.28997",paper_formula,Full Bernoulli event probability uses selected probabilities and non-selected complement probabilities.
20,16,2,continue,bernoulli_full_event,44,2,42,0.999740519283434,0.451644561504255,0.451527368449803,full_event_available,0,1,,"3,6","0.38607,0.58042",paper_formula,Full Bernoulli event probability uses selected probabilities and non-selected complement probabilities.
20,16,3,continue,bernoulli_full_event,42,4,38,0.68936084938824,0.944086249331572,0.65081609873497,full_event_available,0,1,,"24,25,27,42","0.65944,0.2405,0.75879,0.85761",paper_formula,Full Bernoulli event probability uses selected probabilities and non-selected complement probabilities.
20,16,4,load_loss_threshold,bernoulli_full_event,0,0,0,NaN,NaN,1,terminal_stage_probability_one,1,0,,"","",,Terminal recording stage excluded from Bernoulli complement product.
20,17,1,continue,bernoulli_full_event,45,1,44,0.506669168380143,0.935645314731291,0.474062633513681,full_event_available,0,1,,"14","0.15364",paper_formula,Full Bernoulli event probability uses selected probabilities and non-selected complement probabilities.
20,17,2,continue,bernoulli_full_event,44,3,41,0.519415541604129,0.940045572127776,0.488274279979312,full_event_available,0,1,,"3,6,25","0.0027873,0.11452,0.19182",paper_formula,Full Bernoulli event probability uses selected probabilities and non-selected complement probabilities.
20,17,3,load_loss_threshold,bernoulli_full_event,0,0,0,NaN,NaN,1,terminal_stage_probability_one,1,0,,"","",,Terminal recording stage excluded from Bernoulli complement product.
20,18,1,continue,bernoulli_full_event,45,1,44,0.506669168380143,0.935645314731291,0.474062633513681,full_event_available,0,1,,"14","0.16916",paper_formula,Full Bernoulli event probability uses selected probabilities and non-selected complement probabilities.
20,18,2,continue,bernoulli_full_event,44,2,42,0.999740519283434,0.451644561504255,0.451527368449803,full_event_available,0,1,,"3,6","0.035428,0.24673",paper_formula,Full Bernoulli event probability uses selected probabilities and non-selected complement probabilities.
20,18,3,continue,bernoulli_full_event,42,3,39,1,0.293270150596602,0.293270150596602,full_event_available,0,1,,"25,27,42","0.77732,0.72025,0.92198",paper_formula,Full Bernoulli event probability uses selected probabilities and non-selected complement probabilities.
20,18,4,load_loss_threshold,bernoulli_full_event,0,0,0,NaN,NaN,1,terminal_stage_probability_one,1,0,,"","",,Terminal recording stage excluded from Bernoulli complement product.
20,19,1,no_new_outage,bernoulli_full_event,45,0,45,1,0.46158268121761,0.46158268121761,full_event_available,1,1,,"","",paper_formula,Full Bernoulli event probability uses selected probabilities and non-selected complement probabilities.
20,20,1,continue,bernoulli_full_event,45,1,44,0.506669168380143,0.935645314731291,0.474062633513681,full_event_available,0,1,,"14","0.43415",paper_formula,Full Bernoulli event probability uses selected probabilities and non-selected complement probabilities.
20,20,2,continue,bernoulli_full_event,44,3,41,0.519415541604129,0.940045572127776,0.488274279979312,full_event_available,0,1,,"3,6,25","0.35515,0.15516,0.41477",paper_formula,Full Bernoulli event probability uses selected probabilities and non-selected complement probabilities.
20,20,3,load_loss_threshold,bernoulli_full_event,0,0,0,NaN,NaN,1,terminal_stage_probability_one,1,0,,"","",,Terminal recording stage excluded from Bernoulli complement product.
20,21,1,continue,bernoulli_full_event,45,1,44,0.001475246377,0.462264635446268,0.000681954228657332,full_event_available,0,1,,"24","0.0014115",paper_formula,Full Bernoulli event probability uses selected probabilities and non-selected complement probabilities.
20,21,2,continue,bernoulli_full_event,44,1,43,0.688811363648181,0.937027661393912,0.645435301220806,full_event_available,0,1,,"14","0.44664",paper_formula,Full Bernoulli event probability uses selected probabilities and non-selected complement probabilities.
20,21,3,continue,bernoulli_full_event,43,3,40,0.888101782387187,0.458419073833331,0.407122796551665,full_event_available,0,1,,"3,6,17","0.23351,0.58525,0.31224",paper_formula,Full Bernoulli event probability uses selected probabilities and non-selected complement probabilities.
20,21,4,continue,bernoulli_full_event,27,2,25,0.429631407796212,0.962944612387512,0.413711249449825,full_event_available,0,1,,"40,42","0.2069,0.65691",paper_formula,Full Bernoulli event probability uses selected probabilities and non-selected complement probabilities.
20,21,5,max_depth_reached,bernoulli_full_event,16,0,16,NaN,NaN,1,terminal_stage_probability_one,1,0,,"","",,Terminal recording stage excluded from Bernoulli complement product.
20,22,1,continue,bernoulli_full_event,45,1,44,0.506669168380143,0.935645314731291,0.474062633513681,full_event_available,0,1,,"14","0.088739",paper_formula,Full Bernoulli event probability uses selected probabilities and non-selected complement probabilities.
20,22,2,continue,bernoulli_full_event,44,3,41,0.519415541604129,0.940045572127776,0.488274279979312,full_event_available,0,1,,"3,6,25","0.1111,0.044735,0.36586",paper_formula,Full Bernoulli event probability uses selected probabilities and non-selected complement probabilities.
20,22,3,load_loss_threshold,bernoulli_full_event,0,0,0,NaN,NaN,1,terminal_stage_probability_one,1,0,,"","",,Terminal recording stage excluded from Bernoulli complement product.
20,23,1,no_new_outage,bernoulli_full_event,45,0,45,1,0.46158268121761,0.46158268121761,full_event_available,1,1,,"","",paper_formula,Full Bernoulli event probability uses selected probabilities and non-selected complement probabilities.
20,24,1,continue,bernoulli_full_event,45,1,44,0.506669168380143,0.935645314731291,0.474062633513681,full_event_available,0,1,,"14","0.19078",paper_formula,Full Bernoulli event probability uses selected probabilities and non-selected complement probabilities.
20,24,2,continue,bernoulli_full_event,44,2,42,0.999740519283434,0.451644561504255,0.451527368449803,full_event_available,0,1,,"3,6","0.79357,0.69607",paper_formula,Full Bernoulli event probability uses selected probabilities and non-selected complement probabilities.
20,24,3,continue,bernoulli_full_event,42,3,39,1,0.293270150596602,0.293270150596602,full_event_available,0,1,,"25,27,42","0.93754,0.68641,0.28632",paper_formula,Full Bernoulli event probability uses selected probabilities and non-selected complement probabilities.
20,24,4,load_loss_threshold,bernoulli_full_event,0,0,0,NaN,NaN,1,terminal_stage_probability_one,1,0,,"","",,Terminal recording stage excluded from Bernoulli complement product.
20,25,1,continue,bernoulli_full_event,45,1,44,0.506669168380143,0.935645314731291,0.474062633513681,full_event_available,0,1,,"14","0.044086",paper_formula,Full Bernoulli event probability uses selected probabilities and non-selected complement probabilities.
20,25,2,continue,bernoulli_full_event,44,3,41,0.519415541604129,0.940045572127776,0.488274279979312,full_event_available,0,1,,"3,6,25","0.20501,0.72696,0.24254",paper_formula,Full Bernoulli event probability uses selected probabilities and non-selected complement probabilities.
20,25,3,load_loss_threshold,bernoulli_full_event,0,0,0,NaN,NaN,1,terminal_stage_probability_one,1,0,,"","",,Terminal recording stage excluded from Bernoulli complement product.
20,26,1,no_new_outage,bernoulli_full_event,45,0,45,1,0.46158268121761,0.46158268121761,full_event_available,1,1,,"","",paper_formula,Full Bernoulli event probability uses selected probabilities and non-selected complement probabilities.
20,27,1,no_new_outage,bernoulli_full_event,45,0,45,1,0.46158268121761,0.46158268121761,full_event_available,1,1,,"","",paper_formula,Full Bernoulli event probability uses selected probabilities and non-selected complement probabilities.
20,28,1,no_new_outage,bernoulli_full_event,45,0,45,1,0.46158268121761,0.46158268121761,full_event_available,1,1,,"","",paper_formula,Full Bernoulli event probability uses selected probabilities and non-selected complement probabilities.
20,29,1,continue,bernoulli_full_event,45,1,44,0.506669168380143,0.935645314731291,0.474062633513681,full_event_available,0,1,,"14","0.24498",paper_formula,Full Bernoulli event probability uses selected probabilities and non-selected complement probabilities.
20,29,2,continue,bernoulli_full_event,44,3,41,0.519415541604129,0.940045572127776,0.488274279979312,full_event_available,0,1,,"3,6,25","0.41054,0.35882,0.50844",paper_formula,Full Bernoulli event probability uses selected probabilities and non-selected complement probabilities.
20,29,3,load_loss_threshold,bernoulli_full_event,0,0,0,NaN,NaN,1,terminal_stage_probability_one,1,0,,"","",,Terminal recording stage excluded from Bernoulli complement product.
20,30,1,no_new_outage,bernoulli_full_event,45,0,45,1,0.46158268121761,0.46158268121761,full_event_available,1,1,,"","",paper_formula,Full Bernoulli event probability uses selected probabilities and non-selected complement probabilities.
21,1,1,continue,bernoulli_full_event,45,1,44,0.001679836582,0.935719201190298,0.00157185534463928,full_event_available,0,1,,"10","0.00065939",paper_formula,Full Bernoulli event probability uses selected probabilities and non-selected complement probabilities.
21,1,2,continue,bernoulli_full_event,44,2,42,0.805853764177223,0.67311671780861,0.542433640776686,full_event_available,0,1,,"12,19","0.00177,0.75008",paper_formula,Full Bernoulli event probability uses selected probabilities and non-selected complement probabilities.
21,1,3,continue,bernoulli_full_event,38,2,36,1,0.416877910160498,0.416877910160498,full_event_available,0,1,,"3,6","0.19431,0.31215",paper_formula,Full Bernoulli event probability uses selected probabilities and non-selected complement probabilities.
21,1,4,continue,bernoulli_full_event,36,6,30,0.386626722474616,0.917695104881415,0.354805450631301,full_event_available,0,1,,"9,17,24,25,27,42","0.89652,0.29551,0.76908,0.86057,0.97717,0.92279",paper_formula,Full Bernoulli event probability uses selected probabilities and non-selected complement probabilities.
21,1,5,max_depth_reached,bernoulli_full_event,10,0,10,NaN,NaN,1,terminal_stage_probability_one,1,0,,"","",,Terminal recording stage excluded from Bernoulli complement product.
21,2,1,no_new_outage,bernoulli_full_event,45,0,45,1,0.934147345845658,0.934147345845658,full_event_available,1,1,,"","",paper_formula,Full Bernoulli event probability uses selected probabilities and non-selected complement probabilities.
21,3,1,no_new_outage,bernoulli_full_event,45,0,45,1,0.934147345845658,0.934147345845658,full_event_available,1,1,,"","",paper_formula,Full Bernoulli event probability uses selected probabilities and non-selected complement probabilities.
21,4,1,no_new_outage,bernoulli_full_event,45,0,45,1,0.934147345845658,0.934147345845658,full_event_available,1,1,,"","",paper_formula,Full Bernoulli event probability uses selected probabilities and non-selected complement probabilities.
21,5,1,no_new_outage,bernoulli_full_event,45,0,45,1,0.934147345845658,0.934147345845658,full_event_available,1,1,,"","",paper_formula,Full Bernoulli event probability uses selected probabilities and non-selected complement probabilities.
21,6,1,no_new_outage,bernoulli_full_event,45,0,45,1,0.934147345845658,0.934147345845658,full_event_available,1,1,,"","",paper_formula,Full Bernoulli event probability uses selected probabilities and non-selected complement probabilities.
21,7,1,no_new_outage,bernoulli_full_event,45,0,45,1,0.934147345845658,0.934147345845658,full_event_available,1,1,,"","",paper_formula,Full Bernoulli event probability uses selected probabilities and non-selected complement probabilities.
21,8,1,no_new_outage,bernoulli_full_event,45,0,45,1,0.934147345845658,0.934147345845658,full_event_available,1,1,,"","",paper_formula,Full Bernoulli event probability uses selected probabilities and non-selected complement probabilities.
21,9,1,no_new_outage,bernoulli_full_event,45,0,45,1,0.934147345845658,0.934147345845658,full_event_available,1,1,,"","",paper_formula,Full Bernoulli event probability uses selected probabilities and non-selected complement probabilities.
21,10,1,no_new_outage,bernoulli_full_event,45,0,45,1,0.934147345845658,0.934147345845658,full_event_available,1,1,,"","",paper_formula,Full Bernoulli event probability uses selected probabilities and non-selected complement probabilities.
21,11,1,no_new_outage,bernoulli_full_event,45,0,45,1,0.934147345845658,0.934147345845658,full_event_available,1,1,,"","",paper_formula,Full Bernoulli event probability uses selected probabilities and non-selected complement probabilities.
21,12,1,no_new_outage,bernoulli_full_event,45,0,45,1,0.934147345845658,0.934147345845658,full_event_available,1,1,,"","",paper_formula,Full Bernoulli event probability uses selected probabilities and non-selected complement probabilities.
21,13,1,no_new_outage,bernoulli_full_event,45,0,45,1,0.934147345845658,0.934147345845658,full_event_available,1,1,,"","",paper_formula,Full Bernoulli event probability uses selected probabilities and non-selected complement probabilities.
21,14,1,no_new_outage,bernoulli_full_event,45,0,45,1,0.934147345845658,0.934147345845658,full_event_available,1,1,,"","",paper_formula,Full Bernoulli event probability uses selected probabilities and non-selected complement probabilities.
21,15,1,no_new_outage,bernoulli_full_event,45,0,45,1,0.934147345845658,0.934147345845658,full_event_available,1,1,,"","",paper_formula,Full Bernoulli event probability uses selected probabilities and non-selected complement probabilities.
21,16,1,no_new_outage,bernoulli_full_event,45,0,45,1,0.934147345845658,0.934147345845658,full_event_available,1,1,,"","",paper_formula,Full Bernoulli event probability uses selected probabilities and non-selected complement probabilities.
21,17,1,no_new_outage,bernoulli_full_event,45,0,45,1,0.934147345845658,0.934147345845658,full_event_available,1,1,,"","",paper_formula,Full Bernoulli event probability uses selected probabilities and non-selected complement probabilities.
21,18,1,continue,bernoulli_full_event,45,1,44,0.001612970515,0.935656532244336,0.00150918639867726,full_event_available,0,1,,"32","0.0013869",paper_formula,Full Bernoulli event probability uses selected probabilities and non-selected complement probabilities.
21,18,2,continue,bernoulli_full_event,43,1,42,1,0.937750228871878,0.937750228871878,full_event_available,0,1,,"27","0.35631",paper_formula,Full Bernoulli event probability uses selected probabilities and non-selected complement probabilities.
21,18,3,no_new_outage,bernoulli_full_event,41,0,41,1,0.800868299117027,0.800868299117027,full_event_available,1,1,,"","",paper_formula,Full Bernoulli event probability uses selected probabilities and non-selected complement probabilities.
21,19,1,no_new_outage,bernoulli_full_event,45,0,45,1,0.934147345845658,0.934147345845658,full_event_available,1,1,,"","",paper_formula,Full Bernoulli event probability uses selected probabilities and non-selected complement probabilities.
21,20,1,no_new_outage,bernoulli_full_event,45,0,45,1,0.934147345845658,0.934147345845658,full_event_available,1,1,,"","",paper_formula,Full Bernoulli event probability uses selected probabilities and non-selected complement probabilities.
21,21,1,no_new_outage,bernoulli_full_event,45,0,45,1,0.934147345845658,0.934147345845658,full_event_available,1,1,,"","",paper_formula,Full Bernoulli event probability uses selected probabilities and non-selected complement probabilities.
21,22,1,no_new_outage,bernoulli_full_event,45,0,45,1,0.934147345845658,0.934147345845658,full_event_available,1,1,,"","",paper_formula,Full Bernoulli event probability uses selected probabilities and non-selected complement probabilities.
21,23,1,no_new_outage,bernoulli_full_event,45,0,45,1,0.934147345845658,0.934147345845658,full_event_available,1,1,,"","",paper_formula,Full Bernoulli event probability uses selected probabilities and non-selected complement probabilities.
21,24,1,no_new_outage,bernoulli_full_event,45,0,45,1,0.934147345845658,0.934147345845658,full_event_available,1,1,,"","",paper_formula,Full Bernoulli event probability uses selected probabilities and non-selected complement probabilities.
21,25,1,no_new_outage,bernoulli_full_event,45,0,45,1,0.934147345845658,0.934147345845658,full_event_available,1,1,,"","",paper_formula,Full Bernoulli event probability uses selected probabilities and non-selected complement probabilities.
21,26,1,no_new_outage,bernoulli_full_event,45,0,45,1,0.934147345845658,0.934147345845658,full_event_available,1,1,,"","",paper_formula,Full Bernoulli event probability uses selected probabilities and non-selected complement probabilities.
21,27,1,no_new_outage,bernoulli_full_event,45,0,45,1,0.934147345845658,0.934147345845658,full_event_available,1,1,,"","",paper_formula,Full Bernoulli event probability uses selected probabilities and non-selected complement probabilities.
21,28,1,no_new_outage,bernoulli_full_event,45,0,45,1,0.934147345845658,0.934147345845658,full_event_available,1,1,,"","",paper_formula,Full Bernoulli event probability uses selected probabilities and non-selected complement probabilities.
21,29,1,no_new_outage,bernoulli_full_event,45,0,45,1,0.934147345845658,0.934147345845658,full_event_available,1,1,,"","",paper_formula,Full Bernoulli event probability uses selected probabilities and non-selected complement probabilities.
21,30,1,no_new_outage,bernoulli_full_event,45,0,45,1,0.934147345845658,0.934147345845658,full_event_available,1,1,,"","",paper_formula,Full Bernoulli event probability uses selected probabilities and non-selected complement probabilities.
22,1,1,no_new_outage,bernoulli_full_event,45,0,45,1,0.934135207851109,0.934135207851109,full_event_available,1,1,,"","",paper_formula,Full Bernoulli event probability uses selected probabilities and non-selected complement probabilities.
22,2,1,no_new_outage,bernoulli_full_event,45,0,45,1,0.934135207851109,0.934135207851109,full_event_available,1,1,,"","",paper_formula,Full Bernoulli event probability uses selected probabilities and non-selected complement probabilities.
22,3,1,no_new_outage,bernoulli_full_event,45,0,45,1,0.934135207851109,0.934135207851109,full_event_available,1,1,,"","",paper_formula,Full Bernoulli event probability uses selected probabilities and non-selected complement probabilities.
22,4,1,no_new_outage,bernoulli_full_event,45,0,45,1,0.934135207851109,0.934135207851109,full_event_available,1,1,,"","",paper_formula,Full Bernoulli event probability uses selected probabilities and non-selected complement probabilities.
22,5,1,no_new_outage,bernoulli_full_event,45,0,45,1,0.934135207851109,0.934135207851109,full_event_available,1,1,,"","",paper_formula,Full Bernoulli event probability uses selected probabilities and non-selected complement probabilities.
22,6,1,no_new_outage,bernoulli_full_event,45,0,45,1,0.934135207851109,0.934135207851109,full_event_available,1,1,,"","",paper_formula,Full Bernoulli event probability uses selected probabilities and non-selected complement probabilities.
22,7,1,no_new_outage,bernoulli_full_event,45,0,45,1,0.934135207851109,0.934135207851109,full_event_available,1,1,,"","",paper_formula,Full Bernoulli event probability uses selected probabilities and non-selected complement probabilities.
22,8,1,no_new_outage,bernoulli_full_event,45,0,45,1,0.934135207851109,0.934135207851109,full_event_available,1,1,,"","",paper_formula,Full Bernoulli event probability uses selected probabilities and non-selected complement probabilities.
22,9,1,no_new_outage,bernoulli_full_event,45,0,45,1,0.934135207851109,0.934135207851109,full_event_available,1,1,,"","",paper_formula,Full Bernoulli event probability uses selected probabilities and non-selected complement probabilities.
22,10,1,no_new_outage,bernoulli_full_event,45,0,45,1,0.934135207851109,0.934135207851109,full_event_available,1,1,,"","",paper_formula,Full Bernoulli event probability uses selected probabilities and non-selected complement probabilities.
22,11,1,no_new_outage,bernoulli_full_event,45,0,45,1,0.934135207851109,0.934135207851109,full_event_available,1,1,,"","",paper_formula,Full Bernoulli event probability uses selected probabilities and non-selected complement probabilities.
22,12,1,no_new_outage,bernoulli_full_event,45,0,45,1,0.934135207851109,0.934135207851109,full_event_available,1,1,,"","",paper_formula,Full Bernoulli event probability uses selected probabilities and non-selected complement probabilities.
22,13,1,no_new_outage,bernoulli_full_event,45,0,45,1,0.934135207851109,0.934135207851109,full_event_available,1,1,,"","",paper_formula,Full Bernoulli event probability uses selected probabilities and non-selected complement probabilities.
22,14,1,no_new_outage,bernoulli_full_event,45,0,45,1,0.934135207851109,0.934135207851109,full_event_available,1,1,,"","",paper_formula,Full Bernoulli event probability uses selected probabilities and non-selected complement probabilities.
22,15,1,no_new_outage,bernoulli_full_event,45,0,45,1,0.934135207851109,0.934135207851109,full_event_available,1,1,,"","",paper_formula,Full Bernoulli event probability uses selected probabilities and non-selected complement probabilities.
22,16,1,no_new_outage,bernoulli_full_event,45,0,45,1,0.934135207851109,0.934135207851109,full_event_available,1,1,,"","",paper_formula,Full Bernoulli event probability uses selected probabilities and non-selected complement probabilities.
22,17,1,no_new_outage,bernoulli_full_event,45,0,45,1,0.934135207851109,0.934135207851109,full_event_available,1,1,,"","",paper_formula,Full Bernoulli event probability uses selected probabilities and non-selected complement probabilities.
22,18,1,no_new_outage,bernoulli_full_event,45,0,45,1,0.934135207851109,0.934135207851109,full_event_available,1,1,,"","",paper_formula,Full Bernoulli event probability uses selected probabilities and non-selected complement probabilities.
22,19,1,no_new_outage,bernoulli_full_event,45,0,45,1,0.934135207851109,0.934135207851109,full_event_available,1,1,,"","",paper_formula,Full Bernoulli event probability uses selected probabilities and non-selected complement probabilities.
22,20,1,no_new_outage,bernoulli_full_event,45,0,45,1,0.934135207851109,0.934135207851109,full_event_available,1,1,,"","",paper_formula,Full Bernoulli event probability uses selected probabilities and non-selected complement probabilities.
22,21,1,no_new_outage,bernoulli_full_event,45,0,45,1,0.934135207851109,0.934135207851109,full_event_available,1,1,,"","",paper_formula,Full Bernoulli event probability uses selected probabilities and non-selected complement probabilities.
22,22,1,no_new_outage,bernoulli_full_event,45,0,45,1,0.934135207851109,0.934135207851109,full_event_available,1,1,,"","",paper_formula,Full Bernoulli event probability uses selected probabilities and non-selected complement probabilities.
22,23,1,no_new_outage,bernoulli_full_event,45,0,45,1,0.934135207851109,0.934135207851109,full_event_available,1,1,,"","",paper_formula,Full Bernoulli event probability uses selected probabilities and non-selected complement probabilities.
22,24,1,no_new_outage,bernoulli_full_event,45,0,45,1,0.934135207851109,0.934135207851109,full_event_available,1,1,,"","",paper_formula,Full Bernoulli event probability uses selected probabilities and non-selected complement probabilities.
22,25,1,no_new_outage,bernoulli_full_event,45,0,45,1,0.934135207851109,0.934135207851109,full_event_available,1,1,,"","",paper_formula,Full Bernoulli event probability uses selected probabilities and non-selected complement probabilities.
22,26,1,continue,bernoulli_full_event,45,1,44,0.001532132434,0.93556862288246,0.00143341503135093,full_event_available,0,1,,"7","2.0222e-05",paper_formula,Full Bernoulli event probability uses selected probabilities and non-selected complement probabilities.
22,26,2,no_new_outage,bernoulli_full_event,44,0,44,1,0.93556862288246,0.93556862288246,full_event_available,1,1,,"","",paper_formula,Full Bernoulli event probability uses selected probabilities and non-selected complement probabilities.
22,27,1,no_new_outage,bernoulli_full_event,45,0,45,1,0.934135207851109,0.934135207851109,full_event_available,1,1,,"","",paper_formula,Full Bernoulli event probability uses selected probabilities and non-selected complement probabilities.
22,28,1,no_new_outage,bernoulli_full_event,45,0,45,1,0.934135207851109,0.934135207851109,full_event_available,1,1,,"","",paper_formula,Full Bernoulli event probability uses selected probabilities and non-selected complement probabilities.
22,29,1,no_new_outage,bernoulli_full_event,45,0,45,1,0.934135207851109,0.934135207851109,full_event_available,1,1,,"","",paper_formula,Full Bernoulli event probability uses selected probabilities and non-selected complement probabilities.
22,30,1,no_new_outage,bernoulli_full_event,45,0,45,1,0.934135207851109,0.934135207851109,full_event_available,1,1,,"","",paper_formula,Full Bernoulli event probability uses selected probabilities and non-selected complement probabilities.
23,1,1,continue,bernoulli_full_event,45,2,43,1,0.627887109194726,0.627887109194726,full_event_available,0,1,,"13,18","0.077869,0.0045827",paper_formula,Full Bernoulli event probability uses selected probabilities and non-selected complement probabilities.
23,1,2,no_new_outage,bernoulli_full_event,39,0,39,1,0.333712548921502,0.333712548921502,full_event_available,1,1,,"","",paper_formula,Full Bernoulli event probability uses selected probabilities and non-selected complement probabilities.
23,2,1,continue,bernoulli_full_event,45,3,42,0.330576291215652,0.937951705258466,0.31006459606374,full_event_available,0,1,,"8,13,18","0.10154,0.44702,0.31712",paper_formula,Full Bernoulli event probability uses selected probabilities and non-selected complement probabilities.
23,2,2,continue,bernoulli_full_event,38,1,37,1,0.945441395510824,0.945441395510824,full_event_available,0,1,,"3","0.53177",paper_formula,Full Bernoulli event probability uses selected probabilities and non-selected complement probabilities.
23,2,3,continue,bernoulli_full_event,37,8,29,1,0.957312044730479,0.957312044730479,full_event_available,0,1,,"4,7,25,27,30,31,40,42","0.073253,0.51683,0.48799,0.99013,0.94598,0.95786,0.65946,0.62418",paper_formula,Full Bernoulli event probability uses selected probabilities and non-selected complement probabilities.
23,2,4,load_loss_threshold,bernoulli_full_event,10,0,10,NaN,NaN,1,terminal_stage_probability_one,1,0,,"","",,Terminal recording stage excluded from Bernoulli complement product.
23,3,1,continue,bernoulli_full_event,45,2,43,1,0.627887109194726,0.627887109194726,full_event_available,0,1,,"13,18","0.031281,0.10171",paper_formula,Full Bernoulli event probability uses selected probabilities and non-selected complement probabilities.
23,3,2,continue,bernoulli_full_event,39,2,37,0.16238389069663,0.945440450565338,0.153524298784774,full_event_available,0,1,,"8,14","0.35101,0.26847",paper_formula,Full Bernoulli event probability uses selected probabilities and non-selected complement probabilities.
23,3,3,continue,bernoulli_full_event,37,1,36,1,0.946491034801577,0.946491034801577,full_event_available,0,1,,"27","0.016702",paper_formula,Full Bernoulli event probability uses selected probabilities and non-selected complement probabilities.
23,3,4,continue,bernoulli_full_event,33,1,32,1,0.951559550572235,0.951559550572235,full_event_available,0,1,,"3","0.29597",paper_formula,Full Bernoulli event probability uses selected probabilities and non-selected complement probabilities.
23,3,5,max_depth_reached,bernoulli_full_event,32,0,32,NaN,NaN,1,terminal_stage_probability_one,1,0,,"","",,Terminal recording stage excluded from Bernoulli complement product.
23,4,1,continue,bernoulli_full_event,45,2,43,1,0.627887109194726,0.627887109194726,full_event_available,0,1,,"13,18","0.75607,0.56735",paper_formula,Full Bernoulli event probability uses selected probabilities and non-selected complement probabilities.
23,4,2,no_new_outage,bernoulli_full_event,39,0,39,1,0.333712548921502,0.333712548921502,full_event_available,1,1,,"","",paper_formula,Full Bernoulli event probability uses selected probabilities and non-selected complement probabilities.
23,5,1,continue,bernoulli_full_event,45,3,42,0.330576291215652,0.937951705258466,0.31006459606374,full_event_available,0,1,,"8,13,18","0.023004,0.053295,0.2188",paper_formula,Full Bernoulli event probability uses selected probabilities and non-selected complement probabilities.
23,5,2,continue,bernoulli_full_event,38,1,37,1,0.945441395510824,0.945441395510824,full_event_available,0,1,,"3","0.33675",paper_formula,Full Bernoulli event probability uses selected probabilities and non-selected complement probabilities.
23,5,3,continue,bernoulli_full_event,37,9,28,0.001612970515,0.958858655469805,0.00154661073932534,full_event_available,0,1,,"4,7,25,27,30,31,32,40,42","0.022074,0.92631,0.78647,0.50528,0.1778,0.96855,0.0014808,0.57901,0.72328",paper_formula,Full Bernoulli event probability uses selected probabilities and non-selected complement probabilities.
23,5,4,load_loss_threshold,bernoulli_full_event,10,0,10,NaN,NaN,1,terminal_stage_probability_one,1,0,,"","",,Terminal recording stage excluded from Bernoulli complement product.
23,6,1,continue,bernoulli_full_event,45,2,43,1,0.627887109194726,0.627887109194726,full_event_available,0,1,,"13,18","0.62465,0.64152",paper_formula,Full Bernoulli event probability uses selected probabilities and non-selected complement probabilities.
23,6,2,continue,bernoulli_full_event,39,1,38,0.36724159213703,0.527393306473093,0.193680757551591,full_event_available,0,1,,"8","0.29325",paper_formula,Full Bernoulli event probability uses selected probabilities and non-selected complement probabilities.
23,6,3,continue,bernoulli_full_event,38,1,37,1,0.945441395510824,0.945441395510824,full_event_available,0,1,,"3","0.52699",paper_formula,Full Bernoulli event probability uses selected probabilities and non-selected complement probabilities.
23,6,4,continue,bernoulli_full_event,37,8,29,1,0.957312044730479,0.957312044730479,full_event_available,0,1,,"4,7,25,27,30,31,40,42","0.38258,0.086129,0.060093,0.82517,0.46261,0.20017,0.47442,0.078953",paper_formula,Full Bernoulli event probability uses selected probabilities and non-selected complement probabilities.
23,6,5,max_depth_reached,bernoulli_full_event,10,0,10,NaN,NaN,1,terminal_stage_probability_one,1,0,,"","",,Terminal recording stage excluded from Bernoulli complement product.
23,7,1,continue,bernoulli_full_event,45,2,43,1,0.627887109194726,0.627887109194726,full_event_available,0,1,,"13,18","0.14157,0.96448",paper_formula,Full Bernoulli event probability uses selected probabilities and non-selected complement probabilities.
23,7,2,continue,bernoulli_full_event,39,1,38,0.442171840481617,0.598235394228972,0.264522845307471,full_event_available,0,1,,"14","0.29207",paper_formula,Full Bernoulli event probability uses selected probabilities and non-selected complement probabilities.
23,7,3,continue,bernoulli_full_event,38,2,36,0.885452612657261,0.947324717873954,0.838811146476295,full_event_available,0,1,,"3,6","0.77362,0.19661",paper_formula,Full Bernoulli event probability uses selected probabilities and non-selected complement probabilities.
23,7,4,continue,bernoulli_full_event,36,4,32,1,0.949100344009831,0.949100344009831,full_event_available,0,1,,"9,25,27,42","0.53614,0.44557,0.32377,0.035945",paper_formula,Full Bernoulli event probability uses selected probabilities and non-selected complement probabilities.
23,7,5,max_depth_reached,bernoulli_full_event,0,0,0,NaN,NaN,1,terminal_stage_probability_one,1,0,,"","",,Terminal recording stage excluded from Bernoulli complement product.
23,8,1,continue,bernoulli_full_event,45,2,43,1,0.627887109194726,0.627887109194726,full_event_available,0,1,,"13,18","0.34719,0.79051",paper_formula,Full Bernoulli event probability uses selected probabilities and non-selected complement probabilities.
23,8,2,continue,bernoulli_full_event,39,1,38,0.36724159213703,0.527393306473093,0.193680757551591,full_event_available,0,1,,"8","0.016733",paper_formula,Full Bernoulli event probability uses selected probabilities and non-selected complement probabilities.
23,8,3,continue,bernoulli_full_event,38,1,37,1,0.945441395510824,0.945441395510824,full_event_available,0,1,,"3","0.18316",paper_formula,Full Bernoulli event probability uses selected probabilities and non-selected complement probabilities.
23,8,4,continue,bernoulli_full_event,37,8,29,1,0.957312044730479,0.957312044730479,full_event_available,0,1,,"4,7,25,27,30,31,40,42","0.90708,0.98238,0.10922,0.37207,0.25642,0.40155,0.043211,0.67774",paper_formula,Full Bernoulli event probability uses selected probabilities and non-selected complement probabilities.
23,8,5,max_depth_reached,bernoulli_full_event,10,0,10,NaN,NaN,1,terminal_stage_probability_one,1,0,,"","",,Terminal recording stage excluded from Bernoulli complement product.
23,9,1,continue,bernoulli_full_event,45,2,43,1,0.627887109194726,0.627887109194726,full_event_available,0,1,,"13,18","0.056457,0.30145",paper_formula,Full Bernoulli event probability uses selected probabilities and non-selected complement probabilities.
23,9,2,continue,bernoulli_full_event,39,1,38,0.442171840481617,0.598235394228972,0.264522845307471,full_event_available,0,1,,"14","0.18614",paper_formula,Full Bernoulli event probability uses selected probabilities and non-selected complement probabilities.
23,9,3,continue,bernoulli_full_event,38,2,36,0.885452612657261,0.947324717873954,0.838811146476295,full_event_available,0,1,,"3,6","0.68457,0.37043",paper_formula,Full Bernoulli event probability uses selected probabilities and non-selected complement probabilities.
23,9,4,continue,bernoulli_full_event,36,4,32,1,0.949100344009831,0.949100344009831,full_event_available,0,1,,"9,25,27,42","0.22148,0.83946,0.20246,0.30942",paper_formula,Full Bernoulli event probability uses selected probabilities and non-selected complement probabilities.
23,9,5,max_depth_reached,bernoulli_full_event,0,0,0,NaN,NaN,1,terminal_stage_probability_one,1,0,,"","",,Terminal recording stage excluded from Bernoulli complement product.
23,10,1,continue,bernoulli_full_event,45,3,42,0.330576291215652,0.937951705258466,0.31006459606374,full_event_available,0,1,,"8,13,18","0.14095,0.79596,0.22078",paper_formula,Full Bernoulli event probability uses selected probabilities and non-selected complement probabilities.
23,10,2,continue,bernoulli_full_event,38,1,37,1,0.945441395510824,0.945441395510824,full_event_available,0,1,,"3","0.30962",paper_formula,Full Bernoulli event probability uses selected probabilities and non-selected complement probabilities.
23,10,3,continue,bernoulli_full_event,37,8,29,1,0.957312044730479,0.957312044730479,full_event_available,0,1,,"4,7,25,27,30,31,40,42","0.49682,0.49662,0.95608,0.088667,0.6573,0.14446,0.36642,0.78099",paper_formula,Full Bernoulli event probability uses selected probabilities and non-selected complement probabilities.
23,10,4,load_loss_threshold,bernoulli_full_event,10,0,10,NaN,NaN,1,terminal_stage_probability_one,1,0,,"","",,Terminal recording stage excluded from Bernoulli complement product.
23,11,1,continue,bernoulli_full_event,45,2,43,1,0.627887109194726,0.627887109194726,full_event_available,0,1,,"13,18","0.83238,0.05717",paper_formula,Full Bernoulli event probability uses selected probabilities and non-selected complement probabilities.
23,11,2,no_new_outage,bernoulli_full_event,39,0,39,1,0.333712548921502,0.333712548921502,full_event_available,1,1,,"","",paper_formula,Full Bernoulli event probability uses selected probabilities and non-selected complement probabilities.
23,12,1,continue,bernoulli_full_event,45,2,43,1,0.627887109194726,0.627887109194726,full_event_available,0,1,,"13,18","0.21943,0.57463",paper_formula,Full Bernoulli event probability uses selected probabilities and non-selected complement probabilities.
23,12,2,continue,bernoulli_full_event,39,1,38,0.442171840481617,0.598235394228972,0.264522845307471,full_event_available,0,1,,"14","0.40144",paper_formula,Full Bernoulli event probability uses selected probabilities and non-selected complement probabilities.
23,12,3,continue,bernoulli_full_event,38,2,36,0.885452612657261,0.947324717873954,0.838811146476295,full_event_available,0,1,,"3,6","0.5112,0.40654",paper_formula,Full Bernoulli event probability uses selected probabilities and non-selected complement probabilities.
23,12,4,continue,bernoulli_full_event,36,4,32,1,0.949100344009831,0.949100344009831,full_event_available,0,1,,"9,25,27,42","0.10088,0.61011,0.046789,0.78548",paper_formula,Full Bernoulli event probability uses selected probabilities and non-selected complement probabilities.
23,12,5,max_depth_reached,bernoulli_full_event,0,0,0,NaN,NaN,1,terminal_stage_probability_one,1,0,,"","",,Terminal recording stage excluded from Bernoulli complement product.
23,13,1,continue,bernoulli_full_event,45,2,43,1,0.627887109194726,0.627887109194726,full_event_available,0,1,,"13,18","0.42592,0.48563",paper_formula,Full Bernoulli event probability uses selected probabilities and non-selected complement probabilities.
23,13,2,no_new_outage,bernoulli_full_event,39,0,39,1,0.333712548921502,0.333712548921502,full_event_available,1,1,,"","",paper_formula,Full Bernoulli event probability uses selected probabilities and non-selected complement probabilities.
23,14,1,continue,bernoulli_full_event,45,2,43,1,0.627887109194726,0.627887109194726,full_event_available,0,1,,"13,18","0.17793,0.4958",paper_formula,Full Bernoulli event probability uses selected probabilities and non-selected complement probabilities.
23,14,2,no_new_outage,bernoulli_full_event,39,0,39,1,0.333712548921502,0.333712548921502,full_event_available,1,1,,"","",paper_formula,Full Bernoulli event probability uses selected probabilities and non-selected complement probabilities.
23,15,1,continue,bernoulli_full_event,45,2,43,1,0.627887109194726,0.627887109194726,full_event_available,0,1,,"13,18","0.81866,0.98717",paper_formula,Full Bernoulli event probability uses selected probabilities and non-selected complement probabilities.
23,15,2,continue,bernoulli_full_event,39,1,38,0.442171840481617,0.598235394228972,0.264522845307471,full_event_available,0,1,,"14","0.41791",paper_formula,Full Bernoulli event probability uses selected probabilities and non-selected complement probabilities.
23,15,3,continue,bernoulli_full_event,38,1,37,1,0.108513571397659,0.108513571397659,full_event_available,0,1,,"3","0.51669",paper_formula,Full Bernoulli event probability uses selected probabilities and non-selected complement probabilities.
23,15,4,continue,bernoulli_full_event,37,7,30,0.171718924129646,0.753716730996935,0.129427426145308,full_event_available,0,1,,"7,17,25,27,30,40,42","0.34892,0.3688,0.75016,0.085122,0.83696,0.23953,0.68784",paper_formula,Full Bernoulli event probability uses selected probabilities and non-selected complement probabilities.
23,15,5,max_depth_reached,bernoulli_full_event,9,0,9,NaN,NaN,1,terminal_stage_probability_one,1,0,,"","",,Terminal recording stage excluded from Bernoulli complement product.
23,16,1,continue,bernoulli_full_event,45,2,43,1,0.627887109194726,0.627887109194726,full_event_available,0,1,,"13,18","0.061159,0.82589",paper_formula,Full Bernoulli event probability uses selected probabilities and non-selected complement probabilities.
23,16,2,continue,bernoulli_full_event,39,2,37,0.16238389069663,0.945440450565338,0.153524298784774,full_event_available,0,1,,"8,14","0.15967,0.267",paper_formula,Full Bernoulli event probability uses selected probabilities and non-selected complement probabilities.
23,16,3,continue,bernoulli_full_event,37,1,36,1,0.946491034801577,0.946491034801577,full_event_available,0,1,,"27","0.42369",paper_formula,Full Bernoulli event probability uses selected probabilities and non-selected complement probabilities.
23,16,4,continue,bernoulli_full_event,33,1,32,1,0.951559550572235,0.951559550572235,full_event_available,0,1,,"3","0.48711",paper_formula,Full Bernoulli event probability uses selected probabilities and non-selected complement probabilities.
23,16,5,max_depth_reached,bernoulli_full_event,32,0,32,NaN,NaN,1,terminal_stage_probability_one,1,0,,"","",,Terminal recording stage excluded from Bernoulli complement product.
23,17,1,continue,bernoulli_full_event,45,3,42,0.330576291215652,0.937951705258466,0.31006459606374,full_event_available,0,1,,"8,13,18","0.31686,0.17021,0.86134",paper_formula,Full Bernoulli event probability uses selected probabilities and non-selected complement probabilities.
23,17,2,continue,bernoulli_full_event,38,1,37,1,0.945441395510824,0.945441395510824,full_event_available,0,1,,"3","0.30612",paper_formula,Full Bernoulli event probability uses selected probabilities and non-selected complement probabilities.
23,17,3,continue,bernoulli_full_event,37,8,29,1,0.957312044730479,0.957312044730479,full_event_available,0,1,,"4,7,25,27,30,31,40,42","0.64542,0.18273,0.018159,0.881,0.028912,0.46147,0.36905,0.68816",paper_formula,Full Bernoulli event probability uses selected probabilities and non-selected complement probabilities.
23,17,4,load_loss_threshold,bernoulli_full_event,10,0,10,NaN,NaN,1,terminal_stage_probability_one,1,0,,"","",,Terminal recording stage excluded from Bernoulli complement product.
23,18,1,continue,bernoulli_full_event,45,3,42,0.330576291215652,0.937951705258466,0.31006459606374,full_event_available,0,1,,"8,13,18","0.070415,0.27825,0.022945",paper_formula,Full Bernoulli event probability uses selected probabilities and non-selected complement probabilities.
23,18,2,continue,bernoulli_full_event,38,1,37,1,0.945441395510824,0.945441395510824,full_event_available,0,1,,"3","0.98887",paper_formula,Full Bernoulli event probability uses selected probabilities and non-selected complement probabilities.
23,18,3,continue,bernoulli_full_event,37,8,29,1,0.957312044730479,0.957312044730479,full_event_available,0,1,,"4,7,25,27,30,31,40,42","0.9902,0.018069,0.029779,0.32045,0.67013,0.83698,0.023246,0.66355",paper_formula,Full Bernoulli event probability uses selected probabilities and non-selected complement probabilities.
23,18,4,load_loss_threshold,bernoulli_full_event,10,0,10,NaN,NaN,1,terminal_stage_probability_one,1,0,,"","",,Terminal recording stage excluded from Bernoulli complement product.
23,19,1,continue,bernoulli_full_event,45,3,42,0.330576291215652,0.937951705258466,0.31006459606374,full_event_available,0,1,,"8,13,18","0.16656,0.9461,0.58286",paper_formula,Full Bernoulli event probability uses selected probabilities and non-selected complement probabilities.
23,19,2,continue,bernoulli_full_event,38,1,37,1,0.945441395510824,0.945441395510824,full_event_available,0,1,,"3","0.3341",paper_formula,Full Bernoulli event probability uses selected probabilities and non-selected complement probabilities.
23,19,3,continue,bernoulli_full_event,37,8,29,1,0.957312044730479,0.957312044730479,full_event_available,0,1,,"4,7,25,27,30,31,40,42","0.12512,0.98247,0.63844,0.29979,0.62887,0.87181,0.50143,0.76552",paper_formula,Full Bernoulli event probability uses selected probabilities and non-selected complement probabilities.
23,19,4,load_loss_threshold,bernoulli_full_event,10,0,10,NaN,NaN,1,terminal_stage_probability_one,1,0,,"","",,Terminal recording stage excluded from Bernoulli complement product.
23,20,1,continue,bernoulli_full_event,45,2,43,1,0.627887109194726,0.627887109194726,full_event_available,0,1,,"13,18","0.68957,0.89265",paper_formula,Full Bernoulli event probability uses selected probabilities and non-selected complement probabilities.
23,20,2,continue,bernoulli_full_event,39,1,38,0.442171840481617,0.598235394228972,0.264522845307471,full_event_available,0,1,,"14","0.3305",paper_formula,Full Bernoulli event probability uses selected probabilities and non-selected complement probabilities.
23,20,3,continue,bernoulli_full_event,38,2,36,0.885452612657261,0.947324717873954,0.838811146476295,full_event_available,0,1,,"3,6","0.70322,0.14816",paper_formula,Full Bernoulli event probability uses selected probabilities and non-selected complement probabilities.
23,20,4,continue,bernoulli_full_event,36,4,32,1,0.949100344009831,0.949100344009831,full_event_available,0,1,,"9,25,27,42","0.55846,0.26618,0.95163,0.051199",paper_formula,Full Bernoulli event probability uses selected probabilities and non-selected complement probabilities.
23,20,5,max_depth_reached,bernoulli_full_event,0,0,0,NaN,NaN,1,terminal_stage_probability_one,1,0,,"","",,Terminal recording stage excluded from Bernoulli complement product.
23,21,1,continue,bernoulli_full_event,45,4,41,0.00049988834829874,0.939372197982734,0.000469581216487346,full_event_available,0,1,,"8,13,18,22","0.24169,0.82001,0.62738,0.00078589",paper_formula,Full Bernoulli event probability uses selected probabilities and non-selected complement probabilities.
23,21,2,continue,bernoulli_full_event,38,1,37,1,0.945441395510824,0.945441395510824,full_event_available,0,1,,"3","0.54597",paper_formula,Full Bernoulli event probability uses selected probabilities and non-selected complement probabilities.
23,21,3,continue,bernoulli_full_event,37,9,28,0.001555086457,0.958803066393959,0.00149102166347932,full_event_available,0,1,,"4,7,25,27,30,31,40,41,42","0.00093935,0.67853,0.33888,0.34711,0.13981,0.28729,0.74672,0.0014947,0.23006",paper_formula,Full Bernoulli event probability uses selected probabilities and non-selected complement probabilities.
23,21,4,load_loss_threshold,bernoulli_full_event,10,0,10,NaN,NaN,1,terminal_stage_probability_one,1,0,,"","",,Terminal recording stage excluded from Bernoulli complement product.
23,22,1,continue,bernoulli_full_event,45,2,43,1,0.627887109194726,0.627887109194726,full_event_available,0,1,,"13,18","0.88687,0.57109",paper_formula,Full Bernoulli event probability uses selected probabilities and non-selected complement probabilities.
23,22,2,continue,bernoulli_full_event,39,1,38,0.36724159213703,0.527393306473093,0.193680757551591,full_event_available,0,1,,"8","0.32125",paper_formula,Full Bernoulli event probability uses selected probabilities and non-selected complement probabilities.
23,22,3,continue,bernoulli_full_event,38,1,37,1,0.945441395510824,0.945441395510824,full_event_available,0,1,,"3","0.3471",paper_formula,Full Bernoulli event probability uses selected probabilities and non-selected complement probabilities.
23,22,4,continue,bernoulli_full_event,37,8,29,1,0.957312044730479,0.957312044730479,full_event_available,0,1,,"4,7,25,27,30,31,40,42","0.053779,0.0075548,0.8762,0.35494,0.11987,0.38005,0.52731,0.7887",paper_formula,Full Bernoulli event probability uses selected probabilities and non-selected complement probabilities.
23,22,5,max_depth_reached,bernoulli_full_event,10,0,10,NaN,NaN,1,terminal_stage_probability_one,1,0,,"","",,Terminal recording stage excluded from Bernoulli complement product.
23,23,1,continue,bernoulli_full_event,45,2,43,1,0.627887109194726,0.627887109194726,full_event_available,0,1,,"13,18","0.52007,0.42168",paper_formula,Full Bernoulli event probability uses selected probabilities and non-selected complement probabilities.
23,23,2,continue,bernoulli_full_event,39,2,37,0.16238389069663,0.945440450565338,0.153524298784774,full_event_available,0,1,,"8,14","0.13913,0.2775",paper_formula,Full Bernoulli event probability uses selected probabilities and non-selected complement probabilities.
23,23,3,continue,bernoulli_full_event,37,1,36,1,0.946491034801577,0.946491034801577,full_event_available,0,1,,"27","0.3343",paper_formula,Full Bernoulli event probability uses selected probabilities and non-selected complement probabilities.
23,23,4,continue,bernoulli_full_event,33,1,32,1,0.951559550572235,0.951559550572235,full_event_available,0,1,,"3","0.74072",paper_formula,Full Bernoulli event probability uses selected probabilities and non-selected complement probabilities.
23,23,5,max_depth_reached,bernoulli_full_event,32,0,32,NaN,NaN,1,terminal_stage_probability_one,1,0,,"","",,Terminal recording stage excluded from Bernoulli complement product.
23,24,1,continue,bernoulli_full_event,45,2,43,1,0.627887109194726,0.627887109194726,full_event_available,0,1,,"13,18","0.89742,0.3686",paper_formula,Full Bernoulli event probability uses selected probabilities and non-selected complement probabilities.
23,24,2,continue,bernoulli_full_event,39,1,38,0.36724159213703,0.527393306473093,0.193680757551591,full_event_available,0,1,,"8","0.27507",paper_formula,Full Bernoulli event probability uses selected probabilities and non-selected complement probabilities.
23,24,3,continue,bernoulli_full_event,38,1,37,1,0.945441395510824,0.945441395510824,full_event_available,0,1,,"3","0.22036",paper_formula,Full Bernoulli event probability uses selected probabilities and non-selected complement probabilities.
23,24,4,continue,bernoulli_full_event,37,8,29,1,0.957312044730479,0.957312044730479,full_event_available,0,1,,"4,7,25,27,30,31,40,42","0.75723,0.38583,0.22333,0.41219,0.34799,0.26513,0.21107,0.26297",paper_formula,Full Bernoulli event probability uses selected probabilities and non-selected complement probabilities.
23,24,5,max_depth_reached,bernoulli_full_event,10,0,10,NaN,NaN,1,terminal_stage_probability_one,1,0,,"","",,Terminal recording stage excluded from Bernoulli complement product.
23,25,1,continue,bernoulli_full_event,45,2,43,1,0.627887109194726,0.627887109194726,full_event_available,0,1,,"13,18","0.16863,0.48307",paper_formula,Full Bernoulli event probability uses selected probabilities and non-selected complement probabilities.
23,25,2,continue,bernoulli_full_event,39,1,38,0.36724159213703,0.527393306473093,0.193680757551591,full_event_available,0,1,,"8","0.15875",paper_formula,Full Bernoulli event probability uses selected probabilities and non-selected complement probabilities.
23,25,3,continue,bernoulli_full_event,38,1,37,1,0.945441395510824,0.945441395510824,full_event_available,0,1,,"3","0.95738",paper_formula,Full Bernoulli event probability uses selected probabilities and non-selected complement probabilities.
23,25,4,continue,bernoulli_full_event,37,8,29,1,0.957312044730479,0.957312044730479,full_event_available,0,1,,"4,7,25,27,30,31,40,42","0.64382,0.88753,0.65124,0.1308,0.65383,0.022195,0.53385,0.3673",paper_formula,Full Bernoulli event probability uses selected probabilities and non-selected complement probabilities.
23,25,5,max_depth_reached,bernoulli_full_event,10,0,10,NaN,NaN,1,terminal_stage_probability_one,1,0,,"","",,Terminal recording stage excluded from Bernoulli complement product.
23,26,1,continue,bernoulli_full_event,45,2,43,1,0.627887109194726,0.627887109194726,full_event_available,0,1,,"13,18","0.25931,0.42267",paper_formula,Full Bernoulli event probability uses selected probabilities and non-selected complement probabilities.
23,26,2,continue,bernoulli_full_event,39,1,38,0.442171840481617,0.598235394228972,0.264522845307471,full_event_available,0,1,,"14","0.21802",paper_formula,Full Bernoulli event probability uses selected probabilities and non-selected complement probabilities.
23,26,3,continue,bernoulli_full_event,38,2,36,0.885452612657261,0.947324717873954,0.838811146476295,full_event_available,0,1,,"3,6","0.78038,0.0096435",paper_formula,Full Bernoulli event probability uses selected probabilities and non-selected complement probabilities.
23,26,4,continue,bernoulli_full_event,36,4,32,1,0.949100344009831,0.949100344009831,full_event_available,0,1,,"9,25,27,42","0.4427,0.87974,0.33757,0.62746",paper_formula,Full Bernoulli event probability uses selected probabilities and non-selected complement probabilities.
23,26,5,max_depth_reached,bernoulli_full_event,0,0,0,NaN,NaN,1,terminal_stage_probability_one,1,0,,"","",,Terminal recording stage excluded from Bernoulli complement product.
23,27,1,continue,bernoulli_full_event,45,3,42,0.330576291215652,0.937951705258466,0.31006459606374,full_event_available,0,1,,"8,13,18","0.19024,0.38044,0.71657",paper_formula,Full Bernoulli event probability uses selected probabilities and non-selected complement probabilities.
23,27,2,continue,bernoulli_full_event,38,1,37,1,0.945441395510824,0.945441395510824,full_event_available,0,1,,"3","0.99642",paper_formula,Full Bernoulli event probability uses selected probabilities and non-selected complement probabilities.
23,27,3,continue,bernoulli_full_event,37,8,29,1,0.957312044730479,0.957312044730479,full_event_available,0,1,,"4,7,25,27,30,31,40,42","0.041312,0.43525,0.7908,0.80337,0.67743,0.44717,0.13423,0.35733",paper_formula,Full Bernoulli event probability uses selected probabilities and non-selected complement probabilities.
23,27,4,load_loss_threshold,bernoulli_full_event,10,0,10,NaN,NaN,1,terminal_stage_probability_one,1,0,,"","",,Terminal recording stage excluded from Bernoulli complement product.
23,28,1,continue,bernoulli_full_event,45,3,42,0.330576291215652,0.937951705258466,0.31006459606374,full_event_available,0,1,,"8,13,18","0.18639,0.84829,0.40769",paper_formula,Full Bernoulli event probability uses selected probabilities and non-selected complement probabilities.
23,28,2,continue,bernoulli_full_event,38,1,37,1,0.945441395510824,0.945441395510824,full_event_available,0,1,,"3","0.62964",paper_formula,Full Bernoulli event probability uses selected probabilities and non-selected complement probabilities.
23,28,3,continue,bernoulli_full_event,37,8,29,1,0.957312044730479,0.957312044730479,full_event_available,0,1,,"4,7,25,27,30,31,40,42","0.27421,0.5587,0.82331,0.22144,0.39091,0.31519,0.56019,0.32717",paper_formula,Full Bernoulli event probability uses selected probabilities and non-selected complement probabilities.
23,28,4,load_loss_threshold,bernoulli_full_event,10,0,10,NaN,NaN,1,terminal_stage_probability_one,1,0,,"","",,Terminal recording stage excluded from Bernoulli complement product.
23,29,1,continue,bernoulli_full_event,45,2,43,1,0.627887109194726,0.627887109194726,full_event_available,0,1,,"13,18","0.14282,0.47174",paper_formula,Full Bernoulli event probability uses selected probabilities and non-selected complement probabilities.
23,29,2,continue,bernoulli_full_event,39,1,38,0.001571054473,0.334237654483623,0.000525105562121525,full_event_available,0,1,,"28","0.00068347",paper_formula,Full Bernoulli event probability uses selected probabilities and non-selected complement probabilities.
23,29,3,continue,bernoulli_full_event,38,2,36,0.4345526478485,0.471821265872237,0.205031180396012,full_event_available,0,1,,"8,38","0.36639,0.50943",paper_formula,Full Bernoulli event probability uses selected probabilities and non-selected complement probabilities.
23,29,4,continue,bernoulli_full_event,32,2,30,0.780212960690592,0.955515729865453,0.745505756584757,full_event_available,0,1,,"3,27","0.92556,0.032786",paper_formula,Full Bernoulli event probability uses selected probabilities and non-selected complement probabilities.
23,29,5,max_depth_reached,bernoulli_full_event,0,0,0,NaN,NaN,1,terminal_stage_probability_one,1,0,,"","",,Terminal recording stage excluded from Bernoulli complement product.
23,30,1,continue,bernoulli_full_event,45,2,43,1,0.627887109194726,0.627887109194726,full_event_available,0,1,,"13,18","0.7679,0.23968",paper_formula,Full Bernoulli event probability uses selected probabilities and non-selected complement probabilities.
23,30,2,no_new_outage,bernoulli_full_event,39,0,39,1,0.333712548921502,0.333712548921502,full_event_available,1,1,,"","",paper_formula,Full Bernoulli event probability uses selected probabilities and non-selected complement probabilities.
24,1,1,no_new_outage,bernoulli_full_event,45,0,45,1,0.934100662977662,0.934100662977662,full_event_available,1,1,,"","",paper_formula,Full Bernoulli event probability uses selected probabilities and non-selected complement probabilities.
24,2,1,continue,bernoulli_full_event,45,1,44,0.0016978006,0.935689276793215,0.00158861381555309,full_event_available,0,1,,"29","0.0013538",paper_formula,Full Bernoulli event probability uses selected probabilities and non-selected complement probabilities.
24,2,2,no_new_outage,bernoulli_full_event,44,0,44,1,0.935689276793215,0.935689276793215,full_event_available,1,1,,"","",paper_formula,Full Bernoulli event probability uses selected probabilities and non-selected complement probabilities.
24,3,1,no_new_outage,bernoulli_full_event,45,0,45,1,0.934100662977662,0.934100662977662,full_event_available,1,1,,"","",paper_formula,Full Bernoulli event probability uses selected probabilities and non-selected complement probabilities.
24,4,1,no_new_outage,bernoulli_full_event,45,0,45,1,0.934100662977662,0.934100662977662,full_event_available,1,1,,"","",paper_formula,Full Bernoulli event probability uses selected probabilities and non-selected complement probabilities.
24,5,1,no_new_outage,bernoulli_full_event,45,0,45,1,0.934100662977662,0.934100662977662,full_event_available,1,1,,"","",paper_formula,Full Bernoulli event probability uses selected probabilities and non-selected complement probabilities.
24,6,1,no_new_outage,bernoulli_full_event,45,0,45,1,0.934100662977662,0.934100662977662,full_event_available,1,1,,"","",paper_formula,Full Bernoulli event probability uses selected probabilities and non-selected complement probabilities.
24,7,1,no_new_outage,bernoulli_full_event,45,0,45,1,0.934100662977662,0.934100662977662,full_event_available,1,1,,"","",paper_formula,Full Bernoulli event probability uses selected probabilities and non-selected complement probabilities.
24,8,1,no_new_outage,bernoulli_full_event,45,0,45,1,0.934100662977662,0.934100662977662,full_event_available,1,1,,"","",paper_formula,Full Bernoulli event probability uses selected probabilities and non-selected complement probabilities.
24,9,1,continue,bernoulli_full_event,45,1,44,0.001475246377,0.935480727531706,0.00138006455404447,full_event_available,0,1,,"14","0.0004709",paper_formula,Full Bernoulli event probability uses selected probabilities and non-selected complement probabilities.
24,9,2,continue,bernoulli_full_event,44,1,43,1,0.936863767401284,0.936863767401284,full_event_available,0,1,,"3","0.86534",paper_formula,Full Bernoulli event probability uses selected probabilities and non-selected complement probabilities.
24,9,3,continue,bernoulli_full_event,43,2,41,0.999836550457491,0.900327220838275,0.900180062765921,full_event_available,0,1,,"40,42","0.549,0.83015",paper_formula,Full Bernoulli event probability uses selected probabilities and non-selected complement probabilities.
24,9,4,continue,bernoulli_full_event,37,5,32,0.827653297236184,0.952225479612866,0.788112557913895,full_event_available,0,1,,"1,16,17,20,27","0.73697,0.79662,0.12009,0.44927,0.44084",paper_formula,Full Bernoulli event probability uses selected probabilities and non-selected complement probabilities.
24,9,5,max_depth_reached,bernoulli_full_event,0,0,0,NaN,NaN,1,terminal_stage_probability_one,1,0,,"","",,Terminal recording stage excluded from Bernoulli complement product.
24,10,1,no_new_outage,bernoulli_full_event,45,0,45,1,0.934100662977662,0.934100662977662,full_event_available,1,1,,"","",paper_formula,Full Bernoulli event probability uses selected probabilities and non-selected complement probabilities.
24,11,1,no_new_outage,bernoulli_full_event,45,0,45,1,0.934100662977662,0.934100662977662,full_event_available,1,1,,"","",paper_formula,Full Bernoulli event probability uses selected probabilities and non-selected complement probabilities.
24,12,1,continue,bernoulli_full_event,45,1,44,0.001532132434,0.935534025000475,0.00143336202281379,full_event_available,0,1,,"7","0.0012962",paper_formula,Full Bernoulli event probability uses selected probabilities and non-selected complement probabilities.
24,12,2,no_new_outage,bernoulli_full_event,44,0,44,1,0.935534025000475,0.935534025000475,full_event_available,1,1,,"","",paper_formula,Full Bernoulli event probability uses selected probabilities and non-selected complement probabilities.
24,13,1,no_new_outage,bernoulli_full_event,45,0,45,1,0.934100662977662,0.934100662977662,full_event_available,1,1,,"","",paper_formula,Full Bernoulli event probability uses selected probabilities and non-selected complement probabilities.
24,14,1,no_new_outage,bernoulli_full_event,45,0,45,1,0.934100662977662,0.934100662977662,full_event_available,1,1,,"","",paper_formula,Full Bernoulli event probability uses selected probabilities and non-selected complement probabilities.
24,15,1,no_new_outage,bernoulli_full_event,45,0,45,1,0.934100662977662,0.934100662977662,full_event_available,1,1,,"","",paper_formula,Full Bernoulli event probability uses selected probabilities and non-selected complement probabilities.
24,16,1,continue,bernoulli_full_event,45,1,44,0.001566064468,0.935565819364844,0.00146515638718259,full_event_available,0,1,,"25","0.001148",paper_formula,Full Bernoulli event probability uses selected probabilities and non-selected complement probabilities.
24,16,2,continue,bernoulli_full_event,44,1,43,0.001662870565,0.937124135505527,0.00155831614068321,full_event_available,0,1,,"11","0.001545",paper_formula,Full Bernoulli event probability uses selected probabilities and non-selected complement probabilities.
24,16,3,continue,bernoulli_full_event,43,1,42,0.419429598531077,0.938401745330149,0.393593467304686,full_event_available,0,1,,"12","0.40197",paper_formula,Full Bernoulli event probability uses selected probabilities and non-selected complement probabilities.
24,16,4,continue,bernoulli_full_event,42,8,34,1,0.94985259583511,0.94985259583511,full_event_available,0,1,,"1,4,6,7,13,26,27,30","0.3702,0.54364,0.46083,0.592,0.66536,0.24345,0.85525,0.98711",paper_formula,Full Bernoulli event probability uses selected probabilities and non-selected complement probabilities.
24,16,5,max_depth_reached,bernoulli_full_event,4,0,4,NaN,NaN,1,terminal_stage_probability_one,1,0,,"","",,Terminal recording stage excluded from Bernoulli complement product.
24,17,1,no_new_outage,bernoulli_full_event,45,0,45,1,0.934100662977662,0.934100662977662,full_event_available,1,1,,"","",paper_formula,Full Bernoulli event probability uses selected probabilities and non-selected complement probabilities.
24,18,1,no_new_outage,bernoulli_full_event,45,0,45,1,0.934100662977662,0.934100662977662,full_event_available,1,1,,"","",paper_formula,Full Bernoulli event probability uses selected probabilities and non-selected complement probabilities.
24,19,1,no_new_outage,bernoulli_full_event,45,0,45,1,0.934100662977662,0.934100662977662,full_event_available,1,1,,"","",paper_formula,Full Bernoulli event probability uses selected probabilities and non-selected complement probabilities.
24,20,1,no_new_outage,bernoulli_full_event,45,0,45,1,0.934100662977662,0.934100662977662,full_event_available,1,1,,"","",paper_formula,Full Bernoulli event probability uses selected probabilities and non-selected complement probabilities.
24,21,1,no_new_outage,bernoulli_full_event,45,0,45,1,0.934100662977662,0.934100662977662,full_event_available,1,1,,"","",paper_formula,Full Bernoulli event probability uses selected probabilities and non-selected complement probabilities.
24,22,1,no_new_outage,bernoulli_full_event,45,0,45,1,0.934100662977662,0.934100662977662,full_event_available,1,1,,"","",paper_formula,Full Bernoulli event probability uses selected probabilities and non-selected complement probabilities.
24,23,1,no_new_outage,bernoulli_full_event,45,0,45,1,0.934100662977662,0.934100662977662,full_event_available,1,1,,"","",paper_formula,Full Bernoulli event probability uses selected probabilities and non-selected complement probabilities.
24,24,1,no_new_outage,bernoulli_full_event,45,0,45,1,0.934100662977662,0.934100662977662,full_event_available,1,1,,"","",paper_formula,Full Bernoulli event probability uses selected probabilities and non-selected complement probabilities.
24,25,1,no_new_outage,bernoulli_full_event,45,0,45,1,0.934100662977662,0.934100662977662,full_event_available,1,1,,"","",paper_formula,Full Bernoulli event probability uses selected probabilities and non-selected complement probabilities.
24,26,1,no_new_outage,bernoulli_full_event,45,0,45,1,0.934100662977662,0.934100662977662,full_event_available,1,1,,"","",paper_formula,Full Bernoulli event probability uses selected probabilities and non-selected complement probabilities.
24,27,1,no_new_outage,bernoulli_full_event,45,0,45,1,0.934100662977662,0.934100662977662,full_event_available,1,1,,"","",paper_formula,Full Bernoulli event probability uses selected probabilities and non-selected complement probabilities.
24,28,1,no_new_outage,bernoulli_full_event,45,0,45,1,0.934100662977662,0.934100662977662,full_event_available,1,1,,"","",paper_formula,Full Bernoulli event probability uses selected probabilities and non-selected complement probabilities.
24,29,1,no_new_outage,bernoulli_full_event,45,0,45,1,0.934100662977662,0.934100662977662,full_event_available,1,1,,"","",paper_formula,Full Bernoulli event probability uses selected probabilities and non-selected complement probabilities.
24,30,1,no_new_outage,bernoulli_full_event,45,0,45,1,0.934100662977662,0.934100662977662,full_event_available,1,1,,"","",paper_formula,Full Bernoulli event probability uses selected probabilities and non-selected complement probabilities.
25,1,1,continue,bernoulli_full_event,45,1,44,0.001476244378,0.935566754440868,0.00138112516148704,full_event_available,0,1,,"3","0.0014509",paper_formula,Full Bernoulli event probability uses selected probabilities and non-selected complement probabilities.
25,1,2,continue,bernoulli_full_event,44,1,43,0.271590563240937,0.93720470771773,0.254535954441116,full_event_available,0,1,,"30","0.25073",paper_formula,Full Bernoulli event probability uses selected probabilities and non-selected complement probabilities.
25,1,3,continue,bernoulli_full_event,43,7,36,0.583178991877685,0.947411908393573,0.552510721629877,full_event_available,0,1,,"1,4,6,8,19,20,23","0.056629,0.79195,0.78948,0.68851,0.024513,0.63295,0.68749",paper_formula,Full Bernoulli event probability uses selected probabilities and non-selected complement probabilities.
25,1,4,load_loss_threshold,bernoulli_full_event,20,0,20,NaN,NaN,1,terminal_stage_probability_one,1,0,,"","",,Terminal recording stage excluded from Bernoulli complement product.
25,2,1,no_new_outage,bernoulli_full_event,45,0,45,1,0.934185629279381,0.934185629279381,full_event_available,1,1,,"","",paper_formula,Full Bernoulli event probability uses selected probabilities and non-selected complement probabilities.
25,3,1,no_new_outage,bernoulli_full_event,45,0,45,1,0.934185629279381,0.934185629279381,full_event_available,1,1,,"","",paper_formula,Full Bernoulli event probability uses selected probabilities and non-selected complement probabilities.
25,4,1,no_new_outage,bernoulli_full_event,45,0,45,1,0.934185629279381,0.934185629279381,full_event_available,1,1,,"","",paper_formula,Full Bernoulli event probability uses selected probabilities and non-selected complement probabilities.
25,5,1,no_new_outage,bernoulli_full_event,45,0,45,1,0.934185629279381,0.934185629279381,full_event_available,1,1,,"","",paper_formula,Full Bernoulli event probability uses selected probabilities and non-selected complement probabilities.
25,6,1,no_new_outage,bernoulli_full_event,45,0,45,1,0.934185629279381,0.934185629279381,full_event_available,1,1,,"","",paper_formula,Full Bernoulli event probability uses selected probabilities and non-selected complement probabilities.
25,7,1,no_new_outage,bernoulli_full_event,45,0,45,1,0.934185629279381,0.934185629279381,full_event_available,1,1,,"","",paper_formula,Full Bernoulli event probability uses selected probabilities and non-selected complement probabilities.
25,8,1,continue,bernoulli_full_event,45,1,44,0.001532132434,0.93561912168158,0.00143349240219894,full_event_available,0,1,,"23","0.001089",paper_formula,Full Bernoulli event probability uses selected probabilities and non-selected complement probabilities.
25,8,2,continue,bernoulli_full_event,44,3,41,1,0.939422902085848,0.939422902085848,full_event_available,0,1,,"8,13,18","0.14882,0.64183,0.33298",paper_formula,Full Bernoulli event probability uses selected probabilities and non-selected complement probabilities.
25,8,3,continue,bernoulli_full_event,37,4,33,1,0.230593422850412,0.230593422850412,full_event_available,0,1,,"3,6,26,30","0.12798,0.1321,0.8381,0.80766",paper_formula,Full Bernoulli event probability uses selected probabilities and non-selected complement probabilities.
25,8,4,load_loss_threshold,bernoulli_full_event,19,0,19,NaN,NaN,1,terminal_stage_probability_one,1,0,,"","",,Terminal recording stage excluded from Bernoulli complement product.
25,9,1,continue,bernoulli_full_event,45,1,44,0.001550096452,0.935635955253984,0.00145032597460283,full_event_available,0,1,,"45","0.0006821",paper_formula,Full Bernoulli event probability uses selected probabilities and non-selected complement probabilities.
25,9,2,no_new_outage,bernoulli_full_event,44,0,44,1,0.935635955253984,0.935635955253984,full_event_available,1,1,,"","",paper_formula,Full Bernoulli event probability uses selected probabilities and non-selected complement probabilities.
25,10,1,no_new_outage,bernoulli_full_event,45,0,45,1,0.934185629279381,0.934185629279381,full_event_available,1,1,,"","",paper_formula,Full Bernoulli event probability uses selected probabilities and non-selected complement probabilities.
25,11,1,no_new_outage,bernoulli_full_event,45,0,45,1,0.934185629279381,0.934185629279381,full_event_available,1,1,,"","",paper_formula,Full Bernoulli event probability uses selected probabilities and non-selected complement probabilities.
25,12,1,no_new_outage,bernoulli_full_event,45,0,45,1,0.934185629279381,0.934185629279381,full_event_available,1,1,,"","",paper_formula,Full Bernoulli event probability uses selected probabilities and non-selected complement probabilities.
25,13,1,no_new_outage,bernoulli_full_event,45,0,45,1,0.934185629279381,0.934185629279381,full_event_available,1,1,,"","",paper_formula,Full Bernoulli event probability uses selected probabilities and non-selected complement probabilities.
25,14,1,no_new_outage,bernoulli_full_event,45,0,45,1,0.934185629279381,0.934185629279381,full_event_available,1,1,,"","",paper_formula,Full Bernoulli event probability uses selected probabilities and non-selected complement probabilities.
25,15,1,no_new_outage,bernoulli_full_event,45,0,45,1,0.934185629279381,0.934185629279381,full_event_available,1,1,,"","",paper_formula,Full Bernoulli event probability uses selected probabilities and non-selected complement probabilities.
25,16,1,no_new_outage,bernoulli_full_event,45,0,45,1,0.934185629279381,0.934185629279381,full_event_available,1,1,,"","",paper_formula,Full Bernoulli event probability uses selected probabilities and non-selected complement probabilities.
25,17,1,no_new_outage,bernoulli_full_event,45,0,45,1,0.934185629279381,0.934185629279381,full_event_available,1,1,,"","",paper_formula,Full Bernoulli event probability uses selected probabilities and non-selected complement probabilities.
25,18,1,continue,bernoulli_full_event,45,1,44,0.001109978011,0.93522370702955,0.00103807775016871,full_event_available,0,1,,"27","0.00032909",paper_formula,Full Bernoulli event probability uses selected probabilities and non-selected complement probabilities.
25,18,2,no_new_outage,bernoulli_full_event,41,0,41,1,0.938843873554905,0.938843873554905,full_event_available,1,1,,"","",paper_formula,Full Bernoulli event probability uses selected probabilities and non-selected complement probabilities.
25,19,1,no_new_outage,bernoulli_full_event,45,0,45,1,0.934185629279381,0.934185629279381,full_event_available,1,1,,"","",paper_formula,Full Bernoulli event probability uses selected probabilities and non-selected complement probabilities.
25,20,1,no_new_outage,bernoulli_full_event,45,0,45,1,0.934185629279381,0.934185629279381,full_event_available,1,1,,"","",paper_formula,Full Bernoulli event probability uses selected probabilities and non-selected complement probabilities.
25,21,1,no_new_outage,bernoulli_full_event,45,0,45,1,0.934185629279381,0.934185629279381,full_event_available,1,1,,"","",paper_formula,Full Bernoulli event probability uses selected probabilities and non-selected complement probabilities.
25,22,1,no_new_outage,bernoulli_full_event,45,0,45,1,0.934185629279381,0.934185629279381,full_event_available,1,1,,"","",paper_formula,Full Bernoulli event probability uses selected probabilities and non-selected complement probabilities.
25,23,1,no_new_outage,bernoulli_full_event,45,0,45,1,0.934185629279381,0.934185629279381,full_event_available,1,1,,"","",paper_formula,Full Bernoulli event probability uses selected probabilities and non-selected complement probabilities.
25,24,1,no_new_outage,bernoulli_full_event,45,0,45,1,0.934185629279381,0.934185629279381,full_event_available,1,1,,"","",paper_formula,Full Bernoulli event probability uses selected probabilities and non-selected complement probabilities.
25,25,1,no_new_outage,bernoulli_full_event,45,0,45,1,0.934185629279381,0.934185629279381,full_event_available,1,1,,"","",paper_formula,Full Bernoulli event probability uses selected probabilities and non-selected complement probabilities.
25,26,1,no_new_outage,bernoulli_full_event,45,0,45,1,0.934185629279381,0.934185629279381,full_event_available,1,1,,"","",paper_formula,Full Bernoulli event probability uses selected probabilities and non-selected complement probabilities.
25,27,1,no_new_outage,bernoulli_full_event,45,0,45,1,0.934185629279381,0.934185629279381,full_event_available,1,1,,"","",paper_formula,Full Bernoulli event probability uses selected probabilities and non-selected complement probabilities.
25,28,1,no_new_outage,bernoulli_full_event,45,0,45,1,0.934185629279381,0.934185629279381,full_event_available,1,1,,"","",paper_formula,Full Bernoulli event probability uses selected probabilities and non-selected complement probabilities.
25,29,1,no_new_outage,bernoulli_full_event,45,0,45,1,0.934185629279381,0.934185629279381,full_event_available,1,1,,"","",paper_formula,Full Bernoulli event probability uses selected probabilities and non-selected complement probabilities.
25,30,1,no_new_outage,bernoulli_full_event,45,0,45,1,0.934185629279381,0.934185629279381,full_event_available,1,1,,"","",paper_formula,Full Bernoulli event probability uses selected probabilities and non-selected complement probabilities.
26,1,1,no_new_outage,bernoulli_full_event,45,0,45,1,0.93403438132138,0.93403438132138,full_event_available,1,1,,"","",paper_formula,Full Bernoulli event probability uses selected probabilities and non-selected complement probabilities.
26,2,1,no_new_outage,bernoulli_full_event,45,0,45,1,0.93403438132138,0.93403438132138,full_event_available,1,1,,"","",paper_formula,Full Bernoulli event probability uses selected probabilities and non-selected complement probabilities.
26,3,1,no_new_outage,bernoulli_full_event,45,0,45,1,0.93403438132138,0.93403438132138,full_event_available,1,1,,"","",paper_formula,Full Bernoulli event probability uses selected probabilities and non-selected complement probabilities.
26,4,1,continue,bernoulli_full_event,45,1,44,0.001121954023,0.93508350201831,0.00104912069693037,full_event_available,0,1,,"15","0.00038526",paper_formula,Full Bernoulli event probability uses selected probabilities and non-selected complement probabilities.
26,4,2,continue,bernoulli_full_event,44,1,43,0.001123950025,0.936135671729955,0.00105216971164427,full_event_available,0,1,,"44","0.00053769",paper_formula,Full Bernoulli event probability uses selected probabilities and non-selected complement probabilities.
26,4,3,no_new_outage,bernoulli_full_event,43,0,43,1,0.936135671729955,0.936135671729955,full_event_available,1,1,,"","",paper_formula,Full Bernoulli event probability uses selected probabilities and non-selected complement probabilities.
26,5,1,no_new_outage,bernoulli_full_event,45,0,45,1,0.93403438132138,0.93403438132138,full_event_available,1,1,,"","",paper_formula,Full Bernoulli event probability uses selected probabilities and non-selected complement probabilities.
26,6,1,no_new_outage,bernoulli_full_event,45,0,45,1,0.93403438132138,0.93403438132138,full_event_available,1,1,,"","",paper_formula,Full Bernoulli event probability uses selected probabilities and non-selected complement probabilities.
26,7,1,no_new_outage,bernoulli_full_event,45,0,45,1,0.93403438132138,0.93403438132138,full_event_available,1,1,,"","",paper_formula,Full Bernoulli event probability uses selected probabilities and non-selected complement probabilities.
26,8,1,no_new_outage,bernoulli_full_event,45,0,45,1,0.93403438132138,0.93403438132138,full_event_available,1,1,,"","",paper_formula,Full Bernoulli event probability uses selected probabilities and non-selected complement probabilities.
26,9,1,no_new_outage,bernoulli_full_event,45,0,45,1,0.93403438132138,0.93403438132138,full_event_available,1,1,,"","",paper_formula,Full Bernoulli event probability uses selected probabilities and non-selected complement probabilities.
26,10,1,no_new_outage,bernoulli_full_event,45,0,45,1,0.93403438132138,0.93403438132138,full_event_available,1,1,,"","",paper_formula,Full Bernoulli event probability uses selected probabilities and non-selected complement probabilities.
26,11,1,no_new_outage,bernoulli_full_event,45,0,45,1,0.93403438132138,0.93403438132138,full_event_available,1,1,,"","",paper_formula,Full Bernoulli event probability uses selected probabilities and non-selected complement probabilities.
26,12,1,no_new_outage,bernoulli_full_event,45,0,45,1,0.93403438132138,0.93403438132138,full_event_available,1,1,,"","",paper_formula,Full Bernoulli event probability uses selected probabilities and non-selected complement probabilities.
26,13,1,no_new_outage,bernoulli_full_event,45,0,45,1,0.93403438132138,0.93403438132138,full_event_available,1,1,,"","",paper_formula,Full Bernoulli event probability uses selected probabilities and non-selected complement probabilities.
26,14,1,no_new_outage,bernoulli_full_event,45,0,45,1,0.93403438132138,0.93403438132138,full_event_available,1,1,,"","",paper_formula,Full Bernoulli event probability uses selected probabilities and non-selected complement probabilities.
26,15,1,no_new_outage,bernoulli_full_event,45,0,45,1,0.93403438132138,0.93403438132138,full_event_available,1,1,,"","",paper_formula,Full Bernoulli event probability uses selected probabilities and non-selected complement probabilities.
26,16,1,no_new_outage,bernoulli_full_event,45,0,45,1,0.93403438132138,0.93403438132138,full_event_available,1,1,,"","",paper_formula,Full Bernoulli event probability uses selected probabilities and non-selected complement probabilities.
26,17,1,no_new_outage,bernoulli_full_event,45,0,45,1,0.93403438132138,0.93403438132138,full_event_available,1,1,,"","",paper_formula,Full Bernoulli event probability uses selected probabilities and non-selected complement probabilities.
26,18,1,no_new_outage,bernoulli_full_event,45,0,45,1,0.93403438132138,0.93403438132138,full_event_available,1,1,,"","",paper_formula,Full Bernoulli event probability uses selected probabilities and non-selected complement probabilities.
26,19,1,continue,bernoulli_full_event,45,1,44,0.001650894553,0.935578923470038,0.00154454214865829,full_event_available,0,1,,"20","0.00050101",paper_formula,Full Bernoulli event probability uses selected probabilities and non-selected complement probabilities.
26,19,2,no_new_outage,bernoulli_full_event,44,0,44,1,0.398519636881636,0.398519636881636,full_event_available,1,1,,"","",paper_formula,Full Bernoulli event probability uses selected probabilities and non-selected complement probabilities.
26,20,1,no_new_outage,bernoulli_full_event,45,0,45,1,0.93403438132138,0.93403438132138,full_event_available,1,1,,"","",paper_formula,Full Bernoulli event probability uses selected probabilities and non-selected complement probabilities.
26,21,1,no_new_outage,bernoulli_full_event,45,0,45,1,0.93403438132138,0.93403438132138,full_event_available,1,1,,"","",paper_formula,Full Bernoulli event probability uses selected probabilities and non-selected complement probabilities.
26,22,1,no_new_outage,bernoulli_full_event,45,0,45,1,0.93403438132138,0.93403438132138,full_event_available,1,1,,"","",paper_formula,Full Bernoulli event probability uses selected probabilities and non-selected complement probabilities.
26,23,1,no_new_outage,bernoulli_full_event,45,0,45,1,0.93403438132138,0.93403438132138,full_event_available,1,1,,"","",paper_formula,Full Bernoulli event probability uses selected probabilities and non-selected complement probabilities.
26,24,1,no_new_outage,bernoulli_full_event,45,0,45,1,0.93403438132138,0.93403438132138,full_event_available,1,1,,"","",paper_formula,Full Bernoulli event probability uses selected probabilities and non-selected complement probabilities.
26,25,1,no_new_outage,bernoulli_full_event,45,0,45,1,0.93403438132138,0.93403438132138,full_event_available,1,1,,"","",paper_formula,Full Bernoulli event probability uses selected probabilities and non-selected complement probabilities.
26,26,1,no_new_outage,bernoulli_full_event,45,0,45,1,0.93403438132138,0.93403438132138,full_event_available,1,1,,"","",paper_formula,Full Bernoulli event probability uses selected probabilities and non-selected complement probabilities.
26,27,1,no_new_outage,bernoulli_full_event,45,0,45,1,0.93403438132138,0.93403438132138,full_event_available,1,1,,"","",paper_formula,Full Bernoulli event probability uses selected probabilities and non-selected complement probabilities.
26,28,1,no_new_outage,bernoulli_full_event,45,0,45,1,0.93403438132138,0.93403438132138,full_event_available,1,1,,"","",paper_formula,Full Bernoulli event probability uses selected probabilities and non-selected complement probabilities.
26,29,1,continue,bernoulli_full_event,45,1,44,0.001543110445,0.935477927081727,0.00144354576034676,full_event_available,0,1,,"4","0.00072085",paper_formula,Full Bernoulli event probability uses selected probabilities and non-selected complement probabilities.
26,29,2,continue,bernoulli_full_event,44,1,43,0.001575046477,0.936953672662967,0.00147574558124002,full_event_available,0,1,,"5","0.00076685",paper_formula,Full Bernoulli event probability uses selected probabilities and non-selected complement probabilities.
26,29,3,continue,bernoulli_full_event,43,2,41,0.656388723730065,0.94010948149276,0.617077262723566,full_event_available,0,1,,"6,9","0.40712,0.82354",paper_formula,Full Bernoulli event probability uses selected probabilities and non-selected complement probabilities.
26,29,4,continue,bernoulli_full_event,41,5,36,0.389306724099559,0.136060372984571,0.0529692180863874,full_event_available,0,1,,"10,12,13,17,18","0.58266,0.20992,0.7302,0.16112,0.92832",paper_formula,Full Bernoulli event probability uses selected probabilities and non-selected complement probabilities.
26,29,5,max_depth_reached,bernoulli_full_event,13,0,13,NaN,NaN,1,terminal_stage_probability_one,1,0,,"","",,Terminal recording stage excluded from Bernoulli complement product.
26,30,1,no_new_outage,bernoulli_full_event,45,0,45,1,0.93403438132138,0.93403438132138,full_event_available,1,1,,"","",paper_formula,Full Bernoulli event probability uses selected probabilities and non-selected complement probabilities.
27,1,1,no_new_outage,bernoulli_full_event,42,0,42,1,0.937373583523531,0.937373583523531,full_event_available,1,1,,"","",paper_formula,Full Bernoulli event probability uses selected probabilities and non-selected complement probabilities.
27,2,1,no_new_outage,bernoulli_full_event,42,0,42,1,0.937373583523531,0.937373583523531,full_event_available,1,1,,"","",paper_formula,Full Bernoulli event probability uses selected probabilities and non-selected complement probabilities.
27,3,1,no_new_outage,bernoulli_full_event,42,0,42,1,0.937373583523531,0.937373583523531,full_event_available,1,1,,"","",paper_formula,Full Bernoulli event probability uses selected probabilities and non-selected complement probabilities.
27,4,1,no_new_outage,bernoulli_full_event,42,0,42,1,0.937373583523531,0.937373583523531,full_event_available,1,1,,"","",paper_formula,Full Bernoulli event probability uses selected probabilities and non-selected complement probabilities.
27,5,1,no_new_outage,bernoulli_full_event,42,0,42,1,0.937373583523531,0.937373583523531,full_event_available,1,1,,"","",paper_formula,Full Bernoulli event probability uses selected probabilities and non-selected complement probabilities.
27,6,1,continue,bernoulli_full_event,42,1,41,0.001679836582,0.938950867539525,0.00157728401599353,full_event_available,0,1,,"10","0.0014773",paper_formula,Full Bernoulli event probability uses selected probabilities and non-selected complement probabilities.
27,6,2,continue,bernoulli_full_event,41,5,36,0.00166189836201025,0.94598803679312,0.00157213596882778,full_event_available,0,1,,"11,12,15,19,23","0.00064454,0.29597,0.1163,0.93119,0.64624",paper_formula,Full Bernoulli event probability uses selected probabilities and non-selected complement probabilities.
27,6,3,continue,bernoulli_full_event,30,4,26,0.814588046696392,0.960702705081206,0.78257693998804,full_event_available,0,1,,"1,2,3,6","0.47414,0.41211,0.40057,0.27203",paper_formula,Full Bernoulli event probability uses selected probabilities and non-selected complement probabilities.
27,6,4,load_loss_threshold,bernoulli_full_event,24,0,24,NaN,NaN,1,terminal_stage_probability_one,1,0,,"","",,Terminal recording stage excluded from Bernoulli complement product.
27,7,1,no_new_outage,bernoulli_full_event,42,0,42,1,0.937373583523531,0.937373583523531,full_event_available,1,1,,"","",paper_formula,Full Bernoulli event probability uses selected probabilities and non-selected complement probabilities.
27,8,1,no_new_outage,bernoulli_full_event,42,0,42,1,0.937373583523531,0.937373583523531,full_event_available,1,1,,"","",paper_formula,Full Bernoulli event probability uses selected probabilities and non-selected complement probabilities.
27,9,1,no_new_outage,bernoulli_full_event,42,0,42,1,0.937373583523531,0.937373583523531,full_event_available,1,1,,"","",paper_formula,Full Bernoulli event probability uses selected probabilities and non-selected complement probabilities.
27,10,1,no_new_outage,bernoulli_full_event,42,0,42,1,0.937373583523531,0.937373583523531,full_event_available,1,1,,"","",paper_formula,Full Bernoulli event probability uses selected probabilities and non-selected complement probabilities.
27,11,1,no_new_outage,bernoulli_full_event,42,0,42,1,0.937373583523531,0.937373583523531,full_event_available,1,1,,"","",paper_formula,Full Bernoulli event probability uses selected probabilities and non-selected complement probabilities.
27,12,1,no_new_outage,bernoulli_full_event,42,0,42,1,0.937373583523531,0.937373583523531,full_event_available,1,1,,"","",paper_formula,Full Bernoulli event probability uses selected probabilities and non-selected complement probabilities.
27,13,1,no_new_outage,bernoulli_full_event,42,0,42,1,0.937373583523531,0.937373583523531,full_event_available,1,1,,"","",paper_formula,Full Bernoulli event probability uses selected probabilities and non-selected complement probabilities.
27,14,1,no_new_outage,bernoulli_full_event,42,0,42,1,0.937373583523531,0.937373583523531,full_event_available,1,1,,"","",paper_formula,Full Bernoulli event probability uses selected probabilities and non-selected complement probabilities.
27,15,1,no_new_outage,bernoulli_full_event,42,0,42,1,0.937373583523531,0.937373583523531,full_event_available,1,1,,"","",paper_formula,Full Bernoulli event probability uses selected probabilities and non-selected complement probabilities.
27,16,1,no_new_outage,bernoulli_full_event,42,0,42,1,0.937373583523531,0.937373583523531,full_event_available,1,1,,"","",paper_formula,Full Bernoulli event probability uses selected probabilities and non-selected complement probabilities.
27,17,1,no_new_outage,bernoulli_full_event,42,0,42,1,0.937373583523531,0.937373583523531,full_event_available,1,1,,"","",paper_formula,Full Bernoulli event probability uses selected probabilities and non-selected complement probabilities.
27,18,1,no_new_outage,bernoulli_full_event,42,0,42,1,0.937373583523531,0.937373583523531,full_event_available,1,1,,"","",paper_formula,Full Bernoulli event probability uses selected probabilities and non-selected complement probabilities.
27,19,1,no_new_outage,bernoulli_full_event,42,0,42,1,0.937373583523531,0.937373583523531,full_event_available,1,1,,"","",paper_formula,Full Bernoulli event probability uses selected probabilities and non-selected complement probabilities.
27,20,1,no_new_outage,bernoulli_full_event,42,0,42,1,0.937373583523531,0.937373583523531,full_event_available,1,1,,"","",paper_formula,Full Bernoulli event probability uses selected probabilities and non-selected complement probabilities.
27,21,1,continue,bernoulli_full_event,42,1,41,0.001575046477,0.93885231956188,0.00147873603834922,full_event_available,0,1,,"43","0.0011873",paper_formula,Full Bernoulli event probability uses selected probabilities and non-selected complement probabilities.
27,21,2,no_new_outage,bernoulli_full_event,41,0,41,1,0.93885231956188,0.93885231956188,full_event_available,1,1,,"","",paper_formula,Full Bernoulli event probability uses selected probabilities and non-selected complement probabilities.
27,22,1,no_new_outage,bernoulli_full_event,42,0,42,1,0.937373583523531,0.937373583523531,full_event_available,1,1,,"","",paper_formula,Full Bernoulli event probability uses selected probabilities and non-selected complement probabilities.
27,23,1,no_new_outage,bernoulli_full_event,42,0,42,1,0.937373583523531,0.937373583523531,full_event_available,1,1,,"","",paper_formula,Full Bernoulli event probability uses selected probabilities and non-selected complement probabilities.
27,24,1,no_new_outage,bernoulli_full_event,42,0,42,1,0.937373583523531,0.937373583523531,full_event_available,1,1,,"","",paper_formula,Full Bernoulli event probability uses selected probabilities and non-selected complement probabilities.
27,25,1,no_new_outage,bernoulli_full_event,42,0,42,1,0.937373583523531,0.937373583523531,full_event_available,1,1,,"","",paper_formula,Full Bernoulli event probability uses selected probabilities and non-selected complement probabilities.
27,26,1,no_new_outage,bernoulli_full_event,42,0,42,1,0.937373583523531,0.937373583523531,full_event_available,1,1,,"","",paper_formula,Full Bernoulli event probability uses selected probabilities and non-selected complement probabilities.
27,27,1,no_new_outage,bernoulli_full_event,42,0,42,1,0.937373583523531,0.937373583523531,full_event_available,1,1,,"","",paper_formula,Full Bernoulli event probability uses selected probabilities and non-selected complement probabilities.
27,28,1,no_new_outage,bernoulli_full_event,42,0,42,1,0.937373583523531,0.937373583523531,full_event_available,1,1,,"","",paper_formula,Full Bernoulli event probability uses selected probabilities and non-selected complement probabilities.
27,29,1,no_new_outage,bernoulli_full_event,42,0,42,1,0.937373583523531,0.937373583523531,full_event_available,1,1,,"","",paper_formula,Full Bernoulli event probability uses selected probabilities and non-selected complement probabilities.
27,30,1,no_new_outage,bernoulli_full_event,42,0,42,1,0.937373583523531,0.937373583523531,full_event_available,1,1,,"","",paper_formula,Full Bernoulli event probability uses selected probabilities and non-selected complement probabilities.
28,1,1,continue,bernoulli_full_event,45,1,44,1,0.935570495188935,0.935570495188935,full_event_available,0,1,,"38","0.55525",paper_formula,Full Bernoulli event probability uses selected probabilities and non-selected complement probabilities.
28,1,2,continue,bernoulli_full_event,40,3,37,0.290533591374724,0.234164338057368,0.0680326061076922,full_event_available,0,1,,"8,14,23","0.18798,0.15649,0.56973",paper_formula,Full Bernoulli event probability uses selected probabilities and non-selected complement probabilities.
28,1,3,continue,bernoulli_full_event,37,7,30,0.970587908423638,0.955387740367288,0.927287788656671,full_event_available,0,1,,"1,2,3,6,13,18,27","0.80324,0.4713,0.037748,0.8465,0.6551,0.97062,0.89481",paper_formula,Full Bernoulli event probability uses selected probabilities and non-selected complement probabilities.
28,1,4,load_loss_threshold,bernoulli_full_event,0,0,0,NaN,NaN,1,terminal_stage_probability_one,1,0,,"","",,Terminal recording stage excluded from Bernoulli complement product.
28,2,1,continue,bernoulli_full_event,45,2,43,0.001599996502,0.93706980359682,0.00149930840788474,full_event_available,0,1,,"37,38","0.0015907,0.40393",paper_formula,Full Bernoulli event probability uses selected probabilities and non-selected complement probabilities.
28,2,2,continue,bernoulli_full_event,40,1,39,0.975165863702654,0.0450284726453571,0.043910229418421,full_event_available,0,1,,"23","0.43787",paper_formula,Full Bernoulli event probability uses selected probabilities and non-selected complement probabilities.
28,2,3,continue,bernoulli_full_event,39,4,35,1,0.17770860349276,0.17770860349276,full_event_available,0,1,,"8,10,13,18","0.72741,0.42303,0.87883,0.34062",paper_formula,Full Bernoulli event probability uses selected probabilities and non-selected complement probabilities.
28,2,4,continue,bernoulli_full_event,31,5,26,0.779806653504959,0.960922534537152,0.74933378593492,full_event_available,0,1,,"3,12,14,15,27","0.87605,0.46362,0.79598,0.70502,0.24658",paper_formula,Full Bernoulli event probability uses selected probabilities and non-selected complement probabilities.
28,2,5,max_depth_reached,bernoulli_full_event,0,0,0,NaN,NaN,1,terminal_stage_probability_one,1,0,,"","",,Terminal recording stage excluded from Bernoulli complement product.
28,3,1,continue,bernoulli_full_event,45,2,43,0.001782630685,0.937241250200791,0.00167075501185569,full_event_available,0,1,,"17,38","0.00078905,0.38029",paper_formula,Full Bernoulli event probability uses selected probabilities and non-selected complement probabilities.
28,3,2,continue,bernoulli_full_event,39,4,35,0.592076127318873,0.948904594646338,0.561823757593289,full_event_available,0,1,,"8,14,19,23","0.72457,0.41949,0.42009,0.84628",paper_formula,Full Bernoulli event probability uses selected probabilities and non-selected complement probabilities.
28,3,3,continue,bernoulli_full_event,25,5,20,0.970587908423638,0.970033562706606,0.941502846728134,full_event_available,0,1,,"1,2,3,6,27","0.64652,0.50608,0.95076,0.87707,0.7401",paper_formula,Full Bernoulli event probability uses selected probabilities and non-selected complement probabilities.
28,3,4,load_loss_threshold,bernoulli_full_event,0,0,0,NaN,NaN,1,terminal_stage_probability_one,1,0,,"","",,Terminal recording stage excluded from Bernoulli complement product.
28,4,1,continue,bernoulli_full_event,45,1,44,1,0.935570495188935,0.935570495188935,full_event_available,0,1,,"38","0.98606",paper_formula,Full Bernoulli event probability uses selected probabilities and non-selected complement probabilities.
28,4,2,continue,bernoulli_full_event,40,3,37,0.470137284912313,0.506566009066077,0.238155568131192,full_event_available,0,1,,"8,19,23","0.15477,0.28899,0.12918",paper_formula,Full Bernoulli event probability uses selected probabilities and non-selected complement probabilities.
28,4,3,continue,bernoulli_full_event,37,8,29,0.52475011720905,0.495714197226363,0.260126083096724,full_event_available,0,1,,"1,3,12,13,16,17,18,27","0.18633,0.42299,0.71792,0.033401,0.81787,0.72429,0.29197,0.15578",paper_formula,Full Bernoulli event probability uses selected probabilities and non-selected complement probabilities.
28,4,4,load_loss_threshold,bernoulli_full_event,0,0,0,NaN,NaN,1,terminal_stage_probability_one,1,0,,"","",,Terminal recording stage excluded from Bernoulli complement product.
28,5,1,continue,bernoulli_full_event,45,1,44,1,0.935570495188935,0.935570495188935,full_event_available,0,1,,"38","0.15457",paper_formula,Full Bernoulli event probability uses selected probabilities and non-selected complement probabilities.
28,5,2,continue,bernoulli_full_event,40,3,37,0.341501960361439,0.340585190592223,0.116310510257319,full_event_available,0,1,,"14,19,23","0.34649,0.19305,0.66077",paper_formula,Full Bernoulli event probability uses selected probabilities and non-selected complement probabilities.
28,5,3,continue,bernoulli_full_event,37,3,34,1,0.950313097398786,0.950313097398786,full_event_available,0,1,,"3,13,18","0.30212,0.56166,0.34415",paper_formula,Full Bernoulli event probability uses selected probabilities and non-selected complement probabilities.
28,5,4,load_loss_threshold,bernoulli_full_event,31,0,31,NaN,NaN,1,terminal_stage_probability_one,1,0,,"","",,Terminal recording stage excluded from Bernoulli complement product.
28,6,1,continue,bernoulli_full_event,45,1,44,1,0.935570495188935,0.935570495188935,full_event_available,0,1,,"38","0.75033",paper_formula,Full Bernoulli event probability uses selected probabilities and non-selected complement probabilities.
28,6,2,continue,bernoulli_full_event,40,2,38,0.624529803336119,0.125230215547482,0.0782100018876085,full_event_available,0,1,,"8,23","0.42824,0.56643",paper_formula,Full Bernoulli event probability uses selected probabilities and non-selected complement probabilities.
28,6,3,continue,bernoulli_full_event,38,8,30,0.52474262440773,0.495220340856326,0.259863221321039,full_event_available,0,1,,"1,3,12,13,16,17,18,27","0.21051,0.10214,0.27335,0.60533,0.13889,0.17262,0.098923,0.076713",paper_formula,Full Bernoulli event probability uses selected probabilities and non-selected complement probabilities.
28,6,4,load_loss_threshold,bernoulli_full_event,0,0,0,NaN,NaN,1,terminal_stage_probability_one,1,0,,"","",,Terminal recording stage excluded from Bernoulli complement product.
28,7,1,continue,bernoulli_full_event,45,1,44,1,0.935570495188935,0.935570495188935,full_event_available,0,1,,"38","0.10831",paper_formula,Full Bernoulli event probability uses selected probabilities and non-selected complement probabilities.
28,7,2,continue,bernoulli_full_event,40,4,36,0.21870961657089,0.947213048198784,0.2071646025825,full_event_available,0,1,,"8,14,19,23","0.3056,0.13569,0.25077,0.055429",paper_formula,Full Bernoulli event probability uses selected probabilities and non-selected complement probabilities.
28,7,3,continue,bernoulli_full_event,36,7,29,0.970587908423638,0.957093885295641,0.928943752294149,full_event_available,0,1,,"1,2,3,6,13,18,27","0.25093,0.4258,0.034767,0.41273,0.20938,0.17718,0.32066",paper_formula,Full Bernoulli event probability uses selected probabilities and non-selected complement probabilities.
28,7,4,load_loss_threshold,bernoulli_full_event,0,0,0,NaN,NaN,1,terminal_stage_probability_one,1,0,,"","",,Terminal recording stage excluded from Bernoulli complement product.
28,8,1,continue,bernoulli_full_event,45,1,44,1,0.935570495188935,0.935570495188935,full_event_available,0,1,,"38","0.69677",paper_formula,Full Bernoulli event probability uses selected probabilities and non-selected complement probabilities.
28,8,2,continue,bernoulli_full_event,40,4,36,0.21870961657089,0.947213048198784,0.2071646025825,full_event_available,0,1,,"8,14,19,23","0.56096,0.46347,0.36028,0.60025",paper_formula,Full Bernoulli event probability uses selected probabilities and non-selected complement probabilities.
28,8,3,continue,bernoulli_full_event,36,7,29,0.970587908423638,0.957093885295641,0.928943752294149,full_event_available,0,1,,"1,2,3,6,13,18,27","0.95428,0.36151,0.65701,0.59077,0.99273,0.12257,0.1587",paper_formula,Full Bernoulli event probability uses selected probabilities and non-selected complement probabilities.
28,8,4,load_loss_threshold,bernoulli_full_event,0,0,0,NaN,NaN,1,terminal_stage_probability_one,1,0,,"","",,Terminal recording stage excluded from Bernoulli complement product.
28,9,1,continue,bernoulli_full_event,45,1,44,1,0.935570495188935,0.935570495188935,full_event_available,0,1,,"38","0.75947",paper_formula,Full Bernoulli event probability uses selected probabilities and non-selected complement probabilities.
28,9,2,continue,bernoulli_full_event,40,3,37,0.341501960361439,0.340585190592223,0.116310510257319,full_event_available,0,1,,"14,19,23","0.070814,0.55081,0.45728",paper_formula,Full Bernoulli event probability uses selected probabilities and non-selected complement probabilities.
28,9,3,continue,bernoulli_full_event,37,3,34,1,0.950313097398786,0.950313097398786,full_event_available,0,1,,"3,13,18","0.61865,0.62673,0.47478",paper_formula,Full Bernoulli event probability uses selected probabilities and non-selected complement probabilities.
28,9,4,load_loss_threshold,bernoulli_full_event,31,0,31,NaN,NaN,1,terminal_stage_probability_one,1,0,,"","",,Terminal recording stage excluded from Bernoulli complement product.
28,10,1,continue,bernoulli_full_event,45,1,44,1,0.935570495188935,0.935570495188935,full_event_available,0,1,,"38","0.072943",paper_formula,Full Bernoulli event probability uses selected probabilities and non-selected complement probabilities.
28,10,2,continue,bernoulli_full_event,40,3,37,0.341501960361439,0.340585190592223,0.116310510257319,full_event_available,0,1,,"14,19,23","0.19528,0.52875,0.45806",paper_formula,Full Bernoulli event probability uses selected probabilities and non-selected complement probabilities.
28,10,3,continue,bernoulli_full_event,37,3,34,1,0.950313097398786,0.950313097398786,full_event_available,0,1,,"3,13,18","0.71334,0.13261,0.54525",paper_formula,Full Bernoulli event probability uses selected probabilities and non-selected complement probabilities.
28,10,4,load_loss_threshold,bernoulli_full_event,31,0,31,NaN,NaN,1,terminal_stage_probability_one,1,0,,"","",,Terminal recording stage excluded from Bernoulli complement product.
28,11,1,continue,bernoulli_full_event,45,1,44,1,0.935570495188935,0.935570495188935,full_event_available,0,1,,"38","0.97108",paper_formula,Full Bernoulli event probability uses selected probabilities and non-selected complement probabilities.
28,11,2,continue,bernoulli_full_event,40,2,38,0.453650793051243,0.0841974314636272,0.0381962315563521,full_event_available,0,1,,"14,23","0.40583,0.95084",paper_formula,Full Bernoulli event probability uses selected probabilities and non-selected complement probabilities.
28,11,3,continue,bernoulli_full_event,38,3,35,1,0.948619040111006,0.948619040111006,full_event_available,0,1,,"3,13,18","0.62681,0.0052235,0.060334",paper_formula,Full Bernoulli event probability uses selected probabilities and non-selected complement probabilities.
28,11,4,load_loss_threshold,bernoulli_full_event,31,0,31,NaN,NaN,1,terminal_stage_probability_one,1,0,,"","",,Terminal recording stage excluded from Bernoulli complement product.
28,12,1,continue,bernoulli_full_event,45,1,44,1,0.935570495188935,0.935570495188935,full_event_available,0,1,,"38","0.35986",paper_formula,Full Bernoulli event probability uses selected probabilities and non-selected complement probabilities.
28,12,2,continue,bernoulli_full_event,40,1,39,0.975165863702654,0.0450284726453571,0.043910229418421,full_event_available,0,1,,"23","0.68294",paper_formula,Full Bernoulli event probability uses selected probabilities and non-selected complement probabilities.
28,12,3,continue,bernoulli_full_event,39,5,34,0.812916385088909,0.949888655814209,0.772180052321449,full_event_available,0,1,,"8,10,13,14,18","0.74175,0.41861,0.7136,0.29881,0.94424",paper_formula,Full Bernoulli event probability uses selected probabilities and non-selected complement probabilities.
28,12,4,continue,bernoulli_full_event,30,2,28,1,0.958537620154475,0.958537620154475,full_event_available,0,1,,"3,27","0.041559,0.87752",paper_formula,Full Bernoulli event probability uses selected probabilities and non-selected complement probabilities.
28,12,5,max_depth_reached,bernoulli_full_event,0,0,0,NaN,NaN,1,terminal_stage_probability_one,1,0,,"","",,Terminal recording stage excluded from Bernoulli complement product.
28,13,1,continue,bernoulli_full_event,45,1,44,1,0.935570495188935,0.935570495188935,full_event_available,0,1,,"38","0.070933",paper_formula,Full Bernoulli event probability uses selected probabilities and non-selected complement probabilities.
28,13,2,continue,bernoulli_full_event,40,3,37,0.470137284912313,0.506566009066077,0.238155568131192,full_event_available,0,1,,"8,19,23","0.19417,0.75186,0.20193",paper_formula,Full Bernoulli event probability uses selected probabilities and non-selected complement probabilities.
28,13,3,continue,bernoulli_full_event,37,7,30,0.99933553283543,0.235415153962421,0.235258728322571,full_event_available,0,1,,"1,3,12,13,16,17,18","0.042783,0.6473,0.83817,0.69668,0.66082,0.24333,0.68942",paper_formula,Full Bernoulli event probability uses selected probabilities and non-selected complement probabilities.
28,13,4,load_loss_threshold,bernoulli_full_event,22,0,22,NaN,NaN,1,terminal_stage_probability_one,1,0,,"","",,Terminal recording stage excluded from Bernoulli complement product.
28,14,1,continue,bernoulli_full_event,45,1,44,1,0.935570495188935,0.935570495188935,full_event_available,0,1,,"38","0.99164",paper_formula,Full Bernoulli event probability uses selected probabilities and non-selected complement probabilities.
28,14,2,continue,bernoulli_full_event,40,3,37,0.470137284912313,0.506566009066077,0.238155568131192,full_event_available,0,1,,"8,19,23","0.06089,0.56503,0.38996",paper_formula,Full Bernoulli event probability uses selected probabilities and non-selected complement probabilities.
28,14,3,continue,bernoulli_full_event,37,10,27,0.0236074046353082,0.959754351257203,0.0226573093206265,full_event_available,0,1,,"1,3,6,11,12,13,16,17,18,27","0.20184,0.30861,0.37405,0.024159,0.63688,0.00011237,0.21287,0.92614,0.28976,0.076458",paper_formula,Full Bernoulli event probability uses selected probabilities and non-selected complement probabilities.
28,14,4,load_loss_threshold,bernoulli_full_event,0,0,0,NaN,NaN,1,terminal_stage_probability_one,1,0,,"","",,Terminal recording stage excluded from Bernoulli complement product.
28,15,1,continue,bernoulli_full_event,45,1,44,1,0.935570495188935,0.935570495188935,full_event_available,0,1,,"38","0.98402",paper_formula,Full Bernoulli event probability uses selected probabilities and non-selected complement probabilities.
28,15,2,continue,bernoulli_full_event,40,3,37,0.470137284912313,0.506566009066077,0.238155568131192,full_event_available,0,1,,"8,19,23","0.42585,0.31117,0.58945",paper_formula,Full Bernoulli event probability uses selected probabilities and non-selected complement probabilities.
28,15,3,continue,bernoulli_full_event,37,8,29,0.52475011720905,0.495714197226363,0.260126083096724,full_event_available,0,1,,"1,3,12,13,16,17,18,27","0.51164,0.23045,0.08654,0.014363,0.84691,0.68788,0.55655,0.18873",paper_formula,Full Bernoulli event probability uses selected probabilities and non-selected complement probabilities.
28,15,4,load_loss_threshold,bernoulli_full_event,0,0,0,NaN,NaN,1,terminal_stage_probability_one,1,0,,"","",,Terminal recording stage excluded from Bernoulli complement product.
28,16,1,continue,bernoulli_full_event,45,1,44,1,0.935570495188935,0.935570495188935,full_event_available,0,1,,"38","0.028599",paper_formula,Full Bernoulli event probability uses selected probabilities and non-selected complement probabilities.
28,16,2,continue,bernoulli_full_event,40,4,36,0.000736265296983166,0.507360568424751,0.000373551979588797,full_event_available,0,1,,"8,19,23,25","0.013677,0.059561,0.52141,0.00062186",paper_formula,Full Bernoulli event probability uses selected probabilities and non-selected complement probabilities.
28,16,3,continue,bernoulli_full_event,36,5,31,0.881105924726391,0.954105156417396,0.840667706131368,full_event_available,0,1,,"3,6,13,18,27","0.55354,0.50555,0.72484,0.93048,0.84786",paper_formula,Full Bernoulli event probability uses selected probabilities and non-selected complement probabilities.
28,16,4,load_loss_threshold,bernoulli_full_event,23,0,23,NaN,NaN,1,terminal_stage_probability_one,1,0,,"","",,Terminal recording stage excluded from Bernoulli complement product.
28,17,1,continue,bernoulli_full_event,45,1,44,1,0.935570495188935,0.935570495188935,full_event_available,0,1,,"38","0.76819",paper_formula,Full Bernoulli event probability uses selected probabilities and non-selected complement probabilities.
28,17,2,continue,bernoulli_full_event,40,4,36,0.21870961657089,0.947213048198784,0.2071646025825,full_event_available,0,1,,"8,14,19,23","0.15434,0.092402,0.20065,0.25016",paper_formula,Full Bernoulli event probability uses selected probabilities and non-selected complement probabilities.
28,17,3,continue,bernoulli_full_event,36,7,29,0.970587908423638,0.957093885295641,0.928943752294149,full_event_available,0,1,,"1,2,3,6,13,18,27","0.68326,0.29306,0.15622,0.46362,0.12696,0.52032,0.16869",paper_formula,Full Bernoulli event probability uses selected probabilities and non-selected complement probabilities.
28,17,4,load_loss_threshold,bernoulli_full_event,0,0,0,NaN,NaN,1,terminal_stage_probability_one,1,0,,"","",,Terminal recording stage excluded from Bernoulli complement product.
28,18,1,continue,bernoulli_full_event,45,1,44,1,0.935570495188935,0.935570495188935,full_event_available,0,1,,"38","0.65434",paper_formula,Full Bernoulli event probability uses selected probabilities and non-selected complement probabilities.
28,18,2,continue,bernoulli_full_event,40,3,37,0.470137284912313,0.506566009066077,0.238155568131192,full_event_available,0,1,,"8,19,23","0.60203,0.28107,0.51781",paper_formula,Full Bernoulli event probability uses selected probabilities and non-selected complement probabilities.
28,18,3,continue,bernoulli_full_event,37,8,29,0.52475011720905,0.495714197226363,0.260126083096724,full_event_available,0,1,,"1,3,12,13,16,17,18,27","0.18221,0.051564,0.87932,0.20256,0.90393,0.8672,0.67731,0.39079",paper_formula,Full Bernoulli event probability uses selected probabilities and non-selected complement probabilities.
28,18,4,load_loss_threshold,bernoulli_full_event,0,0,0,NaN,NaN,1,terminal_stage_probability_one,1,0,,"","",,Terminal recording stage excluded from Bernoulli complement product.
28,19,1,continue,bernoulli_full_event,45,1,44,1,0.935570495188935,0.935570495188935,full_event_available,0,1,,"38","0.81901",paper_formula,Full Bernoulli event probability uses selected probabilities and non-selected complement probabilities.
28,19,2,continue,bernoulli_full_event,40,4,36,0.000395554007193646,0.234483581418566,9.27509202512312e-05,full_event_available,0,1,,"8,12,14,23","0.36842,0.0010081,0.37753,0.32192",paper_formula,Full Bernoulli event probability uses selected probabilities and non-selected complement probabilities.
28,19,3,continue,bernoulli_full_event,36,7,29,0.970587908423638,0.956690249519672,0.928551988290586,full_event_available,0,1,,"1,2,3,6,13,18,27","0.6817,0.42629,0.18838,0.26443,0.56305,0.78877,0.94891",paper_formula,Full Bernoulli event probability uses selected probabilities and non-selected complement probabilities.
28,19,4,load_loss_threshold,bernoulli_full_event,0,0,0,NaN,NaN,1,terminal_stage_probability_one,1,0,,"","",,Terminal recording stage excluded from Bernoulli complement product.
28,20,1,continue,bernoulli_full_event,45,1,44,1,0.935570495188935,0.935570495188935,full_event_available,0,1,,"38","0.75811",paper_formula,Full Bernoulli event probability uses selected probabilities and non-selected complement probabilities.
28,20,2,continue,bernoulli_full_event,40,4,36,0.21870961657089,0.947213048198784,0.2071646025825,full_event_available,0,1,,"8,14,19,23","0.081716,0.24716,0.56065,0.42456",paper_formula,Full Bernoulli event probability uses selected probabilities and non-selected complement probabilities.
28,20,3,continue,bernoulli_full_event,36,6,30,1,0.028150133001492,0.028150133001492,full_event_available,0,1,,"1,2,3,6,13,18","0.3809,0.55534,0.731,0.79559,0.65786,0.62799",paper_formula,Full Bernoulli event probability uses selected probabilities and non-selected complement probabilities.
28,20,4,load_loss_threshold,bernoulli_full_event,21,0,21,NaN,NaN,1,terminal_stage_probability_one,1,0,,"","",,Terminal recording stage excluded from Bernoulli complement product.
28,21,1,continue,bernoulli_full_event,45,1,44,1,0.935570495188935,0.935570495188935,full_event_available,0,1,,"38","0.94077",paper_formula,Full Bernoulli event probability uses selected probabilities and non-selected complement probabilities.
28,21,2,continue,bernoulli_full_event,40,3,37,0.470137284912313,0.506566009066077,0.238155568131192,full_event_available,0,1,,"8,19,23","0.50401,0.25953,0.2325",paper_formula,Full Bernoulli event probability uses selected probabilities and non-selected complement probabilities.
28,21,3,continue,bernoulli_full_event,37,8,29,0.421559634622156,0.407179892844423,0.171650606852983,full_event_available,0,1,,"1,3,6,12,13,16,17,18","0.3532,0.63043,0.38164,0.49209,0.38352,0.94584,0.11239,0.56033",paper_formula,Full Bernoulli event probability uses selected probabilities and non-selected complement probabilities.
28,21,4,load_loss_threshold,bernoulli_full_event,21,0,21,NaN,NaN,1,terminal_stage_probability_one,1,0,,"","",,Terminal recording stage excluded from Bernoulli complement product.
28,22,1,continue,bernoulli_full_event,45,1,44,1,0.935570495188935,0.935570495188935,full_event_available,0,1,,"38","0.4605",paper_formula,Full Bernoulli event probability uses selected probabilities and non-selected complement probabilities.
28,22,2,continue,bernoulli_full_event,40,2,38,0.482110072154521,0.0125801293127493,0.00606500705068279,full_event_available,0,1,,"8,19","0.1038,0.26707",paper_formula,Full Bernoulli event probability uses selected probabilities and non-selected complement probabilities.
28,22,3,continue,bernoulli_full_event,38,5,33,1,0.546244249783417,0.546244249783417,full_event_available,0,1,,"3,18,21,22,23","0.41163,0.5,0.33232,0.40309,0.3099",paper_formula,Full Bernoulli event probability uses selected probabilities and non-selected complement probabilities.
28,22,4,load_loss_threshold,bernoulli_full_event,32,0,32,NaN,NaN,1,terminal_stage_probability_one,1,0,,"","",,Terminal recording stage excluded from Bernoulli complement product.
28,23,1,continue,bernoulli_full_event,45,1,44,1,0.935570495188935,0.935570495188935,full_event_available,0,1,,"38","0.17545",paper_formula,Full Bernoulli event probability uses selected probabilities and non-selected complement probabilities.
28,23,2,continue,bernoulli_full_event,40,3,37,0.470137284912313,0.506566009066077,0.238155568131192,full_event_available,0,1,,"8,19,23","0.20543,0.43771,0.82316",paper_formula,Full Bernoulli event probability uses selected probabilities and non-selected complement probabilities.
28,23,3,continue,bernoulli_full_event,37,7,30,0.99933553283543,0.235415153962421,0.235258728322571,full_event_available,0,1,,"1,3,12,13,16,17,18","0.0098776,0.91305,0.079649,0.83217,0.68286,0.30738,0.46745",paper_formula,Full Bernoulli event probability uses selected probabilities and non-selected complement probabilities.
28,23,4,load_loss_threshold,bernoulli_full_event,22,0,22,NaN,NaN,1,terminal_stage_probability_one,1,0,,"","",,Terminal recording stage excluded from Bernoulli complement product.
28,24,1,continue,bernoulli_full_event,45,1,44,1,0.935570495188935,0.935570495188935,full_event_available,0,1,,"38","0.59891",paper_formula,Full Bernoulli event probability uses selected probabilities and non-selected complement probabilities.
28,24,2,continue,bernoulli_full_event,40,2,38,0.734091197972171,0.182143690982078,0.133710080316107,full_event_available,0,1,,"19,23","0.073873,0.3312",paper_formula,Full Bernoulli event probability uses selected probabilities and non-selected complement probabilities.
28,24,3,continue,bernoulli_full_event,38,5,33,0.837981015314945,0.951584980399655,0.797410148033755,full_event_available,0,1,,"8,10,13,14,18","0.49871,0.95437,0.12783,0.72443,0.26205",paper_formula,Full Bernoulli event probability uses selected probabilities and non-selected complement probabilities.
28,24,4,continue,bernoulli_full_event,30,2,28,1,0.958537620154475,0.958537620154475,full_event_available,0,1,,"3,27","0.032809,0.55591",paper_formula,Full Bernoulli event probability uses selected probabilities and non-selected complement probabilities.
28,24,5,max_depth_reached,bernoulli_full_event,0,0,0,NaN,NaN,1,terminal_stage_probability_one,1,0,,"","",,Terminal recording stage excluded from Bernoulli complement product.
28,25,1,continue,bernoulli_full_event,45,1,44,1,0.935570495188935,0.935570495188935,full_event_available,0,1,,"38","0.11933",paper_formula,Full Bernoulli event probability uses selected probabilities and non-selected complement probabilities.
28,25,2,continue,bernoulli_full_event,40,3,37,0.341501960361439,0.340585190592223,0.116310510257319,full_event_available,0,1,,"14,19,23","0.31547,0.59825,0.61918",paper_formula,Full Bernoulli event probability uses selected probabilities and non-selected complement probabilities.
28,25,3,continue,bernoulli_full_event,37,3,34,1,0.950313097398786,0.950313097398786,full_event_available,0,1,,"3,13,18","0.58999,0.049127,0.90705",paper_formula,Full Bernoulli event probability uses selected probabilities and non-selected complement probabilities.
28,25,4,load_loss_threshold,bernoulli_full_event,31,0,31,NaN,NaN,1,terminal_stage_probability_one,1,0,,"","",,Terminal recording stage excluded from Bernoulli complement product.
28,26,1,continue,bernoulli_full_event,45,1,44,1,0.935570495188935,0.935570495188935,full_event_available,0,1,,"38","0.64962",paper_formula,Full Bernoulli event probability uses selected probabilities and non-selected complement probabilities.
28,26,2,continue,bernoulli_full_event,40,4,36,0.21870961657089,0.947213048198784,0.2071646025825,full_event_available,0,1,,"8,14,19,23","0.22015,0.13337,0.44609,0.88197",paper_formula,Full Bernoulli event probability uses selected probabilities and non-selected complement probabilities.
28,26,3,continue,bernoulli_full_event,36,7,29,0.970587908423638,0.957093885295641,0.928943752294149,full_event_available,0,1,,"1,2,3,6,13,18,27","0.5525,0.1772,0.68924,0.50565,0.28537,0.82898,0.82858",paper_formula,Full Bernoulli event probability uses selected probabilities and non-selected complement probabilities.
28,26,4,load_loss_threshold,bernoulli_full_event,0,0,0,NaN,NaN,1,terminal_stage_probability_one,1,0,,"","",,Terminal recording stage excluded from Bernoulli complement product.
28,27,1,continue,bernoulli_full_event,45,1,44,1,0.935570495188935,0.935570495188935,full_event_available,0,1,,"38","0.68509",paper_formula,Full Bernoulli event probability uses selected probabilities and non-selected complement probabilities.
28,27,2,continue,bernoulli_full_event,40,3,37,0.470137284912313,0.506566009066077,0.238155568131192,full_event_available,0,1,,"8,19,23","0.51779,0.059257,0.38142",paper_formula,Full Bernoulli event probability uses selected probabilities and non-selected complement probabilities.
28,27,3,continue,bernoulli_full_event,37,9,28,0.221360554498576,0.857399578194994,0.189794446056089,full_event_available,0,1,,"1,3,6,12,13,16,17,18,27","0.23556,0.48213,0.019434,0.65647,0.53056,0.42105,0.88527,0.43915,0.20568",paper_formula,Full Bernoulli event probability uses selected probabilities and non-selected complement probabilities.
28,27,4,load_loss_threshold,bernoulli_full_event,0,0,0,NaN,NaN,1,terminal_stage_probability_one,1,0,,"","",,Terminal recording stage excluded from Bernoulli complement product.
28,28,1,continue,bernoulli_full_event,45,1,44,1,0.935570495188935,0.935570495188935,full_event_available,0,1,,"38","0.064489",paper_formula,Full Bernoulli event probability uses selected probabilities and non-selected complement probabilities.
28,28,2,continue,bernoulli_full_event,40,2,38,0.624529803336119,0.125230215547482,0.0782100018876085,full_event_available,0,1,,"8,23","0.29964,0.52072",paper_formula,Full Bernoulli event probability uses selected probabilities and non-selected complement probabilities.
28,28,3,continue,bernoulli_full_event,38,7,31,0.999321263524604,0.235180621092432,0.23502099542659,full_event_available,0,1,,"1,3,12,13,16,17,18","0.26849,0.46069,0.7654,0.77669,0.81411,0.65039,0.61954",paper_formula,Full Bernoulli event probability uses selected probabilities and non-selected complement probabilities.
28,28,4,load_loss_threshold,bernoulli_full_event,22,0,22,NaN,NaN,1,terminal_stage_probability_one,1,0,,"","",,Terminal recording stage excluded from Bernoulli complement product.
28,29,1,continue,bernoulli_full_event,45,1,44,1,0.935570495188935,0.935570495188935,full_event_available,0,1,,"38","0.74843",paper_formula,Full Bernoulli event probability uses selected probabilities and non-selected complement probabilities.
28,29,2,continue,bernoulli_full_event,40,2,38,0.734091197972171,0.182143690982078,0.133710080316107,full_event_available,0,1,,"19,23","0.01828,0.7987",paper_formula,Full Bernoulli event probability uses selected probabilities and non-selected complement probabilities.
28,29,3,continue,bernoulli_full_event,38,4,34,1,0.1541748323659,0.1541748323659,full_event_available,0,1,,"8,10,13,18","0.7732,0.93203,0.045689,0.81759",paper_formula,Full Bernoulli event probability uses selected probabilities and non-selected complement probabilities.
28,29,4,continue,bernoulli_full_event,31,4,27,0.999479235534207,0.211198318871569,0.211088334291866,full_event_available,0,1,,"3,12,14,15","0.26595,0.24795,0.17292,0.26955",paper_formula,Full Bernoulli event probability uses selected probabilities and non-selected complement probabilities.
28,29,5,max_depth_reached,bernoulli_full_event,27,0,27,NaN,NaN,1,terminal_stage_probability_one,1,0,,"","",,Terminal recording stage excluded from Bernoulli complement product.
28,30,1,continue,bernoulli_full_event,45,1,44,1,0.935570495188935,0.935570495188935,full_event_available,0,1,,"38","0.64693",paper_formula,Full Bernoulli event probability uses selected probabilities and non-selected complement probabilities.
28,30,2,continue,bernoulli_full_event,40,3,37,0.341501960361439,0.340585190592223,0.116310510257319,full_event_available,0,1,,"14,19,23","0.19741,0.30882,0.20692",paper_formula,Full Bernoulli event probability uses selected probabilities and non-selected complement probabilities.
28,30,3,continue,bernoulli_full_event,37,3,34,1,0.950313097398786,0.950313097398786,full_event_available,0,1,,"3,13,18","0.84447,0.34783,0.76884",paper_formula,Full Bernoulli event probability uses selected probabilities and non-selected complement probabilities.
28,30,4,load_loss_threshold,bernoulli_full_event,31,0,31,NaN,NaN,1,terminal_stage_probability_one,1,0,,"","",,Terminal recording stage excluded from Bernoulli complement product.
29,1,1,no_new_outage,bernoulli_full_event,45,0,45,1,0.934308904577628,0.934308904577628,full_event_available,1,1,,"","",paper_formula,Full Bernoulli event probability uses selected probabilities and non-selected complement probabilities.
29,2,1,no_new_outage,bernoulli_full_event,45,0,45,1,0.934308904577628,0.934308904577628,full_event_available,1,1,,"","",paper_formula,Full Bernoulli event probability uses selected probabilities and non-selected complement probabilities.
29,3,1,no_new_outage,bernoulli_full_event,45,0,45,1,0.934308904577628,0.934308904577628,full_event_available,1,1,,"","",paper_formula,Full Bernoulli event probability uses selected probabilities and non-selected complement probabilities.
29,4,1,no_new_outage,bernoulli_full_event,45,0,45,1,0.934308904577628,0.934308904577628,full_event_available,1,1,,"","",paper_formula,Full Bernoulli event probability uses selected probabilities and non-selected complement probabilities.
29,5,1,no_new_outage,bernoulli_full_event,45,0,45,1,0.934308904577628,0.934308904577628,full_event_available,1,1,,"","",paper_formula,Full Bernoulli event probability uses selected probabilities and non-selected complement probabilities.
29,6,1,no_new_outage,bernoulli_full_event,45,0,45,1,0.934308904577628,0.934308904577628,full_event_available,1,1,,"","",paper_formula,Full Bernoulli event probability uses selected probabilities and non-selected complement probabilities.
29,7,1,no_new_outage,bernoulli_full_event,45,0,45,1,0.934308904577628,0.934308904577628,full_event_available,1,1,,"","",paper_formula,Full Bernoulli event probability uses selected probabilities and non-selected complement probabilities.
29,8,1,no_new_outage,bernoulli_full_event,45,0,45,1,0.934308904577628,0.934308904577628,full_event_available,1,1,,"","",paper_formula,Full Bernoulli event probability uses selected probabilities and non-selected complement probabilities.
29,9,1,no_new_outage,bernoulli_full_event,45,0,45,1,0.934308904577628,0.934308904577628,full_event_available,1,1,,"","",paper_formula,Full Bernoulli event probability uses selected probabilities and non-selected complement probabilities.
29,10,1,no_new_outage,bernoulli_full_event,45,0,45,1,0.934308904577628,0.934308904577628,full_event_available,1,1,,"","",paper_formula,Full Bernoulli event probability uses selected probabilities and non-selected complement probabilities.
29,11,1,no_new_outage,bernoulli_full_event,45,0,45,1,0.934308904577628,0.934308904577628,full_event_available,1,1,,"","",paper_formula,Full Bernoulli event probability uses selected probabilities and non-selected complement probabilities.
29,12,1,no_new_outage,bernoulli_full_event,45,0,45,1,0.934308904577628,0.934308904577628,full_event_available,1,1,,"","",paper_formula,Full Bernoulli event probability uses selected probabilities and non-selected complement probabilities.
29,13,1,no_new_outage,bernoulli_full_event,45,0,45,1,0.934308904577628,0.934308904577628,full_event_available,1,1,,"","",paper_formula,Full Bernoulli event probability uses selected probabilities and non-selected complement probabilities.
29,14,1,no_new_outage,bernoulli_full_event,45,0,45,1,0.934308904577628,0.934308904577628,full_event_available,1,1,,"","",paper_formula,Full Bernoulli event probability uses selected probabilities and non-selected complement probabilities.
29,15,1,no_new_outage,bernoulli_full_event,45,0,45,1,0.934308904577628,0.934308904577628,full_event_available,1,1,,"","",paper_formula,Full Bernoulli event probability uses selected probabilities and non-selected complement probabilities.
29,16,1,no_new_outage,bernoulli_full_event,45,0,45,1,0.934308904577628,0.934308904577628,full_event_available,1,1,,"","",paper_formula,Full Bernoulli event probability uses selected probabilities and non-selected complement probabilities.
29,17,1,no_new_outage,bernoulli_full_event,45,0,45,1,0.934308904577628,0.934308904577628,full_event_available,1,1,,"","",paper_formula,Full Bernoulli event probability uses selected probabilities and non-selected complement probabilities.
29,18,1,no_new_outage,bernoulli_full_event,45,0,45,1,0.934308904577628,0.934308904577628,full_event_available,1,1,,"","",paper_formula,Full Bernoulli event probability uses selected probabilities and non-selected complement probabilities.
29,19,1,no_new_outage,bernoulli_full_event,45,0,45,1,0.934308904577628,0.934308904577628,full_event_available,1,1,,"","",paper_formula,Full Bernoulli event probability uses selected probabilities and non-selected complement probabilities.
29,20,1,no_new_outage,bernoulli_full_event,45,0,45,1,0.934308904577628,0.934308904577628,full_event_available,1,1,,"","",paper_formula,Full Bernoulli event probability uses selected probabilities and non-selected complement probabilities.
29,21,1,no_new_outage,bernoulli_full_event,45,0,45,1,0.934308904577628,0.934308904577628,full_event_available,1,1,,"","",paper_formula,Full Bernoulli event probability uses selected probabilities and non-selected complement probabilities.
29,22,1,no_new_outage,bernoulli_full_event,45,0,45,1,0.934308904577628,0.934308904577628,full_event_available,1,1,,"","",paper_formula,Full Bernoulli event probability uses selected probabilities and non-selected complement probabilities.
29,23,1,no_new_outage,bernoulli_full_event,45,0,45,1,0.934308904577628,0.934308904577628,full_event_available,1,1,,"","",paper_formula,Full Bernoulli event probability uses selected probabilities and non-selected complement probabilities.
29,24,1,no_new_outage,bernoulli_full_event,45,0,45,1,0.934308904577628,0.934308904577628,full_event_available,1,1,,"","",paper_formula,Full Bernoulli event probability uses selected probabilities and non-selected complement probabilities.
29,25,1,no_new_outage,bernoulli_full_event,45,0,45,1,0.934308904577628,0.934308904577628,full_event_available,1,1,,"","",paper_formula,Full Bernoulli event probability uses selected probabilities and non-selected complement probabilities.
29,26,1,no_new_outage,bernoulli_full_event,45,0,45,1,0.934308904577628,0.934308904577628,full_event_available,1,1,,"","",paper_formula,Full Bernoulli event probability uses selected probabilities and non-selected complement probabilities.
29,27,1,no_new_outage,bernoulli_full_event,45,0,45,1,0.934308904577628,0.934308904577628,full_event_available,1,1,,"","",paper_formula,Full Bernoulli event probability uses selected probabilities and non-selected complement probabilities.
29,28,1,no_new_outage,bernoulli_full_event,45,0,45,1,0.934308904577628,0.934308904577628,full_event_available,1,1,,"","",paper_formula,Full Bernoulli event probability uses selected probabilities and non-selected complement probabilities.
29,29,1,no_new_outage,bernoulli_full_event,45,0,45,1,0.934308904577628,0.934308904577628,full_event_available,1,1,,"","",paper_formula,Full Bernoulli event probability uses selected probabilities and non-selected complement probabilities.
29,30,1,no_new_outage,bernoulli_full_event,45,0,45,1,0.934308904577628,0.934308904577628,full_event_available,1,1,,"","",paper_formula,Full Bernoulli event probability uses selected probabilities and non-selected complement probabilities.
30,1,1,no_new_outage,bernoulli_full_event,45,0,45,1,0.934355608262743,0.934355608262743,full_event_available,1,1,,"","",paper_formula,Full Bernoulli event probability uses selected probabilities and non-selected complement probabilities.
30,2,1,no_new_outage,bernoulli_full_event,45,0,45,1,0.934355608262743,0.934355608262743,full_event_available,1,1,,"","",paper_formula,Full Bernoulli event probability uses selected probabilities and non-selected complement probabilities.
30,3,1,no_new_outage,bernoulli_full_event,45,0,45,1,0.934355608262743,0.934355608262743,full_event_available,1,1,,"","",paper_formula,Full Bernoulli event probability uses selected probabilities and non-selected complement probabilities.
30,4,1,no_new_outage,bernoulli_full_event,45,0,45,1,0.934355608262743,0.934355608262743,full_event_available,1,1,,"","",paper_formula,Full Bernoulli event probability uses selected probabilities and non-selected complement probabilities.
30,5,1,no_new_outage,bernoulli_full_event,45,0,45,1,0.934355608262743,0.934355608262743,full_event_available,1,1,,"","",paper_formula,Full Bernoulli event probability uses selected probabilities and non-selected complement probabilities.
30,6,1,no_new_outage,bernoulli_full_event,45,0,45,1,0.934355608262743,0.934355608262743,full_event_available,1,1,,"","",paper_formula,Full Bernoulli event probability uses selected probabilities and non-selected complement probabilities.
30,7,1,no_new_outage,bernoulli_full_event,45,0,45,1,0.934355608262743,0.934355608262743,full_event_available,1,1,,"","",paper_formula,Full Bernoulli event probability uses selected probabilities and non-selected complement probabilities.
30,8,1,no_new_outage,bernoulli_full_event,45,0,45,1,0.934355608262743,0.934355608262743,full_event_available,1,1,,"","",paper_formula,Full Bernoulli event probability uses selected probabilities and non-selected complement probabilities.
30,9,1,no_new_outage,bernoulli_full_event,45,0,45,1,0.934355608262743,0.934355608262743,full_event_available,1,1,,"","",paper_formula,Full Bernoulli event probability uses selected probabilities and non-selected complement probabilities.
30,10,1,no_new_outage,bernoulli_full_event,45,0,45,1,0.934355608262743,0.934355608262743,full_event_available,1,1,,"","",paper_formula,Full Bernoulli event probability uses selected probabilities and non-selected complement probabilities.
30,11,1,no_new_outage,bernoulli_full_event,45,0,45,1,0.934355608262743,0.934355608262743,full_event_available,1,1,,"","",paper_formula,Full Bernoulli event probability uses selected probabilities and non-selected complement probabilities.
30,12,1,no_new_outage,bernoulli_full_event,45,0,45,1,0.934355608262743,0.934355608262743,full_event_available,1,1,,"","",paper_formula,Full Bernoulli event probability uses selected probabilities and non-selected complement probabilities.
30,13,1,no_new_outage,bernoulli_full_event,45,0,45,1,0.934355608262743,0.934355608262743,full_event_available,1,1,,"","",paper_formula,Full Bernoulli event probability uses selected probabilities and non-selected complement probabilities.
30,14,1,no_new_outage,bernoulli_full_event,45,0,45,1,0.934355608262743,0.934355608262743,full_event_available,1,1,,"","",paper_formula,Full Bernoulli event probability uses selected probabilities and non-selected complement probabilities.
30,15,1,no_new_outage,bernoulli_full_event,45,0,45,1,0.934355608262743,0.934355608262743,full_event_available,1,1,,"","",paper_formula,Full Bernoulli event probability uses selected probabilities and non-selected complement probabilities.
30,16,1,no_new_outage,bernoulli_full_event,45,0,45,1,0.934355608262743,0.934355608262743,full_event_available,1,1,,"","",paper_formula,Full Bernoulli event probability uses selected probabilities and non-selected complement probabilities.
30,17,1,no_new_outage,bernoulli_full_event,45,0,45,1,0.934355608262743,0.934355608262743,full_event_available,1,1,,"","",paper_formula,Full Bernoulli event probability uses selected probabilities and non-selected complement probabilities.
30,18,1,no_new_outage,bernoulli_full_event,45,0,45,1,0.934355608262743,0.934355608262743,full_event_available,1,1,,"","",paper_formula,Full Bernoulli event probability uses selected probabilities and non-selected complement probabilities.
30,19,1,no_new_outage,bernoulli_full_event,45,0,45,1,0.934355608262743,0.934355608262743,full_event_available,1,1,,"","",paper_formula,Full Bernoulli event probability uses selected probabilities and non-selected complement probabilities.
30,20,1,no_new_outage,bernoulli_full_event,45,0,45,1,0.934355608262743,0.934355608262743,full_event_available,1,1,,"","",paper_formula,Full Bernoulli event probability uses selected probabilities and non-selected complement probabilities.
30,21,1,no_new_outage,bernoulli_full_event,45,0,45,1,0.934355608262743,0.934355608262743,full_event_available,1,1,,"","",paper_formula,Full Bernoulli event probability uses selected probabilities and non-selected complement probabilities.
30,22,1,no_new_outage,bernoulli_full_event,45,0,45,1,0.934355608262743,0.934355608262743,full_event_available,1,1,,"","",paper_formula,Full Bernoulli event probability uses selected probabilities and non-selected complement probabilities.
30,23,1,no_new_outage,bernoulli_full_event,45,0,45,1,0.934355608262743,0.934355608262743,full_event_available,1,1,,"","",paper_formula,Full Bernoulli event probability uses selected probabilities and non-selected complement probabilities.
30,24,1,no_new_outage,bernoulli_full_event,45,0,45,1,0.934355608262743,0.934355608262743,full_event_available,1,1,,"","",paper_formula,Full Bernoulli event probability uses selected probabilities and non-selected complement probabilities.
30,25,1,no_new_outage,bernoulli_full_event,45,0,45,1,0.934355608262743,0.934355608262743,full_event_available,1,1,,"","",paper_formula,Full Bernoulli event probability uses selected probabilities and non-selected complement probabilities.
30,26,1,no_new_outage,bernoulli_full_event,45,0,45,1,0.934355608262743,0.934355608262743,full_event_available,1,1,,"","",paper_formula,Full Bernoulli event probability uses selected probabilities and non-selected complement probabilities.
30,27,1,no_new_outage,bernoulli_full_event,45,0,45,1,0.934355608262743,0.934355608262743,full_event_available,1,1,,"","",paper_formula,Full Bernoulli event probability uses selected probabilities and non-selected complement probabilities.
30,28,1,no_new_outage,bernoulli_full_event,45,0,45,1,0.934355608262743,0.934355608262743,full_event_available,1,1,,"","",paper_formula,Full Bernoulli event probability uses selected probabilities and non-selected complement probabilities.
30,29,1,no_new_outage,bernoulli_full_event,45,0,45,1,0.934355608262743,0.934355608262743,full_event_available,1,1,,"","",paper_formula,Full Bernoulli event probability uses selected probabilities and non-selected complement probabilities.
30,30,1,no_new_outage,bernoulli_full_event,45,0,45,1,0.934355608262743,0.934355608262743,full_event_available,1,1,,"","",paper_formula,Full Bernoulli event probability uses selected probabilities and non-selected complement probabilities.
31,1,1,no_new_outage,bernoulli_full_event,45,0,45,1,0.934292092393927,0.934292092393927,full_event_available,1,1,,"","",paper_formula,Full Bernoulli event probability uses selected probabilities and non-selected complement probabilities.
31,2,1,no_new_outage,bernoulli_full_event,45,0,45,1,0.934292092393927,0.934292092393927,full_event_available,1,1,,"","",paper_formula,Full Bernoulli event probability uses selected probabilities and non-selected complement probabilities.
31,3,1,no_new_outage,bernoulli_full_event,45,0,45,1,0.934292092393927,0.934292092393927,full_event_available,1,1,,"","",paper_formula,Full Bernoulli event probability uses selected probabilities and non-selected complement probabilities.
31,4,1,no_new_outage,bernoulli_full_event,45,0,45,1,0.934292092393927,0.934292092393927,full_event_available,1,1,,"","",paper_formula,Full Bernoulli event probability uses selected probabilities and non-selected complement probabilities.
31,5,1,no_new_outage,bernoulli_full_event,45,0,45,1,0.934292092393927,0.934292092393927,full_event_available,1,1,,"","",paper_formula,Full Bernoulli event probability uses selected probabilities and non-selected complement probabilities.
31,6,1,continue,bernoulli_full_event,45,1,44,0.00158802049,0.935778127234069,0.00148603484014153,full_event_available,0,1,,"40","0.00091653",paper_formula,Full Bernoulli event probability uses selected probabilities and non-selected complement probabilities.
31,6,2,no_new_outage,bernoulli_full_event,39,0,39,1,0.942792422418288,0.942792422418288,full_event_available,1,1,,"","",paper_formula,Full Bernoulli event probability uses selected probabilities and non-selected complement probabilities.
31,7,1,no_new_outage,bernoulli_full_event,45,0,45,1,0.934292092393927,0.934292092393927,full_event_available,1,1,,"","",paper_formula,Full Bernoulli event probability uses selected probabilities and non-selected complement probabilities.
31,8,1,no_new_outage,bernoulli_full_event,45,0,45,1,0.934292092393927,0.934292092393927,full_event_available,1,1,,"","",paper_formula,Full Bernoulli event probability uses selected probabilities and non-selected complement probabilities.
31,9,1,no_new_outage,bernoulli_full_event,45,0,45,1,0.934292092393927,0.934292092393927,full_event_available,1,1,,"","",paper_formula,Full Bernoulli event probability uses selected probabilities and non-selected complement probabilities.
31,10,1,no_new_outage,bernoulli_full_event,45,0,45,1,0.934292092393927,0.934292092393927,full_event_available,1,1,,"","",paper_formula,Full Bernoulli event probability uses selected probabilities and non-selected complement probabilities.
31,11,1,continue,bernoulli_full_event,45,1,44,0.001121954023,0.935341502555598,0.00104941016167112,full_event_available,0,1,,"16","0.00085104",paper_formula,Full Bernoulli event probability uses selected probabilities and non-selected complement probabilities.
31,11,2,no_new_outage,bernoulli_full_event,44,0,44,1,0.935341502555598,0.935341502555598,full_event_available,1,1,,"","",paper_formula,Full Bernoulli event probability uses selected probabilities and non-selected complement probabilities.
31,12,1,no_new_outage,bernoulli_full_event,45,0,45,1,0.934292092393927,0.934292092393927,full_event_available,1,1,,"","",paper_formula,Full Bernoulli event probability uses selected probabilities and non-selected complement probabilities.
31,13,1,no_new_outage,bernoulli_full_event,45,0,45,1,0.934292092393927,0.934292092393927,full_event_available,1,1,,"","",paper_formula,Full Bernoulli event probability uses selected probabilities and non-selected complement probabilities.
31,14,1,no_new_outage,bernoulli_full_event,45,0,45,1,0.934292092393927,0.934292092393927,full_event_available,1,1,,"","",paper_formula,Full Bernoulli event probability uses selected probabilities and non-selected complement probabilities.
31,15,1,no_new_outage,bernoulli_full_event,45,0,45,1,0.934292092393927,0.934292092393927,full_event_available,1,1,,"","",paper_formula,Full Bernoulli event probability uses selected probabilities and non-selected complement probabilities.
31,16,1,no_new_outage,bernoulli_full_event,45,0,45,1,0.934292092393927,0.934292092393927,full_event_available,1,1,,"","",paper_formula,Full Bernoulli event probability uses selected probabilities and non-selected complement probabilities.
31,17,1,no_new_outage,bernoulli_full_event,45,0,45,1,0.934292092393927,0.934292092393927,full_event_available,1,1,,"","",paper_formula,Full Bernoulli event probability uses selected probabilities and non-selected complement probabilities.
31,18,1,no_new_outage,bernoulli_full_event,45,0,45,1,0.934292092393927,0.934292092393927,full_event_available,1,1,,"","",paper_formula,Full Bernoulli event probability uses selected probabilities and non-selected complement probabilities.
31,19,1,no_new_outage,bernoulli_full_event,45,0,45,1,0.934292092393927,0.934292092393927,full_event_available,1,1,,"","",paper_formula,Full Bernoulli event probability uses selected probabilities and non-selected complement probabilities.
31,20,1,no_new_outage,bernoulli_full_event,45,0,45,1,0.934292092393927,0.934292092393927,full_event_available,1,1,,"","",paper_formula,Full Bernoulli event probability uses selected probabilities and non-selected complement probabilities.
31,21,1,no_new_outage,bernoulli_full_event,45,0,45,1,0.934292092393927,0.934292092393927,full_event_available,1,1,,"","",paper_formula,Full Bernoulli event probability uses selected probabilities and non-selected complement probabilities.
31,22,1,no_new_outage,bernoulli_full_event,45,0,45,1,0.934292092393927,0.934292092393927,full_event_available,1,1,,"","",paper_formula,Full Bernoulli event probability uses selected probabilities and non-selected complement probabilities.
31,23,1,no_new_outage,bernoulli_full_event,45,0,45,1,0.934292092393927,0.934292092393927,full_event_available,1,1,,"","",paper_formula,Full Bernoulli event probability uses selected probabilities and non-selected complement probabilities.
31,24,1,no_new_outage,bernoulli_full_event,45,0,45,1,0.934292092393927,0.934292092393927,full_event_available,1,1,,"","",paper_formula,Full Bernoulli event probability uses selected probabilities and non-selected complement probabilities.
31,25,1,no_new_outage,bernoulli_full_event,45,0,45,1,0.934292092393927,0.934292092393927,full_event_available,1,1,,"","",paper_formula,Full Bernoulli event probability uses selected probabilities and non-selected complement probabilities.
31,26,1,no_new_outage,bernoulli_full_event,45,0,45,1,0.934292092393927,0.934292092393927,full_event_available,1,1,,"","",paper_formula,Full Bernoulli event probability uses selected probabilities and non-selected complement probabilities.
31,27,1,no_new_outage,bernoulli_full_event,45,0,45,1,0.934292092393927,0.934292092393927,full_event_available,1,1,,"","",paper_formula,Full Bernoulli event probability uses selected probabilities and non-selected complement probabilities.
31,28,1,no_new_outage,bernoulli_full_event,45,0,45,1,0.934292092393927,0.934292092393927,full_event_available,1,1,,"","",paper_formula,Full Bernoulli event probability uses selected probabilities and non-selected complement probabilities.
31,29,1,no_new_outage,bernoulli_full_event,45,0,45,1,0.934292092393927,0.934292092393927,full_event_available,1,1,,"","",paper_formula,Full Bernoulli event probability uses selected probabilities and non-selected complement probabilities.
31,30,1,no_new_outage,bernoulli_full_event,45,0,45,1,0.934292092393927,0.934292092393927,full_event_available,1,1,,"","",paper_formula,Full Bernoulli event probability uses selected probabilities and non-selected complement probabilities.
32,1,1,continue,bernoulli_full_event,44,1,43,1,0.936320022460895,0.936320022460895,full_event_available,0,1,,"27","0.97156",paper_formula,Full Bernoulli event probability uses selected probabilities and non-selected complement probabilities.
32,1,2,no_new_outage,bernoulli_full_event,42,0,42,1,0.937373583523531,0.937373583523531,full_event_available,1,1,,"","",paper_formula,Full Bernoulli event probability uses selected probabilities and non-selected complement probabilities.
32,2,1,continue,bernoulli_full_event,44,1,43,1,0.936320022460895,0.936320022460895,full_event_available,0,1,,"27","0.52342",paper_formula,Full Bernoulli event probability uses selected probabilities and non-selected complement probabilities.
32,2,2,no_new_outage,bernoulli_full_event,42,0,42,1,0.937373583523531,0.937373583523531,full_event_available,1,1,,"","",paper_formula,Full Bernoulli event probability uses selected probabilities and non-selected complement probabilities.
32,3,1,continue,bernoulli_full_event,44,1,43,1,0.936320022460895,0.936320022460895,full_event_available,0,1,,"27","0.15285",paper_formula,Full Bernoulli event probability uses selected probabilities and non-selected complement probabilities.
32,3,2,no_new_outage,bernoulli_full_event,42,0,42,1,0.937373583523531,0.937373583523531,full_event_available,1,1,,"","",paper_formula,Full Bernoulli event probability uses selected probabilities and non-selected complement probabilities.
32,4,1,continue,bernoulli_full_event,44,1,43,1,0.936320022460895,0.936320022460895,full_event_available,0,1,,"27","0.014417",paper_formula,Full Bernoulli event probability uses selected probabilities and non-selected complement probabilities.
32,4,2,no_new_outage,bernoulli_full_event,42,0,42,1,0.937373583523531,0.937373583523531,full_event_available,1,1,,"","",paper_formula,Full Bernoulli event probability uses selected probabilities and non-selected complement probabilities.
32,5,1,continue,bernoulli_full_event,44,1,43,1,0.936320022460895,0.936320022460895,full_event_available,0,1,,"27","0.1798",paper_formula,Full Bernoulli event probability uses selected probabilities and non-selected complement probabilities.
32,5,2,no_new_outage,bernoulli_full_event,42,0,42,1,0.937373583523531,0.937373583523531,full_event_available,1,1,,"","",paper_formula,Full Bernoulli event probability uses selected probabilities and non-selected complement probabilities.
32,6,1,continue,bernoulli_full_event,44,1,43,1,0.936320022460895,0.936320022460895,full_event_available,0,1,,"27","0.63031",paper_formula,Full Bernoulli event probability uses selected probabilities and non-selected complement probabilities.
32,6,2,no_new_outage,bernoulli_full_event,42,0,42,1,0.937373583523531,0.937373583523531,full_event_available,1,1,,"","",paper_formula,Full Bernoulli event probability uses selected probabilities and non-selected complement probabilities.
32,7,1,continue,bernoulli_full_event,44,1,43,1,0.936320022460895,0.936320022460895,full_event_available,0,1,,"27","0.058173",paper_formula,Full Bernoulli event probability uses selected probabilities and non-selected complement probabilities.
32,7,2,no_new_outage,bernoulli_full_event,42,0,42,1,0.937373583523531,0.937373583523531,full_event_available,1,1,,"","",paper_formula,Full Bernoulli event probability uses selected probabilities and non-selected complement probabilities.
32,8,1,continue,bernoulli_full_event,44,1,43,1,0.936320022460895,0.936320022460895,full_event_available,0,1,,"27","0.13718",paper_formula,Full Bernoulli event probability uses selected probabilities and non-selected complement probabilities.
32,8,2,no_new_outage,bernoulli_full_event,42,0,42,1,0.937373583523531,0.937373583523531,full_event_available,1,1,,"","",paper_formula,Full Bernoulli event probability uses selected probabilities and non-selected complement probabilities.
32,9,1,continue,bernoulli_full_event,44,1,43,1,0.936320022460895,0.936320022460895,full_event_available,0,1,,"27","0.59438",paper_formula,Full Bernoulli event probability uses selected probabilities and non-selected complement probabilities.
32,9,2,no_new_outage,bernoulli_full_event,42,0,42,1,0.937373583523531,0.937373583523531,full_event_available,1,1,,"","",paper_formula,Full Bernoulli event probability uses selected probabilities and non-selected complement probabilities.
32,10,1,continue,bernoulli_full_event,44,2,42,0.001679836582,0.93789553368848,0.00157551122758432,full_event_available,0,1,,"27,36","0.68356,0.0001909",paper_formula,Full Bernoulli event probability uses selected probabilities and non-selected complement probabilities.
32,10,2,no_new_outage,bernoulli_full_event,41,0,41,1,0.938950867539525,0.938950867539525,full_event_available,1,1,,"","",paper_formula,Full Bernoulli event probability uses selected probabilities and non-selected complement probabilities.
32,11,1,continue,bernoulli_full_event,44,1,43,1,0.936320022460895,0.936320022460895,full_event_available,0,1,,"27","0.0084814",paper_formula,Full Bernoulli event probability uses selected probabilities and non-selected complement probabilities.
32,11,2,no_new_outage,bernoulli_full_event,42,0,42,1,0.937373583523531,0.937373583523531,full_event_available,1,1,,"","",paper_formula,Full Bernoulli event probability uses selected probabilities and non-selected complement probabilities.
32,12,1,continue,bernoulli_full_event,44,1,43,1,0.936320022460895,0.936320022460895,full_event_available,0,1,,"27","0.39143",paper_formula,Full Bernoulli event probability uses selected probabilities and non-selected complement probabilities.
32,12,2,no_new_outage,bernoulli_full_event,42,0,42,1,0.937373583523531,0.937373583523531,full_event_available,1,1,,"","",paper_formula,Full Bernoulli event probability uses selected probabilities and non-selected complement probabilities.
32,13,1,continue,bernoulli_full_event,44,1,43,1,0.936320022460895,0.936320022460895,full_event_available,0,1,,"27","0.38838",paper_formula,Full Bernoulli event probability uses selected probabilities and non-selected complement probabilities.
32,13,2,no_new_outage,bernoulli_full_event,42,0,42,1,0.937373583523531,0.937373583523531,full_event_available,1,1,,"","",paper_formula,Full Bernoulli event probability uses selected probabilities and non-selected complement probabilities.
32,14,1,continue,bernoulli_full_event,44,1,43,1,0.936320022460895,0.936320022460895,full_event_available,0,1,,"27","0.85158",paper_formula,Full Bernoulli event probability uses selected probabilities and non-selected complement probabilities.
32,14,2,no_new_outage,bernoulli_full_event,42,0,42,1,0.937373583523531,0.937373583523531,full_event_available,1,1,,"","",paper_formula,Full Bernoulli event probability uses selected probabilities and non-selected complement probabilities.
32,15,1,continue,bernoulli_full_event,44,1,43,1,0.936320022460895,0.936320022460895,full_event_available,0,1,,"27","0.11143",paper_formula,Full Bernoulli event probability uses selected probabilities and non-selected complement probabilities.
32,15,2,no_new_outage,bernoulli_full_event,42,0,42,1,0.937373583523531,0.937373583523531,full_event_available,1,1,,"","",paper_formula,Full Bernoulli event probability uses selected probabilities and non-selected complement probabilities.
32,16,1,continue,bernoulli_full_event,44,1,43,1,0.936320022460895,0.936320022460895,full_event_available,0,1,,"27","0.29051",paper_formula,Full Bernoulli event probability uses selected probabilities and non-selected complement probabilities.
32,16,2,no_new_outage,bernoulli_full_event,42,0,42,1,0.937373583523531,0.937373583523531,full_event_available,1,1,,"","",paper_formula,Full Bernoulli event probability uses selected probabilities and non-selected complement probabilities.
32,17,1,continue,bernoulli_full_event,44,1,43,1,0.936320022460895,0.936320022460895,full_event_available,0,1,,"27","0.20231",paper_formula,Full Bernoulli event probability uses selected probabilities and non-selected complement probabilities.
32,17,2,no_new_outage,bernoulli_full_event,42,0,42,1,0.937373583523531,0.937373583523531,full_event_available,1,1,,"","",paper_formula,Full Bernoulli event probability uses selected probabilities and non-selected complement probabilities.
32,18,1,continue,bernoulli_full_event,44,1,43,1,0.936320022460895,0.936320022460895,full_event_available,0,1,,"27","0.12749",paper_formula,Full Bernoulli event probability uses selected probabilities and non-selected complement probabilities.
32,18,2,no_new_outage,bernoulli_full_event,42,0,42,1,0.937373583523531,0.937373583523531,full_event_available,1,1,,"","",paper_formula,Full Bernoulli event probability uses selected probabilities and non-selected complement probabilities.
32,19,1,continue,bernoulli_full_event,44,1,43,1,0.936320022460895,0.936320022460895,full_event_available,0,1,,"27","0.25513",paper_formula,Full Bernoulli event probability uses selected probabilities and non-selected complement probabilities.
32,19,2,no_new_outage,bernoulli_full_event,42,0,42,1,0.937373583523531,0.937373583523531,full_event_available,1,1,,"","",paper_formula,Full Bernoulli event probability uses selected probabilities and non-selected complement probabilities.
32,20,1,continue,bernoulli_full_event,44,1,43,1,0.936320022460895,0.936320022460895,full_event_available,0,1,,"27","0.9436",paper_formula,Full Bernoulli event probability uses selected probabilities and non-selected complement probabilities.
32,20,2,no_new_outage,bernoulli_full_event,42,0,42,1,0.937373583523531,0.937373583523531,full_event_available,1,1,,"","",paper_formula,Full Bernoulli event probability uses selected probabilities and non-selected complement probabilities.
32,21,1,continue,bernoulli_full_event,44,1,43,1,0.936320022460895,0.936320022460895,full_event_available,0,1,,"27","0.18725",paper_formula,Full Bernoulli event probability uses selected probabilities and non-selected complement probabilities.
32,21,2,no_new_outage,bernoulli_full_event,42,0,42,1,0.937373583523531,0.937373583523531,full_event_available,1,1,,"","",paper_formula,Full Bernoulli event probability uses selected probabilities and non-selected complement probabilities.
32,22,1,continue,bernoulli_full_event,44,1,43,1,0.936320022460895,0.936320022460895,full_event_available,0,1,,"27","0.99837",paper_formula,Full Bernoulli event probability uses selected probabilities and non-selected complement probabilities.
32,22,2,no_new_outage,bernoulli_full_event,42,0,42,1,0.937373583523531,0.937373583523531,full_event_available,1,1,,"","",paper_formula,Full Bernoulli event probability uses selected probabilities and non-selected complement probabilities.
32,23,1,continue,bernoulli_full_event,44,1,43,1,0.936320022460895,0.936320022460895,full_event_available,0,1,,"27","0.96844",paper_formula,Full Bernoulli event probability uses selected probabilities and non-selected complement probabilities.
32,23,2,no_new_outage,bernoulli_full_event,42,0,42,1,0.937373583523531,0.937373583523531,full_event_available,1,1,,"","",paper_formula,Full Bernoulli event probability uses selected probabilities and non-selected complement probabilities.
32,24,1,continue,bernoulli_full_event,44,1,43,1,0.936320022460895,0.936320022460895,full_event_available,0,1,,"27","0.54445",paper_formula,Full Bernoulli event probability uses selected probabilities and non-selected complement probabilities.
32,24,2,no_new_outage,bernoulli_full_event,42,0,42,1,0.937373583523531,0.937373583523531,full_event_available,1,1,,"","",paper_formula,Full Bernoulli event probability uses selected probabilities and non-selected complement probabilities.
32,25,1,continue,bernoulli_full_event,44,1,43,1,0.936320022460895,0.936320022460895,full_event_available,0,1,,"27","0.57591",paper_formula,Full Bernoulli event probability uses selected probabilities and non-selected complement probabilities.
32,25,2,continue,bernoulli_full_event,42,1,41,0.001321554223,0.938614012835961,0.00124042931243034,full_event_available,0,1,,"18","0.00042016",paper_formula,Full Bernoulli event probability uses selected probabilities and non-selected complement probabilities.
32,25,3,continue,bernoulli_full_event,41,2,39,1,0.941733062774289,0.941733062774289,full_event_available,0,1,,"19,23","0.68562,0.22444",paper_formula,Full Bernoulli event probability uses selected probabilities and non-selected complement probabilities.
32,25,4,continue,bernoulli_full_event,38,4,34,1,0.823437870330053,0.823437870330053,full_event_available,0,1,,"3,8,10,14","0.83719,0.56882,0.91531,0.282",paper_formula,Full Bernoulli event probability uses selected probabilities and non-selected complement probabilities.
32,25,5,max_depth_reached,bernoulli_full_event,34,0,34,NaN,NaN,1,terminal_stage_probability_one,1,0,,"","",,Terminal recording stage excluded from Bernoulli complement product.
32,26,1,continue,bernoulli_full_event,44,1,43,1,0.936320022460895,0.936320022460895,full_event_available,0,1,,"27","0.27392",paper_formula,Full Bernoulli event probability uses selected probabilities and non-selected complement probabilities.
32,26,2,no_new_outage,bernoulli_full_event,42,0,42,1,0.937373583523531,0.937373583523531,full_event_available,1,1,,"","",paper_formula,Full Bernoulli event probability uses selected probabilities and non-selected complement probabilities.
32,27,1,continue,bernoulli_full_event,44,1,43,1,0.936320022460895,0.936320022460895,full_event_available,0,1,,"27","0.22518",paper_formula,Full Bernoulli event probability uses selected probabilities and non-selected complement probabilities.
32,27,2,no_new_outage,bernoulli_full_event,42,0,42,1,0.937373583523531,0.937373583523531,full_event_available,1,1,,"","",paper_formula,Full Bernoulli event probability uses selected probabilities and non-selected complement probabilities.
32,28,1,continue,bernoulli_full_event,44,1,43,1,0.936320022460895,0.936320022460895,full_event_available,0,1,,"27","0.5138",paper_formula,Full Bernoulli event probability uses selected probabilities and non-selected complement probabilities.
32,28,2,continue,bernoulli_full_event,42,1,41,0.001512172414,0.938793200704087,0.00141961718055549,full_event_available,0,1,,"46","0.00068222",paper_formula,Full Bernoulli event probability uses selected probabilities and non-selected complement probabilities.
32,28,3,continue,bernoulli_full_event,41,8,33,0.923072528566384,0.950492017959561,0.877373070400096,full_event_available,0,1,,"6,8,10,14,19,20,23,24","0.21737,0.93554,0.31093,0.60125,0.54108,0.80417,0.67847,0.16221",paper_formula,Full Bernoulli event probability uses selected probabilities and non-selected complement probabilities.
32,28,4,load_loss_threshold,bernoulli_full_event,32,0,32,NaN,NaN,1,terminal_stage_probability_one,1,0,,"","",,Terminal recording stage excluded from Bernoulli complement product.
32,29,1,continue,bernoulli_full_event,44,1,43,1,0.936320022460895,0.936320022460895,full_event_available,0,1,,"27","0.82383",paper_formula,Full Bernoulli event probability uses selected probabilities and non-selected complement probabilities.
32,29,2,no_new_outage,bernoulli_full_event,42,0,42,1,0.937373583523531,0.937373583523531,full_event_available,1,1,,"","",paper_formula,Full Bernoulli event probability uses selected probabilities and non-selected complement probabilities.
32,30,1,continue,bernoulli_full_event,44,1,43,1,0.936320022460895,0.936320022460895,full_event_available,0,1,,"27","0.49102",paper_formula,Full Bernoulli event probability uses selected probabilities and non-selected complement probabilities.
32,30,2,no_new_outage,bernoulli_full_event,42,0,42,1,0.937373583523531,0.937373583523531,full_event_available,1,1,,"","",paper_formula,Full Bernoulli event probability uses selected probabilities and non-selected complement probabilities.
33,1,1,continue,bernoulli_full_event,45,4,41,8.73247255342667e-05,0.735690172576117,6.42439423984668e-05,full_event_available,0,1,,"14,19,23,37","0.049678,0.21959,0.18092,0.00072935",paper_formula,Full Bernoulli event probability uses selected probabilities and non-selected complement probabilities.
33,1,2,continue,bernoulli_full_event,41,11,30,1,0.568592431605737,0.568592431605737,full_event_available,0,1,,"1,2,3,7,8,13,16,17,18,20,26","0.1776,0.04504,0.25775,0.56293,0.57156,0.79948,0.18853,0.64915,0.25359,0.99827,0.23938",paper_formula,Full Bernoulli event probability uses selected probabilities and non-selected complement probabilities.
33,1,3,load_loss_threshold,bernoulli_full_event,0,0,0,NaN,NaN,1,terminal_stage_probability_one,1,0,,"","",,Terminal recording stage excluded from Bernoulli complement product.
33,2,1,continue,bernoulli_full_event,45,1,44,0.670097305251672,0.303334899556759,0.203263898781771,full_event_available,0,1,,"23","0.14574",paper_formula,Full Bernoulli event probability uses selected probabilities and non-selected complement probabilities.
33,2,2,continue,bernoulli_full_event,44,5,39,0.46592130223274,0.941976782828593,0.438887049328505,full_event_available,0,1,,"8,10,13,14,18","0.42783,0.6777,0.49651,0.31672,0.19998",paper_formula,Full Bernoulli event probability uses selected probabilities and non-selected complement probabilities.
33,2,3,continue,bernoulli_full_event,35,1,34,1,0.949498613951395,0.949498613951395,full_event_available,0,1,,"3","0.17989",paper_formula,Full Bernoulli event probability uses selected probabilities and non-selected complement probabilities.
33,2,4,continue,bernoulli_full_event,34,5,29,0.644068162240221,0.957379990424167,0.616617970998054,full_event_available,0,1,,"4,30,31,40,42","0.568,0.2285,0.38496,0.10817,0.94382",paper_formula,Full Bernoulli event probability uses selected probabilities and non-selected complement probabilities.
33,2,5,max_depth_reached,bernoulli_full_event,16,0,16,NaN,NaN,1,terminal_stage_probability_one,1,0,,"","",,Terminal recording stage excluded from Bernoulli complement product.
33,3,1,continue,bernoulli_full_event,45,1,44,0.670097305251672,0.303334899556759,0.203263898781771,full_event_available,0,1,,"23","0.171",paper_formula,Full Bernoulli event probability uses selected probabilities and non-selected complement probabilities.
33,3,2,continue,bernoulli_full_event,44,4,40,1,0.503089733500088,0.503089733500088,full_event_available,0,1,,"8,10,13,18","0.94905,0.046643,0.97468,0.66078",paper_formula,Full Bernoulli event probability uses selected probabilities and non-selected complement probabilities.
33,3,3,continue,bernoulli_full_event,36,3,33,1,0.950456809051686,0.950456809051686,full_event_available,0,1,,"3,12,15","0.35907,0.95142,0.099263",paper_formula,Full Bernoulli event probability uses selected probabilities and non-selected complement probabilities.
33,3,4,continue,bernoulli_full_event,32,5,27,0.761035738224414,0.826713153234197,0.62915825487142,full_event_available,0,1,,"4,30,31,40,42","0.44518,0.33348,0.1353,0.70707,0.74881",paper_formula,Full Bernoulli event probability uses selected probabilities and non-selected complement probabilities.
33,3,5,max_depth_reached,bernoulli_full_event,16,0,16,NaN,NaN,1,terminal_stage_probability_one,1,0,,"","",,Terminal recording stage excluded from Bernoulli complement product.
33,4,1,continue,bernoulli_full_event,45,1,44,0.001575046477,0.100228865897113,0.000157865122124953,full_event_available,0,1,,"5","0.0006107",paper_formula,Full Bernoulli event probability uses selected probabilities and non-selected complement probabilities.
33,4,2,continue,bernoulli_full_event,44,5,39,0.780470529326305,0.553928403452155,0.432324794251179,full_event_available,0,1,,"8,10,14,19,23","0.49296,0.2021,0.35649,0.41001,0.814",paper_formula,Full Bernoulli event probability uses selected probabilities and non-selected complement probabilities.
33,4,3,continue,bernoulli_full_event,39,5,34,1,0.949596375956898,0.949596375956898,full_event_available,0,1,,"1,2,3,13,18","0.23267,0.030703,0.15308,0.13527,0.63895",paper_formula,Full Bernoulli event probability uses selected probabilities and non-selected complement probabilities.
33,4,4,load_loss_threshold,bernoulli_full_event,26,0,26,NaN,NaN,1,terminal_stage_probability_one,1,0,,"","",,Terminal recording stage excluded from Bernoulli complement product.
33,5,1,continue,bernoulli_full_event,45,1,44,0.670097305251672,0.303334899556759,0.203263898781771,full_event_available,0,1,,"23","0.095705",paper_formula,Full Bernoulli event probability uses selected probabilities and non-selected complement probabilities.
33,5,2,continue,bernoulli_full_event,44,5,39,0.46592130223274,0.941976782828593,0.438887049328505,full_event_available,0,1,,"8,10,13,14,18","0.82869,0.91765,0.14178,0.19715,0.77976",paper_formula,Full Bernoulli event probability uses selected probabilities and non-selected complement probabilities.
33,5,3,continue,bernoulli_full_event,35,1,34,1,0.949498613951395,0.949498613951395,full_event_available,0,1,,"3","0.64892",paper_formula,Full Bernoulli event probability uses selected probabilities and non-selected complement probabilities.
33,5,4,continue,bernoulli_full_event,34,4,30,1,0.340762019426113,0.340762019426113,full_event_available,0,1,,"4,31,40,42","0.24118,0.29173,0.24614,0.75865",paper_formula,Full Bernoulli event probability uses selected probabilities and non-selected complement probabilities.
33,5,5,max_depth_reached,bernoulli_full_event,17,0,17,NaN,NaN,1,terminal_stage_probability_one,1,0,,"","",,Terminal recording stage excluded from Bernoulli complement product.
33,6,1,continue,bernoulli_full_event,45,2,43,0.340549589922964,0.616796564889016,0.210049817238847,full_event_available,0,1,,"19,23","0.32381,0.055366",paper_formula,Full Bernoulli event probability uses selected probabilities and non-selected complement probabilities.
33,6,2,continue,bernoulli_full_event,43,4,39,1,0.481739102686093,0.481739102686093,full_event_available,0,1,,"8,10,13,18","0.78976,0.45005,0.52902,0.34982",paper_formula,Full Bernoulli event probability uses selected probabilities and non-selected complement probabilities.
33,6,3,continue,bernoulli_full_event,36,3,33,1,0.950456809051686,0.950456809051686,full_event_available,0,1,,"3,12,15","0.50005,0.92045,0.66789",paper_formula,Full Bernoulli event probability uses selected probabilities and non-selected complement probabilities.
33,6,4,continue,bernoulli_full_event,32,5,27,0.761035738224414,0.826713153234197,0.62915825487142,full_event_available,0,1,,"4,30,31,40,42","0.9576,0.17615,0.56719,0.42659,0.19201",paper_formula,Full Bernoulli event probability uses selected probabilities and non-selected complement probabilities.
33,6,5,max_depth_reached,bernoulli_full_event,16,0,16,NaN,NaN,1,terminal_stage_probability_one,1,0,,"","",,Terminal recording stage excluded from Bernoulli complement product.
33,7,1,continue,bernoulli_full_event,45,2,43,0.107392933593412,0.361226798687849,0.038793205603645,full_event_available,0,1,,"14,23","0.085178,0.19343",paper_formula,Full Bernoulli event probability uses selected probabilities and non-selected complement probabilities.
33,7,2,continue,bernoulli_full_event,43,3,40,1,0.940717742089227,0.940717742089227,full_event_available,0,1,,"3,13,18","0.22475,0.10135,0.13346",paper_formula,Full Bernoulli event probability uses selected probabilities and non-selected complement probabilities.
33,7,3,continue,bernoulli_full_event,36,4,32,1,0.136316208827234,0.136316208827234,full_event_available,0,1,,"17,31,40,42","0.74783,0.97588,0.1919,0.301",paper_formula,Full Bernoulli event probability uses selected probabilities and non-selected complement probabilities.
33,7,4,load_loss_threshold,bernoulli_full_event,0,0,0,NaN,NaN,1,terminal_stage_probability_one,1,0,,"","",,Terminal recording stage excluded from Bernoulli complement product.
33,8,1,no_new_outage,bernoulli_full_event,45,0,45,1,0.100071000774988,0.100071000774988,full_event_available,1,1,,"","",paper_formula,Full Bernoulli event probability uses selected probabilities and non-selected complement probabilities.
33,9,1,continue,bernoulli_full_event,45,2,43,0.340549589922964,0.616796564889016,0.210049817238847,full_event_available,0,1,,"19,23","0.072684,0.058377",paper_formula,Full Bernoulli event probability uses selected probabilities and non-selected complement probabilities.
33,9,2,continue,bernoulli_full_event,43,4,39,1,0.481739102686093,0.481739102686093,full_event_available,0,1,,"8,10,13,18","0.94254,0.28524,0.62968,0.34045",paper_formula,Full Bernoulli event probability uses selected probabilities and non-selected complement probabilities.
33,9,3,continue,bernoulli_full_event,36,4,32,0.00158802049,0.951968554622261,0.00151174557057584,full_event_available,0,1,,"3,12,15,40","0.040814,0.15167,0.69102,0.00058138",paper_formula,Full Bernoulli event probability uses selected probabilities and non-selected complement probabilities.
33,9,4,load_loss_threshold,bernoulli_full_event,23,0,23,NaN,NaN,1,terminal_stage_probability_one,1,0,,"","",,Terminal recording stage excluded from Bernoulli complement product.
33,10,1,continue,bernoulli_full_event,45,1,44,0.218040322287838,0.127974630441014,0.0279036296660256,full_event_available,0,1,,"8","0.049283",paper_formula,Full Bernoulli event probability uses selected probabilities and non-selected complement probabilities.
33,10,2,continue,bernoulli_full_event,44,4,40,0.37769717315438,0.536296020329584,0.202557490852428,full_event_available,0,1,,"9,13,19,23","0.059121,0.16618,0.30994,0.44282",paper_formula,Full Bernoulli event probability uses selected probabilities and non-selected complement probabilities.
33,10,3,continue,bernoulli_full_event,36,1,35,1,0.615128784193135,0.615128784193135,full_event_available,0,1,,"3","0.16033",paper_formula,Full Bernoulli event probability uses selected probabilities and non-selected complement probabilities.
33,10,4,continue,bernoulli_full_event,35,5,30,1,0.955989601590042,0.955989601590042,full_event_available,0,1,,"7,30,31,40,42","0.16032,0.25632,0.89236,0.34535,0.88794",paper_formula,Full Bernoulli event probability uses selected probabilities and non-selected complement probabilities.
33,10,5,max_depth_reached,bernoulli_full_event,12,0,12,NaN,NaN,1,terminal_stage_probability_one,1,0,,"","",,Terminal recording stage excluded from Bernoulli complement product.
33,11,1,continue,bernoulli_full_event,45,3,42,0.0545780727802283,0.73451307087344,0.0400883078401596,full_event_available,0,1,,"14,19,23","0.04822,0.26771,0.044072",paper_formula,Full Bernoulli event probability uses selected probabilities and non-selected complement probabilities.
33,11,2,continue,bernoulli_full_event,42,3,39,1,0.942397689127338,0.942397689127338,full_event_available,0,1,,"3,13,18","0.20575,0.62025,0.019885",paper_formula,Full Bernoulli event probability uses selected probabilities and non-selected complement probabilities.
33,11,3,continue,bernoulli_full_event,36,6,30,0.00120378375894146,0.955661912274819,0.00115041028903537,full_event_available,0,1,,"16,17,26,31,40,42","0.52597,0.0065009,4.0603e-05,0.29284,0.56499,0.75164",paper_formula,Full Bernoulli event probability uses selected probabilities and non-selected complement probabilities.
33,11,4,load_loss_threshold,bernoulli_full_event,0,0,0,NaN,NaN,1,terminal_stage_probability_one,1,0,,"","",,Terminal recording stage excluded from Bernoulli complement product.
33,12,1,continue,bernoulli_full_event,45,2,43,0.340549589922964,0.616796564889016,0.210049817238847,full_event_available,0,1,,"19,23","0.2124,0.043408",paper_formula,Full Bernoulli event probability uses selected probabilities and non-selected complement probabilities.
33,12,2,continue,bernoulli_full_event,43,5,38,0.489498734421585,0.94365897827945,0.461919875593357,full_event_available,0,1,,"8,10,13,14,18","0.93517,0.12077,0.088962,0.31771,0.27998",paper_formula,Full Bernoulli event probability uses selected probabilities and non-selected complement probabilities.
33,12,3,continue,bernoulli_full_event,35,1,34,1,0.949498613951395,0.949498613951395,full_event_available,0,1,,"3","0.7043",paper_formula,Full Bernoulli event probability uses selected probabilities and non-selected complement probabilities.
33,12,4,continue,bernoulli_full_event,34,4,30,1,0.340762019426113,0.340762019426113,full_event_available,0,1,,"4,31,40,42","0.85977,0.79291,0.84626,0.30133",paper_formula,Full Bernoulli event probability uses selected probabilities and non-selected complement probabilities.
33,12,5,max_depth_reached,bernoulli_full_event,17,0,17,NaN,NaN,1,terminal_stage_probability_one,1,0,,"","",,Terminal recording stage excluded from Bernoulli complement product.
33,13,1,continue,bernoulli_full_event,45,2,43,0.0349441635843462,0.152398771572336,0.00532544760387712,full_event_available,0,1,,"8,14","0.19711,0.034191",paper_formula,Full Bernoulli event probability uses selected probabilities and non-selected complement probabilities.
33,13,2,continue,bernoulli_full_event,43,1,42,1,0.937596513375353,0.937596513375353,full_event_available,0,1,,"3","0.52011",paper_formula,Full Bernoulli event probability uses selected probabilities and non-selected complement probabilities.
33,13,3,continue,bernoulli_full_event,42,10,32,1,0.952822477316348,0.952822477316348,full_event_available,0,1,,"4,9,16,17,19,20,23,31,40,42","0.4473,0.85714,0.50247,0.23643,0.99203,0.85379,0.99963,0.94282,0.93758,0.11433",paper_formula,Full Bernoulli event probability uses selected probabilities and non-selected complement probabilities.
33,13,4,load_loss_threshold,bernoulli_full_event,0,0,0,NaN,NaN,1,terminal_stage_probability_one,1,0,,"","",,Terminal recording stage excluded from Bernoulli complement product.
33,14,1,continue,bernoulli_full_event,45,2,43,0.107392933593412,0.361226798687849,0.038793205603645,full_event_available,0,1,,"14,23","0.050506,0.58144",paper_formula,Full Bernoulli event probability uses selected probabilities and non-selected complement probabilities.
33,14,2,continue,bernoulli_full_event,43,3,40,1,0.940717742089227,0.940717742089227,full_event_available,0,1,,"3,13,18","0.99133,0.16844,0.52846",paper_formula,Full Bernoulli event probability uses selected probabilities and non-selected complement probabilities.
33,14,3,continue,bernoulli_full_event,36,5,31,0.85715877424962,0.954319791860731,0.818003583033497,full_event_available,0,1,,"16,17,31,40,42","0.14008,0.61241,0.2274,0.78334,0.56957",paper_formula,Full Bernoulli event probability uses selected probabilities and non-selected complement probabilities.
33,14,4,load_loss_threshold,bernoulli_full_event,0,0,0,NaN,NaN,1,terminal_stage_probability_one,1,0,,"","",,Terminal recording stage excluded from Bernoulli complement product.
33,15,1,continue,bernoulli_full_event,45,2,43,0.107392933593412,0.361226798687849,0.038793205603645,full_event_available,0,1,,"14,23","0.010871,0.047475",paper_formula,Full Bernoulli event probability uses selected probabilities and non-selected complement probabilities.
33,15,2,continue,bernoulli_full_event,43,3,40,1,0.940717742089227,0.940717742089227,full_event_available,0,1,,"3,13,18","0.8288,0.5856,0.083554",paper_formula,Full Bernoulli event probability uses selected probabilities and non-selected complement probabilities.
33,15,3,continue,bernoulli_full_event,36,5,31,0.85715877424962,0.954319791860731,0.818003583033497,full_event_available,0,1,,"16,17,31,40,42","0.37422,0.44606,0.042776,0.12575,0.20062",paper_formula,Full Bernoulli event probability uses selected probabilities and non-selected complement probabilities.
33,15,4,load_loss_threshold,bernoulli_full_event,0,0,0,NaN,NaN,1,terminal_stage_probability_one,1,0,,"","",,Terminal recording stage excluded from Bernoulli complement product.
33,16,1,continue,bernoulli_full_event,45,1,44,0.218040322287838,0.127974630441014,0.0279036296660256,full_event_available,0,1,,"8","0.088434",paper_formula,Full Bernoulli event probability uses selected probabilities and non-selected complement probabilities.
33,16,2,continue,bernoulli_full_event,44,6,38,7.54694343538743e-05,0.629400102029208,4.75004696824151e-05,full_event_available,0,1,,"3,9,12,13,19,23","0.11923,0.82338,0.0010766,0.37175,0.021697,0.40492",paper_formula,Full Bernoulli event probability uses selected probabilities and non-selected complement probabilities.
33,16,3,continue,bernoulli_full_event,34,5,29,1,0.957292931278129,0.957292931278129,full_event_available,0,1,,"7,30,31,40,42","0.15924,0.2619,0.69558,0.16565,0.9989",paper_formula,Full Bernoulli event probability uses selected probabilities and non-selected complement probabilities.
33,16,4,load_loss_threshold,bernoulli_full_event,11,0,11,NaN,NaN,1,terminal_stage_probability_one,1,0,,"","",,Terminal recording stage excluded from Bernoulli complement product.
33,17,1,continue,bernoulli_full_event,45,3,42,0.0545780727802283,0.73451307087344,0.0400883078401596,full_event_available,0,1,,"14,19,23","0.034462,0.17818,0.66812",paper_formula,Full Bernoulli event probability uses selected probabilities and non-selected complement probabilities.
33,17,2,continue,bernoulli_full_event,42,3,39,1,0.942397689127338,0.942397689127338,full_event_available,0,1,,"3,13,18","0.70328,0.72399,0.65234",paper_formula,Full Bernoulli event probability uses selected probabilities and non-selected complement probabilities.
33,17,3,continue,bernoulli_full_event,36,4,32,1,0.136316208827234,0.136316208827234,full_event_available,0,1,,"17,31,40,42","0.75916,0.80503,0.57035,0.42352",paper_formula,Full Bernoulli event probability uses selected probabilities and non-selected complement probabilities.
33,17,4,load_loss_threshold,bernoulli_full_event,0,0,0,NaN,NaN,1,terminal_stage_probability_one,1,0,,"","",,Terminal recording stage excluded from Bernoulli complement product.
33,18,1,no_new_outage,bernoulli_full_event,45,0,45,1,0.100071000774988,0.100071000774988,full_event_available,1,1,,"","",paper_formula,Full Bernoulli event probability uses selected probabilities and non-selected complement probabilities.
33,19,1,no_new_outage,bernoulli_full_event,45,0,45,1,0.100071000774988,0.100071000774988,full_event_available,1,1,,"","",paper_formula,Full Bernoulli event probability uses selected probabilities and non-selected complement probabilities.
33,20,1,continue,bernoulli_full_event,45,3,42,0.0742535423417942,0.788783082388115,0.0585699380065968,full_event_available,0,1,,"8,19,23","0.15479,0.27997,0.24138",paper_formula,Full Bernoulli event probability uses selected probabilities and non-selected complement probabilities.
33,20,2,continue,bernoulli_full_event,42,3,39,1,0.313224036708329,0.313224036708329,full_event_available,0,1,,"3,13,18","0.14484,0.38331,0.66268",paper_formula,Full Bernoulli event probability uses selected probabilities and non-selected complement probabilities.
33,20,3,continue,bernoulli_full_event,36,5,31,0.800190741826733,0.771153342524914,0.617069765217175,full_event_available,0,1,,"4,30,31,40,42","0.51432,0.67506,0.095295,0.57153,0.17651",paper_formula,Full Bernoulli event probability uses selected probabilities and non-selected complement probabilities.
33,20,4,load_loss_threshold,bernoulli_full_event,16,0,16,NaN,NaN,1,terminal_stage_probability_one,1,0,,"","",,Terminal recording stage excluded from Bernoulli complement product.
33,21,1,continue,bernoulli_full_event,45,3,42,0.0545780727802283,0.73451307087344,0.0400883078401596,full_event_available,0,1,,"14,19,23","0.147,0.37249,0.48161",paper_formula,Full Bernoulli event probability uses selected probabilities and non-selected complement probabilities.
33,21,2,continue,bernoulli_full_event,42,4,38,0.001566064468,0.943875859573219,0.00147817044588058,full_event_available,0,1,,"3,13,18,25","0.19812,0.72746,0.018763,0.0013304",paper_formula,Full Bernoulli event probability uses selected probabilities and non-selected complement probabilities.
33,21,3,load_loss_threshold,bernoulli_full_event,0,0,0,NaN,NaN,1,terminal_stage_probability_one,1,0,,"","",,Terminal recording stage excluded from Bernoulli complement product.
33,22,1,no_new_outage,bernoulli_full_event,45,0,45,1,0.100071000774988,0.100071000774988,full_event_available,1,1,,"","",paper_formula,Full Bernoulli event probability uses selected probabilities and non-selected complement probabilities.
33,23,1,continue,bernoulli_full_event,45,2,43,0.340549589922964,0.616796564889016,0.210049817238847,full_event_available,0,1,,"19,23","0.29705,0.25866",paper_formula,Full Bernoulli event probability uses selected probabilities and non-selected complement probabilities.
33,23,2,continue,bernoulli_full_event,43,5,38,0.489498734421585,0.94365897827945,0.461919875593357,full_event_available,0,1,,"8,10,13,14,18","0.11167,0.92761,0.75102,0.34443,0.11662",paper_formula,Full Bernoulli event probability uses selected probabilities and non-selected complement probabilities.
33,23,3,continue,bernoulli_full_event,35,1,34,1,0.949498613951395,0.949498613951395,full_event_available,0,1,,"3","0.15071",paper_formula,Full Bernoulli event probability uses selected probabilities and non-selected complement probabilities.
33,23,4,continue,bernoulli_full_event,34,4,30,1,0.340762019426113,0.340762019426113,full_event_available,0,1,,"4,31,40,42","0.16921,0.64608,0.1251,0.55072",paper_formula,Full Bernoulli event probability uses selected probabilities and non-selected complement probabilities.
33,23,5,max_depth_reached,bernoulli_full_event,17,0,17,NaN,NaN,1,terminal_stage_probability_one,1,0,,"","",,Terminal recording stage excluded from Bernoulli complement product.
33,24,1,continue,bernoulli_full_event,45,1,44,0.160264685071488,0.119169694302433,0.019098693527445,full_event_available,0,1,,"14","0.10236",paper_formula,Full Bernoulli event probability uses selected probabilities and non-selected complement probabilities.
33,24,2,continue,bernoulli_full_event,44,2,42,0.00158802049,0.938023881394147,0.00148960114376323,full_event_available,0,1,,"3,40","0.28474,0.0012072",paper_formula,Full Bernoulli event probability uses selected probabilities and non-selected complement probabilities.
33,24,3,continue,bernoulli_full_event,42,6,36,0.625040131130962,0.946344464692004,0.591503268306151,full_event_available,0,1,,"1,8,13,16,17,20","0.97321,0.43349,0.80738,0.52372,0.70941,0.44096",paper_formula,Full Bernoulli event probability uses selected probabilities and non-selected complement probabilities.
33,24,4,load_loss_threshold,bernoulli_full_event,28,0,28,NaN,NaN,1,terminal_stage_probability_one,1,0,,"","",,Terminal recording stage excluded from Bernoulli complement product.
33,25,1,continue,bernoulli_full_event,45,2,43,0.146108232401286,0.387916293131953,0.056677763909169,full_event_available,0,1,,"8,23","0.090249,0.060673",paper_formula,Full Bernoulli event probability uses selected probabilities and non-selected complement probabilities.
33,25,2,continue,bernoulli_full_event,43,3,40,1,0.324699144587605,0.324699144587605,full_event_available,0,1,,"3,13,18","0.13357,0.83923,0.73036",paper_formula,Full Bernoulli event probability uses selected probabilities and non-selected complement probabilities.
33,25,3,continue,bernoulli_full_event,36,6,30,0.00142644457023325,0.772530479061987,0.00110197190719766,full_event_available,0,1,,"4,17,30,31,40,42","0.30516,0.00030677,0.50138,0.14178,0.66355,0.33425",paper_formula,Full Bernoulli event probability uses selected probabilities and non-selected complement probabilities.
33,25,4,load_loss_threshold,bernoulli_full_event,16,0,16,NaN,NaN,1,terminal_stage_probability_one,1,0,,"","",,Terminal recording stage excluded from Bernoulli complement product.
33,26,1,continue,bernoulli_full_event,45,2,43,0.146108232401286,0.387916293131953,0.056677763909169,full_event_available,0,1,,"8,23","0.067023,0.59476",paper_formula,Full Bernoulli event probability uses selected probabilities and non-selected complement probabilities.
33,26,2,continue,bernoulli_full_event,43,3,40,1,0.324699144587605,0.324699144587605,full_event_available,0,1,,"3,13,18","0.82678,0.8872,0.27778",paper_formula,Full Bernoulli event probability uses selected probabilities and non-selected complement probabilities.
33,26,3,continue,bernoulli_full_event,36,5,31,0.800190741826733,0.771153342524914,0.617069765217175,full_event_available,0,1,,"4,30,31,40,42","0.78927,0.54262,0.8525,0.72263,0.098047",paper_formula,Full Bernoulli event probability uses selected probabilities and non-selected complement probabilities.
33,26,4,load_loss_threshold,bernoulli_full_event,16,0,16,NaN,NaN,1,terminal_stage_probability_one,1,0,,"","",,Terminal recording stage excluded from Bernoulli complement product.
33,27,1,continue,bernoulli_full_event,45,2,43,0.340549589922964,0.616796564889016,0.210049817238847,full_event_available,0,1,,"19,23","0.47477,0.56088",paper_formula,Full Bernoulli event probability uses selected probabilities and non-selected complement probabilities.
33,27,2,continue,bernoulli_full_event,43,5,38,0.489498734421585,0.94365897827945,0.461919875593357,full_event_available,0,1,,"8,10,13,14,18","0.97187,0.098312,0.34053,0.29202,0.22316",paper_formula,Full Bernoulli event probability uses selected probabilities and non-selected complement probabilities.
33,27,3,continue,bernoulli_full_event,35,1,34,1,0.949498613951395,0.949498613951395,full_event_available,0,1,,"3","0.67491",paper_formula,Full Bernoulli event probability uses selected probabilities and non-selected complement probabilities.
33,27,4,continue,bernoulli_full_event,34,5,29,0.644068162240221,0.957379990424167,0.616617970998054,full_event_available,0,1,,"4,30,31,40,42","0.1767,0.29977,0.27907,0.80519,0.29583",paper_formula,Full Bernoulli event probability uses selected probabilities and non-selected complement probabilities.
33,27,5,max_depth_reached,bernoulli_full_event,16,0,16,NaN,NaN,1,terminal_stage_probability_one,1,0,,"","",,Terminal recording stage excluded from Bernoulli complement product.
33,28,1,no_new_outage,bernoulli_full_event,45,0,45,1,0.100071000774988,0.100071000774988,full_event_available,1,1,,"","",paper_formula,Full Bernoulli event probability uses selected probabilities and non-selected complement probabilities.
33,29,1,continue,bernoulli_full_event,45,2,43,0.0349441635843462,0.152398771572336,0.00532544760387712,full_event_available,0,1,,"8,14","0.055373,0.10282",paper_formula,Full Bernoulli event probability uses selected probabilities and non-selected complement probabilities.
33,29,2,continue,bernoulli_full_event,43,1,42,1,0.937596513375353,0.937596513375353,full_event_available,0,1,,"3","0.76992",paper_formula,Full Bernoulli event probability uses selected probabilities and non-selected complement probabilities.
33,29,3,continue,bernoulli_full_event,42,10,32,1,0.952822477316348,0.952822477316348,full_event_available,0,1,,"4,9,16,17,19,20,23,31,40,42","0.89923,0.2847,0.92576,0.29973,0.37361,0.11218,0.074447,0.3669,0.53127,0.62131",paper_formula,Full Bernoulli event probability uses selected probabilities and non-selected complement probabilities.
33,29,4,load_loss_threshold,bernoulli_full_event,0,0,0,NaN,NaN,1,terminal_stage_probability_one,1,0,,"","",,Terminal recording stage excluded from Bernoulli complement product.
33,30,1,continue,bernoulli_full_event,45,3,42,0.023415989852144,0.461950672117413,0.0108170322504924,full_event_available,0,1,,"8,14,23","0.10781,0.14241,0.57077",paper_formula,Full Bernoulli event probability uses selected probabilities and non-selected complement probabilities.
33,30,2,continue,bernoulli_full_event,42,6,36,1,0.946378437518918,0.946378437518918,full_event_available,0,1,,"1,2,3,6,13,18","0.39181,0.13393,0.40543,0.18113,0.36537,0.48545",paper_formula,Full Bernoulli event probability uses selected probabilities and non-selected complement probabilities.
33,30,3,load_loss_threshold,bernoulli_full_event,26,0,26,NaN,NaN,1,terminal_stage_probability_one,1,0,,"","",,Terminal recording stage excluded from Bernoulli complement product.
34,1,1,no_new_outage,bernoulli_full_event,45,0,45,1,0.653310761680534,0.653310761680534,full_event_available,1,1,,"","",paper_formula,Full Bernoulli event probability uses selected probabilities and non-selected complement probabilities.
34,2,1,no_new_outage,bernoulli_full_event,45,0,45,1,0.653310761680534,0.653310761680534,full_event_available,1,1,,"","",paper_formula,Full Bernoulli event probability uses selected probabilities and non-selected complement probabilities.
34,3,1,no_new_outage,bernoulli_full_event,45,0,45,1,0.653310761680534,0.653310761680534,full_event_available,1,1,,"","",paper_formula,Full Bernoulli event probability uses selected probabilities and non-selected complement probabilities.
34,4,1,no_new_outage,bernoulli_full_event,45,0,45,1,0.653310761680534,0.653310761680534,full_event_available,1,1,,"","",paper_formula,Full Bernoulli event probability uses selected probabilities and non-selected complement probabilities.
34,5,1,no_new_outage,bernoulli_full_event,45,0,45,1,0.653310761680534,0.653310761680534,full_event_available,1,1,,"","",paper_formula,Full Bernoulli event probability uses selected probabilities and non-selected complement probabilities.
34,6,1,no_new_outage,bernoulli_full_event,45,0,45,1,0.653310761680534,0.653310761680534,full_event_available,1,1,,"","",paper_formula,Full Bernoulli event probability uses selected probabilities and non-selected complement probabilities.
34,7,1,continue,bernoulli_full_event,45,1,44,0.229105420118328,0.847470949634662,0.194160187954127,full_event_available,0,1,,"23","0.15898",paper_formula,Full Bernoulli event probability uses selected probabilities and non-selected complement probabilities.
34,7,2,continue,bernoulli_full_event,44,4,40,1,0.940587134992507,0.940587134992507,full_event_available,0,1,,"8,10,13,18","0.54898,0.33725,0.31277,0.85872",paper_formula,Full Bernoulli event probability uses selected probabilities and non-selected complement probabilities.
34,7,3,continue,bernoulli_full_event,36,3,33,0.999737815205003,0.950456809051686,0.950207613728051,full_event_available,0,1,,"3,12,15","0.4125,0.90773,0.23473",paper_formula,Full Bernoulli event probability uses selected probabilities and non-selected complement probabilities.
34,7,4,continue,bernoulli_full_event,32,5,27,0.640332880720881,0.909166574094228,0.582169251444892,full_event_available,0,1,,"4,30,31,40,42","0.78832,0.54735,0.42744,0.2764,0.49809",paper_formula,Full Bernoulli event probability uses selected probabilities and non-selected complement probabilities.
34,7,5,max_depth_reached,bernoulli_full_event,16,0,16,NaN,NaN,1,terminal_stage_probability_one,1,0,,"","",,Terminal recording stage excluded from Bernoulli complement product.
34,8,1,no_new_outage,bernoulli_full_event,45,0,45,1,0.653310761680534,0.653310761680534,full_event_available,1,1,,"","",paper_formula,Full Bernoulli event probability uses selected probabilities and non-selected complement probabilities.
34,9,1,continue,bernoulli_full_event,45,1,44,0.229105420118328,0.847470949634662,0.194160187954127,full_event_available,0,1,,"23","0.036677",paper_formula,Full Bernoulli event probability uses selected probabilities and non-selected complement probabilities.
34,9,2,continue,bernoulli_full_event,44,4,40,1,0.940587134992507,0.940587134992507,full_event_available,0,1,,"8,10,13,18","0.85065,0.99102,0.25193,0.00069454",paper_formula,Full Bernoulli event probability uses selected probabilities and non-selected complement probabilities.
34,9,3,continue,bernoulli_full_event,36,3,33,0.999737815205003,0.950456809051686,0.950207613728051,full_event_available,0,1,,"3,12,15","0.52792,0.0066045,0.045366",paper_formula,Full Bernoulli event probability uses selected probabilities and non-selected complement probabilities.
34,9,4,continue,bernoulli_full_event,32,5,27,0.640332880720881,0.909166574094228,0.582169251444892,full_event_available,0,1,,"4,30,31,40,42","0.0021217,0.14285,0.64682,0.27903,0.39141",paper_formula,Full Bernoulli event probability uses selected probabilities and non-selected complement probabilities.
34,9,5,max_depth_reached,bernoulli_full_event,16,0,16,NaN,NaN,1,terminal_stage_probability_one,1,0,,"","",,Terminal recording stage excluded from Bernoulli complement product.
34,10,1,continue,bernoulli_full_event,45,1,44,0.001575046477,0.65434137976549,0.00103061808495495,full_event_available,0,1,,"43","0.00029512",paper_formula,Full Bernoulli event probability uses selected probabilities and non-selected complement probabilities.
34,10,2,no_new_outage,bernoulli_full_event,44,0,44,1,0.629571964067956,0.629571964067956,full_event_available,1,1,,"","",paper_formula,Full Bernoulli event probability uses selected probabilities and non-selected complement probabilities.
34,11,1,continue,bernoulli_full_event,45,1,44,0.229105420118328,0.847470949634662,0.194160187954127,full_event_available,0,1,,"23","0.00068649",paper_formula,Full Bernoulli event probability uses selected probabilities and non-selected complement probabilities.
34,11,2,continue,bernoulli_full_event,44,4,40,1,0.940587134992507,0.940587134992507,full_event_available,0,1,,"8,10,13,18","0.076851,0.16369,0.64128,0.42665",paper_formula,Full Bernoulli event probability uses selected probabilities and non-selected complement probabilities.
34,11,3,continue,bernoulli_full_event,36,3,33,0.999737815205003,0.950456809051686,0.950207613728051,full_event_available,0,1,,"3,12,15","0.75186,0.88843,0.1816",paper_formula,Full Bernoulli event probability uses selected probabilities and non-selected complement probabilities.
34,11,4,continue,bernoulli_full_event,32,5,27,0.640332880720881,0.909166574094228,0.582169251444892,full_event_available,0,1,,"4,30,31,40,42","0.84708,0.51471,0.67719,0.77613,0.36867",paper_formula,Full Bernoulli event probability uses selected probabilities and non-selected complement probabilities.
34,11,5,max_depth_reached,bernoulli_full_event,16,0,16,NaN,NaN,1,terminal_stage_probability_one,1,0,,"","",,Terminal recording stage excluded from Bernoulli complement product.
34,12,1,no_new_outage,bernoulli_full_event,45,0,45,1,0.653310761680534,0.653310761680534,full_event_available,1,1,,"","",paper_formula,Full Bernoulli event probability uses selected probabilities and non-selected complement probabilities.
34,13,1,continue,bernoulli_full_event,45,1,44,0.229105420118328,0.847470949634662,0.194160187954127,full_event_available,0,1,,"23","0.10034",paper_formula,Full Bernoulli event probability uses selected probabilities and non-selected complement probabilities.
34,13,2,continue,bernoulli_full_event,44,4,40,1,0.940587134992507,0.940587134992507,full_event_available,0,1,,"8,10,13,18","0.47236,0.34196,0.47784,0.11879",paper_formula,Full Bernoulli event probability uses selected probabilities and non-selected complement probabilities.
34,13,3,continue,bernoulli_full_event,36,3,33,0.999737815205003,0.950456809051686,0.950207613728051,full_event_available,0,1,,"3,12,15","0.018058,0.80843,0.37062",paper_formula,Full Bernoulli event probability uses selected probabilities and non-selected complement probabilities.
34,13,4,continue,bernoulli_full_event,32,4,28,1,0.326997322649336,0.326997322649336,full_event_available,0,1,,"4,31,40,42","0.10319,0.7287,0.84745,0.13881",paper_formula,Full Bernoulli event probability uses selected probabilities and non-selected complement probabilities.
34,13,5,max_depth_reached,bernoulli_full_event,17,0,17,NaN,NaN,1,terminal_stage_probability_one,1,0,,"","",,Terminal recording stage excluded from Bernoulli complement product.
34,14,1,continue,bernoulli_full_event,45,1,44,0.0954280431220519,0.722231942647637,0.068921180967102,full_event_available,0,1,,"19","0.058988",paper_formula,Full Bernoulli event probability uses selected probabilities and non-selected complement probabilities.
34,14,2,continue,bernoulli_full_event,44,3,41,1,0.561031206060634,0.561031206060634,full_event_available,0,1,,"8,10,18","0.29154,0.29751,0.297",paper_formula,Full Bernoulli event probability uses selected probabilities and non-selected complement probabilities.
34,14,3,continue,bernoulli_full_event,40,3,37,0.816940058577046,0.933207901211526,0.762374917480306,full_event_available,0,1,,"3,12,14","0.74843,0.57992,0.60946",paper_formula,Full Bernoulli event probability uses selected probabilities and non-selected complement probabilities.
34,14,4,continue,bernoulli_full_event,37,4,33,0.114507259026389,0.951314073161293,0.108932366990929,full_event_available,0,1,,"30,31,40,42","0.089025,0.68261,0.37301,0.16574",paper_formula,Full Bernoulli event probability uses selected probabilities and non-selected complement probabilities.
34,14,5,max_depth_reached,bernoulli_full_event,20,0,20,NaN,NaN,1,terminal_stage_probability_one,1,0,,"","",,Terminal recording stage excluded from Bernoulli complement product.
34,15,1,no_new_outage,bernoulli_full_event,45,0,45,1,0.653310761680534,0.653310761680534,full_event_available,1,1,,"","",paper_formula,Full Bernoulli event probability uses selected probabilities and non-selected complement probabilities.
34,16,1,continue,bernoulli_full_event,45,1,44,0.0954280431220519,0.722231942647637,0.068921180967102,full_event_available,0,1,,"19","0.086157",paper_formula,Full Bernoulli event probability uses selected probabilities and non-selected complement probabilities.
34,16,2,continue,bernoulli_full_event,44,3,41,1,0.561031206060634,0.561031206060634,full_event_available,0,1,,"8,10,18","0.70367,0.075316,0.15765",paper_formula,Full Bernoulli event probability uses selected probabilities and non-selected complement probabilities.
34,16,3,continue,bernoulli_full_event,40,2,38,1,0.17083298373122,0.17083298373122,full_event_available,0,1,,"3,12","0.98565,0.79376",paper_formula,Full Bernoulli event probability uses selected probabilities and non-selected complement probabilities.
34,16,4,continue,bernoulli_full_event,38,1,37,1,0.944998395395601,0.944998395395601,full_event_available,0,1,,"1","0.47176",paper_formula,Full Bernoulli event probability uses selected probabilities and non-selected complement probabilities.
34,16,5,max_depth_reached,bernoulli_full_event,32,0,32,NaN,NaN,1,terminal_stage_probability_one,1,0,,"","",,Terminal recording stage excluded from Bernoulli complement product.
34,17,1,no_new_outage,bernoulli_full_event,45,0,45,1,0.653310761680534,0.653310761680534,full_event_available,1,1,,"","",paper_formula,Full Bernoulli event probability uses selected probabilities and non-selected complement probabilities.
34,18,1,no_new_outage,bernoulli_full_event,45,0,45,1,0.653310761680534,0.653310761680534,full_event_available,1,1,,"","",paper_formula,Full Bernoulli event probability uses selected probabilities and non-selected complement probabilities.
34,19,1,continue,bernoulli_full_event,45,2,43,0.0218630819105476,0.936875107824075,0.0204829772223108,full_event_available,0,1,,"19,23","0.077168,0.14366",paper_formula,Full Bernoulli event probability uses selected probabilities and non-selected complement probabilities.
34,19,2,continue,bernoulli_full_event,43,4,39,1,0.94226684879062,0.94226684879062,full_event_available,0,1,,"8,10,13,18","0.70574,0.0077803,0.76394,0.69486",paper_formula,Full Bernoulli event probability uses selected probabilities and non-selected complement probabilities.
34,19,3,continue,bernoulli_full_event,36,3,33,0.999737815205003,0.950456809051686,0.950207613728051,full_event_available,0,1,,"3,12,15","0.49274,0.030269,0.40288",paper_formula,Full Bernoulli event probability uses selected probabilities and non-selected complement probabilities.
34,19,4,continue,bernoulli_full_event,32,5,27,0.640332880720881,0.909166574094228,0.582169251444892,full_event_available,0,1,,"4,30,31,40,42","0.22676,0.624,0.84234,0.46007,0.7511",paper_formula,Full Bernoulli event probability uses selected probabilities and non-selected complement probabilities.
34,19,5,max_depth_reached,bernoulli_full_event,16,0,16,NaN,NaN,1,terminal_stage_probability_one,1,0,,"","",,Terminal recording stage excluded from Bernoulli complement product.
34,20,1,no_new_outage,bernoulli_full_event,45,0,45,1,0.653310761680534,0.653310761680534,full_event_available,1,1,,"","",paper_formula,Full Bernoulli event probability uses selected probabilities and non-selected complement probabilities.
34,21,1,no_new_outage,bernoulli_full_event,45,0,45,1,0.653310761680534,0.653310761680534,full_event_available,1,1,,"","",paper_formula,Full Bernoulli event probability uses selected probabilities and non-selected complement probabilities.
34,22,1,no_new_outage,bernoulli_full_event,45,0,45,1,0.653310761680534,0.653310761680534,full_event_available,1,1,,"","",paper_formula,Full Bernoulli event probability uses selected probabilities and non-selected complement probabilities.
34,23,1,no_new_outage,bernoulli_full_event,45,0,45,1,0.653310761680534,0.653310761680534,full_event_available,1,1,,"","",paper_formula,Full Bernoulli event probability uses selected probabilities and non-selected complement probabilities.
34,24,1,continue,bernoulli_full_event,45,1,44,0.229105420118328,0.847470949634662,0.194160187954127,full_event_available,0,1,,"23","0.020485",paper_formula,Full Bernoulli event probability uses selected probabilities and non-selected complement probabilities.
34,24,2,continue,bernoulli_full_event,44,4,40,1,0.940587134992507,0.940587134992507,full_event_available,0,1,,"8,10,13,18","0.19815,0.69567,0.71908,0.52836",paper_formula,Full Bernoulli event probability uses selected probabilities and non-selected complement probabilities.
34,24,3,continue,bernoulli_full_event,36,3,33,0.999737815205003,0.950456809051686,0.950207613728051,full_event_available,0,1,,"3,12,15","0.023229,0.26928,0.63442",paper_formula,Full Bernoulli event probability uses selected probabilities and non-selected complement probabilities.
34,24,4,continue,bernoulli_full_event,32,4,28,1,0.326997322649336,0.326997322649336,full_event_available,0,1,,"4,31,40,42","0.037935,0.75352,0.82081,0.73415",paper_formula,Full Bernoulli event probability uses selected probabilities and non-selected complement probabilities.
34,24,5,max_depth_reached,bernoulli_full_event,17,0,17,NaN,NaN,1,terminal_stage_probability_one,1,0,,"","",,Terminal recording stage excluded from Bernoulli complement product.
34,25,1,no_new_outage,bernoulli_full_event,45,0,45,1,0.653310761680534,0.653310761680534,full_event_available,1,1,,"","",paper_formula,Full Bernoulli event probability uses selected probabilities and non-selected complement probabilities.
34,26,1,no_new_outage,bernoulli_full_event,45,0,45,1,0.653310761680534,0.653310761680534,full_event_available,1,1,,"","",paper_formula,Full Bernoulli event probability uses selected probabilities and non-selected complement probabilities.
34,27,1,continue,bernoulli_full_event,45,1,44,0.229105420118328,0.847470949634662,0.194160187954127,full_event_available,0,1,,"23","0.12294",paper_formula,Full Bernoulli event probability uses selected probabilities and non-selected complement probabilities.
34,27,2,continue,bernoulli_full_event,44,4,40,1,0.940587134992507,0.940587134992507,full_event_available,0,1,,"8,10,13,18","0.80842,0.51865,0.48532,0.90795",paper_formula,Full Bernoulli event probability uses selected probabilities and non-selected complement probabilities.
34,27,3,continue,bernoulli_full_event,36,3,33,0.999737815205003,0.950456809051686,0.950207613728051,full_event_available,0,1,,"3,12,15","0.3074,0.53451,0.3077",paper_formula,Full Bernoulli event probability uses selected probabilities and non-selected complement probabilities.
34,27,4,continue,bernoulli_full_event,32,5,27,0.640332880720881,0.909166574094228,0.582169251444892,full_event_available,0,1,,"4,30,31,40,42","0.66085,0.20649,0.58032,0.10075,0.2671",paper_formula,Full Bernoulli event probability uses selected probabilities and non-selected complement probabilities.
34,27,5,max_depth_reached,bernoulli_full_event,16,0,16,NaN,NaN,1,terminal_stage_probability_one,1,0,,"","",,Terminal recording stage excluded from Bernoulli complement product.
34,28,1,no_new_outage,bernoulli_full_event,45,0,45,1,0.653310761680534,0.653310761680534,full_event_available,1,1,,"","",paper_formula,Full Bernoulli event probability uses selected probabilities and non-selected complement probabilities.
34,29,1,no_new_outage,bernoulli_full_event,45,0,45,1,0.653310761680534,0.653310761680534,full_event_available,1,1,,"","",paper_formula,Full Bernoulli event probability uses selected probabilities and non-selected complement probabilities.
34,30,1,no_new_outage,bernoulli_full_event,45,0,45,1,0.653310761680534,0.653310761680534,full_event_available,1,1,,"","",paper_formula,Full Bernoulli event probability uses selected probabilities and non-selected complement probabilities.
35,1,1,continue,bernoulli_full_event,45,3,42,1,0.938777009424255,0.938777009424255,full_event_available,0,1,,"29,36,38","0.31179,0.35124,0.51548",paper_formula,Full Bernoulli event probability uses selected probabilities and non-selected complement probabilities.
35,1,2,continue,bernoulli_full_event,40,2,38,0.28969133886974,0.234768266277979,0.0680103333821954,full_event_available,0,1,,"8,23","0.032582,0.61636",paper_formula,Full Bernoulli event probability uses selected probabilities and non-selected complement probabilities.
35,1,3,continue,bernoulli_full_event,38,9,29,0.328553591331445,0.956571793972041,0.314285098275877,full_event_available,0,1,,"1,3,6,12,13,16,17,18,27","0.1435,0.86765,0.19714,0.65945,0.79195,0.81449,0.24268,0.19314,0.43922",paper_formula,Full Bernoulli event probability uses selected probabilities and non-selected complement probabilities.
35,1,4,load_loss_threshold,bernoulli_full_event,0,0,0,NaN,NaN,1,terminal_stage_probability_one,1,0,,"","",,Terminal recording stage excluded from Bernoulli complement product.
35,2,1,continue,bernoulli_full_event,45,3,42,1,0.938777009424255,0.938777009424255,full_event_available,0,1,,"29,36,38","0.45706,0.48243,0.55582",paper_formula,Full Bernoulli event probability uses selected probabilities and non-selected complement probabilities.
35,2,2,continue,bernoulli_full_event,40,1,39,0.796969319511685,0.149432066104218,0.119092772036303,full_event_available,0,1,,"23","0.053065",paper_formula,Full Bernoulli event probability uses selected probabilities and non-selected complement probabilities.
35,2,3,continue,bernoulli_full_event,39,6,33,0.0224263407664241,0.951064916420514,0.0213289059066371,full_event_available,0,1,,"8,10,13,14,18,27","0.095263,0.15824,0.55067,0.30423,0.27056,0.011534",paper_formula,Full Bernoulli event probability uses selected probabilities and non-selected complement probabilities.
35,2,4,load_loss_threshold,bernoulli_full_event,26,0,26,NaN,NaN,1,terminal_stage_probability_one,1,0,,"","",,Terminal recording stage excluded from Bernoulli complement product.
35,3,1,continue,bernoulli_full_event,45,3,42,1,0.938777009424255,0.938777009424255,full_event_available,0,1,,"29,36,38","0.92658,0.4832,0.99399",paper_formula,Full Bernoulli event probability uses selected probabilities and non-selected complement probabilities.
35,3,2,continue,bernoulli_full_event,40,2,38,0.28969133886974,0.234768266277979,0.0680103333821954,full_event_available,0,1,,"8,23","0.00075568,0.75516",paper_formula,Full Bernoulli event probability uses selected probabilities and non-selected complement probabilities.
35,3,3,continue,bernoulli_full_event,38,9,29,0.328553591331445,0.956571793972041,0.314285098275877,full_event_available,0,1,,"1,3,6,12,13,16,17,18,27","0.14713,0.49748,0.1152,0.44281,0.5705,0.36959,0.68244,0.87896,0.625",paper_formula,Full Bernoulli event probability uses selected probabilities and non-selected complement probabilities.
35,3,4,load_loss_threshold,bernoulli_full_event,0,0,0,NaN,NaN,1,terminal_stage_probability_one,1,0,,"","",,Terminal recording stage excluded from Bernoulli complement product.
35,4,1,continue,bernoulli_full_event,45,3,42,1,0.938777009424255,0.938777009424255,full_event_available,0,1,,"29,36,38","0.016827,0.59186,0.1642",paper_formula,Full Bernoulli event probability uses selected probabilities and non-selected complement probabilities.
35,4,2,continue,bernoulli_full_event,40,3,37,0.0708215299540673,0.192337726164606,0.0136216520348638,full_event_available,0,1,,"8,14,19","0.16528,0.12326,0.5992",paper_formula,Full Bernoulli event probability uses selected probabilities and non-selected complement probabilities.
35,4,3,continue,bernoulli_full_event,37,3,34,1,0.134628740303548,0.134628740303548,full_event_available,0,1,,"1,3,18","0.91858,0.42394,0.55908",paper_formula,Full Bernoulli event probability uses selected probabilities and non-selected complement probabilities.
35,4,4,load_loss_threshold,bernoulli_full_event,33,0,33,NaN,NaN,1,terminal_stage_probability_one,1,0,,"","",,Terminal recording stage excluded from Bernoulli complement product.
35,5,1,continue,bernoulli_full_event,45,3,42,1,0.938777009424255,0.938777009424255,full_event_available,0,1,,"29,36,38","0.56354,0.22093,0.48024",paper_formula,Full Bernoulli event probability uses selected probabilities and non-selected complement probabilities.
35,5,2,continue,bernoulli_full_event,40,4,36,0.0564425865342694,0.947333307961184,0.0534699422113948,full_event_available,0,1,,"8,14,19,23","0.07948,0.18173,0.071157,0.1807",paper_formula,Full Bernoulli event probability uses selected probabilities and non-selected complement probabilities.
35,5,3,continue,bernoulli_full_event,36,7,29,1,0.957215399545745,0.957215399545745,full_event_available,0,1,,"1,2,3,6,13,18,27","0.87735,0.20024,0.41281,0.90585,0.91373,0.34197,0.98585",paper_formula,Full Bernoulli event probability uses selected probabilities and non-selected complement probabilities.
35,5,4,load_loss_threshold,bernoulli_full_event,0,0,0,NaN,NaN,1,terminal_stage_probability_one,1,0,,"","",,Terminal recording stage excluded from Bernoulli complement product.
35,6,1,continue,bernoulli_full_event,45,3,42,1,0.938777009424255,0.938777009424255,full_event_available,0,1,,"29,36,38","0.069001,0.10203,0.12045",paper_formula,Full Bernoulli event probability uses selected probabilities and non-selected complement probabilities.
35,6,2,continue,bernoulli_full_event,40,2,38,0.28969133886974,0.234768266277979,0.0680103333821954,full_event_available,0,1,,"8,23","0.10554,0.63657",paper_formula,Full Bernoulli event probability uses selected probabilities and non-selected complement probabilities.
35,6,3,continue,bernoulli_full_event,38,8,30,0.777418152057486,0.552304029649711,0.429371178104182,full_event_available,0,1,,"1,3,12,13,16,17,18,27","0.33179,0.22954,0.19452,0.44328,0.41778,0.15809,0.25019,0.51714",paper_formula,Full Bernoulli event probability uses selected probabilities and non-selected complement probabilities.
35,6,4,load_loss_threshold,bernoulli_full_event,0,0,0,NaN,NaN,1,terminal_stage_probability_one,1,0,,"","",,Terminal recording stage excluded from Bernoulli complement product.
35,7,1,continue,bernoulli_full_event,45,3,42,1,0.938777009424255,0.938777009424255,full_event_available,0,1,,"29,36,38","0.099096,0.15669,0.10975",paper_formula,Full Bernoulli event probability uses selected probabilities and non-selected complement probabilities.
35,7,2,continue,bernoulli_full_event,40,3,37,0.186820400849956,0.661122904985232,0.123511246120429,full_event_available,0,1,,"8,19,23","0.14802,0.32079,0.49631",paper_formula,Full Bernoulli event probability uses selected probabilities and non-selected complement probabilities.
35,7,3,continue,bernoulli_full_event,37,8,29,0.777748242717793,0.553290341991049,0.430320591196265,full_event_available,0,1,,"1,3,12,13,16,17,18,27","0.62355,0.80191,0.30567,0.10749,0.51913,0.62496,0.81546,0.5065",paper_formula,Full Bernoulli event probability uses selected probabilities and non-selected complement probabilities.
35,7,4,load_loss_threshold,bernoulli_full_event,0,0,0,NaN,NaN,1,terminal_stage_probability_one,1,0,,"","",,Terminal recording stage excluded from Bernoulli complement product.
35,8,1,continue,bernoulli_full_event,45,3,42,1,0.938777009424255,0.938777009424255,full_event_available,0,1,,"29,36,38","0.174,0.20055,0.15227",paper_formula,Full Bernoulli event probability uses selected probabilities and non-selected complement probabilities.
35,8,2,no_new_outage,bernoulli_full_event,40,0,40,1,0.0303392940679142,0.0303392940679142,full_event_available,1,1,,"","",paper_formula,Full Bernoulli event probability uses selected probabilities and non-selected complement probabilities.
35,9,1,continue,bernoulli_full_event,45,3,42,1,0.938777009424255,0.938777009424255,full_event_available,0,1,,"29,36,38","0.49562,0.6514,0.59188",paper_formula,Full Bernoulli event probability uses selected probabilities and non-selected complement probabilities.
35,9,2,continue,bernoulli_full_event,40,2,38,0.513961267593293,0.42081054312421,0.216280320160741,full_event_available,0,1,,"19,23","0.14484,0.63927",paper_formula,Full Bernoulli event probability uses selected probabilities and non-selected complement probabilities.
35,9,3,continue,bernoulli_full_event,38,5,33,0.66869065402675,0.901830388130172,0.603045552059963,full_event_available,0,1,,"8,10,13,14,18","0.51615,0.87272,0.88868,0.29241,0.67865",paper_formula,Full Bernoulli event probability uses selected probabilities and non-selected complement probabilities.
35,9,4,continue,bernoulli_full_event,30,2,28,1,0.958659317703586,0.958659317703586,full_event_available,0,1,,"3,27","0.4184,0.6161",paper_formula,Full Bernoulli event probability uses selected probabilities and non-selected complement probabilities.
35,9,5,max_depth_reached,bernoulli_full_event,0,0,0,NaN,NaN,1,terminal_stage_probability_one,1,0,,"","",,Terminal recording stage excluded from Bernoulli complement product.
35,10,1,continue,bernoulli_full_event,45,3,42,1,0.938777009424255,0.938777009424255,full_event_available,0,1,,"29,36,38","0.77034,0.71151,0.087858",paper_formula,Full Bernoulli event probability uses selected probabilities and non-selected complement probabilities.
35,10,2,continue,bernoulli_full_event,40,2,38,0.513961267593293,0.42081054312421,0.216280320160741,full_event_available,0,1,,"19,23","0.26706,0.072489",paper_formula,Full Bernoulli event probability uses selected probabilities and non-selected complement probabilities.
35,10,3,continue,bernoulli_full_event,38,4,34,1,0.298784836070209,0.298784836070209,full_event_available,0,1,,"8,10,13,18","0.69121,0.22877,0.43327,0.30458",paper_formula,Full Bernoulli event probability uses selected probabilities and non-selected complement probabilities.
35,10,4,continue,bernoulli_full_event,31,4,27,1,0.663030447022801,0.663030447022801,full_event_available,0,1,,"3,12,15,27","0.37028,0.71787,0.035353,0.57269",paper_formula,Full Bernoulli event probability uses selected probabilities and non-selected complement probabilities.
35,10,5,max_depth_reached,bernoulli_full_event,0,0,0,NaN,NaN,1,terminal_stage_probability_one,1,0,,"","",,Terminal recording stage excluded from Bernoulli complement product.
35,11,1,continue,bernoulli_full_event,45,3,42,1,0.938777009424255,0.938777009424255,full_event_available,0,1,,"29,36,38","0.35065,0.42965,0.093915",paper_formula,Full Bernoulli event probability uses selected probabilities and non-selected complement probabilities.
35,11,2,continue,bernoulli_full_event,40,2,38,0.513961267593293,0.42081054312421,0.216280320160741,full_event_available,0,1,,"19,23","0.1884,0.7758",paper_formula,Full Bernoulli event probability uses selected probabilities and non-selected complement probabilities.
35,11,3,continue,bernoulli_full_event,38,5,33,0.66869065402675,0.901830388130172,0.603045552059963,full_event_available,0,1,,"8,10,13,14,18","0.61253,0.90686,0.61475,0.0027944,0.51329",paper_formula,Full Bernoulli event probability uses selected probabilities and non-selected complement probabilities.
35,11,4,continue,bernoulli_full_event,30,2,28,1,0.958659317703586,0.958659317703586,full_event_available,0,1,,"3,27","0.45498,0.73816",paper_formula,Full Bernoulli event probability uses selected probabilities and non-selected complement probabilities.
35,11,5,max_depth_reached,bernoulli_full_event,0,0,0,NaN,NaN,1,terminal_stage_probability_one,1,0,,"","",,Terminal recording stage excluded from Bernoulli complement product.
35,12,1,continue,bernoulli_full_event,45,3,42,1,0.938777009424255,0.938777009424255,full_event_available,0,1,,"29,36,38","0.080999,0.79511,0.14165",paper_formula,Full Bernoulli event probability uses selected probabilities and non-selected complement probabilities.
35,12,2,continue,bernoulli_full_event,40,3,37,0.186820400849956,0.661122904985232,0.123511246120429,full_event_available,0,1,,"8,19,23","0.34813,0.0077756,0.032062",paper_formula,Full Bernoulli event probability uses selected probabilities and non-selected complement probabilities.
35,12,3,continue,bernoulli_full_event,37,8,29,0.777748242717793,0.553290341991049,0.430320591196265,full_event_available,0,1,,"1,3,12,13,16,17,18,27","0.94306,0.97746,0.4198,0.2489,0.74453,0.58713,0.75681,0.89441",paper_formula,Full Bernoulli event probability uses selected probabilities and non-selected complement probabilities.
35,12,4,load_loss_threshold,bernoulli_full_event,0,0,0,NaN,NaN,1,terminal_stage_probability_one,1,0,,"","",,Terminal recording stage excluded from Bernoulli complement product.
35,13,1,continue,bernoulli_full_event,45,3,42,1,0.938777009424255,0.938777009424255,full_event_available,0,1,,"29,36,38","0.17323,0.26845,0.38198",paper_formula,Full Bernoulli event probability uses selected probabilities and non-selected complement probabilities.
35,13,2,continue,bernoulli_full_event,40,1,39,0.644894671614466,0.0854374509271659,0.0550981568592517,full_event_available,0,1,,"19","0.32039",paper_formula,Full Bernoulli event probability uses selected probabilities and non-selected complement probabilities.
35,13,3,continue,bernoulli_full_event,39,4,35,0.391325750332167,0.453529811347152,0.17747789372343,full_event_available,0,1,,"8,10,13,18","0.50626,0.14808,0.20653,0.25295",paper_formula,Full Bernoulli event probability uses selected probabilities and non-selected complement probabilities.
35,13,4,continue,bernoulli_full_event,34,5,29,0.512685229687608,0.956659774042404,0.490465335987825,full_event_available,0,1,,"3,12,14,15,27","0.17353,0.96511,0.2898,0.76752,0.0067414",paper_formula,Full Bernoulli event probability uses selected probabilities and non-selected complement probabilities.
35,13,5,max_depth_reached,bernoulli_full_event,0,0,0,NaN,NaN,1,terminal_stage_probability_one,1,0,,"","",,Terminal recording stage excluded from Bernoulli complement product.
35,14,1,continue,bernoulli_full_event,45,3,42,1,0.938777009424255,0.938777009424255,full_event_available,0,1,,"29,36,38","0.8625,0.15352,0.35407",paper_formula,Full Bernoulli event probability uses selected probabilities and non-selected complement probabilities.
35,14,2,continue,bernoulli_full_event,40,4,36,0.0564425865342694,0.947333307961184,0.0534699422113948,full_event_available,0,1,,"8,14,19,23","0.20293,0.15539,0.043004,0.60953",paper_formula,Full Bernoulli event probability uses selected probabilities and non-selected complement probabilities.
35,14,3,continue,bernoulli_full_event,36,7,29,1,0.957215399545745,0.957215399545745,full_event_available,0,1,,"1,2,3,6,13,18,27","0.52469,0.10423,0.090081,0.48342,0.71957,0.33846,0.95865",paper_formula,Full Bernoulli event probability uses selected probabilities and non-selected complement probabilities.
35,14,4,load_loss_threshold,bernoulli_full_event,0,0,0,NaN,NaN,1,terminal_stage_probability_one,1,0,,"","",,Terminal recording stage excluded from Bernoulli complement product.
35,15,1,continue,bernoulli_full_event,45,3,42,1,0.938777009424255,0.938777009424255,full_event_available,0,1,,"29,36,38","0.051622,0.71153,0.96043",paper_formula,Full Bernoulli event probability uses selected probabilities and non-selected complement probabilities.
35,15,2,continue,bernoulli_full_event,40,3,37,0.155279097943355,0.602985981633333,0.0936311193005124,full_event_available,0,1,,"14,19,23","0.15671,0.47704,0.4686",paper_formula,Full Bernoulli event probability uses selected probabilities and non-selected complement probabilities.
35,15,3,continue,bernoulli_full_event,37,3,34,1,0.718127275768897,0.718127275768897,full_event_available,0,1,,"3,13,18","0.42742,0.7896,0.77038",paper_formula,Full Bernoulli event probability uses selected probabilities and non-selected complement probabilities.
35,15,4,load_loss_threshold,bernoulli_full_event,31,0,31,NaN,NaN,1,terminal_stage_probability_one,1,0,,"","",,Terminal recording stage excluded from Bernoulli complement product.
35,16,1,continue,bernoulli_full_event,45,3,42,1,0.938777009424255,0.938777009424255,full_event_available,0,1,,"29,36,38","0.75982,0.37281,0.059364",paper_formula,Full Bernoulli event probability uses selected probabilities and non-selected complement probabilities.
35,16,2,continue,bernoulli_full_event,40,2,38,0.234413541746405,0.134228233285563,0.0314649155668316,full_event_available,0,1,,"8,19","0.31902,0.34004",paper_formula,Full Bernoulli event probability uses selected probabilities and non-selected complement probabilities.
35,16,3,continue,bernoulli_full_event,38,6,32,0.799056028336222,0.952532896076999,0.761127152798887,full_event_available,0,1,,"3,18,21,22,23,27","0.17024,0.12246,0.69936,0.33863,0.39707,0.57407",paper_formula,Full Bernoulli event probability uses selected probabilities and non-selected complement probabilities.
35,16,4,load_loss_threshold,bernoulli_full_event,0,0,0,NaN,NaN,1,terminal_stage_probability_one,1,0,,"","",,Terminal recording stage excluded from Bernoulli complement product.
35,17,1,continue,bernoulli_full_event,45,3,42,1,0.938777009424255,0.938777009424255,full_event_available,0,1,,"29,36,38","0.050336,0.23823,0.50824",paper_formula,Full Bernoulli event probability uses selected probabilities and non-selected complement probabilities.
35,17,2,continue,bernoulli_full_event,40,3,37,0.186820400849956,0.661122904985232,0.123511246120429,full_event_available,0,1,,"8,19,23","0.088347,0.55073,0.11139",paper_formula,Full Bernoulli event probability uses selected probabilities and non-selected complement probabilities.
35,17,3,continue,bernoulli_full_event,37,8,29,0.777748242717793,0.553290341991049,0.430320591196265,full_event_available,0,1,,"1,3,12,13,16,17,18,27","0.12746,0.79627,0.75558,0.75442,0.61853,0.91828,0.53314,0.066782",paper_formula,Full Bernoulli event probability uses selected probabilities and non-selected complement probabilities.
35,17,4,load_loss_threshold,bernoulli_full_event,0,0,0,NaN,NaN,1,terminal_stage_probability_one,1,0,,"","",,Terminal recording stage excluded from Bernoulli complement product.
35,18,1,continue,bernoulli_full_event,45,3,42,1,0.938777009424255,0.938777009424255,full_event_available,0,1,,"29,36,38","0.45591,0.74641,0.93643",paper_formula,Full Bernoulli event probability uses selected probabilities and non-selected complement probabilities.
35,18,2,continue,bernoulli_full_event,40,3,37,0.155279097943355,0.602985981633333,0.0936311193005124,full_event_available,0,1,,"14,19,23","0.15245,0.37253,0.21041",paper_formula,Full Bernoulli event probability uses selected probabilities and non-selected complement probabilities.
35,18,3,continue,bernoulli_full_event,37,4,33,0.24526020912172,0.951489883597131,0.233362607828233,full_event_available,0,1,,"3,13,18,27","0.97362,0.69371,0.57252,0.21573",paper_formula,Full Bernoulli event probability uses selected probabilities and non-selected complement probabilities.
35,18,4,load_loss_threshold,bernoulli_full_event,0,0,0,NaN,NaN,1,terminal_stage_probability_one,1,0,,"","",,Terminal recording stage excluded from Bernoulli complement product.
35,19,1,continue,bernoulli_full_event,45,3,42,1,0.938777009424255,0.938777009424255,full_event_available,0,1,,"29,36,38","0.56622,0.60065,0.10751",paper_formula,Full Bernoulli event probability uses selected probabilities and non-selected complement probabilities.
35,19,2,continue,bernoulli_full_event,40,4,36,0.0564425865342694,0.947333307961184,0.0534699422113948,full_event_available,0,1,,"8,14,19,23","0.042292,0.20488,0.54004,0.32636",paper_formula,Full Bernoulli event probability uses selected probabilities and non-selected complement probabilities.
35,19,3,continue,bernoulli_full_event,36,7,29,1,0.957215399545745,0.957215399545745,full_event_available,0,1,,"1,2,3,6,13,18,27","0.17525,0.98401,0.026642,0.078216,0.46917,0.91875,0.9841",paper_formula,Full Bernoulli event probability uses selected probabilities and non-selected complement probabilities.
35,19,4,load_loss_threshold,bernoulli_full_event,0,0,0,NaN,NaN,1,terminal_stage_probability_one,1,0,,"","",,Terminal recording stage excluded from Bernoulli complement product.
35,20,1,continue,bernoulli_full_event,45,3,42,1,0.938777009424255,0.938777009424255,full_event_available,0,1,,"29,36,38","0.25258,0.76645,0.033487",paper_formula,Full Bernoulli event probability uses selected probabilities and non-selected complement probabilities.
35,20,2,continue,bernoulli_full_event,40,3,37,0.186820400849956,0.661122904985232,0.123511246120429,full_event_available,0,1,,"8,19,23","0.11677,0.071227,0.60365",paper_formula,Full Bernoulli event probability uses selected probabilities and non-selected complement probabilities.
35,20,3,continue,bernoulli_full_event,37,9,28,0.328693094726918,0.958280053400056,0.314980036367141,full_event_available,0,1,,"1,3,6,12,13,16,17,18,27","0.91876,0.81246,0.33931,0.61009,0.014075,0.85282,0.45264,0.71366,0.42013",paper_formula,Full Bernoulli event probability uses selected probabilities and non-selected complement probabilities.
35,20,4,load_loss_threshold,bernoulli_full_event,0,0,0,NaN,NaN,1,terminal_stage_probability_one,1,0,,"","",,Terminal recording stage excluded from Bernoulli complement product.
35,21,1,continue,bernoulli_full_event,45,3,42,1,0.938777009424255,0.938777009424255,full_event_available,0,1,,"29,36,38","0.76362,0.13317,0.74091",paper_formula,Full Bernoulli event probability uses selected probabilities and non-selected complement probabilities.
35,21,2,continue,bernoulli_full_event,40,3,37,0.186820400849956,0.661122904985232,0.123511246120429,full_event_available,0,1,,"8,19,23","0.16155,0.57415,0.11571",paper_formula,Full Bernoulli event probability uses selected probabilities and non-selected complement probabilities.
35,21,3,continue,bernoulli_full_event,37,7,30,1,0.122969750794784,0.122969750794784,full_event_available,0,1,,"1,3,13,16,17,18,27","0.71864,0.060558,0.89459,0.52171,0.10351,0.58114,0.39731",paper_formula,Full Bernoulli event probability uses selected probabilities and non-selected complement probabilities.
35,21,4,load_loss_threshold,bernoulli_full_event,0,0,0,NaN,NaN,1,terminal_stage_probability_one,1,0,,"","",,Terminal recording stage excluded from Bernoulli complement product.
35,22,1,continue,bernoulli_full_event,45,3,42,1,0.938777009424255,0.938777009424255,full_event_available,0,1,,"29,36,38","0.45097,0.46133,0.564",paper_formula,Full Bernoulli event probability uses selected probabilities and non-selected complement probabilities.
35,22,2,continue,bernoulli_full_event,40,3,37,0.186820400849956,0.661122904985232,0.123511246120429,full_event_available,0,1,,"8,19,23","0.016574,0.53449,0.14497",paper_formula,Full Bernoulli event probability uses selected probabilities and non-selected complement probabilities.
35,22,3,continue,bernoulli_full_event,37,9,28,0.328693094726918,0.958280053400056,0.314980036367141,full_event_available,0,1,,"1,3,6,12,13,16,17,18,27","0.24875,0.6233,0.076052,0.38698,0.80404,0.0033036,0.9345,0.18448,0.57911",paper_formula,Full Bernoulli event probability uses selected probabilities and non-selected complement probabilities.
35,22,4,load_loss_threshold,bernoulli_full_event,0,0,0,NaN,NaN,1,terminal_stage_probability_one,1,0,,"","",,Terminal recording stage excluded from Bernoulli complement product.
35,23,1,continue,bernoulli_full_event,45,3,42,1,0.938777009424255,0.938777009424255,full_event_available,0,1,,"29,36,38","0.075499,0.45445,0.16397",paper_formula,Full Bernoulli event probability uses selected probabilities and non-selected complement probabilities.
35,23,2,continue,bernoulli_full_event,40,4,36,0.0564425865342694,0.947333307961184,0.0534699422113948,full_event_available,0,1,,"8,14,19,23","0.0074862,0.015296,0.16394,0.39475",paper_formula,Full Bernoulli event probability uses selected probabilities and non-selected complement probabilities.
35,23,3,continue,bernoulli_full_event,36,7,29,1,0.957215399545745,0.957215399545745,full_event_available,0,1,,"1,2,3,6,13,18,27","0.17734,0.71392,0.08035,0.86117,0.96573,0.49288,0.6194",paper_formula,Full Bernoulli event probability uses selected probabilities and non-selected complement probabilities.
35,23,4,load_loss_threshold,bernoulli_full_event,0,0,0,NaN,NaN,1,terminal_stage_probability_one,1,0,,"","",,Terminal recording stage excluded from Bernoulli complement product.
35,24,1,continue,bernoulli_full_event,45,3,42,1,0.938777009424255,0.938777009424255,full_event_available,0,1,,"29,36,38","0.39436,0.6805,0.050856",paper_formula,Full Bernoulli event probability uses selected probabilities and non-selected complement probabilities.
35,24,2,continue,bernoulli_full_event,40,2,38,0.28969133886974,0.234768266277979,0.0680103333821954,full_event_available,0,1,,"8,23","0.27003,0.34725",paper_formula,Full Bernoulli event probability uses selected probabilities and non-selected complement probabilities.
35,24,3,continue,bernoulli_full_event,38,8,30,0.777418152057486,0.552304029649711,0.429371178104182,full_event_available,0,1,,"1,3,12,13,16,17,18,27","0.22999,0.80331,0.26622,0.78358,0.21324,0.70266,0.60717,0.5787",paper_formula,Full Bernoulli event probability uses selected probabilities and non-selected complement probabilities.
35,24,4,load_loss_threshold,bernoulli_full_event,0,0,0,NaN,NaN,1,terminal_stage_probability_one,1,0,,"","",,Terminal recording stage excluded from Bernoulli complement product.
35,25,1,continue,bernoulli_full_event,45,3,42,1,0.938777009424255,0.938777009424255,full_event_available,0,1,,"29,36,38","0.60216,0.20221,0.22377",paper_formula,Full Bernoulli event probability uses selected probabilities and non-selected complement probabilities.
35,25,2,continue,bernoulli_full_event,40,2,38,0.109818755017418,0.0683001514106092,0.00750063759541425,full_event_available,0,1,,"8,14","0.058134,0.12773",paper_formula,Full Bernoulli event probability uses selected probabilities and non-selected complement probabilities.
35,25,3,continue,bernoulli_full_event,38,1,37,1,0.945591634166012,0.945591634166012,full_event_available,0,1,,"3","0.13818",paper_formula,Full Bernoulli event probability uses selected probabilities and non-selected complement probabilities.
35,25,4,continue,bernoulli_full_event,37,12,25,0.518450411604934,0.963097723206257,0.499318411012058,full_event_available,0,1,,"4,9,16,17,19,20,23,27,31,33,40,42","0.050916,0.74476,0.64834,0.37954,0.43414,0.49156,0.97939,0.30694,0.86426,0.059466,0.63067,0.75448",paper_formula,Full Bernoulli event probability uses selected probabilities and non-selected complement probabilities.
35,25,5,max_depth_reached,bernoulli_full_event,3,0,3,NaN,NaN,1,terminal_stage_probability_one,1,0,,"","",,Terminal recording stage excluded from Bernoulli complement product.
35,26,1,continue,bernoulli_full_event,45,3,42,1,0.938777009424255,0.938777009424255,full_event_available,0,1,,"29,36,38","0.40724,0.61201,0.37399",paper_formula,Full Bernoulli event probability uses selected probabilities and non-selected complement probabilities.
35,26,2,continue,bernoulli_full_event,40,3,37,0.0875221784558521,0.33640310541411,0.0294427326251566,full_event_available,0,1,,"8,14,23","0.34794,0.14004,0.6149",paper_formula,Full Bernoulli event probability uses selected probabilities and non-selected complement probabilities.
35,26,3,continue,bernoulli_full_event,37,7,30,1,0.95550903800236,0.95550903800236,full_event_available,0,1,,"1,2,3,6,13,18,27","0.89358,0.11658,0.11614,0.42872,0.20624,0.95404,0.6516",paper_formula,Full Bernoulli event probability uses selected probabilities and non-selected complement probabilities.
35,26,4,load_loss_threshold,bernoulli_full_event,0,0,0,NaN,NaN,1,terminal_stage_probability_one,1,0,,"","",,Terminal recording stage excluded from Bernoulli complement product.
35,27,1,continue,bernoulli_full_event,45,3,42,1,0.938777009424255,0.938777009424255,full_event_available,0,1,,"29,36,38","0.98541,0.85156,0.22592",paper_formula,Full Bernoulli event probability uses selected probabilities and non-selected complement probabilities.
35,27,2,continue,bernoulli_full_event,40,4,36,0.0564425865342694,0.947333307961184,0.0534699422113948,full_event_available,0,1,,"8,14,19,23","0.31872,0.16819,0.40701,0.61307",paper_formula,Full Bernoulli event probability uses selected probabilities and non-selected complement probabilities.
35,27,3,continue,bernoulli_full_event,36,7,29,1,0.957215399545745,0.957215399545745,full_event_available,0,1,,"1,2,3,6,13,18,27","0.14796,0.1813,0.22466,0.52863,0.51845,0.19223,0.14342",paper_formula,Full Bernoulli event probability uses selected probabilities and non-selected complement probabilities.
35,27,4,load_loss_threshold,bernoulli_full_event,0,0,0,NaN,NaN,1,terminal_stage_probability_one,1,0,,"","",,Terminal recording stage excluded from Bernoulli complement product.
35,28,1,continue,bernoulli_full_event,45,3,42,1,0.938777009424255,0.938777009424255,full_event_available,0,1,,"29,36,38","0.90354,0.28355,0.88516",paper_formula,Full Bernoulli event probability uses selected probabilities and non-selected complement probabilities.
35,28,2,continue,bernoulli_full_event,40,2,38,0.513961267593293,0.42081054312421,0.216280320160741,full_event_available,0,1,,"19,23","0.40739,0.21447",paper_formula,Full Bernoulli event probability uses selected probabilities and non-selected complement probabilities.
35,28,3,continue,bernoulli_full_event,38,5,33,0.66869065402675,0.901830388130172,0.603045552059963,full_event_available,0,1,,"8,10,13,14,18","0.18674,0.94727,0.68315,0.25196,0.65953",paper_formula,Full Bernoulli event probability uses selected probabilities and non-selected complement probabilities.
35,28,4,continue,bernoulli_full_event,30,2,28,1,0.958659317703586,0.958659317703586,full_event_available,0,1,,"3,27","0.035596,0.15873",paper_formula,Full Bernoulli event probability uses selected probabilities and non-selected complement probabilities.
35,28,5,max_depth_reached,bernoulli_full_event,0,0,0,NaN,NaN,1,terminal_stage_probability_one,1,0,,"","",,Terminal recording stage excluded from Bernoulli complement product.
35,29,1,continue,bernoulli_full_event,45,3,42,1,0.938777009424255,0.938777009424255,full_event_available,0,1,,"29,36,38","0.82116,0.64072,0.8338",paper_formula,Full Bernoulli event probability uses selected probabilities and non-selected complement probabilities.
35,29,2,continue,bernoulli_full_event,40,1,39,0.363491205718231,0.04766516085948,0.0173258667915658,full_event_available,0,1,,"8","0.3283",paper_formula,Full Bernoulli event probability uses selected probabilities and non-selected complement probabilities.
35,29,3,continue,bernoulli_full_event,39,5,34,0.299466862681819,0.610629068328047,0.182863171354522,full_event_available,0,1,,"9,13,14,19,23","0.79969,0.43213,0.12357,0.79335,0.29626",paper_formula,Full Bernoulli event probability uses selected probabilities and non-selected complement probabilities.
35,29,4,continue,bernoulli_full_event,30,2,28,1,0.958691902807477,0.958691902807477,full_event_available,0,1,,"3,27","0.90341,0.25148",paper_formula,Full Bernoulli event probability uses selected probabilities and non-selected complement probabilities.
35,29,5,max_depth_reached,bernoulli_full_event,0,0,0,NaN,NaN,1,terminal_stage_probability_one,1,0,,"","",,Terminal recording stage excluded from Bernoulli complement product.
35,30,1,continue,bernoulli_full_event,45,3,42,1,0.938777009424255,0.938777009424255,full_event_available,0,1,,"29,36,38","0.92806,0.55913,0.98081",paper_formula,Full Bernoulli event probability uses selected probabilities and non-selected complement probabilities.
35,30,2,continue,bernoulli_full_event,40,1,39,0.796969319511685,0.149432066104218,0.119092772036303,full_event_available,0,1,,"23","0.67775",paper_formula,Full Bernoulli event probability uses selected probabilities and non-selected complement probabilities.
35,30,3,continue,bernoulli_full_event,39,5,34,0.643243859775866,0.917906565069801,0.590437761829106,full_event_available,0,1,,"8,10,13,14,18","0.073655,0.19283,0.31137,0.46359,0.23188",paper_formula,Full Bernoulli event probability uses selected probabilities and non-selected complement probabilities.
35,30,4,continue,bernoulli_full_event,30,2,28,1,0.958659317703586,0.958659317703586,full_event_available,0,1,,"3,27","0.5273,0.83604",paper_formula,Full Bernoulli event probability uses selected probabilities and non-selected complement probabilities.
35,30,5,max_depth_reached,bernoulli_full_event,0,0,0,NaN,NaN,1,terminal_stage_probability_one,1,0,,"","",,Terminal recording stage excluded from Bernoulli complement product.
36,1,1,no_new_outage,bernoulli_full_event,45,0,45,1,0.934292092393927,0.934292092393927,full_event_available,1,1,,"","",paper_formula,Full Bernoulli event probability uses selected probabilities and non-selected complement probabilities.
36,2,1,no_new_outage,bernoulli_full_event,45,0,45,1,0.934292092393927,0.934292092393927,full_event_available,1,1,,"","",paper_formula,Full Bernoulli event probability uses selected probabilities and non-selected complement probabilities.
36,3,1,no_new_outage,bernoulli_full_event,45,0,45,1,0.934292092393927,0.934292092393927,full_event_available,1,1,,"","",paper_formula,Full Bernoulli event probability uses selected probabilities and non-selected complement probabilities.
36,4,1,no_new_outage,bernoulli_full_event,45,0,45,1,0.934292092393927,0.934292092393927,full_event_available,1,1,,"","",paper_formula,Full Bernoulli event probability uses selected probabilities and non-selected complement probabilities.
36,5,1,no_new_outage,bernoulli_full_event,45,0,45,1,0.934292092393927,0.934292092393927,full_event_available,1,1,,"","",paper_formula,Full Bernoulli event probability uses selected probabilities and non-selected complement probabilities.
36,6,1,no_new_outage,bernoulli_full_event,45,0,45,1,0.934292092393927,0.934292092393927,full_event_available,1,1,,"","",paper_formula,Full Bernoulli event probability uses selected probabilities and non-selected complement probabilities.
36,7,1,no_new_outage,bernoulli_full_event,45,0,45,1,0.934292092393927,0.934292092393927,full_event_available,1,1,,"","",paper_formula,Full Bernoulli event probability uses selected probabilities and non-selected complement probabilities.
36,8,1,no_new_outage,bernoulli_full_event,45,0,45,1,0.934292092393927,0.934292092393927,full_event_available,1,1,,"","",paper_formula,Full Bernoulli event probability uses selected probabilities and non-selected complement probabilities.
36,9,1,no_new_outage,bernoulli_full_event,45,0,45,1,0.934292092393927,0.934292092393927,full_event_available,1,1,,"","",paper_formula,Full Bernoulli event probability uses selected probabilities and non-selected complement probabilities.
36,10,1,no_new_outage,bernoulli_full_event,45,0,45,1,0.934292092393927,0.934292092393927,full_event_available,1,1,,"","",paper_formula,Full Bernoulli event probability uses selected probabilities and non-selected complement probabilities.
36,11,1,no_new_outage,bernoulli_full_event,45,0,45,1,0.934292092393927,0.934292092393927,full_event_available,1,1,,"","",paper_formula,Full Bernoulli event probability uses selected probabilities and non-selected complement probabilities.
36,12,1,no_new_outage,bernoulli_full_event,45,0,45,1,0.934292092393927,0.934292092393927,full_event_available,1,1,,"","",paper_formula,Full Bernoulli event probability uses selected probabilities and non-selected complement probabilities.
36,13,1,no_new_outage,bernoulli_full_event,45,0,45,1,0.934292092393927,0.934292092393927,full_event_available,1,1,,"","",paper_formula,Full Bernoulli event probability uses selected probabilities and non-selected complement probabilities.
36,14,1,no_new_outage,bernoulli_full_event,45,0,45,1,0.934292092393927,0.934292092393927,full_event_available,1,1,,"","",paper_formula,Full Bernoulli event probability uses selected probabilities and non-selected complement probabilities.
36,15,1,no_new_outage,bernoulli_full_event,45,0,45,1,0.934292092393927,0.934292092393927,full_event_available,1,1,,"","",paper_formula,Full Bernoulli event probability uses selected probabilities and non-selected complement probabilities.
36,16,1,no_new_outage,bernoulli_full_event,45,0,45,1,0.934292092393927,0.934292092393927,full_event_available,1,1,,"","",paper_formula,Full Bernoulli event probability uses selected probabilities and non-selected complement probabilities.
36,17,1,no_new_outage,bernoulli_full_event,45,0,45,1,0.934292092393927,0.934292092393927,full_event_available,1,1,,"","",paper_formula,Full Bernoulli event probability uses selected probabilities and non-selected complement probabilities.
36,18,1,no_new_outage,bernoulli_full_event,45,0,45,1,0.934292092393927,0.934292092393927,full_event_available,1,1,,"","",paper_formula,Full Bernoulli event probability uses selected probabilities and non-selected complement probabilities.
36,19,1,no_new_outage,bernoulli_full_event,45,0,45,1,0.934292092393927,0.934292092393927,full_event_available,1,1,,"","",paper_formula,Full Bernoulli event probability uses selected probabilities and non-selected complement probabilities.
36,20,1,no_new_outage,bernoulli_full_event,45,0,45,1,0.934292092393927,0.934292092393927,full_event_available,1,1,,"","",paper_formula,Full Bernoulli event probability uses selected probabilities and non-selected complement probabilities.
36,21,1,no_new_outage,bernoulli_full_event,45,0,45,1,0.934292092393927,0.934292092393927,full_event_available,1,1,,"","",paper_formula,Full Bernoulli event probability uses selected probabilities and non-selected complement probabilities.
36,22,1,no_new_outage,bernoulli_full_event,45,0,45,1,0.934292092393927,0.934292092393927,full_event_available,1,1,,"","",paper_formula,Full Bernoulli event probability uses selected probabilities and non-selected complement probabilities.
36,23,1,continue,bernoulli_full_event,45,1,44,0.001599996502,0.93578935208387,0.00149725968994304,full_event_available,0,1,,"37","0.000817",paper_formula,Full Bernoulli event probability uses selected probabilities and non-selected complement probabilities.
36,23,2,continue,bernoulli_full_event,44,1,43,0.583791922231476,0.117249524386712,0.0684493252224449,full_event_available,0,1,,"19","0.0015845",paper_formula,Full Bernoulli event probability uses selected probabilities and non-selected complement probabilities.
36,23,3,continue,bernoulli_full_event,43,4,39,0.454188733703415,0.620477035056341,0.281813678844289,full_event_available,0,1,,"8,10,14,18","0.25851,0.13284,0.42414,0.9446",paper_formula,Full Bernoulli event probability uses selected probabilities and non-selected complement probabilities.
36,23,4,continue,bernoulli_full_event,38,4,34,0.726548348908124,0.317642248077867,0.230782450884439,full_event_available,0,1,,"3,6,17,27","0.35706,0.26777,0.30698,0.41593",paper_formula,Full Bernoulli event probability uses selected probabilities and non-selected complement probabilities.
36,23,5,max_depth_reached,bernoulli_full_event,0,0,0,NaN,NaN,1,terminal_stage_probability_one,1,0,,"","",,Terminal recording stage excluded from Bernoulli complement product.
36,24,1,no_new_outage,bernoulli_full_event,45,0,45,1,0.934292092393927,0.934292092393927,full_event_available,1,1,,"","",paper_formula,Full Bernoulli event probability uses selected probabilities and non-selected complement probabilities.
36,25,1,no_new_outage,bernoulli_full_event,45,0,45,1,0.934292092393927,0.934292092393927,full_event_available,1,1,,"","",paper_formula,Full Bernoulli event probability uses selected probabilities and non-selected complement probabilities.
36,26,1,no_new_outage,bernoulli_full_event,45,0,45,1,0.934292092393927,0.934292092393927,full_event_available,1,1,,"","",paper_formula,Full Bernoulli event probability uses selected probabilities and non-selected complement probabilities.
36,27,1,no_new_outage,bernoulli_full_event,45,0,45,1,0.934292092393927,0.934292092393927,full_event_available,1,1,,"","",paper_formula,Full Bernoulli event probability uses selected probabilities and non-selected complement probabilities.
36,28,1,no_new_outage,bernoulli_full_event,45,0,45,1,0.934292092393927,0.934292092393927,full_event_available,1,1,,"","",paper_formula,Full Bernoulli event probability uses selected probabilities and non-selected complement probabilities.
36,29,1,no_new_outage,bernoulli_full_event,45,0,45,1,0.934292092393927,0.934292092393927,full_event_available,1,1,,"","",paper_formula,Full Bernoulli event probability uses selected probabilities and non-selected complement probabilities.
36,30,1,no_new_outage,bernoulli_full_event,45,0,45,1,0.934292092393927,0.934292092393927,full_event_available,1,1,,"","",paper_formula,Full Bernoulli event probability uses selected probabilities and non-selected complement probabilities.
37,1,1,continue,bernoulli_full_event,45,1,44,0.733232158047656,0.2241498723866,0.164353894656133,full_event_available,0,1,,"23","0.35884",paper_formula,Full Bernoulli event probability uses selected probabilities and non-selected complement probabilities.
37,1,2,continue,bernoulli_full_event,44,5,39,0.536252542471642,0.942425926185274,0.505378299008046,full_event_available,0,1,,"8,10,13,14,18","0.14926,0.74286,0.004945,0.52988,0.35694",paper_formula,Full Bernoulli event probability uses selected probabilities and non-selected complement probabilities.
37,1,3,continue,bernoulli_full_event,35,2,33,1,0.951006940579989,0.951006940579989,full_event_available,0,1,,"3,27","0.29373,0.17289",paper_formula,Full Bernoulli event probability uses selected probabilities and non-selected complement probabilities.
37,1,4,load_loss_threshold,bernoulli_full_event,30,0,30,NaN,NaN,1,terminal_stage_probability_one,1,0,,"","",,Terminal recording stage excluded from Bernoulli complement product.
37,2,1,continue,bernoulli_full_event,45,3,42,0.0909552904633636,0.649967910622363,0.0591180201025226,full_event_available,0,1,,"14,19,23","0.0044324,0.37182,0.41358",paper_formula,Full Bernoulli event probability uses selected probabilities and non-selected complement probabilities.
37,2,2,continue,bernoulli_full_event,42,3,39,1,0.942847033176086,0.942847033176086,full_event_available,0,1,,"3,13,18","0.77852,0.28884,0.75006",paper_formula,Full Bernoulli event probability uses selected probabilities and non-selected complement probabilities.
37,2,3,continue,bernoulli_full_event,36,6,30,0.949014833519242,0.955835777174567,0.907102330947057,full_event_available,0,1,,"16,17,27,31,40,42","0.27821,0.87529,0.71108,0.94086,0.41059,0.50114",paper_formula,Full Bernoulli event probability uses selected probabilities and non-selected complement probabilities.
37,2,4,load_loss_threshold,bernoulli_full_event,0,0,0,NaN,NaN,1,terminal_stage_probability_one,1,0,,"","",,Terminal recording stage excluded from Bernoulli complement product.
37,3,1,continue,bernoulli_full_event,45,1,44,0.556130017380783,0.134715074395477,0.0749190966650099,full_event_available,0,1,,"19","0.26188",paper_formula,Full Bernoulli event probability uses selected probabilities and non-selected complement probabilities.
37,3,2,continue,bernoulli_full_event,44,4,40,0.323861420308342,0.544449044391616,0.176326040802188,full_event_available,0,1,,"8,10,13,18","0.080296,0.81016,0.15911,0.24682",paper_formula,Full Bernoulli event probability uses selected probabilities and non-selected complement probabilities.
37,3,3,continue,bernoulli_full_event,39,4,35,0.999477463857789,0.947623314753342,0.947128147322181,full_event_available,0,1,,"3,12,15,27","0.66018,0.024853,0.13624,0.98773",paper_formula,Full Bernoulli event probability uses selected probabilities and non-selected complement probabilities.
37,3,4,load_loss_threshold,bernoulli_full_event,0,0,0,NaN,NaN,1,terminal_stage_probability_one,1,0,,"","",,Terminal recording stage excluded from Bernoulli complement product.
37,4,1,continue,bernoulli_full_event,45,2,43,0.226111591749733,0.324092347222178,0.0732810365043137,full_event_available,0,1,,"8,23","0.19001,0.17602",paper_formula,Full Bernoulli event probability uses selected probabilities and non-selected complement probabilities.
37,4,2,continue,bernoulli_full_event,43,5,38,0.327622517229124,0.350523728312593,0.114839466218309,full_event_available,0,1,,"3,13,16,18,27","0.15049,0.19704,0.040044,0.22669,0.52577",paper_formula,Full Bernoulli event probability uses selected probabilities and non-selected complement probabilities.
37,4,3,load_loss_threshold,bernoulli_full_event,0,0,0,NaN,NaN,1,terminal_stage_probability_one,1,0,,"","",,Terminal recording stage excluded from Bernoulli complement product.
37,5,1,continue,bernoulli_full_event,45,2,43,0.226111591749733,0.324092347222178,0.0732810365043137,full_event_available,0,1,,"8,23","0.070013,0.56573",paper_formula,Full Bernoulli event probability uses selected probabilities and non-selected complement probabilities.
37,5,2,continue,bernoulli_full_event,43,4,39,0.568510353542373,0.148523069040959,0.0844369024896739,full_event_available,0,1,,"3,13,16,18","0.23215,0.53037,0.1939,0.03201",paper_formula,Full Bernoulli event probability uses selected probabilities and non-selected complement probabilities.
37,5,3,continue,bernoulli_full_event,30,6,24,0.815754298237872,0.758046912274746,0.618380026954072,full_event_available,0,1,,"4,27,30,31,40,42","0.48303,0.9797,0.031265,0.76685,0.61638,0.011604",paper_formula,Full Bernoulli event probability uses selected probabilities and non-selected complement probabilities.
37,5,4,load_loss_threshold,bernoulli_full_event,0,0,0,NaN,NaN,1,terminal_stage_probability_one,1,0,,"","",,Terminal recording stage excluded from Bernoulli complement product.
37,6,1,continue,bernoulli_full_event,45,1,44,0.733232158047656,0.2241498723866,0.164353894656133,full_event_available,0,1,,"23","0.59752",paper_formula,Full Bernoulli event probability uses selected probabilities and non-selected complement probabilities.
37,6,2,continue,bernoulli_full_event,44,4,40,1,0.437047627177228,0.437047627177228,full_event_available,0,1,,"8,10,13,18","0.052248,0.31336,0.93802,0.71389",paper_formula,Full Bernoulli event probability uses selected probabilities and non-selected complement probabilities.
37,6,3,continue,bernoulli_full_event,36,4,32,0.876251646181091,0.951966657821718,0.834162351025791,full_event_available,0,1,,"3,12,15,27","0.45876,0.43825,0.64138,0.65665",paper_formula,Full Bernoulli event probability uses selected probabilities and non-selected complement probabilities.
37,6,4,load_loss_threshold,bernoulli_full_event,0,0,0,NaN,NaN,1,terminal_stage_probability_one,1,0,,"","",,Terminal recording stage excluded from Bernoulli complement product.
37,7,1,no_new_outage,bernoulli_full_event,45,0,45,1,0.0597959777304668,0.0597959777304668,full_event_available,1,1,,"","",paper_formula,Full Bernoulli event probability uses selected probabilities and non-selected complement probabilities.
37,8,1,continue,bernoulli_full_event,45,2,43,0.226111591749733,0.324092347222178,0.0732810365043137,full_event_available,0,1,,"8,23","0.30273,0.074786",paper_formula,Full Bernoulli event probability uses selected probabilities and non-selected complement probabilities.
37,8,2,continue,bernoulli_full_event,43,4,39,0.568510353542373,0.148523069040959,0.0844369024896739,full_event_available,0,1,,"3,13,16,18","0.98278,0.094456,0.52158,0.54766",paper_formula,Full Bernoulli event probability uses selected probabilities and non-selected complement probabilities.
37,8,3,continue,bernoulli_full_event,30,6,24,0.815754298237872,0.758046912274746,0.618380026954072,full_event_available,0,1,,"4,27,30,31,40,42","0.88516,0.58485,0.8078,0.34123,0.16132,0.7034",paper_formula,Full Bernoulli event probability uses selected probabilities and non-selected complement probabilities.
37,8,4,load_loss_threshold,bernoulli_full_event,0,0,0,NaN,NaN,1,terminal_stage_probability_one,1,0,,"","",,Terminal recording stage excluded from Bernoulli complement product.
37,9,1,continue,bernoulli_full_event,45,1,44,0.556130017380783,0.134715074395477,0.0749190966650099,full_event_available,0,1,,"19","0.30774",paper_formula,Full Bernoulli event probability uses selected probabilities and non-selected complement probabilities.
37,9,2,continue,bernoulli_full_event,44,5,39,0.136810322962421,0.94266242381942,0.128965950647273,full_event_available,0,1,,"8,10,13,14,18","0.6779,0.94399,0.12531,0.081889,0.11424",paper_formula,Full Bernoulli event probability uses selected probabilities and non-selected complement probabilities.
37,9,3,continue,bernoulli_full_event,38,2,36,1,0.946667976216682,0.946667976216682,full_event_available,0,1,,"3,27","0.42663,0.155",paper_formula,Full Bernoulli event probability uses selected probabilities and non-selected complement probabilities.
37,9,4,load_loss_threshold,bernoulli_full_event,0,0,0,NaN,NaN,1,terminal_stage_probability_one,1,0,,"","",,Terminal recording stage excluded from Bernoulli complement product.
37,10,1,continue,bernoulli_full_event,45,2,43,0.407772412799192,0.504989932105618,0.205920963054008,full_event_available,0,1,,"19,23","0.22153,0.56804",paper_formula,Full Bernoulli event probability uses selected probabilities and non-selected complement probabilities.
37,10,2,continue,bernoulli_full_event,43,4,39,1,0.415374867330872,0.415374867330872,full_event_available,0,1,,"8,10,13,18","0.27772,0.52297,0.29191,0.65062",paper_formula,Full Bernoulli event probability uses selected probabilities and non-selected complement probabilities.
37,10,3,continue,bernoulli_full_event,36,4,32,0.876251646181091,0.951966657821718,0.834162351025791,full_event_available,0,1,,"3,12,15,27","0.52162,0.84798,0.59893,0.18657",paper_formula,Full Bernoulli event probability uses selected probabilities and non-selected complement probabilities.
37,10,4,load_loss_threshold,bernoulli_full_event,0,0,0,NaN,NaN,1,terminal_stage_probability_one,1,0,,"","",,Terminal recording stage excluded from Bernoulli complement product.
37,11,1,continue,bernoulli_full_event,45,1,44,0.733232158047656,0.2241498723866,0.164353894656133,full_event_available,0,1,,"23","0.40083",paper_formula,Full Bernoulli event probability uses selected probabilities and non-selected complement probabilities.
37,11,2,continue,bernoulli_full_event,44,4,40,1,0.437047627177228,0.437047627177228,full_event_available,0,1,,"8,10,13,18","0.34872,0.74982,0.48972,0.536",paper_formula,Full Bernoulli event probability uses selected probabilities and non-selected complement probabilities.
37,11,3,continue,bernoulli_full_event,36,4,32,0.876251646181091,0.951966657821718,0.834162351025791,full_event_available,0,1,,"3,12,15,27","0.22284,0.15444,0.72519,0.15373",paper_formula,Full Bernoulli event probability uses selected probabilities and non-selected complement probabilities.
37,11,4,load_loss_threshold,bernoulli_full_event,0,0,0,NaN,NaN,1,terminal_stage_probability_one,1,0,,"","",,Terminal recording stage excluded from Bernoulli complement product.
37,12,1,continue,bernoulli_full_event,45,2,43,0.407772412799192,0.504989932105618,0.205920963054008,full_event_available,0,1,,"19,23","0.36111,0.55718",paper_formula,Full Bernoulli event probability uses selected probabilities and non-selected complement probabilities.
37,12,2,continue,bernoulli_full_event,43,5,38,0.560035016200227,0.944108923722684,0.528734056391812,full_event_available,0,1,,"8,10,13,14,18","0.79496,0.3688,0.47637,0.5577,0.70171",paper_formula,Full Bernoulli event probability uses selected probabilities and non-selected complement probabilities.
37,12,3,continue,bernoulli_full_event,35,2,33,1,0.951006940579989,0.951006940579989,full_event_available,0,1,,"3,27","0.21585,0.60771",paper_formula,Full Bernoulli event probability uses selected probabilities and non-selected complement probabilities.
37,12,4,load_loss_threshold,bernoulli_full_event,30,0,30,NaN,NaN,1,terminal_stage_probability_one,1,0,,"","",,Terminal recording stage excluded from Bernoulli complement product.
37,13,1,no_new_outage,bernoulli_full_event,45,0,45,1,0.0597959777304668,0.0597959777304668,full_event_available,1,1,,"","",paper_formula,Full Bernoulli event probability uses selected probabilities and non-selected complement probabilities.
37,14,1,continue,bernoulli_full_event,45,2,43,0.407772412799192,0.504989932105618,0.205920963054008,full_event_available,0,1,,"19,23","0.51028,0.43187",paper_formula,Full Bernoulli event probability uses selected probabilities and non-selected complement probabilities.
37,14,2,continue,bernoulli_full_event,43,4,39,1,0.415374867330872,0.415374867330872,full_event_available,0,1,,"8,10,13,18","0.49091,0.58123,0.35477,0.8273",paper_formula,Full Bernoulli event probability uses selected probabilities and non-selected complement probabilities.
37,14,3,continue,bernoulli_full_event,36,4,32,0.876251646181091,0.951966657821718,0.834162351025791,full_event_available,0,1,,"3,12,15,27","0.36448,0.80573,0.019421,0.85398",paper_formula,Full Bernoulli event probability uses selected probabilities and non-selected complement probabilities.
37,14,4,load_loss_threshold,bernoulli_full_event,0,0,0,NaN,NaN,1,terminal_stage_probability_one,1,0,,"","",,Terminal recording stage excluded from Bernoulli complement product.
37,15,1,continue,bernoulli_full_event,45,1,44,0.223054055665494,0.0769628545801665,0.0171668768496998,full_event_available,0,1,,"14","0.008736",paper_formula,Full Bernoulli event probability uses selected probabilities and non-selected complement probabilities.
37,15,2,continue,bernoulli_full_event,44,1,43,1,0.936980828570837,0.936980828570837,full_event_available,0,1,,"3","0.08205",paper_formula,Full Bernoulli event probability uses selected probabilities and non-selected complement probabilities.
37,15,3,continue,bernoulli_full_event,43,8,35,1,0.948469427986039,0.948469427986039,full_event_available,0,1,,"4,16,17,20,27,31,40,42","0.51472,0.14476,0.14184,0.22107,0.85356,0.89032,0.88028,0.24337",paper_formula,Full Bernoulli event probability uses selected probabilities and non-selected complement probabilities.
37,15,4,load_loss_threshold,bernoulli_full_event,0,0,0,NaN,NaN,1,terminal_stage_probability_one,1,0,,"","",,Terminal recording stage excluded from Bernoulli complement product.
37,16,1,continue,bernoulli_full_event,45,4,41,0.00010222920099018,0.65069926407649,6.65204658514375e-05,full_event_available,0,1,,"14,19,23,44","0.069605,0.38837,0.3716,0.00016463",paper_formula,Full Bernoulli event probability uses selected probabilities and non-selected complement probabilities.
37,16,2,continue,bernoulli_full_event,41,3,38,1,0.943907938527192,0.943907938527192,full_event_available,0,1,,"3,13,18","0.39853,0.17064,0.44634",paper_formula,Full Bernoulli event probability uses selected probabilities and non-selected complement probabilities.
37,16,3,continue,bernoulli_full_event,35,6,29,1,0.956911297651485,0.956911297651485,full_event_available,0,1,,"16,17,27,31,40,42","0.48285,0.17393,0.90306,0.40869,0.15268,0.46032",paper_formula,Full Bernoulli event probability uses selected probabilities and non-selected complement probabilities.
37,16,4,load_loss_threshold,bernoulli_full_event,0,0,0,NaN,NaN,1,terminal_stage_probability_one,1,0,,"","",,Terminal recording stage excluded from Bernoulli complement product.
37,17,1,continue,bernoulli_full_event,45,2,43,0.407772412799192,0.504989932105618,0.205920963054008,full_event_available,0,1,,"19,23","0.50088,0.62213",paper_formula,Full Bernoulli event probability uses selected probabilities and non-selected complement probabilities.
37,17,2,continue,bernoulli_full_event,43,4,39,1,0.415374867330872,0.415374867330872,full_event_available,0,1,,"8,10,13,18","0.81418,0.75977,0.57222,0.93982",paper_formula,Full Bernoulli event probability uses selected probabilities and non-selected complement probabilities.
37,17,3,continue,bernoulli_full_event,36,4,32,0.876251646181091,0.951966657821718,0.834162351025791,full_event_available,0,1,,"3,12,15,27","0.021257,0.41769,0.19344,0.8462",paper_formula,Full Bernoulli event probability uses selected probabilities and non-selected complement probabilities.
37,17,4,load_loss_threshold,bernoulli_full_event,0,0,0,NaN,NaN,1,terminal_stage_probability_one,1,0,,"","",,Terminal recording stage excluded from Bernoulli complement product.
37,18,1,continue,bernoulli_full_event,45,3,42,0.0909552904633636,0.649967910622363,0.0591180201025226,full_event_available,0,1,,"14,19,23","0.21248,0.35058,0.3285",paper_formula,Full Bernoulli event probability uses selected probabilities and non-selected complement probabilities.
37,18,2,continue,bernoulli_full_event,42,3,39,1,0.942847033176086,0.942847033176086,full_event_available,0,1,,"3,13,18","0.37,0.45418,0.26382",paper_formula,Full Bernoulli event probability uses selected probabilities and non-selected complement probabilities.
37,18,3,continue,bernoulli_full_event,36,6,30,0.949014833519242,0.955835777174567,0.907102330947057,full_event_available,0,1,,"16,17,27,31,40,42","0.3577,0.68625,0.67398,0.88889,0.71098,0.00028533",paper_formula,Full Bernoulli event probability uses selected probabilities and non-selected complement probabilities.
37,18,4,load_loss_threshold,bernoulli_full_event,0,0,0,NaN,NaN,1,terminal_stage_probability_one,1,0,,"","",,Terminal recording stage excluded from Bernoulli complement product.
37,19,1,continue,bernoulli_full_event,45,3,42,0.125747443449775,0.730151530657135,0.091814688311075,full_event_available,0,1,,"8,19,23","0.17723,0.31508,0.70277",paper_formula,Full Bernoulli event probability uses selected probabilities and non-selected complement probabilities.
37,19,2,continue,bernoulli_full_event,42,5,37,0.284115366758143,0.283665285425292,0.0805936666051602,full_event_available,0,1,,"3,13,16,17,18","0.12428,0.54509,0.11112,0.027208,0.26765",paper_formula,Full Bernoulli event probability uses selected probabilities and non-selected complement probabilities.
37,19,3,continue,bernoulli_full_event,29,7,22,0.175265460117638,0.967205518465108,0.169517720222106,full_event_available,0,1,,"4,25,27,30,31,40,42","0.080115,0.08838,0.72421,0.69947,0.51567,0.29659,0.7752",paper_formula,Full Bernoulli event probability uses selected probabilities and non-selected complement probabilities.
37,19,4,load_loss_threshold,bernoulli_full_event,3,0,3,NaN,NaN,1,terminal_stage_probability_one,1,0,,"","",,Terminal recording stage excluded from Bernoulli complement product.
37,20,1,continue,bernoulli_full_event,45,1,44,0.556130017380783,0.134715074395477,0.0749190966650099,full_event_available,0,1,,"19","0.24928",paper_formula,Full Bernoulli event probability uses selected probabilities and non-selected complement probabilities.
37,20,2,continue,bernoulli_full_event,44,4,40,0.0016978006,0.368749065974889,0.000626062385461606,full_event_available,0,1,,"8,10,18,29","0.59967,0.53846,0.24682,0.0014365",paper_formula,Full Bernoulli event probability uses selected probabilities and non-selected complement probabilities.
37,20,3,continue,bernoulli_full_event,39,7,32,0.261885579608758,0.863571555587156,0.226156937368579,full_event_available,0,1,,"3,12,13,14,15,22,27","0.33724,0.35187,0.46061,0.47806,0.28347,0.20681,0.33424",paper_formula,Full Bernoulli event probability uses selected probabilities and non-selected complement probabilities.
37,20,4,load_loss_threshold,bernoulli_full_event,0,0,0,NaN,NaN,1,terminal_stage_probability_one,1,0,,"","",,Terminal recording stage excluded from Bernoulli complement product.
37,21,1,continue,bernoulli_full_event,45,3,42,0.125747443449775,0.730151530657135,0.091814688311075,full_event_available,0,1,,"8,19,23","0.055304,0.37007,0.14299",paper_formula,Full Bernoulli event probability uses selected probabilities and non-selected complement probabilities.
37,21,2,continue,bernoulli_full_event,42,4,38,0.580068564755052,0.144727112419498,0.0839516483823211,full_event_available,0,1,,"3,13,16,18","0.8565,0.49868,0.020942,0.64265",paper_formula,Full Bernoulli event probability uses selected probabilities and non-selected complement probabilities.
37,21,3,continue,bernoulli_full_event,30,7,23,0.175265460117638,0.965481348229191,0.169215532732387,full_event_available,0,1,,"4,25,27,30,31,40,42","0.63309,0.08016,0.78943,0.39822,0.83644,0.88103,0.83603",paper_formula,Full Bernoulli event probability uses selected probabilities and non-selected complement probabilities.
37,21,4,load_loss_threshold,bernoulli_full_event,4,0,4,NaN,NaN,1,terminal_stage_probability_one,1,0,,"","",,Terminal recording stage excluded from Bernoulli complement product.
37,22,1,continue,bernoulli_full_event,45,2,43,0.407772412799192,0.504989932105618,0.205920963054008,full_event_available,0,1,,"19,23","0.41863,0.38127",paper_formula,Full Bernoulli event probability uses selected probabilities and non-selected complement probabilities.
37,22,2,continue,bernoulli_full_event,43,4,39,1,0.415374867330872,0.415374867330872,full_event_available,0,1,,"8,10,13,18","0.40104,0.02234,0.064361,0.9456",paper_formula,Full Bernoulli event probability uses selected probabilities and non-selected complement probabilities.
37,22,3,continue,bernoulli_full_event,36,3,33,1,0.117804306795927,0.117804306795927,full_event_available,0,1,,"3,12,15","0.39491,0.19775,0.44505",paper_formula,Full Bernoulli event probability uses selected probabilities and non-selected complement probabilities.
37,22,4,continue,bernoulli_full_event,32,5,27,1,0.182188123664845,0.182188123664845,full_event_available,0,1,,"4,27,31,40,42","0.94277,0.39101,0.47313,0.4816,0.98815",paper_formula,Full Bernoulli event probability uses selected probabilities and non-selected complement probabilities.
37,22,5,max_depth_reached,bernoulli_full_event,0,0,0,NaN,NaN,1,terminal_stage_probability_one,1,0,,"","",,Terminal recording stage excluded from Bernoulli complement product.
37,23,1,continue,bernoulli_full_event,45,3,42,0.000624761339340078,0.505764830806874,0.000315982313086011,full_event_available,0,1,,"7,19,23","0.0010946,0.20869,0.10994",paper_formula,Full Bernoulli event probability uses selected probabilities and non-selected complement probabilities.
37,23,2,continue,bernoulli_full_event,42,6,36,0.483147585401822,0.947180892142763,0.45762816097752,full_event_available,0,1,,"8,9,10,13,14,18","0.16682,0.38025,0.15785,0.76791,0.031296,0.93496",paper_formula,Full Bernoulli event probability uses selected probabilities and non-selected complement probabilities.
37,23,3,continue,bernoulli_full_event,33,2,31,1,0.954101353963159,0.954101353963159,full_event_available,0,1,,"3,27","0.4374,0.28241",paper_formula,Full Bernoulli event probability uses selected probabilities and non-selected complement probabilities.
37,23,4,load_loss_threshold,bernoulli_full_event,27,0,27,NaN,NaN,1,terminal_stage_probability_one,1,0,,"","",,Terminal recording stage excluded from Bernoulli complement product.
37,24,1,continue,bernoulli_full_event,45,1,44,0.733232158047656,0.2241498723866,0.164353894656133,full_event_available,0,1,,"23","0.013171",paper_formula,Full Bernoulli event probability uses selected probabilities and non-selected complement probabilities.
37,24,2,continue,bernoulli_full_event,44,4,40,1,0.437047627177228,0.437047627177228,full_event_available,0,1,,"8,10,13,18","0.84856,0.73947,0.29017,0.82088",paper_formula,Full Bernoulli event probability uses selected probabilities and non-selected complement probabilities.
37,24,3,continue,bernoulli_full_event,36,4,32,0.876251646181091,0.951966657821718,0.834162351025791,full_event_available,0,1,,"3,12,15,27","0.81543,0.35139,0.68003,0.64682",paper_formula,Full Bernoulli event probability uses selected probabilities and non-selected complement probabilities.
37,24,4,load_loss_threshold,bernoulli_full_event,0,0,0,NaN,NaN,1,terminal_stage_probability_one,1,0,,"","",,Terminal recording stage excluded from Bernoulli complement product.
37,25,1,continue,bernoulli_full_event,45,2,43,0.171497447390466,0.194780948131605,0.0334044354048649,full_event_available,0,1,,"8,19","0.10135,0.17632",paper_formula,Full Bernoulli event probability uses selected probabilities and non-selected complement probabilities.
37,25,2,continue,bernoulli_full_event,43,5,38,0.36277390835583,0.350609479680425,0.127191971250272,full_event_available,0,1,,"3,18,21,22,27","0.56673,0.035057,0.53916,0.77831,0.34072",paper_formula,Full Bernoulli event probability uses selected probabilities and non-selected complement probabilities.
37,25,3,load_loss_threshold,bernoulli_full_event,0,0,0,NaN,NaN,1,terminal_stage_probability_one,1,0,,"","",,Terminal recording stage excluded from Bernoulli complement product.
37,26,1,continue,bernoulli_full_event,45,1,44,0.223054055665494,0.0769628545801665,0.0171668768496998,full_event_available,0,1,,"14","0.02421",paper_formula,Full Bernoulli event probability uses selected probabilities and non-selected complement probabilities.
37,26,2,continue,bernoulli_full_event,44,1,43,1,0.936980828570837,0.936980828570837,full_event_available,0,1,,"3","0.8181",paper_formula,Full Bernoulli event probability uses selected probabilities and non-selected complement probabilities.
37,26,3,continue,bernoulli_full_event,43,8,35,1,0.948469427986039,0.948469427986039,full_event_available,0,1,,"4,16,17,20,27,31,40,42","0.22486,0.54096,0.88919,0.14582,0.52983,0.21549,0.046688,0.74228",paper_formula,Full Bernoulli event probability uses selected probabilities and non-selected complement probabilities.
37,26,4,load_loss_threshold,bernoulli_full_event,0,0,0,NaN,NaN,1,terminal_stage_probability_one,1,0,,"","",,Terminal recording stage excluded from Bernoulli complement product.
37,27,1,continue,bernoulli_full_event,45,2,43,0.163550406596892,0.288501245190997,0.0471844959546972,full_event_available,0,1,,"14,23","0.050758,0.17335",paper_formula,Full Bernoulli event probability uses selected probabilities and non-selected complement probabilities.
37,27,2,continue,bernoulli_full_event,43,3,40,1,0.941166285123486,0.941166285123486,full_event_available,0,1,,"3,13,18","0.49477,0.065211,0.70259",paper_formula,Full Bernoulli event probability uses selected probabilities and non-selected complement probabilities.
37,27,3,continue,bernoulli_full_event,36,7,29,0.00149095399914376,0.957339810165508,0.00142734961850579,full_event_available,0,1,,"16,17,27,28,31,40,42","0.42758,0.88118,0.45004,0.00034981,0.6941,0.19459,0.42063",paper_formula,Full Bernoulli event probability uses selected probabilities and non-selected complement probabilities.
37,27,4,load_loss_threshold,bernoulli_full_event,0,0,0,NaN,NaN,1,terminal_stage_probability_one,1,0,,"","",,Terminal recording stage excluded from Bernoulli complement product.
37,28,1,continue,bernoulli_full_event,45,2,43,0.407772412799192,0.504989932105618,0.205920963054008,full_event_available,0,1,,"19,23","0.26759,0.54135",paper_formula,Full Bernoulli event probability uses selected probabilities and non-selected complement probabilities.
37,28,2,continue,bernoulli_full_event,43,5,38,0.560035016200227,0.944108923722684,0.528734056391812,full_event_available,0,1,,"8,10,13,14,18","0.42949,0.82967,0.2248,0.15123,0.10991",paper_formula,Full Bernoulli event probability uses selected probabilities and non-selected complement probabilities.
37,28,3,continue,bernoulli_full_event,35,2,33,1,0.951006940579989,0.951006940579989,full_event_available,0,1,,"3,27","0.37632,0.24896",paper_formula,Full Bernoulli event probability uses selected probabilities and non-selected complement probabilities.
37,28,4,load_loss_threshold,bernoulli_full_event,30,0,30,NaN,NaN,1,terminal_stage_probability_one,1,0,,"","",,Terminal recording stage excluded from Bernoulli complement product.
37,29,1,continue,bernoulli_full_event,45,2,43,0.407772412799192,0.504989932105618,0.205920963054008,full_event_available,0,1,,"19,23","0.46878,0.31391",paper_formula,Full Bernoulli event probability uses selected probabilities and non-selected complement probabilities.
37,29,2,continue,bernoulli_full_event,43,5,38,0.560035016200227,0.944108923722684,0.528734056391812,full_event_available,0,1,,"8,10,13,14,18","0.88261,0.77376,0.36755,0.2828,0.66362",paper_formula,Full Bernoulli event probability uses selected probabilities and non-selected complement probabilities.
37,29,3,continue,bernoulli_full_event,35,2,33,1,0.951006940579989,0.951006940579989,full_event_available,0,1,,"3,27","0.91285,0.9642",paper_formula,Full Bernoulli event probability uses selected probabilities and non-selected complement probabilities.
37,29,4,load_loss_threshold,bernoulli_full_event,30,0,30,NaN,NaN,1,terminal_stage_probability_one,1,0,,"","",,Terminal recording stage excluded from Bernoulli complement product.
37,30,1,continue,bernoulli_full_event,45,2,43,0.407772412799192,0.504989932105618,0.205920963054008,full_event_available,0,1,,"19,23","0.49403,0.56502",paper_formula,Full Bernoulli event probability uses selected probabilities and non-selected complement probabilities.
37,30,2,continue,bernoulli_full_event,43,4,39,1,0.415374867330872,0.415374867330872,full_event_available,0,1,,"8,10,13,18","0.42344,0.41597,0.74653,0.3855",paper_formula,Full Bernoulli event probability uses selected probabilities and non-selected complement probabilities.
37,30,3,continue,bernoulli_full_event,36,4,32,0.876251646181091,0.951966657821718,0.834162351025791,full_event_available,0,1,,"3,12,15,27","0.70801,0.59777,0.00045795,0.60604",paper_formula,Full Bernoulli event probability uses selected probabilities and non-selected complement probabilities.
37,30,4,load_loss_threshold,bernoulli_full_event,0,0,0,NaN,NaN,1,terminal_stage_probability_one,1,0,,"","",,Terminal recording stage excluded from Bernoulli complement product.
38,1,1,continue,bernoulli_full_event,45,2,43,1,0.937081044075375,0.937081044075375,full_event_available,0,1,,"28,35","0.542,0.55386",paper_formula,Full Bernoulli event probability uses selected probabilities and non-selected complement probabilities.
38,1,2,continue,bernoulli_full_event,40,3,37,0.470137284912313,0.506566009066077,0.238155568131192,full_event_available,0,1,,"8,19,23","0.25167,0.5989,0.92787",paper_formula,Full Bernoulli event probability uses selected probabilities and non-selected complement probabilities.
38,1,3,continue,bernoulli_full_event,37,9,28,0.221360554498576,0.857399578194994,0.189794446056089,full_event_available,0,1,,"1,3,6,12,13,16,17,18,27","0.41023,0.52991,0.19184,0.81349,0.77915,0.17632,0.25003,0.58615,0.35784",paper_formula,Full Bernoulli event probability uses selected probabilities and non-selected complement probabilities.
38,1,4,load_loss_threshold,bernoulli_full_event,0,0,0,NaN,NaN,1,terminal_stage_probability_one,1,0,,"","",,Terminal recording stage excluded from Bernoulli complement product.
38,2,1,continue,bernoulli_full_event,45,2,43,1,0.937081044075375,0.937081044075375,full_event_available,0,1,,"28,35","0.26823,0.9534",paper_formula,Full Bernoulli event probability uses selected probabilities and non-selected complement probabilities.
38,2,2,continue,bernoulli_full_event,40,2,38,0.734091197972171,0.182143690982078,0.133710080316107,full_event_available,0,1,,"19,23","0.27558,0.35671",paper_formula,Full Bernoulli event probability uses selected probabilities and non-selected complement probabilities.
38,2,3,continue,bernoulli_full_event,38,5,33,0.837981015314945,0.951584980399655,0.797410148033755,full_event_available,0,1,,"8,10,13,14,18","0.2179,0.58161,0.54786,0.68983,0.20541",paper_formula,Full Bernoulli event probability uses selected probabilities and non-selected complement probabilities.
38,2,4,continue,bernoulli_full_event,30,2,28,1,0.958537620154475,0.958537620154475,full_event_available,0,1,,"3,27","0.88876,0.83321",paper_formula,Full Bernoulli event probability uses selected probabilities and non-selected complement probabilities.
38,2,5,max_depth_reached,bernoulli_full_event,0,0,0,NaN,NaN,1,terminal_stage_probability_one,1,0,,"","",,Terminal recording stage excluded from Bernoulli complement product.
38,3,1,continue,bernoulli_full_event,45,2,43,1,0.937081044075375,0.937081044075375,full_event_available,0,1,,"28,35","0.54121,0.17508",paper_formula,Full Bernoulli event probability uses selected probabilities and non-selected complement probabilities.
38,3,2,continue,bernoulli_full_event,40,3,37,0.341501960361439,0.340585190592223,0.116310510257319,full_event_available,0,1,,"14,19,23","0.43405,0.25283,0.6541",paper_formula,Full Bernoulli event probability uses selected probabilities and non-selected complement probabilities.
38,3,3,continue,bernoulli_full_event,37,3,34,1,0.950313097398786,0.950313097398786,full_event_available,0,1,,"3,13,18","0.047385,0.39407,0.79382",paper_formula,Full Bernoulli event probability uses selected probabilities and non-selected complement probabilities.
38,3,4,load_loss_threshold,bernoulli_full_event,31,0,31,NaN,NaN,1,terminal_stage_probability_one,1,0,,"","",,Terminal recording stage excluded from Bernoulli complement product.
38,4,1,continue,bernoulli_full_event,45,2,43,1,0.937081044075375,0.937081044075375,full_event_available,0,1,,"28,35","0.97717,0.72844",paper_formula,Full Bernoulli event probability uses selected probabilities and non-selected complement probabilities.
38,4,2,continue,bernoulli_full_event,40,2,38,0.734091197972171,0.182143690982078,0.133710080316107,full_event_available,0,1,,"19,23","0.61965,0.41475",paper_formula,Full Bernoulli event probability uses selected probabilities and non-selected complement probabilities.
38,4,3,continue,bernoulli_full_event,38,5,33,0.837981015314945,0.951584980399655,0.797410148033755,full_event_available,0,1,,"8,10,13,14,18","0.38316,0.013025,0.47462,0.45707,0.78926",paper_formula,Full Bernoulli event probability uses selected probabilities and non-selected complement probabilities.
38,4,4,continue,bernoulli_full_event,30,2,28,1,0.958537620154475,0.958537620154475,full_event_available,0,1,,"3,27","0.016786,0.36232",paper_formula,Full Bernoulli event probability uses selected probabilities and non-selected complement probabilities.
38,4,5,max_depth_reached,bernoulli_full_event,0,0,0,NaN,NaN,1,terminal_stage_probability_one,1,0,,"","",,Terminal recording stage excluded from Bernoulli complement product.
38,5,1,continue,bernoulli_full_event,45,2,43,1,0.937081044075375,0.937081044075375,full_event_available,0,1,,"28,35","0.89991,0.44581",paper_formula,Full Bernoulli event probability uses selected probabilities and non-selected complement probabilities.
38,5,2,continue,bernoulli_full_event,40,3,37,0.470137284912313,0.506566009066077,0.238155568131192,full_event_available,0,1,,"8,19,23","0.22751,0.16819,0.61364",paper_formula,Full Bernoulli event probability uses selected probabilities and non-selected complement probabilities.
38,5,3,continue,bernoulli_full_event,37,8,29,0.106575981179335,0.263518578867243,0.0280847511017603,full_event_available,0,1,,"1,3,11,12,13,16,17,18","0.13557,0.82066,0.0013265,0.91815,0.7409,0.45561,0.50391,0.74082",paper_formula,Full Bernoulli event probability uses selected probabilities and non-selected complement probabilities.
38,5,4,load_loss_threshold,bernoulli_full_event,22,0,22,NaN,NaN,1,terminal_stage_probability_one,1,0,,"","",,Terminal recording stage excluded from Bernoulli complement product.
38,6,1,continue,bernoulli_full_event,45,2,43,1,0.937081044075375,0.937081044075375,full_event_available,0,1,,"28,35","0.52972,0.92128",paper_formula,Full Bernoulli event probability uses selected probabilities and non-selected complement probabilities.
38,6,2,continue,bernoulli_full_event,40,3,37,0.470137284912313,0.506566009066077,0.238155568131192,full_event_available,0,1,,"8,19,23","0.11487,0.52672,0.65724",paper_formula,Full Bernoulli event probability uses selected probabilities and non-selected complement probabilities.
38,6,3,continue,bernoulli_full_event,37,8,29,0.52475011720905,0.495714197226363,0.260126083096724,full_event_available,0,1,,"1,3,12,13,16,17,18,27","0.014867,0.13654,0.46547,0.99784,0.56714,0.089616,0.59965,0.49402",paper_formula,Full Bernoulli event probability uses selected probabilities and non-selected complement probabilities.
38,6,4,load_loss_threshold,bernoulli_full_event,0,0,0,NaN,NaN,1,terminal_stage_probability_one,1,0,,"","",,Terminal recording stage excluded from Bernoulli complement product.
38,7,1,continue,bernoulli_full_event,45,2,43,1,0.937081044075375,0.937081044075375,full_event_available,0,1,,"28,35","0.85303,0.54372",paper_formula,Full Bernoulli event probability uses selected probabilities and non-selected complement probabilities.
38,7,2,continue,bernoulli_full_event,40,3,37,0.290533591374724,0.234164338057368,0.0680326061076922,full_event_available,0,1,,"8,14,23","0.22585,0.27339,0.79837",paper_formula,Full Bernoulli event probability uses selected probabilities and non-selected complement probabilities.
38,7,3,continue,bernoulli_full_event,37,6,31,1,0.0280999517106167,0.0280999517106167,full_event_available,0,1,,"1,2,3,6,13,18","0.068179,0.80922,0.92136,0.99233,0.86383,0.5881",paper_formula,Full Bernoulli event probability uses selected probabilities and non-selected complement probabilities.
38,7,4,load_loss_threshold,bernoulli_full_event,21,0,21,NaN,NaN,1,terminal_stage_probability_one,1,0,,"","",,Terminal recording stage excluded from Bernoulli complement product.
38,8,1,continue,bernoulli_full_event,45,2,43,1,0.937081044075375,0.937081044075375,full_event_available,0,1,,"28,35","0.36726,0.12659",paper_formula,Full Bernoulli event probability uses selected probabilities and non-selected complement probabilities.
38,8,2,continue,bernoulli_full_event,40,3,37,0.470137284912313,0.506566009066077,0.238155568131192,full_event_available,0,1,,"8,19,23","0.42614,0.2316,0.32336",paper_formula,Full Bernoulli event probability uses selected probabilities and non-selected complement probabilities.
38,8,3,continue,bernoulli_full_event,37,9,28,0.221360554498576,0.857399578194994,0.189794446056089,full_event_available,0,1,,"1,3,6,12,13,16,17,18,27","0.9576,0.87384,0.19977,0.88211,0.95999,0.017358,0.67986,0.61954,0.25849",paper_formula,Full Bernoulli event probability uses selected probabilities and non-selected complement probabilities.
38,8,4,load_loss_threshold,bernoulli_full_event,0,0,0,NaN,NaN,1,terminal_stage_probability_one,1,0,,"","",,Terminal recording stage excluded from Bernoulli complement product.
38,9,1,continue,bernoulli_full_event,45,2,43,1,0.937081044075375,0.937081044075375,full_event_available,0,1,,"28,35","0.75535,0.08662",paper_formula,Full Bernoulli event probability uses selected probabilities and non-selected complement probabilities.
38,9,2,continue,bernoulli_full_event,40,3,37,0.290533591374724,0.234164338057368,0.0680326061076922,full_event_available,0,1,,"8,14,23","0.19987,0.090234,0.43371",paper_formula,Full Bernoulli event probability uses selected probabilities and non-selected complement probabilities.
38,9,3,continue,bernoulli_full_event,37,7,30,0.970587908423638,0.955387740367288,0.927287788656671,full_event_available,0,1,,"1,2,3,6,13,18,27","0.23522,0.85741,0.61084,0.83665,0.85701,0.48428,0.62412",paper_formula,Full Bernoulli event probability uses selected probabilities and non-selected complement probabilities.
38,9,4,load_loss_threshold,bernoulli_full_event,0,0,0,NaN,NaN,1,terminal_stage_probability_one,1,0,,"","",,Terminal recording stage excluded from Bernoulli complement product.
38,10,1,continue,bernoulli_full_event,45,2,43,1,0.937081044075375,0.937081044075375,full_event_available,0,1,,"28,35","0.77776,0.28552",paper_formula,Full Bernoulli event probability uses selected probabilities and non-selected complement probabilities.
38,10,2,continue,bernoulli_full_event,40,3,37,0.470137284912313,0.506566009066077,0.238155568131192,full_event_available,0,1,,"8,19,23","0.23443,0.60096,0.94351",paper_formula,Full Bernoulli event probability uses selected probabilities and non-selected complement probabilities.
38,10,3,continue,bernoulli_full_event,37,8,29,0.52475011720905,0.495714197226363,0.260126083096724,full_event_available,0,1,,"1,3,12,13,16,17,18,27","0.22629,0.11731,0.45016,0.78482,0.94853,0.79025,0.37362,0.44245",paper_formula,Full Bernoulli event probability uses selected probabilities and non-selected complement probabilities.
38,10,4,load_loss_threshold,bernoulli_full_event,0,0,0,NaN,NaN,1,terminal_stage_probability_one,1,0,,"","",,Terminal recording stage excluded from Bernoulli complement product.
38,11,1,continue,bernoulli_full_event,45,2,43,1,0.937081044075375,0.937081044075375,full_event_available,0,1,,"28,35","0.68511,0.98502",paper_formula,Full Bernoulli event probability uses selected probabilities and non-selected complement probabilities.
38,11,2,continue,bernoulli_full_event,40,4,36,0.21870961657089,0.947213048198784,0.2071646025825,full_event_available,0,1,,"8,14,19,23","0.27659,0.35417,0.01329,0.85902",paper_formula,Full Bernoulli event probability uses selected probabilities and non-selected complement probabilities.
38,11,3,continue,bernoulli_full_event,36,7,29,0.970587908423638,0.957093885295641,0.928943752294149,full_event_available,0,1,,"1,2,3,6,13,18,27","0.40759,0.33101,0.36967,0.27981,0.083165,0.42976,0.81033",paper_formula,Full Bernoulli event probability uses selected probabilities and non-selected complement probabilities.
38,11,4,load_loss_threshold,bernoulli_full_event,0,0,0,NaN,NaN,1,terminal_stage_probability_one,1,0,,"","",,Terminal recording stage excluded from Bernoulli complement product.
38,12,1,continue,bernoulli_full_event,45,2,43,1,0.937081044075375,0.937081044075375,full_event_available,0,1,,"28,35","0.21093,0.47923",paper_formula,Full Bernoulli event probability uses selected probabilities and non-selected complement probabilities.
38,12,2,continue,bernoulli_full_event,40,2,38,0.734091197972171,0.182143690982078,0.133710080316107,full_event_available,0,1,,"19,23","0.038276,0.48066",paper_formula,Full Bernoulli event probability uses selected probabilities and non-selected complement probabilities.
38,12,3,continue,bernoulli_full_event,38,5,33,0.837981015314945,0.951584980399655,0.797410148033755,full_event_available,0,1,,"8,10,13,14,18","0.18211,0.50167,0.66646,0.70905,0.66842",paper_formula,Full Bernoulli event probability uses selected probabilities and non-selected complement probabilities.
38,12,4,continue,bernoulli_full_event,30,2,28,1,0.958537620154475,0.958537620154475,full_event_available,0,1,,"3,27","0.7639,0.3672",paper_formula,Full Bernoulli event probability uses selected probabilities and non-selected complement probabilities.
38,12,5,max_depth_reached,bernoulli_full_event,0,0,0,NaN,NaN,1,terminal_stage_probability_one,1,0,,"","",,Terminal recording stage excluded from Bernoulli complement product.
38,13,1,continue,bernoulli_full_event,45,2,43,1,0.937081044075375,0.937081044075375,full_event_available,0,1,,"28,35","0.25748,0.036991",paper_formula,Full Bernoulli event probability uses selected probabilities and non-selected complement probabilities.
38,13,2,continue,bernoulli_full_event,40,3,37,0.470137284912313,0.506566009066077,0.238155568131192,full_event_available,0,1,,"8,19,23","0.29274,0.18342,0.20416",paper_formula,Full Bernoulli event probability uses selected probabilities and non-selected complement probabilities.
38,13,3,continue,bernoulli_full_event,37,8,29,0.52475011720905,0.495714197226363,0.260126083096724,full_event_available,0,1,,"1,3,12,13,16,17,18,27","0.1707,0.72888,0.041431,0.95797,0.92831,0.48472,0.53742,0.26498",paper_formula,Full Bernoulli event probability uses selected probabilities and non-selected complement probabilities.
38,13,4,load_loss_threshold,bernoulli_full_event,0,0,0,NaN,NaN,1,terminal_stage_probability_one,1,0,,"","",,Terminal recording stage excluded from Bernoulli complement product.
38,14,1,continue,bernoulli_full_event,45,2,43,1,0.937081044075375,0.937081044075375,full_event_available,0,1,,"28,35","0.45847,0.91226",paper_formula,Full Bernoulli event probability uses selected probabilities and non-selected complement probabilities.
38,14,2,continue,bernoulli_full_event,40,2,38,0.734091197972171,0.182143690982078,0.133710080316107,full_event_available,0,1,,"19,23","0.14096,0.3082",paper_formula,Full Bernoulli event probability uses selected probabilities and non-selected complement probabilities.
38,14,3,continue,bernoulli_full_event,38,5,33,0.837981015314945,0.951584980399655,0.797410148033755,full_event_available,0,1,,"8,10,13,14,18","0.76732,0.6536,0.94475,0.42271,0.95308",paper_formula,Full Bernoulli event probability uses selected probabilities and non-selected complement probabilities.
38,14,4,continue,bernoulli_full_event,30,2,28,1,0.958537620154475,0.958537620154475,full_event_available,0,1,,"3,27","0.22313,0.50694",paper_formula,Full Bernoulli event probability uses selected probabilities and non-selected complement probabilities.
38,14,5,max_depth_reached,bernoulli_full_event,0,0,0,NaN,NaN,1,terminal_stage_probability_one,1,0,,"","",,Terminal recording stage excluded from Bernoulli complement product.
38,15,1,continue,bernoulli_full_event,45,3,42,0.001555086457,0.938540555783018,0.00145951170764342,full_event_available,0,1,,"28,35,41","0.095477,0.79095,0.0002194",paper_formula,Full Bernoulli event probability uses selected probabilities and non-selected complement probabilities.
38,15,2,continue,bernoulli_full_event,39,8,31,0.997759572042503,0.954833939932412,0.95269470327862,full_event_available,0,1,,"6,8,10,14,19,20,23,24","0.57513,0.67409,0.16439,0.11814,0.46254,0.038946,0.34375,0.52806",paper_formula,Full Bernoulli event probability uses selected probabilities and non-selected complement probabilities.
38,15,3,load_loss_threshold,bernoulli_full_event,30,0,30,NaN,NaN,1,terminal_stage_probability_one,1,0,,"","",,Terminal recording stage excluded from Bernoulli complement product.
38,16,1,continue,bernoulli_full_event,45,2,43,1,0.937081044075375,0.937081044075375,full_event_available,0,1,,"28,35","0.25923,0.58454",paper_formula,Full Bernoulli event probability uses selected probabilities and non-selected complement probabilities.
38,16,2,continue,bernoulli_full_event,40,3,37,0.341501960361439,0.340585190592223,0.116310510257319,full_event_available,0,1,,"14,19,23","0.17119,0.58651,0.96099",paper_formula,Full Bernoulli event probability uses selected probabilities and non-selected complement probabilities.
38,16,3,continue,bernoulli_full_event,37,3,34,1,0.950313097398786,0.950313097398786,full_event_available,0,1,,"3,13,18","0.15955,0.82,0.7297",paper_formula,Full Bernoulli event probability uses selected probabilities and non-selected complement probabilities.
38,16,4,load_loss_threshold,bernoulli_full_event,31,0,31,NaN,NaN,1,terminal_stage_probability_one,1,0,,"","",,Terminal recording stage excluded from Bernoulli complement product.
38,17,1,continue,bernoulli_full_event,45,2,43,1,0.937081044075375,0.937081044075375,full_event_available,0,1,,"28,35","0.96525,0.30379",paper_formula,Full Bernoulli event probability uses selected probabilities and non-selected complement probabilities.
38,17,2,continue,bernoulli_full_event,40,3,37,0.290533591374724,0.234164338057368,0.0680326061076922,full_event_available,0,1,,"8,14,23","0.63131,0.15904,0.45478",paper_formula,Full Bernoulli event probability uses selected probabilities and non-selected complement probabilities.
38,17,3,continue,bernoulli_full_event,37,7,30,0.970587908423638,0.955387740367288,0.927287788656671,full_event_available,0,1,,"1,2,3,6,13,18,27","0.030148,0.88251,0.10868,0.70753,0.62384,0.21007,0.81002",paper_formula,Full Bernoulli event probability uses selected probabilities and non-selected complement probabilities.
38,17,4,load_loss_threshold,bernoulli_full_event,0,0,0,NaN,NaN,1,terminal_stage_probability_one,1,0,,"","",,Terminal recording stage excluded from Bernoulli complement product.
38,18,1,continue,bernoulli_full_event,45,2,43,1,0.937081044075375,0.937081044075375,full_event_available,0,1,,"28,35","0.83192,0.46989",paper_formula,Full Bernoulli event probability uses selected probabilities and non-selected complement probabilities.
38,18,2,continue,bernoulli_full_event,40,2,38,0.734091197972171,0.182143690982078,0.133710080316107,full_event_available,0,1,,"19,23","0.37917,0.030892",paper_formula,Full Bernoulli event probability uses selected probabilities and non-selected complement probabilities.
38,18,3,continue,bernoulli_full_event,38,5,33,0.837981015314945,0.951584980399655,0.797410148033755,full_event_available,0,1,,"8,10,13,14,18","0.11569,0.80153,0.80638,0.58009,0.029447",paper_formula,Full Bernoulli event probability uses selected probabilities and non-selected complement probabilities.
38,18,4,continue,bernoulli_full_event,30,2,28,1,0.958537620154475,0.958537620154475,full_event_available,0,1,,"3,27","0.24919,0.35808",paper_formula,Full Bernoulli event probability uses selected probabilities and non-selected complement probabilities.
38,18,5,max_depth_reached,bernoulli_full_event,0,0,0,NaN,NaN,1,terminal_stage_probability_one,1,0,,"","",,Terminal recording stage excluded from Bernoulli complement product.
38,19,1,continue,bernoulli_full_event,45,2,43,1,0.937081044075375,0.937081044075375,full_event_available,0,1,,"28,35","0.19458,0.28788",paper_formula,Full Bernoulli event probability uses selected probabilities and non-selected complement probabilities.
38,19,2,continue,bernoulli_full_event,40,2,38,0.734091197972171,0.182143690982078,0.133710080316107,full_event_available,0,1,,"19,23","0.1861,0.68658",paper_formula,Full Bernoulli event probability uses selected probabilities and non-selected complement probabilities.
38,19,3,continue,bernoulli_full_event,38,5,33,0.837981015314945,0.951584980399655,0.797410148033755,full_event_available,0,1,,"8,10,13,14,18","0.16448,0.80501,0.4358,0.74461,0.75636",paper_formula,Full Bernoulli event probability uses selected probabilities and non-selected complement probabilities.
38,19,4,continue,bernoulli_full_event,30,2,28,1,0.958537620154475,0.958537620154475,full_event_available,0,1,,"3,27","0.99988,0.12701",paper_formula,Full Bernoulli event probability uses selected probabilities and non-selected complement probabilities.
38,19,5,max_depth_reached,bernoulli_full_event,0,0,0,NaN,NaN,1,terminal_stage_probability_one,1,0,,"","",,Terminal recording stage excluded from Bernoulli complement product.
38,20,1,continue,bernoulli_full_event,45,2,43,1,0.937081044075375,0.937081044075375,full_event_available,0,1,,"28,35","0.75058,0.0099074",paper_formula,Full Bernoulli event probability uses selected probabilities and non-selected complement probabilities.
38,20,2,continue,bernoulli_full_event,40,3,37,0.470137284912313,0.506566009066077,0.238155568131192,full_event_available,0,1,,"8,19,23","0.30042,0.069376,0.48394",paper_formula,Full Bernoulli event probability uses selected probabilities and non-selected complement probabilities.
38,20,3,continue,bernoulli_full_event,37,8,29,0.421559634622156,0.407179892844423,0.171650606852983,full_event_available,0,1,,"1,3,6,12,13,16,17,18","0.88843,0.58792,0.25683,0.95195,0.18414,0.35069,0.85412,0.32843",paper_formula,Full Bernoulli event probability uses selected probabilities and non-selected complement probabilities.
38,20,4,load_loss_threshold,bernoulli_full_event,21,0,21,NaN,NaN,1,terminal_stage_probability_one,1,0,,"","",,Terminal recording stage excluded from Bernoulli complement product.
38,21,1,continue,bernoulli_full_event,45,2,43,1,0.937081044075375,0.937081044075375,full_event_available,0,1,,"28,35","0.14345,0.84838",paper_formula,Full Bernoulli event probability uses selected probabilities and non-selected complement probabilities.
38,21,2,continue,bernoulli_full_event,40,3,37,0.470137284912313,0.506566009066077,0.238155568131192,full_event_available,0,1,,"8,19,23","0.63857,0.56343,0.73154",paper_formula,Full Bernoulli event probability uses selected probabilities and non-selected complement probabilities.
38,21,3,continue,bernoulli_full_event,37,8,29,0.52475011720905,0.495714197226363,0.260126083096724,full_event_available,0,1,,"1,3,12,13,16,17,18,27","0.58714,0.43208,0.97711,0.25106,0.41694,0.21788,0.56797,0.18987",paper_formula,Full Bernoulli event probability uses selected probabilities and non-selected complement probabilities.
38,21,4,load_loss_threshold,bernoulli_full_event,0,0,0,NaN,NaN,1,terminal_stage_probability_one,1,0,,"","",,Terminal recording stage excluded from Bernoulli complement product.
38,22,1,continue,bernoulli_full_event,45,2,43,1,0.937081044075375,0.937081044075375,full_event_available,0,1,,"28,35","0.56749,0.98506",paper_formula,Full Bernoulli event probability uses selected probabilities and non-selected complement probabilities.
38,22,2,continue,bernoulli_full_event,40,2,38,0.734091197972171,0.182143690982078,0.133710080316107,full_event_available,0,1,,"19,23","0.30737,0.45703",paper_formula,Full Bernoulli event probability uses selected probabilities and non-selected complement probabilities.
38,22,3,continue,bernoulli_full_event,38,5,33,0.837981015314945,0.951584980399655,0.797410148033755,full_event_available,0,1,,"8,10,13,14,18","0.43459,0.57316,0.41082,0.1483,0.50288",paper_formula,Full Bernoulli event probability uses selected probabilities and non-selected complement probabilities.
38,22,4,continue,bernoulli_full_event,30,2,28,1,0.958537620154475,0.958537620154475,full_event_available,0,1,,"3,27","0.6748,0.21691",paper_formula,Full Bernoulli event probability uses selected probabilities and non-selected complement probabilities.
38,22,5,max_depth_reached,bernoulli_full_event,0,0,0,NaN,NaN,1,terminal_stage_probability_one,1,0,,"","",,Terminal recording stage excluded from Bernoulli complement product.
38,23,1,continue,bernoulli_full_event,45,2,43,1,0.937081044075375,0.937081044075375,full_event_available,0,1,,"28,35","0.29902,0.86981",paper_formula,Full Bernoulli event probability uses selected probabilities and non-selected complement probabilities.
38,23,2,continue,bernoulli_full_event,40,4,36,0.21870961657089,0.947213048198784,0.2071646025825,full_event_available,0,1,,"8,14,19,23","0.26106,0.4497,0.57177,0.71986",paper_formula,Full Bernoulli event probability uses selected probabilities and non-selected complement probabilities.
38,23,3,continue,bernoulli_full_event,36,7,29,0.970587908423638,0.957093885295641,0.928943752294149,full_event_available,0,1,,"1,2,3,6,13,18,27","0.97936,0.92934,0.18463,0.1676,0.54206,0.87535,0.45171",paper_formula,Full Bernoulli event probability uses selected probabilities and non-selected complement probabilities.
38,23,4,load_loss_threshold,bernoulli_full_event,0,0,0,NaN,NaN,1,terminal_stage_probability_one,1,0,,"","",,Terminal recording stage excluded from Bernoulli complement product.
38,24,1,continue,bernoulli_full_event,45,2,43,1,0.937081044075375,0.937081044075375,full_event_available,0,1,,"28,35","0.2758,0.11771",paper_formula,Full Bernoulli event probability uses selected probabilities and non-selected complement probabilities.
38,24,2,continue,bernoulli_full_event,40,4,36,0.21870961657089,0.947213048198784,0.2071646025825,full_event_available,0,1,,"8,14,19,23","0.54717,0.082309,0.32004,0.37597",paper_formula,Full Bernoulli event probability uses selected probabilities and non-selected complement probabilities.
38,24,3,continue,bernoulli_full_event,36,7,29,0.970587908423638,0.957093885295641,0.928943752294149,full_event_available,0,1,,"1,2,3,6,13,18,27","0.77438,0.96415,0.89774,0.47498,0.85309,0.38729,0.96428",paper_formula,Full Bernoulli event probability uses selected probabilities and non-selected complement probabilities.
38,24,4,load_loss_threshold,bernoulli_full_event,0,0,0,NaN,NaN,1,terminal_stage_probability_one,1,0,,"","",,Terminal recording stage excluded from Bernoulli complement product.
38,25,1,continue,bernoulli_full_event,45,2,43,1,0.937081044075375,0.937081044075375,full_event_available,0,1,,"28,35","0.74239,0.19574",paper_formula,Full Bernoulli event probability uses selected probabilities and non-selected complement probabilities.
38,25,2,continue,bernoulli_full_event,40,2,38,0.453650793051243,0.0841974314636272,0.0381962315563521,full_event_available,0,1,,"14,23","0.093816,0.13661",paper_formula,Full Bernoulli event probability uses selected probabilities and non-selected complement probabilities.
38,25,3,continue,bernoulli_full_event,38,3,35,1,0.948619040111006,0.948619040111006,full_event_available,0,1,,"3,13,18","0.6002,0.80066,0.8682",paper_formula,Full Bernoulli event probability uses selected probabilities and non-selected complement probabilities.
38,25,4,load_loss_threshold,bernoulli_full_event,31,0,31,NaN,NaN,1,terminal_stage_probability_one,1,0,,"","",,Terminal recording stage excluded from Bernoulli complement product.
38,26,1,continue,bernoulli_full_event,45,2,43,1,0.937081044075375,0.937081044075375,full_event_available,0,1,,"28,35","0.21604,0.66859",paper_formula,Full Bernoulli event probability uses selected probabilities and non-selected complement probabilities.
38,26,2,continue,bernoulli_full_event,40,4,36,0.21870961657089,0.947213048198784,0.2071646025825,full_event_available,0,1,,"8,14,19,23","0.42099,0.061264,0.57957,0.76524",paper_formula,Full Bernoulli event probability uses selected probabilities and non-selected complement probabilities.
38,26,3,continue,bernoulli_full_event,36,7,29,0.970587908423638,0.957093885295641,0.928943752294149,full_event_available,0,1,,"1,2,3,6,13,18,27","0.65232,0.27935,0.065567,0.50024,0.065161,0.56876,0.11206",paper_formula,Full Bernoulli event probability uses selected probabilities and non-selected complement probabilities.
38,26,4,load_loss_threshold,bernoulli_full_event,0,0,0,NaN,NaN,1,terminal_stage_probability_one,1,0,,"","",,Terminal recording stage excluded from Bernoulli complement product.
38,27,1,continue,bernoulli_full_event,45,2,43,1,0.937081044075375,0.937081044075375,full_event_available,0,1,,"28,35","0.87665,0.016732",paper_formula,Full Bernoulli event probability uses selected probabilities and non-selected complement probabilities.
38,27,2,continue,bernoulli_full_event,40,3,37,0.341501960361439,0.340585190592223,0.116310510257319,full_event_available,0,1,,"14,19,23","0.43936,0.55801,0.41949",paper_formula,Full Bernoulli event probability uses selected probabilities and non-selected complement probabilities.
38,27,3,continue,bernoulli_full_event,37,3,34,1,0.950313097398786,0.950313097398786,full_event_available,0,1,,"3,13,18","0.27701,0.077206,0.23812",paper_formula,Full Bernoulli event probability uses selected probabilities and non-selected complement probabilities.
38,27,4,load_loss_threshold,bernoulli_full_event,31,0,31,NaN,NaN,1,terminal_stage_probability_one,1,0,,"","",,Terminal recording stage excluded from Bernoulli complement product.
38,28,1,continue,bernoulli_full_event,45,2,43,1,0.937081044075375,0.937081044075375,full_event_available,0,1,,"28,35","0.91804,0.88314",paper_formula,Full Bernoulli event probability uses selected probabilities and non-selected complement probabilities.
38,28,2,continue,bernoulli_full_event,40,3,37,0.224279401803977,0.0235232179415927,0.00527577324844501,full_event_available,0,1,,"8,14,19","0.23304,0.4175,0.54325",paper_formula,Full Bernoulli event probability uses selected probabilities and non-selected complement probabilities.
38,28,3,continue,bernoulli_full_event,37,3,34,1,0.949872534200361,0.949872534200361,full_event_available,0,1,,"1,3,18","0.90229,0.91214,0.43643",paper_formula,Full Bernoulli event probability uses selected probabilities and non-selected complement probabilities.
38,28,4,load_loss_threshold,bernoulli_full_event,33,0,33,NaN,NaN,1,terminal_stage_probability_one,1,0,,"","",,Terminal recording stage excluded from Bernoulli complement product.
38,29,1,continue,bernoulli_full_event,45,2,43,1,0.937081044075375,0.937081044075375,full_event_available,0,1,,"28,35","0.75463,0.76261",paper_formula,Full Bernoulli event probability uses selected probabilities and non-selected complement probabilities.
38,29,2,continue,bernoulli_full_event,40,4,36,0.21870961657089,0.947213048198784,0.2071646025825,full_event_available,0,1,,"8,14,19,23","0.55092,0.31255,0.22786,0.49046",paper_formula,Full Bernoulli event probability uses selected probabilities and non-selected complement probabilities.
38,29,3,continue,bernoulli_full_event,36,8,28,0.00152872106578145,0.958603730724558,0.00146543771689532,full_event_available,0,1,,"1,2,3,5,6,13,18,27","0.097478,0.3337,0.91316,0.00040296,0.65819,0.79475,0.70692,0.38209",paper_formula,Full Bernoulli event probability uses selected probabilities and non-selected complement probabilities.
38,29,4,load_loss_threshold,bernoulli_full_event,0,0,0,NaN,NaN,1,terminal_stage_probability_one,1,0,,"","",,Terminal recording stage excluded from Bernoulli complement product.
38,30,1,continue,bernoulli_full_event,45,2,43,1,0.937081044075375,0.937081044075375,full_event_available,0,1,,"28,35","0.27854,0.54143",paper_formula,Full Bernoulli event probability uses selected probabilities and non-selected complement probabilities.
38,30,2,continue,bernoulli_full_event,40,3,37,0.341501960361439,0.340585190592223,0.116310510257319,full_event_available,0,1,,"14,19,23","0.20634,0.085279,0.80199",paper_formula,Full Bernoulli event probability uses selected probabilities and non-selected complement probabilities.
38,30,3,continue,bernoulli_full_event,37,3,34,1,0.950313097398786,0.950313097398786,full_event_available,0,1,,"3,13,18","0.85884,0.40233,0.83456",paper_formula,Full Bernoulli event probability uses selected probabilities and non-selected complement probabilities.
38,30,4,load_loss_threshold,bernoulli_full_event,31,0,31,NaN,NaN,1,terminal_stage_probability_one,1,0,,"","",,Terminal recording stage excluded from Bernoulli complement product.
39,1,1,continue,bernoulli_full_event,45,1,44,0.375119495385468,0.745962148940168,0.279824944887095,full_event_available,0,1,,"23","0.26821",paper_formula,Full Bernoulli event probability uses selected probabilities and non-selected complement probabilities.
39,1,2,continue,bernoulli_full_event,44,5,39,0.001475246377,0.846815279463441,0.00124926117301668,full_event_available,0,1,,"8,10,13,18,24","0.37918,0.60567,0.62347,0.71967,0.00033429",paper_formula,Full Bernoulli event probability uses selected probabilities and non-selected complement probabilities.
39,1,3,continue,bernoulli_full_event,35,5,30,0.147106715368978,0.95489045915426,0.140470798983359,full_event_available,0,1,,"3,6,12,15,27","0.066489,0.11917,0.48914,0.44407,0.21397",paper_formula,Full Bernoulli event probability uses selected probabilities and non-selected complement probabilities.
39,1,4,load_loss_threshold,bernoulli_full_event,25,0,25,NaN,NaN,1,terminal_stage_probability_one,1,0,,"","",,Terminal recording stage excluded from Bernoulli complement product.
39,2,1,no_new_outage,bernoulli_full_event,45,0,45,1,0.466137204053073,0.466137204053073,full_event_available,1,1,,"","",paper_formula,Full Bernoulli event probability uses selected probabilities and non-selected complement probabilities.
39,3,1,no_new_outage,bernoulli_full_event,45,0,45,1,0.466137204053073,0.466137204053073,full_event_available,1,1,,"","",paper_formula,Full Bernoulli event probability uses selected probabilities and non-selected complement probabilities.
39,4,1,no_new_outage,bernoulli_full_event,45,0,45,1,0.466137204053073,0.466137204053073,full_event_available,1,1,,"","",paper_formula,Full Bernoulli event probability uses selected probabilities and non-selected complement probabilities.
39,5,1,continue,bernoulli_full_event,45,2,43,0.0765658044702162,0.937268415705258,0.071762710252998,full_event_available,0,1,,"19,23","0.0022434,0.27417",paper_formula,Full Bernoulli event probability uses selected probabilities and non-selected complement probabilities.
39,5,2,continue,bernoulli_full_event,43,4,39,1,0.826656026353647,0.826656026353647,full_event_available,0,1,,"8,10,13,18","0.84746,0.20616,0.29488,0.073081",paper_formula,Full Bernoulli event probability uses selected probabilities and non-selected complement probabilities.
39,5,3,continue,bernoulli_full_event,36,4,32,0.62960304282967,0.951912420497978,0.599326956452883,full_event_available,0,1,,"3,12,15,27","0.44992,0.3855,0.81582,0.050936",paper_formula,Full Bernoulli event probability uses selected probabilities and non-selected complement probabilities.
39,5,4,load_loss_threshold,bernoulli_full_event,28,0,28,NaN,NaN,1,terminal_stage_probability_one,1,0,,"","",,Terminal recording stage excluded from Bernoulli complement product.
39,6,1,continue,bernoulli_full_event,45,2,43,0.0765658044702162,0.937268415705258,0.071762710252998,full_event_available,0,1,,"19,23","0.15731,0.19061",paper_formula,Full Bernoulli event probability uses selected probabilities and non-selected complement probabilities.
39,6,2,continue,bernoulli_full_event,43,4,39,1,0.826656026353647,0.826656026353647,full_event_available,0,1,,"8,10,13,18","0.97215,0.81994,0.60629,0.71987",paper_formula,Full Bernoulli event probability uses selected probabilities and non-selected complement probabilities.
39,6,3,continue,bernoulli_full_event,36,4,32,0.62960304282967,0.951912420497978,0.599326956452883,full_event_available,0,1,,"3,12,15,27","0.75612,0.44716,0.82394,0.16101",paper_formula,Full Bernoulli event probability uses selected probabilities and non-selected complement probabilities.
39,6,4,load_loss_threshold,bernoulli_full_event,28,0,28,NaN,NaN,1,terminal_stage_probability_one,1,0,,"","",,Terminal recording stage excluded from Bernoulli complement product.
39,7,1,no_new_outage,bernoulli_full_event,45,0,45,1,0.466137204053073,0.466137204053073,full_event_available,1,1,,"","",paper_formula,Full Bernoulli event probability uses selected probabilities and non-selected complement probabilities.
39,8,1,no_new_outage,bernoulli_full_event,45,0,45,1,0.466137204053073,0.466137204053073,full_event_available,1,1,,"","",paper_formula,Full Bernoulli event probability uses selected probabilities and non-selected complement probabilities.
39,9,1,no_new_outage,bernoulli_full_event,45,0,45,1,0.466137204053073,0.466137204053073,full_event_available,1,1,,"","",paper_formula,Full Bernoulli event probability uses selected probabilities and non-selected complement probabilities.
39,10,1,no_new_outage,bernoulli_full_event,45,0,45,1,0.466137204053073,0.466137204053073,full_event_available,1,1,,"","",paper_formula,Full Bernoulli event probability uses selected probabilities and non-selected complement probabilities.
39,11,1,continue,bernoulli_full_event,45,1,44,0.001475246377,0.466825887251931,0.000688683198858222,full_event_available,0,1,,"14","0.00079813",paper_formula,Full Bernoulli event probability uses selected probabilities and non-selected complement probabilities.
39,11,2,continue,bernoulli_full_event,44,1,43,1,0.936927445049346,0.936927445049346,full_event_available,0,1,,"3","0.29139",paper_formula,Full Bernoulli event probability uses selected probabilities and non-selected complement probabilities.
39,11,3,continue,bernoulli_full_event,43,7,36,1,0.721403124736643,0.721403124736643,full_event_available,0,1,,"4,16,17,20,31,40,42","0.16193,0.71456,0.90099,0.72958,0.96861,0.90921,0.32522",paper_formula,Full Bernoulli event probability uses selected probabilities and non-selected complement probabilities.
39,11,4,load_loss_threshold,bernoulli_full_event,0,0,0,NaN,NaN,1,terminal_stage_probability_one,1,0,,"","",,Terminal recording stage excluded from Bernoulli complement product.
39,12,1,no_new_outage,bernoulli_full_event,45,0,45,1,0.466137204053073,0.466137204053073,full_event_available,1,1,,"","",paper_formula,Full Bernoulli event probability uses selected probabilities and non-selected complement probabilities.
39,13,1,no_new_outage,bernoulli_full_event,45,0,45,1,0.466137204053073,0.466137204053073,full_event_available,1,1,,"","",paper_formula,Full Bernoulli event probability uses selected probabilities and non-selected complement probabilities.
39,14,1,continue,bernoulli_full_event,45,1,44,0.375119495385468,0.745962148940168,0.279824944887095,full_event_available,0,1,,"23","0.25711",paper_formula,Full Bernoulli event probability uses selected probabilities and non-selected complement probabilities.
39,14,2,continue,bernoulli_full_event,44,4,40,1,0.845566018290424,0.845566018290424,full_event_available,0,1,,"8,10,13,18","0.93684,0.97161,0.40306,0.72004",paper_formula,Full Bernoulli event probability uses selected probabilities and non-selected complement probabilities.
39,14,3,continue,bernoulli_full_event,36,4,32,0.62960304282967,0.951912420497978,0.599326956452883,full_event_available,0,1,,"3,12,15,27","0.013092,0.55365,0.836,0.49221",paper_formula,Full Bernoulli event probability uses selected probabilities and non-selected complement probabilities.
39,14,4,load_loss_threshold,bernoulli_full_event,28,0,28,NaN,NaN,1,terminal_stage_probability_one,1,0,,"","",,Terminal recording stage excluded from Bernoulli complement product.
39,15,1,continue,bernoulli_full_event,45,1,44,0.001123950025,0.466661708491999,0.000524504438926125,full_event_available,0,1,,"33","0.00047501",paper_formula,Full Bernoulli event probability uses selected probabilities and non-selected complement probabilities.
39,15,2,continue,bernoulli_full_event,44,7,37,0.725540069413123,0.0122886018613262,0.00891587304745686,full_event_available,0,1,,"6,8,10,14,19,23,24","0.036463,0.69843,0.18295,0.99648,0.89041,0.45788,0.83479",paper_formula,Full Bernoulli event probability uses selected probabilities and non-selected complement probabilities.
39,15,3,continue,bernoulli_full_event,36,10,26,0.37831915089524,0.961816143788915,0.363873466835556,full_event_available,0,1,,"1,2,3,7,13,18,26,30,40,42","0.7396,0.82109,0.31309,0.94652,0.56719,0.68099,0.55063,0.63466,0.24755,0.41548",paper_formula,Full Bernoulli event probability uses selected probabilities and non-selected complement probabilities.
39,15,4,load_loss_threshold,bernoulli_full_event,10,0,10,NaN,NaN,1,terminal_stage_probability_one,1,0,,"","",,Terminal recording stage excluded from Bernoulli complement product.
39,16,1,no_new_outage,bernoulli_full_event,45,0,45,1,0.466137204053073,0.466137204053073,full_event_available,1,1,,"","",paper_formula,Full Bernoulli event probability uses selected probabilities and non-selected complement probabilities.
39,17,1,continue,bernoulli_full_event,45,1,44,0.375119495385468,0.745962148940168,0.279824944887095,full_event_available,0,1,,"23","0.065182",paper_formula,Full Bernoulli event probability uses selected probabilities and non-selected complement probabilities.
39,17,2,continue,bernoulli_full_event,44,4,40,1,0.845566018290424,0.845566018290424,full_event_available,0,1,,"8,10,13,18","0.05755,0.91414,0.52161,0.21579",paper_formula,Full Bernoulli event probability uses selected probabilities and non-selected complement probabilities.
39,17,3,continue,bernoulli_full_event,36,4,32,0.62960304282967,0.951912420497978,0.599326956452883,full_event_available,0,1,,"3,12,15,27","0.32148,0.038957,0.87082,0.16278",paper_formula,Full Bernoulli event probability uses selected probabilities and non-selected complement probabilities.
39,17,4,load_loss_threshold,bernoulli_full_event,28,0,28,NaN,NaN,1,terminal_stage_probability_one,1,0,,"","",,Terminal recording stage excluded from Bernoulli complement product.
39,18,1,continue,bernoulli_full_event,45,1,44,0.375119495385468,0.745962148940168,0.279824944887095,full_event_available,0,1,,"23","0.29608",paper_formula,Full Bernoulli event probability uses selected probabilities and non-selected complement probabilities.
39,18,2,continue,bernoulli_full_event,44,4,40,1,0.845566018290424,0.845566018290424,full_event_available,0,1,,"8,10,13,18","0.30235,0.27425,0.75407,0.017862",paper_formula,Full Bernoulli event probability uses selected probabilities and non-selected complement probabilities.
39,18,3,continue,bernoulli_full_event,36,4,32,0.62960304282967,0.951912420497978,0.599326956452883,full_event_available,0,1,,"3,12,15,27","0.76356,0.68405,0.43965,0.60328",paper_formula,Full Bernoulli event probability uses selected probabilities and non-selected complement probabilities.
39,18,4,load_loss_threshold,bernoulli_full_event,28,0,28,NaN,NaN,1,terminal_stage_probability_one,1,0,,"","",,Terminal recording stage excluded from Bernoulli complement product.
39,19,1,continue,bernoulli_full_event,45,1,44,0.375119495385468,0.745962148940168,0.279824944887095,full_event_available,0,1,,"23","0.10872",paper_formula,Full Bernoulli event probability uses selected probabilities and non-selected complement probabilities.
39,19,2,continue,bernoulli_full_event,44,4,40,1,0.845566018290424,0.845566018290424,full_event_available,0,1,,"8,10,13,18","0.91056,0.17707,0.017376,0.70964",paper_formula,Full Bernoulli event probability uses selected probabilities and non-selected complement probabilities.
39,19,3,continue,bernoulli_full_event,36,4,32,0.62960304282967,0.951912420497978,0.599326956452883,full_event_available,0,1,,"3,12,15,27","0.75174,0.41658,0.94509,0.08025",paper_formula,Full Bernoulli event probability uses selected probabilities and non-selected complement probabilities.
39,19,4,load_loss_threshold,bernoulli_full_event,28,0,28,NaN,NaN,1,terminal_stage_probability_one,1,0,,"","",,Terminal recording stage excluded from Bernoulli complement product.
39,20,1,continue,bernoulli_full_event,45,1,44,0.375119495385468,0.745962148940168,0.279824944887095,full_event_available,0,1,,"23","0.02896",paper_formula,Full Bernoulli event probability uses selected probabilities and non-selected complement probabilities.
39,20,2,continue,bernoulli_full_event,44,4,40,1,0.845566018290424,0.845566018290424,full_event_available,0,1,,"8,10,13,18","0.97562,0.56336,0.1489,0.80016",paper_formula,Full Bernoulli event probability uses selected probabilities and non-selected complement probabilities.
39,20,3,continue,bernoulli_full_event,36,4,32,0.62960304282967,0.951912420497978,0.599326956452883,full_event_available,0,1,,"3,12,15,27","0.48113,0.78703,0.073683,0.51933",paper_formula,Full Bernoulli event probability uses selected probabilities and non-selected complement probabilities.
39,20,4,load_loss_threshold,bernoulli_full_event,28,0,28,NaN,NaN,1,terminal_stage_probability_one,1,0,,"","",,Terminal recording stage excluded from Bernoulli complement product.
39,21,1,continue,bernoulli_full_event,45,1,44,0.375119495385468,0.745962148940168,0.279824944887095,full_event_available,0,1,,"23","0.22287",paper_formula,Full Bernoulli event probability uses selected probabilities and non-selected complement probabilities.
39,21,2,continue,bernoulli_full_event,44,5,39,0.102726089344097,0.942372232434932,0.0968062141445074,full_event_available,0,1,,"8,10,13,14,18","0.57231,0.096462,0.86212,0.010241,0.085099",paper_formula,Full Bernoulli event probability uses selected probabilities and non-selected complement probabilities.
39,21,3,continue,bernoulli_full_event,35,2,33,1,0.950952757935155,0.950952757935155,full_event_available,0,1,,"3,27","0.58243,0.29045",paper_formula,Full Bernoulli event probability uses selected probabilities and non-selected complement probabilities.
39,21,4,load_loss_threshold,bernoulli_full_event,30,0,30,NaN,NaN,1,terminal_stage_probability_one,1,0,,"","",,Terminal recording stage excluded from Bernoulli complement product.
39,22,1,continue,bernoulli_full_event,45,1,44,0.204110437906028,0.585680760565164,0.119543556512091,full_event_available,0,1,,"19","0.062851",paper_formula,Full Bernoulli event probability uses selected probabilities and non-selected complement probabilities.
39,22,2,continue,bernoulli_full_event,44,3,41,1,0.627337066003018,0.627337066003018,full_event_available,0,1,,"8,10,18","0.78261,0.16496,0.28002",paper_formula,Full Bernoulli event probability uses selected probabilities and non-selected complement probabilities.
39,22,3,continue,bernoulli_full_event,40,4,36,0.413549761842463,0.767426730761329,0.317369141737888,full_event_available,0,1,,"3,12,14,27","0.83374,0.19279,0.50725,0.04698",paper_formula,Full Bernoulli event probability uses selected probabilities and non-selected complement probabilities.
39,22,4,load_loss_threshold,bernoulli_full_event,0,0,0,NaN,NaN,1,terminal_stage_probability_one,1,0,,"","",,Terminal recording stage excluded from Bernoulli complement product.
39,23,1,continue,bernoulli_full_event,45,2,43,0.0765658044702162,0.937268415705258,0.071762710252998,full_event_available,0,1,,"19,23","0.10076,0.25462",paper_formula,Full Bernoulli event probability uses selected probabilities and non-selected complement probabilities.
39,23,2,continue,bernoulli_full_event,43,4,39,1,0.826656026353647,0.826656026353647,full_event_available,0,1,,"8,10,13,18","0.67832,0.72953,0.80754,0.46102",paper_formula,Full Bernoulli event probability uses selected probabilities and non-selected complement probabilities.
39,23,3,continue,bernoulli_full_event,36,4,32,0.62960304282967,0.951912420497978,0.599326956452883,full_event_available,0,1,,"3,12,15,27","0.28961,0.47185,0.58928,0.60613",paper_formula,Full Bernoulli event probability uses selected probabilities and non-selected complement probabilities.
39,23,4,load_loss_threshold,bernoulli_full_event,28,0,28,NaN,NaN,1,terminal_stage_probability_one,1,0,,"","",,Terminal recording stage excluded from Bernoulli complement product.
39,24,1,no_new_outage,bernoulli_full_event,45,0,45,1,0.466137204053073,0.466137204053073,full_event_available,1,1,,"","",paper_formula,Full Bernoulli event probability uses selected probabilities and non-selected complement probabilities.
39,25,1,continue,bernoulli_full_event,45,1,44,0.204110437906028,0.585680760565164,0.119543556512091,full_event_available,0,1,,"19","0.064149",paper_formula,Full Bernoulli event probability uses selected probabilities and non-selected complement probabilities.
39,25,2,continue,bernoulli_full_event,44,3,41,1,0.627337066003018,0.627337066003018,full_event_available,0,1,,"8,10,18","0.73862,0.20036,0.66219",paper_formula,Full Bernoulli event probability uses selected probabilities and non-selected complement probabilities.
39,25,3,continue,bernoulli_full_event,40,4,36,0.413549761842463,0.767426730761329,0.317369141737888,full_event_available,0,1,,"3,12,14,27","0.42413,0.43926,0.90761,0.0059067",paper_formula,Full Bernoulli event probability uses selected probabilities and non-selected complement probabilities.
39,25,4,load_loss_threshold,bernoulli_full_event,0,0,0,NaN,NaN,1,terminal_stage_probability_one,1,0,,"","",,Terminal recording stage excluded from Bernoulli complement product.
39,26,1,continue,bernoulli_full_event,45,1,44,0.204110437906028,0.585680760565164,0.119543556512091,full_event_available,0,1,,"19","0.16022",paper_formula,Full Bernoulli event probability uses selected probabilities and non-selected complement probabilities.
39,26,2,continue,bernoulli_full_event,44,3,41,1,0.627337066003018,0.627337066003018,full_event_available,0,1,,"8,10,18","0.5025,0.3778,0.35214",paper_formula,Full Bernoulli event probability uses selected probabilities and non-selected complement probabilities.
39,26,3,continue,bernoulli_full_event,40,3,37,1,0.450057589023441,0.450057589023441,full_event_available,0,1,,"3,12,14","0.63683,0.33859,0.148",paper_formula,Full Bernoulli event probability uses selected probabilities and non-selected complement probabilities.
39,26,4,continue,bernoulli_full_event,37,4,33,1,0.831615871942397,0.831615871942397,full_event_available,0,1,,"27,31,40,42","0.058938,0.13086,0.79814,0.49811",paper_formula,Full Bernoulli event probability uses selected probabilities and non-selected complement probabilities.
39,26,5,max_depth_reached,bernoulli_full_event,17,0,17,NaN,NaN,1,terminal_stage_probability_one,1,0,,"","",,Terminal recording stage excluded from Bernoulli complement product.
39,27,1,continue,bernoulli_full_event,45,1,44,0.375119495385468,0.745962148940168,0.279824944887095,full_event_available,0,1,,"23","0.27702",paper_formula,Full Bernoulli event probability uses selected probabilities and non-selected complement probabilities.
39,27,2,continue,bernoulli_full_event,44,4,40,1,0.845566018290424,0.845566018290424,full_event_available,0,1,,"8,10,13,18","0.28087,0.12797,0.20111,0.1652",paper_formula,Full Bernoulli event probability uses selected probabilities and non-selected complement probabilities.
39,27,3,continue,bernoulli_full_event,36,3,33,1,0.352585464045094,0.352585464045094,full_event_available,0,1,,"3,12,15","0.12318,0.7583,0.51913",paper_formula,Full Bernoulli event probability uses selected probabilities and non-selected complement probabilities.
39,27,4,continue,bernoulli_full_event,32,5,27,1,0.323768398794866,0.323768398794866,full_event_available,0,1,,"4,27,31,40,42","0.090134,0.72234,0.78891,0.13064,0.13557",paper_formula,Full Bernoulli event probability uses selected probabilities and non-selected complement probabilities.
39,27,5,max_depth_reached,bernoulli_full_event,13,0,13,NaN,NaN,1,terminal_stage_probability_one,1,0,,"","",,Terminal recording stage excluded from Bernoulli complement product.
39,28,1,no_new_outage,bernoulli_full_event,45,0,45,1,0.466137204053073,0.466137204053073,full_event_available,1,1,,"","",paper_formula,Full Bernoulli event probability uses selected probabilities and non-selected complement probabilities.
39,29,1,no_new_outage,bernoulli_full_event,45,0,45,1,0.466137204053073,0.466137204053073,full_event_available,1,1,,"","",paper_formula,Full Bernoulli event probability uses selected probabilities and non-selected complement probabilities.
39,30,1,continue,bernoulli_full_event,45,1,44,0.375119495385468,0.745962148940168,0.279824944887095,full_event_available,0,1,,"23","0.017232",paper_formula,Full Bernoulli event probability uses selected probabilities and non-selected complement probabilities.
39,30,2,continue,bernoulli_full_event,44,4,40,1,0.845566018290424,0.845566018290424,full_event_available,0,1,,"8,10,13,18","0.26638,0.57353,0.4175,0.41741",paper_formula,Full Bernoulli event probability uses selected probabilities and non-selected complement probabilities.
39,30,3,continue,bernoulli_full_event,36,3,33,1,0.352585464045094,0.352585464045094,full_event_available,0,1,,"3,12,15","0.39665,0.85088,0.42692",paper_formula,Full Bernoulli event probability uses selected probabilities and non-selected complement probabilities.
39,30,4,continue,bernoulli_full_event,32,6,26,0.653870267588965,0.935396091342959,0.611627692548093,full_event_available,0,1,,"4,27,30,31,40,42","0.67284,0.1097,0.041195,0.36224,0.11425,0.95723",paper_formula,Full Bernoulli event probability uses selected probabilities and non-selected complement probabilities.
39,30,5,max_depth_reached,bernoulli_full_event,0,0,0,NaN,NaN,1,terminal_stage_probability_one,1,0,,"","",,Terminal recording stage excluded from Bernoulli complement product.
40,1,1,no_new_outage,bernoulli_full_event,45,0,45,1,0.934206172903306,0.934206172903306,full_event_available,1,1,,"","",paper_formula,Full Bernoulli event probability uses selected probabilities and non-selected complement probabilities.
40,2,1,no_new_outage,bernoulli_full_event,45,0,45,1,0.934206172903306,0.934206172903306,full_event_available,1,1,,"","",paper_formula,Full Bernoulli event probability uses selected probabilities and non-selected complement probabilities.
40,3,1,no_new_outage,bernoulli_full_event,45,0,45,1,0.934206172903306,0.934206172903306,full_event_available,1,1,,"","",paper_formula,Full Bernoulli event probability uses selected probabilities and non-selected complement probabilities.
40,4,1,no_new_outage,bernoulli_full_event,45,0,45,1,0.934206172903306,0.934206172903306,full_event_available,1,1,,"","",paper_formula,Full Bernoulli event probability uses selected probabilities and non-selected complement probabilities.
40,5,1,no_new_outage,bernoulli_full_event,45,0,45,1,0.934206172903306,0.934206172903306,full_event_available,1,1,,"","",paper_formula,Full Bernoulli event probability uses selected probabilities and non-selected complement probabilities.
40,6,1,no_new_outage,bernoulli_full_event,45,0,45,1,0.934206172903306,0.934206172903306,full_event_available,1,1,,"","",paper_formula,Full Bernoulli event probability uses selected probabilities and non-selected complement probabilities.
40,7,1,no_new_outage,bernoulli_full_event,45,0,45,1,0.934206172903306,0.934206172903306,full_event_available,1,1,,"","",paper_formula,Full Bernoulli event probability uses selected probabilities and non-selected complement probabilities.
40,8,1,no_new_outage,bernoulli_full_event,45,0,45,1,0.934206172903306,0.934206172903306,full_event_available,1,1,,"","",paper_formula,Full Bernoulli event probability uses selected probabilities and non-selected complement probabilities.
40,9,1,no_new_outage,bernoulli_full_event,45,0,45,1,0.934206172903306,0.934206172903306,full_event_available,1,1,,"","",paper_formula,Full Bernoulli event probability uses selected probabilities and non-selected complement probabilities.
40,10,1,no_new_outage,bernoulli_full_event,45,0,45,1,0.934206172903306,0.934206172903306,full_event_available,1,1,,"","",paper_formula,Full Bernoulli event probability uses selected probabilities and non-selected complement probabilities.
40,11,1,no_new_outage,bernoulli_full_event,45,0,45,1,0.934206172903306,0.934206172903306,full_event_available,1,1,,"","",paper_formula,Full Bernoulli event probability uses selected probabilities and non-selected complement probabilities.
40,12,1,no_new_outage,bernoulli_full_event,45,0,45,1,0.934206172903306,0.934206172903306,full_event_available,1,1,,"","",paper_formula,Full Bernoulli event probability uses selected probabilities and non-selected complement probabilities.
40,13,1,no_new_outage,bernoulli_full_event,45,0,45,1,0.934206172903306,0.934206172903306,full_event_available,1,1,,"","",paper_formula,Full Bernoulli event probability uses selected probabilities and non-selected complement probabilities.
40,14,1,no_new_outage,bernoulli_full_event,45,0,45,1,0.934206172903306,0.934206172903306,full_event_available,1,1,,"","",paper_formula,Full Bernoulli event probability uses selected probabilities and non-selected complement probabilities.
40,15,1,no_new_outage,bernoulli_full_event,45,0,45,1,0.934206172903306,0.934206172903306,full_event_available,1,1,,"","",paper_formula,Full Bernoulli event probability uses selected probabilities and non-selected complement probabilities.
40,16,1,no_new_outage,bernoulli_full_event,45,0,45,1,0.934206172903306,0.934206172903306,full_event_available,1,1,,"","",paper_formula,Full Bernoulli event probability uses selected probabilities and non-selected complement probabilities.
40,17,1,no_new_outage,bernoulli_full_event,45,0,45,1,0.934206172903306,0.934206172903306,full_event_available,1,1,,"","",paper_formula,Full Bernoulli event probability uses selected probabilities and non-selected complement probabilities.
40,18,1,no_new_outage,bernoulli_full_event,45,0,45,1,0.934206172903306,0.934206172903306,full_event_available,1,1,,"","",paper_formula,Full Bernoulli event probability uses selected probabilities and non-selected complement probabilities.
40,19,1,no_new_outage,bernoulli_full_event,45,0,45,1,0.934206172903306,0.934206172903306,full_event_available,1,1,,"","",paper_formula,Full Bernoulli event probability uses selected probabilities and non-selected complement probabilities.
40,20,1,no_new_outage,bernoulli_full_event,45,0,45,1,0.934206172903306,0.934206172903306,full_event_available,1,1,,"","",paper_formula,Full Bernoulli event probability uses selected probabilities and non-selected complement probabilities.
40,21,1,no_new_outage,bernoulli_full_event,45,0,45,1,0.934206172903306,0.934206172903306,full_event_available,1,1,,"","",paper_formula,Full Bernoulli event probability uses selected probabilities and non-selected complement probabilities.
40,22,1,no_new_outage,bernoulli_full_event,45,0,45,1,0.934206172903306,0.934206172903306,full_event_available,1,1,,"","",paper_formula,Full Bernoulli event probability uses selected probabilities and non-selected complement probabilities.
40,23,1,no_new_outage,bernoulli_full_event,45,0,45,1,0.934206172903306,0.934206172903306,full_event_available,1,1,,"","",paper_formula,Full Bernoulli event probability uses selected probabilities and non-selected complement probabilities.
40,24,1,no_new_outage,bernoulli_full_event,45,0,45,1,0.934206172903306,0.934206172903306,full_event_available,1,1,,"","",paper_formula,Full Bernoulli event probability uses selected probabilities and non-selected complement probabilities.
40,25,1,no_new_outage,bernoulli_full_event,45,0,45,1,0.934206172903306,0.934206172903306,full_event_available,1,1,,"","",paper_formula,Full Bernoulli event probability uses selected probabilities and non-selected complement probabilities.
40,26,1,no_new_outage,bernoulli_full_event,45,0,45,1,0.934206172903306,0.934206172903306,full_event_available,1,1,,"","",paper_formula,Full Bernoulli event probability uses selected probabilities and non-selected complement probabilities.
40,27,1,no_new_outage,bernoulli_full_event,45,0,45,1,0.934206172903306,0.934206172903306,full_event_available,1,1,,"","",paper_formula,Full Bernoulli event probability uses selected probabilities and non-selected complement probabilities.
40,28,1,no_new_outage,bernoulli_full_event,45,0,45,1,0.934206172903306,0.934206172903306,full_event_available,1,1,,"","",paper_formula,Full Bernoulli event probability uses selected probabilities and non-selected complement probabilities.
40,29,1,no_new_outage,bernoulli_full_event,45,0,45,1,0.934206172903306,0.934206172903306,full_event_available,1,1,,"","",paper_formula,Full Bernoulli event probability uses selected probabilities and non-selected complement probabilities.
40,30,1,no_new_outage,bernoulli_full_event,45,0,45,1,0.934206172903306,0.934206172903306,full_event_available,1,1,,"","",paper_formula,Full Bernoulli event probability uses selected probabilities and non-selected complement probabilities.
41,1,1,no_new_outage,bernoulli_full_event,45,0,45,1,0.934175357806238,0.934175357806238,full_event_available,1,1,,"","",paper_formula,Full Bernoulli event probability uses selected probabilities and non-selected complement probabilities.
41,2,1,no_new_outage,bernoulli_full_event,45,0,45,1,0.934175357806238,0.934175357806238,full_event_available,1,1,,"","",paper_formula,Full Bernoulli event probability uses selected probabilities and non-selected complement probabilities.
41,3,1,no_new_outage,bernoulli_full_event,45,0,45,1,0.934175357806238,0.934175357806238,full_event_available,1,1,,"","",paper_formula,Full Bernoulli event probability uses selected probabilities and non-selected complement probabilities.
41,4,1,no_new_outage,bernoulli_full_event,45,0,45,1,0.934175357806238,0.934175357806238,full_event_available,1,1,,"","",paper_formula,Full Bernoulli event probability uses selected probabilities and non-selected complement probabilities.
41,5,1,no_new_outage,bernoulli_full_event,45,0,45,1,0.934175357806238,0.934175357806238,full_event_available,1,1,,"","",paper_formula,Full Bernoulli event probability uses selected probabilities and non-selected complement probabilities.
41,6,1,no_new_outage,bernoulli_full_event,45,0,45,1,0.934175357806238,0.934175357806238,full_event_available,1,1,,"","",paper_formula,Full Bernoulli event probability uses selected probabilities and non-selected complement probabilities.
41,7,1,no_new_outage,bernoulli_full_event,45,0,45,1,0.934175357806238,0.934175357806238,full_event_available,1,1,,"","",paper_formula,Full Bernoulli event probability uses selected probabilities and non-selected complement probabilities.
41,8,1,no_new_outage,bernoulli_full_event,45,0,45,1,0.934175357806238,0.934175357806238,full_event_available,1,1,,"","",paper_formula,Full Bernoulli event probability uses selected probabilities and non-selected complement probabilities.
41,9,1,no_new_outage,bernoulli_full_event,45,0,45,1,0.934175357806238,0.934175357806238,full_event_available,1,1,,"","",paper_formula,Full Bernoulli event probability uses selected probabilities and non-selected complement probabilities.
41,10,1,no_new_outage,bernoulli_full_event,45,0,45,1,0.934175357806238,0.934175357806238,full_event_available,1,1,,"","",paper_formula,Full Bernoulli event probability uses selected probabilities and non-selected complement probabilities.
41,11,1,no_new_outage,bernoulli_full_event,45,0,45,1,0.934175357806238,0.934175357806238,full_event_available,1,1,,"","",paper_formula,Full Bernoulli event probability uses selected probabilities and non-selected complement probabilities.
41,12,1,no_new_outage,bernoulli_full_event,45,0,45,1,0.934175357806238,0.934175357806238,full_event_available,1,1,,"","",paper_formula,Full Bernoulli event probability uses selected probabilities and non-selected complement probabilities.
41,13,1,no_new_outage,bernoulli_full_event,45,0,45,1,0.934175357806238,0.934175357806238,full_event_available,1,1,,"","",paper_formula,Full Bernoulli event probability uses selected probabilities and non-selected complement probabilities.
41,14,1,no_new_outage,bernoulli_full_event,45,0,45,1,0.934175357806238,0.934175357806238,full_event_available,1,1,,"","",paper_formula,Full Bernoulli event probability uses selected probabilities and non-selected complement probabilities.
41,15,1,no_new_outage,bernoulli_full_event,45,0,45,1,0.934175357806238,0.934175357806238,full_event_available,1,1,,"","",paper_formula,Full Bernoulli event probability uses selected probabilities and non-selected complement probabilities.
41,16,1,no_new_outage,bernoulli_full_event,45,0,45,1,0.934175357806238,0.934175357806238,full_event_available,1,1,,"","",paper_formula,Full Bernoulli event probability uses selected probabilities and non-selected complement probabilities.
41,17,1,no_new_outage,bernoulli_full_event,45,0,45,1,0.934175357806238,0.934175357806238,full_event_available,1,1,,"","",paper_formula,Full Bernoulli event probability uses selected probabilities and non-selected complement probabilities.
41,18,1,no_new_outage,bernoulli_full_event,45,0,45,1,0.934175357806238,0.934175357806238,full_event_available,1,1,,"","",paper_formula,Full Bernoulli event probability uses selected probabilities and non-selected complement probabilities.
41,19,1,no_new_outage,bernoulli_full_event,45,0,45,1,0.934175357806238,0.934175357806238,full_event_available,1,1,,"","",paper_formula,Full Bernoulli event probability uses selected probabilities and non-selected complement probabilities.
41,20,1,no_new_outage,bernoulli_full_event,45,0,45,1,0.934175357806238,0.934175357806238,full_event_available,1,1,,"","",paper_formula,Full Bernoulli event probability uses selected probabilities and non-selected complement probabilities.
41,21,1,no_new_outage,bernoulli_full_event,45,0,45,1,0.934175357806238,0.934175357806238,full_event_available,1,1,,"","",paper_formula,Full Bernoulli event probability uses selected probabilities and non-selected complement probabilities.
41,22,1,no_new_outage,bernoulli_full_event,45,0,45,1,0.934175357806238,0.934175357806238,full_event_available,1,1,,"","",paper_formula,Full Bernoulli event probability uses selected probabilities and non-selected complement probabilities.
41,23,1,no_new_outage,bernoulli_full_event,45,0,45,1,0.934175357806238,0.934175357806238,full_event_available,1,1,,"","",paper_formula,Full Bernoulli event probability uses selected probabilities and non-selected complement probabilities.
41,24,1,no_new_outage,bernoulli_full_event,45,0,45,1,0.934175357806238,0.934175357806238,full_event_available,1,1,,"","",paper_formula,Full Bernoulli event probability uses selected probabilities and non-selected complement probabilities.
41,25,1,no_new_outage,bernoulli_full_event,45,0,45,1,0.934175357806238,0.934175357806238,full_event_available,1,1,,"","",paper_formula,Full Bernoulli event probability uses selected probabilities and non-selected complement probabilities.
41,26,1,no_new_outage,bernoulli_full_event,45,0,45,1,0.934175357806238,0.934175357806238,full_event_available,1,1,,"","",paper_formula,Full Bernoulli event probability uses selected probabilities and non-selected complement probabilities.
41,27,1,no_new_outage,bernoulli_full_event,45,0,45,1,0.934175357806238,0.934175357806238,full_event_available,1,1,,"","",paper_formula,Full Bernoulli event probability uses selected probabilities and non-selected complement probabilities.
41,28,1,no_new_outage,bernoulli_full_event,45,0,45,1,0.934175357806238,0.934175357806238,full_event_available,1,1,,"","",paper_formula,Full Bernoulli event probability uses selected probabilities and non-selected complement probabilities.
41,29,1,no_new_outage,bernoulli_full_event,45,0,45,1,0.934175357806238,0.934175357806238,full_event_available,1,1,,"","",paper_formula,Full Bernoulli event probability uses selected probabilities and non-selected complement probabilities.
41,30,1,no_new_outage,bernoulli_full_event,45,0,45,1,0.934175357806238,0.934175357806238,full_event_available,1,1,,"","",paper_formula,Full Bernoulli event probability uses selected probabilities and non-selected complement probabilities.
42,1,1,continue,bernoulli_full_event,45,1,44,1,0.935693018224758,0.935693018224758,full_event_available,0,1,,"3","0.73668",paper_formula,Full Bernoulli event probability uses selected probabilities and non-selected complement probabilities.
42,1,2,continue,bernoulli_full_event,44,3,41,0.0016978006,0.91409954492536,0.001551958755834,full_event_available,0,1,,"1,8,29","0.13772,0.48302,0.0015968",paper_formula,Full Bernoulli event probability uses selected probabilities and non-selected complement probabilities.
42,1,3,continue,bernoulli_full_event,33,7,26,1,0.751083711422573,0.751083711422573,full_event_available,0,1,,"9,13,14,19,20,23,27","0.58744,0.75098,0.12637,0.89735,0.12943,0.13803,0.09076",paper_formula,Full Bernoulli event probability uses selected probabilities and non-selected complement probabilities.
42,1,4,load_loss_threshold,bernoulli_full_event,0,0,0,NaN,NaN,1,terminal_stage_probability_one,1,0,,"","",,Terminal recording stage excluded from Bernoulli complement product.
42,2,1,continue,bernoulli_full_event,45,1,44,1,0.935693018224758,0.935693018224758,full_event_available,0,1,,"3","0.12856",paper_formula,Full Bernoulli event probability uses selected probabilities and non-selected complement probabilities.
42,2,2,continue,bernoulli_full_event,44,2,42,1,0.912547586169526,0.912547586169526,full_event_available,0,1,,"1,8","0.44206,0.70178",paper_formula,Full Bernoulli event probability uses selected probabilities and non-selected complement probabilities.
42,2,3,continue,bernoulli_full_event,34,6,28,1,0.271564105841689,0.271564105841689,full_event_available,0,1,,"9,13,14,19,20,23","0.098955,0.7257,0.50074,0.038901,0.37937,0.3951",paper_formula,Full Bernoulli event probability uses selected probabilities and non-selected complement probabilities.
42,2,4,load_loss_threshold,bernoulli_full_event,18,0,18,NaN,NaN,1,terminal_stage_probability_one,1,0,,"","",,Terminal recording stage excluded from Bernoulli complement product.
42,3,1,continue,bernoulli_full_event,45,1,44,1,0.935693018224758,0.935693018224758,full_event_available,0,1,,"3","0.77208",paper_formula,Full Bernoulli event probability uses selected probabilities and non-selected complement probabilities.
42,3,2,continue,bernoulli_full_event,44,2,42,1,0.912547586169526,0.912547586169526,full_event_available,0,1,,"1,8","0.81016,0.46272",paper_formula,Full Bernoulli event probability uses selected probabilities and non-selected complement probabilities.
42,3,3,continue,bernoulli_full_event,34,8,26,0.155800100042648,0.961282755846947,0.149767949530226,full_event_available,0,1,,"9,13,14,19,20,23,26,27","0.22242,0.39482,0.70213,0.73968,0.16617,0.4762,0.032968,0.32533",paper_formula,Full Bernoulli event probability uses selected probabilities and non-selected complement probabilities.
42,3,4,load_loss_threshold,bernoulli_full_event,7,0,7,NaN,NaN,1,terminal_stage_probability_one,1,0,,"","",,Terminal recording stage excluded from Bernoulli complement product.
42,4,1,continue,bernoulli_full_event,45,1,44,1,0.935693018224758,0.935693018224758,full_event_available,0,1,,"3","0.23803",paper_formula,Full Bernoulli event probability uses selected probabilities and non-selected complement probabilities.
42,4,2,continue,bernoulli_full_event,44,2,42,1,0.912547586169526,0.912547586169526,full_event_available,0,1,,"1,8","0.091864,0.1617",paper_formula,Full Bernoulli event probability uses selected probabilities and non-selected complement probabilities.
42,4,3,continue,bernoulli_full_event,34,7,27,0.62336385783311,0.72102508346466,0.44946097762297,full_event_available,0,1,,"9,13,14,19,20,23,27","0.18939,0.21553,0.52799,0.082873,0.58455,0.099268,0.49612",paper_formula,Full Bernoulli event probability uses selected probabilities and non-selected complement probabilities.
42,4,4,load_loss_threshold,bernoulli_full_event,0,0,0,NaN,NaN,1,terminal_stage_probability_one,1,0,,"","",,Terminal recording stage excluded from Bernoulli complement product.
42,5,1,continue,bernoulli_full_event,45,1,44,1,0.935693018224758,0.935693018224758,full_event_available,0,1,,"3","0.49856",paper_formula,Full Bernoulli event probability uses selected probabilities and non-selected complement probabilities.
42,5,2,continue,bernoulli_full_event,44,2,42,1,0.912547586169526,0.912547586169526,full_event_available,0,1,,"1,8","0.26893,0.20695",paper_formula,Full Bernoulli event probability uses selected probabilities and non-selected complement probabilities.
42,5,3,continue,bernoulli_full_event,34,7,27,0.62336385783311,0.72102508346466,0.44946097762297,full_event_available,0,1,,"9,13,14,19,20,23,27","0.01333,0.84893,0.13378,0.71454,0.58969,0.93932,0.4964",paper_formula,Full Bernoulli event probability uses selected probabilities and non-selected complement probabilities.
42,5,4,load_loss_threshold,bernoulli_full_event,0,0,0,NaN,NaN,1,terminal_stage_probability_one,1,0,,"","",,Terminal recording stage excluded from Bernoulli complement product.
42,6,1,continue,bernoulli_full_event,45,1,44,1,0.935693018224758,0.935693018224758,full_event_available,0,1,,"3","0.42056",paper_formula,Full Bernoulli event probability uses selected probabilities and non-selected complement probabilities.
42,6,2,continue,bernoulli_full_event,44,2,42,1,0.912547586169526,0.912547586169526,full_event_available,0,1,,"1,8","0.69029,0.84882",paper_formula,Full Bernoulli event probability uses selected probabilities and non-selected complement probabilities.
42,6,3,continue,bernoulli_full_event,34,7,27,0.62336385783311,0.72102508346466,0.44946097762297,full_event_available,0,1,,"9,13,14,19,20,23,27","0.18852,0.45984,0.72059,0.17202,0.099457,0.25321,0.008624",paper_formula,Full Bernoulli event probability uses selected probabilities and non-selected complement probabilities.
42,6,4,load_loss_threshold,bernoulli_full_event,0,0,0,NaN,NaN,1,terminal_stage_probability_one,1,0,,"","",,Terminal recording stage excluded from Bernoulli complement product.
42,7,1,continue,bernoulli_full_event,45,1,44,1,0.935693018224758,0.935693018224758,full_event_available,0,1,,"3","0.99448",paper_formula,Full Bernoulli event probability uses selected probabilities and non-selected complement probabilities.
42,7,2,continue,bernoulli_full_event,44,2,42,1,0.912547586169526,0.912547586169526,full_event_available,0,1,,"1,8","0.65592,0.97522",paper_formula,Full Bernoulli event probability uses selected probabilities and non-selected complement probabilities.
42,7,3,continue,bernoulli_full_event,34,7,27,0.62336385783311,0.72102508346466,0.44946097762297,full_event_available,0,1,,"9,13,14,19,20,23,27","0.117,0.072286,0.98256,0.84079,0.97211,0.57377,0.32178",paper_formula,Full Bernoulli event probability uses selected probabilities and non-selected complement probabilities.
42,7,4,load_loss_threshold,bernoulli_full_event,0,0,0,NaN,NaN,1,terminal_stage_probability_one,1,0,,"","",,Terminal recording stage excluded from Bernoulli complement product.
42,8,1,continue,bernoulli_full_event,45,1,44,1,0.935693018224758,0.935693018224758,full_event_available,0,1,,"3","0.5173",paper_formula,Full Bernoulli event probability uses selected probabilities and non-selected complement probabilities.
42,8,2,continue,bernoulli_full_event,44,3,41,0.0288277233073824,0.939635127639001,0.0270875414694741,full_event_available,0,1,,"1,8,23","0.22531,0.044326,0.0090791",paper_formula,Full Bernoulli event probability uses selected probabilities and non-selected complement probabilities.
42,8,3,load_loss_threshold,bernoulli_full_event,19,0,19,NaN,NaN,1,terminal_stage_probability_one,1,0,,"","",,Terminal recording stage excluded from Bernoulli complement product.
42,9,1,continue,bernoulli_full_event,45,1,44,1,0.935693018224758,0.935693018224758,full_event_available,0,1,,"3","0.24072",paper_formula,Full Bernoulli event probability uses selected probabilities and non-selected complement probabilities.
42,9,2,continue,bernoulli_full_event,44,3,41,0.001782630685,0.914177226545094,0.00162964037556748,full_event_available,0,1,,"1,8,17","0.56687,0.18187,0.00056831",paper_formula,Full Bernoulli event probability uses selected probabilities and non-selected complement probabilities.
42,9,3,load_loss_threshold,bernoulli_full_event,32,0,32,NaN,NaN,1,terminal_stage_probability_one,1,0,,"","",,Terminal recording stage excluded from Bernoulli complement product.
42,10,1,continue,bernoulli_full_event,45,1,44,1,0.935693018224758,0.935693018224758,full_event_available,0,1,,"3","0.64388",paper_formula,Full Bernoulli event probability uses selected probabilities and non-selected complement probabilities.
42,10,2,continue,bernoulli_full_event,44,2,42,1,0.912547586169526,0.912547586169526,full_event_available,0,1,,"1,8","0.0055236,0.22285",paper_formula,Full Bernoulli event probability uses selected probabilities and non-selected complement probabilities.
42,10,3,continue,bernoulli_full_event,34,7,27,0.62336385783311,0.72102508346466,0.44946097762297,full_event_available,0,1,,"9,13,14,19,20,23,27","0.1655,0.3603,0.52228,0.65419,0.9136,0.66388,0.55916",paper_formula,Full Bernoulli event probability uses selected probabilities and non-selected complement probabilities.
42,10,4,load_loss_threshold,bernoulli_full_event,0,0,0,NaN,NaN,1,terminal_stage_probability_one,1,0,,"","",,Terminal recording stage excluded from Bernoulli complement product.
42,11,1,continue,bernoulli_full_event,45,1,44,1,0.935693018224758,0.935693018224758,full_event_available,0,1,,"3","0.24084",paper_formula,Full Bernoulli event probability uses selected probabilities and non-selected complement probabilities.
42,11,2,continue,bernoulli_full_event,44,3,41,0.0288277233073824,0.939635127639001,0.0270875414694741,full_event_available,0,1,,"1,8,23","0.85991,0.37894,0.0023774",paper_formula,Full Bernoulli event probability uses selected probabilities and non-selected complement probabilities.
42,11,3,load_loss_threshold,bernoulli_full_event,19,0,19,NaN,NaN,1,terminal_stage_probability_one,1,0,,"","",,Terminal recording stage excluded from Bernoulli complement product.
42,12,1,continue,bernoulli_full_event,45,1,44,1,0.935693018224758,0.935693018224758,full_event_available,0,1,,"3","0.72187",paper_formula,Full Bernoulli event probability uses selected probabilities and non-selected complement probabilities.
42,12,2,continue,bernoulli_full_event,44,2,42,1,0.912547586169526,0.912547586169526,full_event_available,0,1,,"1,8","0.18336,0.41581",paper_formula,Full Bernoulli event probability uses selected probabilities and non-selected complement probabilities.
42,12,3,continue,bernoulli_full_event,34,6,28,1,0.271564105841689,0.271564105841689,full_event_available,0,1,,"9,13,14,19,20,23","0.23016,0.9976,0.71088,0.46732,0.097589,0.68062",paper_formula,Full Bernoulli event probability uses selected probabilities and non-selected complement probabilities.
42,12,4,load_loss_threshold,bernoulli_full_event,18,0,18,NaN,NaN,1,terminal_stage_probability_one,1,0,,"","",,Terminal recording stage excluded from Bernoulli complement product.
42,13,1,continue,bernoulli_full_event,45,1,44,1,0.935693018224758,0.935693018224758,full_event_available,0,1,,"3","0.36759",paper_formula,Full Bernoulli event probability uses selected probabilities and non-selected complement probabilities.
42,13,2,continue,bernoulli_full_event,44,2,42,1,0.912547586169526,0.912547586169526,full_event_available,0,1,,"1,8","0.44679,0.70266",paper_formula,Full Bernoulli event probability uses selected probabilities and non-selected complement probabilities.
42,13,3,continue,bernoulli_full_event,34,7,27,0.62336385783311,0.72102508346466,0.44946097762297,full_event_available,0,1,,"9,13,14,19,20,23,27","0.96834,0.88375,0.75453,0.63739,0.024699,0.66599,0.52374",paper_formula,Full Bernoulli event probability uses selected probabilities and non-selected complement probabilities.
42,13,4,load_loss_threshold,bernoulli_full_event,0,0,0,NaN,NaN,1,terminal_stage_probability_one,1,0,,"","",,Terminal recording stage excluded from Bernoulli complement product.
42,14,1,continue,bernoulli_full_event,45,1,44,1,0.935693018224758,0.935693018224758,full_event_available,0,1,,"3","0.24064",paper_formula,Full Bernoulli event probability uses selected probabilities and non-selected complement probabilities.
42,14,2,continue,bernoulli_full_event,44,2,42,1,0.912547586169526,0.912547586169526,full_event_available,0,1,,"1,8","0.47364,0.89641",paper_formula,Full Bernoulli event probability uses selected probabilities and non-selected complement probabilities.
42,14,3,continue,bernoulli_full_event,34,7,27,0.62336385783311,0.72102508346466,0.44946097762297,full_event_available,0,1,,"9,13,14,19,20,23,27","0.038646,0.9224,0.59871,0.68532,0.98279,0.45689,0.44001",paper_formula,Full Bernoulli event probability uses selected probabilities and non-selected complement probabilities.
42,14,4,load_loss_threshold,bernoulli_full_event,0,0,0,NaN,NaN,1,terminal_stage_probability_one,1,0,,"","",,Terminal recording stage excluded from Bernoulli complement product.
42,15,1,continue,bernoulli_full_event,45,1,44,1,0.935693018224758,0.935693018224758,full_event_available,0,1,,"3","0.99",paper_formula,Full Bernoulli event probability uses selected probabilities and non-selected complement probabilities.
42,15,2,continue,bernoulli_full_event,44,2,42,1,0.912547586169526,0.912547586169526,full_event_available,0,1,,"1,8","0.74126,0.42835",paper_formula,Full Bernoulli event probability uses selected probabilities and non-selected complement probabilities.
42,15,3,continue,bernoulli_full_event,34,7,27,0.62336385783311,0.72102508346466,0.44946097762297,full_event_available,0,1,,"9,13,14,19,20,23,27","0.026981,0.75312,0.6883,0.96832,0.244,0.85372,0.58471",paper_formula,Full Bernoulli event probability uses selected probabilities and non-selected complement probabilities.
42,15,4,load_loss_threshold,bernoulli_full_event,0,0,0,NaN,NaN,1,terminal_stage_probability_one,1,0,,"","",,Terminal recording stage excluded from Bernoulli complement product.
42,16,1,continue,bernoulli_full_event,45,1,44,1,0.935693018224758,0.935693018224758,full_event_available,0,1,,"3","0.73674",paper_formula,Full Bernoulli event probability uses selected probabilities and non-selected complement probabilities.
42,16,2,continue,bernoulli_full_event,44,2,42,1,0.912547586169526,0.912547586169526,full_event_available,0,1,,"1,8","0.79908,0.83",paper_formula,Full Bernoulli event probability uses selected probabilities and non-selected complement probabilities.
42,16,3,continue,bernoulli_full_event,34,7,27,0.62336385783311,0.72102508346466,0.44946097762297,full_event_available,0,1,,"9,13,14,19,20,23,27","0.69752,0.28957,0.32338,0.99439,0.51821,0.15684,0.57809",paper_formula,Full Bernoulli event probability uses selected probabilities and non-selected complement probabilities.
42,16,4,load_loss_threshold,bernoulli_full_event,0,0,0,NaN,NaN,1,terminal_stage_probability_one,1,0,,"","",,Terminal recording stage excluded from Bernoulli complement product.
42,17,1,continue,bernoulli_full_event,45,1,44,1,0.935693018224758,0.935693018224758,full_event_available,0,1,,"3","0.5953",paper_formula,Full Bernoulli event probability uses selected probabilities and non-selected complement probabilities.
42,17,2,continue,bernoulli_full_event,44,2,42,1,0.912547586169526,0.912547586169526,full_event_available,0,1,,"1,8","0.30333,0.54288",paper_formula,Full Bernoulli event probability uses selected probabilities and non-selected complement probabilities.
42,17,3,continue,bernoulli_full_event,34,6,28,1,0.271564105841689,0.271564105841689,full_event_available,0,1,,"9,13,14,19,20,23","0.45441,0.096854,0.41827,0.91987,0.66054,0.7921",paper_formula,Full Bernoulli event probability uses selected probabilities and non-selected complement probabilities.
42,17,4,load_loss_threshold,bernoulli_full_event,18,0,18,NaN,NaN,1,terminal_stage_probability_one,1,0,,"","",,Terminal recording stage excluded from Bernoulli complement product.
42,18,1,continue,bernoulli_full_event,45,1,44,1,0.935693018224758,0.935693018224758,full_event_available,0,1,,"3","0.36489",paper_formula,Full Bernoulli event probability uses selected probabilities and non-selected complement probabilities.
42,18,2,continue,bernoulli_full_event,44,2,42,1,0.912547586169526,0.912547586169526,full_event_available,0,1,,"1,8","0.51353,0.64889",paper_formula,Full Bernoulli event probability uses selected probabilities and non-selected complement probabilities.
42,18,3,continue,bernoulli_full_event,34,8,26,0.000700629823595621,0.721836391494926,0.00050574010363799,full_event_available,0,1,,"9,13,14,19,20,23,27,33","0.32391,0.80444,0.46147,0.83342,0.40858,0.44293,0.24925,4.2097e-05",paper_formula,Full Bernoulli event probability uses selected probabilities and non-selected complement probabilities.
42,18,4,load_loss_threshold,bernoulli_full_event,0,0,0,NaN,NaN,1,terminal_stage_probability_one,1,0,,"","",,Terminal recording stage excluded from Bernoulli complement product.
42,19,1,continue,bernoulli_full_event,45,1,44,1,0.935693018224758,0.935693018224758,full_event_available,0,1,,"3","0.51308",paper_formula,Full Bernoulli event probability uses selected probabilities and non-selected complement probabilities.
42,19,2,continue,bernoulli_full_event,44,2,42,1,0.912547586169526,0.912547586169526,full_event_available,0,1,,"1,8","0.87781,0.016897",paper_formula,Full Bernoulli event probability uses selected probabilities and non-selected complement probabilities.
42,19,3,continue,bernoulli_full_event,34,7,27,0.249934445324161,0.36205382869375,0.0904897228520614,full_event_available,0,1,,"9,13,14,19,20,23,26","0.17828,0.91657,0.99249,0.75988,0.39079,0.7473,0.072383",paper_formula,Full Bernoulli event probability uses selected probabilities and non-selected complement probabilities.
42,19,4,load_loss_threshold,bernoulli_full_event,13,0,13,NaN,NaN,1,terminal_stage_probability_one,1,0,,"","",,Terminal recording stage excluded from Bernoulli complement product.
42,20,1,continue,bernoulli_full_event,45,1,44,1,0.935693018224758,0.935693018224758,full_event_available,0,1,,"3","0.92993",paper_formula,Full Bernoulli event probability uses selected probabilities and non-selected complement probabilities.
42,20,2,continue,bernoulli_full_event,44,2,42,1,0.912547586169526,0.912547586169526,full_event_available,0,1,,"1,8","0.60699,0.19023",paper_formula,Full Bernoulli event probability uses selected probabilities and non-selected complement probabilities.
42,20,3,continue,bernoulli_full_event,34,7,27,0.249934445324161,0.36205382869375,0.0904897228520614,full_event_available,0,1,,"9,13,14,19,20,23,26","0.73685,0.88993,0.15602,0.3496,0.1035,0.066822,0.18623",paper_formula,Full Bernoulli event probability uses selected probabilities and non-selected complement probabilities.
42,20,4,load_loss_threshold,bernoulli_full_event,13,0,13,NaN,NaN,1,terminal_stage_probability_one,1,0,,"","",,Terminal recording stage excluded from Bernoulli complement product.
42,21,1,continue,bernoulli_full_event,45,1,44,1,0.935693018224758,0.935693018224758,full_event_available,0,1,,"3","0.85944",paper_formula,Full Bernoulli event probability uses selected probabilities and non-selected complement probabilities.
42,21,2,continue,bernoulli_full_event,44,2,42,1,0.912547586169526,0.912547586169526,full_event_available,0,1,,"1,8","0.97145,0.65397",paper_formula,Full Bernoulli event probability uses selected probabilities and non-selected complement probabilities.
42,21,3,continue,bernoulli_full_event,34,7,27,0.62336385783311,0.72102508346466,0.44946097762297,full_event_available,0,1,,"9,13,14,19,20,23,27","0.5878,0.048358,0.41387,0.45683,0.57133,0.87514,0.29103",paper_formula,Full Bernoulli event probability uses selected probabilities and non-selected complement probabilities.
42,21,4,load_loss_threshold,bernoulli_full_event,0,0,0,NaN,NaN,1,terminal_stage_probability_one,1,0,,"","",,Terminal recording stage excluded from Bernoulli complement product.
42,22,1,continue,bernoulli_full_event,45,1,44,1,0.935693018224758,0.935693018224758,full_event_available,0,1,,"3","0.0058504",paper_formula,Full Bernoulli event probability uses selected probabilities and non-selected complement probabilities.
42,22,2,continue,bernoulli_full_event,44,2,42,1,0.912547586169526,0.912547586169526,full_event_available,0,1,,"1,8","0.10936,0.077193",paper_formula,Full Bernoulli event probability uses selected probabilities and non-selected complement probabilities.
42,22,3,continue,bernoulli_full_event,34,8,26,0.155800100042648,0.961282755846947,0.149767949530226,full_event_available,0,1,,"9,13,14,19,20,23,26,27","0.63274,0.52973,0.85161,0.67865,0.47244,0.1997,0.20974,0.15382",paper_formula,Full Bernoulli event probability uses selected probabilities and non-selected complement probabilities.
42,22,4,load_loss_threshold,bernoulli_full_event,7,0,7,NaN,NaN,1,terminal_stage_probability_one,1,0,,"","",,Terminal recording stage excluded from Bernoulli complement product.
42,23,1,continue,bernoulli_full_event,45,1,44,1,0.935693018224758,0.935693018224758,full_event_available,0,1,,"3","0.87807",paper_formula,Full Bernoulli event probability uses selected probabilities and non-selected complement probabilities.
42,23,2,continue,bernoulli_full_event,44,2,42,1,0.912547586169526,0.912547586169526,full_event_available,0,1,,"1,8","0.22434,0.77191",paper_formula,Full Bernoulli event probability uses selected probabilities and non-selected complement probabilities.
42,23,3,continue,bernoulli_full_event,34,7,27,0.62336385783311,0.72102508346466,0.44946097762297,full_event_available,0,1,,"9,13,14,19,20,23,27","0.25001,0.39868,0.28288,0.56102,0.97747,0.11985,0.45001",paper_formula,Full Bernoulli event probability uses selected probabilities and non-selected complement probabilities.
42,23,4,load_loss_threshold,bernoulli_full_event,0,0,0,NaN,NaN,1,terminal_stage_probability_one,1,0,,"","",,Terminal recording stage excluded from Bernoulli complement product.
42,24,1,continue,bernoulli_full_event,45,1,44,1,0.935693018224758,0.935693018224758,full_event_available,0,1,,"3","0.24052",paper_formula,Full Bernoulli event probability uses selected probabilities and non-selected complement probabilities.
42,24,2,continue,bernoulli_full_event,44,2,42,1,0.912547586169526,0.912547586169526,full_event_available,0,1,,"1,8","0.31424,0.16142",paper_formula,Full Bernoulli event probability uses selected probabilities and non-selected complement probabilities.
42,24,3,continue,bernoulli_full_event,34,7,27,0.62336385783311,0.72102508346466,0.44946097762297,full_event_available,0,1,,"9,13,14,19,20,23,27","0.17605,0.71801,0.35483,0.7648,0.17447,0.91968,0.37896",paper_formula,Full Bernoulli event probability uses selected probabilities and non-selected complement probabilities.
42,24,4,load_loss_threshold,bernoulli_full_event,0,0,0,NaN,NaN,1,terminal_stage_probability_one,1,0,,"","",,Terminal recording stage excluded from Bernoulli complement product.
42,25,1,continue,bernoulli_full_event,45,1,44,1,0.935693018224758,0.935693018224758,full_event_available,0,1,,"3","0.81405",paper_formula,Full Bernoulli event probability uses selected probabilities and non-selected complement probabilities.
42,25,2,continue,bernoulli_full_event,44,2,42,1,0.912547586169526,0.912547586169526,full_event_available,0,1,,"1,8","0.72323,0.41951",paper_formula,Full Bernoulli event probability uses selected probabilities and non-selected complement probabilities.
42,25,3,continue,bernoulli_full_event,34,7,27,0.62336385783311,0.72102508346466,0.44946097762297,full_event_available,0,1,,"9,13,14,19,20,23,27","0.69554,0.50649,0.10183,0.86235,0.66584,0.27306,0.30165",paper_formula,Full Bernoulli event probability uses selected probabilities and non-selected complement probabilities.
42,25,4,load_loss_threshold,bernoulli_full_event,0,0,0,NaN,NaN,1,terminal_stage_probability_one,1,0,,"","",,Terminal recording stage excluded from Bernoulli complement product.
42,26,1,continue,bernoulli_full_event,45,1,44,1,0.935693018224758,0.935693018224758,full_event_available,0,1,,"3","0.31985",paper_formula,Full Bernoulli event probability uses selected probabilities and non-selected complement probabilities.
42,26,2,continue,bernoulli_full_event,44,2,42,1,0.912547586169526,0.912547586169526,full_event_available,0,1,,"1,8","0.16484,0.69864",paper_formula,Full Bernoulli event probability uses selected probabilities and non-selected complement probabilities.
42,26,3,continue,bernoulli_full_event,34,6,28,1,0.271564105841689,0.271564105841689,full_event_available,0,1,,"9,13,14,19,20,23","0.073153,0.93393,0.67336,0.38193,0.81827,0.55983",paper_formula,Full Bernoulli event probability uses selected probabilities and non-selected complement probabilities.
42,26,4,load_loss_threshold,bernoulli_full_event,18,0,18,NaN,NaN,1,terminal_stage_probability_one,1,0,,"","",,Terminal recording stage excluded from Bernoulli complement product.
42,27,1,continue,bernoulli_full_event,45,1,44,1,0.935693018224758,0.935693018224758,full_event_available,0,1,,"3","0.15975",paper_formula,Full Bernoulli event probability uses selected probabilities and non-selected complement probabilities.
42,27,2,continue,bernoulli_full_event,44,2,42,1,0.912547586169526,0.912547586169526,full_event_available,0,1,,"1,8","0.43251,0.7778",paper_formula,Full Bernoulli event probability uses selected probabilities and non-selected complement probabilities.
42,27,3,continue,bernoulli_full_event,34,6,28,1,0.271564105841689,0.271564105841689,full_event_available,0,1,,"9,13,14,19,20,23","0.563,0.76096,0.86737,0.26025,0.83747,0.14786",paper_formula,Full Bernoulli event probability uses selected probabilities and non-selected complement probabilities.
42,27,4,load_loss_threshold,bernoulli_full_event,18,0,18,NaN,NaN,1,terminal_stage_probability_one,1,0,,"","",,Terminal recording stage excluded from Bernoulli complement product.
42,28,1,continue,bernoulli_full_event,45,1,44,1,0.935693018224758,0.935693018224758,full_event_available,0,1,,"3","0.79133",paper_formula,Full Bernoulli event probability uses selected probabilities and non-selected complement probabilities.
42,28,2,continue,bernoulli_full_event,44,2,42,1,0.912547586169526,0.912547586169526,full_event_available,0,1,,"1,8","0.65435,0.30312",paper_formula,Full Bernoulli event probability uses selected probabilities and non-selected complement probabilities.
42,28,3,continue,bernoulli_full_event,34,7,27,0.62336385783311,0.72102508346466,0.44946097762297,full_event_available,0,1,,"9,13,14,19,20,23,27","0.20387,0.015484,0.15715,0.79956,0.7776,0.37946,0.61771",paper_formula,Full Bernoulli event probability uses selected probabilities and non-selected complement probabilities.
42,28,4,load_loss_threshold,bernoulli_full_event,0,0,0,NaN,NaN,1,terminal_stage_probability_one,1,0,,"","",,Terminal recording stage excluded from Bernoulli complement product.
42,29,1,continue,bernoulli_full_event,45,1,44,1,0.935693018224758,0.935693018224758,full_event_available,0,1,,"3","0.13066",paper_formula,Full Bernoulli event probability uses selected probabilities and non-selected complement probabilities.
42,29,2,continue,bernoulli_full_event,44,2,42,1,0.912547586169526,0.912547586169526,full_event_available,0,1,,"1,8","0.30811,0.83356",paper_formula,Full Bernoulli event probability uses selected probabilities and non-selected complement probabilities.
42,29,3,continue,bernoulli_full_event,34,7,27,0.62336385783311,0.72102508346466,0.44946097762297,full_event_available,0,1,,"9,13,14,19,20,23,27","0.27345,0.05812,0.096721,0.90054,0.20953,0.6983,0.11214",paper_formula,Full Bernoulli event probability uses selected probabilities and non-selected complement probabilities.
42,29,4,load_loss_threshold,bernoulli_full_event,0,0,0,NaN,NaN,1,terminal_stage_probability_one,1,0,,"","",,Terminal recording stage excluded from Bernoulli complement product.
42,30,1,continue,bernoulli_full_event,45,1,44,1,0.935693018224758,0.935693018224758,full_event_available,0,1,,"3","0.46548",paper_formula,Full Bernoulli event probability uses selected probabilities and non-selected complement probabilities.
42,30,2,continue,bernoulli_full_event,44,2,42,1,0.912547586169526,0.912547586169526,full_event_available,0,1,,"1,8","0.98554,0.2752",paper_formula,Full Bernoulli event probability uses selected probabilities and non-selected complement probabilities.
42,30,3,continue,bernoulli_full_event,34,7,27,0.62336385783311,0.72102508346466,0.44946097762297,full_event_available,0,1,,"9,13,14,19,20,23,27","0.51675,0.95249,0.75866,0.1639,0.039865,0.80348,0.25975",paper_formula,Full Bernoulli event probability uses selected probabilities and non-selected complement probabilities.
42,30,4,load_loss_threshold,bernoulli_full_event,0,0,0,NaN,NaN,1,terminal_stage_probability_one,1,0,,"","",,Terminal recording stage excluded from Bernoulli complement product.
43,1,1,no_new_outage,bernoulli_full_event,45,0,45,1,0.93419403337996,0.93419403337996,full_event_available,1,1,,"","",paper_formula,Full Bernoulli event probability uses selected probabilities and non-selected complement probabilities.
43,2,1,no_new_outage,bernoulli_full_event,45,0,45,1,0.93419403337996,0.93419403337996,full_event_available,1,1,,"","",paper_formula,Full Bernoulli event probability uses selected probabilities and non-selected complement probabilities.
43,3,1,no_new_outage,bernoulli_full_event,45,0,45,1,0.93419403337996,0.93419403337996,full_event_available,1,1,,"","",paper_formula,Full Bernoulli event probability uses selected probabilities and non-selected complement probabilities.
43,4,1,no_new_outage,bernoulli_full_event,45,0,45,1,0.93419403337996,0.93419403337996,full_event_available,1,1,,"","",paper_formula,Full Bernoulli event probability uses selected probabilities and non-selected complement probabilities.
43,5,1,no_new_outage,bernoulli_full_event,45,0,45,1,0.93419403337996,0.93419403337996,full_event_available,1,1,,"","",paper_formula,Full Bernoulli event probability uses selected probabilities and non-selected complement probabilities.
43,6,1,no_new_outage,bernoulli_full_event,45,0,45,1,0.93419403337996,0.93419403337996,full_event_available,1,1,,"","",paper_formula,Full Bernoulli event probability uses selected probabilities and non-selected complement probabilities.
43,7,1,no_new_outage,bernoulli_full_event,45,0,45,1,0.93419403337996,0.93419403337996,full_event_available,1,1,,"","",paper_formula,Full Bernoulli event probability uses selected probabilities and non-selected complement probabilities.
43,8,1,no_new_outage,bernoulli_full_event,45,0,45,1,0.93419403337996,0.93419403337996,full_event_available,1,1,,"","",paper_formula,Full Bernoulli event probability uses selected probabilities and non-selected complement probabilities.
43,9,1,no_new_outage,bernoulli_full_event,45,0,45,1,0.93419403337996,0.93419403337996,full_event_available,1,1,,"","",paper_formula,Full Bernoulli event probability uses selected probabilities and non-selected complement probabilities.
43,10,1,no_new_outage,bernoulli_full_event,45,0,45,1,0.93419403337996,0.93419403337996,full_event_available,1,1,,"","",paper_formula,Full Bernoulli event probability uses selected probabilities and non-selected complement probabilities.
43,11,1,no_new_outage,bernoulli_full_event,45,0,45,1,0.93419403337996,0.93419403337996,full_event_available,1,1,,"","",paper_formula,Full Bernoulli event probability uses selected probabilities and non-selected complement probabilities.
43,12,1,no_new_outage,bernoulli_full_event,45,0,45,1,0.93419403337996,0.93419403337996,full_event_available,1,1,,"","",paper_formula,Full Bernoulli event probability uses selected probabilities and non-selected complement probabilities.
43,13,1,no_new_outage,bernoulli_full_event,45,0,45,1,0.93419403337996,0.93419403337996,full_event_available,1,1,,"","",paper_formula,Full Bernoulli event probability uses selected probabilities and non-selected complement probabilities.
43,14,1,no_new_outage,bernoulli_full_event,45,0,45,1,0.93419403337996,0.93419403337996,full_event_available,1,1,,"","",paper_formula,Full Bernoulli event probability uses selected probabilities and non-selected complement probabilities.
43,15,1,no_new_outage,bernoulli_full_event,45,0,45,1,0.93419403337996,0.93419403337996,full_event_available,1,1,,"","",paper_formula,Full Bernoulli event probability uses selected probabilities and non-selected complement probabilities.
43,16,1,no_new_outage,bernoulli_full_event,45,0,45,1,0.93419403337996,0.93419403337996,full_event_available,1,1,,"","",paper_formula,Full Bernoulli event probability uses selected probabilities and non-selected complement probabilities.
43,17,1,no_new_outage,bernoulli_full_event,45,0,45,1,0.93419403337996,0.93419403337996,full_event_available,1,1,,"","",paper_formula,Full Bernoulli event probability uses selected probabilities and non-selected complement probabilities.
43,18,1,no_new_outage,bernoulli_full_event,45,0,45,1,0.93419403337996,0.93419403337996,full_event_available,1,1,,"","",paper_formula,Full Bernoulli event probability uses selected probabilities and non-selected complement probabilities.
43,19,1,no_new_outage,bernoulli_full_event,45,0,45,1,0.93419403337996,0.93419403337996,full_event_available,1,1,,"","",paper_formula,Full Bernoulli event probability uses selected probabilities and non-selected complement probabilities.
43,20,1,continue,bernoulli_full_event,45,1,44,0.001782630685,0.935862330286865,0.00166829690690497,full_event_available,0,1,,"17","0.0010832",paper_formula,Full Bernoulli event probability uses selected probabilities and non-selected complement probabilities.
43,20,2,no_new_outage,bernoulli_full_event,44,0,44,1,0.935862330286865,0.935862330286865,full_event_available,1,1,,"","",paper_formula,Full Bernoulli event probability uses selected probabilities and non-selected complement probabilities.
43,21,1,no_new_outage,bernoulli_full_event,45,0,45,1,0.93419403337996,0.93419403337996,full_event_available,1,1,,"","",paper_formula,Full Bernoulli event probability uses selected probabilities and non-selected complement probabilities.
43,22,1,no_new_outage,bernoulli_full_event,45,0,45,1,0.93419403337996,0.93419403337996,full_event_available,1,1,,"","",paper_formula,Full Bernoulli event probability uses selected probabilities and non-selected complement probabilities.
43,23,1,no_new_outage,bernoulli_full_event,45,0,45,1,0.93419403337996,0.93419403337996,full_event_available,1,1,,"","",paper_formula,Full Bernoulli event probability uses selected probabilities and non-selected complement probabilities.
43,24,1,no_new_outage,bernoulli_full_event,45,0,45,1,0.93419403337996,0.93419403337996,full_event_available,1,1,,"","",paper_formula,Full Bernoulli event probability uses selected probabilities and non-selected complement probabilities.
43,25,1,no_new_outage,bernoulli_full_event,45,0,45,1,0.93419403337996,0.93419403337996,full_event_available,1,1,,"","",paper_formula,Full Bernoulli event probability uses selected probabilities and non-selected complement probabilities.
43,26,1,no_new_outage,bernoulli_full_event,45,0,45,1,0.93419403337996,0.93419403337996,full_event_available,1,1,,"","",paper_formula,Full Bernoulli event probability uses selected probabilities and non-selected complement probabilities.
43,27,1,no_new_outage,bernoulli_full_event,45,0,45,1,0.93419403337996,0.93419403337996,full_event_available,1,1,,"","",paper_formula,Full Bernoulli event probability uses selected probabilities and non-selected complement probabilities.
43,28,1,no_new_outage,bernoulli_full_event,45,0,45,1,0.93419403337996,0.93419403337996,full_event_available,1,1,,"","",paper_formula,Full Bernoulli event probability uses selected probabilities and non-selected complement probabilities.
43,29,1,no_new_outage,bernoulli_full_event,45,0,45,1,0.93419403337996,0.93419403337996,full_event_available,1,1,,"","",paper_formula,Full Bernoulli event probability uses selected probabilities and non-selected complement probabilities.
43,30,1,continue,bernoulli_full_event,45,1,44,0.00174770065,0.935829583351072,0.0016355499711119,full_event_available,0,1,,"30","0.00097675",paper_formula,Full Bernoulli event probability uses selected probabilities and non-selected complement probabilities.
43,30,2,no_new_outage,bernoulli_full_event,44,0,44,1,0.935829583351072,0.935829583351072,full_event_available,1,1,,"","",paper_formula,Full Bernoulli event probability uses selected probabilities and non-selected complement probabilities.
44,1,1,no_new_outage,bernoulli_full_event,45,0,45,1,0.933772147587476,0.933772147587476,full_event_available,1,1,,"","",paper_formula,Full Bernoulli event probability uses selected probabilities and non-selected complement probabilities.
44,2,1,no_new_outage,bernoulli_full_event,45,0,45,1,0.933772147587476,0.933772147587476,full_event_available,1,1,,"","",paper_formula,Full Bernoulli event probability uses selected probabilities and non-selected complement probabilities.
44,3,1,no_new_outage,bernoulli_full_event,45,0,45,1,0.933772147587476,0.933772147587476,full_event_available,1,1,,"","",paper_formula,Full Bernoulli event probability uses selected probabilities and non-selected complement probabilities.
44,4,1,no_new_outage,bernoulli_full_event,45,0,45,1,0.933772147587476,0.933772147587476,full_event_available,1,1,,"","",paper_formula,Full Bernoulli event probability uses selected probabilities and non-selected complement probabilities.
44,5,1,no_new_outage,bernoulli_full_event,45,0,45,1,0.933772147587476,0.933772147587476,full_event_available,1,1,,"","",paper_formula,Full Bernoulli event probability uses selected probabilities and non-selected complement probabilities.
44,6,1,no_new_outage,bernoulli_full_event,45,0,45,1,0.933772147587476,0.933772147587476,full_event_available,1,1,,"","",paper_formula,Full Bernoulli event probability uses selected probabilities and non-selected complement probabilities.
44,7,1,no_new_outage,bernoulli_full_event,45,0,45,1,0.933772147587476,0.933772147587476,full_event_available,1,1,,"","",paper_formula,Full Bernoulli event probability uses selected probabilities and non-selected complement probabilities.
44,8,1,no_new_outage,bernoulli_full_event,45,0,45,1,0.933772147587476,0.933772147587476,full_event_available,1,1,,"","",paper_formula,Full Bernoulli event probability uses selected probabilities and non-selected complement probabilities.
44,9,1,no_new_outage,bernoulli_full_event,45,0,45,1,0.933772147587476,0.933772147587476,full_event_available,1,1,,"","",paper_formula,Full Bernoulli event probability uses selected probabilities and non-selected complement probabilities.
44,10,1,no_new_outage,bernoulli_full_event,45,0,45,1,0.933772147587476,0.933772147587476,full_event_available,1,1,,"","",paper_formula,Full Bernoulli event probability uses selected probabilities and non-selected complement probabilities.
44,11,1,no_new_outage,bernoulli_full_event,45,0,45,1,0.933772147587476,0.933772147587476,full_event_available,1,1,,"","",paper_formula,Full Bernoulli event probability uses selected probabilities and non-selected complement probabilities.
44,12,1,no_new_outage,bernoulli_full_event,45,0,45,1,0.933772147587476,0.933772147587476,full_event_available,1,1,,"","",paper_formula,Full Bernoulli event probability uses selected probabilities and non-selected complement probabilities.
44,13,1,no_new_outage,bernoulli_full_event,45,0,45,1,0.933772147587476,0.933772147587476,full_event_available,1,1,,"","",paper_formula,Full Bernoulli event probability uses selected probabilities and non-selected complement probabilities.
44,14,1,no_new_outage,bernoulli_full_event,45,0,45,1,0.933772147587476,0.933772147587476,full_event_available,1,1,,"","",paper_formula,Full Bernoulli event probability uses selected probabilities and non-selected complement probabilities.
44,15,1,no_new_outage,bernoulli_full_event,45,0,45,1,0.933772147587476,0.933772147587476,full_event_available,1,1,,"","",paper_formula,Full Bernoulli event probability uses selected probabilities and non-selected complement probabilities.
44,16,1,no_new_outage,bernoulli_full_event,45,0,45,1,0.933772147587476,0.933772147587476,full_event_available,1,1,,"","",paper_formula,Full Bernoulli event probability uses selected probabilities and non-selected complement probabilities.
44,17,1,no_new_outage,bernoulli_full_event,45,0,45,1,0.933772147587476,0.933772147587476,full_event_available,1,1,,"","",paper_formula,Full Bernoulli event probability uses selected probabilities and non-selected complement probabilities.
44,18,1,no_new_outage,bernoulli_full_event,45,0,45,1,0.933772147587476,0.933772147587476,full_event_available,1,1,,"","",paper_formula,Full Bernoulli event probability uses selected probabilities and non-selected complement probabilities.
44,19,1,no_new_outage,bernoulli_full_event,45,0,45,1,0.933772147587476,0.933772147587476,full_event_available,1,1,,"","",paper_formula,Full Bernoulli event probability uses selected probabilities and non-selected complement probabilities.
44,20,1,no_new_outage,bernoulli_full_event,45,0,45,1,0.933772147587476,0.933772147587476,full_event_available,1,1,,"","",paper_formula,Full Bernoulli event probability uses selected probabilities and non-selected complement probabilities.
44,21,1,no_new_outage,bernoulli_full_event,45,0,45,1,0.933772147587476,0.933772147587476,full_event_available,1,1,,"","",paper_formula,Full Bernoulli event probability uses selected probabilities and non-selected complement probabilities.
44,22,1,no_new_outage,bernoulli_full_event,45,0,45,1,0.933772147587476,0.933772147587476,full_event_available,1,1,,"","",paper_formula,Full Bernoulli event probability uses selected probabilities and non-selected complement probabilities.
44,23,1,no_new_outage,bernoulli_full_event,45,0,45,1,0.933772147587476,0.933772147587476,full_event_available,1,1,,"","",paper_formula,Full Bernoulli event probability uses selected probabilities and non-selected complement probabilities.
44,24,1,no_new_outage,bernoulli_full_event,45,0,45,1,0.933772147587476,0.933772147587476,full_event_available,1,1,,"","",paper_formula,Full Bernoulli event probability uses selected probabilities and non-selected complement probabilities.
44,25,1,no_new_outage,bernoulli_full_event,45,0,45,1,0.933772147587476,0.933772147587476,full_event_available,1,1,,"","",paper_formula,Full Bernoulli event probability uses selected probabilities and non-selected complement probabilities.
44,26,1,no_new_outage,bernoulli_full_event,45,0,45,1,0.933772147587476,0.933772147587476,full_event_available,1,1,,"","",paper_formula,Full Bernoulli event probability uses selected probabilities and non-selected complement probabilities.
44,27,1,no_new_outage,bernoulli_full_event,45,0,45,1,0.933772147587476,0.933772147587476,full_event_available,1,1,,"","",paper_formula,Full Bernoulli event probability uses selected probabilities and non-selected complement probabilities.
44,28,1,no_new_outage,bernoulli_full_event,45,0,45,1,0.933772147587476,0.933772147587476,full_event_available,1,1,,"","",paper_formula,Full Bernoulli event probability uses selected probabilities and non-selected complement probabilities.
44,29,1,no_new_outage,bernoulli_full_event,45,0,45,1,0.933772147587476,0.933772147587476,full_event_available,1,1,,"","",paper_formula,Full Bernoulli event probability uses selected probabilities and non-selected complement probabilities.
44,30,1,no_new_outage,bernoulli_full_event,45,0,45,1,0.933772147587476,0.933772147587476,full_event_available,1,1,,"","",paper_formula,Full Bernoulli event probability uses selected probabilities and non-selected complement probabilities.
45,1,1,no_new_outage,bernoulli_full_event,45,0,45,1,0.934170689029478,0.934170689029478,full_event_available,1,1,,"","",paper_formula,Full Bernoulli event probability uses selected probabilities and non-selected complement probabilities.
45,2,1,no_new_outage,bernoulli_full_event,45,0,45,1,0.934170689029478,0.934170689029478,full_event_available,1,1,,"","",paper_formula,Full Bernoulli event probability uses selected probabilities and non-selected complement probabilities.
45,3,1,no_new_outage,bernoulli_full_event,45,0,45,1,0.934170689029478,0.934170689029478,full_event_available,1,1,,"","",paper_formula,Full Bernoulli event probability uses selected probabilities and non-selected complement probabilities.
45,4,1,no_new_outage,bernoulli_full_event,45,0,45,1,0.934170689029478,0.934170689029478,full_event_available,1,1,,"","",paper_formula,Full Bernoulli event probability uses selected probabilities and non-selected complement probabilities.
45,5,1,continue,bernoulli_full_event,45,1,44,0.001536124438,0.935607899187806,0.00143721015832823,full_event_available,0,1,,"1","0.00081341",paper_formula,Full Bernoulli event probability uses selected probabilities and non-selected complement probabilities.
45,5,2,continue,bernoulli_full_event,44,1,43,1,0.936991127071381,0.936991127071381,full_event_available,0,1,,"3","0.8386",paper_formula,Full Bernoulli event probability uses selected probabilities and non-selected complement probabilities.
45,5,3,continue,bernoulli_full_event,43,2,41,1,0.940080338417136,0.940080338417136,full_event_available,0,1,,"40,42","0.43908,0.96616",paper_formula,Full Bernoulli event probability uses selected probabilities and non-selected complement probabilities.
45,5,4,continue,bernoulli_full_event,35,3,32,0.156148053894254,0.257663733046025,0.0402336904742654,full_event_available,0,1,,"14,19,23","0.36964,0.1968,0.37069",paper_formula,Full Bernoulli event probability uses selected probabilities and non-selected complement probabilities.
45,5,5,max_depth_reached,bernoulli_full_event,32,0,32,NaN,NaN,1,terminal_stage_probability_one,1,0,,"","",,Terminal recording stage excluded from Bernoulli complement product.
45,6,1,no_new_outage,bernoulli_full_event,45,0,45,1,0.934170689029478,0.934170689029478,full_event_available,1,1,,"","",paper_formula,Full Bernoulli event probability uses selected probabilities and non-selected complement probabilities.
45,7,1,no_new_outage,bernoulli_full_event,45,0,45,1,0.934170689029478,0.934170689029478,full_event_available,1,1,,"","",paper_formula,Full Bernoulli event probability uses selected probabilities and non-selected complement probabilities.
45,8,1,no_new_outage,bernoulli_full_event,45,0,45,1,0.934170689029478,0.934170689029478,full_event_available,1,1,,"","",paper_formula,Full Bernoulli event probability uses selected probabilities and non-selected complement probabilities.
45,9,1,continue,bernoulli_full_event,45,1,44,0.001782630685,0.935838944247711,0.00166825521823397,full_event_available,0,1,,"19","0.00020157",paper_formula,Full Bernoulli event probability uses selected probabilities and non-selected complement probabilities.
45,9,2,continue,bernoulli_full_event,44,2,42,1,0.938579065989757,0.938579065989757,full_event_available,0,1,,"13,18","0.25764,0.7242",paper_formula,Full Bernoulli event probability uses selected probabilities and non-selected complement probabilities.
45,9,3,continue,bernoulli_full_event,41,1,40,0.700790994430183,0.380885551399998,0.266921164329693,full_event_available,0,1,,"14","0.60761",paper_formula,Full Bernoulli event probability uses selected probabilities and non-selected complement probabilities.
45,9,4,continue,bernoulli_full_event,40,2,38,1,0.364592731083028,0.364592731083028,full_event_available,0,1,,"3,6","0.51298,0.47226",paper_formula,Full Bernoulli event probability uses selected probabilities and non-selected complement probabilities.
45,9,5,max_depth_reached,bernoulli_full_event,38,0,38,NaN,NaN,1,terminal_stage_probability_one,1,0,,"","",,Terminal recording stage excluded from Bernoulli complement product.
45,10,1,no_new_outage,bernoulli_full_event,45,0,45,1,0.934170689029478,0.934170689029478,full_event_available,1,1,,"","",paper_formula,Full Bernoulli event probability uses selected probabilities and non-selected complement probabilities.
45,11,1,no_new_outage,bernoulli_full_event,45,0,45,1,0.934170689029478,0.934170689029478,full_event_available,1,1,,"","",paper_formula,Full Bernoulli event probability uses selected probabilities and non-selected complement probabilities.
45,12,1,no_new_outage,bernoulli_full_event,45,0,45,1,0.934170689029478,0.934170689029478,full_event_available,1,1,,"","",paper_formula,Full Bernoulli event probability uses selected probabilities and non-selected complement probabilities.
45,13,1,no_new_outage,bernoulli_full_event,45,0,45,1,0.934170689029478,0.934170689029478,full_event_available,1,1,,"","",paper_formula,Full Bernoulli event probability uses selected probabilities and non-selected complement probabilities.
45,14,1,no_new_outage,bernoulli_full_event,45,0,45,1,0.934170689029478,0.934170689029478,full_event_available,1,1,,"","",paper_formula,Full Bernoulli event probability uses selected probabilities and non-selected complement probabilities.
45,15,1,no_new_outage,bernoulli_full_event,45,0,45,1,0.934170689029478,0.934170689029478,full_event_available,1,1,,"","",paper_formula,Full Bernoulli event probability uses selected probabilities and non-selected complement probabilities.
45,16,1,no_new_outage,bernoulli_full_event,45,0,45,1,0.934170689029478,0.934170689029478,full_event_available,1,1,,"","",paper_formula,Full Bernoulli event probability uses selected probabilities and non-selected complement probabilities.
45,17,1,continue,bernoulli_full_event,45,1,44,0.001679836582,0.935742583652832,0.00157189462335522,full_event_available,0,1,,"2","0.00082271",paper_formula,Full Bernoulli event probability uses selected probabilities and non-selected complement probabilities.
45,17,2,no_new_outage,bernoulli_full_event,44,0,44,1,0.745342474590615,0.745342474590615,full_event_available,1,1,,"","",paper_formula,Full Bernoulli event probability uses selected probabilities and non-selected complement probabilities.
45,18,1,no_new_outage,bernoulli_full_event,45,0,45,1,0.934170689029478,0.934170689029478,full_event_available,1,1,,"","",paper_formula,Full Bernoulli event probability uses selected probabilities and non-selected complement probabilities.
45,19,1,no_new_outage,bernoulli_full_event,45,0,45,1,0.934170689029478,0.934170689029478,full_event_available,1,1,,"","",paper_formula,Full Bernoulli event probability uses selected probabilities and non-selected complement probabilities.
45,20,1,no_new_outage,bernoulli_full_event,45,0,45,1,0.934170689029478,0.934170689029478,full_event_available,1,1,,"","",paper_formula,Full Bernoulli event probability uses selected probabilities and non-selected complement probabilities.
45,21,1,no_new_outage,bernoulli_full_event,45,0,45,1,0.934170689029478,0.934170689029478,full_event_available,1,1,,"","",paper_formula,Full Bernoulli event probability uses selected probabilities and non-selected complement probabilities.
45,22,1,no_new_outage,bernoulli_full_event,45,0,45,1,0.934170689029478,0.934170689029478,full_event_available,1,1,,"","",paper_formula,Full Bernoulli event probability uses selected probabilities and non-selected complement probabilities.
45,23,1,no_new_outage,bernoulli_full_event,45,0,45,1,0.934170689029478,0.934170689029478,full_event_available,1,1,,"","",paper_formula,Full Bernoulli event probability uses selected probabilities and non-selected complement probabilities.
45,24,1,no_new_outage,bernoulli_full_event,45,0,45,1,0.934170689029478,0.934170689029478,full_event_available,1,1,,"","",paper_formula,Full Bernoulli event probability uses selected probabilities and non-selected complement probabilities.
45,25,1,no_new_outage,bernoulli_full_event,45,0,45,1,0.934170689029478,0.934170689029478,full_event_available,1,1,,"","",paper_formula,Full Bernoulli event probability uses selected probabilities and non-selected complement probabilities.
45,26,1,no_new_outage,bernoulli_full_event,45,0,45,1,0.934170689029478,0.934170689029478,full_event_available,1,1,,"","",paper_formula,Full Bernoulli event probability uses selected probabilities and non-selected complement probabilities.
45,27,1,no_new_outage,bernoulli_full_event,45,0,45,1,0.934170689029478,0.934170689029478,full_event_available,1,1,,"","",paper_formula,Full Bernoulli event probability uses selected probabilities and non-selected complement probabilities.
45,28,1,no_new_outage,bernoulli_full_event,45,0,45,1,0.934170689029478,0.934170689029478,full_event_available,1,1,,"","",paper_formula,Full Bernoulli event probability uses selected probabilities and non-selected complement probabilities.
45,29,1,no_new_outage,bernoulli_full_event,45,0,45,1,0.934170689029478,0.934170689029478,full_event_available,1,1,,"","",paper_formula,Full Bernoulli event probability uses selected probabilities and non-selected complement probabilities.
45,30,1,continue,bernoulli_full_event,45,1,44,0.001109978011,0.93520875017787,0.00103806114839223,full_event_available,0,1,,"27","5.7214e-06",paper_formula,Full Bernoulli event probability uses selected probabilities and non-selected complement probabilities.
45,30,2,no_new_outage,bernoulli_full_event,41,0,41,1,0.938828858806602,0.938828858806602,full_event_available,1,1,,"","",paper_formula,Full Bernoulli event probability uses selected probabilities and non-selected complement probabilities.
46,1,1,continue,bernoulli_full_event,45,4,41,0.485213802972838,0.939688679725927,0.455949917900342,full_event_available,0,1,,"8,14,19,23","0.27738,0.0064242,0.31714,0.4541",paper_formula,Full Bernoulli event probability uses selected probabilities and non-selected complement probabilities.
46,1,2,continue,bernoulli_full_event,41,7,34,0.296588496291509,0.216985970616442,0.0643555427414842,full_event_available,0,1,,"1,2,3,6,13,18,40","0.44968,0.71199,0.37742,0.12668,0.30487,0.86945,0.8738",paper_formula,Full Bernoulli event probability uses selected probabilities and non-selected complement probabilities.
46,1,3,load_loss_threshold,bernoulli_full_event,0,0,0,NaN,NaN,1,terminal_stage_probability_one,1,0,,"","",,Terminal recording stage excluded from Bernoulli complement product.
46,2,1,continue,bernoulli_full_event,45,2,43,0.999732991922767,0.0762872206301159,0.076266851326018,full_event_available,0,1,,"8,14","0.56248,0.065134",paper_formula,Full Bernoulli event probability uses selected probabilities and non-selected complement probabilities.
46,2,2,continue,bernoulli_full_event,43,3,40,0.324736934890387,0.940898267918931,0.305544419567668,full_event_available,0,1,,"1,3,40","0.28912,0.59875,0.40571",paper_formula,Full Bernoulli event probability uses selected probabilities and non-selected complement probabilities.
46,2,3,continue,bernoulli_full_event,37,6,31,1,0.853172856546694,0.853172856546694,full_event_available,0,1,,"9,19,23,26,27,31","0.57843,0.67896,0.98788,0.18972,0.87446,0.83626",paper_formula,Full Bernoulli event probability uses selected probabilities and non-selected complement probabilities.
46,2,4,load_loss_threshold,bernoulli_full_event,12,0,12,NaN,NaN,1,terminal_stage_probability_one,1,0,,"","",,Terminal recording stage excluded from Bernoulli complement product.
46,3,1,continue,bernoulli_full_event,45,4,41,0.485213802972838,0.939688679725927,0.455949917900342,full_event_available,0,1,,"8,14,19,23","0.35415,0.60114,0.20742,0.66668",paper_formula,Full Bernoulli event probability uses selected probabilities and non-selected complement probabilities.
46,3,2,continue,bernoulli_full_event,41,8,33,0.228917140767588,0.951001235947393,0.21770048379952,full_event_available,0,1,,"1,2,3,6,13,18,27,40","0.23175,0.10535,0.52443,0.0057235,0.63927,0.90175,0.49957,0.45925",paper_formula,Full Bernoulli event probability uses selected probabilities and non-selected complement probabilities.
46,3,3,load_loss_threshold,bernoulli_full_event,0,0,0,NaN,NaN,1,terminal_stage_probability_one,1,0,,"","",,Terminal recording stage excluded from Bernoulli complement product.
46,4,1,continue,bernoulli_full_event,45,3,42,0.614893568872554,0.19817837455823,0.121858608005471,full_event_available,0,1,,"8,14,19","0.014801,0.53533,0.24985",paper_formula,Full Bernoulli event probability uses selected probabilities and non-selected complement probabilities.
46,4,2,continue,bernoulli_full_event,42,4,38,1,0.943825854386262,0.943825854386262,full_event_available,0,1,,"1,3,18,40","0.19341,0.022483,0.69967,0.86882",paper_formula,Full Bernoulli event probability uses selected probabilities and non-selected complement probabilities.
46,4,3,load_loss_threshold,bernoulli_full_event,0,0,0,NaN,NaN,1,terminal_stage_probability_one,1,0,,"","",,Terminal recording stage excluded from Bernoulli complement product.
46,5,1,continue,bernoulli_full_event,45,4,41,0.485213802972838,0.939688679725927,0.455949917900342,full_event_available,0,1,,"8,14,19,23","0.25329,0.2328,0.30266,0.075239",paper_formula,Full Bernoulli event probability uses selected probabilities and non-selected complement probabilities.
46,5,2,continue,bernoulli_full_event,41,8,33,0.228917140767588,0.951001235947393,0.21770048379952,full_event_available,0,1,,"1,2,3,6,13,18,27,40","0.47477,0.72059,0.90077,0.15566,0.75851,0.23144,0.66585,0.95972",paper_formula,Full Bernoulli event probability uses selected probabilities and non-selected complement probabilities.
46,5,3,load_loss_threshold,bernoulli_full_event,0,0,0,NaN,NaN,1,terminal_stage_probability_one,1,0,,"","",,Terminal recording stage excluded from Bernoulli complement product.
46,6,1,continue,bernoulli_full_event,45,3,42,0.788891397673408,0.361725833071716,0.285362398026524,full_event_available,0,1,,"8,14,23","0.79401,0.32825,0.073329",paper_formula,Full Bernoulli event probability uses selected probabilities and non-selected complement probabilities.
46,6,2,continue,bernoulli_full_event,42,7,35,0.771834186524185,0.667752727149517,0.515394382958754,full_event_available,0,1,,"1,2,3,13,18,27,40","0.24803,0.1502,0.2307,0.739,0.061722,0.39494,0.86041",paper_formula,Full Bernoulli event probability uses selected probabilities and non-selected complement probabilities.
46,6,3,load_loss_threshold,bernoulli_full_event,0,0,0,NaN,NaN,1,terminal_stage_probability_one,1,0,,"","",,Terminal recording stage excluded from Bernoulli complement product.
46,7,1,continue,bernoulli_full_event,45,4,41,0.485213802972838,0.939688679725927,0.455949917900342,full_event_available,0,1,,"8,14,19,23","0.31758,0.55192,0.25716,0.27568",paper_formula,Full Bernoulli event probability uses selected probabilities and non-selected complement probabilities.
46,7,2,continue,bernoulli_full_event,41,8,33,0.228917140767588,0.951001235947393,0.21770048379952,full_event_available,0,1,,"1,2,3,6,13,18,27,40","0.87963,0.094357,0.043891,0.031618,0.57144,0.8271,0.70753,0.65532",paper_formula,Full Bernoulli event probability uses selected probabilities and non-selected complement probabilities.
46,7,3,load_loss_threshold,bernoulli_full_event,0,0,0,NaN,NaN,1,terminal_stage_probability_one,1,0,,"","",,Terminal recording stage excluded from Bernoulli complement product.
46,8,1,continue,bernoulli_full_event,45,4,41,0.485213802972838,0.939688679725927,0.455949917900342,full_event_available,0,1,,"8,14,19,23","0.71147,0.44406,0.33715,0.28692",paper_formula,Full Bernoulli event probability uses selected probabilities and non-selected complement probabilities.
46,8,2,continue,bernoulli_full_event,41,8,33,0.228917140767588,0.951001235947393,0.21770048379952,full_event_available,0,1,,"1,2,3,6,13,18,27,40","0.35563,0.067159,0.50746,0.20776,0.67376,0.69069,0.26919,0.74462",paper_formula,Full Bernoulli event probability uses selected probabilities and non-selected complement probabilities.
46,8,3,load_loss_threshold,bernoulli_full_event,0,0,0,NaN,NaN,1,terminal_stage_probability_one,1,0,,"","",,Terminal recording stage excluded from Bernoulli complement product.
46,9,1,continue,bernoulli_full_event,45,3,42,0.788891397673408,0.361725833071716,0.285362398026524,full_event_available,0,1,,"8,14,23","0.88948,0.023177,0.24176",paper_formula,Full Bernoulli event probability uses selected probabilities and non-selected complement probabilities.
46,9,2,continue,bernoulli_full_event,42,8,34,0.228917140767588,0.94930595196272,0.217312404236959,full_event_available,0,1,,"1,2,3,6,13,18,27,40","0.35664,0.96471,0.43675,0.082077,0.80328,0.19826,0.1311,0.40908",paper_formula,Full Bernoulli event probability uses selected probabilities and non-selected complement probabilities.
46,9,3,load_loss_threshold,bernoulli_full_event,0,0,0,NaN,NaN,1,terminal_stage_probability_one,1,0,,"","",,Terminal recording stage excluded from Bernoulli complement product.
46,10,1,continue,bernoulli_full_event,45,3,42,0.614893568872554,0.19817837455823,0.121858608005471,full_event_available,0,1,,"8,14,19","0.2187,0.31189,0.21673",paper_formula,Full Bernoulli event probability uses selected probabilities and non-selected complement probabilities.
46,10,2,continue,bernoulli_full_event,42,4,38,1,0.943825854386262,0.943825854386262,full_event_available,0,1,,"1,3,18,40","0.80223,0.93511,0.38187,0.035764",paper_formula,Full Bernoulli event probability uses selected probabilities and non-selected complement probabilities.
46,10,3,load_loss_threshold,bernoulli_full_event,0,0,0,NaN,NaN,1,terminal_stage_probability_one,1,0,,"","",,Terminal recording stage excluded from Bernoulli complement product.
46,11,1,continue,bernoulli_full_event,45,4,41,0.485213802972838,0.939688679725927,0.455949917900342,full_event_available,0,1,,"8,14,19,23","0.67421,0.99923,0.22243,0.34183",paper_formula,Full Bernoulli event probability uses selected probabilities and non-selected complement probabilities.
46,11,2,continue,bernoulli_full_event,41,7,34,0.771834186524185,0.668945209406389,0.516314781531431,full_event_available,0,1,,"1,2,3,13,18,27,40","0.57543,0.055097,0.28349,0.25178,0.23104,0.17947,0.17406",paper_formula,Full Bernoulli event probability uses selected probabilities and non-selected complement probabilities.
46,11,3,load_loss_threshold,bernoulli_full_event,0,0,0,NaN,NaN,1,terminal_stage_probability_one,1,0,,"","",,Terminal recording stage excluded from Bernoulli complement product.
46,12,1,continue,bernoulli_full_event,45,3,42,0.788891397673408,0.361725833071716,0.285362398026524,full_event_available,0,1,,"8,14,23","0.60334,0.71552,0.22662",paper_formula,Full Bernoulli event probability uses selected probabilities and non-selected complement probabilities.
46,12,2,continue,bernoulli_full_event,42,8,34,0.228917140767588,0.94930595196272,0.217312404236959,full_event_available,0,1,,"1,2,3,6,13,18,27,40","0.53645,0.70274,0.47933,0.1723,0.6078,0.85192,0.68489,0.13445",paper_formula,Full Bernoulli event probability uses selected probabilities and non-selected complement probabilities.
46,12,3,load_loss_threshold,bernoulli_full_event,0,0,0,NaN,NaN,1,terminal_stage_probability_one,1,0,,"","",,Terminal recording stage excluded from Bernoulli complement product.
46,13,1,continue,bernoulli_full_event,45,3,42,0.614893568872554,0.19817837455823,0.121858608005471,full_event_available,0,1,,"8,14,19","0.63628,0.32719,0.033502",paper_formula,Full Bernoulli event probability uses selected probabilities and non-selected complement probabilities.
46,13,2,continue,bernoulli_full_event,42,4,38,1,0.943825854386262,0.943825854386262,full_event_available,0,1,,"1,3,18,40","0.63391,0.065503,0.3302,0.99828",paper_formula,Full Bernoulli event probability uses selected probabilities and non-selected complement probabilities.
46,13,3,load_loss_threshold,bernoulli_full_event,0,0,0,NaN,NaN,1,terminal_stage_probability_one,1,0,,"","",,Terminal recording stage excluded from Bernoulli complement product.
46,14,1,continue,bernoulli_full_event,45,4,41,0.485213802972838,0.939688679725927,0.455949917900342,full_event_available,0,1,,"8,14,19,23","0.36398,0.34567,0.12231,0.35267",paper_formula,Full Bernoulli event probability uses selected probabilities and non-selected complement probabilities.
46,14,2,continue,bernoulli_full_event,41,9,32,0.000389341037551705,0.952621449367178,0.000370894623490627,full_event_available,0,1,,"1,2,3,6,13,18,27,40,42","0.42895,0.63892,0.05366,0.23901,0.34305,0.23965,0.76902,0.39168,0.00067694",paper_formula,Full Bernoulli event probability uses selected probabilities and non-selected complement probabilities.
46,14,3,load_loss_threshold,bernoulli_full_event,0,0,0,NaN,NaN,1,terminal_stage_probability_one,1,0,,"","",,Terminal recording stage excluded from Bernoulli complement product.
46,15,1,continue,bernoulli_full_event,45,4,41,0.485213802972838,0.939688679725927,0.455949917900342,full_event_available,0,1,,"8,14,19,23","0.6639,0.77318,0.25686,0.27345",paper_formula,Full Bernoulli event probability uses selected probabilities and non-selected complement probabilities.
46,15,2,continue,bernoulli_full_event,41,7,34,0.771834186524185,0.668945209406389,0.516314781531431,full_event_available,0,1,,"1,2,3,13,18,27,40","0.49315,0.91486,0.56148,0.9891,0.57833,0.1851,0.82279",paper_formula,Full Bernoulli event probability uses selected probabilities and non-selected complement probabilities.
46,15,3,load_loss_threshold,bernoulli_full_event,0,0,0,NaN,NaN,1,terminal_stage_probability_one,1,0,,"","",,Terminal recording stage excluded from Bernoulli complement product.
46,16,1,continue,bernoulli_full_event,45,2,43,0.999732991922767,0.0762872206301159,0.076266851326018,full_event_available,0,1,,"8,14","0.42634,0.46005",paper_formula,Full Bernoulli event probability uses selected probabilities and non-selected complement probabilities.
46,16,2,continue,bernoulli_full_event,43,2,41,0.559489341631397,0.39478523799643,0.220878132892417,full_event_available,0,1,,"1,3","0.20378,0.0098116",paper_formula,Full Bernoulli event probability uses selected probabilities and non-selected complement probabilities.
46,16,3,continue,bernoulli_full_event,41,9,32,0.868911897846887,0.766796681881222,0.666278760116109,full_event_available,0,1,,"9,13,16,17,19,20,23,27,40","0.36101,0.63414,0.15018,0.68447,0.28617,0.58006,0.70896,0.41423,0.57156",paper_formula,Full Bernoulli event probability uses selected probabilities and non-selected complement probabilities.
46,16,4,load_loss_threshold,bernoulli_full_event,0,0,0,NaN,NaN,1,terminal_stage_probability_one,1,0,,"","",,Terminal recording stage excluded from Bernoulli complement product.
46,17,1,continue,bernoulli_full_event,45,4,41,0.485213802972838,0.939688679725927,0.455949917900342,full_event_available,0,1,,"8,14,19,23","0.31148,0.074337,0.48197,0.2338",paper_formula,Full Bernoulli event probability uses selected probabilities and non-selected complement probabilities.
46,17,2,continue,bernoulli_full_event,41,7,34,0.771834186524185,0.668945209406389,0.516314781531431,full_event_available,0,1,,"1,2,3,13,18,27,40","0.97193,0.93968,0.091381,0.38013,0.14428,0.43064,0.023054",paper_formula,Full Bernoulli event probability uses selected probabilities and non-selected complement probabilities.
46,17,3,load_loss_threshold,bernoulli_full_event,0,0,0,NaN,NaN,1,terminal_stage_probability_one,1,0,,"","",,Terminal recording stage excluded from Bernoulli complement product.
46,18,1,continue,bernoulli_full_event,45,4,41,0.485213802972838,0.939688679725927,0.455949917900342,full_event_available,0,1,,"8,14,19,23","0.68192,0.76453,0.59528,0.10628",paper_formula,Full Bernoulli event probability uses selected probabilities and non-selected complement probabilities.
46,18,2,continue,bernoulli_full_event,41,7,34,0.771834186524185,0.668945209406389,0.516314781531431,full_event_available,0,1,,"1,2,3,13,18,27,40","0.70981,0.73281,0.25446,0.4327,0.91366,0.6937,0.53195",paper_formula,Full Bernoulli event probability uses selected probabilities and non-selected complement probabilities.
46,18,3,load_loss_threshold,bernoulli_full_event,0,0,0,NaN,NaN,1,terminal_stage_probability_one,1,0,,"","",,Terminal recording stage excluded from Bernoulli complement product.
46,19,1,continue,bernoulli_full_event,45,4,41,0.00104396667016796,0.198515414147478,0.000207243475884557,full_event_available,0,1,,"8,14,19,29","0.3632,0.47927,0.11721,9.0031e-05",paper_formula,Full Bernoulli event probability uses selected probabilities and non-selected complement probabilities.
46,19,2,continue,bernoulli_full_event,41,4,37,1,0.701802200253755,0.701802200253755,full_event_available,0,1,,"1,3,18,40","0.52656,0.084781,0.93648,0.69945",paper_formula,Full Bernoulli event probability uses selected probabilities and non-selected complement probabilities.
46,19,3,load_loss_threshold,bernoulli_full_event,0,0,0,NaN,NaN,1,terminal_stage_probability_one,1,0,,"","",,Terminal recording stage excluded from Bernoulli complement product.
46,20,1,continue,bernoulli_full_event,45,3,42,0.614893568872554,0.19817837455823,0.121858608005471,full_event_available,0,1,,"8,14,19","0.083038,0.78848,0.38181",paper_formula,Full Bernoulli event probability uses selected probabilities and non-selected complement probabilities.
46,20,2,continue,bernoulli_full_event,42,5,37,0.001599996502,0.94533839250748,0.00151253812121827,full_event_available,0,1,,"1,3,18,37,40","0.83875,0.99772,0.37939,0.00067356,0.42542",paper_formula,Full Bernoulli event probability uses selected probabilities and non-selected complement probabilities.
46,20,3,load_loss_threshold,bernoulli_full_event,0,0,0,NaN,NaN,1,terminal_stage_probability_one,1,0,,"","",,Terminal recording stage excluded from Bernoulli complement product.
46,21,1,continue,bernoulli_full_event,45,4,41,0.485213802972838,0.939688679725927,0.455949917900342,full_event_available,0,1,,"8,14,19,23","0.080454,0.15504,0.052371,0.40002",paper_formula,Full Bernoulli event probability uses selected probabilities and non-selected complement probabilities.
46,21,2,continue,bernoulli_full_event,41,7,34,0.771834186524185,0.668945209406389,0.516314781531431,full_event_available,0,1,,"1,2,3,13,18,27,40","0.12788,0.40381,0.55435,0.65127,0.4089,0.42359,0.92422",paper_formula,Full Bernoulli event probability uses selected probabilities and non-selected complement probabilities.
46,21,3,load_loss_threshold,bernoulli_full_event,0,0,0,NaN,NaN,1,terminal_stage_probability_one,1,0,,"","",,Terminal recording stage excluded from Bernoulli complement product.
46,22,1,continue,bernoulli_full_event,45,3,42,0.788891397673408,0.361725833071716,0.285362398026524,full_event_available,0,1,,"8,14,23","0.70769,0.038283,0.31075",paper_formula,Full Bernoulli event probability uses selected probabilities and non-selected complement probabilities.
46,22,2,continue,bernoulli_full_event,42,6,36,1,0.152358344190763,0.152358344190763,full_event_available,0,1,,"1,2,3,13,18,40","0.9296,0.90476,0.38448,0.46696,0.052174,0.95043",paper_formula,Full Bernoulli event probability uses selected probabilities and non-selected complement probabilities.
46,22,3,load_loss_threshold,bernoulli_full_event,0,0,0,NaN,NaN,1,terminal_stage_probability_one,1,0,,"","",,Terminal recording stage excluded from Bernoulli complement product.
46,23,1,continue,bernoulli_full_event,45,4,41,0.485213802972838,0.939688679725927,0.455949917900342,full_event_available,0,1,,"8,14,19,23","0.90927,0.88095,0.60109,0.67255",paper_formula,Full Bernoulli event probability uses selected probabilities and non-selected complement probabilities.
46,23,2,continue,bernoulli_full_event,41,7,34,0.771834186524185,0.668945209406389,0.516314781531431,full_event_available,0,1,,"1,2,3,13,18,27,40","0.96086,0.3815,0.49152,0.74227,0.67162,0.29557,0.84749",paper_formula,Full Bernoulli event probability uses selected probabilities and non-selected complement probabilities.
46,23,3,load_loss_threshold,bernoulli_full_event,0,0,0,NaN,NaN,1,terminal_stage_probability_one,1,0,,"","",,Terminal recording stage excluded from Bernoulli complement product.
46,24,1,continue,bernoulli_full_event,45,4,41,0.485213802972838,0.939688679725927,0.455949917900342,full_event_available,0,1,,"8,14,19,23","0.37402,0.41406,0.39916,0.57618",paper_formula,Full Bernoulli event probability uses selected probabilities and non-selected complement probabilities.
46,24,2,continue,bernoulli_full_event,41,7,34,0.771834186524185,0.668945209406389,0.516314781531431,full_event_available,0,1,,"1,2,3,13,18,27,40","0.40572,0.19798,0.99486,0.87212,0.6157,0.49577,0.55683",paper_formula,Full Bernoulli event probability uses selected probabilities and non-selected complement probabilities.
46,24,3,load_loss_threshold,bernoulli_full_event,0,0,0,NaN,NaN,1,terminal_stage_probability_one,1,0,,"","",,Terminal recording stage excluded from Bernoulli complement product.
46,25,1,continue,bernoulli_full_event,45,4,41,0.485213802972838,0.939688679725927,0.455949917900342,full_event_available,0,1,,"8,14,19,23","0.87075,0.97746,0.45222,0.14399",paper_formula,Full Bernoulli event probability uses selected probabilities and non-selected complement probabilities.
46,25,2,continue,bernoulli_full_event,41,8,33,0.00113864558731455,0.669933526414062,0.000762816853645445,full_event_available,0,1,,"1,2,3,13,18,24,27,40","0.68318,0.47375,0.22602,0.80747,0.28107,0.001247,0.12956,0.80105",paper_formula,Full Bernoulli event probability uses selected probabilities and non-selected complement probabilities.
46,25,3,load_loss_threshold,bernoulli_full_event,0,0,0,NaN,NaN,1,terminal_stage_probability_one,1,0,,"","",,Terminal recording stage excluded from Bernoulli complement product.
46,26,1,continue,bernoulli_full_event,45,3,42,0.788891397673408,0.361725833071716,0.285362398026524,full_event_available,0,1,,"8,14,23","0.92857,0.094392,0.22369",paper_formula,Full Bernoulli event probability uses selected probabilities and non-selected complement probabilities.
46,26,2,continue,bernoulli_full_event,42,6,36,1,0.152358344190763,0.152358344190763,full_event_available,0,1,,"1,2,3,13,18,40","0.12228,0.75413,0.10954,0.13614,0.32723,0.75772",paper_formula,Full Bernoulli event probability uses selected probabilities and non-selected complement probabilities.
46,26,3,load_loss_threshold,bernoulli_full_event,0,0,0,NaN,NaN,1,terminal_stage_probability_one,1,0,,"","",,Terminal recording stage excluded from Bernoulli complement product.
46,27,1,continue,bernoulli_full_event,45,4,41,0.485213802972838,0.939688679725927,0.455949917900342,full_event_available,0,1,,"8,14,19,23","0.99951,0.011834,0.42847,0.70334",paper_formula,Full Bernoulli event probability uses selected probabilities and non-selected complement probabilities.
46,27,2,continue,bernoulli_full_event,41,7,34,0.771834186524185,0.668945209406389,0.516314781531431,full_event_available,0,1,,"1,2,3,13,18,27,40","0.21193,0.18017,0.15752,0.7728,0.70233,0.20623,0.48408",paper_formula,Full Bernoulli event probability uses selected probabilities and non-selected complement probabilities.
46,27,3,load_loss_threshold,bernoulli_full_event,0,0,0,NaN,NaN,1,terminal_stage_probability_one,1,0,,"","",,Terminal recording stage excluded from Bernoulli complement product.
46,28,1,continue,bernoulli_full_event,45,4,41,0.485213802972838,0.939688679725927,0.455949917900342,full_event_available,0,1,,"8,14,19,23","0.22652,0.065601,0.14154,0.25291",paper_formula,Full Bernoulli event probability uses selected probabilities and non-selected complement probabilities.
46,28,2,continue,bernoulli_full_event,41,7,34,0.771834186524185,0.668945209406389,0.516314781531431,full_event_available,0,1,,"1,2,3,13,18,27,40","0.12589,0.69187,0.77273,0.45364,0.25287,0.08532,0.43265",paper_formula,Full Bernoulli event probability uses selected probabilities and non-selected complement probabilities.
46,28,3,load_loss_threshold,bernoulli_full_event,0,0,0,NaN,NaN,1,terminal_stage_probability_one,1,0,,"","",,Terminal recording stage excluded from Bernoulli complement product.
46,29,1,continue,bernoulli_full_event,45,4,41,0.485213802972838,0.939688679725927,0.455949917900342,full_event_available,0,1,,"8,14,19,23","0.16168,0.77202,0.023337,0.74073",paper_formula,Full Bernoulli event probability uses selected probabilities and non-selected complement probabilities.
46,29,2,continue,bernoulli_full_event,41,7,34,0.771834186524185,0.668945209406389,0.516314781531431,full_event_available,0,1,,"1,2,3,13,18,27,40","0.39145,0.6728,0.64562,0.24237,0.074938,0.65045,0.70697",paper_formula,Full Bernoulli event probability uses selected probabilities and non-selected complement probabilities.
46,29,3,load_loss_threshold,bernoulli_full_event,0,0,0,NaN,NaN,1,terminal_stage_probability_one,1,0,,"","",,Terminal recording stage excluded from Bernoulli complement product.
46,30,1,continue,bernoulli_full_event,45,2,43,0.999732991922767,0.0762872206301159,0.076266851326018,full_event_available,0,1,,"8,14","0.93209,0.77829",paper_formula,Full Bernoulli event probability uses selected probabilities and non-selected complement probabilities.
46,30,2,continue,bernoulli_full_event,43,2,41,0.580416659848241,0.414475715458847,0.240568610354834,full_event_available,0,1,,"3,40","0.90151,0.54372",paper_formula,Full Bernoulli event probability uses selected probabilities and non-selected complement probabilities.
46,30,3,continue,bernoulli_full_event,41,7,34,1,0.849191979568907,0.849191979568907,full_event_available,0,1,,"1,9,19,23,26,27,31","0.52442,0.085147,0.86329,0.47226,0.67474,0.47969,0.22887",paper_formula,Full Bernoulli event probability uses selected probabilities and non-selected complement probabilities.
46,30,4,load_loss_threshold,bernoulli_full_event,12,0,12,NaN,NaN,1,terminal_stage_probability_one,1,0,,"","",,Terminal recording stage excluded from Bernoulli complement product.
