sigma,SLLR,SLFOR,SNVOR,CRI
0.9,0.203523078627835,0.364662174328668,0,0.195046282042434
0.95,0.442609627774315,0.735107360375287,0.0792364306543307,0.428434534870512
0.98,0.649243198910537,0.911669574481578,0.154793512908789,0.602838536824396
