sigma,SLLR,SLFOR,SNVOR,CRI,result_status
0.9,0.000726945846106064,0.00111100085041229,5.42952466100076e-07,0.000658476268239316,valid
0.95,0.00164237169778045,0.00598768871018701,5.04957331221572e-05,0.0021930599073301,valid
0.98,0.0035638238266853,0.0121062494976976,0.000241518381161536,0.004607847871783,valid
