sigma,SLLR,SLFOR,SNVOR,CRI
0.9,0.198387484430136,0.364662174328668,0,0.191964925523815
0.95,0.400823407490646,0.735107360375287,0.0792364306543307,0.403362802700311
0.98,0.649243198910537,0.911669574481578,0.135487874178909,0.59897740907842
