sigma,SLLR,SLFOR,SNVOR,CRI
0.9,0.364460691518307,0.643814404699253,0.0633431463076189,0.360107925112358
0.95,0.58332715496931,0.762462470563625,0.161617799073581,0.534812346909027
0.98,0.700291678973129,0.867118928113228,0.205656818518503,0.634730156710224
