sigma,SLLR,SLFOR,SNVOR,CRI,result_status
0.9,0.00202603109268081,0.00683488155750016,0.000713694143785462,0.00272533379586561,valid
0.95,0.00748623938630328,0.0111164404112904,0.0029759688382265,0.00731022548168534,valid
0.98,0.009574850333706,0.0323622280946232,0.0099230350409903,0.0142019628273463,valid
