sigma,SLLR,SLFOR,SNVOR,CRI
0.9,0.693316363485193,1.04145599798072,0.199992902465965,0.664279598180453
0.95,0.723984727136674,1.30858753201277,0.212404606639498,0.738589264012458
0.98,0.764491392225742,1.68106948916829,0.232261360156074,0.841361005200318
