sigma,SLLR,SLFOR,SNVOR,CRI,result_status
0.9,0.00383537963449117,0.0157712023679271,0.000621869963893166,0.00557984224705876,valid
0.95,0.00942358678662198,0.022648316406329,0.00311871780449776,0.0108075589141385,valid
0.98,0.0104523519917641,0.0446429431943294,0.00867707395929976,0.0169354146257843,valid
