sigma,SLLR,SLFOR,SNVOR,CRI
0.9,0.743473481147959,1.66276021781274,0.199992902465965,0.818634712744516
0.95,0.771719380323397,1.76354278644758,0.24625201834754,0.864990589153062
0.98,0.792765856068613,1.77117010194644,0.262103443408279,0.882314222712112
