sigma,SLLR,SLFOR,SNVOR,CRI
0.9,0.731930949133626,1.67091795948095,0.199992902465965,0.813340741869559
0.95,0.771719380323397,1.76354278644758,0.24625201834754,0.864990589153062
0.98,0.817480329313121,1.77117010194644,0.261166632893607,0.896955544555882
