sigma,basic_SLLR,paper_SLLR,delta_SLLR,basic_SLFOR,paper_SLFOR,delta_SLFOR,basic_SNVOR,paper_SNVOR,delta_SNVOR,basic_CRI,paper_CRI,delta_CRI
0.9,0.58620805438879,NaN,NaN,1.63855455174958,NaN,NaN,0.103595623179523,NaN,NaN,0.700154867619095,NaN,NaN
0.95,0.654777646488856,NaN,NaN,1.63855455174958,NaN,NaN,0.126385761417968,NaN,NaN,0.745854650526823,NaN,NaN
0.98,0.754977990895762,NaN,NaN,1.71943006695955,NaN,NaN,0.205594221639599,NaN,NaN,0.837991652257287,NaN,NaN
