sigma,basic_SLLR,paper_SLLR,delta_SLLR,basic_SLFOR,paper_SLFOR,delta_SLFOR,basic_SNVOR,paper_SNVOR,delta_SNVOR,basic_CRI,paper_CRI,delta_CRI
0.9,0.587274532596339,NaN,NaN,1.63855455174958,NaN,NaN,0.0965206303133508,NaN,NaN,0.69937975597039,NaN,NaN
0.95,0.654777646488856,NaN,NaN,1.63996171306118,NaN,NaN,0.105035314205118,NaN,NaN,0.741865993346573,NaN,NaN
0.98,0.754977990895762,NaN,NaN,1.71943006695955,NaN,NaN,0.205594221639599,NaN,NaN,0.837991652257287,NaN,NaN
