sigma,SLLR,SLFOR,SNVOR,CRI
0.9,0.587274532596339,1.63855455174958,0.0965206303133508,0.69937975597039
0.95,0.654777646488856,1.63996171306118,0.115806677461998,0.744020265997949
0.98,0.754977990895762,1.71943006695955,0.205594221639599,0.837991652257287
