sigma,SLLR,SLFOR,SNVOR,CRI
0.9,0.58620805438879,1.63855455174958,0.103595623179523,0.700154867619095
0.95,0.654777646488856,1.63855455174958,0.126385761417968,0.745854650526823
0.98,0.754977990895762,1.71943006695955,0.205594221639599,0.837991652257287
