sigma,SLLR,SLFOR,SNVOR,CRI
0.9,0.58620805438879,1.63855455174958,0.101000467858298,0.69963583655485
0.95,0.654777646488856,1.64923185662698,0.134302448843132,0.749573448987336
0.98,0.754977990895762,1.71943006695955,0.205594221639599,0.837991652257287
