sigma,uniform_SLLR,weighted_SLLR,delta_SLLR,uniform_SLFOR,weighted_SLFOR,delta_SLFOR,uniform_SNVOR,weighted_SNVOR,delta_SNVOR,uniform_CRI,weighted_CRI,delta_CRI
0.9,0.58620805438879,0.58620805438879,0,1.63855455174958,1.63855455174958,0,0.103595623179523,0.101000467858298,-0.00259515532122501,0.700154867619095,0.69963583655485,-0.000519031064245001
0.95,0.654777646488856,0.654777646488856,0,1.63855455174958,1.64923185662698,0.0106773048773998,0.126385761417968,0.134302448843132,0.00791668742516399,0.745854650526823,0.749573448987336,0.00371879846051304
0.98,0.754977990895762,0.754977990895762,0,1.71943006695955,1.71943006695955,0,0.205594221639599,0.205594221639599,0,0.837991652257287,0.837991652257287,0
