sigma,uniform_SLLR,weighted_SLLR,delta_SLLR,uniform_SLFOR,weighted_SLFOR,delta_SLFOR,uniform_SNVOR,weighted_SNVOR,delta_SNVOR,uniform_CRI,weighted_CRI,delta_CRI
0.9,0.587274532596339,0.587274532596339,0,1.63855455174958,1.63855455174958,0,0.0965206303133508,0.0965206303133508,0,0.69937975597039,0.69937975597039,0
0.95,0.654777646488856,0.654777646488856,0,1.63996171306118,1.63996171306118,0,0.105035314205118,0.115806677461998,0.01077136325688,0.741865993346573,0.744020265997949,0.00215427265137602
0.98,0.754977990895762,0.754977990895762,0,1.71943006695955,1.71943006695955,0,0.205594221639599,0.205594221639599,0,0.837991652257287,0.837991652257287,0
