sigma,SLLR,SLFOR,SNVOR,CRI,result_status
0.9,0.00127116000997795,0.00226274822764399,8.01315102633355e-06,0.00121684828172084,valid
0.95,0.0032746518948711,0.00839879350431067,0.000219224021682914,0.00368839464212138,valid
0.98,0.00446329449078511,0.0279425846498897,0.00203927281043715,0.00867434818653643,valid
