sigma,SLLR,SLFOR,SNVOR,CRI
0.9,0.349877782055538,0.47984219604908,0.0142327998214217,0.308741668407423
0.95,0.551245586388992,0.876581673733333,0.11232180216531,0.528528047013123
0.98,0.674007511928754,1.8868384590776,0.151788756485224,0.812129950269817
