sigma,SLLR,SLFOR,SNVOR,CRI
0.9,0.238208209984162,0.379083559426226,0.00200094728759503,0.219141827333261
0.95,0.464311626033139,0.751568114441298,0.0814633066605145,0.445193259840246
0.98,0.652112560461646,1.15683234708069,0.151788756485224,0.65299175699017
