sigma,SLLR,SLFOR,SNVOR,CRI
0.9,0.396914248436658,0.81134519086214,0.0818839693271938,0.416794381099862
0.95,0.563111526119123,1.12264928439579,0.132135809742217,0.588823934499075
0.98,0.716291809703193,1.81409158048572,0.210062387163303,0.83460587935172
