sigma,SLLR,SLFOR,SNVOR,CRI
0.9,0.396914248436658,0.82686646022114,0.0818839693271938,0.419898634971662
0.95,0.577839973905661,1.16591513389415,0.135219117274329,0.606930834577092
0.98,0.730262478354649,1.90728194737764,0.22298091197298,0.864210058882913
