sigma,SLLR,SLFOR,SNVOR,CRI,result_status
0.9,0.00128915772981487,0.0059677304636483,0.000124486013160492,0.00199193793325068,valid
0.95,0.00384868060455696,0.0170313587790994,0.00124761820807161,0.00596500376016837,valid
0.98,0.00748623938630328,0.0363785216166393,0.00221207857122043,0.0122098636693539,valid
