sigma,SLLR,SLFOR,SNVOR,CRI
0.9,0.66014201588365,1.11199893723391,0.177556414949618,0.653996279966895
0.95,0.700291642616277,1.57783875706308,0.212404606639498,0.778223658310282
0.98,0.748790818374124,1.65592435928679,0.244456059502701,0.829350574782373
