sigma,SLLR,SLFOR,SNVOR,CRI
0.9,0.684492255641382,1.11199893723392,0.199992902465965,0.673093721324806
0.95,0.700291642616277,1.65109482278801,0.212404606639498,0.792874871455268
0.98,0.748790818374124,1.65592435928679,0.244456059502701,0.829350574782373
