initial_branch,trial_id,chain_depth,terminated_reason,total_load_shed_mw,total_load_shed_frac,max_line_loading_pu,max_voltage_deviation_pu,num_total_outaged_branches,final_converged,basic_LLR,basic_LFOR,basic_NVOR,basic_CRI,chain_transition_probability,chain_probability_status,stage_probability_mode,valid_stage_probability_count,missing_stage_probability_count,initial_line_probability,total_chain_probability_actual,total_chain_probability_display
1,1,5,max_depth_reached,3689.155,0.589865578976149,1.87767027612318,0.134496602472798,8,1,0.589865578976149,4.85829063793178,0.672483012363989,1.46007407744484,0.0340514203282641,full_event_available,bernoulli_full_event,5,0,0.000438,1.49145221037797e-05,0.149145221037797
1,2,1,no_new_outage,0,0,0.940761541270665,0,1,1,0,0,0,0,0.553723780231575,full_event_available,bernoulli_full_event,1,0,0.000438,0.00024253101574143,2.4253101574143
1,3,1,no_new_outage,0,0,0.940761541270665,0,1,1,0,0,0,0,0.553723780231575,full_event_available,bernoulli_full_event,1,0,0.000438,0.00024253101574143,2.4253101574143
1,4,5,max_depth_reached,4095.13,0.654777646488856,1.87767027612318,0.00101281845130519,9,1,0.654777646488856,0,0,0.392866587893314,0.0226220386804725,full_event_available,bernoulli_full_event,5,0,0.000438,9.90845294204697e-06,0.0990845294204697
1,5,1,no_new_outage,0,0,0.940761541270665,0,1,1,0,0,0,0,0.553723780231575,full_event_available,bernoulli_full_event,1,0,0.000438,0.00024253101574143,2.4253101574143
1,6,1,no_new_outage,0,0,0.940761541270665,0,1,1,0,0,0,0,0.553723780231575,full_event_available,bernoulli_full_event,1,0,0.000438,0.00024253101574143,2.4253101574143
1,7,1,no_new_outage,0,0,0.940761541270665,0,1,1,0,0,0,0,0.553723780231575,full_event_available,bernoulli_full_event,1,0,0.000438,0.00024253101574143,2.4253101574143
1,8,1,no_new_outage,0,0,0.940761541270665,0,1,1,0,0,0,0,0.553723780231575,full_event_available,bernoulli_full_event,1,0,0.000438,0.00024253101574143,2.4253101574143
1,9,1,no_new_outage,0,0,0.940761541270665,0,1,1,0,0,0,0,0.553723780231575,full_event_available,bernoulli_full_event,1,0,0.000438,0.00024253101574143,2.4253101574143
1,10,1,no_new_outage,0,0,0.940761541270665,0,1,1,0,0,0,0,0.553723780231575,full_event_available,bernoulli_full_event,1,0,0.000438,0.00024253101574143,2.4253101574143
1,11,3,no_new_outage,852.5,0.136307746916887,1.24605997942469,0,3,1,0.136307746916887,0,0,0.081784648150132,0.138181165525873,full_event_available,bernoulli_full_event,3,0,0.000438,6.05233505003322e-05,0.605233505003322
1,12,3,no_new_outage,852.5,0.136307746916887,1.24605997942469,0,4,1,0.136307746916887,0,0,0.081784648150132,0.0751388053750492,full_event_available,bernoulli_full_event,3,0,0.000438,3.29107967542715e-05,0.329107967542715
1,13,5,max_depth_reached,4432.0635,0.708650545310934,1.87752487109919,0.169308667416488,10,1,0.708650545310934,4.38762435549597,1.69308667416488,1.64133253311873,0.000261201353794223,full_event_available,bernoulli_full_event,5,0,0.000438,1.1440619296187e-07,0.0011440619296187
1,14,2,no_new_outage,0,0,0.940761541270665,0,2,1,0,0,0,0,0.000728486037702919,full_event_available,bernoulli_full_event,2,0,0.000438,3.19076884513878e-07,0.00319076884513878
1,15,3,no_new_outage,852.5,0.136307746916887,1.24605997942469,0,3,1,0.136307746916887,0,0,0.081784648150132,0.138181165525873,full_event_available,bernoulli_full_event,3,0,0.000438,6.05233505003322e-05,0.605233505003322
1,16,1,no_new_outage,0,0,0.940761541270665,0,1,1,0,0,0,0,0.553723780231575,full_event_available,bernoulli_full_event,1,0,0.000438,0.00024253101574143,2.4253101574143
1,17,5,max_depth_reached,4095.13,0.654777646488856,1.87767027612318,0.00101281845130519,10,1,0.654777646488856,0,0,0.392866587893314,0.0123011913753224,full_event_available,bernoulli_full_event,5,0,0.000438,5.38792182239121e-06,0.0538792182239121
1,18,1,no_new_outage,0,0,0.940761541270665,0,1,1,0,0,0,0,0.553723780231575,full_event_available,bernoulli_full_event,1,0,0.000438,0.00024253101574143,2.4253101574143
1,19,3,no_new_outage,852.5,0.136307746916887,1.24605997942469,0,3,1,0.136307746916887,0,0,0.081784648150132,0.138181165525873,full_event_available,bernoulli_full_event,3,0,0.000438,6.05233505003322e-05,0.605233505003322
1,20,1,no_new_outage,0,0,0.940761541270665,0,1,1,0,0,0,0,0.553723780231575,full_event_available,bernoulli_full_event,1,0,0.000438,0.00024253101574143,2.4253101574143
2,1,1,no_new_outage,0,0,0.785654242516885,0,1,1,0,0,0,0,0.934292092393927,full_event_available,bernoulli_full_event,1,0,0.000582,0.000543757997773265,5.43757997773265
2,2,1,no_new_outage,0,0,0.785654242516885,0,1,1,0,0,0,0,0.934292092393927,full_event_available,bernoulli_full_event,1,0,0.000582,0.000543757997773265,5.43757997773265
2,3,1,no_new_outage,0,0,0.785654242516885,0,1,1,0,0,0,0,0.934292092393927,full_event_available,bernoulli_full_event,1,0,0.000582,0.000543757997773265,5.43757997773265
2,4,1,no_new_outage,0,0,0.785654242516885,0,1,1,0,0,0,0,0.934292092393927,full_event_available,bernoulli_full_event,1,0,0.000582,0.000543757997773265,5.43757997773265
2,5,1,no_new_outage,0,0,0.785654242516885,0,1,1,0,0,0,0,0.934292092393927,full_event_available,bernoulli_full_event,1,0,0.000582,0.000543757997773265,5.43757997773265
2,6,1,no_new_outage,0,0,0.785654242516885,0,1,1,0,0,0,0,0.934292092393927,full_event_available,bernoulli_full_event,1,0,0.000582,0.000543757997773265,5.43757997773265
2,7,1,no_new_outage,0,0,0.785654242516885,0,1,1,0,0,0,0,0.934292092393927,full_event_available,bernoulli_full_event,1,0,0.000582,0.000543757997773265,5.43757997773265
2,8,4,load_loss_threshold,2321.05,0.371116828130721,2.34763181418811,0.135583750471019,11,1,0.371116828130721,2.7547982988852,0.406751251413058,0.854980006938084,0.000530558656270587,full_event_available,bernoulli_full_event,4,0,0.000582,3.08785137949482e-07,0.00308785137949482
2,9,1,no_new_outage,0,0,0.785654242516885,0,1,1,0,0,0,0,0.934292092393927,full_event_available,bernoulli_full_event,1,0,0.000582,0.000543757997773265,5.43757997773265
2,10,4,load_loss_threshold,4597.82,0.735153648011026,1.48799984108169,0,9,0,1,1,1,1,9.37535949461195e-07,full_event_available,bernoulli_full_event,4,0,0.000582,5.45645922586416e-10,5.45645922586416e-06
2,11,1,no_new_outage,0,0,0.785654242516885,0,1,1,0,0,0,0,0.934292092393927,full_event_available,bernoulli_full_event,1,0,0.000582,0.000543757997773265,5.43757997773265
2,12,1,no_new_outage,0,0,0.785654242516885,0,1,1,0,0,0,0,0.934292092393927,full_event_available,bernoulli_full_event,1,0,0.000582,0.000543757997773265,5.43757997773265
2,13,1,no_new_outage,0,0,0.785654242516885,0,1,1,0,0,0,0,0.934292092393927,full_event_available,bernoulli_full_event,1,0,0.000582,0.000543757997773265,5.43757997773265
2,14,1,no_new_outage,0,0,0.785654242516885,0,1,1,0,0,0,0,0.934292092393927,full_event_available,bernoulli_full_event,1,0,0.000582,0.000543757997773265,5.43757997773265
2,15,1,no_new_outage,0,0,0.785654242516885,0,1,1,0,0,0,0,0.934292092393927,full_event_available,bernoulli_full_event,1,0,0.000582,0.000543757997773265,5.43757997773265
2,16,1,no_new_outage,0,0,0.785654242516885,0,1,1,0,0,0,0,0.934292092393927,full_event_available,bernoulli_full_event,1,0,0.000582,0.000543757997773265,5.43757997773265
2,17,1,no_new_outage,0,0,0.785654242516885,0,1,1,0,0,0,0,0.934292092393927,full_event_available,bernoulli_full_event,1,0,0.000582,0.000543757997773265,5.43757997773265
2,18,1,no_new_outage,0,0,0.785654242516885,0,1,1,0,0,0,0,0.934292092393927,full_event_available,bernoulli_full_event,1,0,0.000582,0.000543757997773265,5.43757997773265
2,19,1,no_new_outage,0,0,0.785654242516885,0,1,1,0,0,0,0,0.934292092393927,full_event_available,bernoulli_full_event,1,0,0.000582,0.000543757997773265,5.43757997773265
2,20,1,no_new_outage,0,0,0.785654242516885,0,1,1,0,0,0,0,0.934292092393927,full_event_available,bernoulli_full_event,1,0,0.000582,0.000543757997773265,5.43757997773265
3,1,1,no_new_outage,0,0,0.786162063473916,0,1,1,0,0,0,0,0.934101596589296,full_event_available,bernoulli_full_event,1,0,0.000378,0.000353090403510754,3.53090403510754
3,2,1,no_new_outage,0,0,0.786162063473916,0,1,1,0,0,0,0,0.934101596589296,full_event_available,bernoulli_full_event,1,0,0.000378,0.000353090403510754,3.53090403510754
3,3,1,no_new_outage,0,0,0.786162063473916,0,1,1,0,0,0,0,0.934101596589296,full_event_available,bernoulli_full_event,1,0,0.000378,0.000353090403510754,3.53090403510754
3,4,1,no_new_outage,0,0,0.786162063473916,0,1,1,0,0,0,0,0.934101596589296,full_event_available,bernoulli_full_event,1,0,0.000378,0.000353090403510754,3.53090403510754
3,5,1,no_new_outage,0,0,0.786162063473916,0,1,1,0,0,0,0,0.934101596589296,full_event_available,bernoulli_full_event,1,0,0.000378,0.000353090403510754,3.53090403510754
3,6,1,no_new_outage,0,0,0.786162063473916,0,1,1,0,0,0,0,0.934101596589296,full_event_available,bernoulli_full_event,1,0,0.000378,0.000353090403510754,3.53090403510754
3,7,1,no_new_outage,0,0,0.786162063473916,0,1,1,0,0,0,0,0.934101596589296,full_event_available,bernoulli_full_event,1,0,0.000378,0.000353090403510754,3.53090403510754
3,8,1,no_new_outage,0,0,0.786162063473916,0,1,1,0,0,0,0,0.934101596589296,full_event_available,bernoulli_full_event,1,0,0.000378,0.000353090403510754,3.53090403510754
3,9,1,no_new_outage,0,0,0.786162063473916,0,1,1,0,0,0,0,0.934101596589296,full_event_available,bernoulli_full_event,1,0,0.000378,0.000353090403510754,3.53090403510754
3,10,1,no_new_outage,0,0,0.786162063473916,0,1,1,0,0,0,0,0.934101596589296,full_event_available,bernoulli_full_event,1,0,0.000378,0.000353090403510754,3.53090403510754
3,11,1,no_new_outage,0,0,0.786162063473916,0,1,1,0,0,0,0,0.934101596589296,full_event_available,bernoulli_full_event,1,0,0.000378,0.000353090403510754,3.53090403510754
3,12,1,no_new_outage,0,0,0.786162063473916,0,1,1,0,0,0,0,0.934101596589296,full_event_available,bernoulli_full_event,1,0,0.000378,0.000353090403510754,3.53090403510754
3,13,1,no_new_outage,0,0,0.786162063473916,0,1,1,0,0,0,0,0.934101596589296,full_event_available,bernoulli_full_event,1,0,0.000378,0.000353090403510754,3.53090403510754
3,14,1,no_new_outage,0,0,0.786162063473916,0,1,1,0,0,0,0,0.934101596589296,full_event_available,bernoulli_full_event,1,0,0.000378,0.000353090403510754,3.53090403510754
3,15,1,no_new_outage,0,0,0.786162063473916,0,1,1,0,0,0,0,0.934101596589296,full_event_available,bernoulli_full_event,1,0,0.000378,0.000353090403510754,3.53090403510754
3,16,1,no_new_outage,0,0,0.786162063473916,0,1,1,0,0,0,0,0.934101596589296,full_event_available,bernoulli_full_event,1,0,0.000378,0.000353090403510754,3.53090403510754
3,17,1,no_new_outage,0,0,0.786162063473916,0,1,1,0,0,0,0,0.934101596589296,full_event_available,bernoulli_full_event,1,0,0.000378,0.000353090403510754,3.53090403510754
3,18,1,no_new_outage,0,0,0.786162063473916,0,1,1,0,0,0,0,0.934101596589296,full_event_available,bernoulli_full_event,1,0,0.000378,0.000353090403510754,3.53090403510754
3,19,1,no_new_outage,0,0,0.786162063473916,0,1,1,0,0,0,0,0.934101596589296,full_event_available,bernoulli_full_event,1,0,0.000378,0.000353090403510754,3.53090403510754
3,20,1,no_new_outage,0,0,0.786162063473916,0,1,1,0,0,0,0,0.934101596589296,full_event_available,bernoulli_full_event,1,0,0.000378,0.000353090403510754,3.53090403510754
4,1,1,no_new_outage,0,0,0.841815582605276,0,1,1,0,0,0,0,0.934164152820412,full_event_available,bernoulli_full_event,1,0,0.000445,0.000415703048005083,4.15703048005083
4,2,1,no_new_outage,0,0,0.841815582605276,0,1,1,0,0,0,0,0.934164152820412,full_event_available,bernoulli_full_event,1,0,0.000445,0.000415703048005083,4.15703048005083
4,3,1,no_new_outage,0,0,0.841815582605276,0,1,1,0,0,0,0,0.934164152820412,full_event_available,bernoulli_full_event,1,0,0.000445,0.000415703048005083,4.15703048005083
4,4,2,no_new_outage,0,0,0.845113607334237,0,2,1,0,0,0,0,0.00144544264658676,full_event_available,bernoulli_full_event,2,0,0.000445,6.43221977731109e-07,0.00643221977731109
4,5,4,no_new_outage,0,0,0.887851844825052,0,4,1,0,0,0,0,3.0905131673283e-09,full_event_available,bernoulli_full_event,4,0,0.000445,1.37527835946109e-12,1.37527835946109e-08
4,6,1,no_new_outage,0,0,0.841815582605276,0,1,1,0,0,0,0,0.934164152820412,full_event_available,bernoulli_full_event,1,0,0.000445,0.000415703048005083,4.15703048005083
4,7,1,no_new_outage,0,0,0.841815582605276,0,1,1,0,0,0,0,0.934164152820412,full_event_available,bernoulli_full_event,1,0,0.000445,0.000415703048005083,4.15703048005083
4,8,1,no_new_outage,0,0,0.841815582605276,0,1,1,0,0,0,0,0.934164152820412,full_event_available,bernoulli_full_event,1,0,0.000445,0.000415703048005083,4.15703048005083
4,9,1,no_new_outage,0,0,0.841815582605276,0,1,1,0,0,0,0,0.934164152820412,full_event_available,bernoulli_full_event,1,0,0.000445,0.000415703048005083,4.15703048005083
4,10,1,no_new_outage,0,0,0.841815582605276,0,1,1,0,0,0,0,0.934164152820412,full_event_available,bernoulli_full_event,1,0,0.000445,0.000415703048005083,4.15703048005083
4,11,1,no_new_outage,0,0,0.841815582605276,0,1,1,0,0,0,0,0.934164152820412,full_event_available,bernoulli_full_event,1,0,0.000445,0.000415703048005083,4.15703048005083
4,12,1,no_new_outage,0,0,0.841815582605276,0,1,1,0,0,0,0,0.934164152820412,full_event_available,bernoulli_full_event,1,0,0.000445,0.000415703048005083,4.15703048005083
4,13,3,load_loss_threshold,2972.6,0.47529432080368,1.29983180423962,0.0077215726859442,4,1,0.47529432080368,0.299831804239615,0.0077215726859442,0.34668726786732,0.00105006940614273,full_event_available,bernoulli_full_event,3,0,0.000445,4.67280885733513e-07,0.00467280885733513
4,14,1,no_new_outage,0,0,0.841815582605276,0,1,1,0,0,0,0,0.934164152820412,full_event_available,bernoulli_full_event,1,0,0.000445,0.000415703048005083,4.15703048005083
4,15,1,no_new_outage,0,0,0.841815582605276,0,1,1,0,0,0,0,0.934164152820412,full_event_available,bernoulli_full_event,1,0,0.000445,0.000415703048005083,4.15703048005083
4,16,1,no_new_outage,0,0,0.841815582605276,0,1,1,0,0,0,0,0.934164152820412,full_event_available,bernoulli_full_event,1,0,0.000445,0.000415703048005083,4.15703048005083
4,17,1,no_new_outage,0,0,0.841815582605276,0,1,1,0,0,0,0,0.934164152820412,full_event_available,bernoulli_full_event,1,0,0.000445,0.000415703048005083,4.15703048005083
4,18,1,no_new_outage,0,0,0.841815582605276,0,1,1,0,0,0,0,0.934164152820412,full_event_available,bernoulli_full_event,1,0,0.000445,0.000415703048005083,4.15703048005083
4,19,1,no_new_outage,0,0,0.841815582605276,0,1,1,0,0,0,0,0.934164152820412,full_event_available,bernoulli_full_event,1,0,0.000445,0.000415703048005083,4.15703048005083
4,20,1,no_new_outage,0,0,0.841815582605276,0,1,1,0,0,0,0,0.934164152820412,full_event_available,bernoulli_full_event,1,0,0.000445,0.000415703048005083,4.15703048005083
5,1,3,load_loss_threshold,4002.15,0.639910908297264,1.50949759028265,0.0296464775800159,12,1,0.639910908297264,0.761157448652538,0.118585910320064,0.559895216772879,6.62139910081316e-07,full_event_available,bernoulli_full_event,3,0,0.000477,3.15840737108788e-10,3.15840737108788e-06
5,2,1,no_new_outage,0,0,0.770529309958467,0,1,1,0,0,0,0,0.93419403337996,full_event_available,bernoulli_full_event,1,0,0.000477,0.000445610553922241,4.45610553922241
5,3,1,no_new_outage,0,0,0.770529309958467,0,1,1,0,0,0,0,0.93419403337996,full_event_available,bernoulli_full_event,1,0,0.000477,0.000445610553922241,4.45610553922241
5,4,1,no_new_outage,0,0,0.770529309958467,0,1,1,0,0,0,0,0.93419403337996,full_event_available,bernoulli_full_event,1,0,0.000477,0.000445610553922241,4.45610553922241
5,5,1,no_new_outage,0,0,0.770529309958467,0,1,1,0,0,0,0,0.93419403337996,full_event_available,bernoulli_full_event,1,0,0.000477,0.000445610553922241,4.45610553922241
5,6,1,no_new_outage,0,0,0.770529309958467,0,1,1,0,0,0,0,0.93419403337996,full_event_available,bernoulli_full_event,1,0,0.000477,0.000445610553922241,4.45610553922241
5,7,1,no_new_outage,0,0,0.770529309958467,0,1,1,0,0,0,0,0.93419403337996,full_event_available,bernoulli_full_event,1,0,0.000477,0.000445610553922241,4.45610553922241
5,8,1,no_new_outage,0,0,0.770529309958467,0,1,1,0,0,0,0,0.93419403337996,full_event_available,bernoulli_full_event,1,0,0.000477,0.000445610553922241,4.45610553922241
5,9,1,no_new_outage,0,0,0.770529309958467,0,1,1,0,0,0,0,0.93419403337996,full_event_available,bernoulli_full_event,1,0,0.000477,0.000445610553922241,4.45610553922241
5,10,1,no_new_outage,0,0,0.770529309958467,0,1,1,0,0,0,0,0.93419403337996,full_event_available,bernoulli_full_event,1,0,0.000477,0.000445610553922241,4.45610553922241
5,11,1,no_new_outage,0,0,0.770529309958467,0,1,1,0,0,0,0,0.93419403337996,full_event_available,bernoulli_full_event,1,0,0.000477,0.000445610553922241,4.45610553922241
5,12,1,no_new_outage,0,0,0.770529309958467,0,1,1,0,0,0,0,0.93419403337996,full_event_available,bernoulli_full_event,1,0,0.000477,0.000445610553922241,4.45610553922241
5,13,1,no_new_outage,0,0,0.770529309958467,0,1,1,0,0,0,0,0.93419403337996,full_event_available,bernoulli_full_event,1,0,0.000477,0.000445610553922241,4.45610553922241
5,14,1,no_new_outage,0,0,0.770529309958467,0,1,1,0,0,0,0,0.93419403337996,full_event_available,bernoulli_full_event,1,0,0.000477,0.000445610553922241,4.45610553922241
5,15,1,no_new_outage,0,0,0.770529309958467,0,1,1,0,0,0,0,0.93419403337996,full_event_available,bernoulli_full_event,1,0,0.000477,0.000445610553922241,4.45610553922241
5,16,1,no_new_outage,0,0,0.770529309958467,0,1,1,0,0,0,0,0.93419403337996,full_event_available,bernoulli_full_event,1,0,0.000477,0.000445610553922241,4.45610553922241
5,17,1,no_new_outage,0,0,0.770529309958467,0,1,1,0,0,0,0,0.93419403337996,full_event_available,bernoulli_full_event,1,0,0.000477,0.000445610553922241,4.45610553922241
5,18,1,no_new_outage,0,0,0.770529309958467,0,1,1,0,0,0,0,0.93419403337996,full_event_available,bernoulli_full_event,1,0,0.000477,0.000445610553922241,4.45610553922241
5,19,1,no_new_outage,0,0,0.770529309958467,0,1,1,0,0,0,0,0.93419403337996,full_event_available,bernoulli_full_event,1,0,0.000477,0.000445610553922241,4.45610553922241
5,20,1,no_new_outage,0,0,0.770529309958467,0,1,1,0,0,0,0,0.93419403337996,full_event_available,bernoulli_full_event,1,0,0.000477,0.000445610553922241,4.45610553922241
6,1,1,no_new_outage,0,0,0.775386838260116,0,1,1,0,0,0,0,0.934260337697683,full_event_available,bernoulli_full_event,1,0,0.000548,0.00051197466505833,5.1197466505833
6,2,1,no_new_outage,0,0,0.775386838260116,0,1,1,0,0,0,0,0.934260337697683,full_event_available,bernoulli_full_event,1,0,0.000548,0.00051197466505833,5.1197466505833
6,3,1,no_new_outage,0,0,0.775386838260116,0,1,1,0,0,0,0,0.934260337697683,full_event_available,bernoulli_full_event,1,0,0.000548,0.00051197466505833,5.1197466505833
6,4,1,no_new_outage,0,0,0.775386838260116,0,1,1,0,0,0,0,0.934260337697683,full_event_available,bernoulli_full_event,1,0,0.000548,0.00051197466505833,5.1197466505833
6,5,1,no_new_outage,0,0,0.775386838260116,0,1,1,0,0,0,0,0.934260337697683,full_event_available,bernoulli_full_event,1,0,0.000548,0.00051197466505833,5.1197466505833
6,6,1,no_new_outage,0,0,0.775386838260116,0,1,1,0,0,0,0,0.934260337697683,full_event_available,bernoulli_full_event,1,0,0.000548,0.00051197466505833,5.1197466505833
6,7,1,no_new_outage,0,0,0.775386838260116,0,1,1,0,0,0,0,0.934260337697683,full_event_available,bernoulli_full_event,1,0,0.000548,0.00051197466505833,5.1197466505833
6,8,1,no_new_outage,0,0,0.775386838260116,0,1,1,0,0,0,0,0.934260337697683,full_event_available,bernoulli_full_event,1,0,0.000548,0.00051197466505833,5.1197466505833
6,9,1,no_new_outage,0,0,0.775386838260116,0,1,1,0,0,0,0,0.934260337697683,full_event_available,bernoulli_full_event,1,0,0.000548,0.00051197466505833,5.1197466505833
6,10,1,no_new_outage,0,0,0.775386838260116,0,1,1,0,0,0,0,0.934260337697683,full_event_available,bernoulli_full_event,1,0,0.000548,0.00051197466505833,5.1197466505833
6,11,1,no_new_outage,0,0,0.775386838260116,0,1,1,0,0,0,0,0.934260337697683,full_event_available,bernoulli_full_event,1,0,0.000548,0.00051197466505833,5.1197466505833
6,12,1,no_new_outage,0,0,0.775386838260116,0,1,1,0,0,0,0,0.934260337697683,full_event_available,bernoulli_full_event,1,0,0.000548,0.00051197466505833,5.1197466505833
6,13,1,no_new_outage,0,0,0.775386838260116,0,1,1,0,0,0,0,0.934260337697683,full_event_available,bernoulli_full_event,1,0,0.000548,0.00051197466505833,5.1197466505833
6,14,1,no_new_outage,0,0,0.775386838260116,0,1,1,0,0,0,0,0.934260337697683,full_event_available,bernoulli_full_event,1,0,0.000548,0.00051197466505833,5.1197466505833
6,15,1,no_new_outage,0,0,0.775386838260116,0,1,1,0,0,0,0,0.934260337697683,full_event_available,bernoulli_full_event,1,0,0.000548,0.00051197466505833,5.1197466505833
6,16,1,no_new_outage,0,0,0.775386838260116,0,1,1,0,0,0,0,0.934260337697683,full_event_available,bernoulli_full_event,1,0,0.000548,0.00051197466505833,5.1197466505833
6,17,1,no_new_outage,0,0,0.775386838260116,0,1,1,0,0,0,0,0.934260337697683,full_event_available,bernoulli_full_event,1,0,0.000548,0.00051197466505833,5.1197466505833
6,18,1,no_new_outage,0,0,0.775386838260116,0,1,1,0,0,0,0,0.934260337697683,full_event_available,bernoulli_full_event,1,0,0.000548,0.00051197466505833,5.1197466505833
6,19,1,no_new_outage,0,0,0.775386838260116,0,1,1,0,0,0,0,0.934260337697683,full_event_available,bernoulli_full_event,1,0,0.000548,0.00051197466505833,5.1197466505833
6,20,1,no_new_outage,0,0,0.775386838260116,0,1,1,0,0,0,0,0.934260337697683,full_event_available,bernoulli_full_event,1,0,0.000548,0.00051197466505833,5.1197466505833
7,1,1,no_new_outage,0,0,0.764008755373332,0,1,1,0,0,0,0,0.934153881819533,full_event_available,bernoulli_full_event,1,0,0.000434,0.000405422784709677,4.05422784709677
7,2,1,no_new_outage,0,0,0.764008755373332,0,1,1,0,0,0,0,0.934153881819533,full_event_available,bernoulli_full_event,1,0,0.000434,0.000405422784709677,4.05422784709677
7,3,1,no_new_outage,0,0,0.764008755373332,0,1,1,0,0,0,0,0.934153881819533,full_event_available,bernoulli_full_event,1,0,0.000434,0.000405422784709677,4.05422784709677
7,4,1,no_new_outage,0,0,0.764008755373332,0,1,1,0,0,0,0,0.934153881819533,full_event_available,bernoulli_full_event,1,0,0.000434,0.000405422784709677,4.05422784709677
7,5,1,no_new_outage,0,0,0.764008755373332,0,1,1,0,0,0,0,0.934153881819533,full_event_available,bernoulli_full_event,1,0,0.000434,0.000405422784709677,4.05422784709677
7,6,1,no_new_outage,0,0,0.764008755373332,0,1,1,0,0,0,0,0.934153881819533,full_event_available,bernoulli_full_event,1,0,0.000434,0.000405422784709677,4.05422784709677
7,7,1,no_new_outage,0,0,0.764008755373332,0,1,1,0,0,0,0,0.934153881819533,full_event_available,bernoulli_full_event,1,0,0.000434,0.000405422784709677,4.05422784709677
7,8,1,no_new_outage,0,0,0.764008755373332,0,1,1,0,0,0,0,0.934153881819533,full_event_available,bernoulli_full_event,1,0,0.000434,0.000405422784709677,4.05422784709677
7,9,1,no_new_outage,0,0,0.764008755373332,0,1,1,0,0,0,0,0.934153881819533,full_event_available,bernoulli_full_event,1,0,0.000434,0.000405422784709677,4.05422784709677
7,10,1,no_new_outage,0,0,0.764008755373332,0,1,1,0,0,0,0,0.934153881819533,full_event_available,bernoulli_full_event,1,0,0.000434,0.000405422784709677,4.05422784709677
7,11,2,no_new_outage,0,0,0.865640920174152,0,3,1,0,0,0,0,1.96727506103155e-06,full_event_available,bernoulli_full_event,2,0,0.000434,8.53797376487695e-10,8.53797376487694e-06
7,12,1,no_new_outage,0,0,0.764008755373332,0,1,1,0,0,0,0,0.934153881819533,full_event_available,bernoulli_full_event,1,0,0.000434,0.000405422784709677,4.05422784709677
7,13,1,no_new_outage,0,0,0.764008755373332,0,1,1,0,0,0,0,0.934153881819533,full_event_available,bernoulli_full_event,1,0,0.000434,0.000405422784709677,4.05422784709677
7,14,1,no_new_outage,0,0,0.764008755373332,0,1,1,0,0,0,0,0.934153881819533,full_event_available,bernoulli_full_event,1,0,0.000434,0.000405422784709677,4.05422784709677
7,15,1,no_new_outage,0,0,0.764008755373332,0,1,1,0,0,0,0,0.934153881819533,full_event_available,bernoulli_full_event,1,0,0.000434,0.000405422784709677,4.05422784709677
7,16,1,no_new_outage,0,0,0.764008755373332,0,1,1,0,0,0,0,0.934153881819533,full_event_available,bernoulli_full_event,1,0,0.000434,0.000405422784709677,4.05422784709677
7,17,1,no_new_outage,0,0,0.764008755373332,0,1,1,0,0,0,0,0.934153881819533,full_event_available,bernoulli_full_event,1,0,0.000434,0.000405422784709677,4.05422784709677
7,18,5,max_depth_reached,1396.48,0.223285680251606,1.79533006807695,0.196175810999135,12,1,0.223285680251606,0.993105461886823,0.980879054995675,0.528768311527463,7.48451303304289e-07,full_event_available,bernoulli_full_event,5,0,0.000434,3.24827865634062e-10,3.24827865634061e-06
7,19,1,no_new_outage,0,0,0.764008755373332,0,1,1,0,0,0,0,0.934153881819533,full_event_available,bernoulli_full_event,1,0,0.000434,0.000405422784709677,4.05422784709677
7,20,1,no_new_outage,0,0,0.764008755373332,0,1,1,0,0,0,0,0.934153881819533,full_event_available,bernoulli_full_event,1,0,0.000434,0.000405422784709677,4.05422784709677
8,1,1,no_new_outage,0,0,0.832661943655991,0,1,1,0,0,0,0,0.933780544250158,full_event_available,bernoulli_full_event,1,0,3.4e-05,3.17485385045054e-05,0.317485385045054
8,2,1,no_new_outage,0,0,0.832661943655991,0,1,1,0,0,0,0,0.933780544250158,full_event_available,bernoulli_full_event,1,0,3.4e-05,3.17485385045054e-05,0.317485385045054
8,3,1,no_new_outage,0,0,0.832661943655991,0,1,1,0,0,0,0,0.933780544250158,full_event_available,bernoulli_full_event,1,0,3.4e-05,3.17485385045054e-05,0.317485385045054
8,4,1,no_new_outage,0,0,0.832661943655991,0,1,1,0,0,0,0,0.933780544250158,full_event_available,bernoulli_full_event,1,0,3.4e-05,3.17485385045054e-05,0.317485385045054
8,5,1,no_new_outage,0,0,0.832661943655991,0,1,1,0,0,0,0,0.933780544250158,full_event_available,bernoulli_full_event,1,0,3.4e-05,3.17485385045054e-05,0.317485385045054
8,6,1,no_new_outage,0,0,0.832661943655991,0,1,1,0,0,0,0,0.933780544250158,full_event_available,bernoulli_full_event,1,0,3.4e-05,3.17485385045054e-05,0.317485385045054
8,7,1,no_new_outage,0,0,0.832661943655991,0,1,1,0,0,0,0,0.933780544250158,full_event_available,bernoulli_full_event,1,0,3.4e-05,3.17485385045054e-05,0.317485385045054
8,8,1,no_new_outage,0,0,0.832661943655991,0,1,1,0,0,0,0,0.933780544250158,full_event_available,bernoulli_full_event,1,0,3.4e-05,3.17485385045054e-05,0.317485385045054
8,9,1,no_new_outage,0,0,0.832661943655991,0,1,1,0,0,0,0,0.933780544250158,full_event_available,bernoulli_full_event,1,0,3.4e-05,3.17485385045054e-05,0.317485385045054
8,10,1,no_new_outage,0,0,0.832661943655991,0,1,1,0,0,0,0,0.933780544250158,full_event_available,bernoulli_full_event,1,0,3.4e-05,3.17485385045054e-05,0.317485385045054
8,11,1,no_new_outage,0,0,0.832661943655991,0,1,1,0,0,0,0,0.933780544250158,full_event_available,bernoulli_full_event,1,0,3.4e-05,3.17485385045054e-05,0.317485385045054
8,12,1,no_new_outage,0,0,0.832661943655991,0,1,1,0,0,0,0,0.933780544250158,full_event_available,bernoulli_full_event,1,0,3.4e-05,3.17485385045054e-05,0.317485385045054
8,13,1,no_new_outage,0,0,0.832661943655991,0,1,1,0,0,0,0,0.933780544250158,full_event_available,bernoulli_full_event,1,0,3.4e-05,3.17485385045054e-05,0.317485385045054
8,14,1,no_new_outage,0,0,0.832661943655991,0,1,1,0,0,0,0,0.933780544250158,full_event_available,bernoulli_full_event,1,0,3.4e-05,3.17485385045054e-05,0.317485385045054
8,15,4,load_loss_threshold,2481.63,0.39679225100452,1.56586401900003,0.00388394249667701,13,1,0.39679225100452,0,0,0.238075350602712,0.000951463064503853,full_event_available,bernoulli_full_event,4,0,3.4e-05,3.2349744193131e-08,0.00032349744193131
8,16,1,no_new_outage,0,0,0.832661943655991,0,1,1,0,0,0,0,0.933780544250158,full_event_available,bernoulli_full_event,1,0,3.4e-05,3.17485385045054e-05,0.317485385045054
8,17,1,no_new_outage,0,0,0.832661943655991,0,1,1,0,0,0,0,0.933780544250158,full_event_available,bernoulli_full_event,1,0,3.4e-05,3.17485385045054e-05,0.317485385045054
8,18,1,no_new_outage,0,0,0.832661943655991,0,1,1,0,0,0,0,0.933780544250158,full_event_available,bernoulli_full_event,1,0,3.4e-05,3.17485385045054e-05,0.317485385045054
8,19,1,no_new_outage,0,0,0.832661943655991,0,1,1,0,0,0,0,0.933780544250158,full_event_available,bernoulli_full_event,1,0,3.4e-05,3.17485385045054e-05,0.317485385045054
8,20,1,no_new_outage,0,0,0.832661943655991,0,1,1,0,0,0,0,0.933780544250158,full_event_available,bernoulli_full_event,1,0,3.4e-05,3.17485385045054e-05,0.317485385045054
9,1,3,load_loss_threshold,2167.63,0.346586230439239,1.33670137115618,0.121169225991452,8,1,0.346586230439239,0.0718829332679491,0.60584612995726,0.343497550908585,0.327979367606512,full_event_available,bernoulli_full_event,3,0,0.000616,0.000202035290445611,2.02035290445611
9,2,3,load_loss_threshold,2167.63,0.346586230439239,1.33670137115618,0.121169225991452,8,1,0.346586230439239,0.0718829332679491,0.60584612995726,0.343497550908585,0.327979367606512,full_event_available,bernoulli_full_event,3,0,0.000616,0.000202035290445611,2.02035290445611
9,3,3,load_loss_threshold,2325.63,0.371849132507119,1.33670137115618,0.0645461773656124,9,1,0.371849132507119,0,0.322730886828062,0.287655656869884,0.557582690842621,full_event_available,bernoulli_full_event,3,0,0.000616,0.000343470937559054,3.43470937559054
9,4,3,load_loss_threshold,2325.63,0.371849132507119,1.33670137115618,0.0645461773656124,9,1,0.371849132507119,0,0.322730886828062,0.287655656869884,0.557582690842621,full_event_available,bernoulli_full_event,3,0,0.000616,0.000343470937559054,3.43470937559054
9,5,3,load_loss_threshold,2325.63,0.371849132507119,1.33670137115618,0.0645461773656124,9,1,0.371849132507119,0,0.322730886828062,0.287655656869884,0.557582690842621,full_event_available,bernoulli_full_event,3,0,0.000616,0.000343470937559054,3.43470937559054
9,6,3,load_loss_threshold,2325.63,0.371849132507119,1.33670137115618,0.0645461773656124,9,1,0.371849132507119,0,0.322730886828062,0.287655656869884,0.557582690842621,full_event_available,bernoulli_full_event,3,0,0.000616,0.000343470937559054,3.43470937559054
9,7,3,load_loss_threshold,2325.63,0.371849132507119,1.33670137115618,0.0645461773656124,9,1,0.371849132507119,0,0.322730886828062,0.287655656869884,0.557582690842621,full_event_available,bernoulli_full_event,3,0,0.000616,0.000343470937559054,3.43470937559054
9,8,3,load_loss_threshold,2167.63,0.346586230439239,1.33670137115618,0.121169225991452,8,1,0.346586230439239,0.0718829332679491,0.60584612995726,0.343497550908585,0.327979367606512,full_event_available,bernoulli_full_event,3,0,0.000616,0.000202035290445611,2.02035290445611
9,9,3,load_loss_threshold,2167.63,0.346586230439239,1.33670137115618,0.121169225991452,8,1,0.346586230439239,0.0718829332679491,0.60584612995726,0.343497550908585,0.327979367606512,full_event_available,bernoulli_full_event,3,0,0.000616,0.000202035290445611,2.02035290445611
9,10,3,load_loss_threshold,2167.63,0.346586230439239,1.33670137115618,0.121169225991452,8,1,0.346586230439239,0.0718829332679491,0.60584612995726,0.343497550908585,0.327979367606512,full_event_available,bernoulli_full_event,3,0,0.000616,0.000202035290445611,2.02035290445611
9,11,3,load_loss_threshold,2167.63,0.346586230439239,1.3283814743532,0.121169225991452,10,1,0.346586230439239,0.0718829332679491,0.60584612995726,0.343497550908585,0.000639129493607662,full_event_available,bernoulli_full_event,3,0,0.000616,3.9370376806232e-07,0.0039370376806232
9,12,3,load_loss_threshold,2325.63,0.371849132507119,1.33670137115618,0.0645461773656124,9,1,0.371849132507119,0,0.322730886828062,0.287655656869884,0.557582690842621,full_event_available,bernoulli_full_event,3,0,0.000616,0.000343470937559054,3.43470937559054
9,13,3,load_loss_threshold,2325.63,0.371849132507119,1.33670137115618,0.0645461773656124,9,1,0.371849132507119,0,0.322730886828062,0.287655656869884,0.557582690842621,full_event_available,bernoulli_full_event,3,0,0.000616,0.000343470937559054,3.43470937559054
9,14,3,load_loss_threshold,2325.63,0.371849132507119,1.33670137115618,0.0645461773656124,9,1,0.371849132507119,0,0.322730886828062,0.287655656869884,0.557582690842621,full_event_available,bernoulli_full_event,3,0,0.000616,0.000343470937559054,3.43470937559054
9,15,3,load_loss_threshold,2325.63,0.371849132507119,1.33670137115618,0.0645461773656124,9,1,0.371849132507119,0,0.322730886828062,0.287655656869884,0.557582690842621,full_event_available,bernoulli_full_event,3,0,0.000616,0.000343470937559054,3.43470937559054
9,16,3,load_loss_threshold,2325.63,0.371849132507119,1.33670137115618,0.0645461773656124,9,1,0.371849132507119,0,0.322730886828062,0.287655656869884,0.557582690842621,full_event_available,bernoulli_full_event,3,0,0.000616,0.000343470937559054,3.43470937559054
9,17,3,load_loss_threshold,2167.63,0.346586230439239,1.33670137115618,0.121169225991452,8,1,0.346586230439239,0.0718829332679491,0.60584612995726,0.343497550908585,0.327979367606512,full_event_available,bernoulli_full_event,3,0,0.000616,0.000202035290445611,2.02035290445611
9,18,3,load_loss_threshold,2325.63,0.371849132507119,1.33670137115618,0.0645461773656124,9,1,0.371849132507119,0,0.322730886828062,0.287655656869884,0.557582690842621,full_event_available,bernoulli_full_event,3,0,0.000616,0.000343470937559054,3.43470937559054
9,19,3,load_loss_threshold,2325.63,0.371849132507119,1.33670137115618,0.0645461773656124,9,1,0.371849132507119,0,0.322730886828062,0.287655656869884,0.557582690842621,full_event_available,bernoulli_full_event,3,0,0.000616,0.000343470937559054,3.43470937559054
9,20,2,no_new_outage,328.53,0.052529248204815,1.04151594269355,0,3,1,0.052529248204815,0,0,0.031517548922889,0.00139075497678892,full_event_available,bernoulli_full_event,2,0,0.000616,8.56705065701974e-07,0.00856705065701974
10,1,1,no_new_outage,0,0,0.919475568243766,0,1,1,0,0,0,0,0.752497384431122,full_event_available,bernoulli_full_event,1,0,0.000582,0.000437953477738913,4.37953477738913
10,2,1,no_new_outage,0,0,0.919475568243766,0,1,1,0,0,0,0,0.752497384431122,full_event_available,bernoulli_full_event,1,0,0.000582,0.000437953477738913,4.37953477738913
10,3,1,no_new_outage,0,0,0.919475568243766,0,1,1,0,0,0,0,0.752497384431122,full_event_available,bernoulli_full_event,1,0,0.000582,0.000437953477738913,4.37953477738913
10,4,3,load_loss_threshold,1989.94405,0.318175706681718,1.43415963386069,0.0189111578034424,6,1,0.318175706681718,2.17079816930346,0.0189111578034424,0.628847289430411,0.00014254196782107,full_event_available,bernoulli_full_event,3,0,0.000582,8.2959425271863e-08,0.00082959425271863
10,5,1,no_new_outage,0,0,0.919475568243766,0,1,1,0,0,0,0,0.752497384431122,full_event_available,bernoulli_full_event,1,0,0.000582,0.000437953477738913,4.37953477738913
10,6,1,no_new_outage,0,0,0.919475568243766,0,1,1,0,0,0,0,0.752497384431122,full_event_available,bernoulli_full_event,1,0,0.000582,0.000437953477738913,4.37953477738913
10,7,1,no_new_outage,0,0,0.919475568243766,0,1,1,0,0,0,0,0.752497384431122,full_event_available,bernoulli_full_event,1,0,0.000582,0.000437953477738913,4.37953477738913
10,8,1,no_new_outage,0,0,0.919475568243766,0,1,1,0,0,0,0,0.752497384431122,full_event_available,bernoulli_full_event,1,0,0.000582,0.000437953477738913,4.37953477738913
10,9,4,load_loss_threshold,2026.16,0.323966339581371,2.27486973074274,0.239082903158542,10,1,0.323966339581371,0.195043754544491,0,0.233388554657721,0.0090553965702785,full_event_available,bernoulli_full_event,4,0,0.000582,5.27024080390209e-06,0.0527024080390209
10,10,1,no_new_outage,0,0,0.919475568243766,0,1,1,0,0,0,0,0.752497384431122,full_event_available,bernoulli_full_event,1,0,0.000582,0.000437953477738913,4.37953477738913
10,11,1,no_new_outage,0,0,0.919475568243766,0,1,1,0,0,0,0,0.752497384431122,full_event_available,bernoulli_full_event,1,0,0.000582,0.000437953477738913,4.37953477738913
10,12,4,load_loss_threshold,3339.71,0.533992194083045,1.53485931049261,0.0722197235544126,10,0,1,1,1,1,2.96647579300782e-07,full_event_available,bernoulli_full_event,4,0,0.000582,1.72648891153055e-10,1.72648891153055e-06
10,13,1,no_new_outage,0,0,0.919475568243766,0,1,1,0,0,0,0,0.752497384431122,full_event_available,bernoulli_full_event,1,0,0.000582,0.000437953477738913,4.37953477738913
10,14,1,no_new_outage,0,0,0.919475568243766,0,1,1,0,0,0,0,0.752497384431122,full_event_available,bernoulli_full_event,1,0,0.000582,0.000437953477738913,4.37953477738913
10,15,1,no_new_outage,0,0,0.919475568243766,0,1,1,0,0,0,0,0.752497384431122,full_event_available,bernoulli_full_event,1,0,0.000582,0.000437953477738913,4.37953477738913
10,16,1,no_new_outage,0,0,0.919475568243766,0,1,1,0,0,0,0,0.752497384431122,full_event_available,bernoulli_full_event,1,0,0.000582,0.000437953477738913,4.37953477738913
10,17,4,no_new_outage,1601.16,0.256012330854478,2.27486973074274,0.239082903158542,10,1,0.256012330854478,0,0,0.153607398512687,0.0256024855552378,full_event_available,bernoulli_full_event,4,0,0.000582,1.49006465931484e-05,0.149006465931484
10,18,1,no_new_outage,0,0,0.919475568243766,0,1,1,0,0,0,0,0.752497384431122,full_event_available,bernoulli_full_event,1,0,0.000582,0.000437953477738913,4.37953477738913
10,19,1,no_new_outage,0,0,0.919475568243766,0,1,1,0,0,0,0,0.752497384431122,full_event_available,bernoulli_full_event,1,0,0.000582,0.000437953477738913,4.37953477738913
10,20,4,no_new_outage,1601.16,0.256012330854478,2.27486973074274,0.239082903158542,10,1,0.256012330854478,0,0,0.153607398512687,0.0256024855552378,full_event_available,bernoulli_full_event,4,0,0.000582,1.49006465931484e-05,0.149006465931484
11,1,1,no_new_outage,0,0,0.866923282462036,0,1,1,0,0,0,0,0.934276214775981,full_event_available,bernoulli_full_event,1,0,0.000565,0.000527866061348429,5.27866061348429
11,2,1,no_new_outage,0,0,0.866923282462036,0,1,1,0,0,0,0,0.934276214775981,full_event_available,bernoulli_full_event,1,0,0.000565,0.000527866061348429,5.27866061348429
11,3,1,no_new_outage,0,0,0.866923282462036,0,1,1,0,0,0,0,0.934276214775981,full_event_available,bernoulli_full_event,1,0,0.000565,0.000527866061348429,5.27866061348429
11,4,1,no_new_outage,0,0,0.866923282462036,0,1,1,0,0,0,0,0.934276214775981,full_event_available,bernoulli_full_event,1,0,0.000565,0.000527866061348429,5.27866061348429
11,5,1,no_new_outage,0,0,0.866923282462036,0,1,1,0,0,0,0,0.934276214775981,full_event_available,bernoulli_full_event,1,0,0.000565,0.000527866061348429,5.27866061348429
11,6,1,no_new_outage,0,0,0.866923282462036,0,1,1,0,0,0,0,0.934276214775981,full_event_available,bernoulli_full_event,1,0,0.000565,0.000527866061348429,5.27866061348429
11,7,1,no_new_outage,0,0,0.866923282462036,0,1,1,0,0,0,0,0.934276214775981,full_event_available,bernoulli_full_event,1,0,0.000565,0.000527866061348429,5.27866061348429
11,8,1,no_new_outage,0,0,0.866923282462036,0,1,1,0,0,0,0,0.934276214775981,full_event_available,bernoulli_full_event,1,0,0.000565,0.000527866061348429,5.27866061348429
11,9,1,no_new_outage,0,0,0.866923282462036,0,1,1,0,0,0,0,0.934276214775981,full_event_available,bernoulli_full_event,1,0,0.000565,0.000527866061348429,5.27866061348429
11,10,1,no_new_outage,0,0,0.866923282462036,0,1,1,0,0,0,0,0.934276214775981,full_event_available,bernoulli_full_event,1,0,0.000565,0.000527866061348429,5.27866061348429
11,11,1,no_new_outage,0,0,0.866923282462036,0,1,1,0,0,0,0,0.934276214775981,full_event_available,bernoulli_full_event,1,0,0.000565,0.000527866061348429,5.27866061348429
11,12,1,no_new_outage,0,0,0.866923282462036,0,1,1,0,0,0,0,0.934276214775981,full_event_available,bernoulli_full_event,1,0,0.000565,0.000527866061348429,5.27866061348429
11,13,1,no_new_outage,0,0,0.866923282462036,0,1,1,0,0,0,0,0.934276214775981,full_event_available,bernoulli_full_event,1,0,0.000565,0.000527866061348429,5.27866061348429
11,14,1,no_new_outage,0,0,0.866923282462036,0,1,1,0,0,0,0,0.934276214775981,full_event_available,bernoulli_full_event,1,0,0.000565,0.000527866061348429,5.27866061348429
11,15,1,no_new_outage,0,0,0.866923282462036,0,1,1,0,0,0,0,0.934276214775981,full_event_available,bernoulli_full_event,1,0,0.000565,0.000527866061348429,5.27866061348429
11,16,2,no_new_outage,0,0,0.867215356132565,0,2,1,0,0,0,0,0.00133532771593838,full_event_available,bernoulli_full_event,2,0,0.000565,7.54460159505184e-07,0.00754460159505184
11,17,1,no_new_outage,0,0,0.866923282462036,0,1,1,0,0,0,0,0.934276214775981,full_event_available,bernoulli_full_event,1,0,0.000565,0.000527866061348429,5.27866061348429
11,18,1,no_new_outage,0,0,0.866923282462036,0,1,1,0,0,0,0,0.934276214775981,full_event_available,bernoulli_full_event,1,0,0.000565,0.000527866061348429,5.27866061348429
11,19,1,no_new_outage,0,0,0.866923282462036,0,1,1,0,0,0,0,0.934276214775981,full_event_available,bernoulli_full_event,1,0,0.000565,0.000527866061348429,5.27866061348429
11,20,1,no_new_outage,0,0,0.866923282462036,0,1,1,0,0,0,0,0.934276214775981,full_event_available,bernoulli_full_event,1,0,0.000565,0.000527866061348429,5.27866061348429
12,1,1,no_new_outage,0,0,0.863144472926513,0,1,1,0,0,0,0,0.933994243483143,full_event_available,bernoulli_full_event,1,0,0.000263,0.000245640486036067,2.45640486036067
12,2,1,no_new_outage,0,0,0.863144472926513,0,1,1,0,0,0,0,0.933994243483143,full_event_available,bernoulli_full_event,1,0,0.000263,0.000245640486036067,2.45640486036067
12,3,1,no_new_outage,0,0,0.863144472926513,0,1,1,0,0,0,0,0.933994243483143,full_event_available,bernoulli_full_event,1,0,0.000263,0.000245640486036067,2.45640486036067
12,4,1,no_new_outage,0,0,0.863144472926513,0,1,1,0,0,0,0,0.933994243483143,full_event_available,bernoulli_full_event,1,0,0.000263,0.000245640486036067,2.45640486036067
12,5,1,no_new_outage,0,0,0.863144472926513,0,1,1,0,0,0,0,0.933994243483143,full_event_available,bernoulli_full_event,1,0,0.000263,0.000245640486036067,2.45640486036067
12,6,1,no_new_outage,0,0,0.863144472926513,0,1,1,0,0,0,0,0.933994243483143,full_event_available,bernoulli_full_event,1,0,0.000263,0.000245640486036067,2.45640486036067
12,7,1,no_new_outage,0,0,0.863144472926513,0,1,1,0,0,0,0,0.933994243483143,full_event_available,bernoulli_full_event,1,0,0.000263,0.000245640486036067,2.45640486036067
12,8,1,no_new_outage,0,0,0.863144472926513,0,1,1,0,0,0,0,0.933994243483143,full_event_available,bernoulli_full_event,1,0,0.000263,0.000245640486036067,2.45640486036067
12,9,2,no_new_outage,0,0,0.886082439481575,0,2,1,0,0,0,0,0.00156062849412716,full_event_available,bernoulli_full_event,2,0,0.000263,4.10445293955444e-07,0.00410445293955444
12,10,1,no_new_outage,0,0,0.863144472926513,0,1,1,0,0,0,0,0.933994243483143,full_event_available,bernoulli_full_event,1,0,0.000263,0.000245640486036067,2.45640486036067
12,11,1,no_new_outage,0,0,0.863144472926513,0,1,1,0,0,0,0,0.933994243483143,full_event_available,bernoulli_full_event,1,0,0.000263,0.000245640486036067,2.45640486036067
12,12,1,no_new_outage,0,0,0.863144472926513,0,1,1,0,0,0,0,0.933994243483143,full_event_available,bernoulli_full_event,1,0,0.000263,0.000245640486036067,2.45640486036067
12,13,1,no_new_outage,0,0,0.863144472926513,0,1,1,0,0,0,0,0.933994243483143,full_event_available,bernoulli_full_event,1,0,0.000263,0.000245640486036067,2.45640486036067
12,14,1,no_new_outage,0,0,0.863144472926513,0,1,1,0,0,0,0,0.933994243483143,full_event_available,bernoulli_full_event,1,0,0.000263,0.000245640486036067,2.45640486036067
12,15,1,no_new_outage,0,0,0.863144472926513,0,1,1,0,0,0,0,0.933994243483143,full_event_available,bernoulli_full_event,1,0,0.000263,0.000245640486036067,2.45640486036067
12,16,1,no_new_outage,0,0,0.863144472926513,0,1,1,0,0,0,0,0.933994243483143,full_event_available,bernoulli_full_event,1,0,0.000263,0.000245640486036067,2.45640486036067
12,17,1,no_new_outage,0,0,0.863144472926513,0,1,1,0,0,0,0,0.933994243483143,full_event_available,bernoulli_full_event,1,0,0.000263,0.000245640486036067,2.45640486036067
12,18,1,no_new_outage,0,0,0.863144472926513,0,1,1,0,0,0,0,0.933994243483143,full_event_available,bernoulli_full_event,1,0,0.000263,0.000245640486036067,2.45640486036067
12,19,1,no_new_outage,0,0,0.863144472926513,0,1,1,0,0,0,0,0.933994243483143,full_event_available,bernoulli_full_event,1,0,0.000263,0.000245640486036067,2.45640486036067
12,20,1,no_new_outage,0,0,0.863144472926513,0,1,1,0,0,0,0,0.933994243483143,full_event_available,bernoulli_full_event,1,0,0.000263,0.000245640486036067,2.45640486036067
13,1,2,no_new_outage,8.53,0.00136387692809506,1.06683822477189,0,4,1,0.00136387692809506,0,0,0.000818326156857039,0.886909433262332,full_event_available,bernoulli_full_event,2,0,0.000502,0.000445228535497691,4.45228535497691
13,2,5,max_depth_reached,1956.205,0.312781109744925,1.41809174876341,0.196175810999135,11,1,0.312781109744925,0.200380325542428,0.980879054995675,0.423920541954575,0.000357828046984236,full_event_available,bernoulli_full_event,5,0,0.000502,1.79629679586086e-07,0.00179629679586086
13,3,2,no_new_outage,8.53,0.00136387692809506,1.06683822477189,0,4,1,0.00136387692809506,0,0,0.000818326156857039,0.886909433262332,full_event_available,bernoulli_full_event,2,0,0.000502,0.000445228535497691,4.45228535497691
13,4,2,no_new_outage,8.53,0.00136387692809506,1.06683822477189,0,4,1,0.00136387692809506,0,0,0.000818326156857039,0.886909433262332,full_event_available,bernoulli_full_event,2,0,0.000502,0.000445228535497691,4.45228535497691
13,5,2,no_new_outage,328.53,0.052529248204815,1.06683822477189,0,5,1,0.052529248204815,0,0,0.031517548922889,0.0013953765082867,full_event_available,bernoulli_full_event,2,0,0.000502,7.00479007159924e-07,0.00700479007159924
13,6,2,no_new_outage,8.53,0.00136387692809506,1.06683822477189,0,5,1,0.00136387692809506,0,0,0.000818326156857039,0.000280187526245286,full_event_available,bernoulli_full_event,2,0,0.000502,1.40654138175134e-07,0.00140654138175134
13,7,2,no_new_outage,8.53,0.00136387692809506,1.06683822477189,0,4,1,0.00136387692809506,0,0,0.000818326156857039,0.886909433262332,full_event_available,bernoulli_full_event,2,0,0.000502,0.000445228535497691,4.45228535497691
13,8,2,no_new_outage,8.53,0.00136387692809506,1.06683822477189,0,4,1,0.00136387692809506,0,0,0.000818326156857039,0.886909433262332,full_event_available,bernoulli_full_event,2,0,0.000502,0.000445228535497691,4.45228535497691
13,9,2,no_new_outage,8.53,0.00136387692809506,1.06683822477189,0,4,1,0.00136387692809506,0,0,0.000818326156857039,0.886909433262332,full_event_available,bernoulli_full_event,2,0,0.000502,0.000445228535497691,4.45228535497691
13,10,5,max_depth_reached,3772.145,0.603134998233196,1.62935180060608,0.196175810999135,11,1,0.603134998233196,1.25870360121216,0,0.61362171918235,0.000167465877917491,full_event_available,bernoulli_full_event,5,0,0.000502,8.40678707145804e-08,0.000840678707145804
13,11,2,no_new_outage,8.53,0.00136387692809506,1.06683822477189,0,4,1,0.00136387692809506,0,0,0.000818326156857039,0.886909433262332,full_event_available,bernoulli_full_event,2,0,0.000502,0.000445228535497691,4.45228535497691
13,12,2,no_new_outage,8.53,0.00136387692809506,1.06683822477189,0,4,1,0.00136387692809506,0,0,0.000818326156857039,0.886909433262332,full_event_available,bernoulli_full_event,2,0,0.000502,0.000445228535497691,4.45228535497691
13,13,2,no_new_outage,8.53,0.00136387692809506,1.06683822477189,0,4,1,0.00136387692809506,0,0,0.000818326156857039,0.886909433262332,full_event_available,bernoulli_full_event,2,0,0.000502,0.000445228535497691,4.45228535497691
13,14,2,no_new_outage,8.53,0.00136387692809506,1.06683822477189,0,4,1,0.00136387692809506,0,0,0.000818326156857039,0.886909433262332,full_event_available,bernoulli_full_event,2,0,0.000502,0.000445228535497691,4.45228535497691
13,15,2,no_new_outage,8.53,0.00136387692809506,1.06683822477189,0,4,1,0.00136387692809506,0,0,0.000818326156857039,0.886909433262332,full_event_available,bernoulli_full_event,2,0,0.000502,0.000445228535497691,4.45228535497691
13,16,5,max_depth_reached,1795.405,0.287070510678373,1.42583354357188,0.221340736679772,10,1,0.287070510678373,0.0110963738919321,1.10670368339886,0.395802317865182,0.000521713279951745,full_event_available,bernoulli_full_event,5,0,0.000502,2.61900066535776e-07,0.00261900066535776
13,17,2,no_new_outage,8.53,0.00136387692809506,1.06683822477189,0,4,1,0.00136387692809506,0,0,0.000818326156857039,0.886909433262332,full_event_available,bernoulli_full_event,2,0,0.000502,0.000445228535497691,4.45228535497691
13,18,2,no_new_outage,8.53,0.00136387692809506,1.06683822477189,0,4,1,0.00136387692809506,0,0,0.000818326156857039,0.886909433262332,full_event_available,bernoulli_full_event,2,0,0.000502,0.000445228535497691,4.45228535497691
13,19,2,no_new_outage,8.53,0.00136387692809506,1.06683822477189,0,4,1,0.00136387692809506,0,0,0.000818326156857039,0.886909433262332,full_event_available,bernoulli_full_event,2,0,0.000502,0.000445228535497691,4.45228535497691
13,20,2,no_new_outage,8.53,0.00136387692809506,1.06683822477189,0,4,1,0.00136387692809506,0,0,0.000818326156857039,0.886909433262332,full_event_available,bernoulli_full_event,2,0,0.000502,0.000445228535497691,4.45228535497691
14,1,4,load_loss_threshold,3471.58405,0.55507777136434,1.30653964982036,0.0425391432879153,8,0,1,1,1,1,0.510472460547105,full_event_available,bernoulli_full_event,4,0,0.000377,0.000192448117626259,1.92448117626259
14,2,4,load_loss_threshold,3471.58405,0.55507777136434,1.30653964982036,0.0425391432879153,8,0,1,1,1,1,0.510472460547105,full_event_available,bernoulli_full_event,4,0,0.000377,0.000192448117626259,1.92448117626259
14,3,4,load_loss_threshold,3471.58405,0.55507777136434,1.30653964982036,0.0425391432879153,9,0,1,1,1,1,0.000818063049259933,full_event_available,bernoulli_full_event,4,0,0.000377,3.08409769570995e-07,0.00308409769570995
14,4,4,load_loss_threshold,3923.78405,0.627380836649755,1.30653964982036,0.0425391432879153,9,0,1,1,1,1,0.0992718671873399,full_event_available,bernoulli_full_event,4,0,0.000377,3.74254939296271e-05,0.374254939296271
14,5,4,load_loss_threshold,3471.58405,0.55507777136434,1.30653964982036,0.0425391432879153,8,0,1,1,1,1,0.510472460547105,full_event_available,bernoulli_full_event,4,0,0.000377,0.000192448117626259,1.92448117626259
14,6,4,load_loss_threshold,3923.78405,0.627380836649755,1.30653964982036,0.0425391432879153,9,0,1,1,1,1,0.0992718671873399,full_event_available,bernoulli_full_event,4,0,0.000377,3.74254939296271e-05,0.374254939296271
14,7,4,load_loss_threshold,3471.58405,0.55507777136434,1.30653964982036,0.0425391432879153,8,0,1,1,1,1,0.510472460547105,full_event_available,bernoulli_full_event,4,0,0.000377,0.000192448117626259,1.92448117626259
14,8,4,load_loss_threshold,3471.58405,0.55507777136434,1.30653964982036,0.0425391432879153,8,0,1,1,1,1,0.510472460547105,full_event_available,bernoulli_full_event,4,0,0.000377,0.000192448117626259,1.92448117626259
14,9,4,load_loss_threshold,3471.58405,0.55507777136434,1.30653964982036,0.0425391432879153,8,0,1,1,1,1,0.510472460547105,full_event_available,bernoulli_full_event,4,0,0.000377,0.000192448117626259,1.92448117626259
14,10,4,load_loss_threshold,3471.58405,0.55507777136434,1.30653964982036,0.0425391432879153,8,0,1,1,1,1,0.510472460547105,full_event_available,bernoulli_full_event,4,0,0.000377,0.000192448117626259,1.92448117626259
14,11,4,load_loss_threshold,3471.58405,0.55507777136434,1.30653964982036,0.0425391432879153,9,0,1,1,1,1,0.000779734458508719,full_event_available,bernoulli_full_event,4,0,0.000377,2.93959890857787e-07,0.00293959890857787
14,12,4,load_loss_threshold,3471.58405,0.55507777136434,1.30653964982036,0.0425391432879153,8,0,1,1,1,1,0.510472460547105,full_event_available,bernoulli_full_event,4,0,0.000377,0.000192448117626259,1.92448117626259
14,13,4,load_loss_threshold,3471.58405,0.55507777136434,1.30653964982036,0.0425391432879153,8,0,1,1,1,1,0.510472460547105,full_event_available,bernoulli_full_event,4,0,0.000377,0.000192448117626259,1.92448117626259
14,14,4,load_loss_threshold,2279.0215,0.364396816234772,2.48830100160774,0.153717440252168,7,1,0.364396816234772,11.9064080128619,2.30576160378251,3.06107201306975,0.0761535901108967,full_event_available,bernoulli_full_event,4,0,0.000377,2.87099034718081e-05,0.287099034718081
14,15,4,load_loss_threshold,5112.71,0.817480329313121,1.74798866036195,0.131079275547189,14,1,0.817480329313121,0,0,0.490488197587872,1.12879250125164e-06,full_event_available,bernoulli_full_event,4,0,0.000377,4.25554772971869e-10,4.25554772971869e-06
14,16,3,load_loss_threshold,1888.68,0.30198441694661,1.64115986737867,0.0445657853400798,7,1,0.30198441694661,3.84695920427205,0.267394712040479,1.00406143343047,0.122001396106046,full_event_available,bernoulli_full_event,3,0,0.000377,4.59945263319794e-05,0.459945263319794
14,17,4,load_loss_threshold,3923.78405,0.627380836649755,1.32903356508403,0.0587938663325589,10,0,1,1,1,1,0.000954459538802208,full_event_available,bernoulli_full_event,4,0,0.000377,3.59831246128432e-07,0.00359831246128432
14,18,4,load_loss_threshold,3471.58405,0.55507777136434,1.30653964982036,0.0425391432879153,8,0,1,1,1,1,0.510472460547105,full_event_available,bernoulli_full_event,4,0,0.000377,0.000192448117626259,1.92448117626259
14,19,4,load_loss_threshold,3471.58405,0.55507777136434,1.30653964982036,0.0425391432879153,9,0,1,1,1,1,0.000805286213804269,full_event_available,bernoulli_full_event,4,0,0.000377,3.03592902604209e-07,0.00303592902604209
14,20,4,load_loss_threshold,3471.58405,0.55507777136434,1.30653964982036,0.0425391432879153,8,0,1,1,1,1,0.510472460547105,full_event_available,bernoulli_full_event,4,0,0.000377,0.000192448117626259,1.92448117626259
15,1,1,no_new_outage,0,0,0.763902398396952,0,1,1,0,0,0,0,0.933770281682943,full_event_available,bernoulli_full_event,1,0,2.3e-05,2.14767164787077e-05,0.214767164787077
15,2,1,no_new_outage,0,0,0.763902398396952,0,1,1,0,0,0,0,0.933770281682943,full_event_available,bernoulli_full_event,1,0,2.3e-05,2.14767164787077e-05,0.214767164787077
15,3,1,no_new_outage,0,0,0.763902398396952,0,1,1,0,0,0,0,0.933770281682943,full_event_available,bernoulli_full_event,1,0,2.3e-05,2.14767164787077e-05,0.214767164787077
15,4,1,no_new_outage,0,0,0.763902398396952,0,1,1,0,0,0,0,0.933770281682943,full_event_available,bernoulli_full_event,1,0,2.3e-05,2.14767164787077e-05,0.214767164787077
15,5,3,no_new_outage,680,0.10872641396303,1.05392624733788,0,3,1,0.10872641396303,0,0,0.0652358483778179,0.00132702660844505,full_event_available,bernoulli_full_event,3,0,2.3e-05,3.05216119942362e-08,0.000305216119942362
15,6,1,no_new_outage,0,0,0.763902398396952,0,1,1,0,0,0,0,0.933770281682943,full_event_available,bernoulli_full_event,1,0,2.3e-05,2.14767164787077e-05,0.214767164787077
15,7,1,no_new_outage,0,0,0.763902398396952,0,1,1,0,0,0,0,0.933770281682943,full_event_available,bernoulli_full_event,1,0,2.3e-05,2.14767164787077e-05,0.214767164787077
15,8,1,no_new_outage,0,0,0.763902398396952,0,1,1,0,0,0,0,0.933770281682943,full_event_available,bernoulli_full_event,1,0,2.3e-05,2.14767164787077e-05,0.214767164787077
15,9,1,no_new_outage,0,0,0.763902398396952,0,1,1,0,0,0,0,0.933770281682943,full_event_available,bernoulli_full_event,1,0,2.3e-05,2.14767164787077e-05,0.214767164787077
15,10,1,no_new_outage,0,0,0.763902398396952,0,1,1,0,0,0,0,0.933770281682943,full_event_available,bernoulli_full_event,1,0,2.3e-05,2.14767164787077e-05,0.214767164787077
15,11,1,no_new_outage,0,0,0.763902398396952,0,1,1,0,0,0,0,0.933770281682943,full_event_available,bernoulli_full_event,1,0,2.3e-05,2.14767164787077e-05,0.214767164787077
15,12,1,no_new_outage,0,0,0.763902398396952,0,1,1,0,0,0,0,0.933770281682943,full_event_available,bernoulli_full_event,1,0,2.3e-05,2.14767164787077e-05,0.214767164787077
15,13,1,no_new_outage,0,0,0.763902398396952,0,1,1,0,0,0,0,0.933770281682943,full_event_available,bernoulli_full_event,1,0,2.3e-05,2.14767164787077e-05,0.214767164787077
15,14,1,no_new_outage,0,0,0.763902398396952,0,1,1,0,0,0,0,0.933770281682943,full_event_available,bernoulli_full_event,1,0,2.3e-05,2.14767164787077e-05,0.214767164787077
15,15,1,no_new_outage,0,0,0.763902398396952,0,1,1,0,0,0,0,0.933770281682943,full_event_available,bernoulli_full_event,1,0,2.3e-05,2.14767164787077e-05,0.214767164787077
15,16,1,no_new_outage,0,0,0.763902398396952,0,1,1,0,0,0,0,0.933770281682943,full_event_available,bernoulli_full_event,1,0,2.3e-05,2.14767164787077e-05,0.214767164787077
15,17,1,no_new_outage,0,0,0.763902398396952,0,1,1,0,0,0,0,0.933770281682943,full_event_available,bernoulli_full_event,1,0,2.3e-05,2.14767164787077e-05,0.214767164787077
15,18,1,no_new_outage,0,0,0.763902398396952,0,1,1,0,0,0,0,0.933770281682943,full_event_available,bernoulli_full_event,1,0,2.3e-05,2.14767164787077e-05,0.214767164787077
15,19,1,no_new_outage,0,0,0.763902398396952,0,1,1,0,0,0,0,0.933770281682943,full_event_available,bernoulli_full_event,1,0,2.3e-05,2.14767164787077e-05,0.214767164787077
15,20,1,no_new_outage,0,0,0.763902398396952,0,1,1,0,0,0,0,0.933770281682943,full_event_available,bernoulli_full_event,1,0,2.3e-05,2.14767164787077e-05,0.214767164787077
16,1,1,no_new_outage,0,0,0.77519011006618,0,1,1,0,0,0,0,0.933770281682943,full_event_available,bernoulli_full_event,1,0,2.3e-05,2.14767164787077e-05,0.214767164787077
16,2,1,no_new_outage,0,0,0.77519011006618,0,1,1,0,0,0,0,0.933770281682943,full_event_available,bernoulli_full_event,1,0,2.3e-05,2.14767164787077e-05,0.214767164787077
16,3,1,no_new_outage,0,0,0.77519011006618,0,1,1,0,0,0,0,0.933770281682943,full_event_available,bernoulli_full_event,1,0,2.3e-05,2.14767164787077e-05,0.214767164787077
16,4,1,no_new_outage,0,0,0.77519011006618,0,1,1,0,0,0,0,0.933770281682943,full_event_available,bernoulli_full_event,1,0,2.3e-05,2.14767164787077e-05,0.214767164787077
16,5,1,no_new_outage,0,0,0.77519011006618,0,1,1,0,0,0,0,0.933770281682943,full_event_available,bernoulli_full_event,1,0,2.3e-05,2.14767164787077e-05,0.214767164787077
16,6,1,no_new_outage,0,0,0.77519011006618,0,1,1,0,0,0,0,0.933770281682943,full_event_available,bernoulli_full_event,1,0,2.3e-05,2.14767164787077e-05,0.214767164787077
16,7,1,no_new_outage,0,0,0.77519011006618,0,1,1,0,0,0,0,0.933770281682943,full_event_available,bernoulli_full_event,1,0,2.3e-05,2.14767164787077e-05,0.214767164787077
16,8,1,no_new_outage,0,0,0.77519011006618,0,1,1,0,0,0,0,0.933770281682943,full_event_available,bernoulli_full_event,1,0,2.3e-05,2.14767164787077e-05,0.214767164787077
16,9,1,no_new_outage,0,0,0.77519011006618,0,1,1,0,0,0,0,0.933770281682943,full_event_available,bernoulli_full_event,1,0,2.3e-05,2.14767164787077e-05,0.214767164787077
16,10,1,no_new_outage,0,0,0.77519011006618,0,1,1,0,0,0,0,0.933770281682943,full_event_available,bernoulli_full_event,1,0,2.3e-05,2.14767164787077e-05,0.214767164787077
16,11,1,no_new_outage,0,0,0.77519011006618,0,1,1,0,0,0,0,0.933770281682943,full_event_available,bernoulli_full_event,1,0,2.3e-05,2.14767164787077e-05,0.214767164787077
16,12,1,no_new_outage,0,0,0.77519011006618,0,1,1,0,0,0,0,0.933770281682943,full_event_available,bernoulli_full_event,1,0,2.3e-05,2.14767164787077e-05,0.214767164787077
16,13,1,no_new_outage,0,0,0.77519011006618,0,1,1,0,0,0,0,0.933770281682943,full_event_available,bernoulli_full_event,1,0,2.3e-05,2.14767164787077e-05,0.214767164787077
16,14,1,no_new_outage,0,0,0.77519011006618,0,1,1,0,0,0,0,0.933770281682943,full_event_available,bernoulli_full_event,1,0,2.3e-05,2.14767164787077e-05,0.214767164787077
16,15,1,no_new_outage,0,0,0.77519011006618,0,1,1,0,0,0,0,0.933770281682943,full_event_available,bernoulli_full_event,1,0,2.3e-05,2.14767164787077e-05,0.214767164787077
16,16,1,no_new_outage,0,0,0.77519011006618,0,1,1,0,0,0,0,0.933770281682943,full_event_available,bernoulli_full_event,1,0,2.3e-05,2.14767164787077e-05,0.214767164787077
16,17,1,no_new_outage,0,0,0.77519011006618,0,1,1,0,0,0,0,0.933770281682943,full_event_available,bernoulli_full_event,1,0,2.3e-05,2.14767164787077e-05,0.214767164787077
16,18,1,no_new_outage,0,0,0.77519011006618,0,1,1,0,0,0,0,0.933770281682943,full_event_available,bernoulli_full_event,1,0,2.3e-05,2.14767164787077e-05,0.214767164787077
16,19,1,no_new_outage,0,0,0.77519011006618,0,1,1,0,0,0,0,0.933770281682943,full_event_available,bernoulli_full_event,1,0,2.3e-05,2.14767164787077e-05,0.214767164787077
16,20,1,no_new_outage,0,0,0.77519011006618,0,1,1,0,0,0,0,0.933770281682943,full_event_available,bernoulli_full_event,1,0,2.3e-05,2.14767164787077e-05,0.214767164787077
17,1,1,no_new_outage,0,0,0.764108228048508,0,1,1,0,0,0,0,0.93438830362059,full_event_available,bernoulli_full_event,1,0,0.000685,0.000640055987980104,6.40055987980104
17,2,1,no_new_outage,0,0,0.764108228048508,0,1,1,0,0,0,0,0.93438830362059,full_event_available,bernoulli_full_event,1,0,0.000685,0.000640055987980104,6.40055987980104
17,3,1,no_new_outage,0,0,0.764108228048508,0,1,1,0,0,0,0,0.93438830362059,full_event_available,bernoulli_full_event,1,0,0.000685,0.000640055987980104,6.40055987980104
17,4,1,no_new_outage,0,0,0.764108228048508,0,1,1,0,0,0,0,0.93438830362059,full_event_available,bernoulli_full_event,1,0,0.000685,0.000640055987980104,6.40055987980104
17,5,4,load_loss_threshold,2836.15,0.453477086707716,2.44994712153383,0.0785131850581063,9,1,0.453477086707716,3.31136094866452,0.157026370116213,0.965763715780777,0.000332478564269034,full_event_available,bernoulli_full_event,4,0,0.000685,2.27747816524289e-07,0.00227747816524289
17,6,1,no_new_outage,0,0,0.764108228048508,0,1,1,0,0,0,0,0.93438830362059,full_event_available,bernoulli_full_event,1,0,0.000685,0.000640055987980104,6.40055987980104
17,7,1,no_new_outage,0,0,0.764108228048508,0,1,1,0,0,0,0,0.93438830362059,full_event_available,bernoulli_full_event,1,0,0.000685,0.000640055987980104,6.40055987980104
17,8,1,no_new_outage,0,0,0.764108228048508,0,1,1,0,0,0,0,0.93438830362059,full_event_available,bernoulli_full_event,1,0,0.000685,0.000640055987980104,6.40055987980104
17,9,1,no_new_outage,0,0,0.764108228048508,0,1,1,0,0,0,0,0.93438830362059,full_event_available,bernoulli_full_event,1,0,0.000685,0.000640055987980104,6.40055987980104
17,10,2,no_new_outage,0,0,0.771640942218676,0,2,1,0,0,0,0,0.00148736450718493,full_event_available,bernoulli_full_event,2,0,0.000685,1.01884468742168e-06,0.0101884468742168
17,11,1,no_new_outage,0,0,0.764108228048508,0,1,1,0,0,0,0,0.93438830362059,full_event_available,bernoulli_full_event,1,0,0.000685,0.000640055987980104,6.40055987980104
17,12,1,no_new_outage,0,0,0.764108228048508,0,1,1,0,0,0,0,0.93438830362059,full_event_available,bernoulli_full_event,1,0,0.000685,0.000640055987980104,6.40055987980104
17,13,1,no_new_outage,0,0,0.764108228048508,0,1,1,0,0,0,0,0.93438830362059,full_event_available,bernoulli_full_event,1,0,0.000685,0.000640055987980104,6.40055987980104
17,14,1,no_new_outage,0,0,0.764108228048508,0,1,1,0,0,0,0,0.93438830362059,full_event_available,bernoulli_full_event,1,0,0.000685,0.000640055987980104,6.40055987980104
17,15,2,no_new_outage,0,0,0.90228778908484,0,2,1,0,0,0,0,0.000961029222235045,full_event_available,bernoulli_full_event,2,0,0.000685,6.58305017231006e-07,0.00658305017231006
17,16,1,no_new_outage,0,0,0.764108228048508,0,1,1,0,0,0,0,0.93438830362059,full_event_available,bernoulli_full_event,1,0,0.000685,0.000640055987980104,6.40055987980104
17,17,1,no_new_outage,0,0,0.764108228048508,0,1,1,0,0,0,0,0.93438830362059,full_event_available,bernoulli_full_event,1,0,0.000685,0.000640055987980104,6.40055987980104
17,18,1,no_new_outage,0,0,0.764108228048508,0,1,1,0,0,0,0,0.93438830362059,full_event_available,bernoulli_full_event,1,0,0.000685,0.000640055987980104,6.40055987980104
17,19,1,no_new_outage,0,0,0.764108228048508,0,1,1,0,0,0,0,0.93438830362059,full_event_available,bernoulli_full_event,1,0,0.000685,0.000640055987980104,6.40055987980104
17,20,1,no_new_outage,0,0,0.764108228048508,0,1,1,0,0,0,0,0.93438830362059,full_event_available,bernoulli_full_event,1,0,0.000685,0.000640055987980104,6.40055987980104
18,1,2,no_new_outage,0,0,1.09492345914844,0,2,1,0,0,0,0,0.857273888460795,full_event_available,bernoulli_full_event,2,0,0.000223,0.000191172077126757,1.91172077126757
18,2,2,no_new_outage,0,0,1.09492345914844,0,2,1,0,0,0,0,0.857273888460795,full_event_available,bernoulli_full_event,2,0,0.000223,0.000191172077126757,1.91172077126757
18,3,2,no_new_outage,0,0,1.09492345914844,0,2,1,0,0,0,0,0.857273888460795,full_event_available,bernoulli_full_event,2,0,0.000223,0.000191172077126757,1.91172077126757
18,4,2,no_new_outage,0,0,1.09492345914844,0,2,1,0,0,0,0,0.857273888460795,full_event_available,bernoulli_full_event,2,0,0.000223,0.000191172077126757,1.91172077126757
18,5,2,no_new_outage,0,0,1.09492345914844,0,3,1,0,0,0,0,0.00132696042474799,full_event_available,bernoulli_full_event,2,0,0.000223,2.95912174718802e-07,0.00295912174718802
18,6,2,no_new_outage,0,0,1.09492345914844,0,2,1,0,0,0,0,0.857273888460795,full_event_available,bernoulli_full_event,2,0,0.000223,0.000191172077126757,1.91172077126757
18,7,2,no_new_outage,0,0,1.09492345914844,0,2,1,0,0,0,0,0.857273888460795,full_event_available,bernoulli_full_event,2,0,0.000223,0.000191172077126757,1.91172077126757
18,8,2,no_new_outage,0,0,1.09492345914844,0,2,1,0,0,0,0,0.857273888460795,full_event_available,bernoulli_full_event,2,0,0.000223,0.000191172077126757,1.91172077126757
18,9,2,no_new_outage,0,0,1.09492345914844,0,2,1,0,0,0,0,0.857273888460795,full_event_available,bernoulli_full_event,2,0,0.000223,0.000191172077126757,1.91172077126757
18,10,2,no_new_outage,0,0,1.09492345914844,0,2,1,0,0,0,0,0.857273888460795,full_event_available,bernoulli_full_event,2,0,0.000223,0.000191172077126757,1.91172077126757
18,11,2,no_new_outage,0,0,1.09492345914844,0,2,1,0,0,0,0,0.857273888460795,full_event_available,bernoulli_full_event,2,0,0.000223,0.000191172077126757,1.91172077126757
18,12,2,no_new_outage,0,0,1.09492345914844,0,2,1,0,0,0,0,0.857273888460795,full_event_available,bernoulli_full_event,2,0,0.000223,0.000191172077126757,1.91172077126757
18,13,2,no_new_outage,0,0,1.09492345914844,0,2,1,0,0,0,0,0.857273888460795,full_event_available,bernoulli_full_event,2,0,0.000223,0.000191172077126757,1.91172077126757
18,14,2,no_new_outage,0,0,1.09492345914844,0,3,1,0,0,0,0,0.00131146551126093,full_event_available,bernoulli_full_event,2,0,0.000223,2.92456809011188e-07,0.00292456809011188
18,15,2,no_new_outage,0,0,1.09492345914844,0,2,1,0,0,0,0,0.857273888460795,full_event_available,bernoulli_full_event,2,0,0.000223,0.000191172077126757,1.91172077126757
18,16,2,no_new_outage,0,0,1.09492345914844,0,2,1,0,0,0,0,0.857273888460795,full_event_available,bernoulli_full_event,2,0,0.000223,0.000191172077126757,1.91172077126757
18,17,2,no_new_outage,0,0,1.09492345914844,0,2,1,0,0,0,0,0.857273888460795,full_event_available,bernoulli_full_event,2,0,0.000223,0.000191172077126757,1.91172077126757
18,18,2,no_new_outage,0,0,1.09492345914844,0,2,1,0,0,0,0,0.857273888460795,full_event_available,bernoulli_full_event,2,0,0.000223,0.000191172077126757,1.91172077126757
18,19,4,load_loss_threshold,1961.5825,0.313640927820051,1.7444572733737,0.200665323336394,10,1,0.313640927820051,4.46674364024222,3.4113104967187,1.76379538408421,0.00103697356471602,full_event_available,bernoulli_full_event,4,0,0.000223,2.31245104931674e-07,0.00231245104931674
18,20,2,no_new_outage,0,0,1.09492345914844,0,2,1,0,0,0,0,0.857273888460795,full_event_available,bernoulli_full_event,2,0,0.000223,0.000191172077126757,1.91172077126757
19,1,2,no_new_outage,0,0,1.12814123526422,0,3,1,0,0,0,0,0.879653940722091,full_event_available,bernoulli_full_event,2,0,0.000685,0.000602562949394633,6.02562949394633
19,2,2,no_new_outage,0,0,1.12814123526422,0,3,1,0,0,0,0,0.879653940722091,full_event_available,bernoulli_full_event,2,0,0.000685,0.000602562949394633,6.02562949394633
19,3,2,no_new_outage,0,0,1.12814123526422,0,3,1,0,0,0,0,0.879653940722091,full_event_available,bernoulli_full_event,2,0,0.000685,0.000602562949394633,6.02562949394633
19,4,2,no_new_outage,0,0,1.12814123526422,0,3,1,0,0,0,0,0.879653940722091,full_event_available,bernoulli_full_event,2,0,0.000685,0.000602562949394633,6.02562949394633
19,5,2,no_new_outage,0,0,1.12814123526422,0,3,1,0,0,0,0,0.879653940722091,full_event_available,bernoulli_full_event,2,0,0.000685,0.000602562949394633,6.02562949394633
19,6,2,no_new_outage,0,0,1.12814123526422,0,3,1,0,0,0,0,0.879653940722091,full_event_available,bernoulli_full_event,2,0,0.000685,0.000602562949394633,6.02562949394633
19,7,2,no_new_outage,0,0,1.12814123526422,0,3,1,0,0,0,0,0.879653940722091,full_event_available,bernoulli_full_event,2,0,0.000685,0.000602562949394633,6.02562949394633
19,8,2,no_new_outage,0,0,1.12814123526422,0,3,1,0,0,0,0,0.879653940722091,full_event_available,bernoulli_full_event,2,0,0.000685,0.000602562949394633,6.02562949394633
19,9,2,no_new_outage,0,0,1.12814123526422,0,3,1,0,0,0,0,0.879653940722091,full_event_available,bernoulli_full_event,2,0,0.000685,0.000602562949394633,6.02562949394633
19,10,2,no_new_outage,0,0,1.12814123526422,0,3,1,0,0,0,0,0.879653940722091,full_event_available,bernoulli_full_event,2,0,0.000685,0.000602562949394633,6.02562949394633
19,11,2,no_new_outage,0,0,1.12814123526422,0,3,1,0,0,0,0,0.879653940722091,full_event_available,bernoulli_full_event,2,0,0.000685,0.000602562949394633,6.02562949394633
19,12,2,no_new_outage,0,0,1.12814123526422,0,4,1,0,0,0,0,0.00134570272188402,full_event_available,bernoulli_full_event,2,0,0.000685,9.21806364490556e-07,0.00921806364490556
19,13,2,no_new_outage,0,0,1.12814123526422,0,3,1,0,0,0,0,0.879653940722091,full_event_available,bernoulli_full_event,2,0,0.000685,0.000602562949394633,6.02562949394633
19,14,2,no_new_outage,0,0,1.12814123526422,0,3,1,0,0,0,0,0.879653940722091,full_event_available,bernoulli_full_event,2,0,0.000685,0.000602562949394633,6.02562949394633
19,15,2,no_new_outage,0,0,1.12814123526422,0,3,1,0,0,0,0,0.879653940722091,full_event_available,bernoulli_full_event,2,0,0.000685,0.000602562949394633,6.02562949394633
19,16,2,no_new_outage,0,0,1.12814123526422,0,3,1,0,0,0,0,0.879653940722091,full_event_available,bernoulli_full_event,2,0,0.000685,0.000602562949394633,6.02562949394633
19,17,2,no_new_outage,0,0,1.12814123526422,0,3,1,0,0,0,0,0.879653940722091,full_event_available,bernoulli_full_event,2,0,0.000685,0.000602562949394633,6.02562949394633
19,18,2,no_new_outage,0,0,1.12814123526422,0,3,1,0,0,0,0,0.879653940722091,full_event_available,bernoulli_full_event,2,0,0.000685,0.000602562949394633,6.02562949394633
19,19,2,no_new_outage,0,0,1.12814123526422,0,3,1,0,0,0,0,0.879653940722091,full_event_available,bernoulli_full_event,2,0,0.000685,0.000602562949394633,6.02562949394633
19,20,2,no_new_outage,0,0,1.12814123526422,0,3,1,0,0,0,0,0.879653940722091,full_event_available,bernoulli_full_event,2,0,0.000685,0.000602562949394633,6.02562949394633
20,1,1,no_new_outage,0,0,0.794160021773972,0,1,1,0,0,0,0,0.934265007370577,full_event_available,bernoulli_full_event,1,0,0.000553,0.000516648549075929,5.16648549075929
20,2,1,no_new_outage,0,0,0.794160021773972,0,1,1,0,0,0,0,0.934265007370577,full_event_available,bernoulli_full_event,1,0,0.000553,0.000516648549075929,5.16648549075929
20,3,1,no_new_outage,0,0,0.794160021773972,0,1,1,0,0,0,0,0.934265007370577,full_event_available,bernoulli_full_event,1,0,0.000553,0.000516648549075929,5.16648549075929
20,4,1,no_new_outage,0,0,0.794160021773972,0,1,1,0,0,0,0,0.934265007370577,full_event_available,bernoulli_full_event,1,0,0.000553,0.000516648549075929,5.16648549075929
20,5,1,no_new_outage,0,0,0.794160021773972,0,1,1,0,0,0,0,0.934265007370577,full_event_available,bernoulli_full_event,1,0,0.000553,0.000516648549075929,5.16648549075929
20,6,1,no_new_outage,0,0,0.794160021773972,0,1,1,0,0,0,0,0.934265007370577,full_event_available,bernoulli_full_event,1,0,0.000553,0.000516648549075929,5.16648549075929
20,7,1,no_new_outage,0,0,0.794160021773972,0,1,1,0,0,0,0,0.934265007370577,full_event_available,bernoulli_full_event,1,0,0.000553,0.000516648549075929,5.16648549075929
20,8,2,no_new_outage,0,0,0.835907826528519,0,2,1,0,0,0,0,0.00139051827426749,full_event_available,bernoulli_full_event,2,0,0.000553,7.68956605669924e-07,0.00768956605669924
20,9,1,no_new_outage,0,0,0.794160021773972,0,1,1,0,0,0,0,0.934265007370577,full_event_available,bernoulli_full_event,1,0,0.000553,0.000516648549075929,5.16648549075929
20,10,1,no_new_outage,0,0,0.794160021773972,0,1,1,0,0,0,0,0.934265007370577,full_event_available,bernoulli_full_event,1,0,0.000553,0.000516648549075929,5.16648549075929
20,11,2,no_new_outage,0,0,0.795718831475381,0,2,1,0,0,0,0,0.00147118576700722,full_event_available,bernoulli_full_event,2,0,0.000553,8.13565729154993e-07,0.00813565729154993
20,12,1,no_new_outage,0,0,0.794160021773972,0,1,1,0,0,0,0,0.934265007370577,full_event_available,bernoulli_full_event,1,0,0.000553,0.000516648549075929,5.16648549075929
20,13,1,no_new_outage,0,0,0.794160021773972,0,1,1,0,0,0,0,0.934265007370577,full_event_available,bernoulli_full_event,1,0,0.000553,0.000516648549075929,5.16648549075929
20,14,1,no_new_outage,0,0,0.794160021773972,0,1,1,0,0,0,0,0.934265007370577,full_event_available,bernoulli_full_event,1,0,0.000553,0.000516648549075929,5.16648549075929
20,15,1,no_new_outage,0,0,0.794160021773972,0,1,1,0,0,0,0,0.934265007370577,full_event_available,bernoulli_full_event,1,0,0.000553,0.000516648549075929,5.16648549075929
20,16,2,no_new_outage,0,0,0.87568713956266,0,2,1,0,0,0,0,0.00145627758391288,full_event_available,bernoulli_full_event,2,0,0.000553,8.05321503903825e-07,0.00805321503903825
20,17,1,no_new_outage,0,0,0.794160021773972,0,1,1,0,0,0,0,0.934265007370577,full_event_available,bernoulli_full_event,1,0,0.000553,0.000516648549075929,5.16648549075929
20,18,1,no_new_outage,0,0,0.794160021773972,0,1,1,0,0,0,0,0.934265007370577,full_event_available,bernoulli_full_event,1,0,0.000553,0.000516648549075929,5.16648549075929
20,19,1,no_new_outage,0,0,0.794160021773972,0,1,1,0,0,0,0,0.934265007370577,full_event_available,bernoulli_full_event,1,0,0.000553,0.000516648549075929,5.16648549075929
20,20,1,no_new_outage,0,0,0.794160021773972,0,1,1,0,0,0,0,0.934265007370577,full_event_available,bernoulli_full_event,1,0,0.000553,0.000516648549075929,5.16648549075929
21,1,1,no_new_outage,0,0,0.763810684086182,0,1,1,0,0,0,0,0.934147345845658,full_event_available,bernoulli_full_event,1,0,0.000427,0.000398880916676096,3.98880916676096
21,2,1,no_new_outage,0,0,0.763810684086182,0,1,1,0,0,0,0,0.934147345845658,full_event_available,bernoulli_full_event,1,0,0.000427,0.000398880916676096,3.98880916676096
21,3,1,no_new_outage,0,0,0.763810684086182,0,1,1,0,0,0,0,0.934147345845658,full_event_available,bernoulli_full_event,1,0,0.000427,0.000398880916676096,3.98880916676096
21,4,1,no_new_outage,0,0,0.763810684086182,0,1,1,0,0,0,0,0.934147345845658,full_event_available,bernoulli_full_event,1,0,0.000427,0.000398880916676096,3.98880916676096
21,5,1,no_new_outage,0,0,0.763810684086182,0,1,1,0,0,0,0,0.934147345845658,full_event_available,bernoulli_full_event,1,0,0.000427,0.000398880916676096,3.98880916676096
21,6,1,no_new_outage,0,0,0.763810684086182,0,1,1,0,0,0,0,0.934147345845658,full_event_available,bernoulli_full_event,1,0,0.000427,0.000398880916676096,3.98880916676096
21,7,5,max_depth_reached,1410.8195,0.225578448506051,1.7782143570418,0.00997304102364371,10,1,0.225578448506051,3.11285742816719,0,0.757918554737069,0.000598097797311983,full_event_available,bernoulli_full_event,5,0,0.000427,2.55387759452217e-07,0.00255387759452217
21,8,1,no_new_outage,0,0,0.763810684086182,0,1,1,0,0,0,0,0.934147345845658,full_event_available,bernoulli_full_event,1,0,0.000427,0.000398880916676096,3.98880916676096
21,9,1,no_new_outage,0,0,0.763810684086182,0,1,1,0,0,0,0,0.934147345845658,full_event_available,bernoulli_full_event,1,0,0.000427,0.000398880916676096,3.98880916676096
21,10,1,no_new_outage,0,0,0.763810684086182,0,1,1,0,0,0,0,0.934147345845658,full_event_available,bernoulli_full_event,1,0,0.000427,0.000398880916676096,3.98880916676096
21,11,2,no_new_outage,0,0,0.860797971754717,0,2,1,0,0,0,0,0.00153044306487219,full_event_available,bernoulli_full_event,2,0,0.000427,6.53499188700424e-07,0.00653499188700424
21,12,1,no_new_outage,0,0,0.763810684086182,0,1,1,0,0,0,0,0.934147345845658,full_event_available,bernoulli_full_event,1,0,0.000427,0.000398880916676096,3.98880916676096
21,13,1,no_new_outage,0,0,0.763810684086182,0,1,1,0,0,0,0,0.934147345845658,full_event_available,bernoulli_full_event,1,0,0.000427,0.000398880916676096,3.98880916676096
21,14,1,no_new_outage,0,0,0.763810684086182,0,1,1,0,0,0,0,0.934147345845658,full_event_available,bernoulli_full_event,1,0,0.000427,0.000398880916676096,3.98880916676096
21,15,1,no_new_outage,0,0,0.763810684086182,0,1,1,0,0,0,0,0.934147345845658,full_event_available,bernoulli_full_event,1,0,0.000427,0.000398880916676096,3.98880916676096
21,16,1,no_new_outage,0,0,0.763810684086182,0,1,1,0,0,0,0,0.934147345845658,full_event_available,bernoulli_full_event,1,0,0.000427,0.000398880916676096,3.98880916676096
21,17,1,no_new_outage,0,0,0.763810684086182,0,1,1,0,0,0,0,0.934147345845658,full_event_available,bernoulli_full_event,1,0,0.000427,0.000398880916676096,3.98880916676096
21,18,1,no_new_outage,0,0,0.763810684086182,0,1,1,0,0,0,0,0.934147345845658,full_event_available,bernoulli_full_event,1,0,0.000427,0.000398880916676096,3.98880916676096
21,19,1,no_new_outage,0,0,0.763810684086182,0,1,1,0,0,0,0,0.934147345845658,full_event_available,bernoulli_full_event,1,0,0.000427,0.000398880916676096,3.98880916676096
21,20,1,no_new_outage,0,0,0.763810684086182,0,1,1,0,0,0,0,0.934147345845658,full_event_available,bernoulli_full_event,1,0,0.000427,0.000398880916676096,3.98880916676096
22,1,1,no_new_outage,0,0,0.763450113726092,0,1,1,0,0,0,0,0.934135207851109,full_event_available,bernoulli_full_event,1,0,0.000414,0.000386731976050359,3.86731976050359
22,2,1,no_new_outage,0,0,0.763450113726092,0,1,1,0,0,0,0,0.934135207851109,full_event_available,bernoulli_full_event,1,0,0.000414,0.000386731976050359,3.86731976050359
22,3,1,no_new_outage,0,0,0.763450113726092,0,1,1,0,0,0,0,0.934135207851109,full_event_available,bernoulli_full_event,1,0,0.000414,0.000386731976050359,3.86731976050359
22,4,1,no_new_outage,0,0,0.763450113726092,0,1,1,0,0,0,0,0.934135207851109,full_event_available,bernoulli_full_event,1,0,0.000414,0.000386731976050359,3.86731976050359
22,5,1,no_new_outage,0,0,0.763450113726092,0,1,1,0,0,0,0,0.934135207851109,full_event_available,bernoulli_full_event,1,0,0.000414,0.000386731976050359,3.86731976050359
22,6,1,no_new_outage,0,0,0.763450113726092,0,1,1,0,0,0,0,0.934135207851109,full_event_available,bernoulli_full_event,1,0,0.000414,0.000386731976050359,3.86731976050359
22,7,3,no_new_outage,680,0.10872641396303,1.05364563436456,0,3,1,0.10872641396303,0,0,0.0652358483778179,0.00132858305982953,full_event_available,bernoulli_full_event,3,0,0.000414,5.50033386769425e-07,0.00550033386769425
22,8,1,no_new_outage,0,0,0.763450113726092,0,1,1,0,0,0,0,0.934135207851109,full_event_available,bernoulli_full_event,1,0,0.000414,0.000386731976050359,3.86731976050359
22,9,1,no_new_outage,0,0,0.763450113726092,0,1,1,0,0,0,0,0.934135207851109,full_event_available,bernoulli_full_event,1,0,0.000414,0.000386731976050359,3.86731976050359
22,10,1,no_new_outage,0,0,0.763450113726092,0,1,1,0,0,0,0,0.934135207851109,full_event_available,bernoulli_full_event,1,0,0.000414,0.000386731976050359,3.86731976050359
22,11,1,no_new_outage,0,0,0.763450113726092,0,1,1,0,0,0,0,0.934135207851109,full_event_available,bernoulli_full_event,1,0,0.000414,0.000386731976050359,3.86731976050359
22,12,1,no_new_outage,0,0,0.763450113726092,0,1,1,0,0,0,0,0.934135207851109,full_event_available,bernoulli_full_event,1,0,0.000414,0.000386731976050359,3.86731976050359
22,13,1,no_new_outage,0,0,0.763450113726092,0,1,1,0,0,0,0,0.934135207851109,full_event_available,bernoulli_full_event,1,0,0.000414,0.000386731976050359,3.86731976050359
22,14,1,no_new_outage,0,0,0.763450113726092,0,1,1,0,0,0,0,0.934135207851109,full_event_available,bernoulli_full_event,1,0,0.000414,0.000386731976050359,3.86731976050359
22,15,1,no_new_outage,0,0,0.763450113726092,0,1,1,0,0,0,0,0.934135207851109,full_event_available,bernoulli_full_event,1,0,0.000414,0.000386731976050359,3.86731976050359
22,16,1,no_new_outage,0,0,0.763450113726092,0,1,1,0,0,0,0,0.934135207851109,full_event_available,bernoulli_full_event,1,0,0.000414,0.000386731976050359,3.86731976050359
22,17,1,no_new_outage,0,0,0.763450113726092,0,1,1,0,0,0,0,0.934135207851109,full_event_available,bernoulli_full_event,1,0,0.000414,0.000386731976050359,3.86731976050359
22,18,1,no_new_outage,0,0,0.763450113726092,0,1,1,0,0,0,0,0.934135207851109,full_event_available,bernoulli_full_event,1,0,0.000414,0.000386731976050359,3.86731976050359
22,19,1,no_new_outage,0,0,0.763450113726092,0,1,1,0,0,0,0,0.934135207851109,full_event_available,bernoulli_full_event,1,0,0.000414,0.000386731976050359,3.86731976050359
22,20,1,no_new_outage,0,0,0.763450113726092,0,1,1,0,0,0,0,0.934135207851109,full_event_available,bernoulli_full_event,1,0,0.000414,0.000386731976050359,3.86731976050359
23,1,2,no_new_outage,8.53,0.00136387692809506,1.33495430681671,0,3,1,0.00136387692809506,0,0,0.000818326156857039,0.883464051093454,full_event_available,bernoulli_full_event,2,0,0.000434,0.000383423398174559,3.83423398174559
23,2,2,no_new_outage,8.53,0.00136387692809506,1.33495430681671,0,3,1,0.00136387692809506,0,0,0.000818326156857039,0.883464051093454,full_event_available,bernoulli_full_event,2,0,0.000434,0.000383423398174559,3.83423398174559
23,3,2,no_new_outage,8.53,0.00136387692809506,1.33495430681671,0,3,1,0.00136387692809506,0,0,0.000818326156857039,0.883464051093454,full_event_available,bernoulli_full_event,2,0,0.000434,0.000383423398174559,3.83423398174559
23,4,2,no_new_outage,8.53,0.00136387692809506,1.33495430681671,0,3,1,0.00136387692809506,0,0,0.000818326156857039,0.883464051093454,full_event_available,bernoulli_full_event,2,0,0.000434,0.000383423398174559,3.83423398174559
23,5,2,no_new_outage,8.53,0.00136387692809506,1.33495430681671,0,3,1,0.00136387692809506,0,0,0.000818326156857039,0.883464051093454,full_event_available,bernoulli_full_event,2,0,0.000434,0.000383423398174559,3.83423398174559
23,6,2,no_new_outage,8.53,0.00136387692809506,1.33495430681671,0,3,1,0.00136387692809506,0,0,0.000818326156857039,0.883464051093454,full_event_available,bernoulli_full_event,2,0,0.000434,0.000383423398174559,3.83423398174559
23,7,2,no_new_outage,8.53,0.00136387692809506,1.33495430681671,0,3,1,0.00136387692809506,0,0,0.000818326156857039,0.883464051093454,full_event_available,bernoulli_full_event,2,0,0.000434,0.000383423398174559,3.83423398174559
23,8,2,no_new_outage,8.53,0.00136387692809506,1.33495430681671,0,3,1,0.00136387692809506,0,0,0.000818326156857039,0.883464051093454,full_event_available,bernoulli_full_event,2,0,0.000434,0.000383423398174559,3.83423398174559
23,9,2,no_new_outage,8.53,0.00136387692809506,1.33495430681671,0,3,1,0.00136387692809506,0,0,0.000818326156857039,0.883464051093454,full_event_available,bernoulli_full_event,2,0,0.000434,0.000383423398174559,3.83423398174559
23,10,2,no_new_outage,8.53,0.00136387692809506,1.33495430681671,0,3,1,0.00136387692809506,0,0,0.000818326156857039,0.883464051093454,full_event_available,bernoulli_full_event,2,0,0.000434,0.000383423398174559,3.83423398174559
23,11,3,no_new_outage,8.53,0.00136387692809506,1.33495430681671,0,4,1,0.00136387692809506,0,0,0.000818326156857039,0.000936784543895167,full_event_available,bernoulli_full_event,3,0,0.000434,4.06564492050503e-07,0.00406564492050503
23,12,2,no_new_outage,8.53,0.00136387692809506,1.33495430681671,0,3,1,0.00136387692809506,0,0,0.000818326156857039,0.883464051093454,full_event_available,bernoulli_full_event,2,0,0.000434,0.000383423398174559,3.83423398174559
23,13,2,no_new_outage,8.53,0.00136387692809506,1.33495430681671,0,3,1,0.00136387692809506,0,0,0.000818326156857039,0.883464051093454,full_event_available,bernoulli_full_event,2,0,0.000434,0.000383423398174559,3.83423398174559
23,14,4,load_loss_threshold,4346.14,0.694912083501886,1.62793963655831,0.098688803000517,12,1,0.694912083501886,0,0,0.416947250101131,8.45947632400486e-11,full_event_available,bernoulli_full_event,4,0,0.000434,3.67141272461811e-14,3.67141272461811e-10
23,15,2,no_new_outage,8.53,0.00136387692809506,1.33495430681671,0,3,1,0.00136387692809506,0,0,0.000818326156857039,0.883464051093454,full_event_available,bernoulli_full_event,2,0,0.000434,0.000383423398174559,3.83423398174559
23,16,2,no_new_outage,8.53,0.00136387692809506,1.33495430681671,0,3,1,0.00136387692809506,0,0,0.000818326156857039,0.883464051093454,full_event_available,bernoulli_full_event,2,0,0.000434,0.000383423398174559,3.83423398174559
23,17,5,max_depth_reached,1601.16,0.256012330854478,2.18218279669994,0.196175810999135,9,1,0.256012330854478,7.09309678019967,0.699153146949671,1.71205738394255,0.000140816850821458,full_event_available,bernoulli_full_event,5,0,0.000434,6.11145132565127e-08,0.000611145132565127
23,18,2,no_new_outage,8.53,0.00136387692809506,1.33495430681671,0,4,1,0.00136387692809506,0,0,0.000818326156857039,0.00151431962936902,full_event_available,bernoulli_full_event,2,0,0.000434,6.57214719146153e-07,0.00657214719146152
23,19,2,no_new_outage,8.53,0.00136387692809506,1.33495430681671,0,3,1,0.00136387692809506,0,0,0.000818326156857039,0.883464051093454,full_event_available,bernoulli_full_event,2,0,0.000434,0.000383423398174559,3.83423398174559
23,20,2,no_new_outage,8.53,0.00136387692809506,1.33495430681671,0,3,1,0.00136387692809506,0,0,0.000818326156857039,0.883464051093454,full_event_available,bernoulli_full_event,2,0,0.000434,0.000383423398174559,3.83423398174559
24,1,1,no_new_outage,0,0,0.764056180667827,0,1,1,0,0,0,0,0.934100662977662,full_event_available,bernoulli_full_event,1,0,0.000377,0.000352155949942578,3.52155949942578
24,2,1,no_new_outage,0,0,0.764056180667827,0,1,1,0,0,0,0,0.934100662977662,full_event_available,bernoulli_full_event,1,0,0.000377,0.000352155949942578,3.52155949942578
24,3,1,no_new_outage,0,0,0.764056180667827,0,1,1,0,0,0,0,0.934100662977662,full_event_available,bernoulli_full_event,1,0,0.000377,0.000352155949942578,3.52155949942578
24,4,1,no_new_outage,0,0,0.764056180667827,0,1,1,0,0,0,0,0.934100662977662,full_event_available,bernoulli_full_event,1,0,0.000377,0.000352155949942578,3.52155949942578
24,5,1,no_new_outage,0,0,0.764056180667827,0,1,1,0,0,0,0,0.934100662977662,full_event_available,bernoulli_full_event,1,0,0.000377,0.000352155949942578,3.52155949942578
24,6,1,no_new_outage,0,0,0.764056180667827,0,1,1,0,0,0,0,0.934100662977662,full_event_available,bernoulli_full_event,1,0,0.000377,0.000352155949942578,3.52155949942578
24,7,1,no_new_outage,0,0,0.764056180667827,0,1,1,0,0,0,0,0.934100662977662,full_event_available,bernoulli_full_event,1,0,0.000377,0.000352155949942578,3.52155949942578
24,8,1,no_new_outage,0,0,0.764056180667827,0,1,1,0,0,0,0,0.934100662977662,full_event_available,bernoulli_full_event,1,0,0.000377,0.000352155949942578,3.52155949942578
24,9,1,no_new_outage,0,0,0.764056180667827,0,1,1,0,0,0,0,0.934100662977662,full_event_available,bernoulli_full_event,1,0,0.000377,0.000352155949942578,3.52155949942578
24,10,1,no_new_outage,0,0,0.764056180667827,0,1,1,0,0,0,0,0.934100662977662,full_event_available,bernoulli_full_event,1,0,0.000377,0.000352155949942578,3.52155949942578
24,11,1,no_new_outage,0,0,0.764056180667827,0,1,1,0,0,0,0,0.934100662977662,full_event_available,bernoulli_full_event,1,0,0.000377,0.000352155949942578,3.52155949942578
24,12,1,no_new_outage,0,0,0.764056180667827,0,1,1,0,0,0,0,0.934100662977662,full_event_available,bernoulli_full_event,1,0,0.000377,0.000352155949942578,3.52155949942578
24,13,5,max_depth_reached,5052.63,0.807874030855917,1.62236711787916,0.0700023035286329,17,1,0.807874030855917,0,0,0.48472441851355,3.00991098467414e-06,full_event_available,bernoulli_full_event,5,0,0.000377,1.13473644122215e-09,1.13473644122215e-05
24,14,1,no_new_outage,0,0,0.764056180667827,0,1,1,0,0,0,0,0.934100662977662,full_event_available,bernoulli_full_event,1,0,0.000377,0.000352155949942578,3.52155949942578
24,15,1,no_new_outage,0,0,0.764056180667827,0,1,1,0,0,0,0,0.934100662977662,full_event_available,bernoulli_full_event,1,0,0.000377,0.000352155949942578,3.52155949942578
24,16,1,no_new_outage,0,0,0.764056180667827,0,1,1,0,0,0,0,0.934100662977662,full_event_available,bernoulli_full_event,1,0,0.000377,0.000352155949942578,3.52155949942578
24,17,1,no_new_outage,0,0,0.764056180667827,0,1,1,0,0,0,0,0.934100662977662,full_event_available,bernoulli_full_event,1,0,0.000377,0.000352155949942578,3.52155949942578
24,18,1,no_new_outage,0,0,0.764056180667827,0,1,1,0,0,0,0,0.934100662977662,full_event_available,bernoulli_full_event,1,0,0.000377,0.000352155949942578,3.52155949942578
24,19,1,no_new_outage,0,0,0.764056180667827,0,1,1,0,0,0,0,0.934100662977662,full_event_available,bernoulli_full_event,1,0,0.000377,0.000352155949942578,3.52155949942578
24,20,1,no_new_outage,0,0,0.764056180667827,0,1,1,0,0,0,0,0.934100662977662,full_event_available,bernoulli_full_event,1,0,0.000377,0.000352155949942578,3.52155949942578
25,1,1,no_new_outage,0,0,0.825934225800928,0,1,1,0,0,0,0,0.934185629279381,full_event_available,bernoulli_full_event,1,0,0.000468,0.00043719887450275,4.3719887450275
25,2,1,no_new_outage,0,0,0.825934225800928,0,1,1,0,0,0,0,0.934185629279381,full_event_available,bernoulli_full_event,1,0,0.000468,0.00043719887450275,4.3719887450275
25,3,1,no_new_outage,0,0,0.825934225800928,0,1,1,0,0,0,0,0.934185629279381,full_event_available,bernoulli_full_event,1,0,0.000468,0.00043719887450275,4.3719887450275
25,4,1,no_new_outage,0,0,0.825934225800928,0,1,1,0,0,0,0,0.934185629279381,full_event_available,bernoulli_full_event,1,0,0.000468,0.00043719887450275,4.3719887450275
25,5,1,no_new_outage,0,0,0.825934225800928,0,1,1,0,0,0,0,0.934185629279381,full_event_available,bernoulli_full_event,1,0,0.000468,0.00043719887450275,4.3719887450275
25,6,1,no_new_outage,0,0,0.825934225800928,0,1,1,0,0,0,0,0.934185629279381,full_event_available,bernoulli_full_event,1,0,0.000468,0.00043719887450275,4.3719887450275
25,7,2,no_new_outage,0,0,0.9428360320587,0,2,1,0,0,0,0,0.000516255700428467,full_event_available,bernoulli_full_event,2,0,0.000468,2.41607667800523e-07,0.00241607667800523
25,8,1,no_new_outage,0,0,0.825934225800928,0,1,1,0,0,0,0,0.934185629279381,full_event_available,bernoulli_full_event,1,0,0.000468,0.00043719887450275,4.3719887450275
25,9,1,no_new_outage,0,0,0.825934225800928,0,1,1,0,0,0,0,0.934185629279381,full_event_available,bernoulli_full_event,1,0,0.000468,0.00043719887450275,4.3719887450275
25,10,1,no_new_outage,0,0,0.825934225800928,0,1,1,0,0,0,0,0.934185629279381,full_event_available,bernoulli_full_event,1,0,0.000468,0.00043719887450275,4.3719887450275
25,11,1,no_new_outage,0,0,0.825934225800928,0,1,1,0,0,0,0,0.934185629279381,full_event_available,bernoulli_full_event,1,0,0.000468,0.00043719887450275,4.3719887450275
25,12,1,no_new_outage,0,0,0.825934225800928,0,1,1,0,0,0,0,0.934185629279381,full_event_available,bernoulli_full_event,1,0,0.000468,0.00043719887450275,4.3719887450275
25,13,1,no_new_outage,0,0,0.825934225800928,0,1,1,0,0,0,0,0.934185629279381,full_event_available,bernoulli_full_event,1,0,0.000468,0.00043719887450275,4.3719887450275
25,14,1,no_new_outage,0,0,0.825934225800928,0,1,1,0,0,0,0,0.934185629279381,full_event_available,bernoulli_full_event,1,0,0.000468,0.00043719887450275,4.3719887450275
25,15,2,no_new_outage,0,0,0.828017771980578,0,2,1,0,0,0,0,0.00137888765837408,full_event_available,bernoulli_full_event,2,0,0.000468,6.45319424119068e-07,0.00645319424119068
25,16,1,no_new_outage,0,0,0.825934225800928,0,1,1,0,0,0,0,0.934185629279381,full_event_available,bernoulli_full_event,1,0,0.000468,0.00043719887450275,4.3719887450275
25,17,1,no_new_outage,0,0,0.825934225800928,0,1,1,0,0,0,0,0.934185629279381,full_event_available,bernoulli_full_event,1,0,0.000468,0.00043719887450275,4.3719887450275
25,18,1,no_new_outage,0,0,0.825934225800928,0,1,1,0,0,0,0,0.934185629279381,full_event_available,bernoulli_full_event,1,0,0.000468,0.00043719887450275,4.3719887450275
25,19,1,no_new_outage,0,0,0.825934225800928,0,1,1,0,0,0,0,0.934185629279381,full_event_available,bernoulli_full_event,1,0,0.000468,0.00043719887450275,4.3719887450275
25,20,1,no_new_outage,0,0,0.825934225800928,0,1,1,0,0,0,0,0.934185629279381,full_event_available,bernoulli_full_event,1,0,0.000468,0.00043719887450275,4.3719887450275
26,1,1,no_new_outage,0,0,0.856484700183187,0,1,1,0,0,0,0,0.93403438132138,full_event_available,bernoulli_full_event,1,0,0.000306,0.000285814520684342,2.85814520684342
26,2,1,no_new_outage,0,0,0.856484700183187,0,1,1,0,0,0,0,0.93403438132138,full_event_available,bernoulli_full_event,1,0,0.000306,0.000285814520684342,2.85814520684342
26,3,1,no_new_outage,0,0,0.856484700183187,0,1,1,0,0,0,0,0.93403438132138,full_event_available,bernoulli_full_event,1,0,0.000306,0.000285814520684342,2.85814520684342
26,4,1,no_new_outage,0,0,0.856484700183187,0,1,1,0,0,0,0,0.93403438132138,full_event_available,bernoulli_full_event,1,0,0.000306,0.000285814520684342,2.85814520684342
26,5,1,no_new_outage,0,0,0.856484700183187,0,1,1,0,0,0,0,0.93403438132138,full_event_available,bernoulli_full_event,1,0,0.000306,0.000285814520684342,2.85814520684342
26,6,1,no_new_outage,0,0,0.856484700183187,0,1,1,0,0,0,0,0.93403438132138,full_event_available,bernoulli_full_event,1,0,0.000306,0.000285814520684342,2.85814520684342
26,7,1,no_new_outage,0,0,0.856484700183187,0,1,1,0,0,0,0,0.93403438132138,full_event_available,bernoulli_full_event,1,0,0.000306,0.000285814520684342,2.85814520684342
26,8,1,no_new_outage,0,0,0.856484700183187,0,1,1,0,0,0,0,0.93403438132138,full_event_available,bernoulli_full_event,1,0,0.000306,0.000285814520684342,2.85814520684342
26,9,1,no_new_outage,0,0,0.856484700183187,0,1,1,0,0,0,0,0.93403438132138,full_event_available,bernoulli_full_event,1,0,0.000306,0.000285814520684342,2.85814520684342
26,10,1,no_new_outage,0,0,0.856484700183187,0,1,1,0,0,0,0,0.93403438132138,full_event_available,bernoulli_full_event,1,0,0.000306,0.000285814520684342,2.85814520684342
26,11,1,no_new_outage,0,0,0.856484700183187,0,1,1,0,0,0,0,0.93403438132138,full_event_available,bernoulli_full_event,1,0,0.000306,0.000285814520684342,2.85814520684342
26,12,3,no_new_outage,0,0,1.17156702923616,0,4,1,0,0,0,0,0.0013821147485313,full_event_available,bernoulli_full_event,3,0,0.000306,4.22927113050577e-07,0.00422927113050577
26,13,1,no_new_outage,0,0,0.856484700183187,0,1,1,0,0,0,0,0.93403438132138,full_event_available,bernoulli_full_event,1,0,0.000306,0.000285814520684342,2.85814520684342
26,14,1,no_new_outage,0,0,0.856484700183187,0,1,1,0,0,0,0,0.93403438132138,full_event_available,bernoulli_full_event,1,0,0.000306,0.000285814520684342,2.85814520684342
26,15,1,no_new_outage,0,0,0.856484700183187,0,1,1,0,0,0,0,0.93403438132138,full_event_available,bernoulli_full_event,1,0,0.000306,0.000285814520684342,2.85814520684342
26,16,1,no_new_outage,0,0,0.856484700183187,0,1,1,0,0,0,0,0.93403438132138,full_event_available,bernoulli_full_event,1,0,0.000306,0.000285814520684342,2.85814520684342
26,17,1,no_new_outage,0,0,0.856484700183187,0,1,1,0,0,0,0,0.93403438132138,full_event_available,bernoulli_full_event,1,0,0.000306,0.000285814520684342,2.85814520684342
26,18,1,no_new_outage,0,0,0.856484700183187,0,1,1,0,0,0,0,0.93403438132138,full_event_available,bernoulli_full_event,1,0,0.000306,0.000285814520684342,2.85814520684342
26,19,1,no_new_outage,0,0,0.856484700183187,0,1,1,0,0,0,0,0.93403438132138,full_event_available,bernoulli_full_event,1,0,0.000306,0.000285814520684342,2.85814520684342
26,20,1,no_new_outage,0,0,0.856484700183187,0,1,1,0,0,0,0,0.93403438132138,full_event_available,bernoulli_full_event,1,0,0.000306,0.000285814520684342,2.85814520684342
27,1,1,no_new_outage,680,0.10872641396303,0.817394106291268,0,1,1,0.10872641396303,0,0,0.0652358483778179,0.937373583523531,full_event_available,bernoulli_full_event,1,0,1.1e-05,1.03111094187588e-05,0.103111094187588
27,2,1,no_new_outage,680,0.10872641396303,0.817394106291268,0,1,1,0.10872641396303,0,0,0.0652358483778179,0.937373583523531,full_event_available,bernoulli_full_event,1,0,1.1e-05,1.03111094187588e-05,0.103111094187588
27,3,1,no_new_outage,680,0.10872641396303,0.817394106291268,0,1,1,0.10872641396303,0,0,0.0652358483778179,0.937373583523531,full_event_available,bernoulli_full_event,1,0,1.1e-05,1.03111094187588e-05,0.103111094187588
27,4,1,no_new_outage,680,0.10872641396303,0.817394106291268,0,1,1,0.10872641396303,0,0,0.0652358483778179,0.937373583523531,full_event_available,bernoulli_full_event,1,0,1.1e-05,1.03111094187588e-05,0.103111094187588
27,5,1,no_new_outage,680,0.10872641396303,0.817394106291268,0,1,1,0.10872641396303,0,0,0.0652358483778179,0.937373583523531,full_event_available,bernoulli_full_event,1,0,1.1e-05,1.03111094187588e-05,0.103111094187588
27,6,1,no_new_outage,680,0.10872641396303,0.817394106291268,0,1,1,0.10872641396303,0,0,0.0652358483778179,0.937373583523531,full_event_available,bernoulli_full_event,1,0,1.1e-05,1.03111094187588e-05,0.103111094187588
27,7,1,no_new_outage,680,0.10872641396303,0.817394106291268,0,1,1,0.10872641396303,0,0,0.0652358483778179,0.937373583523531,full_event_available,bernoulli_full_event,1,0,1.1e-05,1.03111094187588e-05,0.103111094187588
27,8,1,no_new_outage,680,0.10872641396303,0.817394106291268,0,1,1,0.10872641396303,0,0,0.0652358483778179,0.937373583523531,full_event_available,bernoulli_full_event,1,0,1.1e-05,1.03111094187588e-05,0.103111094187588
27,9,1,no_new_outage,680,0.10872641396303,0.817394106291268,0,1,1,0.10872641396303,0,0,0.0652358483778179,0.937373583523531,full_event_available,bernoulli_full_event,1,0,1.1e-05,1.03111094187588e-05,0.103111094187588
27,10,1,no_new_outage,680,0.10872641396303,0.817394106291268,0,1,1,0.10872641396303,0,0,0.0652358483778179,0.937373583523531,full_event_available,bernoulli_full_event,1,0,1.1e-05,1.03111094187588e-05,0.103111094187588
27,11,1,no_new_outage,680,0.10872641396303,0.817394106291268,0,1,1,0.10872641396303,0,0,0.0652358483778179,0.937373583523531,full_event_available,bernoulli_full_event,1,0,1.1e-05,1.03111094187588e-05,0.103111094187588
27,12,1,no_new_outage,680,0.10872641396303,0.817394106291268,0,1,1,0.10872641396303,0,0,0.0652358483778179,0.937373583523531,full_event_available,bernoulli_full_event,1,0,1.1e-05,1.03111094187588e-05,0.103111094187588
27,13,1,no_new_outage,680,0.10872641396303,0.817394106291268,0,1,1,0.10872641396303,0,0,0.0652358483778179,0.937373583523531,full_event_available,bernoulli_full_event,1,0,1.1e-05,1.03111094187588e-05,0.103111094187588
27,14,1,no_new_outage,680,0.10872641396303,0.817394106291268,0,1,1,0.10872641396303,0,0,0.0652358483778179,0.937373583523531,full_event_available,bernoulli_full_event,1,0,1.1e-05,1.03111094187588e-05,0.103111094187588
27,15,1,no_new_outage,680,0.10872641396303,0.817394106291268,0,1,1,0.10872641396303,0,0,0.0652358483778179,0.937373583523531,full_event_available,bernoulli_full_event,1,0,1.1e-05,1.03111094187588e-05,0.103111094187588
27,16,1,no_new_outage,680,0.10872641396303,0.817394106291268,0,1,1,0.10872641396303,0,0,0.0652358483778179,0.937373583523531,full_event_available,bernoulli_full_event,1,0,1.1e-05,1.03111094187588e-05,0.103111094187588
27,17,1,no_new_outage,680,0.10872641396303,0.817394106291268,0,1,1,0.10872641396303,0,0,0.0652358483778179,0.937373583523531,full_event_available,bernoulli_full_event,1,0,1.1e-05,1.03111094187588e-05,0.103111094187588
27,18,1,no_new_outage,680,0.10872641396303,0.817394106291268,0,1,1,0.10872641396303,0,0,0.0652358483778179,0.937373583523531,full_event_available,bernoulli_full_event,1,0,1.1e-05,1.03111094187588e-05,0.103111094187588
27,19,1,no_new_outage,680,0.10872641396303,0.817394106291268,0,1,1,0.10872641396303,0,0,0.0652358483778179,0.937373583523531,full_event_available,bernoulli_full_event,1,0,1.1e-05,1.03111094187588e-05,0.103111094187588
27,20,1,no_new_outage,680,0.10872641396303,0.817394106291268,0,1,1,0.10872641396303,0,0,0.0652358483778179,0.937373583523531,full_event_available,bernoulli_full_event,1,0,1.1e-05,1.03111094187588e-05,0.103111094187588
28,1,4,load_loss_threshold,5172.79,0.827086627770325,3.21770634434152,0.0230627162142989,15,1,0.827086627770325,0,0,0.496251976662195,3.4684227958497e-05,full_event_available,bernoulli_full_event,4,0,0.000473,1.64056398243691e-08,0.000164056398243691
28,2,5,max_depth_reached,3397.516,0.543234898620614,1.77814232833082,0.00402646365774084,12,0,1,1,1,1,0.1009994968387,full_event_available,bernoulli_full_event,5,0,0.000473,4.77727620047049e-05,0.477727620047049
28,3,4,load_loss_threshold,3581.57125,0.572663821125862,2.2839536592606,0.108351876397964,16,1,0.572663821125862,3.3899317607117,0.257068729889648,1.07299839079579,0.0240388454158442,full_event_available,bernoulli_full_event,4,0,0.000473,1.13703738816943e-05,0.113703738816943
28,4,4,load_loss_threshold,3434.63,0.549169122338002,1.50545329526819,0.137897762573273,9,0,1,1,1,1,0.000347229832161257,full_event_available,bernoulli_full_event,4,0,0.000473,1.64239710612274e-07,0.00164239710612274
28,5,4,load_loss_threshold,1961.08,0.313560582197968,1.77814232833082,0,9,1,0.313560582197968,1.83331293749472,0,0.554798936817726,0.000330135749306389,full_event_available,bernoulli_full_event,4,0,0.000473,1.56154209421922e-07,0.00156154209421922
28,6,5,max_depth_reached,3082.18,0.492815262630252,1.47611259272417,0.0774949702113196,13,0,1,1,1,1,1.73276885013828e-05,full_event_available,bernoulli_full_event,5,0,0.000473,8.19599666115404e-09,8.19599666115404e-05
28,7,5,max_depth_reached,3397.516,0.543234898620614,1.77747390190952,0.00402646365774084,11,0,1,1,1,1,0.138860223053805,full_event_available,bernoulli_full_event,5,0,0.000473,6.56808855044496e-05,0.656808855044496
28,8,4,load_loss_threshold,3581.57125,0.572663821125862,2.28395365926061,0.131964951587553,17,1,0.572663821125862,3.42229651509112,1.18768456428798,1.26559450855134,7.89602902707897e-08,full_event_available,bernoulli_full_event,4,0,0.000473,3.73482172980835e-11,3.73482172980835e-07
28,9,5,max_depth_reached,3397.516,0.543234898620614,1.77814232833082,0.00402646365774084,12,0,1,1,1,1,0.1009994968387,full_event_available,bernoulli_full_event,5,0,0.000473,4.77727620047049e-05,0.477727620047049
28,10,2,no_new_outage,521.5,0.0833835660025295,1.14522930283294,0,2,1,0.0833835660025295,0,0,0.0500301396015177,0.15188137347456,full_event_available,bernoulli_full_event,2,0,0.000473,7.18398896534667e-05,0.718398896534667
28,11,4,load_loss_threshold,3581.57125,0.572663821125862,2.2839536592606,0.108351876397964,16,1,0.572663821125862,3.3899317607117,0.257068729889648,1.07299839079579,0.0240388454158442,full_event_available,bernoulli_full_event,4,0,0.000473,1.13703738816943e-05,0.113703738816943
28,12,5,max_depth_reached,3165.685,0.506167026156697,2.29653313055615,0.112436993266228,17,1,0.506167026156697,5.17111366102119,0.109133505972196,1.3597496490927,0.0105551161123289,full_event_available,bernoulli_full_event,5,0,0.000473,4.99256992113159e-06,0.0499256992113159
28,13,5,max_depth_reached,3392.44065,0.542423391848397,1.79180192486013,0.007927657912567,12,0,1,1,1,1,0.00022792662745701,full_event_available,bernoulli_full_event,5,0,0.000473,1.07809294787166e-07,0.00107809294787166
28,14,4,load_loss_threshold,2471.08,0.395105392670241,1.89939076021128,0.145198748359133,11,1,0.395105392670241,3.59756304084514,0.744943174961092,1.10556447876339,7.32170433564466e-06,full_event_available,bernoulli_full_event,4,0,0.000473,3.46316615075992e-09,3.46316615075992e-05
28,15,4,load_loss_threshold,1954.6825,0.312537674501897,1.50158100061694,0,7,1,0.312537674501897,0.0551440923233644,0,0.198551423165811,7.3557308923357e-05,full_event_available,bernoulli_full_event,4,0,0.000473,3.47926071207478e-08,0.000347926071207478
28,16,2,no_new_outage,521.5,0.0833835660025295,1.14522930283294,0,2,1,0.0833835660025295,0,0,0.0500301396015177,0.15188137347456,full_event_available,bernoulli_full_event,2,0,0.000473,7.18398896534667e-05,0.718398896534667
28,17,5,max_depth_reached,3397.516,0.543234898620614,1.77814232833082,0.00402646365774084,12,0,1,1,1,1,0.1009994968387,full_event_available,bernoulli_full_event,5,0,0.000473,4.77727620047049e-05,0.477727620047049
28,18,5,max_depth_reached,2061.112,0.329554877259071,1.98572883871311,0.0853216369308539,11,1,0.329554877259071,4.92864419356556,0.767894732377685,1.33704071154409,0.102381016215819,full_event_available,bernoulli_full_event,5,0,0.000473,4.84262206700822e-05,0.484262206700822
28,19,2,no_new_outage,521.5,0.0833835660025295,1.14522930283294,0,2,1,0.0833835660025295,0,0,0.0500301396015177,0.15188137347456,full_event_available,bernoulli_full_event,2,0,0.000473,7.18398896534667e-05,0.718398896534667
28,20,5,max_depth_reached,2054.58655,0.328511511409078,2.0948481020838,0.224801676159718,10,1,0.328511511409078,5.47424051041901,2.92242179007633,1.87643936694452,0.019058196345744,full_event_available,bernoulli_full_event,5,0,0.000473,9.0145268715369e-06,0.090145268715369
29,1,1,no_new_outage,0,0,0.770721867934168,0,1,1,0,0,0,0,0.934308904577628,full_event_available,bernoulli_full_event,1,0,0.0006,0.000560585342746577,5.60585342746577
29,2,1,no_new_outage,0,0,0.770721867934168,0,1,1,0,0,0,0,0.934308904577628,full_event_available,bernoulli_full_event,1,0,0.0006,0.000560585342746577,5.60585342746577
29,3,1,no_new_outage,0,0,0.770721867934168,0,1,1,0,0,0,0,0.934308904577628,full_event_available,bernoulli_full_event,1,0,0.0006,0.000560585342746577,5.60585342746577
29,4,1,no_new_outage,0,0,0.770721867934168,0,1,1,0,0,0,0,0.934308904577628,full_event_available,bernoulli_full_event,1,0,0.0006,0.000560585342746577,5.60585342746577
29,5,1,no_new_outage,0,0,0.770721867934168,0,1,1,0,0,0,0,0.934308904577628,full_event_available,bernoulli_full_event,1,0,0.0006,0.000560585342746577,5.60585342746577
29,6,1,no_new_outage,0,0,0.770721867934168,0,1,1,0,0,0,0,0.934308904577628,full_event_available,bernoulli_full_event,1,0,0.0006,0.000560585342746577,5.60585342746577
29,7,3,no_new_outage,9.2,0.0014710044242057,1.11611633902019,0,4,1,0.0014710044242057,0,0,0.000882602654523418,1.57770396442903e-06,full_event_available,bernoulli_full_event,3,0,0.0006,9.46622378657417e-10,9.46622378657417e-06
29,8,1,no_new_outage,0,0,0.770721867934168,0,1,1,0,0,0,0,0.934308904577628,full_event_available,bernoulli_full_event,1,0,0.0006,0.000560585342746577,5.60585342746577
29,9,1,no_new_outage,0,0,0.770721867934168,0,1,1,0,0,0,0,0.934308904577628,full_event_available,bernoulli_full_event,1,0,0.0006,0.000560585342746577,5.60585342746577
29,10,1,no_new_outage,0,0,0.770721867934168,0,1,1,0,0,0,0,0.934308904577628,full_event_available,bernoulli_full_event,1,0,0.0006,0.000560585342746577,5.60585342746577
29,11,1,no_new_outage,0,0,0.770721867934168,0,1,1,0,0,0,0,0.934308904577628,full_event_available,bernoulli_full_event,1,0,0.0006,0.000560585342746577,5.60585342746577
29,12,1,no_new_outage,0,0,0.770721867934168,0,1,1,0,0,0,0,0.934308904577628,full_event_available,bernoulli_full_event,1,0,0.0006,0.000560585342746577,5.60585342746577
29,13,1,no_new_outage,0,0,0.770721867934168,0,1,1,0,0,0,0,0.934308904577628,full_event_available,bernoulli_full_event,1,0,0.0006,0.000560585342746577,5.60585342746577
29,14,4,load_loss_threshold,2793.424,0.446645550291563,1.72113211914737,0.00102331306165238,12,1,0.446645550291563,2.1633963574421,0.00102331306165238,0.700871264275689,0.000274124241052691,full_event_available,bernoulli_full_event,4,0,0.0006,1.64474544631615e-07,0.00164474544631615
29,15,1,no_new_outage,0,0,0.770721867934168,0,1,1,0,0,0,0,0.934308904577628,full_event_available,bernoulli_full_event,1,0,0.0006,0.000560585342746577,5.60585342746577
29,16,1,no_new_outage,0,0,0.770721867934168,0,1,1,0,0,0,0,0.934308904577628,full_event_available,bernoulli_full_event,1,0,0.0006,0.000560585342746577,5.60585342746577
29,17,1,no_new_outage,0,0,0.770721867934168,0,1,1,0,0,0,0,0.934308904577628,full_event_available,bernoulli_full_event,1,0,0.0006,0.000560585342746577,5.60585342746577
29,18,1,no_new_outage,0,0,0.770721867934168,0,1,1,0,0,0,0,0.934308904577628,full_event_available,bernoulli_full_event,1,0,0.0006,0.000560585342746577,5.60585342746577
29,19,1,no_new_outage,0,0,0.770721867934168,0,1,1,0,0,0,0,0.934308904577628,full_event_available,bernoulli_full_event,1,0,0.0006,0.000560585342746577,5.60585342746577
29,20,1,no_new_outage,0,0,0.770721867934168,0,1,1,0,0,0,0,0.934308904577628,full_event_available,bernoulli_full_event,1,0,0.0006,0.000560585342746577,5.60585342746577
30,1,1,no_new_outage,0,0,0.860366745796546,0,1,1,0,0,0,0,0.934355608262743,full_event_available,bernoulli_full_event,1,0,0.00065,0.000607331145370783,6.07331145370783
30,2,1,no_new_outage,0,0,0.860366745796546,0,1,1,0,0,0,0,0.934355608262743,full_event_available,bernoulli_full_event,1,0,0.00065,0.000607331145370783,6.07331145370783
30,3,1,no_new_outage,0,0,0.860366745796546,0,1,1,0,0,0,0,0.934355608262743,full_event_available,bernoulli_full_event,1,0,0.00065,0.000607331145370783,6.07331145370783
30,4,1,no_new_outage,0,0,0.860366745796546,0,1,1,0,0,0,0,0.934355608262743,full_event_available,bernoulli_full_event,1,0,0.00065,0.000607331145370783,6.07331145370783
30,5,1,no_new_outage,0,0,0.860366745796546,0,1,1,0,0,0,0,0.934355608262743,full_event_available,bernoulli_full_event,1,0,0.00065,0.000607331145370783,6.07331145370783
30,6,5,max_depth_reached,1418.07,0.226737743894932,1.73463773207326,0,11,1,0.226737743894932,2.16623129885211,0,0.569288906107381,0.000242984146851485,full_event_available,bernoulli_full_event,5,0,0.00065,1.57939695453465e-07,0.00157939695453465
30,7,4,load_loss_threshold,1882.24,0.300954713849666,1.32126854791009,0,6,0,1,1,1,1,0.00133464846158839,full_event_available,bernoulli_full_event,4,0,0.00065,8.67521500032451e-07,0.00867521500032451
30,8,1,no_new_outage,0,0,0.860366745796546,0,1,1,0,0,0,0,0.934355608262743,full_event_available,bernoulli_full_event,1,0,0.00065,0.000607331145370783,6.07331145370783
30,9,1,no_new_outage,0,0,0.860366745796546,0,1,1,0,0,0,0,0.934355608262743,full_event_available,bernoulli_full_event,1,0,0.00065,0.000607331145370783,6.07331145370783
30,10,1,no_new_outage,0,0,0.860366745796546,0,1,1,0,0,0,0,0.934355608262743,full_event_available,bernoulli_full_event,1,0,0.00065,0.000607331145370783,6.07331145370783
30,11,1,no_new_outage,0,0,0.860366745796546,0,1,1,0,0,0,0,0.934355608262743,full_event_available,bernoulli_full_event,1,0,0.00065,0.000607331145370783,6.07331145370783
30,12,1,no_new_outage,0,0,0.860366745796546,0,1,1,0,0,0,0,0.934355608262743,full_event_available,bernoulli_full_event,1,0,0.00065,0.000607331145370783,6.07331145370783
30,13,1,no_new_outage,0,0,0.860366745796546,0,1,1,0,0,0,0,0.934355608262743,full_event_available,bernoulli_full_event,1,0,0.00065,0.000607331145370783,6.07331145370783
30,14,1,no_new_outage,0,0,0.860366745796546,0,1,1,0,0,0,0,0.934355608262743,full_event_available,bernoulli_full_event,1,0,0.00065,0.000607331145370783,6.07331145370783
30,15,1,no_new_outage,0,0,0.860366745796546,0,1,1,0,0,0,0,0.934355608262743,full_event_available,bernoulli_full_event,1,0,0.00065,0.000607331145370783,6.07331145370783
30,16,1,no_new_outage,0,0,0.860366745796546,0,1,1,0,0,0,0,0.934355608262743,full_event_available,bernoulli_full_event,1,0,0.00065,0.000607331145370783,6.07331145370783
30,17,1,no_new_outage,0,0,0.860366745796546,0,1,1,0,0,0,0,0.934355608262743,full_event_available,bernoulli_full_event,1,0,0.00065,0.000607331145370783,6.07331145370783
30,18,1,no_new_outage,0,0,0.860366745796546,0,1,1,0,0,0,0,0.934355608262743,full_event_available,bernoulli_full_event,1,0,0.00065,0.000607331145370783,6.07331145370783
30,19,1,no_new_outage,0,0,0.860366745796546,0,1,1,0,0,0,0,0.934355608262743,full_event_available,bernoulli_full_event,1,0,0.00065,0.000607331145370783,6.07331145370783
30,20,1,no_new_outage,0,0,0.860366745796546,0,1,1,0,0,0,0,0.934355608262743,full_event_available,bernoulli_full_event,1,0,0.00065,0.000607331145370783,6.07331145370783
31,1,1,no_new_outage,0,0,0.766018855210176,0,1,1,0,0,0,0,0.934292092393927,full_event_available,bernoulli_full_event,1,0,0.000582,0.000543757997773266,5.43757997773266
31,2,1,no_new_outage,0,0,0.766018855210176,0,1,1,0,0,0,0,0.934292092393927,full_event_available,bernoulli_full_event,1,0,0.000582,0.000543757997773266,5.43757997773266
31,3,1,no_new_outage,0,0,0.766018855210176,0,1,1,0,0,0,0,0.934292092393927,full_event_available,bernoulli_full_event,1,0,0.000582,0.000543757997773266,5.43757997773266
31,4,1,no_new_outage,0,0,0.766018855210176,0,1,1,0,0,0,0,0.934292092393927,full_event_available,bernoulli_full_event,1,0,0.000582,0.000543757997773266,5.43757997773266
31,5,1,no_new_outage,0,0,0.766018855210176,0,1,1,0,0,0,0,0.934292092393927,full_event_available,bernoulli_full_event,1,0,0.000582,0.000543757997773266,5.43757997773266
31,6,1,no_new_outage,0,0,0.766018855210176,0,1,1,0,0,0,0,0.934292092393927,full_event_available,bernoulli_full_event,1,0,0.000582,0.000543757997773266,5.43757997773266
31,7,1,no_new_outage,0,0,0.766018855210176,0,1,1,0,0,0,0,0.934292092393927,full_event_available,bernoulli_full_event,1,0,0.000582,0.000543757997773266,5.43757997773266
31,8,1,no_new_outage,0,0,0.766018855210176,0,1,1,0,0,0,0,0.934292092393927,full_event_available,bernoulli_full_event,1,0,0.000582,0.000543757997773266,5.43757997773266
31,9,1,no_new_outage,0,0,0.766018855210176,0,1,1,0,0,0,0,0.934292092393927,full_event_available,bernoulli_full_event,1,0,0.000582,0.000543757997773266,5.43757997773266
31,10,1,no_new_outage,0,0,0.766018855210176,0,1,1,0,0,0,0,0.934292092393927,full_event_available,bernoulli_full_event,1,0,0.000582,0.000543757997773266,5.43757997773266
31,11,1,no_new_outage,0,0,0.766018855210176,0,1,1,0,0,0,0,0.934292092393927,full_event_available,bernoulli_full_event,1,0,0.000582,0.000543757997773266,5.43757997773266
31,12,1,no_new_outage,0,0,0.766018855210176,0,1,1,0,0,0,0,0.934292092393927,full_event_available,bernoulli_full_event,1,0,0.000582,0.000543757997773266,5.43757997773266
31,13,1,no_new_outage,0,0,0.766018855210176,0,1,1,0,0,0,0,0.934292092393927,full_event_available,bernoulli_full_event,1,0,0.000582,0.000543757997773266,5.43757997773266
31,14,2,no_new_outage,0,0,0.784588429334543,0,2,1,0,0,0,0,0.00129242931413593,full_event_available,bernoulli_full_event,2,0,0.000582,7.52193860827109e-07,0.00752193860827109
31,15,1,no_new_outage,0,0,0.766018855210176,0,1,1,0,0,0,0,0.934292092393927,full_event_available,bernoulli_full_event,1,0,0.000582,0.000543757997773266,5.43757997773266
31,16,1,no_new_outage,0,0,0.766018855210176,0,1,1,0,0,0,0,0.934292092393927,full_event_available,bernoulli_full_event,1,0,0.000582,0.000543757997773266,5.43757997773266
31,17,1,no_new_outage,0,0,0.766018855210176,0,1,1,0,0,0,0,0.934292092393927,full_event_available,bernoulli_full_event,1,0,0.000582,0.000543757997773266,5.43757997773266
31,18,2,no_new_outage,0,0,0.772278710729068,0,2,1,0,0,0,0,0.00137920196215928,full_event_available,bernoulli_full_event,2,0,0.000582,8.02695541976701e-07,0.00802695541976701
31,19,1,no_new_outage,0,0,0.766018855210176,0,1,1,0,0,0,0,0.934292092393927,full_event_available,bernoulli_full_event,1,0,0.000582,0.000543757997773266,5.43757997773266
31,20,1,no_new_outage,0,0,0.766018855210176,0,1,1,0,0,0,0,0.934292092393927,full_event_available,bernoulli_full_event,1,0,0.000582,0.000543757997773266,5.43757997773266
32,1,2,no_new_outage,680,0.10872641396303,1.05374989502987,0,2,1,0.10872641396303,0,0,0.0652358483778179,0.877681654779003,full_event_available,bernoulli_full_event,2,0,0.000515,0.000452006052211186,4.52006052211186
32,2,2,no_new_outage,680,0.10872641396303,1.05374989502987,0,2,1,0.10872641396303,0,0,0.0652358483778179,0.877681654779003,full_event_available,bernoulli_full_event,2,0,0.000515,0.000452006052211186,4.52006052211186
32,3,2,no_new_outage,680,0.10872641396303,1.05374989502987,0,2,1,0.10872641396303,0,0,0.0652358483778179,0.877681654779003,full_event_available,bernoulli_full_event,2,0,0.000515,0.000452006052211186,4.52006052211186
32,4,2,no_new_outage,680,0.10872641396303,1.05374989502987,0,2,1,0.10872641396303,0,0,0.0652358483778179,0.877681654779003,full_event_available,bernoulli_full_event,2,0,0.000515,0.000452006052211186,4.52006052211186
32,5,2,no_new_outage,680,0.10872641396303,1.05374989502987,0,2,1,0.10872641396303,0,0,0.0652358483778179,0.877681654779003,full_event_available,bernoulli_full_event,2,0,0.000515,0.000452006052211186,4.52006052211186
32,6,2,no_new_outage,680,0.10872641396303,1.05374989502987,0,2,1,0.10872641396303,0,0,0.0652358483778179,0.877681654779003,full_event_available,bernoulli_full_event,2,0,0.000515,0.000452006052211186,4.52006052211186
32,7,2,no_new_outage,680,0.10872641396303,1.05374989502987,0,2,1,0.10872641396303,0,0,0.0652358483778179,0.877681654779003,full_event_available,bernoulli_full_event,2,0,0.000515,0.000452006052211186,4.52006052211186
32,8,2,no_new_outage,680,0.10872641396303,1.05374989502987,0,2,1,0.10872641396303,0,0,0.0652358483778179,0.877681654779003,full_event_available,bernoulli_full_event,2,0,0.000515,0.000452006052211186,4.52006052211186
32,9,2,no_new_outage,680,0.10872641396303,1.05374989502987,0,2,1,0.10872641396303,0,0,0.0652358483778179,0.877681654779003,full_event_available,bernoulli_full_event,2,0,0.000515,0.000452006052211186,4.52006052211186
32,10,2,no_new_outage,680,0.10872641396303,1.05374989502987,0,2,1,0.10872641396303,0,0,0.0652358483778179,0.877681654779003,full_event_available,bernoulli_full_event,2,0,0.000515,0.000452006052211186,4.52006052211186
32,11,2,no_new_outage,680,0.10872641396303,1.05374989502987,0,2,1,0.10872641396303,0,0,0.0652358483778179,0.877681654779003,full_event_available,bernoulli_full_event,2,0,0.000515,0.000452006052211186,4.52006052211186
32,12,2,no_new_outage,680,0.10872641396303,1.05374989502987,0,2,1,0.10872641396303,0,0,0.0652358483778179,0.877681654779003,full_event_available,bernoulli_full_event,2,0,0.000515,0.000452006052211186,4.52006052211186
32,13,2,no_new_outage,680,0.10872641396303,1.05374989502987,0,2,1,0.10872641396303,0,0,0.0652358483778179,0.877681654779003,full_event_available,bernoulli_full_event,2,0,0.000515,0.000452006052211186,4.52006052211186
32,14,2,no_new_outage,680,0.10872641396303,1.05374989502987,0,2,1,0.10872641396303,0,0,0.0652358483778179,0.877681654779003,full_event_available,bernoulli_full_event,2,0,0.000515,0.000452006052211186,4.52006052211186
32,15,5,max_depth_reached,1531.205,0.244827101018031,1.48931426544194,0.196175810999135,8,1,0.244827101018031,0.456492065821874,0.980879054995675,0.434370484774328,0.00126076232294804,full_event_available,bernoulli_full_event,5,0,0.000515,6.49292596318239e-07,0.00649292596318239
32,16,2,no_new_outage,680,0.10872641396303,1.05374989502987,0,2,1,0.10872641396303,0,0,0.0652358483778179,0.877681654779003,full_event_available,bernoulli_full_event,2,0,0.000515,0.000452006052211186,4.52006052211186
32,17,2,no_new_outage,680,0.10872641396303,1.05374989502987,0,2,1,0.10872641396303,0,0,0.0652358483778179,0.877681654779003,full_event_available,bernoulli_full_event,2,0,0.000515,0.000452006052211186,4.52006052211186
32,18,2,no_new_outage,680,0.10872641396303,1.05374989502987,0,2,1,0.10872641396303,0,0,0.0652358483778179,0.877681654779003,full_event_available,bernoulli_full_event,2,0,0.000515,0.000452006052211186,4.52006052211186
32,19,2,no_new_outage,680,0.10872641396303,1.05374989502987,0,2,1,0.10872641396303,0,0,0.0652358483778179,0.877681654779003,full_event_available,bernoulli_full_event,2,0,0.000515,0.000452006052211186,4.52006052211186
32,20,2,no_new_outage,680,0.10872641396303,1.05374989502987,0,2,1,0.10872641396303,0,0,0.0652358483778179,0.877681654779003,full_event_available,bernoulli_full_event,2,0,0.000515,0.000452006052211186,4.52006052211186
33,1,1,no_new_outage,0,0,0.931640221668631,0,1,1,0,0,0,0,0.583700813480953,full_event_available,bernoulli_full_event,1,0,2.5e-05,1.45925203370238e-05,0.145925203370238
33,2,1,no_new_outage,0,0,0.931640221668631,0,1,1,0,0,0,0,0.583700813480953,full_event_available,bernoulli_full_event,1,0,2.5e-05,1.45925203370238e-05,0.145925203370238
33,3,1,no_new_outage,0,0,0.931640221668631,0,1,1,0,0,0,0,0.583700813480953,full_event_available,bernoulli_full_event,1,0,2.5e-05,1.45925203370238e-05,0.145925203370238
33,4,5,max_depth_reached,4386.4655,0.701359799687571,2.18218279669995,0.239082903158542,16,1,0.701359799687571,2.64473744764991,0.458636961590323,1.04149076166059,0.0123792741286504,full_event_available,bernoulli_full_event,5,0,2.5e-05,3.09481853216259e-07,0.00309481853216259
33,5,1,no_new_outage,0,0,0.931640221668631,0,1,1,0,0,0,0,0.583700813480953,full_event_available,bernoulli_full_event,1,0,2.5e-05,1.45925203370238e-05,0.145925203370238
33,6,5,max_depth_reached,4690.995,0.75005156510074,2.18218279669995,0.239082903158542,19,1,0.75005156510074,0.241751128847256,0,0.498381164829895,0.0259524665356273,full_event_available,bernoulli_full_event,5,0,2.5e-05,6.48811663390683e-07,0.00648811663390683
33,7,1,no_new_outage,0,0,0.931640221668631,0,1,1,0,0,0,0,0.583700813480953,full_event_available,bernoulli_full_event,1,0,2.5e-05,1.45925203370238e-05,0.145925203370238
33,8,5,max_depth_reached,4386.4655,0.701359799687571,2.18218279669995,0.239082903158542,17,0,1,1,1,1,0.015721988816363,full_event_available,bernoulli_full_event,5,0,2.5e-05,3.93049720409075e-07,0.00393049720409075
33,9,1,no_new_outage,0,0,0.931640221668631,0,1,1,0,0,0,0,0.583700813480953,full_event_available,bernoulli_full_event,1,0,2.5e-05,1.45925203370238e-05,0.145925203370238
33,10,1,no_new_outage,0,0,0.931640221668631,0,1,1,0,0,0,0,0.583700813480953,full_event_available,bernoulli_full_event,1,0,2.5e-05,1.45925203370238e-05,0.145925203370238
33,11,1,no_new_outage,0,0,0.931640221668631,0,1,1,0,0,0,0,0.583700813480953,full_event_available,bernoulli_full_event,1,0,2.5e-05,1.45925203370238e-05,0.145925203370238
33,12,1,no_new_outage,0,0,0.931640221668631,0,1,1,0,0,0,0,0.583700813480953,full_event_available,bernoulli_full_event,1,0,2.5e-05,1.45925203370238e-05,0.145925203370238
33,13,1,no_new_outage,0,0,0.931640221668631,0,1,1,0,0,0,0,0.583700813480953,full_event_available,bernoulli_full_event,1,0,2.5e-05,1.45925203370238e-05,0.145925203370238
33,14,5,max_depth_reached,4386.4655,0.701359799687571,2.18218279669995,0.239082903158542,17,1,0.701359799687571,2.64473744764991,0.458636961590323,1.04149076166059,1.39045767062328e-05,full_event_available,bernoulli_full_event,5,0,2.5e-05,3.47614417655819e-10,3.47614417655819e-06
33,15,1,no_new_outage,0,0,0.931640221668631,0,1,1,0,0,0,0,0.583700813480953,full_event_available,bernoulli_full_event,1,0,2.5e-05,1.45925203370238e-05,0.145925203370238
33,16,5,max_depth_reached,4227.082,0.675875687334812,2.18218279669995,0.239082903158542,17,1,0.675875687334812,3.22501259752793,0.481502455020912,1.14682842291066,0.0121321693738313,full_event_available,bernoulli_full_event,5,0,2.5e-05,3.03304234345782e-07,0.00303304234345782
33,17,5,max_depth_reached,4690.995,0.75005156510074,2.18218279669995,0.239082903158542,18,1,0.75005156510074,0.241751128847256,0,0.498381164829895,0.0264810593769101,full_event_available,bernoulli_full_event,5,0,2.5e-05,6.62026484422752e-07,0.00662026484422752
33,18,5,max_depth_reached,4480.4755,0.71639122641796,2.18218279669995,0.239082903158542,17,0,1,1,1,1,0.00626522391678762,full_event_available,bernoulli_full_event,5,0,2.5e-05,1.56630597919691e-07,0.00156630597919691
33,19,5,max_depth_reached,4475.0321425,0.715520878269587,1.88931823399987,0.130909306078991,13,1,0.715520878269587,1.42460387058727,0.71546042439906,0.857325385959019,0.0096741491828195,full_event_available,bernoulli_full_event,5,0,2.5e-05,2.41853729570487e-07,0.00241853729570487
33,20,5,max_depth_reached,4690.995,0.75005156510074,2.18218279669995,0.239082903158542,18,1,0.75005156510074,0,0,0.450030939060444,0.000799026214266287,full_event_available,bernoulli_full_event,5,0,2.5e-05,1.99756553566572e-08,0.000199756553566572
34,1,2,no_new_outage,0,0,0.853252861013042,0,2,1,0,0,0,0,0.00148540355273401,full_event_available,bernoulli_full_event,2,0,2.5e-05,3.71350888183503e-08,0.000371350888183503
34,2,1,no_new_outage,0,0,0.853252861013042,0,1,1,0,0,0,0,0.933772147587476,full_event_available,bernoulli_full_event,1,0,2.5e-05,2.33443036896869e-05,0.233443036896869
34,3,1,no_new_outage,0,0,0.853252861013042,0,1,1,0,0,0,0,0.933772147587476,full_event_available,bernoulli_full_event,1,0,2.5e-05,2.33443036896869e-05,0.233443036896869
34,4,1,no_new_outage,0,0,0.853252861013042,0,1,1,0,0,0,0,0.933772147587476,full_event_available,bernoulli_full_event,1,0,2.5e-05,2.33443036896869e-05,0.233443036896869
34,5,1,no_new_outage,0,0,0.853252861013042,0,1,1,0,0,0,0,0.933772147587476,full_event_available,bernoulli_full_event,1,0,2.5e-05,2.33443036896869e-05,0.233443036896869
34,6,1,no_new_outage,0,0,0.853252861013042,0,1,1,0,0,0,0,0.933772147587476,full_event_available,bernoulli_full_event,1,0,2.5e-05,2.33443036896869e-05,0.233443036896869
34,7,1,no_new_outage,0,0,0.853252861013042,0,1,1,0,0,0,0,0.933772147587476,full_event_available,bernoulli_full_event,1,0,2.5e-05,2.33443036896869e-05,0.233443036896869
34,8,1,no_new_outage,0,0,0.853252861013042,0,1,1,0,0,0,0,0.933772147587476,full_event_available,bernoulli_full_event,1,0,2.5e-05,2.33443036896869e-05,0.233443036896869
34,9,1,no_new_outage,0,0,0.853252861013042,0,1,1,0,0,0,0,0.933772147587476,full_event_available,bernoulli_full_event,1,0,2.5e-05,2.33443036896869e-05,0.233443036896869
34,10,1,no_new_outage,0,0,0.853252861013042,0,1,1,0,0,0,0,0.933772147587476,full_event_available,bernoulli_full_event,1,0,2.5e-05,2.33443036896869e-05,0.233443036896869
34,11,1,no_new_outage,0,0,0.853252861013042,0,1,1,0,0,0,0,0.933772147587476,full_event_available,bernoulli_full_event,1,0,2.5e-05,2.33443036896869e-05,0.233443036896869
34,12,1,no_new_outage,0,0,0.853252861013042,0,1,1,0,0,0,0,0.933772147587476,full_event_available,bernoulli_full_event,1,0,2.5e-05,2.33443036896869e-05,0.233443036896869
34,13,3,load_loss_threshold,1945.4575,0.31106267278306,1.49197679339866,0.240683585750174,10,1,0.31106267278306,0,1.92546868600139,0.571731340870115,0.000686621266760629,full_event_available,bernoulli_full_event,3,0,2.5e-05,1.71655316690157e-08,0.000171655316690157
34,14,1,no_new_outage,0,0,0.853252861013042,0,1,1,0,0,0,0,0.933772147587476,full_event_available,bernoulli_full_event,1,0,2.5e-05,2.33443036896869e-05,0.233443036896869
34,15,1,no_new_outage,0,0,0.853252861013042,0,1,1,0,0,0,0,0.933772147587476,full_event_available,bernoulli_full_event,1,0,2.5e-05,2.33443036896869e-05,0.233443036896869
34,16,1,no_new_outage,0,0,0.853252861013042,0,1,1,0,0,0,0,0.933772147587476,full_event_available,bernoulli_full_event,1,0,2.5e-05,2.33443036896869e-05,0.233443036896869
34,17,1,no_new_outage,0,0,0.853252861013042,0,1,1,0,0,0,0,0.933772147587476,full_event_available,bernoulli_full_event,1,0,2.5e-05,2.33443036896869e-05,0.233443036896869
34,18,1,no_new_outage,0,0,0.853252861013042,0,1,1,0,0,0,0,0.933772147587476,full_event_available,bernoulli_full_event,1,0,2.5e-05,2.33443036896869e-05,0.233443036896869
34,19,1,no_new_outage,0,0,0.853252861013042,0,1,1,0,0,0,0,0.933772147587476,full_event_available,bernoulli_full_event,1,0,2.5e-05,2.33443036896869e-05,0.233443036896869
34,20,1,no_new_outage,0,0,0.853252861013042,0,1,1,0,0,0,0,0.933772147587476,full_event_available,bernoulli_full_event,1,0,2.5e-05,2.33443036896869e-05,0.233443036896869
35,1,5,max_depth_reached,3413.02765,0.545715084031128,1.77821435704181,0,13,0,1,1,1,1,0.0778503528130681,full_event_available,bernoulli_full_event,5,0,0.000514,4.0015081345917e-05,0.40015081345917
35,2,5,max_depth_reached,3732.5605,0.596805761860373,1.74598853155792,0.196175810999135,14,0,1,1,1,1,5.56538286329841e-05,full_event_available,bernoulli_full_event,5,0,0.000514,2.86060679173538e-08,0.000286060679173538
35,3,5,max_depth_reached,3418.103,0.546526590803344,1.7459885315579,0,13,0,1,1,1,1,0.242873000554062,full_event_available,bernoulli_full_event,5,0,0.000514,0.000124836722284788,1.24836722284788
35,4,5,max_depth_reached,3418.103,0.546526590803344,1.7459885315579,0,14,0,1,1,1,1,0.0922289245507233,full_event_available,bernoulli_full_event,5,0,0.000514,4.74056672190718e-05,0.474056672190718
35,5,2,no_new_outage,556.1,0.0889158217718248,1.61814767694114,0,4,1,0.0889158217718248,0,0,0.0533494930630949,0.351680165872175,full_event_available,bernoulli_full_event,2,0,0.000514,0.000180763605258298,1.80763605258298
35,6,2,no_new_outage,556.1,0.0889158217718248,1.61814767694114,0,4,1,0.0889158217718248,0,0,0.0533494930630949,0.351680165872175,full_event_available,bernoulli_full_event,2,0,0.000514,0.000180763605258298,1.80763605258298
35,7,2,no_new_outage,556.1,0.0889158217718248,1.61814767694114,0,4,1,0.0889158217718248,0,0,0.0533494930630949,0.351680165872175,full_event_available,bernoulli_full_event,2,0,0.000514,0.000180763605258298,1.80763605258298
35,8,2,no_new_outage,556.1,0.0889158217718248,1.61814767694114,0,4,1,0.0889158217718248,0,0,0.0533494930630949,0.351680165872175,full_event_available,bernoulli_full_event,2,0,0.000514,0.000180763605258298,1.80763605258298
35,9,2,no_new_outage,556.1,0.0889158217718248,1.61814767694114,0,4,1,0.0889158217718248,0,0,0.0533494930630949,0.351680165872175,full_event_available,bernoulli_full_event,2,0,0.000514,0.000180763605258298,1.80763605258298
35,10,5,max_depth_reached,3418.103,0.546526590803344,1.7459885315579,0,13,0,1,1,1,1,0.242873000554062,full_event_available,bernoulli_full_event,5,0,0.000514,0.000124836722284788,1.24836722284788
35,11,5,max_depth_reached,3413.02765,0.545715084031128,1.77821435704181,0,13,0,1,1,1,1,0.0778503528130681,full_event_available,bernoulli_full_event,5,0,0.000514,4.0015081345917e-05,0.40015081345917
35,12,2,no_new_outage,556.1,0.0889158217718248,1.61814767694114,0,4,1,0.0889158217718248,0,0,0.0533494930630949,0.351680165872175,full_event_available,bernoulli_full_event,2,0,0.000514,0.000180763605258298,1.80763605258298
35,13,2,no_new_outage,556.1,0.0889158217718248,1.61814767694114,0,4,1,0.0889158217718248,0,0,0.0533494930630949,0.351680165872175,full_event_available,bernoulli_full_event,2,0,0.000514,0.000180763605258298,1.80763605258298
35,14,2,no_new_outage,556.1,0.0889158217718248,1.61814767694114,0,4,1,0.0889158217718248,0,0,0.0533494930630949,0.351680165872175,full_event_available,bernoulli_full_event,2,0,0.000514,0.000180763605258298,1.80763605258298
35,15,2,no_new_outage,556.1,0.0889158217718248,1.61814767694114,0,4,1,0.0889158217718248,0,0,0.0533494930630949,0.351680165872175,full_event_available,bernoulli_full_event,2,0,0.000514,0.000180763605258298,1.80763605258298
35,16,2,no_new_outage,556.1,0.0889158217718248,1.61814767694114,0,4,1,0.0889158217718248,0,0,0.0533494930630949,0.351680165872175,full_event_available,bernoulli_full_event,2,0,0.000514,0.000180763605258298,1.80763605258298
35,17,2,no_new_outage,556.1,0.0889158217718248,1.61814767694114,0,4,1,0.0889158217718248,0,0,0.0533494930630949,0.351680165872175,full_event_available,bernoulli_full_event,2,0,0.000514,0.000180763605258298,1.80763605258298
35,18,2,no_new_outage,556.1,0.0889158217718248,1.61814767694114,0,4,1,0.0889158217718248,0,0,0.0533494930630949,0.351680165872175,full_event_available,bernoulli_full_event,2,0,0.000514,0.000180763605258298,1.80763605258298
35,19,5,max_depth_reached,3418.103,0.546526590803344,1.7459885315579,0,14,0,1,1,1,1,0.0922289245507233,full_event_available,bernoulli_full_event,5,0,0.000514,4.74056672190718e-05,0.474056672190718
35,20,5,max_depth_reached,3418.103,0.546526590803344,1.7459885315579,0,13,0,1,1,1,1,0.242873000554062,full_event_available,bernoulli_full_event,5,0,0.000514,0.000124836722284788,1.24836722284788
36,1,1,no_new_outage,0,0,0.764298164899749,0,1,1,0,0,0,0,0.934292092393927,full_event_available,bernoulli_full_event,1,0,0.000582,0.000543757997773266,5.43757997773266
36,2,1,no_new_outage,0,0,0.764298164899749,0,1,1,0,0,0,0,0.934292092393927,full_event_available,bernoulli_full_event,1,0,0.000582,0.000543757997773266,5.43757997773266
36,3,2,no_new_outage,0,0,0.775833996913044,0,2,1,0,0,0,0,0.0014414539873267,full_event_available,bernoulli_full_event,2,0,0.000582,8.3892622062414e-07,0.0083892622062414
36,4,2,no_new_outage,0,0,0.775833996913044,0,2,1,0,0,0,0,0.0014414539873267,full_event_available,bernoulli_full_event,2,0,0.000582,8.3892622062414e-07,0.0083892622062414
36,5,1,no_new_outage,0,0,0.764298164899749,0,1,1,0,0,0,0,0.934292092393927,full_event_available,bernoulli_full_event,1,0,0.000582,0.000543757997773266,5.43757997773266
36,6,1,no_new_outage,0,0,0.764298164899749,0,1,1,0,0,0,0,0.934292092393927,full_event_available,bernoulli_full_event,1,0,0.000582,0.000543757997773266,5.43757997773266
36,7,1,no_new_outage,0,0,0.764298164899749,0,1,1,0,0,0,0,0.934292092393927,full_event_available,bernoulli_full_event,1,0,0.000582,0.000543757997773266,5.43757997773266
36,8,1,no_new_outage,0,0,0.764298164899749,0,1,1,0,0,0,0,0.934292092393927,full_event_available,bernoulli_full_event,1,0,0.000582,0.000543757997773266,5.43757997773266
36,9,1,no_new_outage,0,0,0.764298164899749,0,1,1,0,0,0,0,0.934292092393927,full_event_available,bernoulli_full_event,1,0,0.000582,0.000543757997773266,5.43757997773266
36,10,1,no_new_outage,0,0,0.764298164899749,0,1,1,0,0,0,0,0.934292092393927,full_event_available,bernoulli_full_event,1,0,0.000582,0.000543757997773266,5.43757997773266
36,11,1,no_new_outage,0,0,0.764298164899749,0,1,1,0,0,0,0,0.934292092393927,full_event_available,bernoulli_full_event,1,0,0.000582,0.000543757997773266,5.43757997773266
36,12,1,no_new_outage,0,0,0.764298164899749,0,1,1,0,0,0,0,0.934292092393927,full_event_available,bernoulli_full_event,1,0,0.000582,0.000543757997773266,5.43757997773266
36,13,1,no_new_outage,0,0,0.764298164899749,0,1,1,0,0,0,0,0.934292092393927,full_event_available,bernoulli_full_event,1,0,0.000582,0.000543757997773266,5.43757997773266
36,14,1,no_new_outage,0,0,0.764298164899749,0,1,1,0,0,0,0,0.934292092393927,full_event_available,bernoulli_full_event,1,0,0.000582,0.000543757997773266,5.43757997773266
36,15,1,no_new_outage,0,0,0.764298164899749,0,1,1,0,0,0,0,0.934292092393927,full_event_available,bernoulli_full_event,1,0,0.000582,0.000543757997773266,5.43757997773266
36,16,1,no_new_outage,0,0,0.764298164899749,0,1,1,0,0,0,0,0.934292092393927,full_event_available,bernoulli_full_event,1,0,0.000582,0.000543757997773266,5.43757997773266
36,17,1,no_new_outage,0,0,0.764298164899749,0,1,1,0,0,0,0,0.934292092393927,full_event_available,bernoulli_full_event,1,0,0.000582,0.000543757997773266,5.43757997773266
36,18,1,no_new_outage,0,0,0.764298164899749,0,1,1,0,0,0,0,0.934292092393927,full_event_available,bernoulli_full_event,1,0,0.000582,0.000543757997773266,5.43757997773266
36,19,1,no_new_outage,0,0,0.764298164899749,0,1,1,0,0,0,0,0.934292092393927,full_event_available,bernoulli_full_event,1,0,0.000582,0.000543757997773266,5.43757997773266
36,20,1,no_new_outage,0,0,0.764298164899749,0,1,1,0,0,0,0,0.934292092393927,full_event_available,bernoulli_full_event,1,0,0.000582,0.000543757997773266,5.43757997773266
37,1,5,max_depth_reached,4864.223725,0.777749415195796,1.90962137088652,0.0254889835552587,15,0,1,1,1,1,0.0410856937143459,full_event_available,bernoulli_full_event,5,0,0.000502,2.06250182446016e-05,0.206250182446016
37,2,5,max_depth_reached,4668.38075,0.746435732296382,1.94308300781396,0.130909306078991,15,1,0.746435732296382,0,0.392727918236973,0.526407023025224,0.00450064330082167,full_event_available,bernoulli_full_event,5,0,0.000502,2.25932293701248e-06,0.0225932293701248
37,3,1,no_new_outage,0,0,0.94327737822711,0,1,1,0,0,0,0,0.423319650677411,full_event_available,bernoulli_full_event,1,0,0.000502,0.00021250646464006,2.1250646464006
37,4,4,load_loss_threshold,2948.1125,0.471378970712622,1.72853080182636,0,11,0,1,1,1,1,3.37761810110634e-05,full_event_available,bernoulli_full_event,4,0,0.000502,1.69556428675538e-08,0.000169556428675538
37,5,1,no_new_outage,0,0,0.94327737822711,0,1,1,0,0,0,0,0.423319650677411,full_event_available,bernoulli_full_event,1,0,0.000502,0.00021250646464006,2.1250646464006
37,6,4,load_loss_threshold,3082.14815,0.492810170076892,1.61185211529237,0,10,0,1,1,1,1,0.011996709071994,full_event_available,bernoulli_full_event,4,0,0.000502,6.02234795414099e-06,0.0602234795414099
37,7,5,max_depth_reached,4864.223725,0.777749415195796,1.90962137088652,0.0254889835552587,15,0,1,1,1,1,0.0410856937143459,full_event_available,bernoulli_full_event,5,0,0.000502,2.06250182446016e-05,0.206250182446016
37,8,4,load_loss_threshold,3082.14815,0.492810170076892,1.61185211529237,0,10,0,1,1,1,1,0.011996709071994,full_event_available,bernoulli_full_event,4,0,0.000502,6.02234795414099e-06,0.0602234795414099
37,9,4,load_loss_threshold,2948.1125,0.471378970712622,1.96391016007293,0.08106273471599,9,1,0.471378970712622,2.89173048021878,0.8106273471599,1.02329894790331,0.0803777660181754,full_event_available,bernoulli_full_event,4,0,0.000502,4.03496385411241e-05,0.40349638541124
37,10,4,load_loss_threshold,2948.1125,0.471378970712622,1.96391016007293,0.08106273471599,9,1,0.471378970712622,2.89173048021878,0.8106273471599,1.02329894790331,0.0803777660181754,full_event_available,bernoulli_full_event,4,0,0.000502,4.03496385411241e-05,0.40349638541124
37,11,5,max_depth_reached,4864.223725,0.777749415195796,1.90962137088652,0.0254889835552587,17,0,1,1,1,1,9.59015056096946e-09,full_event_available,bernoulli_full_event,5,0,0.000502,4.81425558160667e-12,4.81425558160667e-08
37,12,5,max_depth_reached,4864.223725,0.777749415195796,1.90962137147835,0.130909306078991,14,0,1,1,1,1,0.0786587672396466,full_event_available,bernoulli_full_event,5,0,0.000502,3.94867011543026e-05,0.394867011543026
37,13,2,no_new_outage,0,0,0.951168280349056,0,2,1,0,0,0,0,0.000245426799828866,full_event_available,bernoulli_full_event,2,0,0.000502,1.23204253514091e-07,0.00123204253514091
37,14,1,no_new_outage,0,0,0.94327737822711,0,1,1,0,0,0,0,0.423319650677411,full_event_available,bernoulli_full_event,1,0,0.000502,0.00021250646464006,2.1250646464006
37,15,5,max_depth_reached,4859.4021425,0.77697848376219,1.94308300781396,0.0952279664356055,15,0,1,1,1,1,0.00571903220269594,full_event_available,bernoulli_full_event,5,0,0.000502,2.87095416575336e-06,0.0287095416575336
37,16,1,no_new_outage,0,0,0.94327737822711,0,1,1,0,0,0,0,0.423319650677411,full_event_available,bernoulli_full_event,1,0,0.000502,0.00021250646464006,2.1250646464006
37,17,1,no_new_outage,0,0,0.94327737822711,0,1,1,0,0,0,0,0.423319650677411,full_event_available,bernoulli_full_event,1,0,0.000502,0.00021250646464006,2.1250646464006
37,18,4,load_loss_threshold,4244.83765,0.678714669911404,1.61185211529237,0,11,0,1,1,1,1,1.90813213481725e-05,full_event_available,bernoulli_full_event,4,0,0.000502,9.5788233167826e-09,9.5788233167826e-05
37,19,5,max_depth_reached,4864.223725,0.777749415195796,1.90962137147835,0.130909306078991,14,0,1,1,1,1,0.0786587672396466,full_event_available,bernoulli_full_event,5,0,0.000502,3.94867011543026e-05,0.394867011543026
37,20,5,max_depth_reached,4864.223725,0.777749415195796,1.90962137147835,0.130909306078991,14,0,1,1,1,1,0.0786587672396466,full_event_available,bernoulli_full_event,5,0,0.000502,3.94867011543026e-05,0.394867011543026
38,1,5,max_depth_reached,2061.112,0.329554877259071,1.98572883871311,0.0853216369308539,12,1,0.329554877259071,4.92864419356556,0.767894732377685,1.33704071154409,0.102546318061946,full_event_available,bernoulli_full_event,5,0,0.000377,3.86599619093538e-05,0.386599619093538
38,2,5,max_depth_reached,2054.58655,0.328511511409078,2.0948481020838,0.224801676159718,11,1,0.328511511409078,5.47424051041901,2.92242179007633,1.87643936694452,0.0190889672362495,full_event_available,bernoulli_full_event,5,0,0.000377,7.19654064806604e-06,0.0719654064806604
38,3,5,max_depth_reached,3397.516,0.543234898620614,1.77747390190952,0.00402646365774084,12,0,1,1,1,1,0.139084423321324,full_event_available,bernoulli_full_event,5,0,0.000377,5.24348275921393e-05,0.524348275921393
38,4,4,load_loss_threshold,1961.08,0.313560582197968,1.88101581079679,0.145198748359133,11,1,0.313560582197968,3.52406324318715,0.361333483606217,0.965215694677454,0.00453926277553722,full_event_available,bernoulli_full_event,4,0,0.000377,1.71130206637753e-06,0.0171130206637753
38,5,5,max_depth_reached,3397.516,0.543234898620614,1.77814232833082,0.00402646365774084,13,0,1,1,1,1,0.101162568117951,full_event_available,bernoulli_full_event,5,0,0.000377,3.81382881804677e-05,0.381382881804677
38,6,4,load_loss_threshold,1921.75,0.307272038284489,1.70510785391948,0.145198748359133,12,1,0.307272038284489,2.8204314156779,0.348378191642125,0.818125144434698,7.71986986355101e-06,full_event_available,bernoulli_full_event,4,0,0.000377,2.91039093855873e-09,2.91039093855873e-05
38,7,5,max_depth_reached,3397.516,0.543234898620614,1.77747390190952,0.00402646365774084,12,0,1,1,1,1,0.139084423321324,full_event_available,bernoulli_full_event,5,0,0.000377,5.24348275921393e-05,0.524348275921393
38,8,5,max_depth_reached,3397.516,0.543234898620614,1.77747390190952,0.00402646365774084,13,0,1,1,1,1,0.000218156821061713,full_event_available,bernoulli_full_event,5,0,0.000377,8.22451215402658e-08,0.000822451215402658
38,9,2,no_new_outage,521.5,0.0833835660025295,1.1353466130196,0,3,1,0.0833835660025295,0,0,0.0500301396015177,0.152126597368165,full_event_available,bernoulli_full_event,2,0,0.000377,5.73517272077984e-05,0.573517272077984
38,10,5,max_depth_reached,3397.516,0.543234898620614,1.77747390190952,0.00402646365774084,12,0,1,1,1,1,0.139084423321324,full_event_available,bernoulli_full_event,5,0,0.000377,5.24348275921393e-05,0.524348275921393
38,11,5,max_depth_reached,3397.516,0.543234898620614,1.77814232833082,0.00402646365774084,13,0,1,1,1,1,0.101162568117951,full_event_available,bernoulli_full_event,5,0,0.000377,3.81382881804677e-05,0.381382881804677
38,12,5,max_depth_reached,2061.112,0.329554877259071,1.98572883871311,0.0853216369308539,11,1,0.329554877259071,4.92864419356556,0.767894732377685,1.33704071154409,0.140986886520529,full_event_available,bernoulli_full_event,5,0,0.000377,5.31520562182395e-05,0.531520562182395
38,13,2,no_new_outage,521.5,0.0833835660025295,1.1353466130196,0,3,1,0.0833835660025295,0,0,0.0500301396015177,0.152126597368165,full_event_available,bernoulli_full_event,2,0,0.000377,5.73517272077984e-05,0.573517272077984
38,14,5,max_depth_reached,3397.516,0.543234898620614,1.77814232833082,0.00402646365774084,13,0,1,1,1,1,0.101162568117951,full_event_available,bernoulli_full_event,5,0,0.000377,3.81382881804677e-05,0.381382881804677
38,15,2,no_new_outage,521.5,0.0833835660025295,1.1353466130196,0,3,1,0.0833835660025295,0,0,0.0500301396015177,0.152126597368165,full_event_available,bernoulli_full_event,2,0,0.000377,5.73517272077984e-05,0.573517272077984
38,16,5,max_depth_reached,3397.516,0.543234898620614,1.77747390190952,0.00402646365774084,12,0,1,1,1,1,0.139084423321324,full_event_available,bernoulli_full_event,5,0,0.000377,5.24348275921393e-05,0.524348275921393
38,17,5,max_depth_reached,3397.516,0.543234898620614,1.77814232833082,0.00402646365774084,13,0,1,1,1,1,0.101162568117951,full_event_available,bernoulli_full_event,5,0,0.000377,3.81382881804677e-05,0.381382881804677
38,18,2,no_new_outage,521.5,0.0833835660025295,1.1353466130196,0,3,1,0.0833835660025295,0,0,0.0500301396015177,0.152126597368165,full_event_available,bernoulli_full_event,2,0,0.000377,5.73517272077984e-05,0.573517272077984
38,19,5,max_depth_reached,3392.44065,0.542423391848397,1.7886444196929,0.00792765791255534,12,0,1,1,1,1,0.0317313182904918,full_event_available,bernoulli_full_event,5,0,0.000377,1.19627069955154e-05,0.119627069955154
38,20,3,load_loss_threshold,2471.5825,0.395185738292324,2.26937992347718,0.216856279337841,10,1,0.395185738292324,5.07751969390872,2.38541907271626,1.72969919630039,0.000114365254941761,full_event_available,bernoulli_full_event,3,0,0.000377,4.31157011130438e-08,0.000431157011130438
39,1,1,no_new_outage,0,0,0.884919452824729,0,1,1,0,0,0,0,0.934164152820412,full_event_available,bernoulli_full_event,1,0,0.000445,0.000415703048005083,4.15703048005083
39,2,1,no_new_outage,0,0,0.884919452824729,0,1,1,0,0,0,0,0.934164152820412,full_event_available,bernoulli_full_event,1,0,0.000445,0.000415703048005083,4.15703048005083
39,3,1,no_new_outage,0,0,0.884919452824729,0,1,1,0,0,0,0,0.934164152820412,full_event_available,bernoulli_full_event,1,0,0.000445,0.000415703048005083,4.15703048005083
39,4,1,no_new_outage,0,0,0.884919452824729,0,1,1,0,0,0,0,0.934164152820412,full_event_available,bernoulli_full_event,1,0,0.000445,0.000415703048005083,4.15703048005083
39,5,1,no_new_outage,0,0,0.884919452824729,0,1,1,0,0,0,0,0.934164152820412,full_event_available,bernoulli_full_event,1,0,0.000445,0.000415703048005083,4.15703048005083
39,6,1,no_new_outage,0,0,0.884919452824729,0,1,1,0,0,0,0,0.934164152820412,full_event_available,bernoulli_full_event,1,0,0.000445,0.000415703048005083,4.15703048005083
39,7,1,no_new_outage,0,0,0.884919452824729,0,1,1,0,0,0,0,0.934164152820412,full_event_available,bernoulli_full_event,1,0,0.000445,0.000415703048005083,4.15703048005083
39,8,1,no_new_outage,0,0,0.884919452824729,0,1,1,0,0,0,0,0.934164152820412,full_event_available,bernoulli_full_event,1,0,0.000445,0.000415703048005083,4.15703048005083
39,9,1,no_new_outage,0,0,0.884919452824729,0,1,1,0,0,0,0,0.934164152820412,full_event_available,bernoulli_full_event,1,0,0.000445,0.000415703048005083,4.15703048005083
39,10,1,no_new_outage,0,0,0.884919452824729,0,1,1,0,0,0,0,0.934164152820412,full_event_available,bernoulli_full_event,1,0,0.000445,0.000415703048005083,4.15703048005083
39,11,1,no_new_outage,0,0,0.884919452824729,0,1,1,0,0,0,0,0.934164152820412,full_event_available,bernoulli_full_event,1,0,0.000445,0.000415703048005083,4.15703048005083
39,12,1,no_new_outage,0,0,0.884919452824729,0,1,1,0,0,0,0,0.934164152820412,full_event_available,bernoulli_full_event,1,0,0.000445,0.000415703048005083,4.15703048005083
39,13,1,no_new_outage,0,0,0.884919452824729,0,1,1,0,0,0,0,0.934164152820412,full_event_available,bernoulli_full_event,1,0,0.000445,0.000415703048005083,4.15703048005083
39,14,1,no_new_outage,0,0,0.884919452824729,0,1,1,0,0,0,0,0.934164152820412,full_event_available,bernoulli_full_event,1,0,0.000445,0.000415703048005083,4.15703048005083
39,15,1,no_new_outage,0,0,0.884919452824729,0,1,1,0,0,0,0,0.934164152820412,full_event_available,bernoulli_full_event,1,0,0.000445,0.000415703048005083,4.15703048005083
39,16,1,no_new_outage,0,0,0.884919452824729,0,1,1,0,0,0,0,0.934164152820412,full_event_available,bernoulli_full_event,1,0,0.000445,0.000415703048005083,4.15703048005083
39,17,1,no_new_outage,0,0,0.884919452824729,0,1,1,0,0,0,0,0.934164152820412,full_event_available,bernoulli_full_event,1,0,0.000445,0.000415703048005083,4.15703048005083
39,18,1,no_new_outage,0,0,0.884919452824729,0,1,1,0,0,0,0,0.934164152820412,full_event_available,bernoulli_full_event,1,0,0.000445,0.000415703048005083,4.15703048005083
39,19,4,load_loss_threshold,2728.379,0.436245389120643,2.23133840079541,0.156838101827097,9,0,1,1,1,1,0.000453688980467613,full_event_available,bernoulli_full_event,4,0,0.000445,2.01891596308088e-07,0.00201891596308088
39,20,1,no_new_outage,0,0,0.884919452824729,0,1,1,0,0,0,0,0.934164152820412,full_event_available,bernoulli_full_event,1,0,0.000445,0.000415703048005083,4.15703048005083
40,1,1,no_new_outage,0,0,0.770909102566407,0,1,1,0,0,0,0,0.934206172903306,full_event_available,bernoulli_full_event,1,0,0.00049,0.00045776102472262,4.5776102472262
40,2,1,no_new_outage,0,0,0.770909102566407,0,1,1,0,0,0,0,0.934206172903306,full_event_available,bernoulli_full_event,1,0,0.00049,0.00045776102472262,4.5776102472262
40,3,1,no_new_outage,0,0,0.770909102566407,0,1,1,0,0,0,0,0.934206172903306,full_event_available,bernoulli_full_event,1,0,0.00049,0.00045776102472262,4.5776102472262
40,4,1,no_new_outage,0,0,0.770909102566407,0,1,1,0,0,0,0,0.934206172903306,full_event_available,bernoulli_full_event,1,0,0.00049,0.00045776102472262,4.5776102472262
40,5,1,no_new_outage,0,0,0.770909102566407,0,1,1,0,0,0,0,0.934206172903306,full_event_available,bernoulli_full_event,1,0,0.00049,0.00045776102472262,4.5776102472262
40,6,1,no_new_outage,0,0,0.770909102566407,0,1,1,0,0,0,0,0.934206172903306,full_event_available,bernoulli_full_event,1,0,0.00049,0.00045776102472262,4.5776102472262
40,7,1,no_new_outage,0,0,0.770909102566407,0,1,1,0,0,0,0,0.934206172903306,full_event_available,bernoulli_full_event,1,0,0.00049,0.00045776102472262,4.5776102472262
40,8,1,no_new_outage,0,0,0.770909102566407,0,1,1,0,0,0,0,0.934206172903306,full_event_available,bernoulli_full_event,1,0,0.00049,0.00045776102472262,4.5776102472262
40,9,1,no_new_outage,0,0,0.770909102566407,0,1,1,0,0,0,0,0.934206172903306,full_event_available,bernoulli_full_event,1,0,0.00049,0.00045776102472262,4.5776102472262
40,10,1,no_new_outage,0,0,0.770909102566407,0,1,1,0,0,0,0,0.934206172903306,full_event_available,bernoulli_full_event,1,0,0.00049,0.00045776102472262,4.5776102472262
40,11,1,no_new_outage,0,0,0.770909102566407,0,1,1,0,0,0,0,0.934206172903306,full_event_available,bernoulli_full_event,1,0,0.00049,0.00045776102472262,4.5776102472262
40,12,1,no_new_outage,0,0,0.770909102566407,0,1,1,0,0,0,0,0.934206172903306,full_event_available,bernoulli_full_event,1,0,0.00049,0.00045776102472262,4.5776102472262
40,13,1,no_new_outage,0,0,0.770909102566407,0,1,1,0,0,0,0,0.934206172903306,full_event_available,bernoulli_full_event,1,0,0.00049,0.00045776102472262,4.5776102472262
40,14,1,no_new_outage,0,0,0.770909102566407,0,1,1,0,0,0,0,0.934206172903306,full_event_available,bernoulli_full_event,1,0,0.00049,0.00045776102472262,4.5776102472262
40,15,1,no_new_outage,0,0,0.770909102566407,0,1,1,0,0,0,0,0.934206172903306,full_event_available,bernoulli_full_event,1,0,0.00049,0.00045776102472262,4.5776102472262
40,16,1,no_new_outage,0,0,0.770909102566407,0,1,1,0,0,0,0,0.934206172903306,full_event_available,bernoulli_full_event,1,0,0.00049,0.00045776102472262,4.5776102472262
40,17,1,no_new_outage,0,0,0.770909102566407,0,1,1,0,0,0,0,0.934206172903306,full_event_available,bernoulli_full_event,1,0,0.00049,0.00045776102472262,4.5776102472262
40,18,3,no_new_outage,0,0,1.12232195613183,0,4,1,0,0,0,0,0.00147221512132294,full_event_available,bernoulli_full_event,3,0,0.00049,7.21385409448243e-07,0.00721385409448243
40,19,1,no_new_outage,0,0,0.770909102566407,0,1,1,0,0,0,0,0.934206172903306,full_event_available,bernoulli_full_event,1,0,0.00049,0.00045776102472262,4.5776102472262
40,20,1,no_new_outage,0,0,0.770909102566407,0,1,1,0,0,0,0,0.934206172903306,full_event_available,bernoulli_full_event,1,0,0.00049,0.00045776102472262,4.5776102472262
41,1,1,no_new_outage,0,0,0.79643805842058,0,1,1,0,0,0,0,0.934175357806238,full_event_available,bernoulli_full_event,1,0,0.000457,0.000426918138517451,4.26918138517451
41,2,1,no_new_outage,0,0,0.79643805842058,0,1,1,0,0,0,0,0.934175357806238,full_event_available,bernoulli_full_event,1,0,0.000457,0.000426918138517451,4.26918138517451
41,3,1,no_new_outage,0,0,0.79643805842058,0,1,1,0,0,0,0,0.934175357806238,full_event_available,bernoulli_full_event,1,0,0.000457,0.000426918138517451,4.26918138517451
41,4,1,no_new_outage,0,0,0.79643805842058,0,1,1,0,0,0,0,0.934175357806238,full_event_available,bernoulli_full_event,1,0,0.000457,0.000426918138517451,4.26918138517451
41,5,1,no_new_outage,0,0,0.79643805842058,0,1,1,0,0,0,0,0.934175357806238,full_event_available,bernoulli_full_event,1,0,0.000457,0.000426918138517451,4.26918138517451
41,6,1,no_new_outage,0,0,0.79643805842058,0,1,1,0,0,0,0,0.934175357806238,full_event_available,bernoulli_full_event,1,0,0.000457,0.000426918138517451,4.26918138517451
41,7,1,no_new_outage,0,0,0.79643805842058,0,1,1,0,0,0,0,0.934175357806238,full_event_available,bernoulli_full_event,1,0,0.000457,0.000426918138517451,4.26918138517451
41,8,1,no_new_outage,0,0,0.79643805842058,0,1,1,0,0,0,0,0.934175357806238,full_event_available,bernoulli_full_event,1,0,0.000457,0.000426918138517451,4.26918138517451
41,9,1,no_new_outage,0,0,0.79643805842058,0,1,1,0,0,0,0,0.934175357806238,full_event_available,bernoulli_full_event,1,0,0.000457,0.000426918138517451,4.26918138517451
41,10,1,no_new_outage,0,0,0.79643805842058,0,1,1,0,0,0,0,0.934175357806238,full_event_available,bernoulli_full_event,1,0,0.000457,0.000426918138517451,4.26918138517451
41,11,1,no_new_outage,0,0,0.79643805842058,0,1,1,0,0,0,0,0.934175357806238,full_event_available,bernoulli_full_event,1,0,0.000457,0.000426918138517451,4.26918138517451
41,12,1,no_new_outage,0,0,0.79643805842058,0,1,1,0,0,0,0,0.934175357806238,full_event_available,bernoulli_full_event,1,0,0.000457,0.000426918138517451,4.26918138517451
41,13,1,no_new_outage,0,0,0.79643805842058,0,1,1,0,0,0,0,0.934175357806238,full_event_available,bernoulli_full_event,1,0,0.000457,0.000426918138517451,4.26918138517451
41,14,2,no_new_outage,0,0,0.901905167309859,0,2,1,0,0,0,0,0.00133111846554746,full_event_available,bernoulli_full_event,2,0,0.000457,6.0832113875519e-07,0.0060832113875519
41,15,1,no_new_outage,0,0,0.79643805842058,0,1,1,0,0,0,0,0.934175357806238,full_event_available,bernoulli_full_event,1,0,0.000457,0.000426918138517451,4.26918138517451
41,16,1,no_new_outage,0,0,0.79643805842058,0,1,1,0,0,0,0,0.934175357806238,full_event_available,bernoulli_full_event,1,0,0.000457,0.000426918138517451,4.26918138517451
41,17,1,no_new_outage,0,0,0.79643805842058,0,1,1,0,0,0,0,0.934175357806238,full_event_available,bernoulli_full_event,1,0,0.000457,0.000426918138517451,4.26918138517451
41,18,1,no_new_outage,0,0,0.79643805842058,0,1,1,0,0,0,0,0.934175357806238,full_event_available,bernoulli_full_event,1,0,0.000457,0.000426918138517451,4.26918138517451
41,19,1,no_new_outage,0,0,0.79643805842058,0,1,1,0,0,0,0,0.934175357806238,full_event_available,bernoulli_full_event,1,0,0.000457,0.000426918138517451,4.26918138517451
41,20,1,no_new_outage,0,0,0.79643805842058,0,1,1,0,0,0,0,0.934175357806238,full_event_available,bernoulli_full_event,1,0,0.000457,0.000426918138517451,4.26918138517451
42,1,2,no_new_outage,852.5,0.136307746916887,1.09562567208693,0,3,1,0.136307746916887,0,0,0.081784648150132,0.457743143378486,full_event_available,bernoulli_full_event,2,0,0.000603,0.000276019115457227,2.76019115457227
42,2,2,no_new_outage,852.5,0.136307746916887,1.09562567208693,0,3,1,0.136307746916887,0,0,0.081784648150132,0.457743143378486,full_event_available,bernoulli_full_event,2,0,0.000603,0.000276019115457227,2.76019115457227
42,3,4,load_loss_threshold,4095.13,0.654777646488856,1.8792758981265,0,9,1,0.654777646488856,0,0,0.392866587893314,0.133339249946448,full_event_available,bernoulli_full_event,4,0,0.000603,8.0403567717708e-05,0.80403567717708
42,4,2,no_new_outage,852.5,0.136307746916887,1.09562567208693,0,3,1,0.136307746916887,0,0,0.081784648150132,0.457743143378486,full_event_available,bernoulli_full_event,2,0,0.000603,0.000276019115457227,2.76019115457227
42,5,4,load_loss_threshold,4095.13,0.654777646488856,1.8792758981265,0,9,1,0.654777646488856,0,0,0.392866587893314,0.133339249946448,full_event_available,bernoulli_full_event,4,0,0.000603,8.0403567717708e-05,0.80403567717708
42,6,2,no_new_outage,852.5,0.136307746916887,1.09562567208693,0,4,1,0.136307746916887,0,0,0.081784648150132,0.000697086762678304,full_event_available,bernoulli_full_event,2,0,0.000603,4.20343317895018e-07,0.00420343317895018
42,7,2,no_new_outage,852.5,0.136307746916887,1.09562567208693,0,3,1,0.136307746916887,0,0,0.081784648150132,0.457743143378486,full_event_available,bernoulli_full_event,2,0,0.000603,0.000276019115457227,2.76019115457227
42,8,4,load_loss_threshold,3689.155,0.589865578976149,1.8792758981265,0.134496602472798,8,1,0.589865578976149,4.85829063793178,0.672483012363989,1.46007407744484,0.276247759566388,full_event_available,bernoulli_full_event,4,0,0.000603,0.000166577399018532,1.66577399018532
42,9,2,no_new_outage,852.5,0.136307746916887,1.09562567208693,0,3,1,0.136307746916887,0,0,0.081784648150132,0.457743143378486,full_event_available,bernoulli_full_event,2,0,0.000603,0.000276019115457227,2.76019115457227
42,10,4,load_loss_threshold,4095.13,0.654777646488856,1.8792758981265,0,9,1,0.654777646488856,0,0,0.392866587893314,0.133339249946448,full_event_available,bernoulli_full_event,4,0,0.000603,8.0403567717708e-05,0.80403567717708
42,11,4,load_loss_threshold,3689.155,0.589865578976149,1.8792758981265,0.134496602472798,8,1,0.589865578976149,4.85829063793178,0.672483012363989,1.46007407744484,0.276247759566388,full_event_available,bernoulli_full_event,4,0,0.000603,0.000166577399018532,1.66577399018532
42,12,4,load_loss_threshold,3689.155,0.589865578976149,1.8792758981265,0.134496602472798,8,1,0.589865578976149,4.85829063793178,0.672483012363989,1.46007407744484,0.276247759566388,full_event_available,bernoulli_full_event,4,0,0.000603,0.000166577399018532,1.66577399018532
42,13,4,load_loss_threshold,4095.13,0.654777646488856,1.8792758981265,0,9,1,0.654777646488856,0,0,0.392866587893314,0.133339249946448,full_event_available,bernoulli_full_event,4,0,0.000603,8.0403567717708e-05,0.80403567717708
42,14,2,no_new_outage,852.5,0.136307746916887,1.09562567208693,0,3,1,0.136307746916887,0,0,0.081784648150132,0.457743143378486,full_event_available,bernoulli_full_event,2,0,0.000603,0.000276019115457227,2.76019115457227
42,15,2,no_new_outage,852.5,0.136307746916887,1.09562567208693,0,3,1,0.136307746916887,0,0,0.081784648150132,0.457743143378486,full_event_available,bernoulli_full_event,2,0,0.000603,0.000276019115457227,2.76019115457227
42,16,2,no_new_outage,852.5,0.136307746916887,1.09562567208693,0,3,1,0.136307746916887,0,0,0.081784648150132,0.457743143378486,full_event_available,bernoulli_full_event,2,0,0.000603,0.000276019115457227,2.76019115457227
42,17,4,load_loss_threshold,3689.155,0.589865578976149,1.8792758981265,0.134496602472798,8,1,0.589865578976149,4.85829063793178,0.672483012363989,1.46007407744484,0.276247759566388,full_event_available,bernoulli_full_event,4,0,0.000603,0.000166577399018532,1.66577399018532
42,18,2,no_new_outage,852.5,0.136307746916887,1.09562567208693,0,3,1,0.136307746916887,0,0,0.081784648150132,0.457743143378486,full_event_available,bernoulli_full_event,2,0,0.000603,0.000276019115457227,2.76019115457227
42,19,4,load_loss_threshold,4095.13,0.654777646488856,1.8792758981265,0,9,1,0.654777646488856,0,0,0.392866587893314,0.133339249946448,full_event_available,bernoulli_full_event,4,0,0.000603,8.0403567717708e-05,0.80403567717708
42,20,4,load_loss_threshold,4095.13,0.654777646488856,1.8792758981265,0,9,1,0.654777646488856,0,0,0.392866587893314,0.133339249946448,full_event_available,bernoulli_full_event,4,0,0.000603,8.0403567717708e-05,0.80403567717708
43,1,1,no_new_outage,0,0,0.765444456219524,0,1,1,0,0,0,0,0.93419403337996,full_event_available,bernoulli_full_event,1,0,0.000477,0.000445610553922241,4.45610553922241
43,2,1,no_new_outage,0,0,0.765444456219524,0,1,1,0,0,0,0,0.93419403337996,full_event_available,bernoulli_full_event,1,0,0.000477,0.000445610553922241,4.45610553922241
43,3,1,no_new_outage,0,0,0.765444456219524,0,1,1,0,0,0,0,0.93419403337996,full_event_available,bernoulli_full_event,1,0,0.000477,0.000445610553922241,4.45610553922241
43,4,1,no_new_outage,0,0,0.765444456219524,0,1,1,0,0,0,0,0.93419403337996,full_event_available,bernoulli_full_event,1,0,0.000477,0.000445610553922241,4.45610553922241
43,5,1,no_new_outage,0,0,0.765444456219524,0,1,1,0,0,0,0,0.93419403337996,full_event_available,bernoulli_full_event,1,0,0.000477,0.000445610553922241,4.45610553922241
43,6,1,no_new_outage,0,0,0.765444456219524,0,1,1,0,0,0,0,0.93419403337996,full_event_available,bernoulli_full_event,1,0,0.000477,0.000445610553922241,4.45610553922241
43,7,1,no_new_outage,0,0,0.765444456219524,0,1,1,0,0,0,0,0.93419403337996,full_event_available,bernoulli_full_event,1,0,0.000477,0.000445610553922241,4.45610553922241
43,8,2,no_new_outage,0,0,0.85794134585306,0,2,1,0,0,0,0,0.0012290854469228,full_event_available,bernoulli_full_event,2,0,0.000477,5.86273758182178e-07,0.00586273758182178
43,9,1,no_new_outage,0,0,0.765444456219524,0,1,1,0,0,0,0,0.93419403337996,full_event_available,bernoulli_full_event,1,0,0.000477,0.000445610553922241,4.45610553922241
43,10,1,no_new_outage,0,0,0.765444456219524,0,1,1,0,0,0,0,0.93419403337996,full_event_available,bernoulli_full_event,1,0,0.000477,0.000445610553922241,4.45610553922241
43,11,2,no_new_outage,0,0,0.766245597036995,0,2,1,0,0,0,0,0.00147096225021513,full_event_available,bernoulli_full_event,2,0,0.000477,7.01648993352619e-07,0.00701648993352619
43,12,2,no_new_outage,0,0,0.85976110855019,0,3,1,0,0,0,0,2.31960861239553e-06,full_event_available,bernoulli_full_event,2,0,0.000477,1.10645330811267e-09,1.10645330811267e-05
43,13,1,no_new_outage,0,0,0.765444456219524,0,1,1,0,0,0,0,0.93419403337996,full_event_available,bernoulli_full_event,1,0,0.000477,0.000445610553922241,4.45610553922241
43,14,1,no_new_outage,0,0,0.765444456219524,0,1,1,0,0,0,0,0.93419403337996,full_event_available,bernoulli_full_event,1,0,0.000477,0.000445610553922241,4.45610553922241
43,15,1,no_new_outage,0,0,0.765444456219524,0,1,1,0,0,0,0,0.93419403337996,full_event_available,bernoulli_full_event,1,0,0.000477,0.000445610553922241,4.45610553922241
43,16,1,no_new_outage,0,0,0.765444456219524,0,1,1,0,0,0,0,0.93419403337996,full_event_available,bernoulli_full_event,1,0,0.000477,0.000445610553922241,4.45610553922241
43,17,1,no_new_outage,0,0,0.765444456219524,0,1,1,0,0,0,0,0.93419403337996,full_event_available,bernoulli_full_event,1,0,0.000477,0.000445610553922241,4.45610553922241
43,18,1,no_new_outage,0,0,0.765444456219524,0,1,1,0,0,0,0,0.93419403337996,full_event_available,bernoulli_full_event,1,0,0.000477,0.000445610553922241,4.45610553922241
43,19,1,no_new_outage,0,0,0.765444456219524,0,1,1,0,0,0,0,0.93419403337996,full_event_available,bernoulli_full_event,1,0,0.000477,0.000445610553922241,4.45610553922241
43,20,1,no_new_outage,0,0,0.765444456219524,0,1,1,0,0,0,0,0.93419403337996,full_event_available,bernoulli_full_event,1,0,0.000477,0.000445610553922241,4.45610553922241
44,1,1,no_new_outage,0,0,0.902317068704068,0,1,1,0,0,0,0,0.912155508147561,full_event_available,bernoulli_full_event,1,0,2.5e-05,2.2803887703689e-05,0.22803887703689
44,2,1,no_new_outage,0,0,0.902317068704068,0,1,1,0,0,0,0,0.912155508147561,full_event_available,bernoulli_full_event,1,0,2.5e-05,2.2803887703689e-05,0.22803887703689
44,3,1,no_new_outage,0,0,0.902317068704068,0,1,1,0,0,0,0,0.912155508147561,full_event_available,bernoulli_full_event,1,0,2.5e-05,2.2803887703689e-05,0.22803887703689
44,4,1,no_new_outage,0,0,0.902317068704068,0,1,1,0,0,0,0,0.912155508147561,full_event_available,bernoulli_full_event,1,0,2.5e-05,2.2803887703689e-05,0.22803887703689
44,5,1,no_new_outage,0,0,0.902317068704068,0,1,1,0,0,0,0,0.912155508147561,full_event_available,bernoulli_full_event,1,0,2.5e-05,2.2803887703689e-05,0.22803887703689
44,6,1,no_new_outage,0,0,0.902317068704068,0,1,1,0,0,0,0,0.912155508147561,full_event_available,bernoulli_full_event,1,0,2.5e-05,2.2803887703689e-05,0.22803887703689
44,7,1,no_new_outage,0,0,0.902317068704068,0,1,1,0,0,0,0,0.912155508147561,full_event_available,bernoulli_full_event,1,0,2.5e-05,2.2803887703689e-05,0.22803887703689
44,8,1,no_new_outage,0,0,0.902317068704068,0,1,1,0,0,0,0,0.912155508147561,full_event_available,bernoulli_full_event,1,0,2.5e-05,2.2803887703689e-05,0.22803887703689
44,9,1,no_new_outage,0,0,0.902317068704068,0,1,1,0,0,0,0,0.912155508147561,full_event_available,bernoulli_full_event,1,0,2.5e-05,2.2803887703689e-05,0.22803887703689
44,10,1,no_new_outage,0,0,0.902317068704068,0,1,1,0,0,0,0,0.912155508147561,full_event_available,bernoulli_full_event,1,0,2.5e-05,2.2803887703689e-05,0.22803887703689
44,11,1,no_new_outage,0,0,0.902317068704068,0,1,1,0,0,0,0,0.912155508147561,full_event_available,bernoulli_full_event,1,0,2.5e-05,2.2803887703689e-05,0.22803887703689
44,12,1,no_new_outage,0,0,0.902317068704068,0,1,1,0,0,0,0,0.912155508147561,full_event_available,bernoulli_full_event,1,0,2.5e-05,2.2803887703689e-05,0.22803887703689
44,13,1,no_new_outage,0,0,0.902317068704068,0,1,1,0,0,0,0,0.912155508147561,full_event_available,bernoulli_full_event,1,0,2.5e-05,2.2803887703689e-05,0.22803887703689
44,14,1,no_new_outage,0,0,0.902317068704068,0,1,1,0,0,0,0,0.912155508147561,full_event_available,bernoulli_full_event,1,0,2.5e-05,2.2803887703689e-05,0.22803887703689
44,15,1,no_new_outage,0,0,0.902317068704068,0,1,1,0,0,0,0,0.912155508147561,full_event_available,bernoulli_full_event,1,0,2.5e-05,2.2803887703689e-05,0.22803887703689
44,16,1,no_new_outage,0,0,0.902317068704068,0,1,1,0,0,0,0,0.912155508147561,full_event_available,bernoulli_full_event,1,0,2.5e-05,2.2803887703689e-05,0.22803887703689
44,17,1,no_new_outage,0,0,0.902317068704068,0,1,1,0,0,0,0,0.912155508147561,full_event_available,bernoulli_full_event,1,0,2.5e-05,2.2803887703689e-05,0.22803887703689
44,18,3,no_new_outage,0,0,1.12762857226783,0,4,1,0,0,0,0,0.00137764557062785,full_event_available,bernoulli_full_event,3,0,2.5e-05,3.44411392656964e-08,0.000344411392656964
44,19,1,no_new_outage,0,0,0.902317068704068,0,1,1,0,0,0,0,0.912155508147561,full_event_available,bernoulli_full_event,1,0,2.5e-05,2.2803887703689e-05,0.22803887703689
44,20,1,no_new_outage,0,0,0.902317068704068,0,1,1,0,0,0,0,0.912155508147561,full_event_available,bernoulli_full_event,1,0,2.5e-05,2.2803887703689e-05,0.22803887703689
45,1,2,no_new_outage,283.5,0.045329321115469,0.902221723796466,0,2,1,0.045329321115469,0,0,0.0271975926692814,0.0204066625595381,full_event_available,bernoulli_full_event,2,0,0.000452,9.22381147691121e-06,0.0922381147691121
45,2,1,no_new_outage,0,0,0.902221723796466,0,1,1,0,0,0,0,0.913434696773082,full_event_available,bernoulli_full_event,1,0,0.000452,0.000412872482941433,4.12872482941433
45,3,1,no_new_outage,0,0,0.902221723796466,0,1,1,0,0,0,0,0.913434696773082,full_event_available,bernoulli_full_event,1,0,0.000452,0.000412872482941433,4.12872482941433
45,4,1,no_new_outage,0,0,0.902221723796466,0,1,1,0,0,0,0,0.913434696773082,full_event_available,bernoulli_full_event,1,0,0.000452,0.000412872482941433,4.12872482941433
45,5,1,no_new_outage,0,0,0.902221723796466,0,1,1,0,0,0,0,0.913434696773082,full_event_available,bernoulli_full_event,1,0,0.000452,0.000412872482941433,4.12872482941433
45,6,1,no_new_outage,0,0,0.902221723796466,0,1,1,0,0,0,0,0.913434696773082,full_event_available,bernoulli_full_event,1,0,0.000452,0.000412872482941433,4.12872482941433
45,7,1,no_new_outage,0,0,0.902221723796466,0,1,1,0,0,0,0,0.913434696773082,full_event_available,bernoulli_full_event,1,0,0.000452,0.000412872482941433,4.12872482941433
45,8,2,no_new_outage,0,0,0.902221723796466,0,2,1,0,0,0,0,0.00141059083532915,full_event_available,bernoulli_full_event,2,0,0.000452,6.37587057568777e-07,0.00637587057568777
45,9,1,no_new_outage,0,0,0.902221723796466,0,1,1,0,0,0,0,0.913434696773082,full_event_available,bernoulli_full_event,1,0,0.000452,0.000412872482941433,4.12872482941433
45,10,1,no_new_outage,0,0,0.902221723796466,0,1,1,0,0,0,0,0.913434696773082,full_event_available,bernoulli_full_event,1,0,0.000452,0.000412872482941433,4.12872482941433
45,11,1,no_new_outage,0,0,0.902221723796466,0,1,1,0,0,0,0,0.913434696773082,full_event_available,bernoulli_full_event,1,0,0.000452,0.000412872482941433,4.12872482941433
45,12,1,no_new_outage,0,0,0.902221723796466,0,1,1,0,0,0,0,0.913434696773082,full_event_available,bernoulli_full_event,1,0,0.000452,0.000412872482941433,4.12872482941433
45,13,5,max_depth_reached,3471.58405,0.55507777136434,1.30564522868272,0.0425391432879153,10,0,1,1,1,1,0.00018378556807192,full_event_available,bernoulli_full_event,5,0,0.000452,8.3071076768508e-08,0.00083071076768508
45,14,1,no_new_outage,0,0,0.902221723796466,0,1,1,0,0,0,0,0.913434696773082,full_event_available,bernoulli_full_event,1,0,0.000452,0.000412872482941433,4.12872482941433
45,15,2,no_new_outage,0,0,0.902221723796466,0,2,1,0,0,0,0,0.00140668233927361,full_event_available,bernoulli_full_event,2,0,0.000452,6.3582041735167e-07,0.0063582041735167
45,16,1,no_new_outage,0,0,0.902221723796466,0,1,1,0,0,0,0,0.913434696773082,full_event_available,bernoulli_full_event,1,0,0.000452,0.000412872482941433,4.12872482941433
45,17,1,no_new_outage,0,0,0.902221723796466,0,1,1,0,0,0,0,0.913434696773082,full_event_available,bernoulli_full_event,1,0,0.000452,0.000412872482941433,4.12872482941433
45,18,1,no_new_outage,0,0,0.902221723796466,0,1,1,0,0,0,0,0.913434696773082,full_event_available,bernoulli_full_event,1,0,0.000452,0.000412872482941433,4.12872482941433
45,19,1,no_new_outage,0,0,0.902221723796466,0,1,1,0,0,0,0,0.913434696773082,full_event_available,bernoulli_full_event,1,0,0.000452,0.000412872482941433,4.12872482941433
45,20,1,no_new_outage,0,0,0.902221723796466,0,1,1,0,0,0,0,0.913434696773082,full_event_available,bernoulli_full_event,1,0,0.000452,0.000412872482941433,4.12872482941433
46,1,3,load_loss_threshold,2601.157,0.415903636418872,2.18086506022739,0.0656984029447645,11,1,0.415903636418872,7.08519036136433,0.525587223558116,1.77169769883581,0.208099784254134,full_event_available,bernoulli_full_event,3,0,0.000414,8.61533106812116e-05,0.861533106812115
46,2,3,load_loss_threshold,2601.157,0.415903636418872,2.18086506022739,0.0656984029447645,10,1,0.415903636418872,7.08519036136433,0.525587223558116,1.77169769883581,0.171695066802659,full_event_available,bernoulli_full_event,3,0,0.000414,7.10817576563008e-05,0.710817576563008
46,3,3,load_loss_threshold,2601.157,0.415903636418872,2.18086506022739,0.0656984029447645,9,1,0.415903636418872,7.08519036136433,0.525587223558116,1.77169769883581,0.115920059907174,full_event_available,bernoulli_full_event,3,0,0.000414,4.79909048015699e-05,0.479909048015699
46,4,3,load_loss_threshold,2601.157,0.415903636418872,2.18086506022739,0.0656984029447645,10,1,0.415903636418872,7.08519036136433,0.525587223558116,1.77169769883581,0.171695066802659,full_event_available,bernoulli_full_event,3,0,0.000414,7.10817576563008e-05,0.710817576563008
46,5,4,load_loss_threshold,4562.014,0.729428562748732,1.76491149474286,0.12556109363065,14,1,0.729428562748732,2.3135160055838,0,0.900360338765999,7.94375274622039e-05,full_event_available,bernoulli_full_event,4,0,0.000414,3.28871363693524e-08,0.000328871363693524
46,6,4,load_loss_threshold,3703.612,0.59217713451536,2.118092536739,0.0559841990098712,10,1,0.59217713451536,6.708555220434,0.111968398019742,1.71941100439996,0.000559282354455097,full_event_available,bernoulli_full_event,4,0,0.000414,2.3154289474441e-07,0.0023154289474441
46,7,3,load_loss_threshold,2601.157,0.415903636418872,2.18086506022739,0.0656984029447645,9,1,0.415903636418872,7.08519036136433,0.525587223558116,1.77169769883581,0.115920059907174,full_event_available,bernoulli_full_event,3,0,0.000414,4.79909048015699e-05,0.479909048015699
46,8,3,load_loss_threshold,3420.21,0.546863482794844,2.31534826085154,0.00978286992500277,11,1,0.546863482794844,5.28356560570858,0.00978286992500277,1.38678778480362,0.0472269446637133,full_event_available,bernoulli_full_event,3,0,0.000414,1.95519550907773e-05,0.195519550907773
46,9,4,load_loss_threshold,5022.9445,0.803127563265182,2.20585712474698,0.0871990996761254,17,1,0.803127563265182,0,0,0.481876537959109,0.0034671976057273,full_event_available,bernoulli_full_event,4,0,0.000414,1.4354198087711e-06,0.014354198087711
46,10,3,load_loss_threshold,2469.554,0.394861397805965,2.10547705144732,0.0605388030718335,7,1,0.394861397805965,4.4219082057893,0.605388030718335,1.2423760859851,0.000204564385585326,full_event_available,bernoulli_full_event,3,0,0.000414,8.4689655632325e-08,0.00084689655632325
46,11,3,load_loss_threshold,2601.157,0.415903636418872,2.18086506022739,0.0656984029447645,9,1,0.415903636418872,7.08519036136433,0.525587223558116,1.77169769883581,0.115920059907174,full_event_available,bernoulli_full_event,3,0,0.000414,4.79909048015699e-05,0.479909048015699
46,12,3,load_loss_threshold,2601.157,0.415903636418872,2.18086506022739,0.0656984029447645,10,1,0.415903636418872,7.08519036136433,0.525587223558116,1.77169769883581,0.140244792411482,full_event_available,bernoulli_full_event,3,0,0.000414,5.80613440583534e-05,0.580613440583534
46,13,3,load_loss_threshold,2601.157,0.415903636418872,2.18086506022739,0.0656984029447645,9,1,0.415903636418872,7.08519036136433,0.525587223558116,1.77169769883581,0.115920059907174,full_event_available,bernoulli_full_event,3,0,0.000414,4.79909048015699e-05,0.479909048015699
46,14,3,load_loss_threshold,3420.21,0.546863482794844,2.31534826085154,0.00978286992500277,11,1,0.546863482794844,5.28356560570858,0.00978286992500277,1.38678778480362,0.0472269446637133,full_event_available,bernoulli_full_event,3,0,0.000414,1.95519550907773e-05,0.195519550907773
46,15,3,load_loss_threshold,3420.21,0.546863482794844,2.31534826085154,0.00978286992500277,10,1,0.546863482794844,5.28356560570858,0.00978286992500277,1.38678778480362,0.0318537317490712,full_event_available,bernoulli_full_event,3,0,0.000414,1.31874449441155e-05,0.131874449441155
46,16,3,load_loss_threshold,2601.157,0.415903636418872,2.18086506022739,0.0656984029447645,11,1,0.415903636418872,7.08519036136433,0.525587223558116,1.77169769883581,0.208099784254134,full_event_available,bernoulli_full_event,3,0,0.000414,8.61533106812116e-05,0.861533106812115
46,17,3,load_loss_threshold,3339.238,0.533916725160411,1.83715631854956,0.045725691106455,11,1,0.533916725160411,6.69725054839645,0.45725691106455,1.75125152698845,0.0132314904461429,full_event_available,bernoulli_full_event,3,0,0.000414,5.47783704470317e-06,0.0547783704470317
46,18,3,load_loss_threshold,2788.44,0.445848649633928,2.16954954255405,0.182552526611549,8,1,0.445848649633928,4.6781981702162,1.09531515966929,1.42221185575746,0.00496197847283213,full_event_available,bernoulli_full_event,3,0,0.000414,2.0542590877525e-06,0.020542590877525
46,19,3,load_loss_threshold,2601.157,0.415903636418872,2.18086506022739,0.0656984029447645,11,1,0.415903636418872,7.08519036136433,0.525587223558116,1.77169769883581,0.208099784254134,full_event_available,bernoulli_full_event,3,0,0.000414,8.61533106812116e-05,0.861533106812115
46,20,3,load_loss_threshold,3562.492,0.569613205782327,1.60932681510908,0,10,0,1,1,1,1,0.000181823033541349,full_event_available,bernoulli_full_event,3,0,0.000414,7.52747358861186e-08,0.000752747358861186
