sigma,SLLR,SLFOR,SNVOR,CRI
0.9,0.693316363485193,0.97447529187635,0.165533939963003,0.643991664458986
0.95,0.723984727136674,1.30858753201277,0.202087672799735,0.736525877244505
0.98,0.788716458301022,1.68106948916829,0.212404606639498,0.851924694142171
