sigma,SLLR,SLFOR,SNVOR,CRI
0.9,0.700291642616277,0.97447529187635,0.19114612123687,0.65329926819241
0.95,0.732382163751573,1.30858753201277,0.206878069093983,0.742522418472294
0.98,0.792765856068613,1.68106948916829,0.218136917965443,0.855500795067914
