sigma,SLLR,SLFOR,SNVOR,CRI
0.9,0.507838694771379,0.97260251333918,0.140358028182725,0.527295325167208
0.95,0.661013426113207,1.21040126671425,0.198396013325729,0.67836751167592
0.98,0.746435732296382,1.95195746934629,0.227589916849193,0.883770916616926
