sigma,uniform_SLLR,weighted_SLLR,delta_SLLR,uniform_SLFOR,weighted_SLFOR,delta_SLFOR,uniform_SNVOR,weighted_SNVOR,delta_SNVOR,uniform_CRI,weighted_CRI,delta_CRI
0.9,0.531280645259288,0.507838694771379,-0.023441950487909,0.97260251333918,0.97260251333918,0,0.143552798365695,0.140358028182725,-0.00319477018297001,0.541999449496548,0.527295325167208,-0.01470412432934
0.95,0.663041973192543,0.661013426113207,-0.00202854707933597,1.20626447565443,1.21040126671425,0.00413679105982001,0.199992902465965,0.198396013325729,-0.00159688914023598,0.679076659539605,0.67836751167592,-0.000709147863685033
0.98,0.746435732296382,0.746435732296382,0,1.95195746934629,1.95195746934629,0,0.244456059502701,0.227589916849193,-0.016866142653508,0.887144145147628,0.883770916616926,-0.00337322853070199
