sigma,SLLR,SLFOR,SNVOR,CRI,result_status
0.9,0.00081496133892365,0.00748660622399882,0.000322177532966963,0.00205073355474735,valid
0.95,0.00230843428179936,0.0165588060378297,0.000894171631873164,0.00487565610302019,valid
0.98,0.00464074346334018,0.0220806101133166,0.00232844131432164,0.00766625636353175,valid
