sigma,SLLR,SLFOR,SNVOR,CRI
0.9,0.546863482794844,0.94245454016731,0.142869897008195,0.545182977112007
0.95,0.647798226160535,1.34770029406134,0.171421581847594,0.692503310878108
0.98,0.737629572305464,1.96718004142574,0.244456059502701,0.884904963568967
