sigma,SLLR,SLFOR,SNVOR,CRI
0.9,0.563111526119123,0.9260505788692,0.142869897008195,0.551651010846953
0.95,0.654530106024243,1.33756978569022,0.176192577472418,0.695470536247073
0.98,0.746435732296382,1.96718004142574,0.244456059502692,0.890188659563516
