sigma,uniform_SLLR,weighted_SLLR,delta_SLLR,uniform_SLFOR,weighted_SLFOR,delta_SLFOR,uniform_SNVOR,weighted_SNVOR,delta_SNVOR,uniform_CRI,weighted_CRI,delta_CRI
0.9,0.563111526119123,0.546863482794844,-0.016248043324279,0.9260505788692,0.94245454016731,0.0164039612981101,0.142869897008195,0.142869897008195,0,0.551651010846953,0.545182977112007,-0.00646803373494598
0.95,0.654530106024243,0.647798226160535,-0.00673187986370805,1.33756978569022,1.34770029406134,0.0101305083711201,0.176192577472418,0.171421581847594,-0.004770995624824,0.695470536247073,0.692503310878108,-0.00296722536896499
0.98,0.746435732296382,0.737629572305464,-0.00880615999091805,1.96718004142574,1.96718004142574,0,0.244456059502692,0.244456059502701,8.99280649946377e-15,0.890188659563516,0.884904963568967,-0.00528369599454903
