scenario_id,wind_speed_mps,total_wind_capacity_mw,total_wind_output_mw,wind_capacity_factor,basecase_slack_pg_mw,basic_CRI_095,weighted_CRI_095,paper_CRI_095,paper_result_status,invalid_stage_ratio,overall_status
wind_speed_8mps,8,3000,855.379188712522,0.285126396237507,731.182120344011,0.487645665156855,0.519747360424465,0.00158387703810225,valid,0.0290611028315946,success_all_valid
wind_speed_10mps,10,3000,1716.04938271605,0.57201646090535,817.275687349107,0.524246915921041,0.522813439886284,0.00161684801126665,valid,0.0321637426900585,success_all_valid
wind_speed_12mps,12,3000,3000,1,945.611063463387,0.606777481661994,0.616438348328113,0.00219600110468604,valid,0.0287769784172662,success_all_valid
wind_speed_14mps,14,3000,3000,1,945.611063463387,0.606777481661994,0.616438348328113,0.00219600110468604,valid,0.0287769784172662,success_all_valid
wind_speed_16mps,16,3000,3000,1,945.611063463387,0.606777481661994,0.616438348328113,0.00219600110468604,valid,0.0287769784172662,success_all_valid
