scenario_id,penetration_percent,total_wind_capacity_mw,total_wind_output_mw,wind_capacity_factor,basic_CRI_095,weighted_CRI_095,paper_CRI_095,paper_result_status,invalid_stage_ratio,overall_status
distributed_wind_penetration_40pct,40,2501.692,2501.692,1,0.588694719554403,0.586825849027037,0.00185902632256239,valid,0.0221428571428571,success_all_valid
distributed_wind_penetration_45pct,45,2814.4035,2814.4035,1,0.581862638619973,0.589780994207157,0.00233095922724223,valid,0.0239303843364757,success_all_valid
distributed_wind_penetration_50pct,50,3127.115,3127.115,1,0.640016129397288,0.640016129397288,0.00228145543005064,valid,0.0271622587562545,success_all_valid
distributed_wind_penetration_55pct,55,3439.8265,3439.8265,1,0.588823934499075,0.606930834577092,0.00251170187957319,valid,0.0276792051100071,success_all_valid
distributed_wind_penetration_60pct,60,3752.538,3752.538,1,0.613481647996088,0.650533533101562,0.00317028596979229,valid,0.0332179930795848,success_all_valid
distributed_wind_penetration_65pct,65,4065.2495,4065.2495,1,0.648787684894968,0.64865383158233,0.00304814675199094,valid,0.0381383322559793,success_all_valid
distributed_wind_penetration_70pct,70,4377.961,4377.961,1,0.679076659539605,0.67836751167592,0.00459904620982985,valid,0.0460048426150121,success_all_valid
distributed_wind_penetration_75pct,75,4690.6725,4690.6725,1,0.695470536247073,0.692503310878108,0.00487565610302019,valid,0.0481569560047562,success_all_valid
distributed_wind_penetration_80pct,80,5003.384,5003.384,1,0.687486882992135,0.686246070659188,0.0052719243208235,valid,0.0555237550085861,success_all_valid
