sigma,SLLR,SLFOR,SNVOR,CRI
0.9,0.654777646488856,1.11125917692642,0.164278170583172,0.647974057395232
0.95,0.693316363485193,1.31402926977335,0.244456059502701,0.727686883946326
0.98,0.711120713501102,1.65296736730628,0.244456059502701,0.806157113462457
