sigma,SLLR,SLFOR,SNVOR,CRI
0.9,0.656269436845143,1.09378529694895,0.164278170583172,0.64537435561351
0.95,0.700291642616277,1.29639641257013,0.212404606639498,0.721935189411692
0.98,0.718926870294185,1.65296736730628,0.244456059502701,0.810840807538307
