sigma,SLLR,SLFOR,SNVOR,CRI,result_status
0.9,0.00380611282340273,0.0141485383179604,0.00146593467640733,0.00540656229291518,valid
0.95,0.00957671649014225,0.0250523042945962,0.00325276932437545,0.0114070446178797,valid
0.98,0.0101573397103946,0.0895646951692308,0.00572614985818706,0.0251525728317203,valid
