sigma,SLLR,SLFOR,SNVOR,CRI,result_status
0.9,0.00720755916528436,0.0119133063543023,0.00203200689780092,0.00711359814959125,valid
0.95,0.0108162871121601,0.0266314229065927,0.00679915068282321,0.0131758869851793,valid
0.98,0.0112789946141272,0.0461168077475302,0.0124053742593105,0.0184718331698445,valid
