sigma,SLLR,SLFOR,SNVOR,CRI
0.9,0.683680748869165,0.9599565572136,0.154793512908789,0.633158463345977
0.95,0.693316363485193,1.11199893723392,0.199992902465965,0.678388186031093
0.98,0.723984727136674,1.29681406179884,0.212404606639498,0.736234569969672
