sigma,SLLR,SLFOR,SNVOR,CRI
0.9,0.684492255641382,0.9599565572136,0.162748013241923,0.635236267475934
0.95,0.693316363485193,1.16929862332904,0.199992902465965,0.689848123250117
0.98,0.723984727136674,1.29681406179884,0.212404606639498,0.736234569969672
