sigma,SLLR,SLFOR,SNVOR,CRI
0.9,0.683680748869165,1.01101357476945,0.196883888513482,0.651787941978085
0.95,0.700291642616277,1.60127202383699,0.206878069093983,0.781805004155961
0.98,0.748790818374124,1.68106948916829,0.220468317519024,0.829582052361937
