sigma,SLLR,SLFOR,SNVOR,CRI,result_status
0.9,0.0110111644046092,0.0176470896442555,0.00374527907576663,0.0108851723867699,valid
0.95,0.0180831691001574,0.048289184975391,0.0108707077317484,0.0226818800015223,valid
0.98,0.020455009197203,0.0609533662691243,0.0216702542298022,0.0287977296181071,valid
