sigma,SLLR,SLFOR,SNVOR,CRI
0.9,0,0.113787000579115,0,0.022757400115823
0.95,0.224000876206983,0.300173206510597,0.0142331145136021,0.19728178992903
0.98,0.224000876206983,0.300173206510597,0.0142331145136021,0.19728178992903
