sigma,SLLR,SLFOR,SNVOR,CRI,result_status
0.9,0,0.00118274490622491,0,0.000236548981244983,valid
0.95,0.00335517612063885,0.00953243681812564,8.86067804812378e-05,0.00393731439210469,valid
0.98,0.00335517612063885,0.00953243681812564,8.86067804812378e-05,0.00393731439210469,valid
