sigma,SLLR,SLFOR,SNVOR,CRI
0.9,0.712139783794328,1.32689532252503,0.194809377614977,0.731624810304598
0.95,0.746435732296382,1.70654739230257,0.220259028874978,0.833222723613339
0.98,0.817480329313121,1.71453419489494,0.227589916849164,0.878913019936693
