sigma,SLLR,SLFOR,SNVOR,CRI,result_status
0.9,0.0150720262367274,0.020553006265837,0.00592514436961964,0.0143388458691278,valid
0.95,0.0226345190960232,0.0580277804190634,0.0166502451172272,0.028516316564872,valid
0.98,0.0310666743577032,0.111191258786101,0.0688621198372434,0.0546506803392909,valid
