sigma,SLLR,SLFOR,SNVOR,CRI
0.9,0.693316363485193,1.32689532252503,0.199992902465965,0.721367463089315
0.95,0.744284987920176,1.70654739230257,0.220259028874978,0.831932276987615
0.98,0.746435732296382,1.71453419489494,0.227589916849164,0.83628626172665
