sigma,basic_SLLR,paper_SLLR,delta_SLLR,basic_SLFOR,paper_SLFOR,delta_SLFOR,basic_SNVOR,paper_SNVOR,delta_SNVOR,basic_CRI,paper_CRI,delta_CRI
0.9,0.377138192871065,0.000181516157789296,-0.376956676713276,0.70847664607933,0.00114346447262621,-0.707333181606704,0.0772746875564981,2.01607927617096e-06,-0.0772726714772219,0.383433182449805,0.000338005805054054,-0.383095176644751
0.95,0.562365311157409,0.00105631012702604,-0.561309001030383,1.10366074117984,0.00844232669034063,-1.0952184144895,0.118556518447796,4.35390647923779e-05,-0.118512979383004,0.581862638619973,0.00233095922724223,-0.579531679392731
0.98,0.69554986784944,0.00255486882540181,-0.692994999024038,1.70768293391464,0.0126942684207707,-1.69498866549387,0.212404606639498,0.000388612727477723,-0.21201599391202,0.801347428820492,0.00414949752489077,-0.797197931295601
