sigma,SLLR,SLFOR,SNVOR,CRI,result_status
0.9,0.000181516157789296,0.00114346447262621,2.01607927617096e-06,0.000338005805054054,valid
0.95,0.00105631012702604,0.00844232669034063,4.35390647923779e-05,0.00233095922724223,valid
0.98,0.00255486882540181,0.0126942684207707,0.000388612727477723,0.00414949752489077,valid
