sigma,SLLR,SLFOR,SNVOR,CRI
0.9,0.360324132627038,0.7236958249129,0.0772746875564981,0.376388582070102
0.95,0.557093303252359,1.13850648677003,0.139118574508676,0.589780994207157
0.98,0.695549867849439,1.70768293391464,0.227589916849193,0.80438449086243
