scenario_id,formulation,q_mode,total_ols_attempts,successful_ols_count,failed_ols_count,failure_rate,mean_q_mismatch,max_q_mismatch,max_positive_q_injection,basic_CRI_095,weighted_CRI_095,paper_CRI_095,invalid_stage_ratio,recommendation
distributed_wind_3000mw_base,positive_injection_generator,free_q,197,150,47,0.238578680203046,NaN,NaN,NaN,0.534812346909027,0.528204854316776,0.00306575265170077,0.0247252747252747,diagnostic_only
distributed_wind_3000mw_base,positive_injection_generator,fixed_zero_q,158,91,67,0.424050632911392,27.7056463135726,543.152313563045,NaN,0.445193259840246,0.528528047013123,0.00368839464212138,0.00895522388059702,diagnostic_only
distributed_wind_3000mw_base,dispatchable_load,variable_absorption,194,142,52,0.268041237113402,0,0,0,0.527416083741332,0.486974304748765,0.00323365082558165,0.0109289617486339,not_ready_for_formal_benchmark
distributed_wind_penetration_40pct,positive_injection_generator,free_q,139,114,25,0.179856115107914,NaN,NaN,NaN,0.394570299644726,0.401551981042108,0.00168826637977195,0.0215384615384615,diagnostic_only
distributed_wind_penetration_40pct,positive_injection_generator,fixed_zero_q,150,86,64,0.426666666666667,57.6748463436069,506.798420086114,NaN,0.428434534870512,0.403362802700311,0.0021930599073301,0.0236686390532544,diagnostic_only
distributed_wind_penetration_40pct,dispatchable_load,variable_absorption,153,123,30,0.196078431372549,0,0,0,0.453015528968631,0.461983763432642,0.0021678621420603,0.00890207715133531,not_ready_for_formal_benchmark
paper_wind_speed_12_00mps,positive_injection_generator,free_q,197,150,47,0.238578680203046,NaN,NaN,NaN,0.534812346909027,0.528204854316776,0.00306575265170077,0.0247252747252747,diagnostic_only
paper_wind_speed_12_00mps,positive_injection_generator,fixed_zero_q,158,91,67,0.424050632911392,27.7056463135726,543.152313563045,NaN,0.445193259840246,0.528528047013123,0.00368839464212138,0.00895522388059702,diagnostic_only
paper_wind_speed_12_00mps,dispatchable_load,variable_absorption,194,142,52,0.268041237113402,0,0,0,0.527416083741332,0.486974304748765,0.00323365082558165,0.0109289617486339,not_ready_for_formal_benchmark
