sigma,SLLR,SLFOR,SNVOR,CRI
0.9,0.654777646488856,1.11199893723391,0.164318625210188,0.648130100382133
0.95,0.693316363485193,1.3144254580312,0.244456059502701,0.727766121597896
0.98,0.711120713501102,1.65592435928679,0.244456059502701,0.806748511858559
