sigma,SLLR,SLFOR,SNVOR,CRI,result_status
0.9,0.00379571831132663,0.0142226229757387,0.00144569993728638,0.00541109556940099,valid
0.95,0.00971490518143582,0.0259072615224566,0.00325397330047251,0.0116611900734473,valid
0.98,0.0101573397103946,0.0862770674544888,0.00586214621144549,0.0245222465594236,valid
