sigma,uniform_SLLR,weighted_SLLR,delta_SLLR,uniform_SLFOR,weighted_SLFOR,delta_SLFOR,uniform_SNVOR,weighted_SNVOR,delta_SNVOR,uniform_CRI,weighted_CRI,delta_CRI
0.9,0.397849615380311,0.397849615380311,0,0.74067671435631,0.77002678903456,0.02935007467825,0.0797177580716476,0.0808645693205094,0.00114681124886179,0.402788663713778,0.4088880408992,0.00609937718542203
0.95,0.644322082814351,0.644322082814351,0,1.1131088548752,1.1131088548752,0,0.154005543668189,0.154005543668189,0,0.640016129397288,0.640016129397288,0
0.98,0.759037123674697,0.759037123674697,0,1.76033120851002,1.76033120851002,0,0.2074295216226,0.227589916849193,0.020160395226593,0.848974420231342,0.853006499276661,0.00403207904531899
