sigma,SLLR,SLFOR,SNVOR,CRI
0.9,0.713841592010527,1.67091795948095,0.199992902465943,0.802487127595695
0.95,0.761275168965644,1.76354278644758,0.243841657590546,0.858241990187012
0.98,0.817480329313121,1.77117010194644,0.262103443408279,0.897142906658816
