sigma,basic_SLLR,paper_SLLR,delta_SLLR,basic_SLFOR,paper_SLFOR,delta_SLFOR,basic_SNVOR,paper_SNVOR,delta_SNVOR,basic_CRI,paper_CRI,delta_CRI
0.9,0.259832229547043,0.000183488980245747,-0.259648740566797,0.55009911493147,0.00134451065691105,-0.548754604274559,0.0442680792513329,1.56177235400512e-06,-0.0442665174789789,0.274772776564786,0.000379307874000459,-0.274393468690786
0.95,0.562384018496282,0.00102527956686252,-0.561358738929419,0.99249663761878,0.00616458479174778,-0.986332052827032,0.132746077259225,4.79295445319683e-05,-0.132698147714693,0.56247895407337,0.00185767060737346,-0.560621283465997
0.98,0.69554986784944,0.00261485547329813,-0.692935012376142,1.65296736730628,0.0115026707558612,-1.64146469655042,0.227589916849193,0.00045561140211169,-0.227134305447081,0.793441377540759,0.00396056971557346,-0.789480807825186
