sigma,SLLR,SLFOR,SNVOR,CRI,result_status
0.9,0.000183488980245747,0.00134451065691105,1.56177235400512e-06,0.000379307874000459,valid
0.95,0.00102527956686252,0.00616458479174778,4.79295445319683e-05,0.00185767060737346,valid
0.98,0.00261485547329813,0.0115026707558612,0.00045561140211169,0.00396056971557346,valid
