sigma,SLLR,SLFOR,SNVOR,CRI
0.9,0.259832229547043,0.55009911493147,0.0442680792513329,0.274772776564786
0.95,0.562384018496282,0.99249663761878,0.132746077259225,0.56247895407337
0.98,0.69554986784944,1.65296736730628,0.227589916849193,0.793441377540759
