sigma,SLLR,SLFOR,SNVOR,CRI
0.9,0.224000876206983,0.55009911493147,0.0379667220110677,0.252013693112697
0.95,0.502734325408563,1.02020482395219,0.13351502621011,0.532384565277598
0.98,0.708650545310933,1.86295279862812,0.227589916849193,0.843298870282022
