sigma,uniform_SLLR,weighted_SLLR,delta_SLLR,uniform_SLFOR,weighted_SLFOR,delta_SLFOR,uniform_SNVOR,weighted_SNVOR,delta_SNVOR,uniform_CRI,weighted_CRI,delta_CRI
0.9,0.259832229547043,0.224000876206983,-0.03583135334006,0.55009911493147,0.55009911493147,0,0.0442680792513329,0.0379667220110677,-0.0063013572402652,0.274772776564786,0.252013693112697,-0.022759083452089
0.95,0.562384018496282,0.502734325408563,-0.0596496930877189,0.99249663761878,1.02020482395219,0.0277081863334099,0.132746077259225,0.13351502621011,0.000768948950885001,0.56247895407337,0.532384565277598,-0.030094388795772
0.98,0.69554986784944,0.708650545310933,0.013100677461493,1.65296736730628,1.86295279862812,0.20998543132184,0.227589916849193,0.227589916849193,0,0.793441377540759,0.843298870282022,0.0498574927412629
