sigma,SLLR,SLFOR,SNVOR,CRI
0.9,0.366015660600905,0.76465554588428,0.0924241143295707,0.391025328403313
0.95,0.594544332395834,1.15427112595459,0.144287618498472,0.616438348328113
0.98,0.69554986784944,1.88684075998282,0.244456059502701,0.843589284606768
