initial_branch,trial_id,stage_id,terminated_reason,stage_probability_mode,candidate_count,selected_candidate_count,unselected_candidate_count,selected_probability_product,unselected_probability_product,stage_transition_probability,probability_status,terminal_stage_flag,should_multiply_candidate_complements,missing_reason,selected_branch_ids,random_u_selected,candidate_probability_basis,note
1,1,1,continue,bernoulli_full_event,45,1,44,1,0.977160054349329,0.977160054349329,full_event_available,0,1,,"3","0.16777",paper_formula,Full Bernoulli event probability uses selected probabilities and non-selected complement probabilities.
1,1,2,continue,bernoulli_full_event,44,3,41,1,0.978987340638282,0.978987340638282,full_event_available,0,1,,"4,40,42","0.84134,0.86507,0.70673",paper_formula,Full Bernoulli event probability uses selected probabilities and non-selected complement probabilities.
1,1,3,continue,bernoulli_full_event,35,3,32,0.62969510357131,0.00888038193714645,0.00559193302366423,full_event_available,0,1,,"8,14,19","0.18445,0.55492,0.31452",paper_formula,Full Bernoulli event probability uses selected probabilities and non-selected complement probabilities.
1,1,4,load_loss_threshold,bernoulli_full_event,32,0,32,NaN,NaN,1,terminal_stage_probability_one,1,0,,"","",,Terminal recording stage excluded from Bernoulli complement product.
1,2,1,continue,bernoulli_full_event,45,1,44,1,0.977160054349329,0.977160054349329,full_event_available,0,1,,"3","0.63933",paper_formula,Full Bernoulli event probability uses selected probabilities and non-selected complement probabilities.
1,2,2,continue,bernoulli_full_event,44,3,41,1,0.978987340638282,0.978987340638282,full_event_available,0,1,,"4,40,42","0.97115,0.92201,0.45724",paper_formula,Full Bernoulli event probability uses selected probabilities and non-selected complement probabilities.
1,2,3,continue,bernoulli_full_event,35,5,30,0.406365117844887,0.237669310639223,0.0965805174260209,full_event_available,0,1,,"8,10,14,19,20","0.28448,0.79493,0.58236,0.33504,0.55021",paper_formula,Full Bernoulli event probability uses selected probabilities and non-selected complement probabilities.
1,2,4,load_loss_threshold,bernoulli_full_event,30,0,30,NaN,NaN,1,terminal_stage_probability_one,1,0,,"","",,Terminal recording stage excluded from Bernoulli complement product.
1,3,1,continue,bernoulli_full_event,45,1,44,1,0.977160054349329,0.977160054349329,full_event_available,0,1,,"3","0.84347",paper_formula,Full Bernoulli event probability uses selected probabilities and non-selected complement probabilities.
1,3,2,continue,bernoulli_full_event,44,3,41,1,0.978987340638282,0.978987340638282,full_event_available,0,1,,"4,40,42","0.69536,0.58399,0.61202",paper_formula,Full Bernoulli event probability uses selected probabilities and non-selected complement probabilities.
1,3,3,continue,bernoulli_full_event,35,6,29,0.291407846028161,0.840142740861122,0.244824186470535,full_event_available,0,1,,"8,10,14,19,20,23","0.42732,0.83059,0.34143,0.30605,0.22312,0.35658",paper_formula,Full Bernoulli event probability uses selected probabilities and non-selected complement probabilities.
1,3,4,load_loss_threshold,bernoulli_full_event,19,0,19,NaN,NaN,1,terminal_stage_probability_one,1,0,,"","",,Terminal recording stage excluded from Bernoulli complement product.
1,4,1,continue,bernoulli_full_event,45,1,44,1,0.977160054349329,0.977160054349329,full_event_available,0,1,,"3","0.60817",paper_formula,Full Bernoulli event probability uses selected probabilities and non-selected complement probabilities.
1,4,2,continue,bernoulli_full_event,44,3,41,1,0.978987340638282,0.978987340638282,full_event_available,0,1,,"4,40,42","0.49993,0.032152,0.61979",paper_formula,Full Bernoulli event probability uses selected probabilities and non-selected complement probabilities.
1,4,3,continue,bernoulli_full_event,35,5,30,0.462753977085662,0.311083675799397,0.143955208182598,full_event_available,0,1,,"8,10,14,20,23","0.9968,0.27291,0.077461,0.47414,0.141",paper_formula,Full Bernoulli event probability uses selected probabilities and non-selected complement probabilities.
1,4,4,load_loss_threshold,bernoulli_full_event,19,0,19,NaN,NaN,1,terminal_stage_probability_one,1,0,,"","",,Terminal recording stage excluded from Bernoulli complement product.
1,5,1,continue,bernoulli_full_event,45,1,44,1,0.977160054349329,0.977160054349329,full_event_available,0,1,,"3","0.63342",paper_formula,Full Bernoulli event probability uses selected probabilities and non-selected complement probabilities.
1,5,2,continue,bernoulli_full_event,44,3,41,1,0.978987340638282,0.978987340638282,full_event_available,0,1,,"4,40,42","0.52712,0.42755,0.6103",paper_formula,Full Bernoulli event probability uses selected probabilities and non-selected complement probabilities.
1,5,3,continue,bernoulli_full_event,35,6,29,0.291407846028161,0.840142740861122,0.244824186470535,full_event_available,0,1,,"8,10,14,19,20,23","0.26234,0.012836,0.26401,0.091893,0.41696,0.13198",paper_formula,Full Bernoulli event probability uses selected probabilities and non-selected complement probabilities.
1,5,4,load_loss_threshold,bernoulli_full_event,19,0,19,NaN,NaN,1,terminal_stage_probability_one,1,0,,"","",,Terminal recording stage excluded from Bernoulli complement product.
1,6,1,continue,bernoulli_full_event,45,1,44,1,0.977160054349329,0.977160054349329,full_event_available,0,1,,"3","0.9289",paper_formula,Full Bernoulli event probability uses selected probabilities and non-selected complement probabilities.
1,6,2,continue,bernoulli_full_event,44,3,41,1,0.978987340638282,0.978987340638282,full_event_available,0,1,,"4,40,42","0.75921,0.21909,0.85218",paper_formula,Full Bernoulli event probability uses selected probabilities and non-selected complement probabilities.
1,6,3,continue,bernoulli_full_event,35,6,29,0.291407846028161,0.840142740861122,0.244824186470535,full_event_available,0,1,,"8,10,14,19,20,23","0.50915,0.43746,0.67557,0.137,0.034073,0.54622",paper_formula,Full Bernoulli event probability uses selected probabilities and non-selected complement probabilities.
1,6,4,load_loss_threshold,bernoulli_full_event,19,0,19,NaN,NaN,1,terminal_stage_probability_one,1,0,,"","",,Terminal recording stage excluded from Bernoulli complement product.
1,7,1,continue,bernoulli_full_event,45,1,44,1,0.977160054349329,0.977160054349329,full_event_available,0,1,,"3","0.60317",paper_formula,Full Bernoulli event probability uses selected probabilities and non-selected complement probabilities.
1,7,2,continue,bernoulli_full_event,44,3,41,1,0.978987340638282,0.978987340638282,full_event_available,0,1,,"4,40,42","0.97382,0.91912,0.14203",paper_formula,Full Bernoulli event probability uses selected probabilities and non-selected complement probabilities.
1,7,3,continue,bernoulli_full_event,35,5,30,0.462753977085662,0.311083675799397,0.143955208182598,full_event_available,0,1,,"8,10,14,20,23","0.97103,0.63336,0.69314,0.5406,0.42723",paper_formula,Full Bernoulli event probability uses selected probabilities and non-selected complement probabilities.
1,7,4,load_loss_threshold,bernoulli_full_event,19,0,19,NaN,NaN,1,terminal_stage_probability_one,1,0,,"","",,Terminal recording stage excluded from Bernoulli complement product.
1,8,1,continue,bernoulli_full_event,45,1,44,1,0.977160054349329,0.977160054349329,full_event_available,0,1,,"3","0.078751",paper_formula,Full Bernoulli event probability uses selected probabilities and non-selected complement probabilities.
1,8,2,continue,bernoulli_full_event,44,3,41,1,0.978987340638282,0.978987340638282,full_event_available,0,1,,"4,40,42","0.48501,0.88234,0.14285",paper_formula,Full Bernoulli event probability uses selected probabilities and non-selected complement probabilities.
1,8,3,continue,bernoulli_full_event,35,6,29,0.000193308776730181,0.137440844006593,2.65685214276782e-05,full_event_available,0,1,,"8,14,19,20,23,39","0.59867,0.89722,0.5685,0.22411,0.52063,0.00042019",paper_formula,Full Bernoulli event probability uses selected probabilities and non-selected complement probabilities.
1,8,4,load_loss_threshold,bernoulli_full_event,18,0,18,NaN,NaN,1,terminal_stage_probability_one,1,0,,"","",,Terminal recording stage excluded from Bernoulli complement product.
1,9,1,continue,bernoulli_full_event,45,1,44,1,0.977160054349329,0.977160054349329,full_event_available,0,1,,"3","0.28319",paper_formula,Full Bernoulli event probability uses selected probabilities and non-selected complement probabilities.
1,9,2,continue,bernoulli_full_event,44,3,41,1,0.978987340638282,0.978987340638282,full_event_available,0,1,,"4,40,42","0.81592,0.25584,0.34727",paper_formula,Full Bernoulli event probability uses selected probabilities and non-selected complement probabilities.
1,9,3,continue,bernoulli_full_event,35,5,30,0.348366240428385,0.137364577944201,0.0478531815864534,full_event_available,0,1,,"8,14,19,20,23","0.38264,0.061091,0.038221,0.29426,0.018197",paper_formula,Full Bernoulli event probability uses selected probabilities and non-selected complement probabilities.
1,9,4,load_loss_threshold,bernoulli_full_event,19,0,19,NaN,NaN,1,terminal_stage_probability_one,1,0,,"","",,Terminal recording stage excluded from Bernoulli complement product.
1,10,1,continue,bernoulli_full_event,45,1,44,1,0.977160054349329,0.977160054349329,full_event_available,0,1,,"3","0.60941",paper_formula,Full Bernoulli event probability uses selected probabilities and non-selected complement probabilities.
1,10,2,continue,bernoulli_full_event,44,3,41,1,0.978987340638282,0.978987340638282,full_event_available,0,1,,"4,40,42","0.10026,0.36016,0.79361",paper_formula,Full Bernoulli event probability uses selected probabilities and non-selected complement probabilities.
1,10,3,continue,bernoulli_full_event,35,4,31,0.64530546103907,0.0880029537630439,0.056788786650861,full_event_available,0,1,,"8,10,14,20","0.064545,0.4258,0.73534,0.097867",paper_formula,Full Bernoulli event probability uses selected probabilities and non-selected complement probabilities.
1,10,4,load_loss_threshold,bernoulli_full_event,31,0,31,NaN,NaN,1,terminal_stage_probability_one,1,0,,"","",,Terminal recording stage excluded from Bernoulli complement product.
2,1,1,continue,bernoulli_full_event,45,1,44,1,0.977300834658533,0.977300834658533,full_event_available,0,1,,"3","0.58285",paper_formula,Full Bernoulli event probability uses selected probabilities and non-selected complement probabilities.
2,1,2,continue,bernoulli_full_event,44,2,42,1,0.978585064882348,0.978585064882348,full_event_available,0,1,,"40,42","0.88354,0.78251",paper_formula,Full Bernoulli event probability uses selected probabilities and non-selected complement probabilities.
2,1,3,continue,bernoulli_full_event,34,3,31,0.622069299586755,0.207167990741963,0.128872846897649,full_event_available,0,1,,"8,14,23","0.54762,0.84102,0.29494",paper_formula,Full Bernoulli event probability uses selected probabilities and non-selected complement probabilities.
2,1,4,load_loss_threshold,bernoulli_full_event,19,0,19,NaN,NaN,1,terminal_stage_probability_one,1,0,,"","",,Terminal recording stage excluded from Bernoulli complement product.
2,2,1,continue,bernoulli_full_event,45,1,44,1,0.977300834658533,0.977300834658533,full_event_available,0,1,,"3","0.7769",paper_formula,Full Bernoulli event probability uses selected probabilities and non-selected complement probabilities.
2,2,2,continue,bernoulli_full_event,44,2,42,1,0.978585064882348,0.978585064882348,full_event_available,0,1,,"40,42","0.58048,0.39595",paper_formula,Full Bernoulli event probability uses selected probabilities and non-selected complement probabilities.
2,2,3,continue,bernoulli_full_event,34,4,30,0.269885373366595,0.365924840127674,0.098757762101969,full_event_available,0,1,,"8,10,14,23","0.84431,0.091279,0.85651,0.12933",paper_formula,Full Bernoulli event probability uses selected probabilities and non-selected complement probabilities.
2,2,4,load_loss_threshold,bernoulli_full_event,19,0,19,NaN,NaN,1,terminal_stage_probability_one,1,0,,"","",,Terminal recording stage excluded from Bernoulli complement product.
2,3,1,continue,bernoulli_full_event,45,1,44,1,0.977300834658533,0.977300834658533,full_event_available,0,1,,"3","0.054798",paper_formula,Full Bernoulli event probability uses selected probabilities and non-selected complement probabilities.
2,3,2,continue,bernoulli_full_event,44,2,42,1,0.978585064882348,0.978585064882348,full_event_available,0,1,,"40,42","0.87342,0.76329",paper_formula,Full Bernoulli event probability uses selected probabilities and non-selected complement probabilities.
2,3,3,continue,bernoulli_full_event,34,3,31,0.210918117693272,0.0992230915446115,0.0209279477002966,full_event_available,0,1,,"8,14,20","0.20332,0.14624,0.17001",paper_formula,Full Bernoulli event probability uses selected probabilities and non-selected complement probabilities.
2,3,4,load_loss_threshold,bernoulli_full_event,31,0,31,NaN,NaN,1,terminal_stage_probability_one,1,0,,"","",,Terminal recording stage excluded from Bernoulli complement product.
2,4,1,continue,bernoulli_full_event,45,1,44,1,0.977300834658533,0.977300834658533,full_event_available,0,1,,"3","0.28201",paper_formula,Full Bernoulli event probability uses selected probabilities and non-selected complement probabilities.
2,4,2,continue,bernoulli_full_event,44,2,42,1,0.978585064882348,0.978585064882348,full_event_available,0,1,,"40,42","0.99594,0.57938",paper_formula,Full Bernoulli event probability uses selected probabilities and non-selected complement probabilities.
2,4,3,continue,bernoulli_full_event,34,3,31,0.529606373689394,0.166446013434323,0.088150869590008,full_event_available,0,1,,"8,14,19","0.61709,0.55695,0.19136",paper_formula,Full Bernoulli event probability uses selected probabilities and non-selected complement probabilities.
2,4,4,load_loss_threshold,bernoulli_full_event,31,0,31,NaN,NaN,1,terminal_stage_probability_one,1,0,,"","",,Terminal recording stage excluded from Bernoulli complement product.
2,5,1,continue,bernoulli_full_event,45,1,44,1,0.977300834658533,0.977300834658533,full_event_available,0,1,,"3","0.19772",paper_formula,Full Bernoulli event probability uses selected probabilities and non-selected complement probabilities.
2,5,2,continue,bernoulli_full_event,44,2,42,1,0.978585064882348,0.978585064882348,full_event_available,0,1,,"40,42","0.28855,0.84207",paper_formula,Full Bernoulli event probability uses selected probabilities and non-selected complement probabilities.
2,5,3,continue,bernoulli_full_event,34,4,30,0.329451865937643,0.440414110979404,0.145095250647433,full_event_available,0,1,,"8,14,19,23","0.2956,0.99436,0.096643,0.12768",paper_formula,Full Bernoulli event probability uses selected probabilities and non-selected complement probabilities.
2,5,4,load_loss_threshold,bernoulli_full_event,19,0,19,NaN,NaN,1,terminal_stage_probability_one,1,0,,"","",,Terminal recording stage excluded from Bernoulli complement product.
2,6,1,continue,bernoulli_full_event,45,1,44,1,0.977300834658533,0.977300834658533,full_event_available,0,1,,"3","0.63422",paper_formula,Full Bernoulli event probability uses selected probabilities and non-selected complement probabilities.
2,6,2,continue,bernoulli_full_event,44,2,42,1,0.978585064882348,0.978585064882348,full_event_available,0,1,,"40,42","0.86358,0.66203",paper_formula,Full Bernoulli event probability uses selected probabilities and non-selected complement probabilities.
2,6,3,continue,bernoulli_full_event,34,4,30,0.269885373366595,0.365924840127674,0.098757762101969,full_event_available,0,1,,"8,10,14,23","0.79933,0.0099283,0.47807,0.59737",paper_formula,Full Bernoulli event probability uses selected probabilities and non-selected complement probabilities.
2,6,4,load_loss_threshold,bernoulli_full_event,19,0,19,NaN,NaN,1,terminal_stage_probability_one,1,0,,"","",,Terminal recording stage excluded from Bernoulli complement product.
2,7,1,continue,bernoulli_full_event,45,1,44,1,0.977300834658533,0.977300834658533,full_event_available,0,1,,"3","0.26468",paper_formula,Full Bernoulli event probability uses selected probabilities and non-selected complement probabilities.
2,7,2,continue,bernoulli_full_event,44,3,41,0.00055490100445,0.979128384206229,0.000543319323881542,full_event_available,0,1,,"4,40,42","0.00023275,0.444,0.54895",paper_formula,Full Bernoulli event probability uses selected probabilities and non-selected complement probabilities.
2,7,3,continue,bernoulli_full_event,34,4,30,0.229770242632842,0.293996821795242,0.067551721077177,full_event_available,0,1,,"8,10,14,19","0.44424,0.12426,0.23285,0.42208",paper_formula,Full Bernoulli event probability uses selected probabilities and non-selected complement probabilities.
2,7,4,load_loss_threshold,bernoulli_full_event,30,0,30,NaN,NaN,1,terminal_stage_probability_one,1,0,,"","",,Terminal recording stage excluded from Bernoulli complement product.
2,8,1,continue,bernoulli_full_event,45,1,44,1,0.977300834658533,0.977300834658533,full_event_available,0,1,,"3","0.17414",paper_formula,Full Bernoulli event probability uses selected probabilities and non-selected complement probabilities.
2,8,2,continue,bernoulli_full_event,44,2,42,1,0.978585064882348,0.978585064882348,full_event_available,0,1,,"40,42","0.5536,0.84761",paper_formula,Full Bernoulli event probability uses selected probabilities and non-selected complement probabilities.
2,8,3,continue,bernoulli_full_event,34,3,31,0.622069299586755,0.207167990741963,0.128872846897649,full_event_available,0,1,,"8,14,23","0.77925,0.23932,0.40668",paper_formula,Full Bernoulli event probability uses selected probabilities and non-selected complement probabilities.
2,8,4,load_loss_threshold,bernoulli_full_event,19,0,19,NaN,NaN,1,terminal_stage_probability_one,1,0,,"","",,Terminal recording stage excluded from Bernoulli complement product.
2,9,1,continue,bernoulli_full_event,45,1,44,1,0.977300834658533,0.977300834658533,full_event_available,0,1,,"3","0.87054",paper_formula,Full Bernoulli event probability uses selected probabilities and non-selected complement probabilities.
2,9,2,continue,bernoulli_full_event,44,2,42,1,0.978585064882348,0.978585064882348,full_event_available,0,1,,"40,42","0.15686,0.27269",paper_formula,Full Bernoulli event probability uses selected probabilities and non-selected complement probabilities.
2,9,3,continue,bernoulli_full_event,34,3,31,0.622069299586755,0.207167990741963,0.128872846897649,full_event_available,0,1,,"8,14,23","0.14688,0.098872,0.43062",paper_formula,Full Bernoulli event probability uses selected probabilities and non-selected complement probabilities.
2,9,4,load_loss_threshold,bernoulli_full_event,19,0,19,NaN,NaN,1,terminal_stage_probability_one,1,0,,"","",,Terminal recording stage excluded from Bernoulli complement product.
2,10,1,continue,bernoulli_full_event,45,1,44,1,0.977300834658533,0.977300834658533,full_event_available,0,1,,"3","0.67193",paper_formula,Full Bernoulli event probability uses selected probabilities and non-selected complement probabilities.
2,10,2,continue,bernoulli_full_event,44,2,42,1,0.978585064882348,0.978585064882348,full_event_available,0,1,,"40,42","0.72532,0.68824",paper_formula,Full Bernoulli event probability uses selected probabilities and non-selected complement probabilities.
2,10,3,continue,bernoulli_full_event,34,3,31,0.433850976966524,0.138294231128056,0.0599990872837416,full_event_available,0,1,,"8,10,14","0.56307,0.1416,0.64064",paper_formula,Full Bernoulli event probability uses selected probabilities and non-selected complement probabilities.
2,10,4,continue,bernoulli_full_event,31,8,23,1,0.717235815014083,0.717235815014083,full_event_available,0,1,,"9,13,16,17,19,20,23,27","0.80124,0.31644,0.00416,0.45578,0.42065,0.7631,0.70824,0.15886",paper_formula,Full Bernoulli event probability uses selected probabilities and non-selected complement probabilities.
2,10,5,max_depth_reached,bernoulli_full_event,0,0,0,NaN,NaN,1,terminal_stage_probability_one,1,0,,"","",,Terminal recording stage excluded from Bernoulli complement product.
3,1,1,no_new_outage,bernoulli_full_event,45,0,45,1,0.976624666006087,0.976624666006087,full_event_available,1,1,,"","",paper_formula,Full Bernoulli event probability uses selected probabilities and non-selected complement probabilities.
3,2,1,no_new_outage,bernoulli_full_event,45,0,45,1,0.976624666006087,0.976624666006087,full_event_available,1,1,,"","",paper_formula,Full Bernoulli event probability uses selected probabilities and non-selected complement probabilities.
3,3,1,no_new_outage,bernoulli_full_event,45,0,45,1,0.976624666006087,0.976624666006087,full_event_available,1,1,,"","",paper_formula,Full Bernoulli event probability uses selected probabilities and non-selected complement probabilities.
3,4,1,no_new_outage,bernoulli_full_event,45,0,45,1,0.976624666006087,0.976624666006087,full_event_available,1,1,,"","",paper_formula,Full Bernoulli event probability uses selected probabilities and non-selected complement probabilities.
3,5,1,no_new_outage,bernoulli_full_event,45,0,45,1,0.976624666006087,0.976624666006087,full_event_available,1,1,,"","",paper_formula,Full Bernoulli event probability uses selected probabilities and non-selected complement probabilities.
3,6,1,no_new_outage,bernoulli_full_event,45,0,45,1,0.976624666006087,0.976624666006087,full_event_available,1,1,,"","",paper_formula,Full Bernoulli event probability uses selected probabilities and non-selected complement probabilities.
3,7,1,no_new_outage,bernoulli_full_event,45,0,45,1,0.976624666006087,0.976624666006087,full_event_available,1,1,,"","",paper_formula,Full Bernoulli event probability uses selected probabilities and non-selected complement probabilities.
3,8,1,no_new_outage,bernoulli_full_event,45,0,45,1,0.976624666006087,0.976624666006087,full_event_available,1,1,,"","",paper_formula,Full Bernoulli event probability uses selected probabilities and non-selected complement probabilities.
3,9,1,no_new_outage,bernoulli_full_event,45,0,45,1,0.976624666006087,0.976624666006087,full_event_available,1,1,,"","",paper_formula,Full Bernoulli event probability uses selected probabilities and non-selected complement probabilities.
3,10,1,no_new_outage,bernoulli_full_event,45,0,45,1,0.976624666006087,0.976624666006087,full_event_available,1,1,,"","",paper_formula,Full Bernoulli event probability uses selected probabilities and non-selected complement probabilities.
4,1,1,no_new_outage,bernoulli_full_event,45,0,45,1,0.976690123094797,0.976690123094797,full_event_available,1,1,,"","",paper_formula,Full Bernoulli event probability uses selected probabilities and non-selected complement probabilities.
4,2,1,no_new_outage,bernoulli_full_event,45,0,45,1,0.976690123094797,0.976690123094797,full_event_available,1,1,,"","",paper_formula,Full Bernoulli event probability uses selected probabilities and non-selected complement probabilities.
4,3,1,no_new_outage,bernoulli_full_event,45,0,45,1,0.976690123094797,0.976690123094797,full_event_available,1,1,,"","",paper_formula,Full Bernoulli event probability uses selected probabilities and non-selected complement probabilities.
4,4,1,no_new_outage,bernoulli_full_event,45,0,45,1,0.976690123094797,0.976690123094797,full_event_available,1,1,,"","",paper_formula,Full Bernoulli event probability uses selected probabilities and non-selected complement probabilities.
4,5,1,no_new_outage,bernoulli_full_event,45,0,45,1,0.976690123094797,0.976690123094797,full_event_available,1,1,,"","",paper_formula,Full Bernoulli event probability uses selected probabilities and non-selected complement probabilities.
4,6,1,no_new_outage,bernoulli_full_event,45,0,45,1,0.976690123094797,0.976690123094797,full_event_available,1,1,,"","",paper_formula,Full Bernoulli event probability uses selected probabilities and non-selected complement probabilities.
4,7,1,no_new_outage,bernoulli_full_event,45,0,45,1,0.976690123094797,0.976690123094797,full_event_available,1,1,,"","",paper_formula,Full Bernoulli event probability uses selected probabilities and non-selected complement probabilities.
4,8,1,no_new_outage,bernoulli_full_event,45,0,45,1,0.976690123094797,0.976690123094797,full_event_available,1,1,,"","",paper_formula,Full Bernoulli event probability uses selected probabilities and non-selected complement probabilities.
4,9,1,no_new_outage,bernoulli_full_event,45,0,45,1,0.976690123094797,0.976690123094797,full_event_available,1,1,,"","",paper_formula,Full Bernoulli event probability uses selected probabilities and non-selected complement probabilities.
4,10,1,no_new_outage,bernoulli_full_event,45,0,45,1,0.976690123094797,0.976690123094797,full_event_available,1,1,,"","",paper_formula,Full Bernoulli event probability uses selected probabilities and non-selected complement probabilities.
5,1,1,continue,bernoulli_full_event,45,2,43,0.197812814136868,0.977337921107746,0.193329964536999,full_event_available,0,1,,"8,14","0.11045,0.34995",paper_formula,Full Bernoulli event probability uses selected probabilities and non-selected complement probabilities.
5,1,2,continue,bernoulli_full_event,43,1,42,1,0.977815011135912,0.977815011135912,full_event_available,0,1,,"3","0.32883",paper_formula,Full Bernoulli event probability uses selected probabilities and non-selected complement probabilities.
5,1,3,continue,bernoulli_full_event,42,3,39,1,0.251322482224802,0.251322482224802,full_event_available,0,1,,"9,40,42","0.60482,0.0595,0.11582",paper_formula,Full Bernoulli event probability uses selected probabilities and non-selected complement probabilities.
5,1,4,continue,bernoulli_full_event,35,5,30,0.341704183897916,0.373332805824001,0.127569381736409,full_event_available,0,1,,"7,23,26,27,30","0.16209,0.091618,0.2878,0.88007,0.10981",paper_formula,Full Bernoulli event probability uses selected probabilities and non-selected complement probabilities.
5,1,5,max_depth_reached,bernoulli_full_event,16,0,16,NaN,NaN,1,terminal_stage_probability_one,1,0,,"","",,Terminal recording stage excluded from Bernoulli complement product.
5,2,1,continue,bernoulli_full_event,45,2,43,0.197812814136868,0.977337921107746,0.193329964536999,full_event_available,0,1,,"8,14","0.04994,0.45909",paper_formula,Full Bernoulli event probability uses selected probabilities and non-selected complement probabilities.
5,2,2,continue,bernoulli_full_event,43,2,41,0.00066287940553,0.978463614515034,0.000648603379122461,full_event_available,0,1,,"3,20","0.47732,0.00010902",paper_formula,Full Bernoulli event probability uses selected probabilities and non-selected complement probabilities.
5,2,3,continue,bernoulli_full_event,41,5,36,0.106076210565881,0.822712178916659,0.0872701903258781,full_event_available,0,1,,"25,27,30,40,42","0.3331,0.9403,0.6523,0.053303,0.74758",paper_formula,Full Bernoulli event probability uses selected probabilities and non-selected complement probabilities.
5,2,4,load_loss_threshold,bernoulli_full_event,0,0,0,NaN,NaN,1,terminal_stage_probability_one,1,0,,"","",,Terminal recording stage excluded from Bernoulli complement product.
5,3,1,continue,bernoulli_full_event,45,1,44,0.91871445101351,0.76690260649642,0.704564507108189,full_event_available,0,1,,"14","0.39862",paper_formula,Full Bernoulli event probability uses selected probabilities and non-selected complement probabilities.
5,3,2,continue,bernoulli_full_event,44,1,43,1,0.977674222201267,0.977674222201267,full_event_available,0,1,,"3","0.75362",paper_formula,Full Bernoulli event probability uses selected probabilities and non-selected complement probabilities.
5,3,3,continue,bernoulli_full_event,43,2,41,0.555964028363442,0.56165208751623,0.31225835711426,full_event_available,0,1,,"40,42","0.46464,0.59427",paper_formula,Full Bernoulli event probability uses selected probabilities and non-selected complement probabilities.
5,3,4,continue,bernoulli_full_event,37,3,34,0.87191971248995,0.502214464981927,0.437890691915336,full_event_available,0,1,,"16,17,27","0.7117,0.1454,0.17766",paper_formula,Full Bernoulli event probability uses selected probabilities and non-selected complement probabilities.
5,3,5,max_depth_reached,bernoulli_full_event,27,0,27,NaN,NaN,1,terminal_stage_probability_one,1,0,,"","",,Terminal recording stage excluded from Bernoulli complement product.
5,4,1,continue,bernoulli_full_event,45,1,44,0.91871445101351,0.76690260649642,0.704564507108189,full_event_available,0,1,,"14","0.24321",paper_formula,Full Bernoulli event probability uses selected probabilities and non-selected complement probabilities.
5,4,2,continue,bernoulli_full_event,44,1,43,1,0.977674222201267,0.977674222201267,full_event_available,0,1,,"3","0.079166",paper_formula,Full Bernoulli event probability uses selected probabilities and non-selected complement probabilities.
5,4,3,continue,bernoulli_full_event,43,2,41,0.290665877214373,0.325014838217509,0.09447072305818,full_event_available,0,1,,"17,40","0.12222,0.65823",paper_formula,Full Bernoulli event probability uses selected probabilities and non-selected complement probabilities.
5,4,4,load_loss_threshold,bernoulli_full_event,37,0,37,NaN,NaN,1,terminal_stage_probability_one,1,0,,"","",,Terminal recording stage excluded from Bernoulli complement product.
5,5,1,continue,bernoulli_full_event,45,2,43,0.197812814136868,0.977337921107746,0.193329964536999,full_event_available,0,1,,"8,14","0.057,0.56454",paper_formula,Full Bernoulli event probability uses selected probabilities and non-selected complement probabilities.
5,5,2,continue,bernoulli_full_event,43,1,42,1,0.977815011135912,0.977815011135912,full_event_available,0,1,,"3","0.97963",paper_formula,Full Bernoulli event probability uses selected probabilities and non-selected complement probabilities.
5,5,3,continue,bernoulli_full_event,42,4,38,0.420315186904965,0.433550226860264,0.182227744635462,full_event_available,0,1,,"9,19,40,42","0.12894,0.22176,0.82165,0.71503",paper_formula,Full Bernoulli event probability uses selected probabilities and non-selected complement probabilities.
5,5,4,load_loss_threshold,bernoulli_full_event,34,0,34,NaN,NaN,1,terminal_stage_probability_one,1,0,,"","",,Terminal recording stage excluded from Bernoulli complement product.
5,6,1,continue,bernoulli_full_event,45,2,43,0.197812814136868,0.977337921107746,0.193329964536999,full_event_available,0,1,,"8,14","0.075209,0.91603",paper_formula,Full Bernoulli event probability uses selected probabilities and non-selected complement probabilities.
5,6,2,continue,bernoulli_full_event,43,1,42,1,0.977815011135912,0.977815011135912,full_event_available,0,1,,"3","0.6247",paper_formula,Full Bernoulli event probability uses selected probabilities and non-selected complement probabilities.
5,6,3,continue,bernoulli_full_event,42,4,38,0.542731511189342,0.549616884553941,0.298294402329139,full_event_available,0,1,,"9,23,40,42","0.82857,0.25779,0.22876,0.57728",paper_formula,Full Bernoulli event probability uses selected probabilities and non-selected complement probabilities.
5,6,4,load_loss_threshold,bernoulli_full_event,18,0,18,NaN,NaN,1,terminal_stage_probability_one,1,0,,"","",,Terminal recording stage excluded from Bernoulli complement product.
5,7,1,continue,bernoulli_full_event,45,1,44,0.91871445101351,0.76690260649642,0.704564507108189,full_event_available,0,1,,"14","0.74396",paper_formula,Full Bernoulli event probability uses selected probabilities and non-selected complement probabilities.
5,7,2,continue,bernoulli_full_event,44,1,43,1,0.977674222201267,0.977674222201267,full_event_available,0,1,,"3","0.15956",paper_formula,Full Bernoulli event probability uses selected probabilities and non-selected complement probabilities.
5,7,3,continue,bernoulli_full_event,43,1,42,0.92034383725089,0.222367632646635,0.2046546803104,full_event_available,0,1,,"40","0.203",paper_formula,Full Bernoulli event probability uses selected probabilities and non-selected complement probabilities.
5,7,4,continue,bernoulli_full_event,42,3,39,0.00069187360582,0.623705098598243,0.000431525095535485,full_event_available,0,1,,"2,16,17","0.0002683,0.88135,0.33286",paper_formula,Full Bernoulli event probability uses selected probabilities and non-selected complement probabilities.
5,7,5,max_depth_reached,bernoulli_full_event,36,0,36,NaN,NaN,1,terminal_stage_probability_one,1,0,,"","",,Terminal recording stage excluded from Bernoulli complement product.
5,8,1,continue,bernoulli_full_event,45,1,44,0.91871445101351,0.76690260649642,0.704564507108189,full_event_available,0,1,,"14","0.10696",paper_formula,Full Bernoulli event probability uses selected probabilities and non-selected complement probabilities.
5,8,2,continue,bernoulli_full_event,44,1,43,1,0.977674222201267,0.977674222201267,full_event_available,0,1,,"3","0.29825",paper_formula,Full Bernoulli event probability uses selected probabilities and non-selected complement probabilities.
5,8,3,continue,bernoulli_full_event,43,2,41,0.290665877214373,0.325014838217509,0.09447072305818,full_event_available,0,1,,"17,40","0.26327,0.91816",paper_formula,Full Bernoulli event probability uses selected probabilities and non-selected complement probabilities.
5,8,4,load_loss_threshold,bernoulli_full_event,37,0,37,NaN,NaN,1,terminal_stage_probability_one,1,0,,"","",,Terminal recording stage excluded from Bernoulli complement product.
5,9,1,no_new_outage,bernoulli_full_event,45,0,45,1,0.0623380993882317,0.0623380993882317,full_event_available,1,1,,"","",paper_formula,Full Bernoulli event probability uses selected probabilities and non-selected complement probabilities.
5,10,1,continue,bernoulli_full_event,45,1,44,0.91871445101351,0.76690260649642,0.704564507108189,full_event_available,0,1,,"14","0.046091",paper_formula,Full Bernoulli event probability uses selected probabilities and non-selected complement probabilities.
5,10,2,continue,bernoulli_full_event,44,1,43,1,0.977674222201267,0.977674222201267,full_event_available,0,1,,"3","0.29474",paper_formula,Full Bernoulli event probability uses selected probabilities and non-selected complement probabilities.
5,10,3,continue,bernoulli_full_event,43,4,39,0.0284831254651253,0.979867998665279,0.0279097031452443,full_event_available,0,1,,"16,17,40,42","0.031736,0.08755,0.29288,0.56321",paper_formula,Full Bernoulli event probability uses selected probabilities and non-selected complement probabilities.
5,10,4,load_loss_threshold,bernoulli_full_event,31,0,31,NaN,NaN,1,terminal_stage_probability_one,1,0,,"","",,Terminal recording stage excluded from Bernoulli complement product.
6,1,1,no_new_outage,bernoulli_full_event,45,0,45,1,0.976790768271155,0.976790768271155,full_event_available,1,1,,"","",paper_formula,Full Bernoulli event probability uses selected probabilities and non-selected complement probabilities.
6,2,1,no_new_outage,bernoulli_full_event,45,0,45,1,0.976790768271155,0.976790768271155,full_event_available,1,1,,"","",paper_formula,Full Bernoulli event probability uses selected probabilities and non-selected complement probabilities.
6,3,1,no_new_outage,bernoulli_full_event,45,0,45,1,0.976790768271155,0.976790768271155,full_event_available,1,1,,"","",paper_formula,Full Bernoulli event probability uses selected probabilities and non-selected complement probabilities.
6,4,1,no_new_outage,bernoulli_full_event,45,0,45,1,0.976790768271155,0.976790768271155,full_event_available,1,1,,"","",paper_formula,Full Bernoulli event probability uses selected probabilities and non-selected complement probabilities.
6,5,1,no_new_outage,bernoulli_full_event,45,0,45,1,0.976790768271155,0.976790768271155,full_event_available,1,1,,"","",paper_formula,Full Bernoulli event probability uses selected probabilities and non-selected complement probabilities.
6,6,1,no_new_outage,bernoulli_full_event,45,0,45,1,0.976790768271155,0.976790768271155,full_event_available,1,1,,"","",paper_formula,Full Bernoulli event probability uses selected probabilities and non-selected complement probabilities.
6,7,1,no_new_outage,bernoulli_full_event,45,0,45,1,0.976790768271155,0.976790768271155,full_event_available,1,1,,"","",paper_formula,Full Bernoulli event probability uses selected probabilities and non-selected complement probabilities.
6,8,1,no_new_outage,bernoulli_full_event,45,0,45,1,0.976790768271155,0.976790768271155,full_event_available,1,1,,"","",paper_formula,Full Bernoulli event probability uses selected probabilities and non-selected complement probabilities.
6,9,1,no_new_outage,bernoulli_full_event,45,0,45,1,0.976790768271155,0.976790768271155,full_event_available,1,1,,"","",paper_formula,Full Bernoulli event probability uses selected probabilities and non-selected complement probabilities.
6,10,1,no_new_outage,bernoulli_full_event,45,0,45,1,0.976790768271155,0.976790768271155,full_event_available,1,1,,"","",paper_formula,Full Bernoulli event probability uses selected probabilities and non-selected complement probabilities.
7,1,1,no_new_outage,bernoulli_full_event,45,0,45,1,0.976679375806569,0.976679375806569,full_event_available,1,1,,"","",paper_formula,Full Bernoulli event probability uses selected probabilities and non-selected complement probabilities.
7,2,1,no_new_outage,bernoulli_full_event,45,0,45,1,0.976679375806569,0.976679375806569,full_event_available,1,1,,"","",paper_formula,Full Bernoulli event probability uses selected probabilities and non-selected complement probabilities.
7,3,1,no_new_outage,bernoulli_full_event,45,0,45,1,0.976679375806569,0.976679375806569,full_event_available,1,1,,"","",paper_formula,Full Bernoulli event probability uses selected probabilities and non-selected complement probabilities.
7,4,1,no_new_outage,bernoulli_full_event,45,0,45,1,0.976679375806569,0.976679375806569,full_event_available,1,1,,"","",paper_formula,Full Bernoulli event probability uses selected probabilities and non-selected complement probabilities.
7,5,1,no_new_outage,bernoulli_full_event,45,0,45,1,0.976679375806569,0.976679375806569,full_event_available,1,1,,"","",paper_formula,Full Bernoulli event probability uses selected probabilities and non-selected complement probabilities.
7,6,1,no_new_outage,bernoulli_full_event,45,0,45,1,0.976679375806569,0.976679375806569,full_event_available,1,1,,"","",paper_formula,Full Bernoulli event probability uses selected probabilities and non-selected complement probabilities.
7,7,1,no_new_outage,bernoulli_full_event,45,0,45,1,0.976679375806569,0.976679375806569,full_event_available,1,1,,"","",paper_formula,Full Bernoulli event probability uses selected probabilities and non-selected complement probabilities.
7,8,1,no_new_outage,bernoulli_full_event,45,0,45,1,0.976679375806569,0.976679375806569,full_event_available,1,1,,"","",paper_formula,Full Bernoulli event probability uses selected probabilities and non-selected complement probabilities.
7,9,1,no_new_outage,bernoulli_full_event,45,0,45,1,0.976679375806569,0.976679375806569,full_event_available,1,1,,"","",paper_formula,Full Bernoulli event probability uses selected probabilities and non-selected complement probabilities.
7,10,1,no_new_outage,bernoulli_full_event,45,0,45,1,0.976679375806569,0.976679375806569,full_event_available,1,1,,"","",paper_formula,Full Bernoulli event probability uses selected probabilities and non-selected complement probabilities.
8,1,1,continue,bernoulli_full_event,45,2,43,1,0.664535853155539,0.664535853155539,full_event_available,0,1,,"19,23","0.92781,0.73266",paper_formula,Full Bernoulli event probability uses selected probabilities and non-selected complement probabilities.
8,1,2,continue,bernoulli_full_event,43,6,37,1,0.539218275961787,0.539218275961787,full_event_available,0,1,,"3,12,13,16,17,18","0.23176,0.46414,0.23377,0.79136,0.73071,0.55371",paper_formula,Full Bernoulli event probability uses selected probabilities and non-selected complement probabilities.
8,1,3,continue,bernoulli_full_event,30,8,22,1,0.988419230637871,0.988419230637871,full_event_available,0,1,,"4,7,25,27,30,31,40,42","0.53709,0.16632,0.1807,0.26006,0.7979,0.27688,0.48962,0.87486",paper_formula,Full Bernoulli event probability uses selected probabilities and non-selected complement probabilities.
8,1,4,load_loss_threshold,bernoulli_full_event,3,0,3,NaN,NaN,1,terminal_stage_probability_one,1,0,,"","",,Terminal recording stage excluded from Bernoulli complement product.
8,2,1,continue,bernoulli_full_event,45,3,42,0.320728845503033,0.978307188162082,0.313771335006543,full_event_available,0,1,,"9,19,23","0.1417,0.76603,0.67951",paper_formula,Full Bernoulli event probability uses selected probabilities and non-selected complement probabilities.
8,2,2,continue,bernoulli_full_event,42,7,35,1,0.527653002665837,0.527653002665837,full_event_available,0,1,,"3,6,12,13,16,17,18","0.42635,0.50611,0.99273,0.61794,0.5003,0.56428,0.98456",paper_formula,Full Bernoulli event probability uses selected probabilities and non-selected complement probabilities.
8,2,3,continue,bernoulli_full_event,28,2,26,1,0.986576363384618,0.986576363384618,full_event_available,0,1,,"40,42","0.31016,0.37303",paper_formula,Full Bernoulli event probability uses selected probabilities and non-selected complement probabilities.
8,2,4,load_loss_threshold,bernoulli_full_event,17,0,17,NaN,NaN,1,terminal_stage_probability_one,1,0,,"","",,Terminal recording stage excluded from Bernoulli complement product.
8,3,1,continue,bernoulli_full_event,45,2,43,1,0.664535853155539,0.664535853155539,full_event_available,0,1,,"19,23","0.82513,0.29064",paper_formula,Full Bernoulli event probability uses selected probabilities and non-selected complement probabilities.
8,3,2,continue,bernoulli_full_event,43,6,37,1,0.539218275961787,0.539218275961787,full_event_available,0,1,,"3,12,13,16,17,18","0.25168,0.33827,0.71625,0.38219,0.87428,0.32189",paper_formula,Full Bernoulli event probability uses selected probabilities and non-selected complement probabilities.
8,3,3,continue,bernoulli_full_event,30,8,22,1,0.988419230637871,0.988419230637871,full_event_available,0,1,,"4,7,25,27,30,31,40,42","0.51027,0.5597,0.25441,0.92528,0.54628,0.88848,0.27751,0.18388",paper_formula,Full Bernoulli event probability uses selected probabilities and non-selected complement probabilities.
8,3,4,load_loss_threshold,bernoulli_full_event,3,0,3,NaN,NaN,1,terminal_stage_probability_one,1,0,,"","",,Terminal recording stage excluded from Bernoulli complement product.
8,4,1,continue,bernoulli_full_event,45,2,43,1,0.664535853155539,0.664535853155539,full_event_available,0,1,,"19,23","0.75027,0.44827",paper_formula,Full Bernoulli event probability uses selected probabilities and non-selected complement probabilities.
8,4,2,continue,bernoulli_full_event,43,6,37,1,0.539218275961787,0.539218275961787,full_event_available,0,1,,"3,12,13,16,17,18","0.81328,0.83887,0.12895,0.42945,0.56272,0.1562",paper_formula,Full Bernoulli event probability uses selected probabilities and non-selected complement probabilities.
8,4,3,continue,bernoulli_full_event,30,8,22,1,0.988419230637871,0.988419230637871,full_event_available,0,1,,"4,7,25,27,30,31,40,42","0.023697,0.54341,0.68167,0.40289,0.21385,0.19559,0.76226,0.38183",paper_formula,Full Bernoulli event probability uses selected probabilities and non-selected complement probabilities.
8,4,4,load_loss_threshold,bernoulli_full_event,3,0,3,NaN,NaN,1,terminal_stage_probability_one,1,0,,"","",,Terminal recording stage excluded from Bernoulli complement product.
8,5,1,continue,bernoulli_full_event,45,2,43,1,0.664535853155539,0.664535853155539,full_event_available,0,1,,"19,23","0.56092,0.14735",paper_formula,Full Bernoulli event probability uses selected probabilities and non-selected complement probabilities.
8,5,2,continue,bernoulli_full_event,43,7,36,0.450302153308736,0.980935761723363,0.441717485761576,full_event_available,0,1,,"3,11,12,13,16,17,18","0.95058,0.2028,0.75289,0.14062,0.06008,0.64596,0.55789",paper_formula,Full Bernoulli event probability uses selected probabilities and non-selected complement probabilities.
8,5,3,continue,bernoulli_full_event,30,8,22,1,0.988419230637871,0.988419230637871,full_event_available,0,1,,"4,7,25,27,30,31,40,42","0.92078,0.20816,0.31935,0.54881,0.36405,0.83884,0.14786,0.37317",paper_formula,Full Bernoulli event probability uses selected probabilities and non-selected complement probabilities.
8,5,4,load_loss_threshold,bernoulli_full_event,3,0,3,NaN,NaN,1,terminal_stage_probability_one,1,0,,"","",,Terminal recording stage excluded from Bernoulli complement product.
8,6,1,continue,bernoulli_full_event,45,2,43,1,0.664535853155539,0.664535853155539,full_event_available,0,1,,"19,23","0.17405,0.13836",paper_formula,Full Bernoulli event probability uses selected probabilities and non-selected complement probabilities.
8,6,2,continue,bernoulli_full_event,43,6,37,1,0.539218275961787,0.539218275961787,full_event_available,0,1,,"3,12,13,16,17,18","0.73729,0.067481,0.48994,0.41224,0.96545,0.60181",paper_formula,Full Bernoulli event probability uses selected probabilities and non-selected complement probabilities.
8,6,3,continue,bernoulli_full_event,30,8,22,1,0.988419230637871,0.988419230637871,full_event_available,0,1,,"4,7,25,27,30,31,40,42","0.050877,0.081356,0.34421,0.94605,0.48533,0.17706,0.027483,0.37601",paper_formula,Full Bernoulli event probability uses selected probabilities and non-selected complement probabilities.
8,6,4,load_loss_threshold,bernoulli_full_event,3,0,3,NaN,NaN,1,terminal_stage_probability_one,1,0,,"","",,Terminal recording stage excluded from Bernoulli complement product.
8,7,1,continue,bernoulli_full_event,45,2,43,1,0.664535853155539,0.664535853155539,full_event_available,0,1,,"19,23","0.61149,0.42536",paper_formula,Full Bernoulli event probability uses selected probabilities and non-selected complement probabilities.
8,7,2,continue,bernoulli_full_event,43,7,36,0.450302153308736,0.980935761723363,0.441717485761576,full_event_available,0,1,,"3,11,12,13,16,17,18","0.1057,0.1419,0.086448,0.77374,0.33222,0.48809,0.51137",paper_formula,Full Bernoulli event probability uses selected probabilities and non-selected complement probabilities.
8,7,3,continue,bernoulli_full_event,30,8,22,1,0.988419230637871,0.988419230637871,full_event_available,0,1,,"4,7,25,27,30,31,40,42","0.18178,0.32536,0.35223,0.57416,0.50668,0.60051,0.52522,0.31237",paper_formula,Full Bernoulli event probability uses selected probabilities and non-selected complement probabilities.
8,7,4,load_loss_threshold,bernoulli_full_event,3,0,3,NaN,NaN,1,terminal_stage_probability_one,1,0,,"","",,Terminal recording stage excluded from Bernoulli complement product.
8,8,1,continue,bernoulli_full_event,45,3,42,0.320728845503033,0.978307188162082,0.313771335006543,full_event_available,0,1,,"9,19,23","0.19531,0.33966,0.96979",paper_formula,Full Bernoulli event probability uses selected probabilities and non-selected complement probabilities.
8,8,2,continue,bernoulli_full_event,42,7,35,1,0.527653002665837,0.527653002665837,full_event_available,0,1,,"3,6,12,13,16,17,18","0.33866,0.027546,0.0013373,0.7375,0.45711,0.00053194,0.4546",paper_formula,Full Bernoulli event probability uses selected probabilities and non-selected complement probabilities.
8,8,3,continue,bernoulli_full_event,28,2,26,1,0.986576363384618,0.986576363384618,full_event_available,0,1,,"40,42","0.31492,0.25346",paper_formula,Full Bernoulli event probability uses selected probabilities and non-selected complement probabilities.
8,8,4,load_loss_threshold,bernoulli_full_event,17,0,17,NaN,NaN,1,terminal_stage_probability_one,1,0,,"","",,Terminal recording stage excluded from Bernoulli complement product.
8,9,1,continue,bernoulli_full_event,45,3,42,0.320728845503033,0.978307188162082,0.313771335006543,full_event_available,0,1,,"9,19,23","0.10504,0.51282,0.42795",paper_formula,Full Bernoulli event probability uses selected probabilities and non-selected complement probabilities.
8,9,2,continue,bernoulli_full_event,42,7,35,1,0.527653002665837,0.527653002665837,full_event_available,0,1,,"3,6,12,13,16,17,18","0.44269,0.69202,0.58859,0.23355,0.10508,0.6887,0.22043",paper_formula,Full Bernoulli event probability uses selected probabilities and non-selected complement probabilities.
8,9,3,continue,bernoulli_full_event,28,2,26,1,0.986576363384618,0.986576363384618,full_event_available,0,1,,"40,42","0.12484,0.57535",paper_formula,Full Bernoulli event probability uses selected probabilities and non-selected complement probabilities.
8,9,4,load_loss_threshold,bernoulli_full_event,17,0,17,NaN,NaN,1,terminal_stage_probability_one,1,0,,"","",,Terminal recording stage excluded from Bernoulli complement product.
8,10,1,continue,bernoulli_full_event,45,3,42,0.320728845503033,0.978307188162082,0.313771335006543,full_event_available,0,1,,"9,19,23","0.2903,0.077668,0.59195",paper_formula,Full Bernoulli event probability uses selected probabilities and non-selected complement probabilities.
8,10,2,continue,bernoulli_full_event,42,8,34,0.462836266320877,0.982294539975465,0.454641537309628,full_event_available,0,1,,"3,6,11,12,13,16,17,18","0.33476,0.14773,0.17823,0.063966,0.40451,0.78841,0.39663,0.26945",paper_formula,Full Bernoulli event probability uses selected probabilities and non-selected complement probabilities.
8,10,3,continue,bernoulli_full_event,28,2,26,1,0.986576363384618,0.986576363384618,full_event_available,0,1,,"40,42","0.47541,0.80648",paper_formula,Full Bernoulli event probability uses selected probabilities and non-selected complement probabilities.
8,10,4,load_loss_threshold,bernoulli_full_event,17,0,17,NaN,NaN,1,terminal_stage_probability_one,1,0,,"","",,Terminal recording stage excluded from Bernoulli complement product.
9,1,1,no_new_outage,bernoulli_full_event,45,0,45,1,0.976857224998439,0.976857224998439,full_event_available,1,1,,"","",paper_formula,Full Bernoulli event probability uses selected probabilities and non-selected complement probabilities.
9,2,1,no_new_outage,bernoulli_full_event,45,0,45,1,0.976857224998439,0.976857224998439,full_event_available,1,1,,"","",paper_formula,Full Bernoulli event probability uses selected probabilities and non-selected complement probabilities.
9,3,1,no_new_outage,bernoulli_full_event,45,0,45,1,0.976857224998439,0.976857224998439,full_event_available,1,1,,"","",paper_formula,Full Bernoulli event probability uses selected probabilities and non-selected complement probabilities.
9,4,1,no_new_outage,bernoulli_full_event,45,0,45,1,0.976857224998439,0.976857224998439,full_event_available,1,1,,"","",paper_formula,Full Bernoulli event probability uses selected probabilities and non-selected complement probabilities.
9,5,1,no_new_outage,bernoulli_full_event,45,0,45,1,0.976857224998439,0.976857224998439,full_event_available,1,1,,"","",paper_formula,Full Bernoulli event probability uses selected probabilities and non-selected complement probabilities.
9,6,1,no_new_outage,bernoulli_full_event,45,0,45,1,0.976857224998439,0.976857224998439,full_event_available,1,1,,"","",paper_formula,Full Bernoulli event probability uses selected probabilities and non-selected complement probabilities.
9,7,1,no_new_outage,bernoulli_full_event,45,0,45,1,0.976857224998439,0.976857224998439,full_event_available,1,1,,"","",paper_formula,Full Bernoulli event probability uses selected probabilities and non-selected complement probabilities.
9,8,1,no_new_outage,bernoulli_full_event,45,0,45,1,0.976857224998439,0.976857224998439,full_event_available,1,1,,"","",paper_formula,Full Bernoulli event probability uses selected probabilities and non-selected complement probabilities.
9,9,1,no_new_outage,bernoulli_full_event,45,0,45,1,0.976857224998439,0.976857224998439,full_event_available,1,1,,"","",paper_formula,Full Bernoulli event probability uses selected probabilities and non-selected complement probabilities.
9,10,1,no_new_outage,bernoulli_full_event,45,0,45,1,0.976857224998439,0.976857224998439,full_event_available,1,1,,"","",paper_formula,Full Bernoulli event probability uses selected probabilities and non-selected complement probabilities.
10,1,1,continue,bernoulli_full_event,45,3,42,1,0.892664366424032,0.892664366424032,full_event_available,0,1,,"12,19,23","0.24284,0.11349,0.056091",paper_formula,Full Bernoulli event probability uses selected probabilities and non-selected complement probabilities.
10,1,2,continue,bernoulli_full_event,36,2,34,1,0.924972775547368,0.924972775547368,full_event_available,0,1,,"3,6","0.36412,0.81592",paper_formula,Full Bernoulli event probability uses selected probabilities and non-selected complement probabilities.
10,1,3,continue,bernoulli_full_event,34,5,29,0.86019666821343,0.985411709936571,0.847647869705938,full_event_available,0,1,,"9,25,27,40,42","0.11505,0.16135,0.28461,0.76119,0.28931",paper_formula,Full Bernoulli event probability uses selected probabilities and non-selected complement probabilities.
10,1,4,load_loss_threshold,bernoulli_full_event,0,0,0,NaN,NaN,1,terminal_stage_probability_one,1,0,,"","",,Terminal recording stage excluded from Bernoulli complement product.
10,2,1,continue,bernoulli_full_event,45,3,42,1,0.892664366424032,0.892664366424032,full_event_available,0,1,,"12,19,23","0.328,0.30463,0.24202",paper_formula,Full Bernoulli event probability uses selected probabilities and non-selected complement probabilities.
10,2,2,continue,bernoulli_full_event,36,2,34,1,0.924972775547368,0.924972775547368,full_event_available,0,1,,"3,6","0.9724,0.6675",paper_formula,Full Bernoulli event probability uses selected probabilities and non-selected complement probabilities.
10,2,3,continue,bernoulli_full_event,34,4,30,1,0.137763840230633,0.137763840230633,full_event_available,0,1,,"25,27,40,42","0.26158,0.89904,0.54339,0.97054",paper_formula,Full Bernoulli event probability uses selected probabilities and non-selected complement probabilities.
10,2,4,load_loss_threshold,bernoulli_full_event,0,0,0,NaN,NaN,1,terminal_stage_probability_one,1,0,,"","",,Terminal recording stage excluded from Bernoulli complement product.
10,3,1,continue,bernoulli_full_event,45,3,42,1,0.892664366424032,0.892664366424032,full_event_available,0,1,,"12,19,23","0.71624,0.38105,0.74638",paper_formula,Full Bernoulli event probability uses selected probabilities and non-selected complement probabilities.
10,3,2,continue,bernoulli_full_event,36,2,34,1,0.924972775547368,0.924972775547368,full_event_available,0,1,,"3,6","0.37983,0.17916",paper_formula,Full Bernoulli event probability uses selected probabilities and non-selected complement probabilities.
10,3,3,continue,bernoulli_full_event,34,5,29,0.86019666821343,0.985411709936571,0.847647869705938,full_event_available,0,1,,"9,25,27,40,42","0.83278,0.55389,0.74187,0.86469,0.84584",paper_formula,Full Bernoulli event probability uses selected probabilities and non-selected complement probabilities.
10,3,4,load_loss_threshold,bernoulli_full_event,0,0,0,NaN,NaN,1,terminal_stage_probability_one,1,0,,"","",,Terminal recording stage excluded from Bernoulli complement product.
10,4,1,continue,bernoulli_full_event,45,4,41,0.0722096348761496,0.962140155772011,0.0694757893479786,full_event_available,0,1,,"9,12,19,23","0.059211,0.63109,0.10486,0.38245",paper_formula,Full Bernoulli event probability uses selected probabilities and non-selected complement probabilities.
10,4,2,continue,bernoulli_full_event,35,2,33,1,0.100719701033079,0.100719701033079,full_event_available,0,1,,"3,6","0.4842,0.078551",paper_formula,Full Bernoulli event probability uses selected probabilities and non-selected complement probabilities.
10,4,3,load_loss_threshold,bernoulli_full_event,0,0,0,NaN,NaN,1,terminal_stage_probability_one,1,0,,"","",,Terminal recording stage excluded from Bernoulli complement product.
10,5,1,continue,bernoulli_full_event,45,3,42,1,0.892664366424032,0.892664366424032,full_event_available,0,1,,"12,19,23","0.75196,0.73003,0.92904",paper_formula,Full Bernoulli event probability uses selected probabilities and non-selected complement probabilities.
10,5,2,continue,bernoulli_full_event,36,3,33,0.00072586680616,0.925644670287829,0.000671894740460853,full_event_available,0,1,,"3,6,9","0.78523,0.79023,0.00040065",paper_formula,Full Bernoulli event probability uses selected probabilities and non-selected complement probabilities.
10,5,3,load_loss_threshold,bernoulli_full_event,0,0,0,NaN,NaN,1,terminal_stage_probability_one,1,0,,"","",,Terminal recording stage excluded from Bernoulli complement product.
10,6,1,continue,bernoulli_full_event,45,3,42,1,0.892664366424032,0.892664366424032,full_event_available,0,1,,"12,19,23","0.50285,0.86452,0.9393",paper_formula,Full Bernoulli event probability uses selected probabilities and non-selected complement probabilities.
10,6,2,continue,bernoulli_full_event,36,2,34,1,0.924972775547368,0.924972775547368,full_event_available,0,1,,"3,6","0.61612,0.65322",paper_formula,Full Bernoulli event probability uses selected probabilities and non-selected complement probabilities.
10,6,3,continue,bernoulli_full_event,34,5,29,0.86019666821343,0.985411709936571,0.847647869705938,full_event_available,0,1,,"9,25,27,40,42","0.63183,0.039898,0.7496,0.47738,0.92323",paper_formula,Full Bernoulli event probability uses selected probabilities and non-selected complement probabilities.
10,6,4,load_loss_threshold,bernoulli_full_event,0,0,0,NaN,NaN,1,terminal_stage_probability_one,1,0,,"","",,Terminal recording stage excluded from Bernoulli complement product.
10,7,1,continue,bernoulli_full_event,45,4,41,0.0175616719247243,0.908621275162256,0.0159569087382242,full_event_available,0,1,,"12,15,19,23","0.49233,0.0027157,0.6444,0.76288",paper_formula,Full Bernoulli event probability uses selected probabilities and non-selected complement probabilities.
10,7,2,continue,bernoulli_full_event,35,1,34,1,0.982201073184117,0.982201073184117,full_event_available,0,1,,"3","0.74875",paper_formula,Full Bernoulli event probability uses selected probabilities and non-selected complement probabilities.
10,7,3,continue,bernoulli_full_event,34,9,25,0.982932678276311,0.987072785292527,0.970226096501242,full_event_available,0,1,,"4,16,17,25,27,30,31,40,42","0.57469,0.23845,0.22917,0.50156,0.9694,0.30768,0.40841,0.1355,0.082337",paper_formula,Full Bernoulli event probability uses selected probabilities and non-selected complement probabilities.
10,7,4,load_loss_threshold,bernoulli_full_event,3,0,3,NaN,NaN,1,terminal_stage_probability_one,1,0,,"","",,Terminal recording stage excluded from Bernoulli complement product.
10,8,1,continue,bernoulli_full_event,45,3,42,1,0.892664366424032,0.892664366424032,full_event_available,0,1,,"12,19,23","0.20946,0.022603,0.75235",paper_formula,Full Bernoulli event probability uses selected probabilities and non-selected complement probabilities.
10,8,2,continue,bernoulli_full_event,36,2,34,1,0.924972775547368,0.924972775547368,full_event_available,0,1,,"3,6","0.66678,0.45386",paper_formula,Full Bernoulli event probability uses selected probabilities and non-selected complement probabilities.
10,8,3,continue,bernoulli_full_event,34,5,29,0.86019666821343,0.985411709936571,0.847647869705938,full_event_available,0,1,,"9,25,27,40,42","0.077565,0.30424,0.73569,0.51127,0.26638",paper_formula,Full Bernoulli event probability uses selected probabilities and non-selected complement probabilities.
10,8,4,load_loss_threshold,bernoulli_full_event,0,0,0,NaN,NaN,1,terminal_stage_probability_one,1,0,,"","",,Terminal recording stage excluded from Bernoulli complement product.
10,9,1,continue,bernoulli_full_event,45,3,42,1,0.892664366424032,0.892664366424032,full_event_available,0,1,,"12,19,23","0.24522,0.34346,0.14182",paper_formula,Full Bernoulli event probability uses selected probabilities and non-selected complement probabilities.
10,9,2,continue,bernoulli_full_event,36,2,34,1,0.924972775547368,0.924972775547368,full_event_available,0,1,,"3,6","0.97331,0.67846",paper_formula,Full Bernoulli event probability uses selected probabilities and non-selected complement probabilities.
10,9,3,continue,bernoulli_full_event,34,4,30,1,0.137763840230633,0.137763840230633,full_event_available,0,1,,"25,27,40,42","0.85553,0.5525,0.92922,0.72426",paper_formula,Full Bernoulli event probability uses selected probabilities and non-selected complement probabilities.
10,9,4,load_loss_threshold,bernoulli_full_event,0,0,0,NaN,NaN,1,terminal_stage_probability_one,1,0,,"","",,Terminal recording stage excluded from Bernoulli complement product.
10,10,1,continue,bernoulli_full_event,45,3,42,1,0.892664366424032,0.892664366424032,full_event_available,0,1,,"12,19,23","0.23195,0.53016,0.66184",paper_formula,Full Bernoulli event probability uses selected probabilities and non-selected complement probabilities.
10,10,2,continue,bernoulli_full_event,36,3,33,0.0595078836969571,0.983498701917162,0.0585259263697948,full_event_available,0,1,,"3,6,17","0.98707,0.43957,0.029512",paper_formula,Full Bernoulli event probability uses selected probabilities and non-selected complement probabilities.
10,10,3,load_loss_threshold,bernoulli_full_event,0,0,0,NaN,NaN,1,terminal_stage_probability_one,1,0,,"","",,Terminal recording stage excluded from Bernoulli complement product.
11,1,1,continue,bernoulli_full_event,45,1,44,1,0.977171805520324,0.977171805520324,full_event_available,0,1,,"12","0.088023",paper_formula,Full Bernoulli event probability uses selected probabilities and non-selected complement probabilities.
11,1,2,continue,bernoulli_full_event,44,2,42,1,0.720429053931417,0.720429053931417,full_event_available,0,1,,"1,27","0.53763,0.14151",paper_formula,Full Bernoulli event probability uses selected probabilities and non-selected complement probabilities.
11,1,3,load_loss_threshold,bernoulli_full_event,35,0,35,NaN,NaN,1,terminal_stage_probability_one,1,0,,"","",,Terminal recording stage excluded from Bernoulli complement product.
11,2,1,continue,bernoulli_full_event,45,1,44,1,0.977171805520324,0.977171805520324,full_event_available,0,1,,"12","0.13528",paper_formula,Full Bernoulli event probability uses selected probabilities and non-selected complement probabilities.
11,2,2,continue,bernoulli_full_event,44,2,42,1,0.720429053931417,0.720429053931417,full_event_available,0,1,,"1,27","0.31933,0.77442",paper_formula,Full Bernoulli event probability uses selected probabilities and non-selected complement probabilities.
11,2,3,load_loss_threshold,bernoulli_full_event,35,0,35,NaN,NaN,1,terminal_stage_probability_one,1,0,,"","",,Terminal recording stage excluded from Bernoulli complement product.
11,3,1,continue,bernoulli_full_event,45,1,44,1,0.977171805520324,0.977171805520324,full_event_available,0,1,,"12","0.60114",paper_formula,Full Bernoulli event probability uses selected probabilities and non-selected complement probabilities.
11,3,2,continue,bernoulli_full_event,44,2,42,1,0.720429053931417,0.720429053931417,full_event_available,0,1,,"1,27","0.75446,0.74604",paper_formula,Full Bernoulli event probability uses selected probabilities and non-selected complement probabilities.
11,3,3,load_loss_threshold,bernoulli_full_event,35,0,35,NaN,NaN,1,terminal_stage_probability_one,1,0,,"","",,Terminal recording stage excluded from Bernoulli complement product.
11,4,1,continue,bernoulli_full_event,45,1,44,1,0.977171805520324,0.977171805520324,full_event_available,0,1,,"12","0.23547",paper_formula,Full Bernoulli event probability uses selected probabilities and non-selected complement probabilities.
11,4,2,continue,bernoulli_full_event,44,2,42,1,0.720429053931417,0.720429053931417,full_event_available,0,1,,"1,27","0.52799,0.77735",paper_formula,Full Bernoulli event probability uses selected probabilities and non-selected complement probabilities.
11,4,3,load_loss_threshold,bernoulli_full_event,35,0,35,NaN,NaN,1,terminal_stage_probability_one,1,0,,"","",,Terminal recording stage excluded from Bernoulli complement product.
11,5,1,continue,bernoulli_full_event,45,1,44,1,0.977171805520324,0.977171805520324,full_event_available,0,1,,"12","0.97999",paper_formula,Full Bernoulli event probability uses selected probabilities and non-selected complement probabilities.
11,5,2,continue,bernoulli_full_event,44,2,42,1,0.720429053931417,0.720429053931417,full_event_available,0,1,,"1,27","0.20359,0.94051",paper_formula,Full Bernoulli event probability uses selected probabilities and non-selected complement probabilities.
11,5,3,load_loss_threshold,bernoulli_full_event,35,0,35,NaN,NaN,1,terminal_stage_probability_one,1,0,,"","",,Terminal recording stage excluded from Bernoulli complement product.
11,6,1,continue,bernoulli_full_event,45,1,44,1,0.977171805520324,0.977171805520324,full_event_available,0,1,,"12","0.40828",paper_formula,Full Bernoulli event probability uses selected probabilities and non-selected complement probabilities.
11,6,2,continue,bernoulli_full_event,44,2,42,1,0.720429053931417,0.720429053931417,full_event_available,0,1,,"1,27","0.17189,0.039441",paper_formula,Full Bernoulli event probability uses selected probabilities and non-selected complement probabilities.
11,6,3,load_loss_threshold,bernoulli_full_event,35,0,35,NaN,NaN,1,terminal_stage_probability_one,1,0,,"","",,Terminal recording stage excluded from Bernoulli complement product.
11,7,1,continue,bernoulli_full_event,45,1,44,1,0.977171805520324,0.977171805520324,full_event_available,0,1,,"12","0.47835",paper_formula,Full Bernoulli event probability uses selected probabilities and non-selected complement probabilities.
11,7,2,continue,bernoulli_full_event,44,2,42,1,0.720429053931417,0.720429053931417,full_event_available,0,1,,"1,27","0.17098,0.24151",paper_formula,Full Bernoulli event probability uses selected probabilities and non-selected complement probabilities.
11,7,3,load_loss_threshold,bernoulli_full_event,35,0,35,NaN,NaN,1,terminal_stage_probability_one,1,0,,"","",,Terminal recording stage excluded from Bernoulli complement product.
11,8,1,continue,bernoulli_full_event,45,1,44,1,0.977171805520324,0.977171805520324,full_event_available,0,1,,"12","0.25659",paper_formula,Full Bernoulli event probability uses selected probabilities and non-selected complement probabilities.
11,8,2,continue,bernoulli_full_event,44,3,41,0.00041592880306,0.720728825809267,0.000299771877849688,full_event_available,0,1,,"1,26,27","0.81091,7.0723e-05,0.84289",paper_formula,Full Bernoulli event probability uses selected probabilities and non-selected complement probabilities.
11,8,3,load_loss_threshold,bernoulli_full_event,34,0,34,NaN,NaN,1,terminal_stage_probability_one,1,0,,"","",,Terminal recording stage excluded from Bernoulli complement product.
11,9,1,continue,bernoulli_full_event,45,1,44,1,0.977171805520324,0.977171805520324,full_event_available,0,1,,"12","0.46325",paper_formula,Full Bernoulli event probability uses selected probabilities and non-selected complement probabilities.
11,9,2,continue,bernoulli_full_event,44,3,41,0.263684562458575,0.978424486571879,0.257995432640462,full_event_available,0,1,,"1,13,27","0.66273,0.23467,0.11252",paper_formula,Full Bernoulli event probability uses selected probabilities and non-selected complement probabilities.
11,9,3,load_loss_threshold,bernoulli_full_event,34,0,34,NaN,NaN,1,terminal_stage_probability_one,1,0,,"","",,Terminal recording stage excluded from Bernoulli complement product.
11,10,1,continue,bernoulli_full_event,45,1,44,1,0.977171805520324,0.977171805520324,full_event_available,0,1,,"12","0.96494",paper_formula,Full Bernoulli event probability uses selected probabilities and non-selected complement probabilities.
11,10,2,continue,bernoulli_full_event,44,2,42,1,0.720429053931417,0.720429053931417,full_event_available,0,1,,"1,27","0.78796,0.61964",paper_formula,Full Bernoulli event probability uses selected probabilities and non-selected complement probabilities.
11,10,3,load_loss_threshold,bernoulli_full_event,35,0,35,NaN,NaN,1,terminal_stage_probability_one,1,0,,"","",,Terminal recording stage excluded from Bernoulli complement product.
12,1,1,continue,bernoulli_full_event,45,2,43,1,0.97784835298625,0.97784835298625,full_event_available,0,1,,"10,11","0.94446,0.21132",paper_formula,Full Bernoulli event probability uses selected probabilities and non-selected complement probabilities.
12,1,2,continue,bernoulli_full_event,43,2,41,1,0.978502799059139,0.978502799059139,full_event_available,0,1,,"1,27","0.42386,0.45839",paper_formula,Full Bernoulli event probability uses selected probabilities and non-selected complement probabilities.
12,1,3,load_loss_threshold,bernoulli_full_event,34,0,34,NaN,NaN,1,terminal_stage_probability_one,1,0,,"","",,Terminal recording stage excluded from Bernoulli complement product.
12,2,1,continue,bernoulli_full_event,45,2,43,1,0.97784835298625,0.97784835298625,full_event_available,0,1,,"10,11","0.58375,0.44225",paper_formula,Full Bernoulli event probability uses selected probabilities and non-selected complement probabilities.
12,2,2,continue,bernoulli_full_event,43,2,41,1,0.978502799059139,0.978502799059139,full_event_available,0,1,,"1,27","0.23669,0.10346",paper_formula,Full Bernoulli event probability uses selected probabilities and non-selected complement probabilities.
12,2,3,load_loss_threshold,bernoulli_full_event,34,0,34,NaN,NaN,1,terminal_stage_probability_one,1,0,,"","",,Terminal recording stage excluded from Bernoulli complement product.
12,3,1,continue,bernoulli_full_event,45,2,43,1,0.97784835298625,0.97784835298625,full_event_available,0,1,,"10,11","0.69313,0.014144",paper_formula,Full Bernoulli event probability uses selected probabilities and non-selected complement probabilities.
12,3,2,continue,bernoulli_full_event,43,2,41,1,0.978502799059139,0.978502799059139,full_event_available,0,1,,"1,27","0.99691,0.968",paper_formula,Full Bernoulli event probability uses selected probabilities and non-selected complement probabilities.
12,3,3,load_loss_threshold,bernoulli_full_event,34,0,34,NaN,NaN,1,terminal_stage_probability_one,1,0,,"","",,Terminal recording stage excluded from Bernoulli complement product.
12,4,1,continue,bernoulli_full_event,45,2,43,1,0.97784835298625,0.97784835298625,full_event_available,0,1,,"10,11","0.0020316,0.73182",paper_formula,Full Bernoulli event probability uses selected probabilities and non-selected complement probabilities.
12,4,2,continue,bernoulli_full_event,43,2,41,1,0.978502799059139,0.978502799059139,full_event_available,0,1,,"1,27","0.96268,0.35776",paper_formula,Full Bernoulli event probability uses selected probabilities and non-selected complement probabilities.
12,4,3,load_loss_threshold,bernoulli_full_event,34,0,34,NaN,NaN,1,terminal_stage_probability_one,1,0,,"","",,Terminal recording stage excluded from Bernoulli complement product.
12,5,1,continue,bernoulli_full_event,45,2,43,1,0.97784835298625,0.97784835298625,full_event_available,0,1,,"10,11","0.448,0.30087",paper_formula,Full Bernoulli event probability uses selected probabilities and non-selected complement probabilities.
12,5,2,continue,bernoulli_full_event,43,2,41,1,0.978502799059139,0.978502799059139,full_event_available,0,1,,"1,27","0.30442,0.65979",paper_formula,Full Bernoulli event probability uses selected probabilities and non-selected complement probabilities.
12,5,3,load_loss_threshold,bernoulli_full_event,34,0,34,NaN,NaN,1,terminal_stage_probability_one,1,0,,"","",,Terminal recording stage excluded from Bernoulli complement product.
12,6,1,continue,bernoulli_full_event,45,2,43,1,0.97784835298625,0.97784835298625,full_event_available,0,1,,"10,11","0.094197,0.72163",paper_formula,Full Bernoulli event probability uses selected probabilities and non-selected complement probabilities.
12,6,2,continue,bernoulli_full_event,43,3,40,0.00062388720514,0.979113655541209,0.000610856482070013,full_event_available,0,1,,"1,27,35","0.61626,0.10287,0.00027742",paper_formula,Full Bernoulli event probability uses selected probabilities and non-selected complement probabilities.
12,6,3,load_loss_threshold,bernoulli_full_event,33,0,33,NaN,NaN,1,terminal_stage_probability_one,1,0,,"","",,Terminal recording stage excluded from Bernoulli complement product.
12,7,1,continue,bernoulli_full_event,45,2,43,1,0.97784835298625,0.97784835298625,full_event_available,0,1,,"10,11","0.67216,0.3456",paper_formula,Full Bernoulli event probability uses selected probabilities and non-selected complement probabilities.
12,7,2,continue,bernoulli_full_event,43,2,41,1,0.978502799059139,0.978502799059139,full_event_available,0,1,,"1,27","0.58938,0.78151",paper_formula,Full Bernoulli event probability uses selected probabilities and non-selected complement probabilities.
12,7,3,load_loss_threshold,bernoulli_full_event,34,0,34,NaN,NaN,1,terminal_stage_probability_one,1,0,,"","",,Terminal recording stage excluded from Bernoulli complement product.
12,8,1,continue,bernoulli_full_event,45,2,43,1,0.97784835298625,0.97784835298625,full_event_available,0,1,,"10,11","0.89157,0.68767",paper_formula,Full Bernoulli event probability uses selected probabilities and non-selected complement probabilities.
12,8,2,continue,bernoulli_full_event,43,2,41,1,0.978502799059139,0.978502799059139,full_event_available,0,1,,"1,27","0.10164,0.22844",paper_formula,Full Bernoulli event probability uses selected probabilities and non-selected complement probabilities.
12,8,3,load_loss_threshold,bernoulli_full_event,34,0,34,NaN,NaN,1,terminal_stage_probability_one,1,0,,"","",,Terminal recording stage excluded from Bernoulli complement product.
12,9,1,continue,bernoulli_full_event,45,2,43,1,0.97784835298625,0.97784835298625,full_event_available,0,1,,"10,11","0.27099,0.71134",paper_formula,Full Bernoulli event probability uses selected probabilities and non-selected complement probabilities.
12,9,2,continue,bernoulli_full_event,43,2,41,1,0.978502799059139,0.978502799059139,full_event_available,0,1,,"1,27","0.36402,0.36087",paper_formula,Full Bernoulli event probability uses selected probabilities and non-selected complement probabilities.
12,9,3,load_loss_threshold,bernoulli_full_event,34,0,34,NaN,NaN,1,terminal_stage_probability_one,1,0,,"","",,Terminal recording stage excluded from Bernoulli complement product.
12,10,1,continue,bernoulli_full_event,45,2,43,1,0.97784835298625,0.97784835298625,full_event_available,0,1,,"10,11","0.26399,0.74938",paper_formula,Full Bernoulli event probability uses selected probabilities and non-selected complement probabilities.
12,10,2,continue,bernoulli_full_event,43,2,41,1,0.978502799059139,0.978502799059139,full_event_available,0,1,,"1,27","0.34027,0.96128",paper_formula,Full Bernoulli event probability uses selected probabilities and non-selected complement probabilities.
12,10,3,load_loss_threshold,bernoulli_full_event,34,0,34,NaN,NaN,1,terminal_stage_probability_one,1,0,,"","",,Terminal recording stage excluded from Bernoulli complement product.
13,1,1,continue,bernoulli_full_event,45,2,43,0.407068203019974,0.978054771441338,0.398134998265737,full_event_available,0,1,,"19,23","0.51548,0.565",paper_formula,Full Bernoulli event probability uses selected probabilities and non-selected complement probabilities.
13,1,2,continue,bernoulli_full_event,39,2,37,1,0.980687535056586,0.980687535056586,full_event_available,0,1,,"8,14","0.93137,0.19861",paper_formula,Full Bernoulli event probability uses selected probabilities and non-selected complement probabilities.
13,1,3,continue,bernoulli_full_event,37,1,36,1,0.980806200641136,0.980806200641136,full_event_available,0,1,,"27","0.95477",paper_formula,Full Bernoulli event probability uses selected probabilities and non-selected complement probabilities.
13,1,4,continue,bernoulli_full_event,33,1,32,1,0.98216369620663,0.98216369620663,full_event_available,0,1,,"3","0.69146",paper_formula,Full Bernoulli event probability uses selected probabilities and non-selected complement probabilities.
13,1,5,max_depth_reached,bernoulli_full_event,32,0,32,NaN,NaN,1,terminal_stage_probability_one,1,0,,"","",,Terminal recording stage excluded from Bernoulli complement product.
13,2,1,continue,bernoulli_full_event,45,2,43,0.000403103111527053,0.423318257088861,0.000170640906598729,full_event_available,0,1,,"23,45","0.10028,0.00040878",paper_formula,Full Bernoulli event probability uses selected probabilities and non-selected complement probabilities.
13,2,2,continue,bernoulli_full_event,38,2,36,1,0.981238892802391,0.981238892802391,full_event_available,0,1,,"8,14","0.47939,0.69117",paper_formula,Full Bernoulli event probability uses selected probabilities and non-selected complement probabilities.
13,2,3,continue,bernoulli_full_event,36,1,35,1,0.981357625102574,0.981357625102574,full_event_available,0,1,,"27","0.010273",paper_formula,Full Bernoulli event probability uses selected probabilities and non-selected complement probabilities.
13,2,4,continue,bernoulli_full_event,32,1,31,1,0.982715883873134,0.982715883873134,full_event_available,0,1,,"3","0.32942",paper_formula,Full Bernoulli event probability uses selected probabilities and non-selected complement probabilities.
13,2,5,max_depth_reached,bernoulli_full_event,31,0,31,NaN,NaN,1,terminal_stage_probability_one,1,0,,"","",,Terminal recording stage excluded from Bernoulli complement product.
13,3,1,continue,bernoulli_full_event,45,2,43,0.407068203019974,0.978054771441338,0.398134998265737,full_event_available,0,1,,"19,23","0.27581,0.61282",paper_formula,Full Bernoulli event probability uses selected probabilities and non-selected complement probabilities.
13,3,2,continue,bernoulli_full_event,39,2,37,1,0.980687535056586,0.980687535056586,full_event_available,0,1,,"8,14","0.98753,0.17135",paper_formula,Full Bernoulli event probability uses selected probabilities and non-selected complement probabilities.
13,3,3,continue,bernoulli_full_event,37,1,36,1,0.980806200641136,0.980806200641136,full_event_available,0,1,,"27","0.58343",paper_formula,Full Bernoulli event probability uses selected probabilities and non-selected complement probabilities.
13,3,4,continue,bernoulli_full_event,33,1,32,1,0.98216369620663,0.98216369620663,full_event_available,0,1,,"3","0.90559",paper_formula,Full Bernoulli event probability uses selected probabilities and non-selected complement probabilities.
13,3,5,max_depth_reached,bernoulli_full_event,32,0,32,NaN,NaN,1,terminal_stage_probability_one,1,0,,"","",,Terminal recording stage excluded from Bernoulli complement product.
13,4,1,continue,bernoulli_full_event,45,2,43,0.407068203019974,0.978054771441338,0.398134998265737,full_event_available,0,1,,"19,23","0.25197,0.52103",paper_formula,Full Bernoulli event probability uses selected probabilities and non-selected complement probabilities.
13,4,2,continue,bernoulli_full_event,39,2,37,1,0.980687535056586,0.980687535056586,full_event_available,0,1,,"8,14","0.059304,0.99774",paper_formula,Full Bernoulli event probability uses selected probabilities and non-selected complement probabilities.
13,4,3,continue,bernoulli_full_event,37,1,36,1,0.980806200641136,0.980806200641136,full_event_available,0,1,,"27","0.82451",paper_formula,Full Bernoulli event probability uses selected probabilities and non-selected complement probabilities.
13,4,4,continue,bernoulli_full_event,33,1,32,1,0.98216369620663,0.98216369620663,full_event_available,0,1,,"3","0.7387",paper_formula,Full Bernoulli event probability uses selected probabilities and non-selected complement probabilities.
13,4,5,max_depth_reached,bernoulli_full_event,32,0,32,NaN,NaN,1,terminal_stage_probability_one,1,0,,"","",,Terminal recording stage excluded from Bernoulli complement product.
13,5,1,continue,bernoulli_full_event,45,1,44,0.71739347791747,0.423080394727617,0.303515115812341,full_event_available,0,1,,"23","0.68511",paper_formula,Full Bernoulli event probability uses selected probabilities and non-selected complement probabilities.
13,5,2,continue,bernoulli_full_event,39,2,37,1,0.980687535056586,0.980687535056586,full_event_available,0,1,,"8,14","0.36997,0.35082",paper_formula,Full Bernoulli event probability uses selected probabilities and non-selected complement probabilities.
13,5,3,continue,bernoulli_full_event,37,1,36,1,0.980806200641136,0.980806200641136,full_event_available,0,1,,"27","0.33796",paper_formula,Full Bernoulli event probability uses selected probabilities and non-selected complement probabilities.
13,5,4,continue,bernoulli_full_event,33,1,32,1,0.98216369620663,0.98216369620663,full_event_available,0,1,,"3","0.44119",paper_formula,Full Bernoulli event probability uses selected probabilities and non-selected complement probabilities.
13,5,5,max_depth_reached,bernoulli_full_event,32,0,32,NaN,NaN,1,terminal_stage_probability_one,1,0,,"","",,Terminal recording stage excluded from Bernoulli complement product.
13,6,1,continue,bernoulli_full_event,45,1,44,0.71739347791747,0.423080394727617,0.303515115812341,full_event_available,0,1,,"23","0.1447",paper_formula,Full Bernoulli event probability uses selected probabilities and non-selected complement probabilities.
13,6,2,continue,bernoulli_full_event,39,2,37,1,0.980687535056586,0.980687535056586,full_event_available,0,1,,"8,14","0.85346,0.38086",paper_formula,Full Bernoulli event probability uses selected probabilities and non-selected complement probabilities.
13,6,3,continue,bernoulli_full_event,37,1,36,1,0.980806200641136,0.980806200641136,full_event_available,0,1,,"27","0.85736",paper_formula,Full Bernoulli event probability uses selected probabilities and non-selected complement probabilities.
13,6,4,continue,bernoulli_full_event,33,1,32,1,0.98216369620663,0.98216369620663,full_event_available,0,1,,"3","0.83642",paper_formula,Full Bernoulli event probability uses selected probabilities and non-selected complement probabilities.
13,6,5,max_depth_reached,bernoulli_full_event,32,0,32,NaN,NaN,1,terminal_stage_probability_one,1,0,,"","",,Terminal recording stage excluded from Bernoulli complement product.
13,7,1,no_new_outage,bernoulli_full_event,45,0,45,1,0.119565278915276,0.119565278915276,full_event_available,1,1,,"","",paper_formula,Full Bernoulli event probability uses selected probabilities and non-selected complement probabilities.
13,8,1,no_new_outage,bernoulli_full_event,45,0,45,1,0.119565278915276,0.119565278915276,full_event_available,1,1,,"","",paper_formula,Full Bernoulli event probability uses selected probabilities and non-selected complement probabilities.
13,9,1,continue,bernoulli_full_event,45,2,43,0.407068203019974,0.978054771441338,0.398134998265737,full_event_available,0,1,,"19,23","0.046273,0.61096",paper_formula,Full Bernoulli event probability uses selected probabilities and non-selected complement probabilities.
13,9,2,continue,bernoulli_full_event,39,2,37,1,0.980687535056586,0.980687535056586,full_event_available,0,1,,"8,14","0.76194,0.63774",paper_formula,Full Bernoulli event probability uses selected probabilities and non-selected complement probabilities.
13,9,3,continue,bernoulli_full_event,37,1,36,1,0.980806200641136,0.980806200641136,full_event_available,0,1,,"27","0.97938",paper_formula,Full Bernoulli event probability uses selected probabilities and non-selected complement probabilities.
13,9,4,continue,bernoulli_full_event,33,1,32,1,0.98216369620663,0.98216369620663,full_event_available,0,1,,"3","0.8406",paper_formula,Full Bernoulli event probability uses selected probabilities and non-selected complement probabilities.
13,9,5,max_depth_reached,bernoulli_full_event,32,0,32,NaN,NaN,1,terminal_stage_probability_one,1,0,,"","",,Terminal recording stage excluded from Bernoulli complement product.
13,10,1,continue,bernoulli_full_event,45,1,44,0.71739347791747,0.423080394727617,0.303515115812341,full_event_available,0,1,,"23","0.70235",paper_formula,Full Bernoulli event probability uses selected probabilities and non-selected complement probabilities.
13,10,2,continue,bernoulli_full_event,39,2,37,1,0.980687535056586,0.980687535056586,full_event_available,0,1,,"8,14","0.74595,0.70898",paper_formula,Full Bernoulli event probability uses selected probabilities and non-selected complement probabilities.
13,10,3,continue,bernoulli_full_event,37,1,36,1,0.980806200641136,0.980806200641136,full_event_available,0,1,,"27","0.74018",paper_formula,Full Bernoulli event probability uses selected probabilities and non-selected complement probabilities.
13,10,4,continue,bernoulli_full_event,33,1,32,1,0.98216369620663,0.98216369620663,full_event_available,0,1,,"3","0.057706",paper_formula,Full Bernoulli event probability uses selected probabilities and non-selected complement probabilities.
13,10,5,max_depth_reached,bernoulli_full_event,32,0,32,NaN,NaN,1,terminal_stage_probability_one,1,0,,"","",,Terminal recording stage excluded from Bernoulli complement product.
14,1,1,continue,bernoulli_full_event,45,1,44,1,0.977100430475035,0.977100430475035,full_event_available,0,1,,"3","0.50775",paper_formula,Full Bernoulli event probability uses selected probabilities and non-selected complement probabilities.
14,1,2,continue,bernoulli_full_event,44,2,42,1,0.97838439735608,0.97838439735608,full_event_available,0,1,,"40,42","0.57577,0.16898",paper_formula,Full Bernoulli event probability uses selected probabilities and non-selected complement probabilities.
14,1,3,continue,bernoulli_full_event,38,5,33,0.426189229259622,0.982373036414631,0.418676807234987,full_event_available,0,1,,"1,16,17,20,27","0.77034,0.26663,0.45628,0.12864,0.70681",paper_formula,Full Bernoulli event probability uses selected probabilities and non-selected complement probabilities.
14,1,4,load_loss_threshold,bernoulli_full_event,0,0,0,NaN,NaN,1,terminal_stage_probability_one,1,0,,"","",,Terminal recording stage excluded from Bernoulli complement product.
14,2,1,continue,bernoulli_full_event,45,1,44,1,0.977100430475035,0.977100430475035,full_event_available,0,1,,"3","0.012547",paper_formula,Full Bernoulli event probability uses selected probabilities and non-selected complement probabilities.
14,2,2,continue,bernoulli_full_event,44,2,42,1,0.97838439735608,0.97838439735608,full_event_available,0,1,,"40,42","0.61164,0.88901",paper_formula,Full Bernoulli event probability uses selected probabilities and non-selected complement probabilities.
14,2,3,continue,bernoulli_full_event,38,3,35,1,0.0643212635661807,0.0643212635661807,full_event_available,0,1,,"1,16,17","0.20719,0.57853,0.38414",paper_formula,Full Bernoulli event probability uses selected probabilities and non-selected complement probabilities.
14,2,4,load_loss_threshold,bernoulli_full_event,31,0,31,NaN,NaN,1,terminal_stage_probability_one,1,0,,"","",,Terminal recording stage excluded from Bernoulli complement product.
14,3,1,continue,bernoulli_full_event,45,1,44,1,0.977100430475035,0.977100430475035,full_event_available,0,1,,"3","0.30036",paper_formula,Full Bernoulli event probability uses selected probabilities and non-selected complement probabilities.
14,3,2,continue,bernoulli_full_event,44,2,42,1,0.97838439735608,0.97838439735608,full_event_available,0,1,,"40,42","0.48368,0.25799",paper_formula,Full Bernoulli event probability uses selected probabilities and non-selected complement probabilities.
14,3,3,continue,bernoulli_full_event,38,4,34,0.87191971248995,0.502194871799718,0.437873608233538,full_event_available,0,1,,"1,16,17,27","0.014271,0.41552,0.29652,0.088407",paper_formula,Full Bernoulli event probability uses selected probabilities and non-selected complement probabilities.
14,3,4,load_loss_threshold,bernoulli_full_event,27,0,27,NaN,NaN,1,terminal_stage_probability_one,1,0,,"","",,Terminal recording stage excluded from Bernoulli complement product.
14,4,1,continue,bernoulli_full_event,45,1,44,1,0.977100430475035,0.977100430475035,full_event_available,0,1,,"3","0.70788",paper_formula,Full Bernoulli event probability uses selected probabilities and non-selected complement probabilities.
14,4,2,continue,bernoulli_full_event,44,2,42,1,0.97838439735608,0.97838439735608,full_event_available,0,1,,"40,42","0.76958,0.55787",paper_formula,Full Bernoulli event probability uses selected probabilities and non-selected complement probabilities.
14,4,3,continue,bernoulli_full_event,38,5,33,0.426189229259622,0.982373036414631,0.418676807234987,full_event_available,0,1,,"1,16,17,20,27","0.89266,0.17839,0.076057,0.032743,0.56498",paper_formula,Full Bernoulli event probability uses selected probabilities and non-selected complement probabilities.
14,4,4,load_loss_threshold,bernoulli_full_event,0,0,0,NaN,NaN,1,terminal_stage_probability_one,1,0,,"","",,Terminal recording stage excluded from Bernoulli complement product.
14,5,1,continue,bernoulli_full_event,45,1,44,1,0.977100430475035,0.977100430475035,full_event_available,0,1,,"3","0.61108",paper_formula,Full Bernoulli event probability uses selected probabilities and non-selected complement probabilities.
14,5,2,continue,bernoulli_full_event,44,2,42,1,0.97838439735608,0.97838439735608,full_event_available,0,1,,"40,42","0.46261,0.79984",paper_formula,Full Bernoulli event probability uses selected probabilities and non-selected complement probabilities.
14,5,3,continue,bernoulli_full_event,38,6,32,0.000280381542956529,0.983019745843622,0.00027562059309637,full_event_available,0,1,,"1,6,16,17,20,27","0.14265,0.00028615,0.14864,0.89536,0.2249,0.41146",paper_formula,Full Bernoulli event probability uses selected probabilities and non-selected complement probabilities.
14,5,4,load_loss_threshold,bernoulli_full_event,0,0,0,NaN,NaN,1,terminal_stage_probability_one,1,0,,"","",,Terminal recording stage excluded from Bernoulli complement product.
14,6,1,continue,bernoulli_full_event,45,1,44,1,0.977100430475035,0.977100430475035,full_event_available,0,1,,"3","0.15181",paper_formula,Full Bernoulli event probability uses selected probabilities and non-selected complement probabilities.
14,6,2,continue,bernoulli_full_event,44,2,42,1,0.97838439735608,0.97838439735608,full_event_available,0,1,,"40,42","0.91112,0.78269",paper_formula,Full Bernoulli event probability uses selected probabilities and non-selected complement probabilities.
14,6,3,continue,bernoulli_full_event,38,5,33,0.426189229259622,0.982373036414631,0.418676807234987,full_event_available,0,1,,"1,16,17,20,27","0.12101,0.48922,0.82845,0.44083,0.32788",paper_formula,Full Bernoulli event probability uses selected probabilities and non-selected complement probabilities.
14,6,4,load_loss_threshold,bernoulli_full_event,0,0,0,NaN,NaN,1,terminal_stage_probability_one,1,0,,"","",,Terminal recording stage excluded from Bernoulli complement product.
14,7,1,continue,bernoulli_full_event,45,1,44,1,0.977100430475035,0.977100430475035,full_event_available,0,1,,"3","0.22471",paper_formula,Full Bernoulli event probability uses selected probabilities and non-selected complement probabilities.
14,7,2,continue,bernoulli_full_event,44,2,42,1,0.97838439735608,0.97838439735608,full_event_available,0,1,,"40,42","0.19717,0.13748",paper_formula,Full Bernoulli event probability uses selected probabilities and non-selected complement probabilities.
14,7,3,continue,bernoulli_full_event,38,4,34,0.87191971248995,0.502194871799718,0.437873608233538,full_event_available,0,1,,"1,16,17,27","0.54492,0.57091,0.83873,0.12793",paper_formula,Full Bernoulli event probability uses selected probabilities and non-selected complement probabilities.
14,7,4,load_loss_threshold,bernoulli_full_event,27,0,27,NaN,NaN,1,terminal_stage_probability_one,1,0,,"","",,Terminal recording stage excluded from Bernoulli complement product.
14,8,1,continue,bernoulli_full_event,45,1,44,1,0.977100430475035,0.977100430475035,full_event_available,0,1,,"3","0.039901",paper_formula,Full Bernoulli event probability uses selected probabilities and non-selected complement probabilities.
14,8,2,continue,bernoulli_full_event,44,2,42,1,0.97838439735608,0.97838439735608,full_event_available,0,1,,"40,42","0.5274,0.14325",paper_formula,Full Bernoulli event probability uses selected probabilities and non-selected complement probabilities.
14,8,3,continue,bernoulli_full_event,38,4,34,0.87191971248995,0.502194871799718,0.437873608233538,full_event_available,0,1,,"1,16,17,27","0.48673,0.65765,0.022594,0.5127",paper_formula,Full Bernoulli event probability uses selected probabilities and non-selected complement probabilities.
14,8,4,load_loss_threshold,bernoulli_full_event,27,0,27,NaN,NaN,1,terminal_stage_probability_one,1,0,,"","",,Terminal recording stage excluded from Bernoulli complement product.
14,9,1,continue,bernoulli_full_event,45,1,44,1,0.977100430475035,0.977100430475035,full_event_available,0,1,,"3","0.67597",paper_formula,Full Bernoulli event probability uses selected probabilities and non-selected complement probabilities.
14,9,2,continue,bernoulli_full_event,44,2,42,1,0.97838439735608,0.97838439735608,full_event_available,0,1,,"40,42","0.13357,0.87037",paper_formula,Full Bernoulli event probability uses selected probabilities and non-selected complement probabilities.
14,9,3,continue,bernoulli_full_event,38,4,34,0.488794120782692,0.125822620946107,0.0615013573799263,full_event_available,0,1,,"1,16,17,20","0.80032,0.22298,0.46605,0.46416",paper_formula,Full Bernoulli event probability uses selected probabilities and non-selected complement probabilities.
14,9,4,load_loss_threshold,bernoulli_full_event,0,0,0,NaN,NaN,1,terminal_stage_probability_one,1,0,,"","",,Terminal recording stage excluded from Bernoulli complement product.
14,10,1,continue,bernoulli_full_event,45,1,44,1,0.977100430475035,0.977100430475035,full_event_available,0,1,,"3","0.75874",paper_formula,Full Bernoulli event probability uses selected probabilities and non-selected complement probabilities.
14,10,2,continue,bernoulli_full_event,44,2,42,1,0.97838439735608,0.97838439735608,full_event_available,0,1,,"40,42","0.86555,0.42869",paper_formula,Full Bernoulli event probability uses selected probabilities and non-selected complement probabilities.
14,10,3,continue,bernoulli_full_event,38,3,35,1,0.0643212635661807,0.0643212635661807,full_event_available,0,1,,"1,16,17","0.23826,0.36204,0.557",paper_formula,Full Bernoulli event probability uses selected probabilities and non-selected complement probabilities.
14,10,4,load_loss_threshold,bernoulli_full_event,31,0,31,NaN,NaN,1,terminal_stage_probability_one,1,0,,"","",,Terminal recording stage excluded from Bernoulli complement product.
15,1,1,no_new_outage,bernoulli_full_event,45,0,45,1,0.976277987483357,0.976277987483357,full_event_available,1,1,,"","",paper_formula,Full Bernoulli event probability uses selected probabilities and non-selected complement probabilities.
15,2,1,no_new_outage,bernoulli_full_event,45,0,45,1,0.976277987483357,0.976277987483357,full_event_available,1,1,,"","",paper_formula,Full Bernoulli event probability uses selected probabilities and non-selected complement probabilities.
15,3,1,no_new_outage,bernoulli_full_event,45,0,45,1,0.976277987483357,0.976277987483357,full_event_available,1,1,,"","",paper_formula,Full Bernoulli event probability uses selected probabilities and non-selected complement probabilities.
15,4,1,no_new_outage,bernoulli_full_event,45,0,45,1,0.976277987483357,0.976277987483357,full_event_available,1,1,,"","",paper_formula,Full Bernoulli event probability uses selected probabilities and non-selected complement probabilities.
15,5,1,no_new_outage,bernoulli_full_event,45,0,45,1,0.976277987483357,0.976277987483357,full_event_available,1,1,,"","",paper_formula,Full Bernoulli event probability uses selected probabilities and non-selected complement probabilities.
15,6,1,continue,bernoulli_full_event,45,1,44,0.00052390720414,0.976789734662276,0.000511747178919566,full_event_available,0,1,,"46","0.00026026",paper_formula,Full Bernoulli event probability uses selected probabilities and non-selected complement probabilities.
15,6,2,continue,bernoulli_full_event,44,5,39,1,0.727553809153395,0.727553809153395,full_event_available,0,1,,"8,10,14,19,23","0.28338,0.41387,0.77707,0.088202,0.23275",paper_formula,Full Bernoulli event probability uses selected probabilities and non-selected complement probabilities.
15,6,3,continue,bernoulli_full_event,33,6,27,0.000200421051280658,0.511568305931737,0.000102529057676704,full_event_available,0,1,,"1,2,3,26,27,40","0.35065,0.0069629,0.89787,0.00014122,0.018026,0.018197",paper_formula,Full Bernoulli event probability uses selected probabilities and non-selected complement probabilities.
15,6,4,load_loss_threshold,bernoulli_full_event,0,0,0,NaN,NaN,1,terminal_stage_probability_one,1,0,,"","",,Terminal recording stage excluded from Bernoulli complement product.
15,7,1,no_new_outage,bernoulli_full_event,45,0,45,1,0.976277987483357,0.976277987483357,full_event_available,1,1,,"","",paper_formula,Full Bernoulli event probability uses selected probabilities and non-selected complement probabilities.
15,8,1,no_new_outage,bernoulli_full_event,45,0,45,1,0.976277987483357,0.976277987483357,full_event_available,1,1,,"","",paper_formula,Full Bernoulli event probability uses selected probabilities and non-selected complement probabilities.
15,9,1,no_new_outage,bernoulli_full_event,45,0,45,1,0.976277987483357,0.976277987483357,full_event_available,1,1,,"","",paper_formula,Full Bernoulli event probability uses selected probabilities and non-selected complement probabilities.
15,10,1,no_new_outage,bernoulli_full_event,45,0,45,1,0.976277987483357,0.976277987483357,full_event_available,1,1,,"","",paper_formula,Full Bernoulli event probability uses selected probabilities and non-selected complement probabilities.
16,1,1,continue,bernoulli_full_event,45,1,44,0.46360978669337,0.976813185776474,0.452860152697102,full_event_available,0,1,,"1","0.095006",paper_formula,Full Bernoulli event probability uses selected probabilities and non-selected complement probabilities.
16,1,2,continue,bernoulli_full_event,42,1,41,1,0.978744607059384,0.978744607059384,full_event_available,0,1,,"3","0.78531",paper_formula,Full Bernoulli event probability uses selected probabilities and non-selected complement probabilities.
16,1,3,continue,bernoulli_full_event,41,3,38,1,0.980574856457019,0.980574856457019,full_event_available,0,1,,"4,40,42","0.91007,0.49388,0.73199",paper_formula,Full Bernoulli event probability uses selected probabilities and non-selected complement probabilities.
16,1,4,load_loss_threshold,bernoulli_full_event,32,0,32,NaN,NaN,1,terminal_stage_probability_one,1,0,,"","",,Terminal recording stage excluded from Bernoulli complement product.
16,2,1,continue,bernoulli_full_event,45,1,44,0.46360978669337,0.976813185776474,0.452860152697102,full_event_available,0,1,,"1","0.35444",paper_formula,Full Bernoulli event probability uses selected probabilities and non-selected complement probabilities.
16,2,2,continue,bernoulli_full_event,42,2,40,0.00055490100445,0.979288014962533,0.000543407903148556,full_event_available,0,1,,"3,4","0.42988,0.00016409",paper_formula,Full Bernoulli event probability uses selected probabilities and non-selected complement probabilities.
16,2,3,no_new_outage,bernoulli_full_event,39,0,39,1,0.979863091324244,0.979863091324244,full_event_available,1,1,,"","",paper_formula,Full Bernoulli event probability uses selected probabilities and non-selected complement probabilities.
16,3,1,continue,bernoulli_full_event,45,1,44,0.46360978669337,0.976813185776474,0.452860152697102,full_event_available,0,1,,"1","0.4413",paper_formula,Full Bernoulli event probability uses selected probabilities and non-selected complement probabilities.
16,3,2,continue,bernoulli_full_event,42,1,41,1,0.978744607059384,0.978744607059384,full_event_available,0,1,,"3","0.44156",paper_formula,Full Bernoulli event probability uses selected probabilities and non-selected complement probabilities.
16,3,3,continue,bernoulli_full_event,41,3,38,1,0.980574856457019,0.980574856457019,full_event_available,0,1,,"4,40,42","0.89733,0.67253,0.017584",paper_formula,Full Bernoulli event probability uses selected probabilities and non-selected complement probabilities.
16,3,4,load_loss_threshold,bernoulli_full_event,32,0,32,NaN,NaN,1,terminal_stage_probability_one,1,0,,"","",,Terminal recording stage excluded from Bernoulli complement product.
16,4,1,no_new_outage,bernoulli_full_event,45,0,45,1,0.523953033079372,0.523953033079372,full_event_available,1,1,,"","",paper_formula,Full Bernoulli event probability uses selected probabilities and non-selected complement probabilities.
16,5,1,no_new_outage,bernoulli_full_event,45,0,45,1,0.523953033079372,0.523953033079372,full_event_available,1,1,,"","",paper_formula,Full Bernoulli event probability uses selected probabilities and non-selected complement probabilities.
16,6,1,continue,bernoulli_full_event,45,1,44,0.46360978669337,0.976813185776474,0.452860152697102,full_event_available,0,1,,"1","0.062668",paper_formula,Full Bernoulli event probability uses selected probabilities and non-selected complement probabilities.
16,6,2,continue,bernoulli_full_event,42,1,41,1,0.978744607059384,0.978744607059384,full_event_available,0,1,,"3","0.93281",paper_formula,Full Bernoulli event probability uses selected probabilities and non-selected complement probabilities.
16,6,3,continue,bernoulli_full_event,41,3,38,1,0.980574856457019,0.980574856457019,full_event_available,0,1,,"4,40,42","0.58565,0.49609,0.93403",paper_formula,Full Bernoulli event probability uses selected probabilities and non-selected complement probabilities.
16,6,4,load_loss_threshold,bernoulli_full_event,32,0,32,NaN,NaN,1,terminal_stage_probability_one,1,0,,"","",,Terminal recording stage excluded from Bernoulli complement product.
16,7,1,no_new_outage,bernoulli_full_event,45,0,45,1,0.523953033079372,0.523953033079372,full_event_available,1,1,,"","",paper_formula,Full Bernoulli event probability uses selected probabilities and non-selected complement probabilities.
16,8,1,continue,bernoulli_full_event,45,1,44,0.00055490100445,0.524243936566349,0.000290903486977489,full_event_available,0,1,,"39","0.00052318",paper_formula,Full Bernoulli event probability uses selected probabilities and non-selected complement probabilities.
16,8,2,continue,bernoulli_full_event,44,5,39,0.72847031584614,0.478529246145798,0.348594351081444,full_event_available,0,1,,"6,8,14,19,23","0.05188,0.97327,0.3195,0.9905,0.83984",paper_formula,Full Bernoulli event probability uses selected probabilities and non-selected complement probabilities.
16,8,3,continue,bernoulli_full_event,30,9,21,0.201355549072013,0.449061797307331,0.0904210847640828,full_event_available,0,1,,"1,3,7,9,25,26,27,30,42","0.12051,0.64155,0.48917,0.69573,0.17147,0.49093,0.88744,0.14621,0.093318",paper_formula,Full Bernoulli event probability uses selected probabilities and non-selected complement probabilities.
16,8,4,load_loss_threshold,bernoulli_full_event,2,0,2,NaN,NaN,1,terminal_stage_probability_one,1,0,,"","",,Terminal recording stage excluded from Bernoulli complement product.
16,9,1,continue,bernoulli_full_event,45,1,44,0.46360978669337,0.976813185776474,0.452860152697102,full_event_available,0,1,,"1","0.21041",paper_formula,Full Bernoulli event probability uses selected probabilities and non-selected complement probabilities.
16,9,2,continue,bernoulli_full_event,42,1,41,1,0.978744607059384,0.978744607059384,full_event_available,0,1,,"3","0.51557",paper_formula,Full Bernoulli event probability uses selected probabilities and non-selected complement probabilities.
16,9,3,continue,bernoulli_full_event,41,3,38,1,0.980574856457019,0.980574856457019,full_event_available,0,1,,"4,40,42","0.9027,0.011085,0.73526",paper_formula,Full Bernoulli event probability uses selected probabilities and non-selected complement probabilities.
16,9,4,load_loss_threshold,bernoulli_full_event,32,0,32,NaN,NaN,1,terminal_stage_probability_one,1,0,,"","",,Terminal recording stage excluded from Bernoulli complement product.
16,10,1,no_new_outage,bernoulli_full_event,45,0,45,1,0.523953033079372,0.523953033079372,full_event_available,1,1,,"","",paper_formula,Full Bernoulli event probability uses selected probabilities and non-selected complement probabilities.
17,1,1,no_new_outage,bernoulli_full_event,45,0,45,1,0.638510789034344,0.638510789034344,full_event_available,1,1,,"","",paper_formula,Full Bernoulli event probability uses selected probabilities and non-selected complement probabilities.
17,2,1,no_new_outage,bernoulli_full_event,45,0,45,1,0.638510789034344,0.638510789034344,full_event_available,1,1,,"","",paper_formula,Full Bernoulli event probability uses selected probabilities and non-selected complement probabilities.
17,3,1,no_new_outage,bernoulli_full_event,45,0,45,1,0.638510789034344,0.638510789034344,full_event_available,1,1,,"","",paper_formula,Full Bernoulli event probability uses selected probabilities and non-selected complement probabilities.
17,4,1,no_new_outage,bernoulli_full_event,45,0,45,1,0.638510789034344,0.638510789034344,full_event_available,1,1,,"","",paper_formula,Full Bernoulli event probability uses selected probabilities and non-selected complement probabilities.
17,5,1,no_new_outage,bernoulli_full_event,45,0,45,1,0.638510789034344,0.638510789034344,full_event_available,1,1,,"","",paper_formula,Full Bernoulli event probability uses selected probabilities and non-selected complement probabilities.
17,6,1,no_new_outage,bernoulli_full_event,45,0,45,1,0.638510789034344,0.638510789034344,full_event_available,1,1,,"","",paper_formula,Full Bernoulli event probability uses selected probabilities and non-selected complement probabilities.
17,7,1,no_new_outage,bernoulli_full_event,45,0,45,1,0.638510789034344,0.638510789034344,full_event_available,1,1,,"","",paper_formula,Full Bernoulli event probability uses selected probabilities and non-selected complement probabilities.
17,8,1,no_new_outage,bernoulli_full_event,45,0,45,1,0.638510789034344,0.638510789034344,full_event_available,1,1,,"","",paper_formula,Full Bernoulli event probability uses selected probabilities and non-selected complement probabilities.
17,9,1,no_new_outage,bernoulli_full_event,45,0,45,1,0.638510789034344,0.638510789034344,full_event_available,1,1,,"","",paper_formula,Full Bernoulli event probability uses selected probabilities and non-selected complement probabilities.
17,10,1,no_new_outage,bernoulli_full_event,45,0,45,1,0.638510789034344,0.638510789034344,full_event_available,1,1,,"","",paper_formula,Full Bernoulli event probability uses selected probabilities and non-selected complement probabilities.
18,1,1,continue,bernoulli_full_event,45,1,44,1,0.977250039181874,0.977250039181874,full_event_available,0,1,,"19","0.73917",paper_formula,Full Bernoulli event probability uses selected probabilities and non-selected complement probabilities.
18,1,2,continue,bernoulli_full_event,43,2,41,0.521637141656562,0.978515542510062,0.510430050661469,full_event_available,0,1,,"8,14","0.12703,0.30189",paper_formula,Full Bernoulli event probability uses selected probabilities and non-selected complement probabilities.
18,1,3,continue,bernoulli_full_event,41,1,40,1,0.521562611748873,0.521562611748873,full_event_available,0,1,,"3","0.5371",paper_formula,Full Bernoulli event probability uses selected probabilities and non-selected complement probabilities.
18,1,4,continue,bernoulli_full_event,40,5,35,1,0.686222130072498,0.686222130072498,full_event_available,0,1,,"25,27,30,40,42","0.044753,0.65129,0.75673,0.012792,0.71105",paper_formula,Full Bernoulli event probability uses selected probabilities and non-selected complement probabilities.
18,1,5,max_depth_reached,bernoulli_full_event,0,0,0,NaN,NaN,1,terminal_stage_probability_one,1,0,,"","",,Terminal recording stage excluded from Bernoulli complement product.
18,2,1,continue,bernoulli_full_event,45,1,44,1,0.977250039181874,0.977250039181874,full_event_available,0,1,,"19","0.48603",paper_formula,Full Bernoulli event probability uses selected probabilities and non-selected complement probabilities.
18,2,2,continue,bernoulli_full_event,43,1,42,1,0.468085491848593,0.468085491848593,full_event_available,0,1,,"14","0.36881",paper_formula,Full Bernoulli event probability uses selected probabilities and non-selected complement probabilities.
18,2,3,continue,bernoulli_full_event,42,2,40,1,0.710326069339801,0.710326069339801,full_event_available,0,1,,"3,6","0.23035,0.48435",paper_formula,Full Bernoulli event probability uses selected probabilities and non-selected complement probabilities.
18,2,4,continue,bernoulli_full_event,40,6,34,0.22765629653823,0.906680379667651,0.206411497379013,full_event_available,0,1,,"17,24,25,27,40,42","0.19256,0.4252,0.079613,0.40653,0.54959,0.89765",paper_formula,Full Bernoulli event probability uses selected probabilities and non-selected complement probabilities.
18,2,5,max_depth_reached,bernoulli_full_event,11,0,11,NaN,NaN,1,terminal_stage_probability_one,1,0,,"","",,Terminal recording stage excluded from Bernoulli complement product.
18,3,1,continue,bernoulli_full_event,45,1,44,1,0.977250039181874,0.977250039181874,full_event_available,0,1,,"19","0.9052",paper_formula,Full Bernoulli event probability uses selected probabilities and non-selected complement probabilities.
18,3,2,continue,bernoulli_full_event,43,1,42,1,0.468085491848593,0.468085491848593,full_event_available,0,1,,"14","0.9012",paper_formula,Full Bernoulli event probability uses selected probabilities and non-selected complement probabilities.
18,3,3,continue,bernoulli_full_event,42,2,40,1,0.710326069339801,0.710326069339801,full_event_available,0,1,,"3,6","0.91628,0.61273",paper_formula,Full Bernoulli event probability uses selected probabilities and non-selected complement probabilities.
18,3,4,continue,bernoulli_full_event,40,4,36,1,0.205953916569945,0.205953916569945,full_event_available,0,1,,"25,27,40,42","0.77369,0.86755,0.6736,0.57039",paper_formula,Full Bernoulli event probability uses selected probabilities and non-selected complement probabilities.
18,3,5,max_depth_reached,bernoulli_full_event,0,0,0,NaN,NaN,1,terminal_stage_probability_one,1,0,,"","",,Terminal recording stage excluded from Bernoulli complement product.
18,4,1,continue,bernoulli_full_event,45,1,44,1,0.977250039181874,0.977250039181874,full_event_available,0,1,,"19","0.26332",paper_formula,Full Bernoulli event probability uses selected probabilities and non-selected complement probabilities.
18,4,2,continue,bernoulli_full_event,43,2,41,0.521637141656562,0.978515542510062,0.510430050661469,full_event_available,0,1,,"8,14","0.11158,0.71198",paper_formula,Full Bernoulli event probability uses selected probabilities and non-selected complement probabilities.
18,4,3,continue,bernoulli_full_event,41,2,39,0.246539499787727,0.692222899013198,0.170660287264324,full_event_available,0,1,,"3,6","0.15132,0.20712",paper_formula,Full Bernoulli event probability uses selected probabilities and non-selected complement probabilities.
18,4,4,continue,bernoulli_full_event,39,8,31,0.268655923288215,0.983715158598538,0.264280904185903,full_event_available,0,1,,"9,16,17,24,25,27,40,42","0.17602,0.41311,0.46695,0.12868,0.97083,0.37448,0.71909,0.82661",paper_formula,Full Bernoulli event probability uses selected probabilities and non-selected complement probabilities.
18,4,5,max_depth_reached,bernoulli_full_event,11,0,11,NaN,NaN,1,terminal_stage_probability_one,1,0,,"","",,Terminal recording stage excluded from Bernoulli complement product.
18,5,1,continue,bernoulli_full_event,45,1,44,1,0.977250039181874,0.977250039181874,full_event_available,0,1,,"19","0.15302",paper_formula,Full Bernoulli event probability uses selected probabilities and non-selected complement probabilities.
18,5,2,continue,bernoulli_full_event,43,1,42,1,0.468085491848593,0.468085491848593,full_event_available,0,1,,"14","0.19821",paper_formula,Full Bernoulli event probability uses selected probabilities and non-selected complement probabilities.
18,5,3,continue,bernoulli_full_event,42,2,40,1,0.710326069339801,0.710326069339801,full_event_available,0,1,,"3,6","0.53377,0.70104",paper_formula,Full Bernoulli event probability uses selected probabilities and non-selected complement probabilities.
18,5,4,continue,bernoulli_full_event,40,5,35,0.650572349444566,0.589403603986607,0.383449687416661,full_event_available,0,1,,"24,25,27,40,42","0.61722,0.95516,0.19002,0.38061,0.98036",paper_formula,Full Bernoulli event probability uses selected probabilities and non-selected complement probabilities.
18,5,5,max_depth_reached,bernoulli_full_event,0,0,0,NaN,NaN,1,terminal_stage_probability_one,1,0,,"","",,Terminal recording stage excluded from Bernoulli complement product.
18,6,1,continue,bernoulli_full_event,45,1,44,1,0.977250039181874,0.977250039181874,full_event_available,0,1,,"19","0.21258",paper_formula,Full Bernoulli event probability uses selected probabilities and non-selected complement probabilities.
18,6,2,continue,bernoulli_full_event,43,1,42,1,0.468085491848593,0.468085491848593,full_event_available,0,1,,"14","0.50757",paper_formula,Full Bernoulli event probability uses selected probabilities and non-selected complement probabilities.
18,6,3,continue,bernoulli_full_event,42,2,40,1,0.710326069339801,0.710326069339801,full_event_available,0,1,,"3,6","0.90397,0.46695",paper_formula,Full Bernoulli event probability uses selected probabilities and non-selected complement probabilities.
18,6,4,continue,bernoulli_full_event,40,6,34,0.22765629653823,0.906680379667651,0.206411497379013,full_event_available,0,1,,"17,24,25,27,40,42","0.22878,0.53877,0.45381,0.98536,0.15474,0.67013",paper_formula,Full Bernoulli event probability uses selected probabilities and non-selected complement probabilities.
18,6,5,max_depth_reached,bernoulli_full_event,11,0,11,NaN,NaN,1,terminal_stage_probability_one,1,0,,"","",,Terminal recording stage excluded from Bernoulli complement product.
18,7,1,continue,bernoulli_full_event,45,1,44,1,0.977250039181874,0.977250039181874,full_event_available,0,1,,"19","0.63969",paper_formula,Full Bernoulli event probability uses selected probabilities and non-selected complement probabilities.
18,7,2,continue,bernoulli_full_event,43,3,40,0.000293107703599765,0.979065679127963,0.000286971692882542,full_event_available,0,1,,"8,14,45","0.1968,0.27289,0.00037748",paper_formula,Full Bernoulli event probability uses selected probabilities and non-selected complement probabilities.
18,7,3,continue,bernoulli_full_event,40,2,38,0.208618398493096,0.585723461793652,0.122192690559223,full_event_available,0,1,,"3,27","0.091408,0.1536",paper_formula,Full Bernoulli event probability uses selected probabilities and non-selected complement probabilities.
18,7,4,load_loss_threshold,bernoulli_full_event,35,0,35,NaN,NaN,1,terminal_stage_probability_one,1,0,,"","",,Terminal recording stage excluded from Bernoulli complement product.
18,8,1,continue,bernoulli_full_event,45,1,44,1,0.977250039181874,0.977250039181874,full_event_available,0,1,,"19","0.14755",paper_formula,Full Bernoulli event probability uses selected probabilities and non-selected complement probabilities.
18,8,2,continue,bernoulli_full_event,43,1,42,1,0.468085491848593,0.468085491848593,full_event_available,0,1,,"14","0.34689",paper_formula,Full Bernoulli event probability uses selected probabilities and non-selected complement probabilities.
18,8,3,continue,bernoulli_full_event,42,2,40,1,0.710326069339801,0.710326069339801,full_event_available,0,1,,"3,6","0.96934,0.056009",paper_formula,Full Bernoulli event probability uses selected probabilities and non-selected complement probabilities.
18,8,4,continue,bernoulli_full_event,40,6,34,0.22765629653823,0.906680379667651,0.206411497379013,full_event_available,0,1,,"17,24,25,27,40,42","0.31304,0.045369,0.40079,0.059021,0.1198,0.51174",paper_formula,Full Bernoulli event probability uses selected probabilities and non-selected complement probabilities.
18,8,5,max_depth_reached,bernoulli_full_event,11,0,11,NaN,NaN,1,terminal_stage_probability_one,1,0,,"","",,Terminal recording stage excluded from Bernoulli complement product.
18,9,1,continue,bernoulli_full_event,45,1,44,1,0.977250039181874,0.977250039181874,full_event_available,0,1,,"19","0.35371",paper_formula,Full Bernoulli event probability uses selected probabilities and non-selected complement probabilities.
18,9,2,continue,bernoulli_full_event,43,1,42,1,0.468085491848593,0.468085491848593,full_event_available,0,1,,"14","0.18856",paper_formula,Full Bernoulli event probability uses selected probabilities and non-selected complement probabilities.
18,9,3,continue,bernoulli_full_event,42,2,40,1,0.710326069339801,0.710326069339801,full_event_available,0,1,,"3,6","0.5989,0.8917",paper_formula,Full Bernoulli event probability uses selected probabilities and non-selected complement probabilities.
18,9,4,continue,bernoulli_full_event,40,4,36,1,0.205953916569945,0.205953916569945,full_event_available,0,1,,"25,27,40,42","0.22112,0.52631,0.69681,0.66106",paper_formula,Full Bernoulli event probability uses selected probabilities and non-selected complement probabilities.
18,9,5,max_depth_reached,bernoulli_full_event,0,0,0,NaN,NaN,1,terminal_stage_probability_one,1,0,,"","",,Terminal recording stage excluded from Bernoulli complement product.
18,10,1,continue,bernoulli_full_event,45,1,44,1,0.977250039181874,0.977250039181874,full_event_available,0,1,,"19","0.49524",paper_formula,Full Bernoulli event probability uses selected probabilities and non-selected complement probabilities.
18,10,2,continue,bernoulli_full_event,43,2,41,0.521637141656562,0.978515542510062,0.510430050661469,full_event_available,0,1,,"8,14","0.35972,0.89935",paper_formula,Full Bernoulli event probability uses selected probabilities and non-selected complement probabilities.
18,10,3,continue,bernoulli_full_event,41,3,38,0.0211995519103318,0.757345907247561,0.016055393874772,full_event_available,0,1,,"3,6,27","0.47357,0.16262,0.014718",paper_formula,Full Bernoulli event probability uses selected probabilities and non-selected complement probabilities.
18,10,4,load_loss_threshold,bernoulli_full_event,35,0,35,NaN,NaN,1,terminal_stage_probability_one,1,0,,"","",,Terminal recording stage excluded from Bernoulli complement product.
19,1,1,continue,bernoulli_full_event,45,2,43,0.78093726398477,0.977848374437478,0.763638234125159,full_event_available,0,1,,"13,18","0.46834,0.15633",paper_formula,Full Bernoulli event probability uses selected probabilities and non-selected complement probabilities.
19,1,2,continue,bernoulli_full_event,42,2,40,1,0.979114652588103,0.979114652588103,full_event_available,0,1,,"8,14","0.72257,0.76433",paper_formula,Full Bernoulli event probability uses selected probabilities and non-selected complement probabilities.
19,1,3,continue,bernoulli_full_event,40,1,39,1,0.979233127850036,0.979233127850036,full_event_available,0,1,,"27","0.69176",paper_formula,Full Bernoulli event probability uses selected probabilities and non-selected complement probabilities.
19,1,4,continue,bernoulli_full_event,36,1,35,1,0.980588446186903,0.980588446186903,full_event_available,0,1,,"3","0.57845",paper_formula,Full Bernoulli event probability uses selected probabilities and non-selected complement probabilities.
19,1,5,max_depth_reached,bernoulli_full_event,35,0,35,NaN,NaN,1,terminal_stage_probability_one,1,0,,"","",,Terminal recording stage excluded from Bernoulli complement product.
19,2,1,continue,bernoulli_full_event,45,2,43,0.78093726398477,0.977848374437478,0.763638234125159,full_event_available,0,1,,"13,18","0.0049588,0.33233",paper_formula,Full Bernoulli event probability uses selected probabilities and non-selected complement probabilities.
19,2,2,continue,bernoulli_full_event,42,2,40,1,0.979114652588103,0.979114652588103,full_event_available,0,1,,"8,14","0.94514,0.67918",paper_formula,Full Bernoulli event probability uses selected probabilities and non-selected complement probabilities.
19,2,3,continue,bernoulli_full_event,40,1,39,1,0.979233127850036,0.979233127850036,full_event_available,0,1,,"27","0.12122",paper_formula,Full Bernoulli event probability uses selected probabilities and non-selected complement probabilities.
19,2,4,continue,bernoulli_full_event,36,1,35,1,0.980588446186903,0.980588446186903,full_event_available,0,1,,"3","0.51146",paper_formula,Full Bernoulli event probability uses selected probabilities and non-selected complement probabilities.
19,2,5,max_depth_reached,bernoulli_full_event,35,0,35,NaN,NaN,1,terminal_stage_probability_one,1,0,,"","",,Terminal recording stage excluded from Bernoulli complement product.
19,3,1,continue,bernoulli_full_event,45,1,44,1,0.214210140312319,0.214210140312319,full_event_available,0,1,,"18","0.16517",paper_formula,Full Bernoulli event probability uses selected probabilities and non-selected complement probabilities.
19,3,2,continue,bernoulli_full_event,43,1,42,1,0.468085491848593,0.468085491848593,full_event_available,0,1,,"14","0.25699",paper_formula,Full Bernoulli event probability uses selected probabilities and non-selected complement probabilities.
19,3,3,continue,bernoulli_full_event,42,2,40,1,0.710326069339801,0.710326069339801,full_event_available,0,1,,"3,6","0.81015,0.65023",paper_formula,Full Bernoulli event probability uses selected probabilities and non-selected complement probabilities.
19,3,4,continue,bernoulli_full_event,40,5,35,0.650572349444566,0.589403603986607,0.383449687416661,full_event_available,0,1,,"24,25,27,40,42","0.332,0.23956,0.80913,0.83086,0.66136",paper_formula,Full Bernoulli event probability uses selected probabilities and non-selected complement probabilities.
19,3,5,max_depth_reached,bernoulli_full_event,0,0,0,NaN,NaN,1,terminal_stage_probability_one,1,0,,"","",,Terminal recording stage excluded from Bernoulli complement product.
19,4,1,continue,bernoulli_full_event,45,1,44,1,0.214210140312319,0.214210140312319,full_event_available,0,1,,"18","0.92564",paper_formula,Full Bernoulli event probability uses selected probabilities and non-selected complement probabilities.
19,4,2,continue,bernoulli_full_event,43,1,42,1,0.468085491848593,0.468085491848593,full_event_available,0,1,,"14","0.27451",paper_formula,Full Bernoulli event probability uses selected probabilities and non-selected complement probabilities.
19,4,3,continue,bernoulli_full_event,42,2,40,1,0.710326069339801,0.710326069339801,full_event_available,0,1,,"3,6","0.63653,0.46818",paper_formula,Full Bernoulli event probability uses selected probabilities and non-selected complement probabilities.
19,4,4,continue,bernoulli_full_event,40,5,35,0.650572349444566,0.589403603986607,0.383449687416661,full_event_available,0,1,,"24,25,27,40,42","0.10022,0.1112,0.21643,0.29657,0.74947",paper_formula,Full Bernoulli event probability uses selected probabilities and non-selected complement probabilities.
19,4,5,max_depth_reached,bernoulli_full_event,0,0,0,NaN,NaN,1,terminal_stage_probability_one,1,0,,"","",,Terminal recording stage excluded from Bernoulli complement product.
19,5,1,continue,bernoulli_full_event,45,1,44,1,0.214210140312319,0.214210140312319,full_event_available,0,1,,"18","0.67438",paper_formula,Full Bernoulli event probability uses selected probabilities and non-selected complement probabilities.
19,5,2,continue,bernoulli_full_event,43,2,41,0.521637141656562,0.978515542510062,0.510430050661469,full_event_available,0,1,,"8,14","0.36979,0.3567",paper_formula,Full Bernoulli event probability uses selected probabilities and non-selected complement probabilities.
19,5,3,continue,bernoulli_full_event,41,1,40,1,0.521562611748873,0.521562611748873,full_event_available,0,1,,"3","0.008882",paper_formula,Full Bernoulli event probability uses selected probabilities and non-selected complement probabilities.
19,5,4,continue,bernoulli_full_event,40,5,35,1,0.686222130072498,0.686222130072498,full_event_available,0,1,,"25,27,30,40,42","0.21853,0.33565,0.14301,0.67172,0.71415",paper_formula,Full Bernoulli event probability uses selected probabilities and non-selected complement probabilities.
19,5,5,max_depth_reached,bernoulli_full_event,0,0,0,NaN,NaN,1,terminal_stage_probability_one,1,0,,"","",,Terminal recording stage excluded from Bernoulli complement product.
19,6,1,continue,bernoulli_full_event,45,2,43,0.78093726398477,0.977848374437478,0.763638234125159,full_event_available,0,1,,"13,18","0.21538,0.38583",paper_formula,Full Bernoulli event probability uses selected probabilities and non-selected complement probabilities.
19,6,2,continue,bernoulli_full_event,42,2,40,1,0.979114652588103,0.979114652588103,full_event_available,0,1,,"8,14","0.9209,0.69287",paper_formula,Full Bernoulli event probability uses selected probabilities and non-selected complement probabilities.
19,6,3,continue,bernoulli_full_event,40,1,39,1,0.979233127850036,0.979233127850036,full_event_available,0,1,,"27","0.69489",paper_formula,Full Bernoulli event probability uses selected probabilities and non-selected complement probabilities.
19,6,4,continue,bernoulli_full_event,36,1,35,1,0.980588446186903,0.980588446186903,full_event_available,0,1,,"3","0.50885",paper_formula,Full Bernoulli event probability uses selected probabilities and non-selected complement probabilities.
19,6,5,max_depth_reached,bernoulli_full_event,35,0,35,NaN,NaN,1,terminal_stage_probability_one,1,0,,"","",,Terminal recording stage excluded from Bernoulli complement product.
19,7,1,continue,bernoulli_full_event,45,2,43,0.78093726398477,0.977848374437478,0.763638234125159,full_event_available,0,1,,"13,18","0.29363,0.56964",paper_formula,Full Bernoulli event probability uses selected probabilities and non-selected complement probabilities.
19,7,2,continue,bernoulli_full_event,42,2,40,1,0.979114652588103,0.979114652588103,full_event_available,0,1,,"8,14","0.89478,0.12297",paper_formula,Full Bernoulli event probability uses selected probabilities and non-selected complement probabilities.
19,7,3,continue,bernoulli_full_event,40,1,39,1,0.979233127850036,0.979233127850036,full_event_available,0,1,,"27","0.21282",paper_formula,Full Bernoulli event probability uses selected probabilities and non-selected complement probabilities.
19,7,4,continue,bernoulli_full_event,36,1,35,1,0.980588446186903,0.980588446186903,full_event_available,0,1,,"3","0.18806",paper_formula,Full Bernoulli event probability uses selected probabilities and non-selected complement probabilities.
19,7,5,max_depth_reached,bernoulli_full_event,35,0,35,NaN,NaN,1,terminal_stage_probability_one,1,0,,"","",,Terminal recording stage excluded from Bernoulli complement product.
19,8,1,continue,bernoulli_full_event,45,2,43,0.78093726398477,0.977848374437478,0.763638234125159,full_event_available,0,1,,"13,18","0.52522,0.44979",paper_formula,Full Bernoulli event probability uses selected probabilities and non-selected complement probabilities.
19,8,2,continue,bernoulli_full_event,42,2,40,1,0.979114652588103,0.979114652588103,full_event_available,0,1,,"8,14","0.09421,0.34018",paper_formula,Full Bernoulli event probability uses selected probabilities and non-selected complement probabilities.
19,8,3,continue,bernoulli_full_event,40,1,39,1,0.979233127850036,0.979233127850036,full_event_available,0,1,,"27","0.95685",paper_formula,Full Bernoulli event probability uses selected probabilities and non-selected complement probabilities.
19,8,4,continue,bernoulli_full_event,36,1,35,1,0.980588446186903,0.980588446186903,full_event_available,0,1,,"3","0.20673",paper_formula,Full Bernoulli event probability uses selected probabilities and non-selected complement probabilities.
19,8,5,max_depth_reached,bernoulli_full_event,35,0,35,NaN,NaN,1,terminal_stage_probability_one,1,0,,"","",,Terminal recording stage excluded from Bernoulli complement product.
19,9,1,continue,bernoulli_full_event,45,2,43,0.78093726398477,0.977848374437478,0.763638234125159,full_event_available,0,1,,"13,18","0.29659,0.42412",paper_formula,Full Bernoulli event probability uses selected probabilities and non-selected complement probabilities.
19,9,2,continue,bernoulli_full_event,42,2,40,1,0.979114652588103,0.979114652588103,full_event_available,0,1,,"8,14","0.79811,0.53448",paper_formula,Full Bernoulli event probability uses selected probabilities and non-selected complement probabilities.
19,9,3,continue,bernoulli_full_event,40,1,39,1,0.979233127850036,0.979233127850036,full_event_available,0,1,,"27","0.74333",paper_formula,Full Bernoulli event probability uses selected probabilities and non-selected complement probabilities.
19,9,4,continue,bernoulli_full_event,36,1,35,1,0.980588446186903,0.980588446186903,full_event_available,0,1,,"3","0.54724",paper_formula,Full Bernoulli event probability uses selected probabilities and non-selected complement probabilities.
19,9,5,max_depth_reached,bernoulli_full_event,35,0,35,NaN,NaN,1,terminal_stage_probability_one,1,0,,"","",,Terminal recording stage excluded from Bernoulli complement product.
19,10,1,continue,bernoulli_full_event,45,2,43,0.78093726398477,0.977848374437478,0.763638234125159,full_event_available,0,1,,"13,18","0.10005,0.070512",paper_formula,Full Bernoulli event probability uses selected probabilities and non-selected complement probabilities.
19,10,2,continue,bernoulli_full_event,42,2,40,1,0.979114652588103,0.979114652588103,full_event_available,0,1,,"8,14","0.67335,0.010108",paper_formula,Full Bernoulli event probability uses selected probabilities and non-selected complement probabilities.
19,10,3,continue,bernoulli_full_event,40,1,39,1,0.979233127850036,0.979233127850036,full_event_available,0,1,,"27","0.047061",paper_formula,Full Bernoulli event probability uses selected probabilities and non-selected complement probabilities.
19,10,4,continue,bernoulli_full_event,36,1,35,1,0.980588446186903,0.980588446186903,full_event_available,0,1,,"3","0.81446",paper_formula,Full Bernoulli event probability uses selected probabilities and non-selected complement probabilities.
19,10,5,max_depth_reached,bernoulli_full_event,35,0,35,NaN,NaN,1,terminal_stage_probability_one,1,0,,"","",,Terminal recording stage excluded from Bernoulli complement product.
20,1,1,continue,bernoulli_full_event,45,1,44,1,0.977271502253522,0.977271502253522,full_event_available,0,1,,"14","0.67456",paper_formula,Full Bernoulli event probability uses selected probabilities and non-selected complement probabilities.
20,1,2,continue,bernoulli_full_event,44,2,42,1,0.682827528263242,0.682827528263242,full_event_available,0,1,,"3,6","0.53064,0.48806",paper_formula,Full Bernoulli event probability uses selected probabilities and non-selected complement probabilities.
20,1,3,continue,bernoulli_full_event,42,5,37,0.448402205950884,0.980840566559778,0.439811073731519,full_event_available,0,1,,"24,25,27,40,42","0.017003,0.3036,0.52328,0.9274,0.34777",paper_formula,Full Bernoulli event probability uses selected probabilities and non-selected complement probabilities.
20,1,4,load_loss_threshold,bernoulli_full_event,0,0,0,NaN,NaN,1,terminal_stage_probability_one,1,0,,"","",,Terminal recording stage excluded from Bernoulli complement product.
20,2,1,continue,bernoulli_full_event,45,1,44,1,0.977271502253522,0.977271502253522,full_event_available,0,1,,"14","0.47045",paper_formula,Full Bernoulli event probability uses selected probabilities and non-selected complement probabilities.
20,2,2,continue,bernoulli_full_event,44,2,42,1,0.682827528263242,0.682827528263242,full_event_available,0,1,,"3,6","0.28839,0.066294",paper_formula,Full Bernoulli event probability uses selected probabilities and non-selected complement probabilities.
20,2,3,continue,bernoulli_full_event,42,5,37,0.448402205950884,0.980840566559778,0.439811073731519,full_event_available,0,1,,"24,25,27,40,42","0.0031117,0.80702,0.68062,0.17139,0.52311",paper_formula,Full Bernoulli event probability uses selected probabilities and non-selected complement probabilities.
20,2,4,load_loss_threshold,bernoulli_full_event,0,0,0,NaN,NaN,1,terminal_stage_probability_one,1,0,,"","",,Terminal recording stage excluded from Bernoulli complement product.
20,3,1,continue,bernoulli_full_event,45,1,44,1,0.977271502253522,0.977271502253522,full_event_available,0,1,,"14","0.25585",paper_formula,Full Bernoulli event probability uses selected probabilities and non-selected complement probabilities.
20,3,2,continue,bernoulli_full_event,44,3,41,0.302495556179928,0.978957961218931,0.296130432955689,full_event_available,0,1,,"3,6,25","0.20897,0.014403,0.2612",paper_formula,Full Bernoulli event probability uses selected probabilities and non-selected complement probabilities.
20,3,3,load_loss_threshold,bernoulli_full_event,0,0,0,NaN,NaN,1,terminal_stage_probability_one,1,0,,"","",,Terminal recording stage excluded from Bernoulli complement product.
20,4,1,continue,bernoulli_full_event,45,1,44,1,0.977271502253522,0.977271502253522,full_event_available,0,1,,"14","0.8206",paper_formula,Full Bernoulli event probability uses selected probabilities and non-selected complement probabilities.
20,4,2,continue,bernoulli_full_event,44,2,42,1,0.682827528263242,0.682827528263242,full_event_available,0,1,,"3,6","0.55244,0.51236",paper_formula,Full Bernoulli event probability uses selected probabilities and non-selected complement probabilities.
20,4,3,continue,bernoulli_full_event,42,4,38,1,0.541029492828258,0.541029492828258,full_event_available,0,1,,"25,27,40,42","0.85159,0.42566,0.84515,0.96815",paper_formula,Full Bernoulli event probability uses selected probabilities and non-selected complement probabilities.
20,4,4,load_loss_threshold,bernoulli_full_event,0,0,0,NaN,NaN,1,terminal_stage_probability_one,1,0,,"","",,Terminal recording stage excluded from Bernoulli complement product.
20,5,1,continue,bernoulli_full_event,45,1,44,1,0.977271502253522,0.977271502253522,full_event_available,0,1,,"14","0.85087",paper_formula,Full Bernoulli event probability uses selected probabilities and non-selected complement probabilities.
20,5,2,continue,bernoulli_full_event,44,2,42,1,0.682827528263242,0.682827528263242,full_event_available,0,1,,"3,6","0.9161,0.0043986",paper_formula,Full Bernoulli event probability uses selected probabilities and non-selected complement probabilities.
20,5,3,continue,bernoulli_full_event,42,5,37,0.448402205950884,0.980840566559778,0.439811073731519,full_event_available,0,1,,"24,25,27,40,42","0.11354,0.70031,0.36222,0.42082,0.15997",paper_formula,Full Bernoulli event probability uses selected probabilities and non-selected complement probabilities.
20,5,4,load_loss_threshold,bernoulli_full_event,0,0,0,NaN,NaN,1,terminal_stage_probability_one,1,0,,"","",,Terminal recording stage excluded from Bernoulli complement product.
20,6,1,continue,bernoulli_full_event,45,1,44,1,0.977271502253522,0.977271502253522,full_event_available,0,1,,"14","0.082619",paper_formula,Full Bernoulli event probability uses selected probabilities and non-selected complement probabilities.
20,6,2,continue,bernoulli_full_event,44,2,42,1,0.682827528263242,0.682827528263242,full_event_available,0,1,,"3,6","0.88736,0.96048",paper_formula,Full Bernoulli event probability uses selected probabilities and non-selected complement probabilities.
20,6,3,continue,bernoulli_full_event,42,4,38,1,0.541029492828258,0.541029492828258,full_event_available,0,1,,"25,27,40,42","0.25475,0.79115,0.95404,0.99926",paper_formula,Full Bernoulli event probability uses selected probabilities and non-selected complement probabilities.
20,6,4,load_loss_threshold,bernoulli_full_event,0,0,0,NaN,NaN,1,terminal_stage_probability_one,1,0,,"","",,Terminal recording stage excluded from Bernoulli complement product.
20,7,1,continue,bernoulli_full_event,45,1,44,1,0.977271502253522,0.977271502253522,full_event_available,0,1,,"14","0.011193",paper_formula,Full Bernoulli event probability uses selected probabilities and non-selected complement probabilities.
20,7,2,continue,bernoulli_full_event,44,2,42,1,0.682827528263242,0.682827528263242,full_event_available,0,1,,"3,6","0.83159,0.60826",paper_formula,Full Bernoulli event probability uses selected probabilities and non-selected complement probabilities.
20,7,3,continue,bernoulli_full_event,42,5,37,0.448402205950884,0.980840566559778,0.439811073731519,full_event_available,0,1,,"24,25,27,40,42","0.1961,0.69121,0.77065,0.9987,0.56938",paper_formula,Full Bernoulli event probability uses selected probabilities and non-selected complement probabilities.
20,7,4,load_loss_threshold,bernoulli_full_event,0,0,0,NaN,NaN,1,terminal_stage_probability_one,1,0,,"","",,Terminal recording stage excluded from Bernoulli complement product.
20,8,1,continue,bernoulli_full_event,45,1,44,1,0.977271502253522,0.977271502253522,full_event_available,0,1,,"14","0.061429",paper_formula,Full Bernoulli event probability uses selected probabilities and non-selected complement probabilities.
20,8,2,continue,bernoulli_full_event,44,2,42,1,0.682827528263242,0.682827528263242,full_event_available,0,1,,"3,6","0.66788,0.70207",paper_formula,Full Bernoulli event probability uses selected probabilities and non-selected complement probabilities.
20,8,3,continue,bernoulli_full_event,42,5,37,0.448402205950884,0.980840566559778,0.439811073731519,full_event_available,0,1,,"24,25,27,40,42","0.099535,0.71512,0.9185,0.23252,0.45533",paper_formula,Full Bernoulli event probability uses selected probabilities and non-selected complement probabilities.
20,8,4,load_loss_threshold,bernoulli_full_event,0,0,0,NaN,NaN,1,terminal_stage_probability_one,1,0,,"","",,Terminal recording stage excluded from Bernoulli complement product.
20,9,1,continue,bernoulli_full_event,45,1,44,1,0.977271502253522,0.977271502253522,full_event_available,0,1,,"14","0.62408",paper_formula,Full Bernoulli event probability uses selected probabilities and non-selected complement probabilities.
20,9,2,continue,bernoulli_full_event,44,2,42,1,0.682827528263242,0.682827528263242,full_event_available,0,1,,"3,6","0.75536,0.10228",paper_formula,Full Bernoulli event probability uses selected probabilities and non-selected complement probabilities.
20,9,3,continue,bernoulli_full_event,42,5,37,0.448402205950884,0.980840566559778,0.439811073731519,full_event_available,0,1,,"24,25,27,40,42","0.13832,0.51191,0.54292,0.29795,0.73206",paper_formula,Full Bernoulli event probability uses selected probabilities and non-selected complement probabilities.
20,9,4,load_loss_threshold,bernoulli_full_event,0,0,0,NaN,NaN,1,terminal_stage_probability_one,1,0,,"","",,Terminal recording stage excluded from Bernoulli complement product.
20,10,1,continue,bernoulli_full_event,45,2,43,0.00058289540473,0.977841481559677,0.000569979306155511,full_event_available,0,1,,"14,28","0.91015,0.00023227",paper_formula,Full Bernoulli event probability uses selected probabilities and non-selected complement probabilities.
20,10,2,continue,bernoulli_full_event,43,4,39,0.351717414986895,0.734016998187122,0.258166561158815,full_event_available,0,1,,"3,6,27,38","0.067928,0.42836,0.07181,0.30363",paper_formula,Full Bernoulli event probability uses selected probabilities and non-selected complement probabilities.
20,10,3,load_loss_threshold,bernoulli_full_event,0,0,0,NaN,NaN,1,terminal_stage_probability_one,1,0,,"","",,Terminal recording stage excluded from Bernoulli complement product.
21,1,1,no_new_outage,bernoulli_full_event,45,0,45,1,0.976672536746299,0.976672536746299,full_event_available,1,1,,"","",paper_formula,Full Bernoulli event probability uses selected probabilities and non-selected complement probabilities.
21,2,1,no_new_outage,bernoulli_full_event,45,0,45,1,0.976672536746299,0.976672536746299,full_event_available,1,1,,"","",paper_formula,Full Bernoulli event probability uses selected probabilities and non-selected complement probabilities.
21,3,1,no_new_outage,bernoulli_full_event,45,0,45,1,0.976672536746299,0.976672536746299,full_event_available,1,1,,"","",paper_formula,Full Bernoulli event probability uses selected probabilities and non-selected complement probabilities.
21,4,1,no_new_outage,bernoulli_full_event,45,0,45,1,0.976672536746299,0.976672536746299,full_event_available,1,1,,"","",paper_formula,Full Bernoulli event probability uses selected probabilities and non-selected complement probabilities.
21,5,1,no_new_outage,bernoulli_full_event,45,0,45,1,0.976672536746299,0.976672536746299,full_event_available,1,1,,"","",paper_formula,Full Bernoulli event probability uses selected probabilities and non-selected complement probabilities.
21,6,1,no_new_outage,bernoulli_full_event,45,0,45,1,0.976672536746299,0.976672536746299,full_event_available,1,1,,"","",paper_formula,Full Bernoulli event probability uses selected probabilities and non-selected complement probabilities.
21,7,1,no_new_outage,bernoulli_full_event,45,0,45,1,0.976672536746299,0.976672536746299,full_event_available,1,1,,"","",paper_formula,Full Bernoulli event probability uses selected probabilities and non-selected complement probabilities.
21,8,1,no_new_outage,bernoulli_full_event,45,0,45,1,0.976672536746299,0.976672536746299,full_event_available,1,1,,"","",paper_formula,Full Bernoulli event probability uses selected probabilities and non-selected complement probabilities.
21,9,1,no_new_outage,bernoulli_full_event,45,0,45,1,0.976672536746299,0.976672536746299,full_event_available,1,1,,"","",paper_formula,Full Bernoulli event probability uses selected probabilities and non-selected complement probabilities.
21,10,1,no_new_outage,bernoulli_full_event,45,0,45,1,0.976672536746299,0.976672536746299,full_event_available,1,1,,"","",paper_formula,Full Bernoulli event probability uses selected probabilities and non-selected complement probabilities.
22,1,1,no_new_outage,bernoulli_full_event,45,0,45,1,0.976659835888472,0.976659835888472,full_event_available,1,1,,"","",paper_formula,Full Bernoulli event probability uses selected probabilities and non-selected complement probabilities.
22,2,1,no_new_outage,bernoulli_full_event,45,0,45,1,0.976659835888472,0.976659835888472,full_event_available,1,1,,"","",paper_formula,Full Bernoulli event probability uses selected probabilities and non-selected complement probabilities.
22,3,1,no_new_outage,bernoulli_full_event,45,0,45,1,0.976659835888472,0.976659835888472,full_event_available,1,1,,"","",paper_formula,Full Bernoulli event probability uses selected probabilities and non-selected complement probabilities.
22,4,1,no_new_outage,bernoulli_full_event,45,0,45,1,0.976659835888472,0.976659835888472,full_event_available,1,1,,"","",paper_formula,Full Bernoulli event probability uses selected probabilities and non-selected complement probabilities.
22,5,1,no_new_outage,bernoulli_full_event,45,0,45,1,0.976659835888472,0.976659835888472,full_event_available,1,1,,"","",paper_formula,Full Bernoulli event probability uses selected probabilities and non-selected complement probabilities.
22,6,1,no_new_outage,bernoulli_full_event,45,0,45,1,0.976659835888472,0.976659835888472,full_event_available,1,1,,"","",paper_formula,Full Bernoulli event probability uses selected probabilities and non-selected complement probabilities.
22,7,1,no_new_outage,bernoulli_full_event,45,0,45,1,0.976659835888472,0.976659835888472,full_event_available,1,1,,"","",paper_formula,Full Bernoulli event probability uses selected probabilities and non-selected complement probabilities.
22,8,1,no_new_outage,bernoulli_full_event,45,0,45,1,0.976659835888472,0.976659835888472,full_event_available,1,1,,"","",paper_formula,Full Bernoulli event probability uses selected probabilities and non-selected complement probabilities.
22,9,1,no_new_outage,bernoulli_full_event,45,0,45,1,0.976659835888472,0.976659835888472,full_event_available,1,1,,"","",paper_formula,Full Bernoulli event probability uses selected probabilities and non-selected complement probabilities.
22,10,1,no_new_outage,bernoulli_full_event,45,0,45,1,0.976659835888472,0.976659835888472,full_event_available,1,1,,"","",paper_formula,Full Bernoulli event probability uses selected probabilities and non-selected complement probabilities.
23,1,1,continue,bernoulli_full_event,45,3,42,0.721523507939256,0.977743628696294,0.705465012842207,full_event_available,0,1,,"8,13,18","0.48014,0.34837,0.66233",paper_formula,Full Bernoulli event probability uses selected probabilities and non-selected complement probabilities.
23,1,2,continue,bernoulli_full_event,38,1,37,1,0.746731642308937,0.746731642308937,full_event_available,0,1,,"3","0.54134",paper_formula,Full Bernoulli event probability uses selected probabilities and non-selected complement probabilities.
23,1,3,continue,bernoulli_full_event,37,7,30,0.927355842735758,0.533756834972799,0.494982519512171,full_event_available,0,1,,"4,25,27,30,31,40,42","0.94591,0.62211,0.979,0.59176,0.3258,0.28566,0.827",paper_formula,Full Bernoulli event probability uses selected probabilities and non-selected complement probabilities.
23,1,4,load_loss_threshold,bernoulli_full_event,10,0,10,NaN,NaN,1,terminal_stage_probability_one,1,0,,"","",,Terminal recording stage excluded from Bernoulli complement product.
23,2,1,continue,bernoulli_full_event,45,3,42,0.721523507939256,0.977743628696294,0.705465012842207,full_event_available,0,1,,"8,13,18","0.35239,0.23439,0.15989",paper_formula,Full Bernoulli event probability uses selected probabilities and non-selected complement probabilities.
23,2,2,continue,bernoulli_full_event,38,1,37,1,0.746731642308937,0.746731642308937,full_event_available,0,1,,"3","0.20397",paper_formula,Full Bernoulli event probability uses selected probabilities and non-selected complement probabilities.
23,2,3,continue,bernoulli_full_event,37,8,29,0.424924393017725,0.985174235788698,0.418624564159213,full_event_available,0,1,,"4,7,25,27,30,31,40,42","0.60635,0.027679,0.99443,0.078212,0.53268,0.34537,0.57458,0.2251",paper_formula,Full Bernoulli event probability uses selected probabilities and non-selected complement probabilities.
23,2,4,load_loss_threshold,bernoulli_full_event,10,0,10,NaN,NaN,1,terminal_stage_probability_one,1,0,,"","",,Terminal recording stage excluded from Bernoulli complement product.
23,3,1,continue,bernoulli_full_event,45,3,42,0.721523507939256,0.977743628696294,0.705465012842207,full_event_available,0,1,,"8,13,18","0.79292,0.87892,0.14221",paper_formula,Full Bernoulli event probability uses selected probabilities and non-selected complement probabilities.
23,3,2,continue,bernoulli_full_event,38,1,37,1,0.746731642308937,0.746731642308937,full_event_available,0,1,,"3","0.79748",paper_formula,Full Bernoulli event probability uses selected probabilities and non-selected complement probabilities.
23,3,3,continue,bernoulli_full_event,37,6,31,0.999946733954658,0.0387479482948258,0.038745884344855,full_event_available,0,1,,"4,25,27,30,40,42","0.1406,0.98747,0.52164,0.64573,0.0677,0.019845",paper_formula,Full Bernoulli event probability uses selected probabilities and non-selected complement probabilities.
23,3,4,load_loss_threshold,bernoulli_full_event,10,0,10,NaN,NaN,1,terminal_stage_probability_one,1,0,,"","",,Terminal recording stage excluded from Bernoulli complement product.
23,4,1,continue,bernoulli_full_event,45,3,42,0.721523507939256,0.977743628696294,0.705465012842207,full_event_available,0,1,,"8,13,18","0.39324,0.48244,0.59987",paper_formula,Full Bernoulli event probability uses selected probabilities and non-selected complement probabilities.
23,4,2,continue,bernoulli_full_event,38,1,37,1,0.746731642308937,0.746731642308937,full_event_available,0,1,,"3","0.66893",paper_formula,Full Bernoulli event probability uses selected probabilities and non-selected complement probabilities.
23,4,3,continue,bernoulli_full_event,37,7,30,0.927355842735758,0.533756834972799,0.494982519512171,full_event_available,0,1,,"4,25,27,30,31,40,42","0.97607,0.61767,0.32544,0.49137,0.60872,0.027203,0.34472",paper_formula,Full Bernoulli event probability uses selected probabilities and non-selected complement probabilities.
23,4,4,load_loss_threshold,bernoulli_full_event,10,0,10,NaN,NaN,1,terminal_stage_probability_one,1,0,,"","",,Terminal recording stage excluded from Bernoulli complement product.
23,5,1,continue,bernoulli_full_event,45,3,42,0.721523507939256,0.977743628696294,0.705465012842207,full_event_available,0,1,,"8,13,18","0.93802,0.033346,0.37708",paper_formula,Full Bernoulli event probability uses selected probabilities and non-selected complement probabilities.
23,5,2,continue,bernoulli_full_event,38,1,37,1,0.746731642308937,0.746731642308937,full_event_available,0,1,,"3","0.35741",paper_formula,Full Bernoulli event probability uses selected probabilities and non-selected complement probabilities.
23,5,3,continue,bernoulli_full_event,37,8,29,0.424924393017725,0.985174235788698,0.418624564159213,full_event_available,0,1,,"4,7,25,27,30,31,40,42","0.5425,0.19271,0.092216,0.015514,0.33598,0.18004,0.25181,0.86739",paper_formula,Full Bernoulli event probability uses selected probabilities and non-selected complement probabilities.
23,5,4,load_loss_threshold,bernoulli_full_event,10,0,10,NaN,NaN,1,terminal_stage_probability_one,1,0,,"","",,Terminal recording stage excluded from Bernoulli complement product.
23,6,1,continue,bernoulli_full_event,45,3,42,0.721523507939256,0.977743628696294,0.705465012842207,full_event_available,0,1,,"8,13,18","0.92937,0.54557,0.52021",paper_formula,Full Bernoulli event probability uses selected probabilities and non-selected complement probabilities.
23,6,2,continue,bernoulli_full_event,38,1,37,1,0.746731642308937,0.746731642308937,full_event_available,0,1,,"3","0.47765",paper_formula,Full Bernoulli event probability uses selected probabilities and non-selected complement probabilities.
23,6,3,continue,bernoulli_full_event,37,7,30,0.927355842735758,0.533756834972799,0.494982519512171,full_event_available,0,1,,"4,25,27,30,31,40,42","0.93473,0.78014,0.10289,0.86889,0.28055,0.78649,0.93149",paper_formula,Full Bernoulli event probability uses selected probabilities and non-selected complement probabilities.
23,6,4,load_loss_threshold,bernoulli_full_event,10,0,10,NaN,NaN,1,terminal_stage_probability_one,1,0,,"","",,Terminal recording stage excluded from Bernoulli complement product.
23,7,1,continue,bernoulli_full_event,45,3,42,0.721523507939256,0.977743628696294,0.705465012842207,full_event_available,0,1,,"8,13,18","0.98871,0.84414,0.71653",paper_formula,Full Bernoulli event probability uses selected probabilities and non-selected complement probabilities.
23,7,2,continue,bernoulli_full_event,38,1,37,1,0.746731642308937,0.746731642308937,full_event_available,0,1,,"3","0.26855",paper_formula,Full Bernoulli event probability uses selected probabilities and non-selected complement probabilities.
23,7,3,continue,bernoulli_full_event,37,7,30,0.927355842735758,0.533756834972799,0.494982519512171,full_event_available,0,1,,"4,25,27,30,31,40,42","0.39907,0.10241,0.95345,0.053237,0.68246,0.61745,0.19528",paper_formula,Full Bernoulli event probability uses selected probabilities and non-selected complement probabilities.
23,7,4,load_loss_threshold,bernoulli_full_event,10,0,10,NaN,NaN,1,terminal_stage_probability_one,1,0,,"","",,Terminal recording stage excluded from Bernoulli complement product.
23,8,1,continue,bernoulli_full_event,45,3,42,0.721523507939256,0.977743628696294,0.705465012842207,full_event_available,0,1,,"8,13,18","0.1595,0.90601,0.67094",paper_formula,Full Bernoulli event probability uses selected probabilities and non-selected complement probabilities.
23,8,2,continue,bernoulli_full_event,38,2,36,0.238934650941769,0.981166260207444,0.234434617898507,full_event_available,0,1,,"3,14","0.74455,0.22745",paper_formula,Full Bernoulli event probability uses selected probabilities and non-selected complement probabilities.
23,8,3,continue,bernoulli_full_event,36,2,34,0.470399908041338,0.725404502194733,0.341230211125175,full_event_available,0,1,,"25,27","0.15889,0.093976",paper_formula,Full Bernoulli event probability uses selected probabilities and non-selected complement probabilities.
23,8,4,load_loss_threshold,bernoulli_full_event,0,0,0,NaN,NaN,1,terminal_stage_probability_one,1,0,,"","",,Terminal recording stage excluded from Bernoulli complement product.
23,9,1,continue,bernoulli_full_event,45,3,42,0.721523507939256,0.977743628696294,0.705465012842207,full_event_available,0,1,,"8,13,18","0.033163,0.46107,0.12242",paper_formula,Full Bernoulli event probability uses selected probabilities and non-selected complement probabilities.
23,9,2,continue,bernoulli_full_event,38,1,37,1,0.746731642308937,0.746731642308937,full_event_available,0,1,,"3","0.81112",paper_formula,Full Bernoulli event probability uses selected probabilities and non-selected complement probabilities.
23,9,3,continue,bernoulli_full_event,37,7,30,0.927355842735758,0.533756834972799,0.494982519512171,full_event_available,0,1,,"4,25,27,30,31,40,42","0.67209,0.83149,0.086611,0.49955,0.78458,0.19297,0.086047",paper_formula,Full Bernoulli event probability uses selected probabilities and non-selected complement probabilities.
23,9,4,load_loss_threshold,bernoulli_full_event,10,0,10,NaN,NaN,1,terminal_stage_probability_one,1,0,,"","",,Terminal recording stage excluded from Bernoulli complement product.
23,10,1,continue,bernoulli_full_event,45,2,43,1,0.272278615854086,0.272278615854086,full_event_available,0,1,,"8,13","0.3017,0.79053",paper_formula,Full Bernoulli event probability uses selected probabilities and non-selected complement probabilities.
23,10,2,continue,bernoulli_full_event,38,3,35,0.000165312578502425,0.981845573244563,0.00016231142340425,full_event_available,0,1,,"3,10,14","0.76272,1.6942e-05,0.096709",paper_formula,Full Bernoulli event probability uses selected probabilities and non-selected complement probabilities.
23,10,3,continue,bernoulli_full_event,35,2,33,1,0.958019256680643,0.958019256680643,full_event_available,0,1,,"1,27","0.5779,0.71526",paper_formula,Full Bernoulli event probability uses selected probabilities and non-selected complement probabilities.
23,10,4,load_loss_threshold,bernoulli_full_event,24,0,24,NaN,NaN,1,terminal_stage_probability_one,1,0,,"","",,Terminal recording stage excluded from Bernoulli complement product.
24,1,1,no_new_outage,bernoulli_full_event,45,0,45,1,0.976623689101067,0.976623689101067,full_event_available,1,1,,"","",paper_formula,Full Bernoulli event probability uses selected probabilities and non-selected complement probabilities.
24,2,1,no_new_outage,bernoulli_full_event,45,0,45,1,0.976623689101067,0.976623689101067,full_event_available,1,1,,"","",paper_formula,Full Bernoulli event probability uses selected probabilities and non-selected complement probabilities.
24,3,1,no_new_outage,bernoulli_full_event,45,0,45,1,0.976623689101067,0.976623689101067,full_event_available,1,1,,"","",paper_formula,Full Bernoulli event probability uses selected probabilities and non-selected complement probabilities.
24,4,1,no_new_outage,bernoulli_full_event,45,0,45,1,0.976623689101067,0.976623689101067,full_event_available,1,1,,"","",paper_formula,Full Bernoulli event probability uses selected probabilities and non-selected complement probabilities.
24,5,1,no_new_outage,bernoulli_full_event,45,0,45,1,0.976623689101067,0.976623689101067,full_event_available,1,1,,"","",paper_formula,Full Bernoulli event probability uses selected probabilities and non-selected complement probabilities.
24,6,1,no_new_outage,bernoulli_full_event,45,0,45,1,0.976623689101067,0.976623689101067,full_event_available,1,1,,"","",paper_formula,Full Bernoulli event probability uses selected probabilities and non-selected complement probabilities.
24,7,1,no_new_outage,bernoulli_full_event,45,0,45,1,0.976623689101067,0.976623689101067,full_event_available,1,1,,"","",paper_formula,Full Bernoulli event probability uses selected probabilities and non-selected complement probabilities.
24,8,1,no_new_outage,bernoulli_full_event,45,0,45,1,0.976623689101067,0.976623689101067,full_event_available,1,1,,"","",paper_formula,Full Bernoulli event probability uses selected probabilities and non-selected complement probabilities.
24,9,1,no_new_outage,bernoulli_full_event,45,0,45,1,0.976623689101067,0.976623689101067,full_event_available,1,1,,"","",paper_formula,Full Bernoulli event probability uses selected probabilities and non-selected complement probabilities.
24,10,1,no_new_outage,bernoulli_full_event,45,0,45,1,0.976623689101067,0.976623689101067,full_event_available,1,1,,"","",paper_formula,Full Bernoulli event probability uses selected probabilities and non-selected complement probabilities.
25,1,1,no_new_outage,bernoulli_full_event,45,0,45,1,0.976712595461779,0.976712595461779,full_event_available,1,1,,"","",paper_formula,Full Bernoulli event probability uses selected probabilities and non-selected complement probabilities.
25,2,1,no_new_outage,bernoulli_full_event,45,0,45,1,0.976712595461779,0.976712595461779,full_event_available,1,1,,"","",paper_formula,Full Bernoulli event probability uses selected probabilities and non-selected complement probabilities.
25,3,1,no_new_outage,bernoulli_full_event,45,0,45,1,0.976712595461779,0.976712595461779,full_event_available,1,1,,"","",paper_formula,Full Bernoulli event probability uses selected probabilities and non-selected complement probabilities.
25,4,1,no_new_outage,bernoulli_full_event,45,0,45,1,0.976712595461779,0.976712595461779,full_event_available,1,1,,"","",paper_formula,Full Bernoulli event probability uses selected probabilities and non-selected complement probabilities.
25,5,1,no_new_outage,bernoulli_full_event,45,0,45,1,0.976712595461779,0.976712595461779,full_event_available,1,1,,"","",paper_formula,Full Bernoulli event probability uses selected probabilities and non-selected complement probabilities.
25,6,1,no_new_outage,bernoulli_full_event,45,0,45,1,0.976712595461779,0.976712595461779,full_event_available,1,1,,"","",paper_formula,Full Bernoulli event probability uses selected probabilities and non-selected complement probabilities.
25,7,1,no_new_outage,bernoulli_full_event,45,0,45,1,0.976712595461779,0.976712595461779,full_event_available,1,1,,"","",paper_formula,Full Bernoulli event probability uses selected probabilities and non-selected complement probabilities.
25,8,1,no_new_outage,bernoulli_full_event,45,0,45,1,0.976712595461779,0.976712595461779,full_event_available,1,1,,"","",paper_formula,Full Bernoulli event probability uses selected probabilities and non-selected complement probabilities.
25,9,1,no_new_outage,bernoulli_full_event,45,0,45,1,0.976712595461779,0.976712595461779,full_event_available,1,1,,"","",paper_formula,Full Bernoulli event probability uses selected probabilities and non-selected complement probabilities.
25,10,1,no_new_outage,bernoulli_full_event,45,0,45,1,0.976712595461779,0.976712595461779,full_event_available,1,1,,"","",paper_formula,Full Bernoulli event probability uses selected probabilities and non-selected complement probabilities.
26,1,1,no_new_outage,bernoulli_full_event,45,0,45,1,0.976554333839653,0.976554333839653,full_event_available,1,1,,"","",paper_formula,Full Bernoulli event probability uses selected probabilities and non-selected complement probabilities.
26,2,1,no_new_outage,bernoulli_full_event,45,0,45,1,0.976554333839653,0.976554333839653,full_event_available,1,1,,"","",paper_formula,Full Bernoulli event probability uses selected probabilities and non-selected complement probabilities.
26,3,1,no_new_outage,bernoulli_full_event,45,0,45,1,0.976554333839653,0.976554333839653,full_event_available,1,1,,"","",paper_formula,Full Bernoulli event probability uses selected probabilities and non-selected complement probabilities.
26,4,1,no_new_outage,bernoulli_full_event,45,0,45,1,0.976554333839653,0.976554333839653,full_event_available,1,1,,"","",paper_formula,Full Bernoulli event probability uses selected probabilities and non-selected complement probabilities.
26,5,1,no_new_outage,bernoulli_full_event,45,0,45,1,0.976554333839653,0.976554333839653,full_event_available,1,1,,"","",paper_formula,Full Bernoulli event probability uses selected probabilities and non-selected complement probabilities.
26,6,1,no_new_outage,bernoulli_full_event,45,0,45,1,0.976554333839653,0.976554333839653,full_event_available,1,1,,"","",paper_formula,Full Bernoulli event probability uses selected probabilities and non-selected complement probabilities.
26,7,1,no_new_outage,bernoulli_full_event,45,0,45,1,0.976554333839653,0.976554333839653,full_event_available,1,1,,"","",paper_formula,Full Bernoulli event probability uses selected probabilities and non-selected complement probabilities.
26,8,1,no_new_outage,bernoulli_full_event,45,0,45,1,0.976554333839653,0.976554333839653,full_event_available,1,1,,"","",paper_formula,Full Bernoulli event probability uses selected probabilities and non-selected complement probabilities.
26,9,1,no_new_outage,bernoulli_full_event,45,0,45,1,0.976554333839653,0.976554333839653,full_event_available,1,1,,"","",paper_formula,Full Bernoulli event probability uses selected probabilities and non-selected complement probabilities.
26,10,1,no_new_outage,bernoulli_full_event,45,0,45,1,0.976554333839653,0.976554333839653,full_event_available,1,1,,"","",paper_formula,Full Bernoulli event probability uses selected probabilities and non-selected complement probabilities.
27,1,1,continue,bernoulli_full_event,42,1,41,0.499316614752875,0.767691538055488,0.383321139956294,full_event_available,0,1,,"14","0.42559",paper_formula,Full Bernoulli event probability uses selected probabilities and non-selected complement probabilities.
27,1,2,continue,bernoulli_full_event,41,1,40,1,0.978093733224735,0.978093733224735,full_event_available,0,1,,"3","0.32294",paper_formula,Full Bernoulli event probability uses selected probabilities and non-selected complement probabilities.
27,1,3,continue,bernoulli_full_event,40,7,33,0.916806925405868,0.982162853712981,0.900453706160451,full_event_available,0,1,,"4,16,17,20,31,40,42","0.79968,0.31879,0.89934,0.57167,0.17824,0.66107,0.6675",paper_formula,Full Bernoulli event probability uses selected probabilities and non-selected complement probabilities.
27,1,4,load_loss_threshold,bernoulli_full_event,0,0,0,NaN,NaN,1,terminal_stage_probability_one,1,0,,"","",,Terminal recording stage excluded from Bernoulli complement product.
27,2,1,no_new_outage,bernoulli_full_event,42,0,42,1,0.384370398099194,0.384370398099194,full_event_available,1,1,,"","",paper_formula,Full Bernoulli event probability uses selected probabilities and non-selected complement probabilities.
27,3,1,continue,bernoulli_full_event,42,2,40,0.0844429025485224,0.923946561761144,0.0780207294748387,full_event_available,0,1,,"14,23","0.36875,0.13608",paper_formula,Full Bernoulli event probability uses selected probabilities and non-selected complement probabilities.
27,3,2,continue,bernoulli_full_event,40,3,37,1,0.979551325872168,0.979551325872168,full_event_available,0,1,,"3,13,18","0.10984,0.13511,0.78375",paper_formula,Full Bernoulli event probability uses selected probabilities and non-selected complement probabilities.
27,3,3,load_loss_threshold,bernoulli_full_event,33,0,33,NaN,NaN,1,terminal_stage_probability_one,1,0,,"","",,Terminal recording stage excluded from Bernoulli complement product.
27,4,1,no_new_outage,bernoulli_full_event,42,0,42,1,0.384370398099194,0.384370398099194,full_event_available,1,1,,"","",paper_formula,Full Bernoulli event probability uses selected probabilities and non-selected complement probabilities.
27,5,1,continue,bernoulli_full_event,42,1,41,0.499316614752875,0.767691538055488,0.383321139956294,full_event_available,0,1,,"14","0.42061",paper_formula,Full Bernoulli event probability uses selected probabilities and non-selected complement probabilities.
27,5,2,continue,bernoulli_full_event,41,1,40,1,0.978093733224735,0.978093733224735,full_event_available,0,1,,"3","0.82419",paper_formula,Full Bernoulli event probability uses selected probabilities and non-selected complement probabilities.
27,5,3,continue,bernoulli_full_event,40,6,34,1,0.0817091475525298,0.0817091475525298,full_event_available,0,1,,"4,16,17,20,40,42","0.12648,0.27158,0.048984,0.85616,0.42585,0.95622",paper_formula,Full Bernoulli event probability uses selected probabilities and non-selected complement probabilities.
27,5,4,load_loss_threshold,bernoulli_full_event,0,0,0,NaN,NaN,1,terminal_stage_probability_one,1,0,,"","",,Terminal recording stage excluded from Bernoulli complement product.
27,6,1,no_new_outage,bernoulli_full_event,42,0,42,1,0.384370398099194,0.384370398099194,full_event_available,1,1,,"","",paper_formula,Full Bernoulli event probability uses selected probabilities and non-selected complement probabilities.
27,7,1,continue,bernoulli_full_event,42,1,41,0.499316614752875,0.767691538055488,0.383321139956294,full_event_available,0,1,,"14","0.12088",paper_formula,Full Bernoulli event probability uses selected probabilities and non-selected complement probabilities.
27,7,2,continue,bernoulli_full_event,41,1,40,1,0.978093733224735,0.978093733224735,full_event_available,0,1,,"3","0.82502",paper_formula,Full Bernoulli event probability uses selected probabilities and non-selected complement probabilities.
27,7,3,continue,bernoulli_full_event,40,7,33,0.916806925405868,0.982162853712981,0.900453706160451,full_event_available,0,1,,"4,16,17,20,31,40,42","0.27649,0.1524,0.53768,0.69111,0.84779,0.79063,0.56386",paper_formula,Full Bernoulli event probability uses selected probabilities and non-selected complement probabilities.
27,7,4,load_loss_threshold,bernoulli_full_event,0,0,0,NaN,NaN,1,terminal_stage_probability_one,1,0,,"","",,Terminal recording stage excluded from Bernoulli complement product.
27,8,1,continue,bernoulli_full_event,42,1,41,0.499316614752875,0.767691538055488,0.383321139956294,full_event_available,0,1,,"14","0.44647",paper_formula,Full Bernoulli event probability uses selected probabilities and non-selected complement probabilities.
27,8,2,continue,bernoulli_full_event,41,1,40,1,0.978093733224735,0.978093733224735,full_event_available,0,1,,"3","0.30875",paper_formula,Full Bernoulli event probability uses selected probabilities and non-selected complement probabilities.
27,8,3,continue,bernoulli_full_event,40,7,33,0.916806925405868,0.982162853712981,0.900453706160451,full_event_available,0,1,,"4,16,17,20,31,40,42","0.9879,0.76955,0.4867,0.2033,0.086345,0.75666,0.45467",paper_formula,Full Bernoulli event probability uses selected probabilities and non-selected complement probabilities.
27,8,4,load_loss_threshold,bernoulli_full_event,0,0,0,NaN,NaN,1,terminal_stage_probability_one,1,0,,"","",,Terminal recording stage excluded from Bernoulli complement product.
27,9,1,no_new_outage,bernoulli_full_event,42,0,42,1,0.384370398099194,0.384370398099194,full_event_available,1,1,,"","",paper_formula,Full Bernoulli event probability uses selected probabilities and non-selected complement probabilities.
27,10,1,no_new_outage,bernoulli_full_event,42,0,42,1,0.384370398099194,0.384370398099194,full_event_available,1,1,,"","",paper_formula,Full Bernoulli event probability uses selected probabilities and non-selected complement probabilities.
28,1,1,continue,bernoulli_full_event,45,1,44,1,0.977193290579679,0.977193290579679,full_event_available,0,1,,"38","0.6117",paper_formula,Full Bernoulli event probability uses selected probabilities and non-selected complement probabilities.
28,1,2,continue,bernoulli_full_event,40,4,36,0.999955118397481,0.981554998464346,0.981510944703054,full_event_available,0,1,,"8,14,19,23","0.41791,0.19336,0.11646,0.16858",paper_formula,Full Bernoulli event probability uses selected probabilities and non-selected complement probabilities.
28,1,3,continue,bernoulli_full_event,36,7,29,0.969105990540344,0.831812515437359,0.806114491716777,full_event_available,0,1,,"1,2,3,6,13,18,27","0.72869,0.21395,0.41631,0.15266,0.33429,0.85098,0.73259",paper_formula,Full Bernoulli event probability uses selected probabilities and non-selected complement probabilities.
28,1,4,load_loss_threshold,bernoulli_full_event,0,0,0,NaN,NaN,1,terminal_stage_probability_one,1,0,,"","",,Terminal recording stage excluded from Bernoulli complement product.
28,2,1,continue,bernoulli_full_event,45,1,44,1,0.977193290579679,0.977193290579679,full_event_available,0,1,,"38","0.42091",paper_formula,Full Bernoulli event probability uses selected probabilities and non-selected complement probabilities.
28,2,2,continue,bernoulli_full_event,40,4,36,0.999955118397481,0.981554998464346,0.981510944703054,full_event_available,0,1,,"8,14,19,23","0.95106,0.94172,0.31079,0.2285",paper_formula,Full Bernoulli event probability uses selected probabilities and non-selected complement probabilities.
28,2,3,continue,bernoulli_full_event,36,7,29,0.969105990540344,0.831812515437359,0.806114491716777,full_event_available,0,1,,"1,2,3,6,13,18,27","0.31904,0.14333,0.82703,0.65817,0.057595,0.33521,0.047659",paper_formula,Full Bernoulli event probability uses selected probabilities and non-selected complement probabilities.
28,2,4,load_loss_threshold,bernoulli_full_event,0,0,0,NaN,NaN,1,terminal_stage_probability_one,1,0,,"","",,Terminal recording stage excluded from Bernoulli complement product.
28,3,1,continue,bernoulli_full_event,45,1,44,1,0.977193290579679,0.977193290579679,full_event_available,0,1,,"38","0.55971",paper_formula,Full Bernoulli event probability uses selected probabilities and non-selected complement probabilities.
28,3,2,continue,bernoulli_full_event,40,4,36,0.999955118397481,0.981554998464346,0.981510944703054,full_event_available,0,1,,"8,14,19,23","0.27138,0.25177,0.26405,0.48544",paper_formula,Full Bernoulli event probability uses selected probabilities and non-selected complement probabilities.
28,3,3,continue,bernoulli_full_event,36,7,29,0.969105990540344,0.831812515437359,0.806114491716777,full_event_available,0,1,,"1,2,3,6,13,18,27","0.42562,0.68888,0.21188,0.9286,0.47377,0.50512,0.80747",paper_formula,Full Bernoulli event probability uses selected probabilities and non-selected complement probabilities.
28,3,4,load_loss_threshold,bernoulli_full_event,0,0,0,NaN,NaN,1,terminal_stage_probability_one,1,0,,"","",,Terminal recording stage excluded from Bernoulli complement product.
28,4,1,continue,bernoulli_full_event,45,1,44,1,0.977193290579679,0.977193290579679,full_event_available,0,1,,"38","0.51652",paper_formula,Full Bernoulli event probability uses selected probabilities and non-selected complement probabilities.
28,4,2,continue,bernoulli_full_event,40,4,36,0.999955118397481,0.981554998464346,0.981510944703054,full_event_available,0,1,,"8,14,19,23","0.45629,0.82018,0.77247,0.50507",paper_formula,Full Bernoulli event probability uses selected probabilities and non-selected complement probabilities.
28,4,3,continue,bernoulli_full_event,36,7,29,0.969105990540344,0.831812515437359,0.806114491716777,full_event_available,0,1,,"1,2,3,6,13,18,27","0.044793,0.69637,0.23905,0.86939,0.26457,0.67656,0.92342",paper_formula,Full Bernoulli event probability uses selected probabilities and non-selected complement probabilities.
28,4,4,load_loss_threshold,bernoulli_full_event,0,0,0,NaN,NaN,1,terminal_stage_probability_one,1,0,,"","",,Terminal recording stage excluded from Bernoulli complement product.
28,5,1,continue,bernoulli_full_event,45,1,44,1,0.977193290579679,0.977193290579679,full_event_available,0,1,,"38","0.19628",paper_formula,Full Bernoulli event probability uses selected probabilities and non-selected complement probabilities.
28,5,2,continue,bernoulli_full_event,40,4,36,0.999955118397481,0.981554998464346,0.981510944703054,full_event_available,0,1,,"8,14,19,23","0.63355,0.55297,0.47125,0.648",paper_formula,Full Bernoulli event probability uses selected probabilities and non-selected complement probabilities.
28,5,3,continue,bernoulli_full_event,36,7,29,0.969105990540344,0.831812515437359,0.806114491716777,full_event_available,0,1,,"1,2,3,6,13,18,27","0.2552,0.21477,0.19128,0.084762,0.1417,0.62025,0.31919",paper_formula,Full Bernoulli event probability uses selected probabilities and non-selected complement probabilities.
28,5,4,load_loss_threshold,bernoulli_full_event,0,0,0,NaN,NaN,1,terminal_stage_probability_one,1,0,,"","",,Terminal recording stage excluded from Bernoulli complement product.
28,6,1,continue,bernoulli_full_event,45,1,44,1,0.977193290579679,0.977193290579679,full_event_available,0,1,,"38","0.31819",paper_formula,Full Bernoulli event probability uses selected probabilities and non-selected complement probabilities.
28,6,2,continue,bernoulli_full_event,40,4,36,0.999955118397481,0.981554998464346,0.981510944703054,full_event_available,0,1,,"8,14,19,23","0.76872,0.6261,0.2644,0.63728",paper_formula,Full Bernoulli event probability uses selected probabilities and non-selected complement probabilities.
28,6,3,continue,bernoulli_full_event,36,7,29,0.969105990540344,0.831812515437359,0.806114491716777,full_event_available,0,1,,"1,2,3,6,13,18,27","0.74121,0.86822,0.14485,0.057908,0.8824,0.12289,0.67378",paper_formula,Full Bernoulli event probability uses selected probabilities and non-selected complement probabilities.
28,6,4,load_loss_threshold,bernoulli_full_event,0,0,0,NaN,NaN,1,terminal_stage_probability_one,1,0,,"","",,Terminal recording stage excluded from Bernoulli complement product.
28,7,1,continue,bernoulli_full_event,45,1,44,1,0.977193290579679,0.977193290579679,full_event_available,0,1,,"38","0.61716",paper_formula,Full Bernoulli event probability uses selected probabilities and non-selected complement probabilities.
28,7,2,continue,bernoulli_full_event,40,4,36,0.999955118397481,0.981554998464346,0.981510944703054,full_event_available,0,1,,"8,14,19,23","0.17108,0.95532,0.72118,0.56652",paper_formula,Full Bernoulli event probability uses selected probabilities and non-selected complement probabilities.
28,7,3,continue,bernoulli_full_event,36,7,29,0.969105990540344,0.831812515437359,0.806114491716777,full_event_available,0,1,,"1,2,3,6,13,18,27","0.47158,0.55978,0.65517,0.69502,0.60112,0.16465,0.74803",paper_formula,Full Bernoulli event probability uses selected probabilities and non-selected complement probabilities.
28,7,4,load_loss_threshold,bernoulli_full_event,0,0,0,NaN,NaN,1,terminal_stage_probability_one,1,0,,"","",,Terminal recording stage excluded from Bernoulli complement product.
28,8,1,continue,bernoulli_full_event,45,1,44,1,0.977193290579679,0.977193290579679,full_event_available,0,1,,"38","0.84581",paper_formula,Full Bernoulli event probability uses selected probabilities and non-selected complement probabilities.
28,8,2,continue,bernoulli_full_event,40,4,36,0.999955118397481,0.981554998464346,0.981510944703054,full_event_available,0,1,,"8,14,19,23","0.63968,0.50109,0.8382,0.95578",paper_formula,Full Bernoulli event probability uses selected probabilities and non-selected complement probabilities.
28,8,3,continue,bernoulli_full_event,36,7,29,0.969105990540344,0.831812515437359,0.806114491716777,full_event_available,0,1,,"1,2,3,6,13,18,27","0.14878,0.65983,0.22149,0.87261,0.98077,0.53804,0.82806",paper_formula,Full Bernoulli event probability uses selected probabilities and non-selected complement probabilities.
28,8,4,load_loss_threshold,bernoulli_full_event,0,0,0,NaN,NaN,1,terminal_stage_probability_one,1,0,,"","",,Terminal recording stage excluded from Bernoulli complement product.
28,9,1,continue,bernoulli_full_event,45,1,44,1,0.977193290579679,0.977193290579679,full_event_available,0,1,,"38","0.64149",paper_formula,Full Bernoulli event probability uses selected probabilities and non-selected complement probabilities.
28,9,2,continue,bernoulli_full_event,40,4,36,0.999955118397481,0.981554998464346,0.981510944703054,full_event_available,0,1,,"8,14,19,23","0.61719,0.00077627,0.70896,0.35124",paper_formula,Full Bernoulli event probability uses selected probabilities and non-selected complement probabilities.
28,9,3,continue,bernoulli_full_event,36,7,29,0.969105990540344,0.831812515437359,0.806114491716777,full_event_available,0,1,,"1,2,3,6,13,18,27","0.98736,0.48707,0.095646,0.99599,0.57225,0.43023,0.82843",paper_formula,Full Bernoulli event probability uses selected probabilities and non-selected complement probabilities.
28,9,4,load_loss_threshold,bernoulli_full_event,0,0,0,NaN,NaN,1,terminal_stage_probability_one,1,0,,"","",,Terminal recording stage excluded from Bernoulli complement product.
28,10,1,continue,bernoulli_full_event,45,1,44,1,0.977193290579679,0.977193290579679,full_event_available,0,1,,"38","0.5451",paper_formula,Full Bernoulli event probability uses selected probabilities and non-selected complement probabilities.
28,10,2,continue,bernoulli_full_event,40,4,36,0.999955118397481,0.981554998464346,0.981510944703054,full_event_available,0,1,,"8,14,19,23","0.46732,0.73009,0.38211,0.65912",paper_formula,Full Bernoulli event probability uses selected probabilities and non-selected complement probabilities.
28,10,3,continue,bernoulli_full_event,36,7,29,0.969105990540344,0.831812515437359,0.806114491716777,full_event_available,0,1,,"1,2,3,6,13,18,27","0.33285,0.25558,0.94944,0.53269,0.77148,0.25748,0.59163",paper_formula,Full Bernoulli event probability uses selected probabilities and non-selected complement probabilities.
28,10,4,load_loss_threshold,bernoulli_full_event,0,0,0,NaN,NaN,1,terminal_stage_probability_one,1,0,,"","",,Terminal recording stage excluded from Bernoulli complement product.
29,1,1,no_new_outage,bernoulli_full_event,45,0,45,1,0.976841587307899,0.976841587307899,full_event_available,1,1,,"","",paper_formula,Full Bernoulli event probability uses selected probabilities and non-selected complement probabilities.
29,2,1,no_new_outage,bernoulli_full_event,45,0,45,1,0.976841587307899,0.976841587307899,full_event_available,1,1,,"","",paper_formula,Full Bernoulli event probability uses selected probabilities and non-selected complement probabilities.
29,3,1,no_new_outage,bernoulli_full_event,45,0,45,1,0.976841587307899,0.976841587307899,full_event_available,1,1,,"","",paper_formula,Full Bernoulli event probability uses selected probabilities and non-selected complement probabilities.
29,4,1,no_new_outage,bernoulli_full_event,45,0,45,1,0.976841587307899,0.976841587307899,full_event_available,1,1,,"","",paper_formula,Full Bernoulli event probability uses selected probabilities and non-selected complement probabilities.
29,5,1,no_new_outage,bernoulli_full_event,45,0,45,1,0.976841587307899,0.976841587307899,full_event_available,1,1,,"","",paper_formula,Full Bernoulli event probability uses selected probabilities and non-selected complement probabilities.
29,6,1,no_new_outage,bernoulli_full_event,45,0,45,1,0.976841587307899,0.976841587307899,full_event_available,1,1,,"","",paper_formula,Full Bernoulli event probability uses selected probabilities and non-selected complement probabilities.
29,7,1,no_new_outage,bernoulli_full_event,45,0,45,1,0.976841587307899,0.976841587307899,full_event_available,1,1,,"","",paper_formula,Full Bernoulli event probability uses selected probabilities and non-selected complement probabilities.
29,8,1,no_new_outage,bernoulli_full_event,45,0,45,1,0.976841587307899,0.976841587307899,full_event_available,1,1,,"","",paper_formula,Full Bernoulli event probability uses selected probabilities and non-selected complement probabilities.
29,9,1,no_new_outage,bernoulli_full_event,45,0,45,1,0.976841587307899,0.976841587307899,full_event_available,1,1,,"","",paper_formula,Full Bernoulli event probability uses selected probabilities and non-selected complement probabilities.
29,10,1,no_new_outage,bernoulli_full_event,45,0,45,1,0.976841587307899,0.976841587307899,full_event_available,1,1,,"","",paper_formula,Full Bernoulli event probability uses selected probabilities and non-selected complement probabilities.
30,1,1,no_new_outage,bernoulli_full_event,45,0,45,1,0.976890456753274,0.976890456753274,full_event_available,1,1,,"","",paper_formula,Full Bernoulli event probability uses selected probabilities and non-selected complement probabilities.
30,2,1,no_new_outage,bernoulli_full_event,45,0,45,1,0.976890456753274,0.976890456753274,full_event_available,1,1,,"","",paper_formula,Full Bernoulli event probability uses selected probabilities and non-selected complement probabilities.
30,3,1,no_new_outage,bernoulli_full_event,45,0,45,1,0.976890456753274,0.976890456753274,full_event_available,1,1,,"","",paper_formula,Full Bernoulli event probability uses selected probabilities and non-selected complement probabilities.
30,4,1,no_new_outage,bernoulli_full_event,45,0,45,1,0.976890456753274,0.976890456753274,full_event_available,1,1,,"","",paper_formula,Full Bernoulli event probability uses selected probabilities and non-selected complement probabilities.
30,5,1,no_new_outage,bernoulli_full_event,45,0,45,1,0.976890456753274,0.976890456753274,full_event_available,1,1,,"","",paper_formula,Full Bernoulli event probability uses selected probabilities and non-selected complement probabilities.
30,6,1,no_new_outage,bernoulli_full_event,45,0,45,1,0.976890456753274,0.976890456753274,full_event_available,1,1,,"","",paper_formula,Full Bernoulli event probability uses selected probabilities and non-selected complement probabilities.
30,7,1,no_new_outage,bernoulli_full_event,45,0,45,1,0.976890456753274,0.976890456753274,full_event_available,1,1,,"","",paper_formula,Full Bernoulli event probability uses selected probabilities and non-selected complement probabilities.
30,8,1,no_new_outage,bernoulli_full_event,45,0,45,1,0.976890456753274,0.976890456753274,full_event_available,1,1,,"","",paper_formula,Full Bernoulli event probability uses selected probabilities and non-selected complement probabilities.
30,9,1,no_new_outage,bernoulli_full_event,45,0,45,1,0.976890456753274,0.976890456753274,full_event_available,1,1,,"","",paper_formula,Full Bernoulli event probability uses selected probabilities and non-selected complement probabilities.
30,10,1,no_new_outage,bernoulli_full_event,45,0,45,1,0.976890456753274,0.976890456753274,full_event_available,1,1,,"","",paper_formula,Full Bernoulli event probability uses selected probabilities and non-selected complement probabilities.
31,1,1,no_new_outage,bernoulli_full_event,45,0,45,1,0.976823995504477,0.976823995504477,full_event_available,1,1,,"","",paper_formula,Full Bernoulli event probability uses selected probabilities and non-selected complement probabilities.
31,2,1,no_new_outage,bernoulli_full_event,45,0,45,1,0.976823995504477,0.976823995504477,full_event_available,1,1,,"","",paper_formula,Full Bernoulli event probability uses selected probabilities and non-selected complement probabilities.
31,3,1,no_new_outage,bernoulli_full_event,45,0,45,1,0.976823995504477,0.976823995504477,full_event_available,1,1,,"","",paper_formula,Full Bernoulli event probability uses selected probabilities and non-selected complement probabilities.
31,4,1,no_new_outage,bernoulli_full_event,45,0,45,1,0.976823995504477,0.976823995504477,full_event_available,1,1,,"","",paper_formula,Full Bernoulli event probability uses selected probabilities and non-selected complement probabilities.
31,5,1,no_new_outage,bernoulli_full_event,45,0,45,1,0.976823995504477,0.976823995504477,full_event_available,1,1,,"","",paper_formula,Full Bernoulli event probability uses selected probabilities and non-selected complement probabilities.
31,6,1,no_new_outage,bernoulli_full_event,45,0,45,1,0.976823995504477,0.976823995504477,full_event_available,1,1,,"","",paper_formula,Full Bernoulli event probability uses selected probabilities and non-selected complement probabilities.
31,7,1,no_new_outage,bernoulli_full_event,45,0,45,1,0.976823995504477,0.976823995504477,full_event_available,1,1,,"","",paper_formula,Full Bernoulli event probability uses selected probabilities and non-selected complement probabilities.
31,8,1,no_new_outage,bernoulli_full_event,45,0,45,1,0.976823995504477,0.976823995504477,full_event_available,1,1,,"","",paper_formula,Full Bernoulli event probability uses selected probabilities and non-selected complement probabilities.
31,9,1,no_new_outage,bernoulli_full_event,45,0,45,1,0.976823995504477,0.976823995504477,full_event_available,1,1,,"","",paper_formula,Full Bernoulli event probability uses selected probabilities and non-selected complement probabilities.
31,10,1,no_new_outage,bernoulli_full_event,45,0,45,1,0.976823995504477,0.976823995504477,full_event_available,1,1,,"","",paper_formula,Full Bernoulli event probability uses selected probabilities and non-selected complement probabilities.
32,1,1,continue,bernoulli_full_event,44,1,43,0.933588318949003,0.97700859214032,0.912123809135013,full_event_available,0,1,,"27","0.7307",paper_formula,Full Bernoulli event probability uses selected probabilities and non-selected complement probabilities.
32,1,2,continue,bernoulli_full_event,42,2,40,0.0280434302356113,0.813373543306817,0.0228097842172167,full_event_available,0,1,,"14,19","0.11847,0.024459",paper_formula,Full Bernoulli event probability uses selected probabilities and non-selected complement probabilities.
32,1,3,continue,bernoulli_full_event,40,3,37,1,0.979797339628719,0.979797339628719,full_event_available,0,1,,"3,13,18","0.46524,0.84662,0.23751",paper_formula,Full Bernoulli event probability uses selected probabilities and non-selected complement probabilities.
32,1,4,load_loss_threshold,bernoulli_full_event,36,0,36,NaN,NaN,1,terminal_stage_probability_one,1,0,,"","",,Terminal recording stage excluded from Bernoulli complement product.
32,2,1,continue,bernoulli_full_event,44,1,43,0.933588318949003,0.97700859214032,0.912123809135013,full_event_available,0,1,,"27","0.67185",paper_formula,Full Bernoulli event probability uses selected probabilities and non-selected complement probabilities.
32,2,2,continue,bernoulli_full_event,42,1,41,0.499316614752875,0.767691538055488,0.383321139956294,full_event_available,0,1,,"14","0.41963",paper_formula,Full Bernoulli event probability uses selected probabilities and non-selected complement probabilities.
32,2,3,continue,bernoulli_full_event,41,1,40,1,0.978093733224735,0.978093733224735,full_event_available,0,1,,"3","0.47952",paper_formula,Full Bernoulli event probability uses selected probabilities and non-selected complement probabilities.
32,2,4,continue,bernoulli_full_event,40,7,33,0.916806925405868,0.982162853712981,0.900453706160451,full_event_available,0,1,,"4,16,17,20,31,40,42","0.24542,0.36567,0.73175,0.01933,0.47184,0.64073,0.74784",paper_formula,Full Bernoulli event probability uses selected probabilities and non-selected complement probabilities.
32,2,5,max_depth_reached,bernoulli_full_event,0,0,0,NaN,NaN,1,terminal_stage_probability_one,1,0,,"","",,Terminal recording stage excluded from Bernoulli complement product.
32,3,1,continue,bernoulli_full_event,44,1,43,0.933588318949003,0.97700859214032,0.912123809135013,full_event_available,0,1,,"27","0.22286",paper_formula,Full Bernoulli event probability uses selected probabilities and non-selected complement probabilities.
32,3,2,no_new_outage,bernoulli_full_event,42,0,42,1,0.384370398099194,0.384370398099194,full_event_available,1,1,,"","",paper_formula,Full Bernoulli event probability uses selected probabilities and non-selected complement probabilities.
32,4,1,continue,bernoulli_full_event,44,1,43,0.933588318949003,0.97700859214032,0.912123809135013,full_event_available,0,1,,"27","0.19372",paper_formula,Full Bernoulli event probability uses selected probabilities and non-selected complement probabilities.
32,4,2,no_new_outage,bernoulli_full_event,42,0,42,1,0.384370398099194,0.384370398099194,full_event_available,1,1,,"","",paper_formula,Full Bernoulli event probability uses selected probabilities and non-selected complement probabilities.
32,5,1,continue,bernoulli_full_event,44,1,43,0.933588318949003,0.97700859214032,0.912123809135013,full_event_available,0,1,,"27","0.8555",paper_formula,Full Bernoulli event probability uses selected probabilities and non-selected complement probabilities.
32,5,2,continue,bernoulli_full_event,42,1,41,0.169116949153225,0.462604692330012,0.0782342942308179,full_event_available,0,1,,"23","0.080467",paper_formula,Full Bernoulli event probability uses selected probabilities and non-selected complement probabilities.
32,5,3,continue,bernoulli_full_event,41,5,36,0.800440641812161,0.979892340738256,0.784345654127351,full_event_available,0,1,,"8,10,13,14,18","0.86607,0.57063,0.89254,0.77837,0.28693",paper_formula,Full Bernoulli event probability uses selected probabilities and non-selected complement probabilities.
32,5,4,continue,bernoulli_full_event,32,1,31,1,0.982843699821183,0.982843699821183,full_event_available,0,1,,"3","0.96187",paper_formula,Full Bernoulli event probability uses selected probabilities and non-selected complement probabilities.
32,5,5,max_depth_reached,bernoulli_full_event,31,0,31,NaN,NaN,1,terminal_stage_probability_one,1,0,,"","",,Terminal recording stage excluded from Bernoulli complement product.
32,6,1,continue,bernoulli_full_event,44,1,43,0.933588318949003,0.97700859214032,0.912123809135013,full_event_available,0,1,,"27","0.5571",paper_formula,Full Bernoulli event probability uses selected probabilities and non-selected complement probabilities.
32,6,2,no_new_outage,bernoulli_full_event,42,0,42,1,0.384370398099194,0.384370398099194,full_event_available,1,1,,"","",paper_formula,Full Bernoulli event probability uses selected probabilities and non-selected complement probabilities.
32,7,1,continue,bernoulli_full_event,44,1,43,0.933588318949003,0.97700859214032,0.912123809135013,full_event_available,0,1,,"27","0.24155",paper_formula,Full Bernoulli event probability uses selected probabilities and non-selected complement probabilities.
32,7,2,continue,bernoulli_full_event,42,1,41,0.499316614752875,0.767691538055488,0.383321139956294,full_event_available,0,1,,"14","0.26725",paper_formula,Full Bernoulli event probability uses selected probabilities and non-selected complement probabilities.
32,7,3,continue,bernoulli_full_event,41,1,40,1,0.978093733224735,0.978093733224735,full_event_available,0,1,,"3","0.15741",paper_formula,Full Bernoulli event probability uses selected probabilities and non-selected complement probabilities.
32,7,4,continue,bernoulli_full_event,40,7,33,0.916806925405868,0.982162853712981,0.900453706160451,full_event_available,0,1,,"4,16,17,20,31,40,42","0.84002,0.95536,0.36739,0.65001,0.40697,0.16894,0.65665",paper_formula,Full Bernoulli event probability uses selected probabilities and non-selected complement probabilities.
32,7,5,max_depth_reached,bernoulli_full_event,0,0,0,NaN,NaN,1,terminal_stage_probability_one,1,0,,"","",,Terminal recording stage excluded from Bernoulli complement product.
32,8,1,continue,bernoulli_full_event,44,1,43,0.933588318949003,0.97700859214032,0.912123809135013,full_event_available,0,1,,"27","0.34162",paper_formula,Full Bernoulli event probability uses selected probabilities and non-selected complement probabilities.
32,8,2,continue,bernoulli_full_event,42,1,41,0.499316614752875,0.767691538055488,0.383321139956294,full_event_available,0,1,,"14","0.32763",paper_formula,Full Bernoulli event probability uses selected probabilities and non-selected complement probabilities.
32,8,3,continue,bernoulli_full_event,41,1,40,1,0.978093733224735,0.978093733224735,full_event_available,0,1,,"3","0.19394",paper_formula,Full Bernoulli event probability uses selected probabilities and non-selected complement probabilities.
32,8,4,continue,bernoulli_full_event,40,7,33,0.916806925405868,0.982162853712981,0.900453706160451,full_event_available,0,1,,"4,16,17,20,31,40,42","0.13903,0.48903,0.72905,0.31939,0.77609,0.98144,0.12188",paper_formula,Full Bernoulli event probability uses selected probabilities and non-selected complement probabilities.
32,8,5,max_depth_reached,bernoulli_full_event,0,0,0,NaN,NaN,1,terminal_stage_probability_one,1,0,,"","",,Terminal recording stage excluded from Bernoulli complement product.
32,9,1,continue,bernoulli_full_event,44,1,43,0.933588318949003,0.97700859214032,0.912123809135013,full_event_available,0,1,,"27","0.46659",paper_formula,Full Bernoulli event probability uses selected probabilities and non-selected complement probabilities.
32,9,2,continue,bernoulli_full_event,42,1,41,0.499316614752875,0.767691538055488,0.383321139956294,full_event_available,0,1,,"14","0.14167",paper_formula,Full Bernoulli event probability uses selected probabilities and non-selected complement probabilities.
32,9,3,continue,bernoulli_full_event,41,1,40,1,0.978093733224735,0.978093733224735,full_event_available,0,1,,"3","0.57717",paper_formula,Full Bernoulli event probability uses selected probabilities and non-selected complement probabilities.
32,9,4,continue,bernoulli_full_event,40,7,33,0.916806925405868,0.982162853712981,0.900453706160451,full_event_available,0,1,,"4,16,17,20,31,40,42","0.33881,0.33093,0.19876,0.55102,0.66037,0.17706,0.15682",paper_formula,Full Bernoulli event probability uses selected probabilities and non-selected complement probabilities.
32,9,5,max_depth_reached,bernoulli_full_event,0,0,0,NaN,NaN,1,terminal_stage_probability_one,1,0,,"","",,Terminal recording stage excluded from Bernoulli complement product.
32,10,1,continue,bernoulli_full_event,44,1,43,0.933588318949003,0.97700859214032,0.912123809135013,full_event_available,0,1,,"27","0.099748",paper_formula,Full Bernoulli event probability uses selected probabilities and non-selected complement probabilities.
32,10,2,no_new_outage,bernoulli_full_event,42,0,42,1,0.384370398099194,0.384370398099194,full_event_available,1,1,,"","",paper_formula,Full Bernoulli event probability uses selected probabilities and non-selected complement probabilities.
33,1,1,continue,bernoulli_full_event,45,5,40,0.000404730716533112,0.978770976901825,0.00039613867880329,full_event_available,0,1,,"8,14,19,23,25","0.39483,0.78391,0.087544,0.80972,0.00038353",paper_formula,Full Bernoulli event probability uses selected probabilities and non-selected complement probabilities.
33,1,2,continue,bernoulli_full_event,40,4,36,1,0.980819932349335,0.980819932349335,full_event_available,0,1,,"3,6,13,18","0.85497,0.32194,0.00077807,0.81171",paper_formula,Full Bernoulli event probability uses selected probabilities and non-selected complement probabilities.
33,1,3,load_loss_threshold,bernoulli_full_event,31,0,31,NaN,NaN,1,terminal_stage_probability_one,1,0,,"","",,Terminal recording stage excluded from Bernoulli complement product.
33,2,1,continue,bernoulli_full_event,45,4,41,0.700351677663101,0.978205348673268,0.685087757042342,full_event_available,0,1,,"8,14,19,23","0.78856,0.5733,0.47892,0.51169",paper_formula,Full Bernoulli event probability uses selected probabilities and non-selected complement probabilities.
33,2,2,continue,bernoulli_full_event,41,6,35,1,0.981469550385398,0.981469550385398,full_event_available,0,1,,"1,2,3,6,13,18","0.72949,0.63821,0.49567,0.97105,0.39747,0.63938",paper_formula,Full Bernoulli event probability uses selected probabilities and non-selected complement probabilities.
33,2,3,load_loss_threshold,bernoulli_full_event,26,0,26,NaN,NaN,1,terminal_stage_probability_one,1,0,,"","",,Terminal recording stage excluded from Bernoulli complement product.
33,3,1,continue,bernoulli_full_event,45,4,41,0.700351677663101,0.978205348673268,0.685087757042342,full_event_available,0,1,,"8,14,19,23","0.29755,0.4805,0.58026,0.91686",paper_formula,Full Bernoulli event probability uses selected probabilities and non-selected complement probabilities.
33,3,2,continue,bernoulli_full_event,41,6,35,1,0.981469550385398,0.981469550385398,full_event_available,0,1,,"1,2,3,6,13,18","0.52667,0.41195,0.62898,0.29177,0.31058,0.73775",paper_formula,Full Bernoulli event probability uses selected probabilities and non-selected complement probabilities.
33,3,3,load_loss_threshold,bernoulli_full_event,26,0,26,NaN,NaN,1,terminal_stage_probability_one,1,0,,"","",,Terminal recording stage excluded from Bernoulli complement product.
33,4,1,continue,bernoulli_full_event,45,4,41,0.700351677663101,0.978205348673268,0.685087757042342,full_event_available,0,1,,"8,14,19,23","0.70229,0.73921,0.0018816,0.2481",paper_formula,Full Bernoulli event probability uses selected probabilities and non-selected complement probabilities.
33,4,2,continue,bernoulli_full_event,41,6,35,1,0.981469550385398,0.981469550385398,full_event_available,0,1,,"1,2,3,6,13,18","0.0098706,0.42631,0.7272,0.11906,0.66631,0.1075",paper_formula,Full Bernoulli event probability uses selected probabilities and non-selected complement probabilities.
33,4,3,load_loss_threshold,bernoulli_full_event,26,0,26,NaN,NaN,1,terminal_stage_probability_one,1,0,,"","",,Terminal recording stage excluded from Bernoulli complement product.
33,5,1,continue,bernoulli_full_event,45,4,41,0.700351677663101,0.978205348673268,0.685087757042342,full_event_available,0,1,,"8,14,19,23","0.057767,0.29677,0.15466,0.3588",paper_formula,Full Bernoulli event probability uses selected probabilities and non-selected complement probabilities.
33,5,2,continue,bernoulli_full_event,41,6,35,1,0.981469550385398,0.981469550385398,full_event_available,0,1,,"1,2,3,6,13,18","0.35329,0.02632,0.17661,0.30815,0.011218,0.87361",paper_formula,Full Bernoulli event probability uses selected probabilities and non-selected complement probabilities.
33,5,3,load_loss_threshold,bernoulli_full_event,26,0,26,NaN,NaN,1,terminal_stage_probability_one,1,0,,"","",,Terminal recording stage excluded from Bernoulli complement product.
33,6,1,continue,bernoulli_full_event,45,3,42,0.793443549287652,0.114769307561826,0.0910629667411412,full_event_available,0,1,,"14,19,23","0.60005,0.43831,0.96398",paper_formula,Full Bernoulli event probability uses selected probabilities and non-selected complement probabilities.
33,6,2,continue,bernoulli_full_event,42,3,39,1,0.979467183588571,0.979467183588571,full_event_available,0,1,,"3,13,18","0.58592,0.50375,0.37997",paper_formula,Full Bernoulli event probability uses selected probabilities and non-selected complement probabilities.
33,6,3,continue,bernoulli_full_event,36,5,31,1,0.842807754576094,0.842807754576094,full_event_available,0,1,,"16,17,31,40,42","0.64352,0.87283,0.68297,0.26728,0.101",paper_formula,Full Bernoulli event probability uses selected probabilities and non-selected complement probabilities.
33,6,4,load_loss_threshold,bernoulli_full_event,0,0,0,NaN,NaN,1,terminal_stage_probability_one,1,0,,"","",,Terminal recording stage excluded from Bernoulli complement product.
33,7,1,continue,bernoulli_full_event,45,4,41,0.700351677663101,0.978205348673268,0.685087757042342,full_event_available,0,1,,"8,14,19,23","0.085494,0.61816,0.13781,0.010468",paper_formula,Full Bernoulli event probability uses selected probabilities and non-selected complement probabilities.
33,7,2,continue,bernoulli_full_event,41,6,35,1,0.981469550385398,0.981469550385398,full_event_available,0,1,,"1,2,3,6,13,18","0.17693,0.17917,0.10341,0.8267,0.54519,0.019923",paper_formula,Full Bernoulli event probability uses selected probabilities and non-selected complement probabilities.
33,7,3,load_loss_threshold,bernoulli_full_event,26,0,26,NaN,NaN,1,terminal_stage_probability_one,1,0,,"","",,Terminal recording stage excluded from Bernoulli complement product.
33,8,1,continue,bernoulli_full_event,45,4,41,0.700351677663101,0.978205348673268,0.685087757042342,full_event_available,0,1,,"8,14,19,23","0.8496,0.23589,0.10521,0.53864",paper_formula,Full Bernoulli event probability uses selected probabilities and non-selected complement probabilities.
33,8,2,continue,bernoulli_full_event,41,6,35,1,0.981469550385398,0.981469550385398,full_event_available,0,1,,"1,2,3,6,13,18","0.034861,0.73778,0.22092,0.83838,0.22523,0.75329",paper_formula,Full Bernoulli event probability uses selected probabilities and non-selected complement probabilities.
33,8,3,load_loss_threshold,bernoulli_full_event,26,0,26,NaN,NaN,1,terminal_stage_probability_one,1,0,,"","",,Terminal recording stage excluded from Bernoulli complement product.
33,9,1,continue,bernoulli_full_event,45,3,42,0.793443549287652,0.114769307561826,0.0910629667411412,full_event_available,0,1,,"14,19,23","0.12726,0.48193,0.6186",paper_formula,Full Bernoulli event probability uses selected probabilities and non-selected complement probabilities.
33,9,2,continue,bernoulli_full_event,42,3,39,1,0.979467183588571,0.979467183588571,full_event_available,0,1,,"3,13,18","0.051236,0.11788,0.98009",paper_formula,Full Bernoulli event probability uses selected probabilities and non-selected complement probabilities.
33,9,3,continue,bernoulli_full_event,36,5,31,1,0.842807754576094,0.842807754576094,full_event_available,0,1,,"16,17,31,40,42","0.68354,0.79438,0.20037,0.85765,0.22811",paper_formula,Full Bernoulli event probability uses selected probabilities and non-selected complement probabilities.
33,9,4,load_loss_threshold,bernoulli_full_event,0,0,0,NaN,NaN,1,terminal_stage_probability_one,1,0,,"","",,Terminal recording stage excluded from Bernoulli complement product.
33,10,1,continue,bernoulli_full_event,45,4,41,0.700351677663101,0.978205348673268,0.685087757042342,full_event_available,0,1,,"8,14,19,23","0.067069,0.81008,0.2281,0.22324",paper_formula,Full Bernoulli event probability uses selected probabilities and non-selected complement probabilities.
33,10,2,continue,bernoulli_full_event,41,6,35,1,0.981469550385398,0.981469550385398,full_event_available,0,1,,"1,2,3,6,13,18","0.18717,0.93294,0.50254,0.62476,0.72125,0.62243",paper_formula,Full Bernoulli event probability uses selected probabilities and non-selected complement probabilities.
33,10,3,load_loss_threshold,bernoulli_full_event,26,0,26,NaN,NaN,1,terminal_stage_probability_one,1,0,,"","",,Terminal recording stage excluded from Bernoulli complement product.
34,1,1,continue,bernoulli_full_event,45,4,41,0.381058909802035,0.978205348673268,0.372753863727955,full_event_available,0,1,,"8,14,19,23","0.4736,0.77199,0.14761,0.74152",paper_formula,Full Bernoulli event probability uses selected probabilities and non-selected complement probabilities.
34,1,2,continue,bernoulli_full_event,41,6,35,1,0.981469550385398,0.981469550385398,full_event_available,0,1,,"1,2,3,6,13,18","0.18522,0.14427,0.044248,0.40887,0.85821,0.39855",paper_formula,Full Bernoulli event probability uses selected probabilities and non-selected complement probabilities.
34,1,3,load_loss_threshold,bernoulli_full_event,26,0,26,NaN,NaN,1,terminal_stage_probability_one,1,0,,"","",,Terminal recording stage excluded from Bernoulli complement product.
34,2,1,continue,bernoulli_full_event,45,3,42,0.591518229360492,0.348040722756413,0.205872432070219,full_event_available,0,1,,"8,14,23","0.29404,0.45146,0.84646",paper_formula,Full Bernoulli event probability uses selected probabilities and non-selected complement probabilities.
34,2,2,continue,bernoulli_full_event,42,7,35,0.000642161034885868,0.981469550385398,0.000630261502184455,full_event_available,0,1,,"1,2,3,6,13,18,19","0.46163,0.72932,0.20233,0.86753,0.38019,0.52054,0.00055142",paper_formula,Full Bernoulli event probability uses selected probabilities and non-selected complement probabilities.
34,2,3,load_loss_threshold,bernoulli_full_event,26,0,26,NaN,NaN,1,terminal_stage_probability_one,1,0,,"","",,Terminal recording stage excluded from Bernoulli complement product.
34,3,1,continue,bernoulli_full_event,45,2,43,0.852427324416248,0.106527544831007,0.0908069900169269,full_event_available,0,1,,"14,23","0.42643,0.59612",paper_formula,Full Bernoulli event probability uses selected probabilities and non-selected complement probabilities.
34,3,2,continue,bernoulli_full_event,43,3,40,1,0.978688651152585,0.978688651152585,full_event_available,0,1,,"3,13,18","0.65076,0.83135,0.13052",paper_formula,Full Bernoulli event probability uses selected probabilities and non-selected complement probabilities.
34,3,3,continue,bernoulli_full_event,36,5,31,0.775221582577882,0.984039853826566,0.762848932803139,full_event_available,0,1,,"16,17,31,40,42","0.55439,0.35962,0.34306,0.10393,0.58578",paper_formula,Full Bernoulli event probability uses selected probabilities and non-selected complement probabilities.
34,3,4,load_loss_threshold,bernoulli_full_event,0,0,0,NaN,NaN,1,terminal_stage_probability_one,1,0,,"","",,Terminal recording stage excluded from Bernoulli complement product.
34,4,1,continue,bernoulli_full_event,45,4,41,0.381058909802035,0.978205348673268,0.372753863727955,full_event_available,0,1,,"8,14,19,23","0.32618,0.4008,0.26373,0.067208",paper_formula,Full Bernoulli event probability uses selected probabilities and non-selected complement probabilities.
34,4,2,continue,bernoulli_full_event,41,6,35,1,0.981469550385398,0.981469550385398,full_event_available,0,1,,"1,2,3,6,13,18","0.41078,0.6844,0.93137,0.99494,0.057259,0.020593",paper_formula,Full Bernoulli event probability uses selected probabilities and non-selected complement probabilities.
34,4,3,load_loss_threshold,bernoulli_full_event,26,0,26,NaN,NaN,1,terminal_stage_probability_one,1,0,,"","",,Terminal recording stage excluded from Bernoulli complement product.
34,5,1,continue,bernoulli_full_event,45,2,43,0.852427324416248,0.106527544831007,0.0908069900169269,full_event_available,0,1,,"14,23","0.35738,0.57727",paper_formula,Full Bernoulli event probability uses selected probabilities and non-selected complement probabilities.
34,5,2,continue,bernoulli_full_event,43,3,40,1,0.978688651152585,0.978688651152585,full_event_available,0,1,,"3,13,18","0.29736,0.47631,0.62749",paper_formula,Full Bernoulli event probability uses selected probabilities and non-selected complement probabilities.
34,5,3,continue,bernoulli_full_event,36,4,32,1,0.221190921023428,0.221190921023428,full_event_available,0,1,,"17,31,40,42","0.54802,0.70072,0.87131,0.62127",paper_formula,Full Bernoulli event probability uses selected probabilities and non-selected complement probabilities.
34,5,4,load_loss_threshold,bernoulli_full_event,0,0,0,NaN,NaN,1,terminal_stage_probability_one,1,0,,"","",,Terminal recording stage excluded from Bernoulli complement product.
34,6,1,continue,bernoulli_full_event,45,3,42,0.591518229360492,0.348040722756413,0.205872432070219,full_event_available,0,1,,"8,14,23","0.64322,0.080394,0.048275",paper_formula,Full Bernoulli event probability uses selected probabilities and non-selected complement probabilities.
34,6,2,continue,bernoulli_full_event,42,6,36,0.807899107573047,0.980689426362142,0.792298112364298,full_event_available,0,1,,"1,2,3,6,13,18","0.42124,0.17006,0.021584,0.24351,0.25875,0.43344",paper_formula,Full Bernoulli event probability uses selected probabilities and non-selected complement probabilities.
34,6,3,load_loss_threshold,bernoulli_full_event,26,0,26,NaN,NaN,1,terminal_stage_probability_one,1,0,,"","",,Terminal recording stage excluded from Bernoulli complement product.
34,7,1,continue,bernoulli_full_event,45,4,41,0.381058909802035,0.978205348673268,0.372753863727955,full_event_available,0,1,,"8,14,19,23","0.22191,0.54218,0.46894,0.36592",paper_formula,Full Bernoulli event probability uses selected probabilities and non-selected complement probabilities.
34,7,2,continue,bernoulli_full_event,41,6,35,1,0.981469550385398,0.981469550385398,full_event_available,0,1,,"1,2,3,6,13,18","0.32143,0.040402,0.67055,0.49324,0.75484,0.42926",paper_formula,Full Bernoulli event probability uses selected probabilities and non-selected complement probabilities.
34,7,3,load_loss_threshold,bernoulli_full_event,26,0,26,NaN,NaN,1,terminal_stage_probability_one,1,0,,"","",,Terminal recording stage excluded from Bernoulli complement product.
34,8,1,continue,bernoulli_full_event,45,3,42,0.549137813180668,0.299406958212915,0.164415682284116,full_event_available,0,1,,"14,19,23","0.96746,0.2464,0.73622",paper_formula,Full Bernoulli event probability uses selected probabilities and non-selected complement probabilities.
34,8,2,continue,bernoulli_full_event,42,3,39,1,0.979467183588571,0.979467183588571,full_event_available,0,1,,"3,13,18","0.73422,0.084033,0.51493",paper_formula,Full Bernoulli event probability uses selected probabilities and non-selected complement probabilities.
34,8,3,continue,bernoulli_full_event,36,5,31,0.775221582577882,0.984039853826566,0.762848932803139,full_event_available,0,1,,"16,17,31,40,42","0.65824,0.83178,0.74925,0.78347,0.38736",paper_formula,Full Bernoulli event probability uses selected probabilities and non-selected complement probabilities.
34,8,4,load_loss_threshold,bernoulli_full_event,0,0,0,NaN,NaN,1,terminal_stage_probability_one,1,0,,"","",,Terminal recording stage excluded from Bernoulli complement product.
34,9,1,continue,bernoulli_full_event,45,3,42,0.549137813180668,0.299406958212915,0.164415682284116,full_event_available,0,1,,"14,19,23","0.55034,0.16122,0.15135",paper_formula,Full Bernoulli event probability uses selected probabilities and non-selected complement probabilities.
34,9,2,continue,bernoulli_full_event,42,3,39,1,0.979467183588571,0.979467183588571,full_event_available,0,1,,"3,13,18","0.87568,0.44032,0.42697",paper_formula,Full Bernoulli event probability uses selected probabilities and non-selected complement probabilities.
34,9,3,continue,bernoulli_full_event,36,5,31,0.775221582577882,0.984039853826566,0.762848932803139,full_event_available,0,1,,"16,17,31,40,42","0.51141,0.44131,0.73302,0.50906,0.11083",paper_formula,Full Bernoulli event probability uses selected probabilities and non-selected complement probabilities.
34,9,4,load_loss_threshold,bernoulli_full_event,0,0,0,NaN,NaN,1,terminal_stage_probability_one,1,0,,"","",,Terminal recording stage excluded from Bernoulli complement product.
34,10,1,continue,bernoulli_full_event,45,4,41,0.381058909802035,0.978205348673268,0.372753863727955,full_event_available,0,1,,"8,14,19,23","0.10516,0.4956,0.24881,0.028274",paper_formula,Full Bernoulli event probability uses selected probabilities and non-selected complement probabilities.
34,10,2,continue,bernoulli_full_event,41,6,35,1,0.981469550385398,0.981469550385398,full_event_available,0,1,,"1,2,3,6,13,18","0.0041856,0.4817,0.22341,0.23017,0.40795,0.62684",paper_formula,Full Bernoulli event probability uses selected probabilities and non-selected complement probabilities.
34,10,3,load_loss_threshold,bernoulli_full_event,26,0,26,NaN,NaN,1,terminal_stage_probability_one,1,0,,"","",,Terminal recording stage excluded from Bernoulli complement product.
35,1,1,continue,bernoulli_full_event,45,2,43,1,0.387956922082484,0.387956922082484,full_event_available,0,1,,"36,38","0.1651,0.78861",paper_formula,Full Bernoulli event probability uses selected probabilities and non-selected complement probabilities.
35,1,2,continue,bernoulli_full_event,41,7,34,0.323279002727985,0.982791731455786,0.317715930834337,full_event_available,0,1,,"8,10,14,19,20,23,24","0.60027,0.23126,0.10605,0.29422,0.23006,0.16853,0.83727",paper_formula,Full Bernoulli event probability uses selected probabilities and non-selected complement probabilities.
35,1,3,load_loss_threshold,bernoulli_full_event,34,0,34,NaN,NaN,1,terminal_stage_probability_one,1,0,,"","",,Terminal recording stage excluded from Bernoulli complement product.
35,2,1,continue,bernoulli_full_event,45,3,42,0.603561127373253,0.978604644675577,0.590647722593093,full_event_available,0,1,,"29,36,38","0.26607,0.68512,0.086086",paper_formula,Full Bernoulli event probability uses selected probabilities and non-selected complement probabilities.
35,2,2,continue,bernoulli_full_event,40,4,36,0.890694742906005,0.981679719554662,0.874376965424779,full_event_available,0,1,,"8,14,19,23","0.45661,0.0072734,0.38914,0.082501",paper_formula,Full Bernoulli event probability uses selected probabilities and non-selected complement probabilities.
35,2,3,continue,bernoulli_full_event,36,7,29,1,0.98507469701598,0.98507469701598,full_event_available,0,1,,"1,2,3,6,13,18,27","0.44327,0.94966,0.48226,0.80724,0.66945,0.23235,0.6888",paper_formula,Full Bernoulli event probability uses selected probabilities and non-selected complement probabilities.
35,2,4,load_loss_threshold,bernoulli_full_event,0,0,0,NaN,NaN,1,terminal_stage_probability_one,1,0,,"","",,Terminal recording stage excluded from Bernoulli complement product.
35,3,1,continue,bernoulli_full_event,45,3,42,0.603561127373253,0.978604644675577,0.590647722593093,full_event_available,0,1,,"29,36,38","0.37209,0.031821,0.22357",paper_formula,Full Bernoulli event probability uses selected probabilities and non-selected complement probabilities.
35,3,2,continue,bernoulli_full_event,40,4,36,0.890694742906005,0.981679719554662,0.874376965424779,full_event_available,0,1,,"8,14,19,23","0.59241,0.5521,0.033243,0.43744",paper_formula,Full Bernoulli event probability uses selected probabilities and non-selected complement probabilities.
35,3,3,continue,bernoulli_full_event,36,7,29,1,0.98507469701598,0.98507469701598,full_event_available,0,1,,"1,2,3,6,13,18,27","0.27299,0.21033,0.13055,0.014903,0.53725,0.21131,0.97642",paper_formula,Full Bernoulli event probability uses selected probabilities and non-selected complement probabilities.
35,3,4,load_loss_threshold,bernoulli_full_event,0,0,0,NaN,NaN,1,terminal_stage_probability_one,1,0,,"","",,Terminal recording stage excluded from Bernoulli complement product.
35,4,1,continue,bernoulli_full_event,45,2,43,1,0.387956922082484,0.387956922082484,full_event_available,0,1,,"36,38","0.027258,0.81949",paper_formula,Full Bernoulli event probability uses selected probabilities and non-selected complement probabilities.
35,4,2,continue,bernoulli_full_event,41,7,34,0.323279002727985,0.982791731455786,0.317715930834337,full_event_available,0,1,,"8,10,14,19,20,23,24","0.49246,0.15595,0.27493,0.91238,0.017134,0.4467,0.68892",paper_formula,Full Bernoulli event probability uses selected probabilities and non-selected complement probabilities.
35,4,3,load_loss_threshold,bernoulli_full_event,34,0,34,NaN,NaN,1,terminal_stage_probability_one,1,0,,"","",,Terminal recording stage excluded from Bernoulli complement product.
35,5,1,continue,bernoulli_full_event,45,3,42,0.603561127373253,0.978604644675577,0.590647722593093,full_event_available,0,1,,"29,36,38","0.34912,0.54554,0.84843",paper_formula,Full Bernoulli event probability uses selected probabilities and non-selected complement probabilities.
35,5,2,continue,bernoulli_full_event,40,4,36,0.890694742906005,0.981679719554662,0.874376965424779,full_event_available,0,1,,"8,14,19,23","0.95784,0.31875,0.7124,0.51986",paper_formula,Full Bernoulli event probability uses selected probabilities and non-selected complement probabilities.
35,5,3,continue,bernoulli_full_event,36,7,29,1,0.98507469701598,0.98507469701598,full_event_available,0,1,,"1,2,3,6,13,18,27","0.98374,0.11128,0.84148,0.24702,0.32733,0.19071,0.72697",paper_formula,Full Bernoulli event probability uses selected probabilities and non-selected complement probabilities.
35,5,4,load_loss_threshold,bernoulli_full_event,0,0,0,NaN,NaN,1,terminal_stage_probability_one,1,0,,"","",,Terminal recording stage excluded from Bernoulli complement product.
35,6,1,continue,bernoulli_full_event,45,2,43,1,0.387956922082484,0.387956922082484,full_event_available,0,1,,"36,38","0.85167,0.48746",paper_formula,Full Bernoulli event probability uses selected probabilities and non-selected complement probabilities.
35,6,2,continue,bernoulli_full_event,41,6,35,0.996684192798268,0.664018811076338,0.661817052720486,full_event_available,0,1,,"8,10,14,19,23,24","0.57388,0.89311,0.39059,0.062779,0.0069414,0.67023",paper_formula,Full Bernoulli event probability uses selected probabilities and non-selected complement probabilities.
35,6,3,continue,bernoulli_full_event,35,9,26,0.992070436705949,0.986483464455062,0.978661081385131,full_event_available,0,1,,"1,2,3,6,7,13,18,26,27","0.90513,0.85723,0.13064,0.36848,0.027499,0.84881,0.5228,0.25949,0.49552",paper_formula,Full Bernoulli event probability uses selected probabilities and non-selected complement probabilities.
35,6,4,load_loss_threshold,bernoulli_full_event,5,0,5,NaN,NaN,1,terminal_stage_probability_one,1,0,,"","",,Terminal recording stage excluded from Bernoulli complement product.
35,7,1,continue,bernoulli_full_event,45,3,42,0.603561127373253,0.978604644675577,0.590647722593093,full_event_available,0,1,,"29,36,38","0.26093,0.16225,0.90092",paper_formula,Full Bernoulli event probability uses selected probabilities and non-selected complement probabilities.
35,7,2,continue,bernoulli_full_event,40,4,36,0.890694742906005,0.981679719554662,0.874376965424779,full_event_available,0,1,,"8,14,19,23","0.73821,0.8319,0.81314,0.84239",paper_formula,Full Bernoulli event probability uses selected probabilities and non-selected complement probabilities.
35,7,3,continue,bernoulli_full_event,36,7,29,1,0.98507469701598,0.98507469701598,full_event_available,0,1,,"1,2,3,6,13,18,27","0.99835,0.37413,0.91261,0.7172,0.51494,0.20082,0.16098",paper_formula,Full Bernoulli event probability uses selected probabilities and non-selected complement probabilities.
35,7,4,load_loss_threshold,bernoulli_full_event,0,0,0,NaN,NaN,1,terminal_stage_probability_one,1,0,,"","",,Terminal recording stage excluded from Bernoulli complement product.
35,8,1,continue,bernoulli_full_event,45,2,43,1,0.387956922082484,0.387956922082484,full_event_available,0,1,,"36,38","0.12632,0.96283",paper_formula,Full Bernoulli event probability uses selected probabilities and non-selected complement probabilities.
35,8,2,continue,bernoulli_full_event,41,7,34,0.323279002727985,0.982791731455786,0.317715930834337,full_event_available,0,1,,"8,10,14,19,20,23,24","0.74831,0.57995,0.38719,0.44742,0.080545,0.22171,0.91646",paper_formula,Full Bernoulli event probability uses selected probabilities and non-selected complement probabilities.
35,8,3,load_loss_threshold,bernoulli_full_event,34,0,34,NaN,NaN,1,terminal_stage_probability_one,1,0,,"","",,Terminal recording stage excluded from Bernoulli complement product.
35,9,1,continue,bernoulli_full_event,45,3,42,0.603561127373253,0.978604644675577,0.590647722593093,full_event_available,0,1,,"29,36,38","0.5228,0.76139,0.60183",paper_formula,Full Bernoulli event probability uses selected probabilities and non-selected complement probabilities.
35,9,2,continue,bernoulli_full_event,40,4,36,0.890694742906005,0.981679719554662,0.874376965424779,full_event_available,0,1,,"8,14,19,23","0.97932,0.3315,0.80153,0.32407",paper_formula,Full Bernoulli event probability uses selected probabilities and non-selected complement probabilities.
35,9,3,continue,bernoulli_full_event,36,7,29,1,0.98507469701598,0.98507469701598,full_event_available,0,1,,"1,2,3,6,13,18,27","0.22411,0.5135,0.96603,0.21568,0.13622,0.081357,0.30976",paper_formula,Full Bernoulli event probability uses selected probabilities and non-selected complement probabilities.
35,9,4,load_loss_threshold,bernoulli_full_event,0,0,0,NaN,NaN,1,terminal_stage_probability_one,1,0,,"","",,Terminal recording stage excluded from Bernoulli complement product.
35,10,1,continue,bernoulli_full_event,45,3,42,0.603561127373253,0.978604644675577,0.590647722593093,full_event_available,0,1,,"29,36,38","0.38134,0.62441,0.58591",paper_formula,Full Bernoulli event probability uses selected probabilities and non-selected complement probabilities.
35,10,2,continue,bernoulli_full_event,40,3,37,0.981629941991351,0.0909398103267477,0.0892692407357498,full_event_available,0,1,,"8,14,23","0.3071,0.69657,0.78734",paper_formula,Full Bernoulli event probability uses selected probabilities and non-selected complement probabilities.
35,10,3,continue,bernoulli_full_event,37,7,30,0.807899107573107,0.984291707431085,0.795208392025184,full_event_available,0,1,,"1,2,3,6,13,18,27","0.70188,0.82129,0.05692,0.47589,0.82167,0.24845,0.87222",paper_formula,Full Bernoulli event probability uses selected probabilities and non-selected complement probabilities.
35,10,4,load_loss_threshold,bernoulli_full_event,0,0,0,NaN,NaN,1,terminal_stage_probability_one,1,0,,"","",,Terminal recording stage excluded from Bernoulli complement product.
36,1,1,no_new_outage,bernoulli_full_event,45,0,45,1,0.976823995504477,0.976823995504477,full_event_available,1,1,,"","",paper_formula,Full Bernoulli event probability uses selected probabilities and non-selected complement probabilities.
36,2,1,no_new_outage,bernoulli_full_event,45,0,45,1,0.976823995504477,0.976823995504477,full_event_available,1,1,,"","",paper_formula,Full Bernoulli event probability uses selected probabilities and non-selected complement probabilities.
36,3,1,no_new_outage,bernoulli_full_event,45,0,45,1,0.976823995504477,0.976823995504477,full_event_available,1,1,,"","",paper_formula,Full Bernoulli event probability uses selected probabilities and non-selected complement probabilities.
36,4,1,no_new_outage,bernoulli_full_event,45,0,45,1,0.976823995504477,0.976823995504477,full_event_available,1,1,,"","",paper_formula,Full Bernoulli event probability uses selected probabilities and non-selected complement probabilities.
36,5,1,no_new_outage,bernoulli_full_event,45,0,45,1,0.976823995504477,0.976823995504477,full_event_available,1,1,,"","",paper_formula,Full Bernoulli event probability uses selected probabilities and non-selected complement probabilities.
36,6,1,no_new_outage,bernoulli_full_event,45,0,45,1,0.976823995504477,0.976823995504477,full_event_available,1,1,,"","",paper_formula,Full Bernoulli event probability uses selected probabilities and non-selected complement probabilities.
36,7,1,no_new_outage,bernoulli_full_event,45,0,45,1,0.976823995504477,0.976823995504477,full_event_available,1,1,,"","",paper_formula,Full Bernoulli event probability uses selected probabilities and non-selected complement probabilities.
36,8,1,no_new_outage,bernoulli_full_event,45,0,45,1,0.976823995504477,0.976823995504477,full_event_available,1,1,,"","",paper_formula,Full Bernoulli event probability uses selected probabilities and non-selected complement probabilities.
36,9,1,no_new_outage,bernoulli_full_event,45,0,45,1,0.976823995504477,0.976823995504477,full_event_available,1,1,,"","",paper_formula,Full Bernoulli event probability uses selected probabilities and non-selected complement probabilities.
36,10,1,no_new_outage,bernoulli_full_event,45,0,45,1,0.976823995504477,0.976823995504477,full_event_available,1,1,,"","",paper_formula,Full Bernoulli event probability uses selected probabilities and non-selected complement probabilities.
37,1,1,continue,bernoulli_full_event,45,4,41,0.745112899114556,0.978672144936242,0.729221239196105,full_event_available,0,1,,"8,14,19,23","0.74962,0.10615,0.53377,0.41663",paper_formula,Full Bernoulli event probability uses selected probabilities and non-selected complement probabilities.
37,1,2,continue,bernoulli_full_event,41,7,34,0.640614404264623,0.982056721196599,0.629119681403428,full_event_available,0,1,,"1,2,3,6,13,18,27","0.57925,0.25139,0.66291,0.1088,0.86102,0.59077,0.45704",paper_formula,Full Bernoulli event probability uses selected probabilities and non-selected complement probabilities.
37,1,3,load_loss_threshold,bernoulli_full_event,0,0,0,NaN,NaN,1,terminal_stage_probability_one,1,0,,"","",,Terminal recording stage excluded from Bernoulli complement product.
37,2,1,continue,bernoulli_full_event,45,4,41,0.745112899114556,0.978672144936242,0.729221239196105,full_event_available,0,1,,"8,14,19,23","0.45372,0.67993,0.51934,0.43883",paper_formula,Full Bernoulli event probability uses selected probabilities and non-selected complement probabilities.
37,2,2,continue,bernoulli_full_event,41,7,34,0.640614404264623,0.982056721196599,0.629119681403428,full_event_available,0,1,,"1,2,3,6,13,18,27","0.09081,0.45888,0.093638,0.19078,0.72529,0.49477,0.56296",paper_formula,Full Bernoulli event probability uses selected probabilities and non-selected complement probabilities.
37,2,3,load_loss_threshold,bernoulli_full_event,0,0,0,NaN,NaN,1,terminal_stage_probability_one,1,0,,"","",,Terminal recording stage excluded from Bernoulli complement product.
37,3,1,continue,bernoulli_full_event,45,4,41,0.745112899114556,0.978672144936242,0.729221239196105,full_event_available,0,1,,"8,14,19,23","0.45055,0.11238,0.53725,0.55211",paper_formula,Full Bernoulli event probability uses selected probabilities and non-selected complement probabilities.
37,3,2,continue,bernoulli_full_event,41,7,34,0.640614404264623,0.982056721196599,0.629119681403428,full_event_available,0,1,,"1,2,3,6,13,18,27","0.68953,0.8109,0.84361,0.89189,0.2994,0.26246,0.62234",paper_formula,Full Bernoulli event probability uses selected probabilities and non-selected complement probabilities.
37,3,3,load_loss_threshold,bernoulli_full_event,0,0,0,NaN,NaN,1,terminal_stage_probability_one,1,0,,"","",,Terminal recording stage excluded from Bernoulli complement product.
37,4,1,continue,bernoulli_full_event,45,3,42,0.923211622616349,0.188797731170179,0.174300259739906,full_event_available,0,1,,"8,14,23","0.51398,0.099913,0.46372",paper_formula,Full Bernoulli event probability uses selected probabilities and non-selected complement probabilities.
37,4,2,continue,bernoulli_full_event,42,6,36,0.807899107573107,0.352656506725863,0.284910877063674,full_event_available,0,1,,"1,2,3,6,13,18","0.046343,0.88715,0.22899,0.2106,0.62528,0.80539",paper_formula,Full Bernoulli event probability uses selected probabilities and non-selected complement probabilities.
37,4,3,load_loss_threshold,bernoulli_full_event,26,0,26,NaN,NaN,1,terminal_stage_probability_one,1,0,,"","",,Terminal recording stage excluded from Bernoulli complement product.
37,5,1,continue,bernoulli_full_event,45,3,42,0.80707428018118,0.075135435734703,0.0606398777116848,full_event_available,0,1,,"14,19,23","0.46213,0.78241,0.33624",paper_formula,Full Bernoulli event probability uses selected probabilities and non-selected complement probabilities.
37,5,2,continue,bernoulli_full_event,42,3,39,1,0.979934581994872,0.979934581994872,full_event_available,0,1,,"3,13,18","0.34569,0.71722,0.70652",paper_formula,Full Bernoulli event probability uses selected probabilities and non-selected complement probabilities.
37,5,3,continue,bernoulli_full_event,36,6,30,1,0.744438587495767,0.744438587495767,full_event_available,0,1,,"16,17,27,31,40,42","0.12187,0.99635,0.47558,0.15651,0.79923,0.4273",paper_formula,Full Bernoulli event probability uses selected probabilities and non-selected complement probabilities.
37,5,4,load_loss_threshold,bernoulli_full_event,0,0,0,NaN,NaN,1,terminal_stage_probability_one,1,0,,"","",,Terminal recording stage excluded from Bernoulli complement product.
37,6,1,continue,bernoulli_full_event,45,3,42,0.80707428018118,0.075135435734703,0.0606398777116848,full_event_available,0,1,,"14,19,23","0.78533,0.6257,0.57887",paper_formula,Full Bernoulli event probability uses selected probabilities and non-selected complement probabilities.
37,6,2,continue,bernoulli_full_event,42,3,39,1,0.979934581994872,0.979934581994872,full_event_available,0,1,,"3,13,18","0.48198,0.90846,0.36218",paper_formula,Full Bernoulli event probability uses selected probabilities and non-selected complement probabilities.
37,6,3,continue,bernoulli_full_event,36,7,29,0.244359217034897,0.985175237067832,0.240736649572065,full_event_available,0,1,,"4,16,17,27,31,40,42","0.058828,0.94812,0.97811,0.050267,0.9585,0.92861,0.20488",paper_formula,Full Bernoulli event probability uses selected probabilities and non-selected complement probabilities.
37,6,4,load_loss_threshold,bernoulli_full_event,0,0,0,NaN,NaN,1,terminal_stage_probability_one,1,0,,"","",,Terminal recording stage excluded from Bernoulli complement product.
37,7,1,continue,bernoulli_full_event,45,4,41,0.745112899114556,0.978672144936242,0.729221239196105,full_event_available,0,1,,"8,14,19,23","0.79771,0.062962,0.36997,0.15513",paper_formula,Full Bernoulli event probability uses selected probabilities and non-selected complement probabilities.
37,7,2,continue,bernoulli_full_event,41,7,34,0.640614404264623,0.982056721196599,0.629119681403428,full_event_available,0,1,,"1,2,3,6,13,18,27","0.38988,0.83374,0.45891,0.80436,0.59483,0.88381,0.16935",paper_formula,Full Bernoulli event probability uses selected probabilities and non-selected complement probabilities.
37,7,3,load_loss_threshold,bernoulli_full_event,0,0,0,NaN,NaN,1,terminal_stage_probability_one,1,0,,"","",,Terminal recording stage excluded from Bernoulli complement product.
37,8,1,continue,bernoulli_full_event,45,4,41,0.745112899114556,0.978672144936242,0.729221239196105,full_event_available,0,1,,"8,14,19,23","0.028193,0.98468,0.31556,0.67999",paper_formula,Full Bernoulli event probability uses selected probabilities and non-selected complement probabilities.
37,8,2,continue,bernoulli_full_event,41,7,34,0.640614404264623,0.982056721196599,0.629119681403428,full_event_available,0,1,,"1,2,3,6,13,18,27","0.4248,0.79834,0.74255,0.25015,0.50385,0.3185,0.074118",paper_formula,Full Bernoulli event probability uses selected probabilities and non-selected complement probabilities.
37,8,3,load_loss_threshold,bernoulli_full_event,0,0,0,NaN,NaN,1,terminal_stage_probability_one,1,0,,"","",,Terminal recording stage excluded from Bernoulli complement product.
37,9,1,continue,bernoulli_full_event,45,4,41,0.745112899114556,0.978672144936242,0.729221239196105,full_event_available,0,1,,"8,14,19,23","0.022754,0.18211,0.61529,0.37133",paper_formula,Full Bernoulli event probability uses selected probabilities and non-selected complement probabilities.
37,9,2,continue,bernoulli_full_event,41,6,35,1,0.352937039793171,0.352937039793171,full_event_available,0,1,,"1,2,3,6,13,18","0.67353,0.74863,0.71882,0.64516,0.47643,0.041323",paper_formula,Full Bernoulli event probability uses selected probabilities and non-selected complement probabilities.
37,9,3,load_loss_threshold,bernoulli_full_event,26,0,26,NaN,NaN,1,terminal_stage_probability_one,1,0,,"","",,Terminal recording stage excluded from Bernoulli complement product.
37,10,1,continue,bernoulli_full_event,45,3,42,0.923211622616349,0.188797731170179,0.174300259739906,full_event_available,0,1,,"8,14,23","0.6824,0.62169,0.61123",paper_formula,Full Bernoulli event probability uses selected probabilities and non-selected complement probabilities.
37,10,2,continue,bernoulli_full_event,42,6,36,0.807899107573107,0.352656506725863,0.284910877063674,full_event_available,0,1,,"1,2,3,6,13,18","0.088447,0.37906,0.14404,0.29264,0.13805,0.63663",paper_formula,Full Bernoulli event probability uses selected probabilities and non-selected complement probabilities.
37,10,3,load_loss_threshold,bernoulli_full_event,26,0,26,NaN,NaN,1,terminal_stage_probability_one,1,0,,"","",,Terminal recording stage excluded from Bernoulli complement product.
38,1,1,continue,bernoulli_full_event,45,2,43,0.999929036381142,0.977803329566138,0.97773394110334,full_event_available,0,1,,"28,35","0.2835,0.92849",paper_formula,Full Bernoulli event probability uses selected probabilities and non-selected complement probabilities.
38,1,2,continue,bernoulli_full_event,40,4,36,0.999955118397481,0.981554998464346,0.981510944703054,full_event_available,0,1,,"8,14,19,23","0.71183,0.91278,0.30648,0.31807",paper_formula,Full Bernoulli event probability uses selected probabilities and non-selected complement probabilities.
38,1,3,continue,bernoulli_full_event,36,7,29,0.969105990540344,0.831812515437359,0.806114491716777,full_event_available,0,1,,"1,2,3,6,13,18,27","0.11467,0.24124,0.21868,0.48319,0.58382,0.06219,0.28151",paper_formula,Full Bernoulli event probability uses selected probabilities and non-selected complement probabilities.
38,1,4,load_loss_threshold,bernoulli_full_event,0,0,0,NaN,NaN,1,terminal_stage_probability_one,1,0,,"","",,Terminal recording stage excluded from Bernoulli complement product.
38,2,1,continue,bernoulli_full_event,45,2,43,0.999929036381142,0.977803329566138,0.97773394110334,full_event_available,0,1,,"28,35","0.97405,0.99127",paper_formula,Full Bernoulli event probability uses selected probabilities and non-selected complement probabilities.
38,2,2,continue,bernoulli_full_event,40,4,36,0.999955118397481,0.981554998464346,0.981510944703054,full_event_available,0,1,,"8,14,19,23","0.14025,0.38589,0.04381,0.34448",paper_formula,Full Bernoulli event probability uses selected probabilities and non-selected complement probabilities.
38,2,3,continue,bernoulli_full_event,36,7,29,0.969105990540344,0.831812515437359,0.806114491716777,full_event_available,0,1,,"1,2,3,6,13,18,27","0.59072,0.52356,0.27748,0.78779,0.44889,0.53267,0.24879",paper_formula,Full Bernoulli event probability uses selected probabilities and non-selected complement probabilities.
38,2,4,load_loss_threshold,bernoulli_full_event,0,0,0,NaN,NaN,1,terminal_stage_probability_one,1,0,,"","",,Terminal recording stage excluded from Bernoulli complement product.
38,3,1,continue,bernoulli_full_event,45,2,43,0.999929036381142,0.977803329566138,0.97773394110334,full_event_available,0,1,,"28,35","0.73487,0.58703",paper_formula,Full Bernoulli event probability uses selected probabilities and non-selected complement probabilities.
38,3,2,continue,bernoulli_full_event,40,4,36,0.999955118397481,0.981554998464346,0.981510944703054,full_event_available,0,1,,"8,14,19,23","0.27912,0.57149,0.27684,0.0006059",paper_formula,Full Bernoulli event probability uses selected probabilities and non-selected complement probabilities.
38,3,3,continue,bernoulli_full_event,36,7,29,0.969105990540344,0.831812515437359,0.806114491716777,full_event_available,0,1,,"1,2,3,6,13,18,27","0.51792,0.91258,0.5242,0.11954,0.21836,0.66454,0.40354",paper_formula,Full Bernoulli event probability uses selected probabilities and non-selected complement probabilities.
38,3,4,load_loss_threshold,bernoulli_full_event,0,0,0,NaN,NaN,1,terminal_stage_probability_one,1,0,,"","",,Terminal recording stage excluded from Bernoulli complement product.
38,4,1,continue,bernoulli_full_event,45,2,43,0.999929036381142,0.977803329566138,0.97773394110334,full_event_available,0,1,,"28,35","0.31654,0.55686",paper_formula,Full Bernoulli event probability uses selected probabilities and non-selected complement probabilities.
38,4,2,continue,bernoulli_full_event,40,4,36,0.999955118397481,0.981554998464346,0.981510944703054,full_event_available,0,1,,"8,14,19,23","0.16624,0.38213,0.73415,0.50074",paper_formula,Full Bernoulli event probability uses selected probabilities and non-selected complement probabilities.
38,4,3,continue,bernoulli_full_event,36,7,29,0.969105990540344,0.831812515437359,0.806114491716777,full_event_available,0,1,,"1,2,3,6,13,18,27","0.82606,0.9234,0.68754,0.84593,0.73236,0.43948,0.69576",paper_formula,Full Bernoulli event probability uses selected probabilities and non-selected complement probabilities.
38,4,4,load_loss_threshold,bernoulli_full_event,0,0,0,NaN,NaN,1,terminal_stage_probability_one,1,0,,"","",,Terminal recording stage excluded from Bernoulli complement product.
38,5,1,continue,bernoulli_full_event,45,2,43,0.999929036381142,0.977803329566138,0.97773394110334,full_event_available,0,1,,"28,35","0.95823,0.010079",paper_formula,Full Bernoulli event probability uses selected probabilities and non-selected complement probabilities.
38,5,2,continue,bernoulli_full_event,40,4,36,0.999955118397481,0.981554998464346,0.981510944703054,full_event_available,0,1,,"8,14,19,23","0.030441,0.91683,0.15268,0.65015",paper_formula,Full Bernoulli event probability uses selected probabilities and non-selected complement probabilities.
38,5,3,continue,bernoulli_full_event,36,7,29,0.969105990540344,0.831812515437359,0.806114491716777,full_event_available,0,1,,"1,2,3,6,13,18,27","0.9342,0.81521,0.55106,0.25895,0.1818,0.40427,0.78257",paper_formula,Full Bernoulli event probability uses selected probabilities and non-selected complement probabilities.
38,5,4,load_loss_threshold,bernoulli_full_event,0,0,0,NaN,NaN,1,terminal_stage_probability_one,1,0,,"","",,Terminal recording stage excluded from Bernoulli complement product.
38,6,1,continue,bernoulli_full_event,45,2,43,0.999929036381142,0.977803329566138,0.97773394110334,full_event_available,0,1,,"28,35","0.64643,0.26764",paper_formula,Full Bernoulli event probability uses selected probabilities and non-selected complement probabilities.
38,6,2,continue,bernoulli_full_event,40,4,36,0.999955118397481,0.981554998464346,0.981510944703054,full_event_available,0,1,,"8,14,19,23","0.47194,0.71215,0.67175,0.021822",paper_formula,Full Bernoulli event probability uses selected probabilities and non-selected complement probabilities.
38,6,3,continue,bernoulli_full_event,36,8,28,0.000537757887569349,0.832274345307548,0.00044756209381075,full_event_available,0,1,,"1,2,3,4,6,13,18,27","0.18698,0.82419,0.5229,0.00045671,0.66204,0.92926,0.71378,0.67006",paper_formula,Full Bernoulli event probability uses selected probabilities and non-selected complement probabilities.
38,6,4,load_loss_threshold,bernoulli_full_event,0,0,0,NaN,NaN,1,terminal_stage_probability_one,1,0,,"","",,Terminal recording stage excluded from Bernoulli complement product.
38,7,1,continue,bernoulli_full_event,45,2,43,0.999929036381142,0.977803329566138,0.97773394110334,full_event_available,0,1,,"28,35","0.81828,0.11862",paper_formula,Full Bernoulli event probability uses selected probabilities and non-selected complement probabilities.
38,7,2,continue,bernoulli_full_event,40,4,36,0.999955118397481,0.981554998464346,0.981510944703054,full_event_available,0,1,,"8,14,19,23","0.33414,0.819,0.1905,0.077565",paper_formula,Full Bernoulli event probability uses selected probabilities and non-selected complement probabilities.
38,7,3,continue,bernoulli_full_event,36,7,29,0.969105990540344,0.831812515437359,0.806114491716777,full_event_available,0,1,,"1,2,3,6,13,18,27","0.69333,0.21793,0.060378,0.22504,0.2625,0.9902,0.52032",paper_formula,Full Bernoulli event probability uses selected probabilities and non-selected complement probabilities.
38,7,4,load_loss_threshold,bernoulli_full_event,0,0,0,NaN,NaN,1,terminal_stage_probability_one,1,0,,"","",,Terminal recording stage excluded from Bernoulli complement product.
38,8,1,continue,bernoulli_full_event,45,2,43,0.999929036381142,0.977803329566138,0.97773394110334,full_event_available,0,1,,"28,35","0.11029,0.039656",paper_formula,Full Bernoulli event probability uses selected probabilities and non-selected complement probabilities.
38,8,2,continue,bernoulli_full_event,40,4,36,0.999955118397481,0.981554998464346,0.981510944703054,full_event_available,0,1,,"8,14,19,23","0.10418,0.54609,0.8098,0.62674",paper_formula,Full Bernoulli event probability uses selected probabilities and non-selected complement probabilities.
38,8,3,continue,bernoulli_full_event,36,7,29,0.969105990540344,0.831812515437359,0.806114491716777,full_event_available,0,1,,"1,2,3,6,13,18,27","0.67534,0.70079,0.86811,0.86685,0.94534,0.43739,0.74419",paper_formula,Full Bernoulli event probability uses selected probabilities and non-selected complement probabilities.
38,8,4,load_loss_threshold,bernoulli_full_event,0,0,0,NaN,NaN,1,terminal_stage_probability_one,1,0,,"","",,Terminal recording stage excluded from Bernoulli complement product.
38,9,1,continue,bernoulli_full_event,45,2,43,0.999929036381142,0.977803329566138,0.97773394110334,full_event_available,0,1,,"28,35","0.68046,0.99532",paper_formula,Full Bernoulli event probability uses selected probabilities and non-selected complement probabilities.
38,9,2,continue,bernoulli_full_event,40,4,36,0.999955118397481,0.981554998464346,0.981510944703054,full_event_available,0,1,,"8,14,19,23","0.31814,0.70399,0.04912,0.72081",paper_formula,Full Bernoulli event probability uses selected probabilities and non-selected complement probabilities.
38,9,3,continue,bernoulli_full_event,36,8,28,0.151118868377429,0.985485553348634,0.14892546162435,full_event_available,0,1,,"1,2,3,6,7,13,18,27","0.59948,0.33361,0.90925,0.56497,0.12813,0.60331,0.80057,0.4215",paper_formula,Full Bernoulli event probability uses selected probabilities and non-selected complement probabilities.
38,9,4,load_loss_threshold,bernoulli_full_event,0,0,0,NaN,NaN,1,terminal_stage_probability_one,1,0,,"","",,Terminal recording stage excluded from Bernoulli complement product.
38,10,1,continue,bernoulli_full_event,45,2,43,0.999929036381142,0.977803329566138,0.97773394110334,full_event_available,0,1,,"28,35","0.47315,0.49766",paper_formula,Full Bernoulli event probability uses selected probabilities and non-selected complement probabilities.
38,10,2,continue,bernoulli_full_event,40,4,36,0.999955118397481,0.981554998464346,0.981510944703054,full_event_available,0,1,,"8,14,19,23","0.52439,0.051461,0.65443,0.23008",paper_formula,Full Bernoulli event probability uses selected probabilities and non-selected complement probabilities.
38,10,3,continue,bernoulli_full_event,36,6,30,1,0.0256980237205819,0.0256980237205819,full_event_available,0,1,,"1,2,3,6,13,18","0.21879,0.70123,0.7364,0.75255,0.30659,0.20228",paper_formula,Full Bernoulli event probability uses selected probabilities and non-selected complement probabilities.
38,10,4,load_loss_threshold,bernoulli_full_event,21,0,21,NaN,NaN,1,terminal_stage_probability_one,1,0,,"","",,Terminal recording stage excluded from Bernoulli complement product.
39,1,1,continue,bernoulli_full_event,45,4,41,0.428540806282537,0.978616340814522,0.419377035733921,full_event_available,0,1,,"8,14,19,23","0.46602,0.15229,0.31892,0.37057",paper_formula,Full Bernoulli event probability uses selected probabilities and non-selected complement probabilities.
39,1,2,continue,bernoulli_full_event,41,6,35,1,0.981881913978211,0.981881913978211,full_event_available,0,1,,"1,2,3,6,13,18","0.64796,0.40612,0.77138,0.092662,0.8289,0.18234",paper_formula,Full Bernoulli event probability uses selected probabilities and non-selected complement probabilities.
39,1,3,load_loss_threshold,bernoulli_full_event,26,0,26,NaN,NaN,1,terminal_stage_probability_one,1,0,,"","",,Terminal recording stage excluded from Bernoulli complement product.
39,2,1,continue,bernoulli_full_event,45,4,41,0.428540806282537,0.978616340814522,0.419377035733921,full_event_available,0,1,,"8,14,19,23","0.17918,0.60408,0.10837,0.84486",paper_formula,Full Bernoulli event probability uses selected probabilities and non-selected complement probabilities.
39,2,2,continue,bernoulli_full_event,41,6,35,1,0.981881913978211,0.981881913978211,full_event_available,0,1,,"1,2,3,6,13,18","0.29255,0.28894,0.49013,0.80335,0.17197,0.06787",paper_formula,Full Bernoulli event probability uses selected probabilities and non-selected complement probabilities.
39,2,3,load_loss_threshold,bernoulli_full_event,26,0,26,NaN,NaN,1,terminal_stage_probability_one,1,0,,"","",,Terminal recording stage excluded from Bernoulli complement product.
39,3,1,continue,bernoulli_full_event,45,3,42,0.663320082560646,0.346377024141069,0.229758836250364,full_event_available,0,1,,"8,14,23","0.15904,0.63384,0.65292",paper_formula,Full Bernoulli event probability uses selected probabilities and non-selected complement probabilities.
39,3,2,continue,bernoulli_full_event,42,5,37,1,0.188470466447417,0.188470466447417,full_event_available,0,1,,"1,2,3,6,13","0.030584,0.1998,0.56039,0.64529,0.32265",paper_formula,Full Bernoulli event probability uses selected probabilities and non-selected complement probabilities.
39,3,3,load_loss_threshold,bernoulli_full_event,26,0,26,NaN,NaN,1,terminal_stage_probability_one,1,0,,"","",,Terminal recording stage excluded from Bernoulli complement product.
39,4,1,continue,bernoulli_full_event,45,3,42,0.663320082560646,0.346377024141069,0.229758836250364,full_event_available,0,1,,"8,14,23","0.44128,0.34045,0.79448",paper_formula,Full Bernoulli event probability uses selected probabilities and non-selected complement probabilities.
39,4,2,continue,bernoulli_full_event,42,6,36,0.807899107573047,0.981101462186514,0.792630995739096,full_event_available,0,1,,"1,2,3,6,13,18","0.16103,0.99954,0.22562,0.96545,0.06094,0.22323",paper_formula,Full Bernoulli event probability uses selected probabilities and non-selected complement probabilities.
39,4,3,load_loss_threshold,bernoulli_full_event,26,0,26,NaN,NaN,1,terminal_stage_probability_one,1,0,,"","",,Terminal recording stage excluded from Bernoulli complement product.
39,5,1,continue,bernoulli_full_event,45,4,41,0.428540806282537,0.978616340814522,0.419377035733921,full_event_available,0,1,,"8,14,19,23","0.11488,0.6746,0.1419,0.6395",paper_formula,Full Bernoulli event probability uses selected probabilities and non-selected complement probabilities.
39,5,2,continue,bernoulli_full_event,41,6,35,1,0.981881913978211,0.981881913978211,full_event_available,0,1,,"1,2,3,6,13,18","0.59584,0.957,0.58266,0.95284,0.091,0.12137",paper_formula,Full Bernoulli event probability uses selected probabilities and non-selected complement probabilities.
39,5,3,load_loss_threshold,bernoulli_full_event,26,0,26,NaN,NaN,1,terminal_stage_probability_one,1,0,,"","",,Terminal recording stage excluded from Bernoulli complement product.
39,6,1,continue,bernoulli_full_event,45,4,41,0.428540806282537,0.978616340814522,0.419377035733921,full_event_available,0,1,,"8,14,19,23","0.42561,0.7887,0.19505,0.64115",paper_formula,Full Bernoulli event probability uses selected probabilities and non-selected complement probabilities.
39,6,2,continue,bernoulli_full_event,41,6,35,1,0.981881913978211,0.981881913978211,full_event_available,0,1,,"1,2,3,6,13,18","0.82777,0.14189,0.21895,0.27521,0.8772,0.61328",paper_formula,Full Bernoulli event probability uses selected probabilities and non-selected complement probabilities.
39,6,3,load_loss_threshold,bernoulli_full_event,26,0,26,NaN,NaN,1,terminal_stage_probability_one,1,0,,"","",,Terminal recording stage excluded from Bernoulli complement product.
39,7,1,continue,bernoulli_full_event,45,4,41,0.428540806282537,0.978616340814522,0.419377035733921,full_event_available,0,1,,"8,14,19,23","0.46717,0.11856,0.25251,0.11036",paper_formula,Full Bernoulli event probability uses selected probabilities and non-selected complement probabilities.
39,7,2,continue,bernoulli_full_event,41,6,35,1,0.981881913978211,0.981881913978211,full_event_available,0,1,,"1,2,3,6,13,18","0.82274,0.58352,0.44226,0.11616,0.12817,0.091832",paper_formula,Full Bernoulli event probability uses selected probabilities and non-selected complement probabilities.
39,7,3,load_loss_threshold,bernoulli_full_event,26,0,26,NaN,NaN,1,terminal_stage_probability_one,1,0,,"","",,Terminal recording stage excluded from Bernoulli complement product.
39,8,1,continue,bernoulli_full_event,45,3,42,0.663320082560646,0.346377024141069,0.229758836250364,full_event_available,0,1,,"8,14,23","0.32919,0.57247,0.59306",paper_formula,Full Bernoulli event probability uses selected probabilities and non-selected complement probabilities.
39,8,2,continue,bernoulli_full_event,42,6,36,0.807899107573047,0.981101462186514,0.792630995739096,full_event_available,0,1,,"1,2,3,6,13,18","0.8536,0.090168,0.36282,0.80578,0.34275,0.45802",paper_formula,Full Bernoulli event probability uses selected probabilities and non-selected complement probabilities.
39,8,3,load_loss_threshold,bernoulli_full_event,26,0,26,NaN,NaN,1,terminal_stage_probability_one,1,0,,"","",,Terminal recording stage excluded from Bernoulli complement product.
39,9,1,continue,bernoulli_full_event,45,4,41,0.428540806282537,0.978616340814522,0.419377035733921,full_event_available,0,1,,"8,14,19,23","0.62234,0.58825,0.51454,0.13191",paper_formula,Full Bernoulli event probability uses selected probabilities and non-selected complement probabilities.
39,9,2,continue,bernoulli_full_event,41,6,35,1,0.981881913978211,0.981881913978211,full_event_available,0,1,,"1,2,3,6,13,18","0.6899,0.5285,0.44865,0.46502,0.33406,0.72891",paper_formula,Full Bernoulli event probability uses selected probabilities and non-selected complement probabilities.
39,9,3,load_loss_threshold,bernoulli_full_event,26,0,26,NaN,NaN,1,terminal_stage_probability_one,1,0,,"","",,Terminal recording stage excluded from Bernoulli complement product.
39,10,1,continue,bernoulli_full_event,45,4,41,0.428540806282537,0.978616340814522,0.419377035733921,full_event_available,0,1,,"8,14,19,23","0.61925,0.10441,0.36593,0.16259",paper_formula,Full Bernoulli event probability uses selected probabilities and non-selected complement probabilities.
39,10,2,continue,bernoulli_full_event,41,6,35,1,0.981881913978211,0.981881913978211,full_event_available,0,1,,"1,2,3,6,13,18","0.073505,0.76907,0.35093,0.24412,0.090658,0.99374",paper_formula,Full Bernoulli event probability uses selected probabilities and non-selected complement probabilities.
39,10,3,load_loss_threshold,bernoulli_full_event,26,0,26,NaN,NaN,1,terminal_stage_probability_one,1,0,,"","",,Terminal recording stage excluded from Bernoulli complement product.
40,1,1,no_new_outage,bernoulli_full_event,45,0,45,1,0.332057015266338,0.332057015266338,full_event_available,1,1,,"","",paper_formula,Full Bernoulli event probability uses selected probabilities and non-selected complement probabilities.
40,2,1,no_new_outage,bernoulli_full_event,45,0,45,1,0.332057015266338,0.332057015266338,full_event_available,1,1,,"","",paper_formula,Full Bernoulli event probability uses selected probabilities and non-selected complement probabilities.
40,3,1,continue,bernoulli_full_event,45,1,44,0.660199226510586,0.977210887004302,0.645153871737964,full_event_available,0,1,,"3","0.40165",paper_formula,Full Bernoulli event probability uses selected probabilities and non-selected complement probabilities.
40,3,2,continue,bernoulli_full_event,44,2,42,1,0.654747738178803,0.654747738178803,full_event_available,0,1,,"1,8","0.74219,0.24626",paper_formula,Full Bernoulli event probability uses selected probabilities and non-selected complement probabilities.
40,3,3,continue,bernoulli_full_event,39,8,31,0.304471191128259,0.983763245158969,0.299527567041753,full_event_available,0,1,,"9,13,14,18,19,20,23,27","0.43901,0.50074,0.11746,0.86051,0.71482,0.80592,0.78396,0.27731",paper_formula,Full Bernoulli event probability uses selected probabilities and non-selected complement probabilities.
40,3,4,load_loss_threshold,bernoulli_full_event,0,0,0,NaN,NaN,1,terminal_stage_probability_one,1,0,,"","",,Terminal recording stage excluded from Bernoulli complement product.
40,4,1,continue,bernoulli_full_event,45,1,44,0.660199226510586,0.977210887004302,0.645153871737964,full_event_available,0,1,,"3","0.12109",paper_formula,Full Bernoulli event probability uses selected probabilities and non-selected complement probabilities.
40,4,2,continue,bernoulli_full_event,44,3,41,0.244077222752658,0.866156911639886,0.211409173461083,full_event_available,0,1,,"1,8,23","0.82418,0.73275,0.19202",paper_formula,Full Bernoulli event probability uses selected probabilities and non-selected complement probabilities.
40,4,3,load_loss_threshold,bernoulli_full_event,24,0,24,NaN,NaN,1,terminal_stage_probability_one,1,0,,"","",,Terminal recording stage excluded from Bernoulli complement product.
40,5,1,continue,bernoulli_full_event,45,1,44,0.660199226510586,0.977210887004302,0.645153871737964,full_event_available,0,1,,"3","0.45207",paper_formula,Full Bernoulli event probability uses selected probabilities and non-selected complement probabilities.
40,5,2,continue,bernoulli_full_event,44,5,39,1.14468022733804e-07,0.867345418438631,9.92833150758942e-08,full_event_available,0,1,,"1,6,8,23,42","0.15314,0.00064817,0.76708,0.22214,0.00017165",paper_formula,Full Bernoulli event probability uses selected probabilities and non-selected complement probabilities.
40,5,3,load_loss_threshold,bernoulli_full_event,18,0,18,NaN,NaN,1,terminal_stage_probability_one,1,0,,"","",,Terminal recording stage excluded from Bernoulli complement product.
40,6,1,continue,bernoulli_full_event,45,1,44,0.660199226510586,0.977210887004302,0.645153871737964,full_event_available,0,1,,"3","0.22076",paper_formula,Full Bernoulli event probability uses selected probabilities and non-selected complement probabilities.
40,6,2,continue,bernoulli_full_event,44,2,42,1,0.654747738178803,0.654747738178803,full_event_available,0,1,,"1,8","0.86309,0.45864",paper_formula,Full Bernoulli event probability uses selected probabilities and non-selected complement probabilities.
40,6,3,continue,bernoulli_full_event,39,8,31,0.304471191128259,0.983763245158969,0.299527567041753,full_event_available,0,1,,"9,13,14,18,19,20,23,27","0.84634,0.26321,0.89842,0.91754,0.77728,0.5277,0.66107,0.083738",paper_formula,Full Bernoulli event probability uses selected probabilities and non-selected complement probabilities.
40,6,4,load_loss_threshold,bernoulli_full_event,0,0,0,NaN,NaN,1,terminal_stage_probability_one,1,0,,"","",,Terminal recording stage excluded from Bernoulli complement product.
40,7,1,continue,bernoulli_full_event,45,1,44,0.660199226510586,0.977210887004302,0.645153871737964,full_event_available,0,1,,"3","0.54813",paper_formula,Full Bernoulli event probability uses selected probabilities and non-selected complement probabilities.
40,7,2,continue,bernoulli_full_event,44,4,40,0.0281768641203108,0.979197879986331,0.0275907256112713,full_event_available,0,1,,"1,8,19,23","0.62968,0.22244,0.11077,0.016809",paper_formula,Full Bernoulli event probability uses selected probabilities and non-selected complement probabilities.
40,7,3,load_loss_threshold,bernoulli_full_event,24,0,24,NaN,NaN,1,terminal_stage_probability_one,1,0,,"","",,Terminal recording stage excluded from Bernoulli complement product.
40,8,1,continue,bernoulli_full_event,45,1,44,0.660199226510586,0.977210887004302,0.645153871737964,full_event_available,0,1,,"3","0.57738",paper_formula,Full Bernoulli event probability uses selected probabilities and non-selected complement probabilities.
40,8,2,continue,bernoulli_full_event,44,2,42,1,0.654747738178803,0.654747738178803,full_event_available,0,1,,"1,8","0.10664,0.57949",paper_formula,Full Bernoulli event probability uses selected probabilities and non-selected complement probabilities.
40,8,3,continue,bernoulli_full_event,39,7,32,1,0.684235678117216,0.684235678117216,full_event_available,0,1,,"9,13,14,18,19,20,23","0.98444,0.45525,0.68776,0.16745,0.63302,0.96313,0.25817",paper_formula,Full Bernoulli event probability uses selected probabilities and non-selected complement probabilities.
40,8,4,load_loss_threshold,bernoulli_full_event,23,0,23,NaN,NaN,1,terminal_stage_probability_one,1,0,,"","",,Terminal recording stage excluded from Bernoulli complement product.
40,9,1,no_new_outage,bernoulli_full_event,45,0,45,1,0.332057015266338,0.332057015266338,full_event_available,1,1,,"","",paper_formula,Full Bernoulli event probability uses selected probabilities and non-selected complement probabilities.
40,10,1,continue,bernoulli_full_event,45,1,44,0.660199226510586,0.977210887004302,0.645153871737964,full_event_available,0,1,,"3","0.23449",paper_formula,Full Bernoulli event probability uses selected probabilities and non-selected complement probabilities.
40,10,2,continue,bernoulli_full_event,44,4,40,0.0281768641203108,0.979197879986331,0.0275907256112713,full_event_available,0,1,,"1,8,19,23","0.72781,0.73261,0.10777,0.075862",paper_formula,Full Bernoulli event probability uses selected probabilities and non-selected complement probabilities.
40,10,3,load_loss_threshold,bernoulli_full_event,24,0,24,NaN,NaN,1,terminal_stage_probability_one,1,0,,"","",,Terminal recording stage excluded from Bernoulli complement product.
41,1,1,continue,bernoulli_full_event,45,1,44,1,0.246786415768936,0.246786415768936,full_event_available,0,1,,"14","0.98946",paper_formula,Full Bernoulli event probability uses selected probabilities and non-selected complement probabilities.
41,1,2,continue,bernoulli_full_event,44,1,43,1,0.977654661538413,0.977654661538413,full_event_available,0,1,,"3","0.6445",paper_formula,Full Bernoulli event probability uses selected probabilities and non-selected complement probabilities.
41,1,3,continue,bernoulli_full_event,43,3,40,0.752192473311245,0.722208917228124,0.543240111697259,full_event_available,0,1,,"4,16,17","0.76133,0.45686,0.59934",paper_formula,Full Bernoulli event probability uses selected probabilities and non-selected complement probabilities.
41,1,4,load_loss_threshold,bernoulli_full_event,37,0,37,NaN,NaN,1,terminal_stage_probability_one,1,0,,"","",,Terminal recording stage excluded from Bernoulli complement product.
41,2,1,continue,bernoulli_full_event,45,2,43,0.722259218789832,0.8885494405742,0.641763024805264,full_event_available,0,1,,"8,14","0.0065303,0.64157",paper_formula,Full Bernoulli event probability uses selected probabilities and non-selected complement probabilities.
41,2,2,continue,bernoulli_full_event,43,1,42,1,0.977795447656245,0.977795447656245,full_event_available,0,1,,"3","0.5154",paper_formula,Full Bernoulli event probability uses selected probabilities and non-selected complement probabilities.
41,2,3,continue,bernoulli_full_event,42,6,36,0.502808972498639,0.233701002827439,0.117506961103566,full_event_available,0,1,,"4,9,17,19,23,40","0.92887,0.65802,0.51239,0.73744,0.90684,0.57709",paper_formula,Full Bernoulli event probability uses selected probabilities and non-selected complement probabilities.
41,2,4,load_loss_threshold,bernoulli_full_event,23,0,23,NaN,NaN,1,terminal_stage_probability_one,1,0,,"","",,Terminal recording stage excluded from Bernoulli complement product.
41,3,1,continue,bernoulli_full_event,45,2,43,0.722259218789832,0.8885494405742,0.641763024805264,full_event_available,0,1,,"8,14","0.24975,0.51371",paper_formula,Full Bernoulli event probability uses selected probabilities and non-selected complement probabilities.
41,3,2,continue,bernoulli_full_event,43,1,42,1,0.977795447656245,0.977795447656245,full_event_available,0,1,,"3","0.63684",paper_formula,Full Bernoulli event probability uses selected probabilities and non-selected complement probabilities.
41,3,3,continue,bernoulli_full_event,42,6,36,0.29875985268516,0.153812279696349,0.0459529340232499,full_event_available,0,1,,"4,9,19,20,23,40","0.43374,0.89577,0.79342,0.20032,0.089276,0.77664",paper_formula,Full Bernoulli event probability uses selected probabilities and non-selected complement probabilities.
41,3,4,load_loss_threshold,bernoulli_full_event,23,0,23,NaN,NaN,1,terminal_stage_probability_one,1,0,,"","",,Terminal recording stage excluded from Bernoulli complement product.
41,4,1,continue,bernoulli_full_event,45,2,43,0.722259218789832,0.8885494405742,0.641763024805264,full_event_available,0,1,,"8,14","0.35501,0.013968",paper_formula,Full Bernoulli event probability uses selected probabilities and non-selected complement probabilities.
41,4,2,continue,bernoulli_full_event,43,1,42,1,0.977795447656245,0.977795447656245,full_event_available,0,1,,"3","0.44956",paper_formula,Full Bernoulli event probability uses selected probabilities and non-selected complement probabilities.
41,4,3,continue,bernoulli_full_event,42,7,35,0.186784726583162,0.371828942311579,0.0694519673253747,full_event_available,0,1,,"4,9,16,17,19,23,40","0.39787,0.15721,0.17144,0.35721,0.17362,0.40161,0.23064",paper_formula,Full Bernoulli event probability uses selected probabilities and non-selected complement probabilities.
41,4,4,load_loss_threshold,bernoulli_full_event,23,0,23,NaN,NaN,1,terminal_stage_probability_one,1,0,,"","",,Terminal recording stage excluded from Bernoulli complement product.
41,5,1,continue,bernoulli_full_event,45,3,42,0.00048743613887999,0.889149507131148,0.000433403602643053,full_event_available,0,1,,"8,11,14","0.56159,0.00040283,0.18995",paper_formula,Full Bernoulli event probability uses selected probabilities and non-selected complement probabilities.
41,5,2,continue,bernoulli_full_event,42,1,41,1,0.978455784966563,0.978455784966563,full_event_available,0,1,,"3","0.55891",paper_formula,Full Bernoulli event probability uses selected probabilities and non-selected complement probabilities.
41,5,3,continue,bernoulli_full_event,41,6,35,0.589331224517507,0.183005599163711,0.10785091384871,full_event_available,0,1,,"4,9,17,19,23,40","0.66543,0.099125,0.092847,0.29246,0.89042,0.67765",paper_formula,Full Bernoulli event probability uses selected probabilities and non-selected complement probabilities.
41,5,4,load_loss_threshold,bernoulli_full_event,23,0,23,NaN,NaN,1,terminal_stage_probability_one,1,0,,"","",,Terminal recording stage excluded from Bernoulli complement product.
41,6,1,continue,bernoulli_full_event,45,2,43,0.0913235793831052,0.271588884854516,0.0248024690855804,full_event_available,0,1,,"14,23","0.31818,0.082164",paper_formula,Full Bernoulli event probability uses selected probabilities and non-selected complement probabilities.
41,6,2,continue,bernoulli_full_event,43,3,40,1,0.979111599864446,0.979111599864446,full_event_available,0,1,,"3,13,18","0.25738,0.77394,0.65922",paper_formula,Full Bernoulli event probability uses selected probabilities and non-selected complement probabilities.
41,6,3,continue,bernoulli_full_event,36,6,30,0.137269453089775,0.977921357572903,0.134238729918843,full_event_available,0,1,,"4,16,17,25,27,42","0.38253,0.048283,0.15577,0.42982,0.80371,0.25166",paper_formula,Full Bernoulli event probability uses selected probabilities and non-selected complement probabilities.
41,6,4,load_loss_threshold,bernoulli_full_event,0,0,0,NaN,NaN,1,terminal_stage_probability_one,1,0,,"","",,Terminal recording stage excluded from Bernoulli complement product.
41,7,1,continue,bernoulli_full_event,45,1,44,1,0.246786415768936,0.246786415768936,full_event_available,0,1,,"14","0.78789",paper_formula,Full Bernoulli event probability uses selected probabilities and non-selected complement probabilities.
41,7,2,continue,bernoulli_full_event,44,1,43,1,0.977654661538413,0.977654661538413,full_event_available,0,1,,"3","0.26309",paper_formula,Full Bernoulli event probability uses selected probabilities and non-selected complement probabilities.
41,7,3,continue,bernoulli_full_event,43,3,40,0.752192473311245,0.722208917228124,0.543240111697259,full_event_available,0,1,,"4,16,17","0.28983,0.55712,0.32179",paper_formula,Full Bernoulli event probability uses selected probabilities and non-selected complement probabilities.
41,7,4,load_loss_threshold,bernoulli_full_event,37,0,37,NaN,NaN,1,terminal_stage_probability_one,1,0,,"","",,Terminal recording stage excluded from Bernoulli complement product.
41,8,1,continue,bernoulli_full_event,45,2,43,0.722259218789832,0.8885494405742,0.641763024805264,full_event_available,0,1,,"8,14","0.38551,0.43662",paper_formula,Full Bernoulli event probability uses selected probabilities and non-selected complement probabilities.
41,8,2,continue,bernoulli_full_event,43,1,42,1,0.977795447656245,0.977795447656245,full_event_available,0,1,,"3","0.067308",paper_formula,Full Bernoulli event probability uses selected probabilities and non-selected complement probabilities.
41,8,3,continue,bernoulli_full_event,42,7,35,0.186784726583162,0.371828942311579,0.0694519673253747,full_event_available,0,1,,"4,9,16,17,19,23,40","0.77394,0.62621,0.22624,0.17441,0.1242,0.65879,0.17837",paper_formula,Full Bernoulli event probability uses selected probabilities and non-selected complement probabilities.
41,8,4,load_loss_threshold,bernoulli_full_event,23,0,23,NaN,NaN,1,terminal_stage_probability_one,1,0,,"","",,Terminal recording stage excluded from Bernoulli complement product.
41,9,1,continue,bernoulli_full_event,45,2,43,0.722259218789832,0.8885494405742,0.641763024805264,full_event_available,0,1,,"8,14","0.11188,0.92942",paper_formula,Full Bernoulli event probability uses selected probabilities and non-selected complement probabilities.
41,9,2,continue,bernoulli_full_event,43,1,42,1,0.977795447656245,0.977795447656245,full_event_available,0,1,,"3","0.89519",paper_formula,Full Bernoulli event probability uses selected probabilities and non-selected complement probabilities.
41,9,3,continue,bernoulli_full_event,42,6,36,0.502808972498639,0.233701002827439,0.117506961103566,full_event_available,0,1,,"4,9,17,19,23,40","0.52334,0.6976,0.48249,0.37206,0.69631,0.47878",paper_formula,Full Bernoulli event probability uses selected probabilities and non-selected complement probabilities.
41,9,4,load_loss_threshold,bernoulli_full_event,23,0,23,NaN,NaN,1,terminal_stage_probability_one,1,0,,"","",,Terminal recording stage excluded from Bernoulli complement product.
41,10,1,continue,bernoulli_full_event,45,2,43,0.722259218789832,0.8885494405742,0.641763024805264,full_event_available,0,1,,"8,14","0.35257,0.35582",paper_formula,Full Bernoulli event probability uses selected probabilities and non-selected complement probabilities.
41,10,2,continue,bernoulli_full_event,43,1,42,1,0.977795447656245,0.977795447656245,full_event_available,0,1,,"3","0.29736",paper_formula,Full Bernoulli event probability uses selected probabilities and non-selected complement probabilities.
41,10,3,continue,bernoulli_full_event,42,6,36,0.242818419440288,0.0429665339421384,0.0104330658606575,full_event_available,0,1,,"4,9,17,19,23,42","0.82311,0.95319,0.25011,0.61544,0.62297,0.09545",paper_formula,Full Bernoulli event probability uses selected probabilities and non-selected complement probabilities.
41,10,4,load_loss_threshold,bernoulli_full_event,18,0,18,NaN,NaN,1,terminal_stage_probability_one,1,0,,"","",,Terminal recording stage excluded from Bernoulli complement product.
42,1,1,no_new_outage,bernoulli_full_event,45,0,45,1,0.468657794346937,0.468657794346937,full_event_available,1,1,,"","",paper_formula,Full Bernoulli event probability uses selected probabilities and non-selected complement probabilities.
42,2,1,continue,bernoulli_full_event,45,1,44,0.520467054699056,0.977321368509557,0.508663574162619,full_event_available,0,1,,"3","0.18211",paper_formula,Full Bernoulli event probability uses selected probabilities and non-selected complement probabilities.
42,2,2,continue,bernoulli_full_event,44,2,42,1,0.67139399695495,0.67139399695495,full_event_available,0,1,,"1,8","0.86363,0.42152",paper_formula,Full Bernoulli event probability uses selected probabilities and non-selected complement probabilities.
42,2,3,continue,bernoulli_full_event,34,8,26,1,0.618991919027231,0.618991919027231,full_event_available,0,1,,"9,13,14,18,19,20,23,27","0.63963,0.99825,0.29835,0.89028,0.45926,0.8004,0.17115,0.91528",paper_formula,Full Bernoulli event probability uses selected probabilities and non-selected complement probabilities.
42,2,4,load_loss_threshold,bernoulli_full_event,0,0,0,NaN,NaN,1,terminal_stage_probability_one,1,0,,"","",,Terminal recording stage excluded from Bernoulli complement product.
42,3,1,no_new_outage,bernoulli_full_event,45,0,45,1,0.468657794346937,0.468657794346937,full_event_available,1,1,,"","",paper_formula,Full Bernoulli event probability uses selected probabilities and non-selected complement probabilities.
42,4,1,no_new_outage,bernoulli_full_event,45,0,45,1,0.468657794346937,0.468657794346937,full_event_available,1,1,,"","",paper_formula,Full Bernoulli event probability uses selected probabilities and non-selected complement probabilities.
42,5,1,no_new_outage,bernoulli_full_event,45,0,45,1,0.468657794346937,0.468657794346937,full_event_available,1,1,,"","",paper_formula,Full Bernoulli event probability uses selected probabilities and non-selected complement probabilities.
42,6,1,continue,bernoulli_full_event,45,1,44,0.520467054699056,0.977321368509557,0.508663574162619,full_event_available,0,1,,"3","0.2005",paper_formula,Full Bernoulli event probability uses selected probabilities and non-selected complement probabilities.
42,6,2,continue,bernoulli_full_event,44,2,42,1,0.67139399695495,0.67139399695495,full_event_available,0,1,,"1,8","0.75867,0.091465",paper_formula,Full Bernoulli event probability uses selected probabilities and non-selected complement probabilities.
42,6,3,continue,bernoulli_full_event,34,9,25,0.372637244255988,0.98665710286411,0.367665183836879,full_event_available,0,1,,"9,13,14,18,19,20,23,26,27","0.62944,0.79874,0.46943,0.41406,0.66583,0.9481,0.90169,0.074053,0.67677",paper_formula,Full Bernoulli event probability uses selected probabilities and non-selected complement probabilities.
42,6,4,load_loss_threshold,bernoulli_full_event,7,0,7,NaN,NaN,1,terminal_stage_probability_one,1,0,,"","",,Terminal recording stage excluded from Bernoulli complement product.
42,7,1,no_new_outage,bernoulli_full_event,45,0,45,1,0.468657794346937,0.468657794346937,full_event_available,1,1,,"","",paper_formula,Full Bernoulli event probability uses selected probabilities and non-selected complement probabilities.
42,8,1,no_new_outage,bernoulli_full_event,45,0,45,1,0.468657794346937,0.468657794346937,full_event_available,1,1,,"","",paper_formula,Full Bernoulli event probability uses selected probabilities and non-selected complement probabilities.
42,9,1,no_new_outage,bernoulli_full_event,45,0,45,1,0.468657794346937,0.468657794346937,full_event_available,1,1,,"","",paper_formula,Full Bernoulli event probability uses selected probabilities and non-selected complement probabilities.
42,10,1,no_new_outage,bernoulli_full_event,45,0,45,1,0.468657794346937,0.468657794346937,full_event_available,1,1,,"","",paper_formula,Full Bernoulli event probability uses selected probabilities and non-selected complement probabilities.
43,1,1,no_new_outage,bernoulli_full_event,45,0,45,1,0.976721389278186,0.976721389278186,full_event_available,1,1,,"","",paper_formula,Full Bernoulli event probability uses selected probabilities and non-selected complement probabilities.
43,2,1,no_new_outage,bernoulli_full_event,45,0,45,1,0.976721389278186,0.976721389278186,full_event_available,1,1,,"","",paper_formula,Full Bernoulli event probability uses selected probabilities and non-selected complement probabilities.
43,3,1,no_new_outage,bernoulli_full_event,45,0,45,1,0.976721389278186,0.976721389278186,full_event_available,1,1,,"","",paper_formula,Full Bernoulli event probability uses selected probabilities and non-selected complement probabilities.
43,4,1,no_new_outage,bernoulli_full_event,45,0,45,1,0.976721389278186,0.976721389278186,full_event_available,1,1,,"","",paper_formula,Full Bernoulli event probability uses selected probabilities and non-selected complement probabilities.
43,5,1,no_new_outage,bernoulli_full_event,45,0,45,1,0.976721389278186,0.976721389278186,full_event_available,1,1,,"","",paper_formula,Full Bernoulli event probability uses selected probabilities and non-selected complement probabilities.
43,6,1,no_new_outage,bernoulli_full_event,45,0,45,1,0.976721389278186,0.976721389278186,full_event_available,1,1,,"","",paper_formula,Full Bernoulli event probability uses selected probabilities and non-selected complement probabilities.
43,7,1,no_new_outage,bernoulli_full_event,45,0,45,1,0.976721389278186,0.976721389278186,full_event_available,1,1,,"","",paper_formula,Full Bernoulli event probability uses selected probabilities and non-selected complement probabilities.
43,8,1,no_new_outage,bernoulli_full_event,45,0,45,1,0.976721389278186,0.976721389278186,full_event_available,1,1,,"","",paper_formula,Full Bernoulli event probability uses selected probabilities and non-selected complement probabilities.
43,9,1,no_new_outage,bernoulli_full_event,45,0,45,1,0.976721389278186,0.976721389278186,full_event_available,1,1,,"","",paper_formula,Full Bernoulli event probability uses selected probabilities and non-selected complement probabilities.
43,10,1,no_new_outage,bernoulli_full_event,45,0,45,1,0.976721389278186,0.976721389278186,full_event_available,1,1,,"","",paper_formula,Full Bernoulli event probability uses selected probabilities and non-selected complement probabilities.
44,1,1,no_new_outage,bernoulli_full_event,45,0,45,1,0.976279939912389,0.976279939912389,full_event_available,1,1,,"","",paper_formula,Full Bernoulli event probability uses selected probabilities and non-selected complement probabilities.
44,2,1,no_new_outage,bernoulli_full_event,45,0,45,1,0.976279939912389,0.976279939912389,full_event_available,1,1,,"","",paper_formula,Full Bernoulli event probability uses selected probabilities and non-selected complement probabilities.
44,3,1,no_new_outage,bernoulli_full_event,45,0,45,1,0.976279939912389,0.976279939912389,full_event_available,1,1,,"","",paper_formula,Full Bernoulli event probability uses selected probabilities and non-selected complement probabilities.
44,4,1,no_new_outage,bernoulli_full_event,45,0,45,1,0.976279939912389,0.976279939912389,full_event_available,1,1,,"","",paper_formula,Full Bernoulli event probability uses selected probabilities and non-selected complement probabilities.
44,5,1,no_new_outage,bernoulli_full_event,45,0,45,1,0.976279939912389,0.976279939912389,full_event_available,1,1,,"","",paper_formula,Full Bernoulli event probability uses selected probabilities and non-selected complement probabilities.
44,6,1,no_new_outage,bernoulli_full_event,45,0,45,1,0.976279939912389,0.976279939912389,full_event_available,1,1,,"","",paper_formula,Full Bernoulli event probability uses selected probabilities and non-selected complement probabilities.
44,7,1,no_new_outage,bernoulli_full_event,45,0,45,1,0.976279939912389,0.976279939912389,full_event_available,1,1,,"","",paper_formula,Full Bernoulli event probability uses selected probabilities and non-selected complement probabilities.
44,8,1,no_new_outage,bernoulli_full_event,45,0,45,1,0.976279939912389,0.976279939912389,full_event_available,1,1,,"","",paper_formula,Full Bernoulli event probability uses selected probabilities and non-selected complement probabilities.
44,9,1,no_new_outage,bernoulli_full_event,45,0,45,1,0.976279939912389,0.976279939912389,full_event_available,1,1,,"","",paper_formula,Full Bernoulli event probability uses selected probabilities and non-selected complement probabilities.
44,10,1,no_new_outage,bernoulli_full_event,45,0,45,1,0.976279939912389,0.976279939912389,full_event_available,1,1,,"","",paper_formula,Full Bernoulli event probability uses selected probabilities and non-selected complement probabilities.
45,1,1,no_new_outage,bernoulli_full_event,45,0,45,1,0.976696962401365,0.976696962401365,full_event_available,1,1,,"","",paper_formula,Full Bernoulli event probability uses selected probabilities and non-selected complement probabilities.
45,2,1,no_new_outage,bernoulli_full_event,45,0,45,1,0.976696962401365,0.976696962401365,full_event_available,1,1,,"","",paper_formula,Full Bernoulli event probability uses selected probabilities and non-selected complement probabilities.
45,3,1,no_new_outage,bernoulli_full_event,45,0,45,1,0.976696962401365,0.976696962401365,full_event_available,1,1,,"","",paper_formula,Full Bernoulli event probability uses selected probabilities and non-selected complement probabilities.
45,4,1,no_new_outage,bernoulli_full_event,45,0,45,1,0.976696962401365,0.976696962401365,full_event_available,1,1,,"","",paper_formula,Full Bernoulli event probability uses selected probabilities and non-selected complement probabilities.
45,5,1,no_new_outage,bernoulli_full_event,45,0,45,1,0.976696962401365,0.976696962401365,full_event_available,1,1,,"","",paper_formula,Full Bernoulli event probability uses selected probabilities and non-selected complement probabilities.
45,6,1,no_new_outage,bernoulli_full_event,45,0,45,1,0.976696962401365,0.976696962401365,full_event_available,1,1,,"","",paper_formula,Full Bernoulli event probability uses selected probabilities and non-selected complement probabilities.
45,7,1,no_new_outage,bernoulli_full_event,45,0,45,1,0.976696962401365,0.976696962401365,full_event_available,1,1,,"","",paper_formula,Full Bernoulli event probability uses selected probabilities and non-selected complement probabilities.
45,8,1,no_new_outage,bernoulli_full_event,45,0,45,1,0.976696962401365,0.976696962401365,full_event_available,1,1,,"","",paper_formula,Full Bernoulli event probability uses selected probabilities and non-selected complement probabilities.
45,9,1,no_new_outage,bernoulli_full_event,45,0,45,1,0.976696962401365,0.976696962401365,full_event_available,1,1,,"","",paper_formula,Full Bernoulli event probability uses selected probabilities and non-selected complement probabilities.
45,10,1,no_new_outage,bernoulli_full_event,45,0,45,1,0.976696962401365,0.976696962401365,full_event_available,1,1,,"","",paper_formula,Full Bernoulli event probability uses selected probabilities and non-selected complement probabilities.
46,1,1,continue,bernoulli_full_event,45,4,41,0.443916303325749,0.978585993876095,0.43441027688783,full_event_available,0,1,,"8,14,19,23","0.60213,0.82647,0.53778,0.064793",paper_formula,Full Bernoulli event probability uses selected probabilities and non-selected complement probabilities.
46,1,2,continue,bernoulli_full_event,41,7,34,0.481863842576312,0.509863373551326,0.245684724368363,full_event_available,0,1,,"1,2,3,13,18,27,40","0.33749,0.50271,0.81275,0.59045,0.96378,0.26897,0.62036",paper_formula,Full Bernoulli event probability uses selected probabilities and non-selected complement probabilities.
46,1,3,load_loss_threshold,bernoulli_full_event,0,0,0,NaN,NaN,1,terminal_stage_probability_one,1,0,,"","",,Terminal recording stage excluded from Bernoulli complement product.
46,2,1,continue,bernoulli_full_event,45,4,41,0.443916303325749,0.978585993876095,0.43441027688783,full_event_available,0,1,,"8,14,19,23","0.8668,0.37204,0.41755,0.60598",paper_formula,Full Bernoulli event probability uses selected probabilities and non-selected complement probabilities.
46,2,2,continue,bernoulli_full_event,41,7,34,0.481863842576312,0.509863373551326,0.245684724368363,full_event_available,0,1,,"1,2,3,13,18,27,40","0.15644,0.21847,0.015435,0.69008,0.7914,0.31453,0.19432",paper_formula,Full Bernoulli event probability uses selected probabilities and non-selected complement probabilities.
46,2,3,load_loss_threshold,bernoulli_full_event,0,0,0,NaN,NaN,1,terminal_stage_probability_one,1,0,,"","",,Terminal recording stage excluded from Bernoulli complement product.
46,3,1,continue,bernoulli_full_event,45,3,42,0.770739007465027,0.414957745298652,0.319824120751409,full_event_available,0,1,,"8,14,23","0.95711,0.14294,0.72936",paper_formula,Full Bernoulli event probability uses selected probabilities and non-selected complement probabilities.
46,3,2,continue,bernoulli_full_event,42,6,36,0.481863842576312,0.0978673570310561,0.0471587407217726,full_event_available,0,1,,"1,2,3,13,27,40","0.29624,0.8807,0.10734,0.14562,0.038289,0.5916",paper_formula,Full Bernoulli event probability uses selected probabilities and non-selected complement probabilities.
46,3,3,load_loss_threshold,bernoulli_full_event,0,0,0,NaN,NaN,1,terminal_stage_probability_one,1,0,,"","",,Terminal recording stage excluded from Bernoulli complement product.
46,4,1,continue,bernoulli_full_event,45,3,42,0.770739007465027,0.414957745298652,0.319824120751409,full_event_available,0,1,,"8,14,23","0.64647,0.87655,0.74815",paper_formula,Full Bernoulli event probability uses selected probabilities and non-selected complement probabilities.
46,4,2,continue,bernoulli_full_event,42,7,35,0.388669452950621,0.508695048951318,0.197714226394598,full_event_available,0,1,,"1,2,3,6,13,18,40","0.47655,0.95839,0.66048,0.41004,0.91085,0.40354,0.74135",paper_formula,Full Bernoulli event probability uses selected probabilities and non-selected complement probabilities.
46,4,3,load_loss_threshold,bernoulli_full_event,0,0,0,NaN,NaN,1,terminal_stage_probability_one,1,0,,"","",,Terminal recording stage excluded from Bernoulli complement product.
46,5,1,continue,bernoulli_full_event,45,2,43,1,0.0951336245472434,0.0951336245472434,full_event_available,0,1,,"8,14","0.98425,0.016078",paper_formula,Full Bernoulli event probability uses selected probabilities and non-selected complement probabilities.
46,5,2,continue,bernoulli_full_event,43,2,41,0.892745183608692,0.978340287342139,0.873408579455039,full_event_available,0,1,,"3,40","0.097858,0.24568",paper_formula,Full Bernoulli event probability uses selected probabilities and non-selected complement probabilities.
46,5,3,continue,bernoulli_full_event,41,8,33,0.141665029514443,0.210481604718173,0.0298178827446472,full_event_available,0,1,,"1,9,19,20,23,26,27,31","0.2233,0.2016,0.53658,0.13466,0.55601,0.18318,0.030657,0.13709",paper_formula,Full Bernoulli event probability uses selected probabilities and non-selected complement probabilities.
46,5,4,load_loss_threshold,bernoulli_full_event,11,0,11,NaN,NaN,1,terminal_stage_probability_one,1,0,,"","",,Terminal recording stage excluded from Bernoulli complement product.
46,6,1,continue,bernoulli_full_event,45,3,42,0.575961900236238,0.224351596236856,0.129217971689613,full_event_available,0,1,,"8,14,19","0.28116,0.22369,0.56246",paper_formula,Full Bernoulli event probability uses selected probabilities and non-selected complement probabilities.
46,6,2,continue,bernoulli_full_event,42,4,38,1,0.979981578513993,0.979981578513993,full_event_available,0,1,,"1,3,18,40","0.54999,0.23249,0.92393,0.65614",paper_formula,Full Bernoulli event probability uses selected probabilities and non-selected complement probabilities.
46,6,3,load_loss_threshold,bernoulli_full_event,0,0,0,NaN,NaN,1,terminal_stage_probability_one,1,0,,"","",,Terminal recording stage excluded from Bernoulli complement product.
46,7,1,continue,bernoulli_full_event,45,4,41,0.443916303325749,0.978585993876095,0.43441027688783,full_event_available,0,1,,"8,14,19,23","0.80596,0.36495,0.46853,0.3387",paper_formula,Full Bernoulli event probability uses selected probabilities and non-selected complement probabilities.
46,7,2,continue,bernoulli_full_event,41,7,34,0.481863842576312,0.509863373551326,0.245684724368363,full_event_available,0,1,,"1,2,3,13,18,27,40","0.34338,0.59322,0.51656,0.76422,0.022573,0.31379,0.98717",paper_formula,Full Bernoulli event probability uses selected probabilities and non-selected complement probabilities.
46,7,3,load_loss_threshold,bernoulli_full_event,0,0,0,NaN,NaN,1,terminal_stage_probability_one,1,0,,"","",,Terminal recording stage excluded from Bernoulli complement product.
46,8,1,continue,bernoulli_full_event,45,3,42,0.770739007465027,0.414957745298652,0.319824120751409,full_event_available,0,1,,"8,14,23","0.25451,0.50003,0.17887",paper_formula,Full Bernoulli event probability uses selected probabilities and non-selected complement probabilities.
46,8,2,continue,bernoulli_full_event,42,6,36,0.807899107573107,0.263968665989314,0.21326004968003,full_event_available,0,1,,"1,2,3,13,18,40","0.90093,0.16781,0.13719,0.39944,0.552,0.32426",paper_formula,Full Bernoulli event probability uses selected probabilities and non-selected complement probabilities.
46,8,3,load_loss_threshold,bernoulli_full_event,0,0,0,NaN,NaN,1,terminal_stage_probability_one,1,0,,"","",,Terminal recording stage excluded from Bernoulli complement product.
46,9,1,continue,bernoulli_full_event,45,3,42,0.770739007465027,0.414957745298652,0.319824120751409,full_event_available,0,1,,"8,14,23","0.08817,0.49109,0.015787",paper_formula,Full Bernoulli event probability uses selected probabilities and non-selected complement probabilities.
46,9,2,continue,bernoulli_full_event,42,7,35,0.388669452950621,0.508695048951318,0.197714226394598,full_event_available,0,1,,"1,2,3,6,13,18,40","0.0060574,0.31866,0.64711,0.15613,0.038497,0.41519,0.47758",paper_formula,Full Bernoulli event probability uses selected probabilities and non-selected complement probabilities.
46,9,3,load_loss_threshold,bernoulli_full_event,0,0,0,NaN,NaN,1,terminal_stage_probability_one,1,0,,"","",,Terminal recording stage excluded from Bernoulli complement product.
46,10,1,continue,bernoulli_full_event,45,3,42,0.770739007465027,0.414957745298652,0.319824120751409,full_event_available,0,1,,"8,14,23","0.40153,0.46201,0.025097",paper_formula,Full Bernoulli event probability uses selected probabilities and non-selected complement probabilities.
46,10,2,continue,bernoulli_full_event,42,8,34,0.187285756090819,0.981778711373255,0.18387316827341,full_event_available,0,1,,"1,2,3,6,13,18,27,40","0.37102,0.2071,0.065832,0.060909,0.95313,0.54333,0.39179,0.20268",paper_formula,Full Bernoulli event probability uses selected probabilities and non-selected complement probabilities.
46,10,3,load_loss_threshold,bernoulli_full_event,0,0,0,NaN,NaN,1,terminal_stage_probability_one,1,0,,"","",,Terminal recording stage excluded from Bernoulli complement product.
