sigma,SLLR,SLFOR,SNVOR,CRI,result_status
0.9,0.000105794822652687,0.00113098124619257,3.67709827590688e-06,0.000290408562485307,valid
0.95,0.000856427398831432,0.00836124586422653,4.94774627093761e-05,0.00219600110468604,valid
0.98,0.00446329426756656,0.0183946989263112,0.000650450726996458,0.00648700649120147,valid
