sigma,SLLR,SLFOR,SNVOR,CRI
0.9,0.693316363485193,0.99805313605344,0.199992902465965,0.655599025794997
0.95,0.723984727136674,1.30580949328799,0.212404606639498,0.738033656267502
0.98,0.779383872994757,1.68106948916829,0.232261360156074,0.850296493661727
