sigma,basic_SLLR,paper_SLLR,delta_SLLR,basic_SLFOR,paper_SLFOR,delta_SLFOR,basic_SNVOR,paper_SNVOR,delta_SNVOR,basic_CRI,paper_CRI,delta_CRI
0.9,0.397849615380311,0.000227178351790958,-0.39762243702852,0.71450580625649,0.00113098124619257,-0.713374825010297,0.0701846889233833,9.41625967835007e-06,-0.0701752726637049,0.395647868264161,0.000364386512248758,-0.395283481751912
0.95,0.594702585290276,0.00120297108437533,-0.593499614205901,1.10925640621352,0.00836124586422653,-1.10089516034929,0.118378706901113,5.13508816521798e-05,-0.118327356019461,0.602348573797092,0.00240430199980094,-0.599944271797291
0.98,0.731256845367056,0.00279037248355811,-0.728466472883498,1.88684075998282,0.0199019608389173,-1.8669387991439,0.210844651546279,0.000395291474442711,-0.210449360071836,0.858291189526053,0.00573367395280686,-0.852557515573246
