sigma,SLLR,SLFOR,SNVOR,CRI
0.9,0.396445125938765,0.71450580625649,0.0804563802234464,0.396859512859246
0.95,0.59344779453266,1.10925640621352,0.144287618498472,0.606777481661994
0.98,0.700291642616277,1.73881024562463,0.227589916849193,0.813455018064531
