sigma,SLLR,SLFOR,SNVOR,CRI
0.9,0.397849615380311,0.71450580625649,0.0701846889233833,0.395647868264161
0.95,0.594702585290276,1.10925640621352,0.118378706901113,0.602348573797092
0.98,0.731256845367056,1.88684075998282,0.210844651546279,0.858291189526053
