sigma,SLLR,SLFOR,SNVOR,CRI,result_status
0.9,0.000227178351790958,0.00113098124619257,9.41625967835007e-06,0.000364386512248758,valid
0.95,0.00120297108437533,0.00836124586422653,5.13508816521798e-05,0.00240430199980094,valid
0.98,0.00279037248355811,0.0199019608389173,0.000395291474442711,0.00573367395280686,valid
