initial_branch,trial_id,stage_id,pf_converged,severity_valid,invalid_reason,replay_source,stage_load_shed_mw,base_load_mw,stage_cumulative_probability,max_P_li_pu_if_available,min_voltage_pu_if_available,max_voltage_pu_if_available
8,2,4,0,0,nonconverged_power_flow,invalid_nonconverged,4723.9985,6254.23,1.96343175835974e-08,140.50538312442,0.788298091644285,3.52313426148317
33,1,4,0,0,nonconverged_power_flow,invalid_nonconverged,3521.829,6254.23,3.68888095672895e-07,1.23282046666788,0.0044416189253918,1.0576827
35,1,4,0,0,nonconverged_power_flow,invalid_nonconverged,4029.7385,6254.23,1.27330610466302e-05,62.0944413690646,0.0130037873341576,2.79792909038886
35,2,4,0,0,nonconverged_power_flow,invalid_nonconverged,4029.7385,6254.23,1.23965132716149e-06,62.0944413690646,0.0130037873341576,2.79792909038886
35,3,4,0,0,nonconverged_power_flow,invalid_nonconverged,4029.7385,6254.23,9.54265214427385e-06,62.0944413690646,0.0130037873341576,2.79792909038886
35,5,4,0,0,nonconverged_power_flow,invalid_nonconverged,4029.7385,6254.23,2.80212629723373e-05,62.0944413690646,0.0130037873341576,2.79792909038886
46,1,4,0,0,nonconverged_power_flow,invalid_nonconverged,3561.911,6254.23,3.03765303841226e-07,2.06023712902267,0.54729856462798,1.0576827
46,5,4,0,0,nonconverged_power_flow,invalid_nonconverged,4350.12885,6254.23,1.52812401188003e-06,6.12711692550742,0.0195779064020662,1.26600050189125
