sigma,SLLR,SLFOR,SNVOR,CRI
0.9,0.396914248436658,0.66423573349764,0.0393162888172491,0.378858953524973
0.95,0.574456008173668,1.13525095455467,0.115173027627025,0.59475840134054
0.98,0.731256845367056,1.88684075998282,0.213667373159329,0.858855733848663
