sigma,uniform_SLLR,weighted_SLLR,delta_SLLR,uniform_SLFOR,weighted_SLFOR,delta_SLFOR,uniform_SNVOR,weighted_SNVOR,delta_SNVOR,uniform_CRI,weighted_CRI,delta_CRI
0.9,0.397849615380311,0.396914248436658,-0.000935366943652982,0.71450580625649,0.66423573349764,-0.05027007275885,0.0701846889233833,0.0393162888172491,-0.0308684001061342,0.395647868264161,0.378858953524973,-0.016788914739188
0.95,0.594702585290276,0.574456008173668,-0.0202465771166079,1.10925640621352,1.13525095455467,0.0259945483411501,0.118378706901113,0.115173027627025,-0.00320567927408801,0.602348573797092,0.59475840134054,-0.00759017245655191
0.98,0.731256845367056,0.731256845367056,0,1.88684075998282,1.88684075998282,0,0.210844651546279,0.213667373159329,0.00282272161305,0.858291189526053,0.858855733848663,0.000564544322609994
