initial_branch,trial_id,stage_id,terminated_reason,stage_probability_mode,candidate_count,selected_candidate_count,unselected_candidate_count,selected_probability_product,unselected_probability_product,stage_transition_probability,probability_status,terminal_stage_flag,should_multiply_candidate_complements,missing_reason,selected_branch_ids,random_u_selected,candidate_probability_basis,note
1,1,1,continue,bernoulli_full_event,45,1,44,1,0.754028963417034,0.754028963417034,full_event_available,0,1,,"3","0.16777",paper_formula,Full Bernoulli event probability uses selected probabilities and non-selected complement probabilities.
1,1,2,continue,bernoulli_full_event,44,2,42,1,0.763967811169131,0.763967811169131,full_event_available,0,1,,"40,42","0.86507,0.70673",paper_formula,Full Bernoulli event probability uses selected probabilities and non-selected complement probabilities.
1,1,3,continue,bernoulli_full_event,35,3,32,0.331717907720077,0.257928602383088,0.0855595363236815,full_event_available,0,1,,"8,14,19","0.18445,0.55492,0.31452",paper_formula,Full Bernoulli event probability uses selected probabilities and non-selected complement probabilities.
1,1,4,load_loss_threshold,bernoulli_full_event,32,0,32,NaN,NaN,1,terminal_stage_probability_one,1,0,,"","",,Terminal recording stage excluded from Bernoulli complement product.
1,2,1,continue,bernoulli_full_event,45,2,43,0.006532483825,0.75898703393963,0.00495807052259536,full_event_available,0,1,,"3,20","0.63933,0.0061165",paper_formula,Full Bernoulli event probability uses selected probabilities and non-selected complement probabilities.
1,2,2,continue,bernoulli_full_event,43,4,39,0.374632510375651,0.778580233095684,0.291681467253496,full_event_available,0,1,,"14,27,40,42","0.19021,0.18892,0.93665,0.53493",paper_formula,Full Bernoulli event probability uses selected probabilities and non-selected complement probabilities.
1,2,3,load_loss_threshold,bernoulli_full_event,0,0,0,NaN,NaN,1,terminal_stage_probability_one,1,0,,"","",,Terminal recording stage excluded from Bernoulli complement product.
1,3,1,continue,bernoulli_full_event,45,1,44,1,0.754028963417034,0.754028963417034,full_event_available,0,1,,"3","0.88599",paper_formula,Full Bernoulli event probability uses selected probabilities and non-selected complement probabilities.
1,3,2,continue,bernoulli_full_event,44,4,40,4.00439727939482e-05,0.773742401260325,3.09837196655926e-05,full_event_available,0,1,,"19,34,40,42","0.0055588,0.0022363,0.077907,0.2423",paper_formula,Full Bernoulli event probability uses selected probabilities and non-selected complement probabilities.
1,3,3,continue,bernoulli_full_event,33,7,26,0.391741546557284,0.846259213596664,0.331514893122708,full_event_available,0,1,,"6,8,10,13,14,18,20","0.60742,0.15991,0.28637,0.62277,0.016416,0.32493,0.23327",paper_formula,Full Bernoulli event probability uses selected probabilities and non-selected complement probabilities.
1,3,4,load_loss_threshold,bernoulli_full_event,20,0,20,NaN,NaN,1,terminal_stage_probability_one,1,0,,"","",,Terminal recording stage excluded from Bernoulli complement product.
1,4,1,continue,bernoulli_full_event,45,2,43,0.006007770575,0.758586376327329,0.0045574129102952,full_event_available,0,1,,"3,15","0.40076,0.0046112",paper_formula,Full Bernoulli event probability uses selected probabilities and non-selected complement probabilities.
1,4,2,continue,bernoulli_full_event,43,3,40,1,0.545198946608837,0.545198946608837,full_event_available,0,1,,"11,40,42","0.29667,0.97534,0.6599",paper_formula,Full Bernoulli event probability uses selected probabilities and non-selected complement probabilities.
1,4,3,load_loss_threshold,bernoulli_full_event,30,0,30,NaN,NaN,1,terminal_stage_probability_one,1,0,,"","",,Terminal recording stage excluded from Bernoulli complement product.
1,5,1,continue,bernoulli_full_event,45,1,44,1,0.754028963417034,0.754028963417034,full_event_available,0,1,,"3","0.68997",paper_formula,Full Bernoulli event probability uses selected probabilities and non-selected complement probabilities.
1,5,2,continue,bernoulli_full_event,44,2,42,1,0.763967811169131,0.763967811169131,full_event_available,0,1,,"40,42","0.019278,0.55125",paper_formula,Full Bernoulli event probability uses selected probabilities and non-selected complement probabilities.
1,5,3,continue,bernoulli_full_event,35,2,33,0.777336572028831,0.147861046831992,0.114937799280976,full_event_available,0,1,,"8,14","0.23778,0.36887",paper_formula,Full Bernoulli event probability uses selected probabilities and non-selected complement probabilities.
1,5,4,continue,bernoulli_full_event,33,7,26,0.999274135115175,0.593604780086192,0.593173903220863,full_event_available,0,1,,"9,16,17,19,20,23,27","0.90053,0.54503,0.62881,0.84548,0.25531,0.1518,0.70665",paper_formula,Full Bernoulli event probability uses selected probabilities and non-selected complement probabilities.
1,5,5,max_depth_reached,bernoulli_full_event,0,0,0,NaN,NaN,1,terminal_stage_probability_one,1,0,,"","",,Terminal recording stage excluded from Bernoulli complement product.
1,6,1,continue,bernoulli_full_event,45,1,44,1,0.754028963417034,0.754028963417034,full_event_available,0,1,,"3","0.90241",paper_formula,Full Bernoulli event probability uses selected probabilities and non-selected complement probabilities.
1,6,2,continue,bernoulli_full_event,44,2,42,1,0.763967811169131,0.763967811169131,full_event_available,0,1,,"40,42","0.40037,0.32065",paper_formula,Full Bernoulli event probability uses selected probabilities and non-selected complement probabilities.
1,6,3,continue,bernoulli_full_event,35,3,32,0.0460800214466167,0.0533815896412694,0.00245982479552419,full_event_available,0,1,,"10,14,20","0.18834,0.16733,0.01405",paper_formula,Full Bernoulli event probability uses selected probabilities and non-selected complement probabilities.
1,6,4,load_loss_threshold,bernoulli_full_event,32,0,32,NaN,NaN,1,terminal_stage_probability_one,1,0,,"","",,Terminal recording stage excluded from Bernoulli complement product.
1,7,1,continue,bernoulli_full_event,45,1,44,1,0.754028963417034,0.754028963417034,full_event_available,0,1,,"3","0.12283",paper_formula,Full Bernoulli event probability uses selected probabilities and non-selected complement probabilities.
1,7,2,continue,bernoulli_full_event,44,2,42,1,0.763967811169131,0.763967811169131,full_event_available,0,1,,"40,42","0.39551,0.74512",paper_formula,Full Bernoulli event probability uses selected probabilities and non-selected complement probabilities.
1,7,3,continue,bernoulli_full_event,35,3,32,0.385875095540199,0.29361203128327,0.113297570623184,full_event_available,0,1,,"8,14,23","0.053611,0.35142,0.38805",paper_formula,Full Bernoulli event probability uses selected probabilities and non-selected complement probabilities.
1,7,4,load_loss_threshold,bernoulli_full_event,19,0,19,NaN,NaN,1,terminal_stage_probability_one,1,0,,"","",,Terminal recording stage excluded from Bernoulli complement product.
1,8,1,continue,bernoulli_full_event,45,1,44,1,0.754028963417034,0.754028963417034,full_event_available,0,1,,"3","0.54212",paper_formula,Full Bernoulli event probability uses selected probabilities and non-selected complement probabilities.
1,8,2,continue,bernoulli_full_event,44,3,41,0.00648199255,0.768952153298116,0.00498434212898485,full_event_available,0,1,,"13,40,42","0.0010489,0.23927,0.54744",paper_formula,Full Bernoulli event probability uses selected probabilities and non-selected complement probabilities.
1,8,3,continue,bernoulli_full_event,34,3,31,1,0.375583688868646,0.375583688868646,full_event_available,0,1,,"14,19,23","0.70562,0.36163,0.36118",paper_formula,Full Bernoulli event probability uses selected probabilities and non-selected complement probabilities.
1,8,4,load_loss_threshold,bernoulli_full_event,27,0,27,NaN,NaN,1,terminal_stage_probability_one,1,0,,"","",,Terminal recording stage excluded from Bernoulli complement product.
1,9,1,continue,bernoulli_full_event,45,2,43,0.00647011225,0.758939386438235,0.00491042302120151,full_event_available,0,1,,"3,40","0.61961,0.00042019",paper_formula,Full Bernoulli event probability uses selected probabilities and non-selected complement probabilities.
1,9,2,continue,bernoulli_full_event,40,1,39,1,0.612638610322994,0.612638610322994,full_event_available,0,1,,"14","0.99458",paper_formula,Full Bernoulli event probability uses selected probabilities and non-selected complement probabilities.
1,9,3,continue,bernoulli_full_event,39,3,36,0.99811207807223,0.59181690372483,0.590699599615063,full_event_available,0,1,,"16,17,20","0.45585,0.0807,0.84185",paper_formula,Full Bernoulli event probability uses selected probabilities and non-selected complement probabilities.
1,9,4,load_loss_threshold,bernoulli_full_event,0,0,0,NaN,NaN,1,terminal_stage_probability_one,1,0,,"","",,Terminal recording stage excluded from Bernoulli complement product.
1,10,1,continue,bernoulli_full_event,45,1,44,1,0.754028963417034,0.754028963417034,full_event_available,0,1,,"3","0.26664",paper_formula,Full Bernoulli event probability uses selected probabilities and non-selected complement probabilities.
1,10,2,continue,bernoulli_full_event,44,2,42,1,0.763967811169131,0.763967811169131,full_event_available,0,1,,"40,42","0.26633,0.58472",paper_formula,Full Bernoulli event probability uses selected probabilities and non-selected complement probabilities.
1,10,3,continue,bernoulli_full_event,35,3,32,0.331717907720077,0.257928602383088,0.0855595363236815,full_event_available,0,1,,"8,14,19","0.53209,0.59384,0.051433",paper_formula,Full Bernoulli event probability uses selected probabilities and non-selected complement probabilities.
1,10,4,load_loss_threshold,bernoulli_full_event,32,0,32,NaN,NaN,1,terminal_stage_probability_one,1,0,,"","",,Terminal recording stage excluded from Bernoulli complement product.
1,11,1,continue,bernoulli_full_event,45,1,44,1,0.754028963417034,0.754028963417034,full_event_available,0,1,,"3","0.90163",paper_formula,Full Bernoulli event probability uses selected probabilities and non-selected complement probabilities.
1,11,2,continue,bernoulli_full_event,44,2,42,1,0.763967811169131,0.763967811169131,full_event_available,0,1,,"40,42","0.2427,0.26573",paper_formula,Full Bernoulli event probability uses selected probabilities and non-selected complement probabilities.
1,11,3,continue,bernoulli_full_event,35,3,32,0.385875095540199,0.29361203128327,0.113297570623184,full_event_available,0,1,,"8,14,23","0.26769,0.12469,0.15866",paper_formula,Full Bernoulli event probability uses selected probabilities and non-selected complement probabilities.
1,11,4,load_loss_threshold,bernoulli_full_event,19,0,19,NaN,NaN,1,terminal_stage_probability_one,1,0,,"","",,Terminal recording stage excluded from Bernoulli complement product.
1,12,1,continue,bernoulli_full_event,45,1,44,1,0.754028963417034,0.754028963417034,full_event_available,0,1,,"3","0.17012",paper_formula,Full Bernoulli event probability uses selected probabilities and non-selected complement probabilities.
1,12,2,continue,bernoulli_full_event,44,2,42,1,0.763967811169131,0.763967811169131,full_event_available,0,1,,"40,42","0.93866,0.52099",paper_formula,Full Bernoulli event probability uses selected probabilities and non-selected complement probabilities.
1,12,3,continue,bernoulli_full_event,35,4,31,0.164666997462628,0.512176414913408,0.084338552414964,full_event_available,0,1,,"8,14,19,23","0.67808,0.67704,0.2765,0.30285",paper_formula,Full Bernoulli event probability uses selected probabilities and non-selected complement probabilities.
1,12,4,load_loss_threshold,bernoulli_full_event,19,0,19,NaN,NaN,1,terminal_stage_probability_one,1,0,,"","",,Terminal recording stage excluded from Bernoulli complement product.
1,13,1,continue,bernoulli_full_event,45,1,44,1,0.754028963417034,0.754028963417034,full_event_available,0,1,,"3","0.67889",paper_formula,Full Bernoulli event probability uses selected probabilities and non-selected complement probabilities.
1,13,2,continue,bernoulli_full_event,44,2,42,1,0.763967811169131,0.763967811169131,full_event_available,0,1,,"40,42","0.13305,0.59848",paper_formula,Full Bernoulli event probability uses selected probabilities and non-selected complement probabilities.
1,13,3,continue,bernoulli_full_event,35,2,33,0.777336572028831,0.147861046831992,0.114937799280976,full_event_available,0,1,,"8,14","0.18755,0.086673",paper_formula,Full Bernoulli event probability uses selected probabilities and non-selected complement probabilities.
1,13,4,continue,bernoulli_full_event,33,8,25,0.302668191716323,0.851520014782925,0.257728023084605,full_event_available,0,1,,"9,16,17,19,20,23,26,27","0.54107,0.19404,0.067057,0.42263,0.15661,0.14828,0.039347,0.49829",paper_formula,Full Bernoulli event probability uses selected probabilities and non-selected complement probabilities.
1,13,5,max_depth_reached,bernoulli_full_event,9,0,9,NaN,NaN,1,terminal_stage_probability_one,1,0,,"","",,Terminal recording stage excluded from Bernoulli complement product.
1,14,1,continue,bernoulli_full_event,45,1,44,1,0.754028963417034,0.754028963417034,full_event_available,0,1,,"3","0.50393",paper_formula,Full Bernoulli event probability uses selected probabilities and non-selected complement probabilities.
1,14,2,continue,bernoulli_full_event,44,2,42,1,0.763967811169131,0.763967811169131,full_event_available,0,1,,"40,42","0.48037,0.77536",paper_formula,Full Bernoulli event probability uses selected probabilities and non-selected complement probabilities.
1,14,3,continue,bernoulli_full_event,35,3,32,0.167377707037837,0.188435328803152,0.0315398732599924,full_event_available,0,1,,"8,14,20","0.68675,0.56215,0.096804",paper_formula,Full Bernoulli event probability uses selected probabilities and non-selected complement probabilities.
1,14,4,load_loss_threshold,bernoulli_full_event,32,0,32,NaN,NaN,1,terminal_stage_probability_one,1,0,,"","",,Terminal recording stage excluded from Bernoulli complement product.
1,15,1,continue,bernoulli_full_event,45,1,44,1,0.754028963417034,0.754028963417034,full_event_available,0,1,,"3","0.41287",paper_formula,Full Bernoulli event probability uses selected probabilities and non-selected complement probabilities.
1,15,2,continue,bernoulli_full_event,44,2,42,1,0.763967811169131,0.763967811169131,full_event_available,0,1,,"40,42","0.74017,0.49171",paper_formula,Full Bernoulli event probability uses selected probabilities and non-selected complement probabilities.
1,15,3,continue,bernoulli_full_event,35,2,33,0.777336572028831,0.147861046831992,0.114937799280976,full_event_available,0,1,,"8,14","0.0011891,0.73792",paper_formula,Full Bernoulli event probability uses selected probabilities and non-selected complement probabilities.
1,15,4,continue,bernoulli_full_event,33,7,26,0.999274135115175,0.593604780086192,0.593173903220863,full_event_available,0,1,,"9,16,17,19,20,23,27","0.67874,0.47931,0.52178,0.0090216,0.99172,0.2543,0.71166",paper_formula,Full Bernoulli event probability uses selected probabilities and non-selected complement probabilities.
1,15,5,max_depth_reached,bernoulli_full_event,0,0,0,NaN,NaN,1,terminal_stage_probability_one,1,0,,"","",,Terminal recording stage excluded from Bernoulli complement product.
1,16,1,continue,bernoulli_full_event,45,1,44,1,0.754028963417034,0.754028963417034,full_event_available,0,1,,"3","0.48704",paper_formula,Full Bernoulli event probability uses selected probabilities and non-selected complement probabilities.
1,16,2,continue,bernoulli_full_event,44,2,42,1,0.763967811169131,0.763967811169131,full_event_available,0,1,,"40,42","0.60041,0.42078",paper_formula,Full Bernoulli event probability uses selected probabilities and non-selected complement probabilities.
1,16,3,continue,bernoulli_full_event,35,3,32,0.166354004660785,0.188119605074982,0.0312944496594287,full_event_available,0,1,,"8,10,14","0.40663,0.14754,0.4716",paper_formula,Full Bernoulli event probability uses selected probabilities and non-selected complement probabilities.
1,16,4,continue,bernoulli_full_event,32,7,25,0.999757229782024,0.589038555438249,0.588895554419749,full_event_available,0,1,,"9,16,17,19,20,23,27","0.38672,0.13387,0.53879,0.79933,0.22572,0.69334,0.97274",paper_formula,Full Bernoulli event probability uses selected probabilities and non-selected complement probabilities.
1,16,5,max_depth_reached,bernoulli_full_event,0,0,0,NaN,NaN,1,terminal_stage_probability_one,1,0,,"","",,Terminal recording stage excluded from Bernoulli complement product.
1,17,1,continue,bernoulli_full_event,45,2,43,0.0065275337,0.758983252173331,0.00495428875629702,full_event_available,0,1,,"3,6","0.45179,0.0015551",paper_formula,Full Bernoulli event probability uses selected probabilities and non-selected complement probabilities.
1,17,2,continue,bernoulli_full_event,43,3,40,0.00649387285,0.774013749224481,0.00502634687161556,full_event_available,0,1,,"35,40,42","0.00023275,0.42798,0.37398",paper_formula,Full Bernoulli event probability uses selected probabilities and non-selected complement probabilities.
1,17,3,continue,bernoulli_full_event,33,10,23,0.804575664571095,0.863214085684707,0.694521046656904,full_event_available,0,1,,"14,19,20,23,24,26,27,29,36,38","0.23005,0.0061494,0.17191,0.52835,0.19855,0.25895,0.7154,0.61946,0.19475,0.40432",paper_formula,Full Bernoulli event probability uses selected probabilities and non-selected complement probabilities.
1,17,4,load_loss_threshold,bernoulli_full_event,0,0,0,NaN,NaN,1,terminal_stage_probability_one,1,0,,"","",,Terminal recording stage excluded from Bernoulli complement product.
1,18,1,continue,bernoulli_full_event,45,1,44,1,0.754028963417034,0.754028963417034,full_event_available,0,1,,"3","0.84223",paper_formula,Full Bernoulli event probability uses selected probabilities and non-selected complement probabilities.
1,18,2,continue,bernoulli_full_event,44,2,42,1,0.763967811169131,0.763967811169131,full_event_available,0,1,,"40,42","0.13166,0.31541",paper_formula,Full Bernoulli event probability uses selected probabilities and non-selected complement probabilities.
1,18,3,continue,bernoulli_full_event,35,3,32,0.331717907720077,0.257928602383088,0.0855595363236815,full_event_available,0,1,,"8,14,19","0.59354,0.5444,0.24719",paper_formula,Full Bernoulli event probability uses selected probabilities and non-selected complement probabilities.
1,18,4,load_loss_threshold,bernoulli_full_event,32,0,32,NaN,NaN,1,terminal_stage_probability_one,1,0,,"","",,Terminal recording stage excluded from Bernoulli complement product.
1,19,1,continue,bernoulli_full_event,45,1,44,1,0.754028963417034,0.754028963417034,full_event_available,0,1,,"3","0.62002",paper_formula,Full Bernoulli event probability uses selected probabilities and non-selected complement probabilities.
1,19,2,continue,bernoulli_full_event,44,2,42,1,0.763967811169131,0.763967811169131,full_event_available,0,1,,"40,42","0.85213,0.83145",paper_formula,Full Bernoulli event probability uses selected probabilities and non-selected complement probabilities.
1,19,3,continue,bernoulli_full_event,35,4,31,0.0709893299152337,0.328155574828178,0.0232955443650007,full_event_available,0,1,,"8,10,14,19","0.74583,0.1404,0.97847,0.31071",paper_formula,Full Bernoulli event probability uses selected probabilities and non-selected complement probabilities.
1,19,4,load_loss_threshold,bernoulli_full_event,31,0,31,NaN,NaN,1,terminal_stage_probability_one,1,0,,"","",,Terminal recording stage excluded from Bernoulli complement product.
1,20,1,continue,bernoulli_full_event,45,1,44,1,0.754028963417034,0.754028963417034,full_event_available,0,1,,"3","0.50021",paper_formula,Full Bernoulli event probability uses selected probabilities and non-selected complement probabilities.
1,20,2,continue,bernoulli_full_event,44,2,42,1,0.763967811169131,0.763967811169131,full_event_available,0,1,,"40,42","0.69606,0.44444",paper_formula,Full Bernoulli event probability uses selected probabilities and non-selected complement probabilities.
1,20,3,continue,bernoulli_full_event,35,3,32,0.331717907720077,0.257928602383088,0.0855595363236815,full_event_available,0,1,,"8,14,19","0.69344,0.29602,0.33521",paper_formula,Full Bernoulli event probability uses selected probabilities and non-selected complement probabilities.
1,20,4,load_loss_threshold,bernoulli_full_event,32,0,32,NaN,NaN,1,terminal_stage_probability_one,1,0,,"","",,Terminal recording stage excluded from Bernoulli complement product.
1,21,1,continue,bernoulli_full_event,45,2,43,0.006544364125,0.758996110332509,0.00496714691547461,full_event_available,0,1,,"3,11","0.27211,0.00416",paper_formula,Full Bernoulli event probability uses selected probabilities and non-selected complement probabilities.
1,21,2,continue,bernoulli_full_event,43,4,39,1,0.778510422433412,0.778510422433412,full_event_available,0,1,,"12,15,40,42","0.35335,0.681,0.10408,0.4748",paper_formula,Full Bernoulli event probability uses selected probabilities and non-selected complement probabilities.
1,21,3,load_loss_threshold,bernoulli_full_event,29,0,29,NaN,NaN,1,terminal_stage_probability_one,1,0,,"","",,Terminal recording stage excluded from Bernoulli complement product.
1,22,1,continue,bernoulli_full_event,45,1,44,1,0.754028963417034,0.754028963417034,full_event_available,0,1,,"3","0.5319",paper_formula,Full Bernoulli event probability uses selected probabilities and non-selected complement probabilities.
1,22,2,continue,bernoulli_full_event,44,2,42,1,0.763967811169131,0.763967811169131,full_event_available,0,1,,"40,42","0.48194,0.097302",paper_formula,Full Bernoulli event probability uses selected probabilities and non-selected complement probabilities.
1,22,3,continue,bernoulli_full_event,35,4,31,0.0825792452739433,0.373554634933919,0.0308478598214265,full_event_available,0,1,,"8,10,14,23","0.019546,0.10603,0.70596,0.18598",paper_formula,Full Bernoulli event probability uses selected probabilities and non-selected complement probabilities.
1,22,4,load_loss_threshold,bernoulli_full_event,19,0,19,NaN,NaN,1,terminal_stage_probability_one,1,0,,"","",,Terminal recording stage excluded from Bernoulli complement product.
1,23,1,continue,bernoulli_full_event,45,1,44,1,0.754028963417034,0.754028963417034,full_event_available,0,1,,"3","0.090423",paper_formula,Full Bernoulli event probability uses selected probabilities and non-selected complement probabilities.
1,23,2,continue,bernoulli_full_event,44,2,42,1,0.763967811169131,0.763967811169131,full_event_available,0,1,,"40,42","0.40179,0.27326",paper_formula,Full Bernoulli event probability uses selected probabilities and non-selected complement probabilities.
1,23,3,continue,bernoulli_full_event,35,1,34,1,0.032923247551017,0.032923247551017,full_event_available,0,1,,"14","0.65494",paper_formula,Full Bernoulli event probability uses selected probabilities and non-selected complement probabilities.
1,23,4,continue,bernoulli_full_event,34,5,29,0.00238658872723288,0.83002507646385,0.00198092849080923,full_event_available,0,1,,"16,17,20,27,35","0.2436,0.21924,0.11033,0.23751,0.0056547",paper_formula,Full Bernoulli event probability uses selected probabilities and non-selected complement probabilities.
1,23,5,max_depth_reached,bernoulli_full_event,0,0,0,NaN,NaN,1,terminal_stage_probability_one,1,0,,"","",,Terminal recording stage excluded from Bernoulli complement product.
1,24,1,continue,bernoulli_full_event,45,1,44,1,0.754028963417034,0.754028963417034,full_event_available,0,1,,"3","0.64099",paper_formula,Full Bernoulli event probability uses selected probabilities and non-selected complement probabilities.
1,24,2,continue,bernoulli_full_event,44,2,42,1,0.763967811169131,0.763967811169131,full_event_available,0,1,,"40,42","0.18402,0.56717",paper_formula,Full Bernoulli event probability uses selected probabilities and non-selected complement probabilities.
1,24,3,continue,bernoulli_full_event,35,5,30,0.0352395801883865,0.651628180420696,0.0229631035169475,full_event_available,0,1,,"8,10,14,19,23","0.45069,0.065433,0.87028,0.14736,0.31699",paper_formula,Full Bernoulli event probability uses selected probabilities and non-selected complement probabilities.
1,24,4,load_loss_threshold,bernoulli_full_event,19,0,19,NaN,NaN,1,terminal_stage_probability_one,1,0,,"","",,Terminal recording stage excluded from Bernoulli complement product.
1,25,1,continue,bernoulli_full_event,45,1,44,1,0.754028963417034,0.754028963417034,full_event_available,0,1,,"3","0.11068",paper_formula,Full Bernoulli event probability uses selected probabilities and non-selected complement probabilities.
1,25,2,continue,bernoulli_full_event,44,2,42,1,0.763967811169131,0.763967811169131,full_event_available,0,1,,"40,42","0.40369,0.43121",paper_formula,Full Bernoulli event probability uses selected probabilities and non-selected complement probabilities.
1,25,3,continue,bernoulli_full_event,35,1,34,1,0.032923247551017,0.032923247551017,full_event_available,0,1,,"14","0.79615",paper_formula,Full Bernoulli event probability uses selected probabilities and non-selected complement probabilities.
1,25,4,continue,bernoulli_full_event,34,2,32,1,0.0735032024184907,0.0735032024184907,full_event_available,0,1,,"16,17","0.29401,0.98404",paper_formula,Full Bernoulli event probability uses selected probabilities and non-selected complement probabilities.
1,25,5,max_depth_reached,bernoulli_full_event,31,0,31,NaN,NaN,1,terminal_stage_probability_one,1,0,,"","",,Terminal recording stage excluded from Bernoulli complement product.
1,26,1,continue,bernoulli_full_event,45,2,43,0.006009750625,0.75858788744774,0.00455892403070649,full_event_available,0,1,,"3,34","0.16768,0.0050818",paper_formula,Full Bernoulli event probability uses selected probabilities and non-selected complement probabilities.
1,26,2,continue,bernoulli_full_event,43,2,41,1,0.316468507202116,0.316468507202116,full_event_available,0,1,,"40,42","0.42043,0.35384",paper_formula,Full Bernoulli event probability uses selected probabilities and non-selected complement probabilities.
1,26,3,continue,bernoulli_full_event,34,7,27,0.997252595590092,0.571153986664656,0.569584795682957,full_event_available,0,1,,"6,8,10,14,19,20,23","0.78803,0.093965,0.67319,0.56343,0.89235,0.352,0.90914",paper_formula,Full Bernoulli event probability uses selected probabilities and non-selected complement probabilities.
1,26,4,load_loss_threshold,bernoulli_full_event,17,0,17,NaN,NaN,1,terminal_stage_probability_one,1,0,,"","",,Terminal recording stage excluded from Bernoulli complement product.
1,27,1,continue,bernoulli_full_event,45,1,44,1,0.754028963417034,0.754028963417034,full_event_available,0,1,,"3","0.25516",paper_formula,Full Bernoulli event probability uses selected probabilities and non-selected complement probabilities.
1,27,2,continue,bernoulli_full_event,44,3,41,0.006532483825,0.768991233966585,0.00502342279745351,full_event_available,0,1,,"20,40,42","0.003849,0.16046,0.50635",paper_formula,Full Bernoulli event probability uses selected probabilities and non-selected complement probabilities.
1,27,3,continue,bernoulli_full_event,34,3,31,0.006425561125,0.819484760657791,0.00526564942061263,full_event_available,0,1,,"14,27,39","0.54555,0.60372,0.0032608",paper_formula,Full Bernoulli event probability uses selected probabilities and non-selected complement probabilities.
1,27,4,load_loss_threshold,bernoulli_full_event,0,0,0,NaN,NaN,1,terminal_stage_probability_one,1,0,,"","",,Terminal recording stage excluded from Bernoulli complement product.
1,28,1,continue,bernoulli_full_event,45,2,43,0.00648199255,0.758948461691553,0.0049194982745186,full_event_available,0,1,,"3,13","0.13075,0.0014118",paper_formula,Full Bernoulli event probability uses selected probabilities and non-selected complement probabilities.
1,28,2,continue,bernoulli_full_event,43,7,36,0.00313422516353525,0.794624833300406,0.00249053314810014,full_event_available,0,1,,"9,19,23,30,40,42,45","0.08078,0.10881,0.35495,0.2878,0.16259,0.97142,0.00041362",paper_formula,Full Bernoulli event probability uses selected probabilities and non-selected complement probabilities.
1,28,3,load_loss_threshold,bernoulli_full_event,11,0,11,NaN,NaN,1,terminal_stage_probability_one,1,0,,"","",,Terminal recording stage excluded from Bernoulli complement product.
1,29,1,continue,bernoulli_full_event,45,2,43,0.006009750625,0.75858788744774,0.00455892403070649,full_event_available,0,1,,"3,33","0.7735,0.0040037",paper_formula,Full Bernoulli event probability uses selected probabilities and non-selected complement probabilities.
1,29,2,continue,bernoulli_full_event,43,4,39,0.00637197240334076,0.778483255524655,0.00496047382066598,full_event_available,0,1,,"14,22,40,42","0.51349,0.00010902,0.10463,0.085871",paper_formula,Full Bernoulli event probability uses selected probabilities and non-selected complement probabilities.
1,29,3,load_loss_threshold,bernoulli_full_event,32,0,32,NaN,NaN,1,terminal_stage_probability_one,1,0,,"","",,Terminal recording stage excluded from Bernoulli complement product.
1,30,1,continue,bernoulli_full_event,45,2,43,0.006358239425,0.75885393844628,0.00482497502924566,full_event_available,0,1,,"3,24","0.74355,0.0028156",paper_formula,Full Bernoulli event probability uses selected probabilities and non-selected complement probabilities.
1,30,2,continue,bernoulli_full_event,43,3,40,1,0.767313776857819,0.767313776857819,full_event_available,0,1,,"30,40,42","0.30714,0.36419,0.76943",paper_formula,Full Bernoulli event probability uses selected probabilities and non-selected complement probabilities.
1,30,3,load_loss_threshold,bernoulli_full_event,19,0,19,NaN,NaN,1,terminal_stage_probability_one,1,0,,"","",,Terminal recording stage excluded from Bernoulli complement product.
2,1,1,no_new_outage,bernoulli_full_event,45,0,45,1,0.338606264300792,0.338606264300792,full_event_available,1,1,,"","",paper_formula,Full Bernoulli event probability uses selected probabilities and non-selected complement probabilities.
2,2,1,no_new_outage,bernoulli_full_event,45,0,45,1,0.338606264300792,0.338606264300792,full_event_available,1,1,,"","",paper_formula,Full Bernoulli event probability uses selected probabilities and non-selected complement probabilities.
2,3,1,no_new_outage,bernoulli_full_event,45,0,45,1,0.338606264300792,0.338606264300792,full_event_available,1,1,,"","",paper_formula,Full Bernoulli event probability uses selected probabilities and non-selected complement probabilities.
2,4,1,continue,bernoulli_full_event,45,2,43,0.00363377691448801,0.759143612822474,0.00275855853505533,full_event_available,0,1,,"3,9","0.34421,0.0020289",paper_formula,Full Bernoulli event probability uses selected probabilities and non-selected complement probabilities.
2,4,2,continue,bernoulli_full_event,43,6,37,0.00192603399367521,0.789257786304869,0.00152013732619603,full_event_available,0,1,,"13,18,21,30,40,42","0.96364,0.11256,0.0058169,0.49147,0.18646,0.74298",paper_formula,Full Bernoulli event probability uses selected probabilities and non-selected complement probabilities.
2,4,3,load_loss_threshold,bernoulli_full_event,10,0,10,NaN,NaN,1,terminal_stage_probability_one,1,0,,"","",,Terminal recording stage excluded from Bernoulli complement product.
2,5,1,continue,bernoulli_full_event,45,2,43,0.00362668534279609,0.75913377766258,0.00275313934467031,full_event_available,0,1,,"3,42","0.50014,0.00065892",paper_formula,Full Bernoulli event probability uses selected probabilities and non-selected complement probabilities.
2,5,2,continue,bernoulli_full_event,34,4,30,0.128021846036391,0.825015451056155,0.105620001052755,full_event_available,0,1,,"8,14,19,23","0.27297,0.76811,0.26434,0.15884",paper_formula,Full Bernoulli event probability uses selected probabilities and non-selected complement probabilities.
2,5,3,load_loss_threshold,bernoulli_full_event,19,0,19,NaN,NaN,1,terminal_stage_probability_one,1,0,,"","",,Terminal recording stage excluded from Bernoulli complement product.
2,6,1,continue,bernoulli_full_event,45,1,44,0.006494862875,0.340819842442535,0.00221357814174337,full_event_available,0,1,,"32","0.0041968",paper_formula,Full Bernoulli event probability uses selected probabilities and non-selected complement probabilities.
2,6,2,continue,bernoulli_full_event,43,3,40,0.00502585331499784,0.773231460335245,0.00388614789818651,full_event_available,0,1,,"3,27,39","0.47904,0.71548,0.003153",paper_formula,Full Bernoulli event probability uses selected probabilities and non-selected complement probabilities.
2,6,3,continue,bernoulli_full_event,39,9,30,0.379104384488212,0.824479800955828,0.312563907464322,full_event_available,0,1,,"8,10,14,19,20,23,24,40,42","0.68629,0.26187,0.21635,0.52651,0.74623,0.1899,0.075209,0.42756,0.48981",paper_formula,Full Bernoulli event probability uses selected probabilities and non-selected complement probabilities.
2,6,4,load_loss_threshold,bernoulli_full_event,0,0,0,NaN,NaN,1,terminal_stage_probability_one,1,0,,"","",,Terminal recording stage excluded from Bernoulli complement product.
2,7,1,continue,bernoulli_full_event,45,1,44,0.551001757292209,0.754137170468077,0.415530906167284,full_event_available,0,1,,"3","0.10905",paper_formula,Full Bernoulli event probability uses selected probabilities and non-selected complement probabilities.
2,7,2,continue,bernoulli_full_event,44,2,42,1,0.764077444496163,0.764077444496163,full_event_available,0,1,,"40,42","0.25779,0.72865",paper_formula,Full Bernoulli event probability uses selected probabilities and non-selected complement probabilities.
2,7,3,continue,bernoulli_full_event,34,3,31,0.363340483271825,0.534323920892318,0.194141511640711,full_event_available,0,1,,"8,14,23","0.12303,0.46916,0.32659",paper_formula,Full Bernoulli event probability uses selected probabilities and non-selected complement probabilities.
2,7,4,load_loss_threshold,bernoulli_full_event,19,0,19,NaN,NaN,1,terminal_stage_probability_one,1,0,,"","",,Terminal recording stage excluded from Bernoulli complement product.
2,8,1,continue,bernoulli_full_event,45,1,44,0.551001757292209,0.754137170468077,0.415530906167284,full_event_available,0,1,,"3","0.10656",paper_formula,Full Bernoulli event probability uses selected probabilities and non-selected complement probabilities.
2,8,2,continue,bernoulli_full_event,44,3,41,0.006009750625,0.768697122508595,0.00461967801243173,full_event_available,0,1,,"40,42,44","0.28446,0.8054,0.0010035",paper_formula,Full Bernoulli event probability uses selected probabilities and non-selected complement probabilities.
2,8,3,continue,bernoulli_full_event,34,4,30,0.00235984661578673,0.537816968353623,0.00126916555268198,full_event_available,0,1,,"8,14,23,32","0.38416,0.81084,0.34312,0.0002683",paper_formula,Full Bernoulli event probability uses selected probabilities and non-selected complement probabilities.
2,8,4,load_loss_threshold,bernoulli_full_event,17,0,17,NaN,NaN,1,terminal_stage_probability_one,1,0,,"","",,Terminal recording stage excluded from Bernoulli complement product.
2,9,1,no_new_outage,bernoulli_full_event,45,0,45,1,0.338606264300792,0.338606264300792,full_event_available,1,1,,"","",paper_formula,Full Bernoulli event probability uses selected probabilities and non-selected complement probabilities.
2,10,1,continue,bernoulli_full_event,45,1,44,0.006457241925,0.340806937143647,0.0022006728428548,full_event_available,0,1,,"5","0.0046695",paper_formula,Full Bernoulli event probability uses selected probabilities and non-selected complement probabilities.
2,10,2,no_new_outage,bernoulli_full_event,44,0,44,1,0.754211565706698,0.754211565706698,full_event_available,1,1,,"","",paper_formula,Full Bernoulli event probability uses selected probabilities and non-selected complement probabilities.
2,11,1,no_new_outage,bernoulli_full_event,45,0,45,1,0.338606264300792,0.338606264300792,full_event_available,1,1,,"","",paper_formula,Full Bernoulli event probability uses selected probabilities and non-selected complement probabilities.
2,12,1,continue,bernoulli_full_event,45,1,44,0.551001757292209,0.754137170468077,0.415530906167284,full_event_available,0,1,,"3","0.53023",paper_formula,Full Bernoulli event probability uses selected probabilities and non-selected complement probabilities.
2,12,2,continue,bernoulli_full_event,44,2,42,1,0.764077444496163,0.764077444496163,full_event_available,0,1,,"40,42","0.16637,0.088612",paper_formula,Full Bernoulli event probability uses selected probabilities and non-selected complement probabilities.
2,12,3,continue,bernoulli_full_event,34,3,31,0.363340483271825,0.534323920892318,0.194141511640711,full_event_available,0,1,,"8,14,23","0.21031,0.040046,0.11529",paper_formula,Full Bernoulli event probability uses selected probabilities and non-selected complement probabilities.
2,12,4,load_loss_threshold,bernoulli_full_event,19,0,19,NaN,NaN,1,terminal_stage_probability_one,1,0,,"","",,Terminal recording stage excluded from Bernoulli complement product.
2,13,1,continue,bernoulli_full_event,45,1,44,0.551001757292209,0.754137170468077,0.415530906167284,full_event_available,0,1,,"3","0.37784",paper_formula,Full Bernoulli event probability uses selected probabilities and non-selected complement probabilities.
2,13,2,continue,bernoulli_full_event,44,2,42,1,0.764077444496163,0.764077444496163,full_event_available,0,1,,"40,42","0.25933,0.54211",paper_formula,Full Bernoulli event probability uses selected probabilities and non-selected complement probabilities.
2,13,3,continue,bernoulli_full_event,34,2,32,0.856757666770383,0.307723659032341,0.263644604122594,full_event_available,0,1,,"8,14","0.031361,0.0080805",paper_formula,Full Bernoulli event probability uses selected probabilities and non-selected complement probabilities.
2,13,4,continue,bernoulli_full_event,32,7,25,0.999274135115175,0.597525259562723,0.59709153695901,full_event_available,0,1,,"9,16,17,19,20,23,27","0.60129,0.41732,0.59765,0.28078,0.69151,0.71127,0.83954",paper_formula,Full Bernoulli event probability uses selected probabilities and non-selected complement probabilities.
2,13,5,max_depth_reached,bernoulli_full_event,0,0,0,NaN,NaN,1,terminal_stage_probability_one,1,0,,"","",,Terminal recording stage excluded from Bernoulli complement product.
2,14,1,no_new_outage,bernoulli_full_event,45,0,45,1,0.338606264300792,0.338606264300792,full_event_available,1,1,,"","",paper_formula,Full Bernoulli event probability uses selected probabilities and non-selected complement probabilities.
2,15,1,no_new_outage,bernoulli_full_event,45,0,45,1,0.338606264300792,0.338606264300792,full_event_available,1,1,,"","",paper_formula,Full Bernoulli event probability uses selected probabilities and non-selected complement probabilities.
2,16,1,continue,bernoulli_full_event,45,2,43,0.00359941006705793,0.759095952499402,0.00273229761328928,full_event_available,0,1,,"3,20","0.40997,0.0055208",paper_formula,Full Bernoulli event probability uses selected probabilities and non-selected complement probabilities.
2,16,2,continue,bernoulli_full_event,43,3,40,1,0.716487408931259,0.716487408931259,full_event_available,0,1,,"14,40,42","0.45579,0.38399,0.31607",paper_formula,Full Bernoulli event probability uses selected probabilities and non-selected complement probabilities.
2,16,3,load_loss_threshold,bernoulli_full_event,32,0,32,NaN,NaN,1,terminal_stage_probability_one,1,0,,"","",,Terminal recording stage excluded from Bernoulli complement product.
2,17,1,no_new_outage,bernoulli_full_event,45,0,45,1,0.338606264300792,0.338606264300792,full_event_available,1,1,,"","",paper_formula,Full Bernoulli event probability uses selected probabilities and non-selected complement probabilities.
2,18,1,continue,bernoulli_full_event,45,1,44,0.551001757292209,0.754137170468077,0.415530906167284,full_event_available,0,1,,"3","0.27757",paper_formula,Full Bernoulli event probability uses selected probabilities and non-selected complement probabilities.
2,18,2,continue,bernoulli_full_event,44,2,42,1,0.764077444496163,0.764077444496163,full_event_available,0,1,,"40,42","0.96881,0.7695",paper_formula,Full Bernoulli event probability uses selected probabilities and non-selected complement probabilities.
2,18,3,continue,bernoulli_full_event,34,2,32,0.856757666770383,0.307723659032341,0.263644604122594,full_event_available,0,1,,"8,14","0.23517,0.72949",paper_formula,Full Bernoulli event probability uses selected probabilities and non-selected complement probabilities.
2,18,4,continue,bernoulli_full_event,32,7,25,0.999274135115175,0.597525259562723,0.59709153695901,full_event_available,0,1,,"9,16,17,19,20,23,27","0.2941,0.031298,0.99153,0.3004,0.30379,0.74316,0.36408",paper_formula,Full Bernoulli event probability uses selected probabilities and non-selected complement probabilities.
2,18,5,max_depth_reached,bernoulli_full_event,0,0,0,NaN,NaN,1,terminal_stage_probability_one,1,0,,"","",,Terminal recording stage excluded from Bernoulli complement product.
2,19,1,continue,bernoulli_full_event,45,1,44,0.551001757292209,0.754137170468077,0.415530906167284,full_event_available,0,1,,"3","0.15875",paper_formula,Full Bernoulli event probability uses selected probabilities and non-selected complement probabilities.
2,19,2,continue,bernoulli_full_event,44,2,42,1,0.764077444496163,0.764077444496163,full_event_available,0,1,,"40,42","0.6053,0.7923",paper_formula,Full Bernoulli event probability uses selected probabilities and non-selected complement probabilities.
2,19,3,continue,bernoulli_full_event,34,3,31,0.149425970728666,0.118177138159769,0.0176587335874591,full_event_available,0,1,,"14,19,23","0.54851,0.061937,0.14267",paper_formula,Full Bernoulli event probability uses selected probabilities and non-selected complement probabilities.
2,19,4,continue,bernoulli_full_event,31,7,24,0.906519534730913,0.856975666760302,0.776865182707263,full_event_available,0,1,,"8,13,16,17,18,20,27","0.58027,0.17134,0.61969,0.060157,0.78581,0.85026,0.58069",paper_formula,Full Bernoulli event probability uses selected probabilities and non-selected complement probabilities.
2,19,5,max_depth_reached,bernoulli_full_event,0,0,0,NaN,NaN,1,terminal_stage_probability_one,1,0,,"","",,Terminal recording stage excluded from Bernoulli complement product.
2,20,1,continue,bernoulli_full_event,45,2,43,0.00330374607805627,0.75868616949352,0.00250650645693975,full_event_available,0,1,,"3,27","0.49403,0.0021585",paper_formula,Full Bernoulli event probability uses selected probabilities and non-selected complement probabilities.
2,20,2,continue,bernoulli_full_event,40,2,38,1,0.783095690765897,0.783095690765897,full_event_available,0,1,,"40,42","0.28166,0.6963",paper_formula,Full Bernoulli event probability uses selected probabilities and non-selected complement probabilities.
2,20,3,continue,bernoulli_full_event,30,6,24,0.828440108381761,0.474576112378876,0.393157885974551,full_event_available,0,1,,"8,10,14,19,20,23","0.28215,0.6162,0.45538,0.81198,0.45571,0.37775",paper_formula,Full Bernoulli event probability uses selected probabilities and non-selected complement probabilities.
2,20,4,load_loss_threshold,bernoulli_full_event,0,0,0,NaN,NaN,1,terminal_stage_probability_one,1,0,,"","",,Terminal recording stage excluded from Bernoulli complement product.
2,21,1,continue,bernoulli_full_event,45,1,44,0.551001757292209,0.754137170468077,0.415530906167284,full_event_available,0,1,,"3","0.21176",paper_formula,Full Bernoulli event probability uses selected probabilities and non-selected complement probabilities.
2,21,2,continue,bernoulli_full_event,44,2,42,1,0.764077444496163,0.764077444496163,full_event_available,0,1,,"40,42","0.33139,0.66951",paper_formula,Full Bernoulli event probability uses selected probabilities and non-selected complement probabilities.
2,21,3,continue,bernoulli_full_event,34,4,30,0.00197199876350174,0.478260684743183,0.000943129478945053,full_event_available,0,1,,"8,14,19,20","0.72132,0.45836,0.27623,0.0054714",paper_formula,Full Bernoulli event probability uses selected probabilities and non-selected complement probabilities.
2,21,4,load_loss_threshold,bernoulli_full_event,30,0,30,NaN,NaN,1,terminal_stage_probability_one,1,0,,"","",,Terminal recording stage excluded from Bernoulli complement product.
2,22,1,no_new_outage,bernoulli_full_event,45,0,45,1,0.338606264300792,0.338606264300792,full_event_available,1,1,,"","",paper_formula,Full Bernoulli event probability uses selected probabilities and non-selected complement probabilities.
2,23,1,no_new_outage,bernoulli_full_event,45,0,45,1,0.338606264300792,0.338606264300792,full_event_available,1,1,,"","",paper_formula,Full Bernoulli event probability uses selected probabilities and non-selected complement probabilities.
2,24,1,continue,bernoulli_full_event,45,2,43,0.0035034010964596,0.758962837906161,0.00265895123849254,full_event_available,0,1,,"3,14","0.45765,0.0036898",paper_formula,Full Bernoulli event probability uses selected probabilities and non-selected complement probabilities.
2,24,2,continue,bernoulli_full_event,43,2,41,1,0.768966719005457,0.768966719005457,full_event_available,0,1,,"40,42","0.15984,0.35722",paper_formula,Full Bernoulli event probability uses selected probabilities and non-selected complement probabilities.
2,24,3,continue,bernoulli_full_event,33,2,31,1,0.0739886563875425,0.0739886563875425,full_event_available,0,1,,"16,17","0.90099,0.037954",paper_formula,Full Bernoulli event probability uses selected probabilities and non-selected complement probabilities.
2,24,4,load_loss_threshold,bernoulli_full_event,31,0,31,NaN,NaN,1,terminal_stage_probability_one,1,0,,"","",,Terminal recording stage excluded from Bernoulli complement product.
2,25,1,continue,bernoulli_full_event,45,1,44,0.551001757292209,0.754137170468077,0.415530906167284,full_event_available,0,1,,"3","0.19109",paper_formula,Full Bernoulli event probability uses selected probabilities and non-selected complement probabilities.
2,25,2,continue,bernoulli_full_event,44,4,40,4.23660119095389e-05,0.774124842204681,3.27965822843134e-05,full_event_available,0,1,,"19,38,40,42","0.0026918,0.0047578,0.6716,0.33252",paper_formula,Full Bernoulli event probability uses selected probabilities and non-selected complement probabilities.
2,25,3,continue,bernoulli_full_event,32,8,24,0.927157369774908,0.667585302589136,0.61895663324893,full_event_available,0,1,,"8,10,13,14,18,27,28,35","0.38219,0.32189,0.53188,0.57404,0.37066,0.31182,0.56486,0.41608",paper_formula,Full Bernoulli event probability uses selected probabilities and non-selected complement probabilities.
2,25,4,load_loss_threshold,bernoulli_full_event,5,0,5,NaN,NaN,1,terminal_stage_probability_one,1,0,,"","",,Terminal recording stage excluded from Bernoulli complement product.
2,26,1,no_new_outage,bernoulli_full_event,45,0,45,1,0.338606264300792,0.338606264300792,full_event_available,1,1,,"","",paper_formula,Full Bernoulli event probability uses selected probabilities and non-selected complement probabilities.
2,27,1,no_new_outage,bernoulli_full_event,45,0,45,1,0.338606264300792,0.338606264300792,full_event_available,1,1,,"","",paper_formula,Full Bernoulli event probability uses selected probabilities and non-selected complement probabilities.
2,28,1,continue,bernoulli_full_event,45,1,44,0.551001757292209,0.754137170468077,0.415530906167284,full_event_available,0,1,,"3","0.013627",paper_formula,Full Bernoulli event probability uses selected probabilities and non-selected complement probabilities.
2,28,2,continue,bernoulli_full_event,44,2,42,1,0.764077444496163,0.764077444496163,full_event_available,0,1,,"40,42","0.29644,0.96813",paper_formula,Full Bernoulli event probability uses selected probabilities and non-selected complement probabilities.
2,28,3,continue,bernoulli_full_event,34,1,33,1,0.0440790549097478,0.0440790549097478,full_event_available,0,1,,"14","0.70355",paper_formula,Full Bernoulli event probability uses selected probabilities and non-selected complement probabilities.
2,28,4,continue,bernoulli_full_event,33,4,29,0.367513929262239,0.830081324215482,0.305066449069634,full_event_available,0,1,,"16,17,20,27","0.26329,0.23135,0.40094,0.58923",paper_formula,Full Bernoulli event probability uses selected probabilities and non-selected complement probabilities.
2,28,5,max_depth_reached,bernoulli_full_event,0,0,0,NaN,NaN,1,terminal_stage_probability_one,1,0,,"","",,Terminal recording stage excluded from Bernoulli complement product.
2,29,1,no_new_outage,bernoulli_full_event,45,0,45,1,0.338606264300792,0.338606264300792,full_event_available,1,1,,"","",paper_formula,Full Bernoulli event probability uses selected probabilities and non-selected complement probabilities.
2,30,1,no_new_outage,bernoulli_full_event,45,0,45,1,0.338606264300792,0.338606264300792,full_event_available,1,1,,"","",paper_formula,Full Bernoulli event probability uses selected probabilities and non-selected complement probabilities.
3,1,1,no_new_outage,bernoulli_full_event,45,0,45,1,0.749189129775249,0.749189129775249,full_event_available,1,1,,"","",paper_formula,Full Bernoulli event probability uses selected probabilities and non-selected complement probabilities.
3,2,1,no_new_outage,bernoulli_full_event,45,0,45,1,0.749189129775249,0.749189129775249,full_event_available,1,1,,"","",paper_formula,Full Bernoulli event probability uses selected probabilities and non-selected complement probabilities.
3,3,1,no_new_outage,bernoulli_full_event,45,0,45,1,0.749189129775249,0.749189129775249,full_event_available,1,1,,"","",paper_formula,Full Bernoulli event probability uses selected probabilities and non-selected complement probabilities.
3,4,1,no_new_outage,bernoulli_full_event,45,0,45,1,0.749189129775249,0.749189129775249,full_event_available,1,1,,"","",paper_formula,Full Bernoulli event probability uses selected probabilities and non-selected complement probabilities.
3,5,1,no_new_outage,bernoulli_full_event,45,0,45,1,0.749189129775249,0.749189129775249,full_event_available,1,1,,"","",paper_formula,Full Bernoulli event probability uses selected probabilities and non-selected complement probabilities.
3,6,1,continue,bernoulli_full_event,45,2,43,4.27185573710085e-05,0.759079310186011,3.24267730613267e-05,full_event_available,0,1,,"6,11","0.0013373,0.00053194",paper_formula,Full Bernoulli event probability uses selected probabilities and non-selected complement probabilities.
3,6,2,no_new_outage,bernoulli_full_event,43,0,43,1,0.551785453745676,0.551785453745676,full_event_available,1,1,,"","",paper_formula,Full Bernoulli event probability uses selected probabilities and non-selected complement probabilities.
3,7,1,no_new_outage,bernoulli_full_event,45,0,45,1,0.749189129775249,0.749189129775249,full_event_available,1,1,,"","",paper_formula,Full Bernoulli event probability uses selected probabilities and non-selected complement probabilities.
3,8,1,continue,bernoulli_full_event,45,1,44,0.00656119455,0.754137170468077,0.00494804069282757,full_event_available,0,1,,"31","0.0045816",paper_formula,Full Bernoulli event probability uses selected probabilities and non-selected complement probabilities.
3,8,2,no_new_outage,bernoulli_full_event,44,0,44,1,0.754137170468077,0.754137170468077,full_event_available,1,1,,"","",paper_formula,Full Bernoulli event probability uses selected probabilities and non-selected complement probabilities.
3,9,1,no_new_outage,bernoulli_full_event,45,0,45,1,0.749189129775249,0.749189129775249,full_event_available,1,1,,"","",paper_formula,Full Bernoulli event probability uses selected probabilities and non-selected complement probabilities.
3,10,1,no_new_outage,bernoulli_full_event,45,0,45,1,0.749189129775249,0.749189129775249,full_event_available,1,1,,"","",paper_formula,Full Bernoulli event probability uses selected probabilities and non-selected complement probabilities.
3,11,1,no_new_outage,bernoulli_full_event,45,0,45,1,0.749189129775249,0.749189129775249,full_event_available,1,1,,"","",paper_formula,Full Bernoulli event probability uses selected probabilities and non-selected complement probabilities.
3,12,1,continue,bernoulli_full_event,45,1,44,0.006358239425,0.753983135070439,0.00479400529518996,full_event_available,0,1,,"38","0.00080523",paper_formula,Full Bernoulli event probability uses selected probabilities and non-selected complement probabilities.
3,12,2,continue,bernoulli_full_event,44,2,42,1,0.763840688498916,0.763840688498916,full_event_available,0,1,,"28,35","0.21026,0.3561",paper_formula,Full Bernoulli event probability uses selected probabilities and non-selected complement probabilities.
3,12,3,continue,bernoulli_full_event,39,4,35,0.954677807446102,0.799053280575184,0.762838433932132,full_event_available,0,1,,"8,14,19,23","0.30703,0.27014,0.028197,0.047451",paper_formula,Full Bernoulli event probability uses selected probabilities and non-selected complement probabilities.
3,12,4,load_loss_threshold,bernoulli_full_event,35,0,35,NaN,NaN,1,terminal_stage_probability_one,1,0,,"","",,Terminal recording stage excluded from Bernoulli complement product.
3,13,1,no_new_outage,bernoulli_full_event,45,0,45,1,0.749189129775249,0.749189129775249,full_event_available,1,1,,"","",paper_formula,Full Bernoulli event probability uses selected probabilities and non-selected complement probabilities.
3,14,1,no_new_outage,bernoulli_full_event,45,0,45,1,0.749189129775249,0.749189129775249,full_event_available,1,1,,"","",paper_formula,Full Bernoulli event probability uses selected probabilities and non-selected complement probabilities.
3,15,1,continue,bernoulli_full_event,45,1,44,0.00649387285,0.754086068824149,0.00489693904890037,full_event_available,0,1,,"35","0.0036166",paper_formula,Full Bernoulli event probability uses selected probabilities and non-selected complement probabilities.
3,15,2,continue,bernoulli_full_event,44,4,40,0.00597921188883409,0.773990616642953,0.00462785389687758,full_event_available,0,1,,"29,36,38,40","0.62446,0.33752,0.072848,0.0061151",paper_formula,Full Bernoulli event probability uses selected probabilities and non-selected complement probabilities.
3,15,3,continue,bernoulli_full_event,38,10,28,0.00445425924635086,0.83580502791507,0.00372289227373724,full_event_available,0,1,,"1,6,8,14,19,20,23,24,27,46","0.71699,0.32725,0.63248,0.24674,0.22772,0.27709,0.22579,0.83843,0.39804,0.0040299",paper_formula,Full Bernoulli event probability uses selected probabilities and non-selected complement probabilities.
3,15,4,load_loss_threshold,bernoulli_full_event,11,0,11,NaN,NaN,1,terminal_stage_probability_one,1,0,,"","",,Terminal recording stage excluded from Bernoulli complement product.
3,16,1,no_new_outage,bernoulli_full_event,45,0,45,1,0.749189129775249,0.749189129775249,full_event_available,1,1,,"","",paper_formula,Full Bernoulli event probability uses selected probabilities and non-selected complement probabilities.
3,17,1,no_new_outage,bernoulli_full_event,45,0,45,1,0.749189129775249,0.749189129775249,full_event_available,1,1,,"","",paper_formula,Full Bernoulli event probability uses selected probabilities and non-selected complement probabilities.
3,18,1,continue,bernoulli_full_event,45,1,44,0.006007770575,0.753717290333986,0.00452816055873726,full_event_available,0,1,,"16","0.0031951",paper_formula,Full Bernoulli event probability uses selected probabilities and non-selected complement probabilities.
3,18,2,no_new_outage,bernoulli_full_event,44,0,44,1,0.753717290333986,0.753717290333986,full_event_available,1,1,,"","",paper_formula,Full Bernoulli event probability uses selected probabilities and non-selected complement probabilities.
3,19,1,no_new_outage,bernoulli_full_event,45,0,45,1,0.749189129775249,0.749189129775249,full_event_available,1,1,,"","",paper_formula,Full Bernoulli event probability uses selected probabilities and non-selected complement probabilities.
3,20,1,no_new_outage,bernoulli_full_event,45,0,45,1,0.749189129775249,0.749189129775249,full_event_available,1,1,,"","",paper_formula,Full Bernoulli event probability uses selected probabilities and non-selected complement probabilities.
3,21,1,no_new_outage,bernoulli_full_event,45,0,45,1,0.749189129775249,0.749189129775249,full_event_available,1,1,,"","",paper_formula,Full Bernoulli event probability uses selected probabilities and non-selected complement probabilities.
3,22,1,no_new_outage,bernoulli_full_event,45,0,45,1,0.749189129775249,0.749189129775249,full_event_available,1,1,,"","",paper_formula,Full Bernoulli event probability uses selected probabilities and non-selected complement probabilities.
3,23,1,no_new_outage,bernoulli_full_event,45,0,45,1,0.749189129775249,0.749189129775249,full_event_available,1,1,,"","",paper_formula,Full Bernoulli event probability uses selected probabilities and non-selected complement probabilities.
3,24,1,no_new_outage,bernoulli_full_event,45,0,45,1,0.749189129775249,0.749189129775249,full_event_available,1,1,,"","",paper_formula,Full Bernoulli event probability uses selected probabilities and non-selected complement probabilities.
3,25,1,no_new_outage,bernoulli_full_event,45,0,45,1,0.749189129775249,0.749189129775249,full_event_available,1,1,,"","",paper_formula,Full Bernoulli event probability uses selected probabilities and non-selected complement probabilities.
3,26,1,continue,bernoulli_full_event,45,1,44,0.006009750625,0.753718791755073,0.0045296619798243,full_event_available,0,1,,"34","0.00040065",paper_formula,Full Bernoulli event probability uses selected probabilities and non-selected complement probabilities.
3,26,2,continue,bernoulli_full_event,44,3,41,0.749395191236065,0.596484612552751,0.447002700293339,full_event_available,0,1,,"8,19,23","0.66069,0.64369,0.82282",paper_formula,Full Bernoulli event probability uses selected probabilities and non-selected complement probabilities.
3,26,3,continue,bernoulli_full_event,41,6,35,1,0.368056228003128,0.368056228003128,full_event_available,0,1,,"4,13,18,31,40,42","0.82794,0.78517,0.055424,0.92331,0.33656,0.08058",paper_formula,Full Bernoulli event probability uses selected probabilities and non-selected complement probabilities.
3,26,4,load_loss_threshold,bernoulli_full_event,17,0,17,NaN,NaN,1,terminal_stage_probability_one,1,0,,"","",,Terminal recording stage excluded from Bernoulli complement product.
3,27,1,continue,bernoulli_full_event,45,1,44,0.006457241925,0.754058266427115,0.00486913665186599,full_event_available,0,1,,"43","0.0027157",paper_formula,Full Bernoulli event probability uses selected probabilities and non-selected complement probabilities.
3,27,2,no_new_outage,bernoulli_full_event,44,0,44,1,0.754058266427115,0.754058266427115,full_event_available,1,1,,"","",paper_formula,Full Bernoulli event probability uses selected probabilities and non-selected complement probabilities.
3,28,1,no_new_outage,bernoulli_full_event,45,0,45,1,0.749189129775249,0.749189129775249,full_event_available,1,1,,"","",paper_formula,Full Bernoulli event probability uses selected probabilities and non-selected complement probabilities.
3,29,1,no_new_outage,bernoulli_full_event,45,0,45,1,0.749189129775249,0.749189129775249,full_event_available,1,1,,"","",paper_formula,Full Bernoulli event probability uses selected probabilities and non-selected complement probabilities.
3,30,1,no_new_outage,bernoulli_full_event,45,0,45,1,0.749189129775249,0.749189129775249,full_event_available,1,1,,"","",paper_formula,Full Bernoulli event probability uses selected probabilities and non-selected complement probabilities.
4,1,1,no_new_outage,bernoulli_full_event,45,0,45,1,0.749239146128253,0.749239146128253,full_event_available,1,1,,"","",paper_formula,Full Bernoulli event probability uses selected probabilities and non-selected complement probabilities.
4,2,1,no_new_outage,bernoulli_full_event,45,0,45,1,0.749239146128253,0.749239146128253,full_event_available,1,1,,"","",paper_formula,Full Bernoulli event probability uses selected probabilities and non-selected complement probabilities.
4,3,1,no_new_outage,bernoulli_full_event,45,0,45,1,0.749239146128253,0.749239146128253,full_event_available,1,1,,"","",paper_formula,Full Bernoulli event probability uses selected probabilities and non-selected complement probabilities.
4,4,1,no_new_outage,bernoulli_full_event,45,0,45,1,0.749239146128253,0.749239146128253,full_event_available,1,1,,"","",paper_formula,Full Bernoulli event probability uses selected probabilities and non-selected complement probabilities.
4,5,1,no_new_outage,bernoulli_full_event,45,0,45,1,0.749239146128253,0.749239146128253,full_event_available,1,1,,"","",paper_formula,Full Bernoulli event probability uses selected probabilities and non-selected complement probabilities.
4,6,1,no_new_outage,bernoulli_full_event,45,0,45,1,0.749239146128253,0.749239146128253,full_event_available,1,1,,"","",paper_formula,Full Bernoulli event probability uses selected probabilities and non-selected complement probabilities.
4,7,1,no_new_outage,bernoulli_full_event,45,0,45,1,0.749239146128253,0.749239146128253,full_event_available,1,1,,"","",paper_formula,Full Bernoulli event probability uses selected probabilities and non-selected complement probabilities.
4,8,1,no_new_outage,bernoulli_full_event,45,0,45,1,0.749239146128253,0.749239146128253,full_event_available,1,1,,"","",paper_formula,Full Bernoulli event probability uses selected probabilities and non-selected complement probabilities.
4,9,1,no_new_outage,bernoulli_full_event,45,0,45,1,0.749239146128253,0.749239146128253,full_event_available,1,1,,"","",paper_formula,Full Bernoulli event probability uses selected probabilities and non-selected complement probabilities.
4,10,1,no_new_outage,bernoulli_full_event,45,0,45,1,0.749239146128253,0.749239146128253,full_event_available,1,1,,"","",paper_formula,Full Bernoulli event probability uses selected probabilities and non-selected complement probabilities.
4,11,1,no_new_outage,bernoulli_full_event,45,0,45,1,0.749239146128253,0.749239146128253,full_event_available,1,1,,"","",paper_formula,Full Bernoulli event probability uses selected probabilities and non-selected complement probabilities.
4,12,1,no_new_outage,bernoulli_full_event,45,0,45,1,0.749239146128253,0.749239146128253,full_event_available,1,1,,"","",paper_formula,Full Bernoulli event probability uses selected probabilities and non-selected complement probabilities.
4,13,1,no_new_outage,bernoulli_full_event,45,0,45,1,0.749239146128253,0.749239146128253,full_event_available,1,1,,"","",paper_formula,Full Bernoulli event probability uses selected probabilities and non-selected complement probabilities.
4,14,1,no_new_outage,bernoulli_full_event,45,0,45,1,0.749239146128253,0.749239146128253,full_event_available,1,1,,"","",paper_formula,Full Bernoulli event probability uses selected probabilities and non-selected complement probabilities.
4,15,1,no_new_outage,bernoulli_full_event,45,0,45,1,0.749239146128253,0.749239146128253,full_event_available,1,1,,"","",paper_formula,Full Bernoulli event probability uses selected probabilities and non-selected complement probabilities.
4,16,1,continue,bernoulli_full_event,45,1,44,0.006581985075,0.754203300998944,0.00496415487069078,full_event_available,0,1,,"42","0.0063063",paper_formula,Full Bernoulli event probability uses selected probabilities and non-selected complement probabilities.
4,16,2,continue,bernoulli_full_event,38,1,37,0.00639487035,0.788712199400588,0.00504371225863011,full_event_available,0,1,,"22","0.0050789",paper_formula,Full Bernoulli event probability uses selected probabilities and non-selected complement probabilities.
4,16,3,no_new_outage,bernoulli_full_event,37,0,37,1,0.788712199400588,0.788712199400588,full_event_available,1,1,,"","",paper_formula,Full Bernoulli event probability uses selected probabilities and non-selected complement probabilities.
4,17,1,no_new_outage,bernoulli_full_event,45,0,45,1,0.749239146128253,0.749239146128253,full_event_available,1,1,,"","",paper_formula,Full Bernoulli event probability uses selected probabilities and non-selected complement probabilities.
4,18,1,no_new_outage,bernoulli_full_event,45,0,45,1,0.749239146128253,0.749239146128253,full_event_available,1,1,,"","",paper_formula,Full Bernoulli event probability uses selected probabilities and non-selected complement probabilities.
4,19,1,no_new_outage,bernoulli_full_event,45,0,45,1,0.749239146128253,0.749239146128253,full_event_available,1,1,,"","",paper_formula,Full Bernoulli event probability uses selected probabilities and non-selected complement probabilities.
4,20,1,continue,bernoulli_full_event,45,1,44,0.00656119455,0.754187517155491,0.00494837102723864,full_event_available,0,1,,"2","0.0025034",paper_formula,Full Bernoulli event probability uses selected probabilities and non-selected complement probabilities.
4,20,2,continue,bernoulli_full_event,44,1,43,0.006457241925,0.75908913937105,0.00490162221555891,full_event_available,0,1,,"5","0.0018646",paper_formula,Full Bernoulli event probability uses selected probabilities and non-selected complement probabilities.
4,20,3,continue,bernoulli_full_event,43,1,42,0.006581985075,0.764118556304174,0.00502941693312462,full_event_available,0,1,,"42","0.0044672",paper_formula,Full Bernoulli event probability uses selected probabilities and non-selected complement probabilities.
4,20,4,continue,bernoulli_full_event,36,4,32,0.900300393212427,0.505502817032197,0.455104384944077,full_event_available,0,1,,"8,14,19,23","0.89037,0.76161,0.6862,0.4638",paper_formula,Full Bernoulli event probability uses selected probabilities and non-selected complement probabilities.
4,20,5,max_depth_reached,bernoulli_full_event,21,0,21,NaN,NaN,1,terminal_stage_probability_one,1,0,,"","",,Terminal recording stage excluded from Bernoulli complement product.
4,21,1,continue,bernoulli_full_event,45,1,44,0.00647011225,0.754118376675129,0.00487923054687586,full_event_available,0,1,,"40","0.0052127",paper_formula,Full Bernoulli event probability uses selected probabilities and non-selected complement probabilities.
4,21,2,continue,bernoulli_full_event,43,1,42,0.0065275337,0.763991402819147,0.00498697962841225,full_event_available,0,1,,"6","7.0723e-05",paper_formula,Full Bernoulli event probability uses selected probabilities and non-selected complement probabilities.
4,21,3,no_new_outage,bernoulli_full_event,42,0,42,1,0.763991402819147,0.763991402819147,full_event_available,1,1,,"","",paper_formula,Full Bernoulli event probability uses selected probabilities and non-selected complement probabilities.
4,22,1,no_new_outage,bernoulli_full_event,45,0,45,1,0.749239146128253,0.749239146128253,full_event_available,1,1,,"","",paper_formula,Full Bernoulli event probability uses selected probabilities and non-selected complement probabilities.
4,23,1,no_new_outage,bernoulli_full_event,45,0,45,1,0.749239146128253,0.749239146128253,full_event_available,1,1,,"","",paper_formula,Full Bernoulli event probability uses selected probabilities and non-selected complement probabilities.
4,24,1,no_new_outage,bernoulli_full_event,45,0,45,1,0.749239146128253,0.749239146128253,full_event_available,1,1,,"","",paper_formula,Full Bernoulli event probability uses selected probabilities and non-selected complement probabilities.
4,25,1,continue,bernoulli_full_event,45,1,44,0.006494862875,0.754137163594742,0.00489801746648929,full_event_available,0,1,,"32","0.0030392",paper_formula,Full Bernoulli event probability uses selected probabilities and non-selected complement probabilities.
4,25,2,continue,bernoulli_full_event,43,1,42,1,0.763273244436523,0.763273244436523,full_event_available,0,1,,"27","0.19805",paper_formula,Full Bernoulli event probability uses selected probabilities and non-selected complement probabilities.
4,25,3,continue,bernoulli_full_event,41,1,40,0.006532483825,0.772937260337048,0.00504920015089158,full_event_available,0,1,,"20","0.0056422",paper_formula,Full Bernoulli event probability uses selected probabilities and non-selected complement probabilities.
4,25,4,continue,bernoulli_full_event,40,2,38,1,0.78259339235835,0.78259339235835,full_event_available,0,1,,"8,14","0.47026,0.3282",paper_formula,Full Bernoulli event probability uses selected probabilities and non-selected complement probabilities.
4,25,5,max_depth_reached,bernoulli_full_event,38,0,38,NaN,NaN,1,terminal_stage_probability_one,1,0,,"","",,Terminal recording stage excluded from Bernoulli complement product.
4,26,1,no_new_outage,bernoulli_full_event,45,0,45,1,0.749239146128253,0.749239146128253,full_event_available,1,1,,"","",paper_formula,Full Bernoulli event probability uses selected probabilities and non-selected complement probabilities.
4,27,1,no_new_outage,bernoulli_full_event,45,0,45,1,0.749239146128253,0.749239146128253,full_event_available,1,1,,"","",paper_formula,Full Bernoulli event probability uses selected probabilities and non-selected complement probabilities.
4,28,1,no_new_outage,bernoulli_full_event,45,0,45,1,0.749239146128253,0.749239146128253,full_event_available,1,1,,"","",paper_formula,Full Bernoulli event probability uses selected probabilities and non-selected complement probabilities.
4,29,1,no_new_outage,bernoulli_full_event,45,0,45,1,0.749239146128253,0.749239146128253,full_event_available,1,1,,"","",paper_formula,Full Bernoulli event probability uses selected probabilities and non-selected complement probabilities.
4,30,1,no_new_outage,bernoulli_full_event,45,0,45,1,0.749239146128253,0.749239146128253,full_event_available,1,1,,"","",paper_formula,Full Bernoulli event probability uses selected probabilities and non-selected complement probabilities.
5,1,1,continue,bernoulli_full_event,45,1,44,0.00656119455,0.754211565706697,0.00494852881446175,full_event_available,0,1,,"31","0.0020316",paper_formula,Full Bernoulli event probability uses selected probabilities and non-selected complement probabilities.
5,1,2,continue,bernoulli_full_event,44,1,43,0.00656119455,0.759192777218986,0.00498121151228858,full_event_available,0,1,,"2","0.0059232",paper_formula,Full Bernoulli event probability uses selected probabilities and non-selected complement probabilities.
5,1,3,no_new_outage,bernoulli_full_event,43,0,43,1,0.759192777218986,0.759192777218986,full_event_available,1,1,,"","",paper_formula,Full Bernoulli event probability uses selected probabilities and non-selected complement probabilities.
5,2,1,no_new_outage,bernoulli_full_event,45,0,45,1,0.749263036892236,0.749263036892236,full_event_available,1,1,,"","",paper_formula,Full Bernoulli event probability uses selected probabilities and non-selected complement probabilities.
5,3,1,no_new_outage,bernoulli_full_event,45,0,45,1,0.749263036892236,0.749263036892236,full_event_available,1,1,,"","",paper_formula,Full Bernoulli event probability uses selected probabilities and non-selected complement probabilities.
5,4,1,no_new_outage,bernoulli_full_event,45,0,45,1,0.749263036892236,0.749263036892236,full_event_available,1,1,,"","",paper_formula,Full Bernoulli event probability uses selected probabilities and non-selected complement probabilities.
5,5,1,no_new_outage,bernoulli_full_event,45,0,45,1,0.749263036892236,0.749263036892236,full_event_available,1,1,,"","",paper_formula,Full Bernoulli event probability uses selected probabilities and non-selected complement probabilities.
5,6,1,continue,bernoulli_full_event,45,1,44,0.00662851625,0.754262679318869,0.00499964242663366,full_event_available,0,1,,"30","0.00027742",paper_formula,Full Bernoulli event probability uses selected probabilities and non-selected complement probabilities.
5,6,2,continue,bernoulli_full_event,44,1,43,0.006009750625,0.75882301641604,0.00456033709717068,full_event_available,0,1,,"34","0.0020078",paper_formula,Full Bernoulli event probability uses selected probabilities and non-selected complement probabilities.
5,6,3,continue,bernoulli_full_event,43,5,38,0.824093751816355,0.586250275935175,0.483125189398791,full_event_available,0,1,,"8,10,14,19,23","0.61614,0.13504,0.56228,0.60911,0.86016",paper_formula,Full Bernoulli event probability uses selected probabilities and non-selected complement probabilities.
5,6,4,continue,bernoulli_full_event,38,6,32,0.006009750625,0.723140184181674,0.00434589217384843,full_event_available,0,1,,"1,2,3,13,18,44","0.97586,0.89801,0.60935,0.78151,0.078783,0.0021075",paper_formula,Full Bernoulli event probability uses selected probabilities and non-selected complement probabilities.
5,6,5,max_depth_reached,bernoulli_full_event,24,0,24,NaN,NaN,1,terminal_stage_probability_one,1,0,,"","",,Terminal recording stage excluded from Bernoulli complement product.
5,7,1,continue,bernoulli_full_event,45,1,44,0.00639487035,0.754085314712662,0.00482227782042642,full_event_available,0,1,,"46","0.0016946",paper_formula,Full Bernoulli event probability uses selected probabilities and non-selected complement probabilities.
5,7,2,continue,bernoulli_full_event,44,9,35,0.00652079002074497,0.64123334609152,0.00418134800416249,full_event_available,0,1,,"6,8,10,11,14,19,20,23,26","0.25673,0.96529,0.47597,0.0017341,0.42263,0.17714,0.66312,0.79645,0.22844",paper_formula,Full Bernoulli event probability uses selected probabilities and non-selected complement probabilities.
5,7,3,load_loss_threshold,bernoulli_full_event,21,0,21,NaN,NaN,1,terminal_stage_probability_one,1,0,,"","",,Terminal recording stage excluded from Bernoulli complement product.
5,8,1,no_new_outage,bernoulli_full_event,45,0,45,1,0.749263036892236,0.749263036892236,full_event_available,1,1,,"","",paper_formula,Full Bernoulli event probability uses selected probabilities and non-selected complement probabilities.
5,9,1,no_new_outage,bernoulli_full_event,45,0,45,1,0.749263036892236,0.749263036892236,full_event_available,1,1,,"","",paper_formula,Full Bernoulli event probability uses selected probabilities and non-selected complement probabilities.
5,10,1,no_new_outage,bernoulli_full_event,45,0,45,1,0.749263036892236,0.749263036892236,full_event_available,1,1,,"","",paper_formula,Full Bernoulli event probability uses selected probabilities and non-selected complement probabilities.
5,11,1,no_new_outage,bernoulli_full_event,45,0,45,1,0.749263036892236,0.749263036892236,full_event_available,1,1,,"","",paper_formula,Full Bernoulli event probability uses selected probabilities and non-selected complement probabilities.
5,12,1,no_new_outage,bernoulli_full_event,45,0,45,1,0.749263036892236,0.749263036892236,full_event_available,1,1,,"","",paper_formula,Full Bernoulli event probability uses selected probabilities and non-selected complement probabilities.
5,13,1,no_new_outage,bernoulli_full_event,45,0,45,1,0.749263036892236,0.749263036892236,full_event_available,1,1,,"","",paper_formula,Full Bernoulli event probability uses selected probabilities and non-selected complement probabilities.
5,14,1,no_new_outage,bernoulli_full_event,45,0,45,1,0.749263036892236,0.749263036892236,full_event_available,1,1,,"","",paper_formula,Full Bernoulli event probability uses selected probabilities and non-selected complement probabilities.
5,15,1,no_new_outage,bernoulli_full_event,45,0,45,1,0.749263036892236,0.749263036892236,full_event_available,1,1,,"","",paper_formula,Full Bernoulli event probability uses selected probabilities and non-selected complement probabilities.
5,16,1,continue,bernoulli_full_event,45,2,43,3.95430562586742e-05,0.758785962028844,3.00047159847988e-05,full_event_available,0,1,,"16,42","0.005445,0.0017875",paper_formula,Full Bernoulli event probability uses selected probabilities and non-selected complement probabilities.
5,16,2,continue,bernoulli_full_event,43,2,41,0.508159848561208,0.281435030965771,0.143013982715385,full_event_available,0,1,,"8,19","0.44407,0.29303",paper_formula,Full Bernoulli event probability uses selected probabilities and non-selected complement probabilities.
5,16,3,continue,bernoulli_full_event,41,4,37,0.00599989659549682,0.78772990723281,0.00472629798857716,full_event_available,0,1,,"4,18,27,44","0.29691,0.18049,0.93953,0.00040878",paper_formula,Full Bernoulli event probability uses selected probabilities and non-selected complement probabilities.
5,16,4,load_loss_threshold,bernoulli_full_event,28,0,28,NaN,NaN,1,terminal_stage_probability_one,1,0,,"","",,Terminal recording stage excluded from Bernoulli complement product.
5,17,1,no_new_outage,bernoulli_full_event,45,0,45,1,0.749263036892236,0.749263036892236,full_event_available,1,1,,"","",paper_formula,Full Bernoulli event probability uses selected probabilities and non-selected complement probabilities.
5,18,1,continue,bernoulli_full_event,45,1,44,0.006358239425,0.754057515113548,0.00479447822131249,full_event_available,0,1,,"14","0.00029118",paper_formula,Full Bernoulli event probability uses selected probabilities and non-selected complement probabilities.
5,18,2,continue,bernoulli_full_event,44,1,43,0.999572243734001,0.758883428964134,0.758558811822232,full_event_available,0,1,,"3","0.27518",paper_formula,Full Bernoulli event probability uses selected probabilities and non-selected complement probabilities.
5,18,3,continue,bernoulli_full_event,43,1,42,0.750036451959627,0.763911482943489,0.572961458278152,full_event_available,0,1,,"42","0.34026",paper_formula,Full Bernoulli event probability uses selected probabilities and non-selected complement probabilities.
5,18,4,continue,bernoulli_full_event,42,3,39,0.841797198805197,0.274306733597312,0.230910639955621,full_event_available,0,1,,"16,17,27","0.035556,0.25127,0.47004",paper_formula,Full Bernoulli event probability uses selected probabilities and non-selected complement probabilities.
5,18,5,max_depth_reached,bernoulli_full_event,27,0,27,NaN,NaN,1,terminal_stage_probability_one,1,0,,"","",,Terminal recording stage excluded from Bernoulli complement product.
5,19,1,no_new_outage,bernoulli_full_event,45,0,45,1,0.749263036892236,0.749263036892236,full_event_available,1,1,,"","",paper_formula,Full Bernoulli event probability uses selected probabilities and non-selected complement probabilities.
5,20,1,no_new_outage,bernoulli_full_event,45,0,45,1,0.749263036892236,0.749263036892236,full_event_available,1,1,,"","",paper_formula,Full Bernoulli event probability uses selected probabilities and non-selected complement probabilities.
5,21,1,continue,bernoulli_full_event,45,1,44,0.00647011225,0.754142423021673,0.00487938612943721,full_event_available,0,1,,"40","0.00593",paper_formula,Full Bernoulli event probability uses selected probabilities and non-selected complement probabilities.
5,21,2,no_new_outage,bernoulli_full_event,44,0,44,1,0.754142423021673,0.754142423021673,full_event_available,1,1,,"","",paper_formula,Full Bernoulli event probability uses selected probabilities and non-selected complement probabilities.
5,22,1,no_new_outage,bernoulli_full_event,45,0,45,1,0.749263036892236,0.749263036892236,full_event_available,1,1,,"","",paper_formula,Full Bernoulli event probability uses selected probabilities and non-selected complement probabilities.
5,23,1,no_new_outage,bernoulli_full_event,45,0,45,1,0.749263036892236,0.749263036892236,full_event_available,1,1,,"","",paper_formula,Full Bernoulli event probability uses selected probabilities and non-selected complement probabilities.
5,24,1,continue,bernoulli_full_event,45,2,43,3.91383758315648e-05,0.758735305135722,2.96956675290789e-05,full_event_available,0,1,,"6,27","0.0019003,0.0053689",paper_formula,Full Bernoulli event probability uses selected probabilities and non-selected complement probabilities.
5,24,2,continue,bernoulli_full_event,40,5,35,0.997499892598239,0.640179900366445,0.638579381859081,full_event_available,0,1,,"14,19,20,23,24","0.19466,0.24091,0.55529,0.60959,0.33796",paper_formula,Full Bernoulli event probability uses selected probabilities and non-selected complement probabilities.
5,24,3,load_loss_threshold,bernoulli_full_event,0,0,0,NaN,NaN,1,terminal_stage_probability_one,1,0,,"","",,Terminal recording stage excluded from Bernoulli complement product.
5,25,1,no_new_outage,bernoulli_full_event,45,0,45,1,0.749263036892236,0.749263036892236,full_event_available,1,1,,"","",paper_formula,Full Bernoulli event probability uses selected probabilities and non-selected complement probabilities.
5,26,1,no_new_outage,bernoulli_full_event,45,0,45,1,0.749263036892236,0.749263036892236,full_event_available,1,1,,"","",paper_formula,Full Bernoulli event probability uses selected probabilities and non-selected complement probabilities.
5,27,1,no_new_outage,bernoulli_full_event,45,0,45,1,0.749263036892236,0.749263036892236,full_event_available,1,1,,"","",paper_formula,Full Bernoulli event probability uses selected probabilities and non-selected complement probabilities.
5,28,1,no_new_outage,bernoulli_full_event,45,0,45,1,0.749263036892236,0.749263036892236,full_event_available,1,1,,"","",paper_formula,Full Bernoulli event probability uses selected probabilities and non-selected complement probabilities.
5,29,1,no_new_outage,bernoulli_full_event,45,0,45,1,0.749263036892236,0.749263036892236,full_event_available,1,1,,"","",paper_formula,Full Bernoulli event probability uses selected probabilities and non-selected complement probabilities.
5,30,1,no_new_outage,bernoulli_full_event,45,0,45,1,0.749263036892236,0.749263036892236,full_event_available,1,1,,"","",paper_formula,Full Bernoulli event probability uses selected probabilities and non-selected complement probabilities.
6,1,1,no_new_outage,bernoulli_full_event,45,0,45,1,0.749316049965664,0.749316049965664,full_event_available,1,1,,"","",paper_formula,Full Bernoulli event probability uses selected probabilities and non-selected complement probabilities.
6,2,1,no_new_outage,bernoulli_full_event,45,0,45,1,0.749316049965664,0.749316049965664,full_event_available,1,1,,"","",paper_formula,Full Bernoulli event probability uses selected probabilities and non-selected complement probabilities.
6,3,1,no_new_outage,bernoulli_full_event,45,0,45,1,0.749316049965664,0.749316049965664,full_event_available,1,1,,"","",paper_formula,Full Bernoulli event probability uses selected probabilities and non-selected complement probabilities.
6,4,1,continue,bernoulli_full_event,45,1,44,0.0064324913,0.754167224073261,0.0048511741075964,full_event_available,0,1,,"45","0.0024963",paper_formula,Full Bernoulli event probability uses selected probabilities and non-selected complement probabilities.
6,4,2,no_new_outage,bernoulli_full_event,44,0,44,1,0.754167224073261,0.754167224073261,full_event_available,1,1,,"","",paper_formula,Full Bernoulli event probability uses selected probabilities and non-selected complement probabilities.
6,5,1,continue,bernoulli_full_event,45,1,44,0.006358239425,0.754110867413675,0.00479481744801057,full_event_available,0,1,,"14","0.0059854",paper_formula,Full Bernoulli event probability uses selected probabilities and non-selected complement probabilities.
6,5,2,continue,bernoulli_full_event,44,3,41,0.205511285253542,0.768846419951662,0.158006615926851,full_event_available,0,1,,"3,13,25","0.8385,0.17921,0.24897",paper_formula,Full Bernoulli event probability uses selected probabilities and non-selected complement probabilities.
6,5,3,continue,bernoulli_full_event,41,9,32,0.444764948026641,0.536146959101111,0.238459374399247,full_event_available,0,1,,"1,4,16,17,19,20,23,26,27","0.29245,0.70898,0.21524,0.26989,0.08562,0.79735,0.68703,0.44297,0.20281",paper_formula,Full Bernoulli event probability uses selected probabilities and non-selected complement probabilities.
6,5,4,load_loss_threshold,bernoulli_full_event,10,0,10,NaN,NaN,1,terminal_stage_probability_one,1,0,,"","",,Terminal recording stage excluded from Bernoulli complement product.
6,6,1,no_new_outage,bernoulli_full_event,45,0,45,1,0.749316049965664,0.749316049965664,full_event_available,1,1,,"","",paper_formula,Full Bernoulli event probability uses selected probabilities and non-selected complement probabilities.
6,7,1,no_new_outage,bernoulli_full_event,45,0,45,1,0.749316049965664,0.749316049965664,full_event_available,1,1,,"","",paper_formula,Full Bernoulli event probability uses selected probabilities and non-selected complement probabilities.
6,8,1,continue,bernoulli_full_event,45,1,44,0.00628794765,0.754057524202941,0.0047414742372767,full_event_available,0,1,,"26","0.00099792",paper_formula,Full Bernoulli event probability uses selected probabilities and non-selected complement probabilities.
6,8,2,continue,bernoulli_full_event,44,1,43,0.810596470509539,0.758883438111698,0.615148236461487,full_event_available,0,1,,"3","0.75114",paper_formula,Full Bernoulli event probability uses selected probabilities and non-selected complement probabilities.
6,8,3,continue,bernoulli_full_event,43,2,41,1,0.768886272643146,0.768886272643146,full_event_available,0,1,,"40,42","0.57921,0.84647",paper_formula,Full Bernoulli event probability uses selected probabilities and non-selected complement probabilities.
6,8,4,continue,bernoulli_full_event,34,1,33,1,0.809507350249315,0.809507350249315,full_event_available,0,1,,"1","0.49306",paper_formula,Full Bernoulli event probability uses selected probabilities and non-selected complement probabilities.
6,8,5,max_depth_reached,bernoulli_full_event,30,0,30,NaN,NaN,1,terminal_stage_probability_one,1,0,,"","",,Terminal recording stage excluded from Bernoulli complement product.
6,9,1,no_new_outage,bernoulli_full_event,45,0,45,1,0.749316049965664,0.749316049965664,full_event_available,1,1,,"","",paper_formula,Full Bernoulli event probability uses selected probabilities and non-selected complement probabilities.
6,10,1,no_new_outage,bernoulli_full_event,45,0,45,1,0.749316049965664,0.749316049965664,full_event_available,1,1,,"","",paper_formula,Full Bernoulli event probability uses selected probabilities and non-selected complement probabilities.
6,11,1,continue,bernoulli_full_event,45,1,44,0.006457241925,0.75418601149836,0.00486996153269574,full_event_available,0,1,,"43","0.0026309",paper_formula,Full Bernoulli event probability uses selected probabilities and non-selected complement probabilities.
6,11,2,no_new_outage,bernoulli_full_event,44,0,44,1,0.75418601149836,0.75418601149836,full_event_available,1,1,,"","",paper_formula,Full Bernoulli event probability uses selected probabilities and non-selected complement probabilities.
6,12,1,no_new_outage,bernoulli_full_event,45,0,45,1,0.749316049965664,0.749316049965664,full_event_available,1,1,,"","",paper_formula,Full Bernoulli event probability uses selected probabilities and non-selected complement probabilities.
6,13,1,no_new_outage,bernoulli_full_event,45,0,45,1,0.749316049965664,0.749316049965664,full_event_available,1,1,,"","",paper_formula,Full Bernoulli event probability uses selected probabilities and non-selected complement probabilities.
6,14,1,continue,bernoulli_full_event,45,1,44,0.006581985075,0.754280714370008,0.00496466440434373,full_event_available,0,1,,"42","0.0031284",paper_formula,Full Bernoulli event probability uses selected probabilities and non-selected complement probabilities.
6,14,2,continue,bernoulli_full_event,44,1,43,0.875900679526003,0.759108056679778,0.664903262679482,full_event_available,0,1,,"3","0.57343",paper_formula,Full Bernoulli event probability uses selected probabilities and non-selected complement probabilities.
6,14,3,continue,bernoulli_full_event,43,5,38,1,0.688398405208143,0.688398405208143,full_event_available,0,1,,"1,19,23,24,26","0.84174,0.56861,0.60882,0.203,0.88241",paper_formula,Full Bernoulli event probability uses selected probabilities and non-selected complement probabilities.
6,14,4,load_loss_threshold,bernoulli_full_event,15,0,15,NaN,NaN,1,terminal_stage_probability_one,1,0,,"","",,Terminal recording stage excluded from Bernoulli complement product.
6,15,1,continue,bernoulli_full_event,45,1,44,0.006425561125,0.754161963761967,0.00484591379630255,full_event_available,0,1,,"39","0.00028615",paper_formula,Full Bernoulli event probability uses selected probabilities and non-selected complement probabilities.
6,15,2,continue,bernoulli_full_event,44,4,40,0.00124111992695442,0.491870464982434,0.000610470235570036,full_event_available,0,1,,"19,23,24,34","0.64631,0.28237,0.26517,0.0045827",paper_formula,Full Bernoulli event probability uses selected probabilities and non-selected complement probabilities.
6,15,3,continue,bernoulli_full_event,40,12,28,0.80391380031263,0.835404587732554,0.671593276922684,full_event_available,0,1,,"1,3,7,10,12,13,14,16,17,18,20,26","0.60911,0.52423,0.62902,0.5907,0.60961,0.082627,0.84374,0.47346,0.46053,0.51744,0.48849,0.24964",paper_formula,Full Bernoulli event probability uses selected probabilities and non-selected complement probabilities.
6,15,4,load_loss_threshold,bernoulli_full_event,10,0,10,NaN,NaN,1,terminal_stage_probability_one,1,0,,"","",,Terminal recording stage excluded from Bernoulli complement product.
6,16,1,no_new_outage,bernoulli_full_event,45,0,45,1,0.749316049965664,0.749316049965664,full_event_available,1,1,,"","",paper_formula,Full Bernoulli event probability uses selected probabilities and non-selected complement probabilities.
6,17,1,no_new_outage,bernoulli_full_event,45,0,45,1,0.749316049965664,0.749316049965664,full_event_available,1,1,,"","",paper_formula,Full Bernoulli event probability uses selected probabilities and non-selected complement probabilities.
6,18,1,no_new_outage,bernoulli_full_event,45,0,45,1,0.749316049965664,0.749316049965664,full_event_available,1,1,,"","",paper_formula,Full Bernoulli event probability uses selected probabilities and non-selected complement probabilities.
6,19,1,no_new_outage,bernoulli_full_event,45,0,45,1,0.749316049965664,0.749316049965664,full_event_available,1,1,,"","",paper_formula,Full Bernoulli event probability uses selected probabilities and non-selected complement probabilities.
6,20,1,no_new_outage,bernoulli_full_event,45,0,45,1,0.749316049965664,0.749316049965664,full_event_available,1,1,,"","",paper_formula,Full Bernoulli event probability uses selected probabilities and non-selected complement probabilities.
6,21,1,no_new_outage,bernoulli_full_event,45,0,45,1,0.749316049965664,0.749316049965664,full_event_available,1,1,,"","",paper_formula,Full Bernoulli event probability uses selected probabilities and non-selected complement probabilities.
6,22,1,continue,bernoulli_full_event,45,1,44,0.00628794765,0.754057524202941,0.0047414742372767,full_event_available,0,1,,"26","0.0025172",paper_formula,Full Bernoulli event probability uses selected probabilities and non-selected complement probabilities.
6,22,2,continue,bernoulli_full_event,44,2,42,0.00534576651076077,0.763921389210508,0.00408374537929538,full_event_available,0,1,,"3,9","0.59724,0.0038063",paper_formula,Full Bernoulli event probability uses selected probabilities and non-selected complement probabilities.
6,22,3,continue,bernoulli_full_event,42,4,38,1,0.688741270303217,0.688741270303217,full_event_available,0,1,,"13,18,40,42","0.069214,0.24342,0.25803,0.31342",paper_formula,Full Bernoulli event probability uses selected probabilities and non-selected complement probabilities.
6,22,4,load_loss_threshold,bernoulli_full_event,13,0,13,NaN,NaN,1,terminal_stage_probability_one,1,0,,"","",,Terminal recording stage excluded from Bernoulli complement product.
6,23,1,no_new_outage,bernoulli_full_event,45,0,45,1,0.749316049965664,0.749316049965664,full_event_available,1,1,,"","",paper_formula,Full Bernoulli event probability uses selected probabilities and non-selected complement probabilities.
6,24,1,no_new_outage,bernoulli_full_event,45,0,45,1,0.749316049965664,0.749316049965664,full_event_available,1,1,,"","",paper_formula,Full Bernoulli event probability uses selected probabilities and non-selected complement probabilities.
6,25,1,continue,bernoulli_full_event,45,1,44,0.00662851625,0.754316046135107,0.0049999961694423,full_event_available,0,1,,"30","0.0046332",paper_formula,Full Bernoulli event probability uses selected probabilities and non-selected complement probabilities.
6,25,2,no_new_outage,bernoulli_full_event,44,0,44,1,0.246199646986725,0.246199646986725,full_event_available,1,1,,"","",paper_formula,Full Bernoulli event probability uses selected probabilities and non-selected complement probabilities.
6,26,1,continue,bernoulli_full_event,45,1,44,0.005995890275,0.753835967713422,0.00451991774775812,full_event_available,0,1,,"27","0.00072669",paper_formula,Full Bernoulli event probability uses selected probabilities and non-selected complement probabilities.
6,26,2,no_new_outage,bernoulli_full_event,41,0,41,1,0.558465430599579,0.558465430599579,full_event_available,1,1,,"","",paper_formula,Full Bernoulli event probability uses selected probabilities and non-selected complement probabilities.
6,27,1,no_new_outage,bernoulli_full_event,45,0,45,1,0.749316049965664,0.749316049965664,full_event_available,1,1,,"","",paper_formula,Full Bernoulli event probability uses selected probabilities and non-selected complement probabilities.
6,28,1,no_new_outage,bernoulli_full_event,45,0,45,1,0.749316049965664,0.749316049965664,full_event_available,1,1,,"","",paper_formula,Full Bernoulli event probability uses selected probabilities and non-selected complement probabilities.
6,29,1,continue,bernoulli_full_event,45,1,44,0.006494862875,0.754214570177293,0.00489852021162858,full_event_available,0,1,,"32","0.0046799",paper_formula,Full Bernoulli event probability uses selected probabilities and non-selected complement probabilities.
6,29,2,continue,bernoulli_full_event,43,1,42,1,0.763351588769963,0.763351588769963,full_event_available,0,1,,"27","0.25674",paper_formula,Full Bernoulli event probability uses selected probabilities and non-selected complement probabilities.
6,29,3,no_new_outage,bernoulli_full_event,41,0,41,1,0.558465430599579,0.558465430599579,full_event_available,1,1,,"","",paper_formula,Full Bernoulli event probability uses selected probabilities and non-selected complement probabilities.
6,30,1,continue,bernoulli_full_event,45,1,44,0.0064483317,0.754179247917492,0.00486319795182853,full_event_available,0,1,,"25","0.00026026",paper_formula,Full Bernoulli event probability uses selected probabilities and non-selected complement probabilities.
6,30,2,continue,bernoulli_full_event,44,1,43,0.006425561125,0.759056612578954,0.00487736466146151,full_event_available,0,1,,"39","0.00014122",paper_formula,Full Bernoulli event probability uses selected probabilities and non-selected complement probabilities.
6,30,3,continue,bernoulli_full_event,43,4,39,0.00645001346841653,0.664551359337966,0.0042863652181844,full_event_available,0,1,,"3,13,14,20","0.19413,0.0058194,0.69795,0.98581",paper_formula,Full Bernoulli event probability uses selected probabilities and non-selected complement probabilities.
6,30,4,load_loss_threshold,bernoulli_full_event,0,0,0,NaN,NaN,1,terminal_stage_probability_one,1,0,,"","",,Terminal recording stage excluded from Bernoulli complement product.
7,1,1,continue,bernoulli_full_event,45,1,44,0.006663167125,0.754256672292635,0.00502573826263219,full_event_available,0,1,,"17","0.0063067",paper_formula,Full Bernoulli event probability uses selected probabilities and non-selected complement probabilities.
7,1,2,no_new_outage,bernoulli_full_event,44,0,44,1,0.754256672292635,0.754256672292635,full_event_available,1,1,,"","",paper_formula,Full Bernoulli event probability uses selected probabilities and non-selected complement probabilities.
7,2,1,no_new_outage,bernoulli_full_event,45,0,45,1,0.749230934030003,0.749230934030003,full_event_available,1,1,,"","",paper_formula,Full Bernoulli event probability uses selected probabilities and non-selected complement probabilities.
7,3,1,no_new_outage,bernoulli_full_event,45,0,45,1,0.749230934030003,0.749230934030003,full_event_available,1,1,,"","",paper_formula,Full Bernoulli event probability uses selected probabilities and non-selected complement probabilities.
7,4,1,continue,bernoulli_full_event,45,1,44,0.0065275337,0.754153697706763,0.00492276367676051,full_event_available,0,1,,"6","0.0030449",paper_formula,Full Bernoulli event probability uses selected probabilities and non-selected complement probabilities.
7,4,2,no_new_outage,bernoulli_full_event,44,0,44,1,0.754153697706763,0.754153697706763,full_event_available,1,1,,"","",paper_formula,Full Bernoulli event probability uses selected probabilities and non-selected complement probabilities.
7,5,1,no_new_outage,bernoulli_full_event,45,0,45,1,0.749230934030003,0.749230934030003,full_event_available,1,1,,"","",paper_formula,Full Bernoulli event probability uses selected probabilities and non-selected complement probabilities.
7,6,1,continue,bernoulli_full_event,45,1,44,0.006009750625,0.75376084876195,0.00452991473194766,full_event_available,0,1,,"44","0.00016409",paper_formula,Full Bernoulli event probability uses selected probabilities and non-selected complement probabilities.
7,6,2,no_new_outage,bernoulli_full_event,44,0,44,1,0.75376084876195,0.75376084876195,full_event_available,1,1,,"","",paper_formula,Full Bernoulli event probability uses selected probabilities and non-selected complement probabilities.
7,7,1,no_new_outage,bernoulli_full_event,45,0,45,1,0.749230934030003,0.749230934030003,full_event_available,1,1,,"","",paper_formula,Full Bernoulli event probability uses selected probabilities and non-selected complement probabilities.
7,8,1,no_new_outage,bernoulli_full_event,45,0,45,1,0.749230934030003,0.749230934030003,full_event_available,1,1,,"","",paper_formula,Full Bernoulli event probability uses selected probabilities and non-selected complement probabilities.
7,9,1,no_new_outage,bernoulli_full_event,45,0,45,1,0.749230934030003,0.749230934030003,full_event_available,1,1,,"","",paper_formula,Full Bernoulli event probability uses selected probabilities and non-selected complement probabilities.
7,10,1,continue,bernoulli_full_event,45,1,44,0.00662851625,0.75423036224237,0.00499942821236693,full_event_available,0,1,,"30","0.0022913",paper_formula,Full Bernoulli event probability uses selected probabilities and non-selected complement probabilities.
7,10,2,no_new_outage,bernoulli_full_event,44,0,44,1,0.75423036224237,0.75423036224237,full_event_available,1,1,,"","",paper_formula,Full Bernoulli event probability uses selected probabilities and non-selected complement probabilities.
7,11,1,continue,bernoulli_full_event,45,2,43,4.23660119095389e-05,0.759083104413972,3.21593238419321e-05,full_event_available,0,1,,"14,19","0.0018619,0.005893",paper_formula,Full Bernoulli event probability uses selected probabilities and non-selected complement probabilities.
7,11,2,continue,bernoulli_full_event,43,3,40,1,0.773726925722541,0.773726925722541,full_event_available,0,1,,"3,13,18","0.39721,0.29548,0.8513",paper_formula,Full Bernoulli event probability uses selected probabilities and non-selected complement probabilities.
7,11,3,load_loss_threshold,bernoulli_full_event,39,0,39,NaN,NaN,1,terminal_stage_probability_one,1,0,,"","",,Terminal recording stage excluded from Bernoulli complement product.
7,12,1,continue,bernoulli_full_event,45,1,44,0.00635922945,0.754025958108873,0.00479502407887041,full_event_available,0,1,,"3","0.0025183",paper_formula,Full Bernoulli event probability uses selected probabilities and non-selected complement probabilities.
7,12,2,no_new_outage,bernoulli_full_event,44,0,44,1,0.754025958108873,0.754025958108873,full_event_available,1,1,,"","",paper_formula,Full Bernoulli event probability uses selected probabilities and non-selected complement probabilities.
7,13,1,no_new_outage,bernoulli_full_event,45,0,45,1,0.749230934030003,0.749230934030003,full_event_available,1,1,,"","",paper_formula,Full Bernoulli event probability uses selected probabilities and non-selected complement probabilities.
7,14,1,continue,bernoulli_full_event,45,1,44,0.006581985075,0.754195034490659,0.00496410046065663,full_event_available,0,1,,"42","0.00052318",paper_formula,Full Bernoulli event probability uses selected probabilities and non-selected complement probabilities.
7,14,2,continue,bernoulli_full_event,44,1,43,0.581898610446885,0.759021828455366,0.441673747277031,full_event_available,0,1,,"3","0.25833",paper_formula,Full Bernoulli event probability uses selected probabilities and non-selected complement probabilities.
7,14,3,continue,bernoulli_full_event,43,2,41,1,0.545607463169763,0.545607463169763,full_event_available,0,1,,"1,8","0.76662,0.64155",paper_formula,Full Bernoulli event probability uses selected probabilities and non-selected complement probabilities.
7,14,4,continue,bernoulli_full_event,33,7,26,0.664947897473307,0.786408787808732,0.522920870007948,full_event_available,0,1,,"9,13,14,19,20,23,27","0.25512,0.99098,0.54392,0.2052,0.61315,0.49077,0.40752",paper_formula,Full Bernoulli event probability uses selected probabilities and non-selected complement probabilities.
7,14,5,max_depth_reached,bernoulli_full_event,7,0,7,NaN,NaN,1,terminal_stage_probability_one,1,0,,"","",,Terminal recording stage excluded from Bernoulli complement product.
7,15,1,no_new_outage,bernoulli_full_event,45,0,45,1,0.749230934030003,0.749230934030003,full_event_available,1,1,,"","",paper_formula,Full Bernoulli event probability uses selected probabilities and non-selected complement probabilities.
7,16,1,no_new_outage,bernoulli_full_event,45,0,45,1,0.749230934030003,0.749230934030003,full_event_available,1,1,,"","",paper_formula,Full Bernoulli event probability uses selected probabilities and non-selected complement probabilities.
7,17,1,no_new_outage,bernoulli_full_event,45,0,45,1,0.749230934030003,0.749230934030003,full_event_available,1,1,,"","",paper_formula,Full Bernoulli event probability uses selected probabilities and non-selected complement probabilities.
7,18,1,no_new_outage,bernoulli_full_event,45,0,45,1,0.749230934030003,0.749230934030003,full_event_available,1,1,,"","",paper_formula,Full Bernoulli event probability uses selected probabilities and non-selected complement probabilities.
7,19,1,no_new_outage,bernoulli_full_event,45,0,45,1,0.749230934030003,0.749230934030003,full_event_available,1,1,,"","",paper_formula,Full Bernoulli event probability uses selected probabilities and non-selected complement probabilities.
7,20,1,no_new_outage,bernoulli_full_event,45,0,45,1,0.749230934030003,0.749230934030003,full_event_available,1,1,,"","",paper_formula,Full Bernoulli event probability uses selected probabilities and non-selected complement probabilities.
7,21,1,no_new_outage,bernoulli_full_event,45,0,45,1,0.749230934030003,0.749230934030003,full_event_available,1,1,,"","",paper_formula,Full Bernoulli event probability uses selected probabilities and non-selected complement probabilities.
7,22,1,no_new_outage,bernoulli_full_event,45,0,45,1,0.749230934030003,0.749230934030003,full_event_available,1,1,,"","",paper_formula,Full Bernoulli event probability uses selected probabilities and non-selected complement probabilities.
7,23,1,no_new_outage,bernoulli_full_event,45,0,45,1,0.749230934030003,0.749230934030003,full_event_available,1,1,,"","",paper_formula,Full Bernoulli event probability uses selected probabilities and non-selected complement probabilities.
7,24,1,no_new_outage,bernoulli_full_event,45,0,45,1,0.749230934030003,0.749230934030003,full_event_available,1,1,,"","",paper_formula,Full Bernoulli event probability uses selected probabilities and non-selected complement probabilities.
7,25,1,no_new_outage,bernoulli_full_event,45,0,45,1,0.749230934030003,0.749230934030003,full_event_available,1,1,,"","",paper_formula,Full Bernoulli event probability uses selected probabilities and non-selected complement probabilities.
7,26,1,no_new_outage,bernoulli_full_event,45,0,45,1,0.749230934030003,0.749230934030003,full_event_available,1,1,,"","",paper_formula,Full Bernoulli event probability uses selected probabilities and non-selected complement probabilities.
7,27,1,no_new_outage,bernoulli_full_event,45,0,45,1,0.749230934030003,0.749230934030003,full_event_available,1,1,,"","",paper_formula,Full Bernoulli event probability uses selected probabilities and non-selected complement probabilities.
7,28,1,no_new_outage,bernoulli_full_event,45,0,45,1,0.749230934030003,0.749230934030003,full_event_available,1,1,,"","",paper_formula,Full Bernoulli event probability uses selected probabilities and non-selected complement probabilities.
7,29,1,no_new_outage,bernoulli_full_event,45,0,45,1,0.749230934030003,0.749230934030003,full_event_available,1,1,,"","",paper_formula,Full Bernoulli event probability uses selected probabilities and non-selected complement probabilities.
7,30,1,continue,bernoulli_full_event,45,1,44,0.0065275337,0.754153697706763,0.00492276367676051,full_event_available,0,1,,"6","0.0013991",paper_formula,Full Bernoulli event probability uses selected probabilities and non-selected complement probabilities.
7,30,2,continue,bernoulli_full_event,44,2,42,3.8942485149671e-05,0.763662680820148,2.97389226071966e-05,full_event_available,0,1,,"27,32","0.0025061,0.0051294",paper_formula,Full Bernoulli event probability uses selected probabilities and non-selected complement probabilities.
7,30,3,continue,bernoulli_full_event,40,2,38,0.00244528005974348,0.519923977850541,0.00127135973562044,full_event_available,0,1,,"23,38","0.26423,0.004567",paper_formula,Full Bernoulli event probability uses selected probabilities and non-selected complement probabilities.
7,30,4,continue,bernoulli_full_event,38,7,31,0.257304448651999,0.818694875292977,0.210653833501477,full_event_available,0,1,,"8,10,13,14,18,28,35","0.15097,0.50729,0.7845,0.24939,0.35284,0.057397,0.91484",paper_formula,Full Bernoulli event probability uses selected probabilities and non-selected complement probabilities.
7,30,5,max_depth_reached,bernoulli_full_event,0,0,0,NaN,NaN,1,terminal_stage_probability_one,1,0,,"","",,Terminal recording stage excluded from Bernoulli complement product.
8,1,1,no_new_outage,bernoulli_full_event,45,0,45,1,0.226791029731014,0.226791029731014,full_event_available,1,1,,"","",paper_formula,Full Bernoulli event probability uses selected probabilities and non-selected complement probabilities.
8,2,1,continue,bernoulli_full_event,45,1,44,0.515168774319941,0.467773150157358,0.240982120426344,full_event_available,0,1,,"23","0.50542",paper_formula,Full Bernoulli event probability uses selected probabilities and non-selected complement probabilities.
8,2,2,continue,bernoulli_full_event,44,4,40,0.532848715034066,0.601319180767628,0.320412152797368,full_event_available,0,1,,"3,12,13,18","0.64159,0.15699,0.4009,0.44692",paper_formula,Full Bernoulli event probability uses selected probabilities and non-selected complement probabilities.
8,2,3,continue,bernoulli_full_event,36,6,30,1,0.337889844566585,0.337889844566585,full_event_available,0,1,,"11,25,27,30,40,42","0.45907,0.99845,0.17252,0.093526,0.56785,0.17978",paper_formula,Full Bernoulli event probability uses selected probabilities and non-selected complement probabilities.
8,2,4,load_loss_threshold,bernoulli_full_event,8,0,8,NaN,NaN,1,terminal_stage_probability_one,1,0,,"","",,Terminal recording stage excluded from Bernoulli complement product.
8,3,1,continue,bernoulli_full_event,45,1,44,0.515168774319941,0.467773150157358,0.240982120426344,full_event_available,0,1,,"23","0.20887",paper_formula,Full Bernoulli event probability uses selected probabilities and non-selected complement probabilities.
8,3,2,continue,bernoulli_full_event,44,4,40,0.532848715034066,0.601319180767628,0.320412152797368,full_event_available,0,1,,"3,12,13,18","0.77625,0.27713,0.31282,0.90398",paper_formula,Full Bernoulli event probability uses selected probabilities and non-selected complement probabilities.
8,3,3,continue,bernoulli_full_event,36,6,30,1,0.337889844566585,0.337889844566585,full_event_available,0,1,,"11,25,27,30,40,42","0.48364,0.44998,0.22043,0.59306,0.44947,0.14799",paper_formula,Full Bernoulli event probability uses selected probabilities and non-selected complement probabilities.
8,3,4,load_loss_threshold,bernoulli_full_event,8,0,8,NaN,NaN,1,terminal_stage_probability_one,1,0,,"","",,Terminal recording stage excluded from Bernoulli complement product.
8,4,1,no_new_outage,bernoulli_full_event,45,0,45,1,0.226791029731014,0.226791029731014,full_event_available,1,1,,"","",paper_formula,Full Bernoulli event probability uses selected probabilities and non-selected complement probabilities.
8,5,1,continue,bernoulli_full_event,45,1,44,0.383554963062453,0.367901461025131,0.141110431294117,full_event_available,0,1,,"19","0.20999",paper_formula,Full Bernoulli event probability uses selected probabilities and non-selected complement probabilities.
8,5,2,continue,bernoulli_full_event,44,2,42,1,0.763519667444946,0.763519667444946,full_event_available,0,1,,"3,18","0.021119,0.92526",paper_formula,Full Bernoulli event probability uses selected probabilities and non-selected complement probabilities.
8,5,3,continue,bernoulli_full_event,41,3,38,0.0049341444841676,0.51250434364153,0.00252877048029079,full_event_available,0,1,,"24,27,42","0.0051994,0.64615,0.15302",paper_formula,Full Bernoulli event probability uses selected probabilities and non-selected complement probabilities.
8,5,4,load_loss_threshold,bernoulli_full_event,0,0,0,NaN,NaN,1,terminal_stage_probability_one,1,0,,"","",,Terminal recording stage excluded from Bernoulli complement product.
8,6,1,continue,bernoulli_full_event,45,2,43,0.197595540205214,0.758823775240726,0.149940193789251,full_event_available,0,1,,"19,23","0.28615,0.48983",paper_formula,Full Bernoulli event probability uses selected probabilities and non-selected complement probabilities.
8,6,2,continue,bernoulli_full_event,43,3,40,1,0.274237675575185,0.274237675575185,full_event_available,0,1,,"3,13,18","0.030948,0.24433,0.53724",paper_formula,Full Bernoulli event probability uses selected probabilities and non-selected complement probabilities.
8,6,3,continue,bernoulli_full_event,37,8,29,0.998479744608,0.816560491859679,0.815319111369036,full_event_available,0,1,,"4,7,25,27,30,31,40,42","0.28674,0.22019,0.14505,0.059875,0.22885,0.80983,0.60631,0.36925",paper_formula,Full Bernoulli event probability uses selected probabilities and non-selected complement probabilities.
8,6,4,load_loss_threshold,bernoulli_full_event,10,0,10,NaN,NaN,1,terminal_stage_probability_one,1,0,,"","",,Terminal recording stage excluded from Bernoulli complement product.
8,7,1,continue,bernoulli_full_event,45,1,44,0.383554963062453,0.367901461025131,0.141110431294117,full_event_available,0,1,,"19","0.14475",paper_formula,Full Bernoulli event probability uses selected probabilities and non-selected complement probabilities.
8,7,2,continue,bernoulli_full_event,44,3,41,0.006358239425,0.768405372780541,0.00488570533559505,full_event_available,0,1,,"3,18,24","0.83956,0.32419,0.0059702",paper_formula,Full Bernoulli event probability uses selected probabilities and non-selected complement probabilities.
8,7,3,continue,bernoulli_full_event,40,5,35,0.598755581185469,0.675674551165585,0.404563908575381,full_event_available,0,1,,"7,27,30,40,42","0.72426,0.50244,0.87983,0.19831,0.992",paper_formula,Full Bernoulli event probability uses selected probabilities and non-selected complement probabilities.
8,7,4,load_loss_threshold,bernoulli_full_event,0,0,0,NaN,NaN,1,terminal_stage_probability_one,1,0,,"","",,Terminal recording stage excluded from Bernoulli complement product.
8,8,1,continue,bernoulli_full_event,45,2,43,0.197595540205214,0.758823775240726,0.149940193789251,full_event_available,0,1,,"19,23","0.027885,0.27065",paper_formula,Full Bernoulli event probability uses selected probabilities and non-selected complement probabilities.
8,8,2,continue,bernoulli_full_event,43,3,40,1,0.274237675575185,0.274237675575185,full_event_available,0,1,,"3,13,18","0.15474,0.36519,0.54048",paper_formula,Full Bernoulli event probability uses selected probabilities and non-selected complement probabilities.
8,8,3,continue,bernoulli_full_event,37,8,29,0.998479744608,0.816560491859679,0.815319111369036,full_event_available,0,1,,"4,7,25,27,30,31,40,42","0.72904,0.68423,0.31235,0.47637,0.020264,0.11065,0.88824,0.19843",paper_formula,Full Bernoulli event probability uses selected probabilities and non-selected complement probabilities.
8,8,4,load_loss_threshold,bernoulli_full_event,10,0,10,NaN,NaN,1,terminal_stage_probability_one,1,0,,"","",,Terminal recording stage excluded from Bernoulli complement product.
8,9,1,continue,bernoulli_full_event,45,4,41,8.99178531538097e-08,0.374793022910196,3.37005839971114e-08,full_event_available,0,1,,"16,18,19,26","0.0043923,0.00037748,0.12162,0.0058083",paper_formula,Full Bernoulli event probability uses selected probabilities and non-selected complement probabilities.
8,9,2,continue,bernoulli_full_event,40,5,35,1.86713813384405e-05,0.79827753649012,1.49049442977179e-05,full_event_available,0,1,,"9,23,25,27,28","0.89381,0.0030338,0.32434,0.10231,0.0032645",paper_formula,Full Bernoulli event probability uses selected probabilities and non-selected complement probabilities.
8,9,3,load_loss_threshold,bernoulli_full_event,17,0,17,NaN,NaN,1,terminal_stage_probability_one,1,0,,"","",,Terminal recording stage excluded from Bernoulli complement product.
8,10,1,no_new_outage,bernoulli_full_event,45,0,45,1,0.226791029731014,0.226791029731014,full_event_available,1,1,,"","",paper_formula,Full Bernoulli event probability uses selected probabilities and non-selected complement probabilities.
8,11,1,continue,bernoulli_full_event,45,1,44,0.515168774319941,0.467773150157358,0.240982120426344,full_event_available,0,1,,"23","0.23118",paper_formula,Full Bernoulli event probability uses selected probabilities and non-selected complement probabilities.
8,11,2,continue,bernoulli_full_event,44,4,40,0.532848715034066,0.601319180767628,0.320412152797368,full_event_available,0,1,,"3,12,13,18","0.63351,0.34736,0.75096,0.76724",paper_formula,Full Bernoulli event probability uses selected probabilities and non-selected complement probabilities.
8,11,3,continue,bernoulli_full_event,36,7,29,0.334891953341004,0.508022487870791,0.170132643304206,full_event_available,0,1,,"11,25,27,30,31,40,42","0.36643,0.60523,0.15618,0.2253,0.1198,0.34917,0.35832",paper_formula,Full Bernoulli event probability uses selected probabilities and non-selected complement probabilities.
8,11,4,load_loss_threshold,bernoulli_full_event,8,0,8,NaN,NaN,1,terminal_stage_probability_one,1,0,,"","",,Terminal recording stage excluded from Bernoulli complement product.
8,12,1,continue,bernoulli_full_event,45,1,44,0.515168774319941,0.467773150157358,0.240982120426344,full_event_available,0,1,,"23","0.28415",paper_formula,Full Bernoulli event probability uses selected probabilities and non-selected complement probabilities.
8,12,2,continue,bernoulli_full_event,44,3,41,1,0.280907027970261,0.280907027970261,full_event_available,0,1,,"3,13,18","0.69987,0.012719,0.10819",paper_formula,Full Bernoulli event probability uses selected probabilities and non-selected complement probabilities.
8,12,3,continue,bernoulli_full_event,37,8,29,0.998479744608,0.816560491859679,0.815319111369036,full_event_available,0,1,,"4,7,25,27,30,31,40,42","0.89143,0.75891,0.61292,0.048204,0.53143,0.1451,0.7789,0.83544",paper_formula,Full Bernoulli event probability uses selected probabilities and non-selected complement probabilities.
8,12,4,load_loss_threshold,bernoulli_full_event,10,0,10,NaN,NaN,1,terminal_stage_probability_one,1,0,,"","",,Terminal recording stage excluded from Bernoulli complement product.
8,13,1,continue,bernoulli_full_event,45,1,44,0.383554963062453,0.367901461025131,0.141110431294117,full_event_available,0,1,,"19","0.33623",paper_formula,Full Bernoulli event probability uses selected probabilities and non-selected complement probabilities.
8,13,2,continue,bernoulli_full_event,44,2,42,1,0.763519667444946,0.763519667444946,full_event_available,0,1,,"3,18","0.082574,0.45027",paper_formula,Full Bernoulli event probability uses selected probabilities and non-selected complement probabilities.
8,13,3,continue,bernoulli_full_event,41,4,37,0.00173653869282763,0.788409020490757,0.00136910276985653,full_event_available,0,1,,"27,40,42,46","0.23207,0.089487,0.46292,0.00079112",paper_formula,Full Bernoulli event probability uses selected probabilities and non-selected complement probabilities.
8,13,4,load_loss_threshold,bernoulli_full_event,0,0,0,NaN,NaN,1,terminal_stage_probability_one,1,0,,"","",,Terminal recording stage excluded from Bernoulli complement product.
8,14,1,no_new_outage,bernoulli_full_event,45,0,45,1,0.226791029731014,0.226791029731014,full_event_available,1,1,,"","",paper_formula,Full Bernoulli event probability uses selected probabilities and non-selected complement probabilities.
8,15,1,continue,bernoulli_full_event,45,3,42,0.00127592220640613,0.763755529466045,0.0009744926403112,full_event_available,0,1,,"5,19,23","0.0011459,0.1096,0.1354",paper_formula,Full Bernoulli event probability uses selected probabilities and non-selected complement probabilities.
8,15,2,continue,bernoulli_full_event,42,7,35,0.497415866803083,0.480042846636943,0.238780928662534,full_event_available,0,1,,"3,11,12,13,16,17,18","0.38648,0.10897,0.8682,0.73692,0.0077324,0.38004,0.47574",paper_formula,Full Bernoulli event probability uses selected probabilities and non-selected complement probabilities.
8,15,3,continue,bernoulli_full_event,29,9,20,0.997845534710152,0.879554003935289,0.877659035363264,full_event_available,0,1,,"1,4,7,25,27,30,31,40,42","0.51131,0.83323,0.072865,0.94119,0.04972,0.53969,0.74285,0.44497,0.99358",paper_formula,Full Bernoulli event probability uses selected probabilities and non-selected complement probabilities.
8,15,4,load_loss_threshold,bernoulli_full_event,1,0,1,NaN,NaN,1,terminal_stage_probability_one,1,0,,"","",,Terminal recording stage excluded from Bernoulli complement product.
8,16,1,continue,bernoulli_full_event,45,2,43,0.00334544051672404,0.470830664627329,0.00157513598196037,full_event_available,0,1,,"23,35","0.4403,0.0036794",paper_formula,Full Bernoulli event probability uses selected probabilities and non-selected complement probabilities.
8,16,2,continue,bernoulli_full_event,43,10,33,0.000560507485676955,0.404400999680236,0.000226669787536016,full_event_available,0,1,,"3,12,13,17,18,27,29,36,38,45","0.89931,0.63722,0.22418,0.017349,0.78084,0.12216,0.6369,0.49718,0.98117,0.00036428",paper_formula,Full Bernoulli event probability uses selected probabilities and non-selected complement probabilities.
8,16,3,load_loss_threshold,bernoulli_full_event,0,0,0,NaN,NaN,1,terminal_stage_probability_one,1,0,,"","",,Terminal recording stage excluded from Bernoulli complement product.
8,17,1,continue,bernoulli_full_event,45,3,42,0.00125635975393697,0.763679431912775,0.000959456103164657,full_event_available,0,1,,"19,23,24","0.24798,0.30235,0.0049588",paper_formula,Full Bernoulli event probability uses selected probabilities and non-selected complement probabilities.
8,17,2,continue,bernoulli_full_event,42,5,37,0.545255575254894,0.558771807996866,0.304673443605548,full_event_available,0,1,,"3,6,12,13,18","0.54871,0.91941,0.41984,0.23625,0.49356",paper_formula,Full Bernoulli event probability uses selected probabilities and non-selected complement probabilities.
8,17,3,continue,bernoulli_full_event,33,4,29,0.00595907141236719,0.756569221033994,0.00450845001654059,full_event_available,0,1,,"11,34,40,42","0.55543,0.0041466,0.94322,0.017784",paper_formula,Full Bernoulli event probability uses selected probabilities and non-selected complement probabilities.
8,17,4,load_loss_threshold,bernoulli_full_event,15,0,15,NaN,NaN,1,terminal_stage_probability_one,1,0,,"","",,Terminal recording stage excluded from Bernoulli complement product.
8,18,1,continue,bernoulli_full_event,45,2,43,0.197595540205214,0.758823775240726,0.149940193789251,full_event_available,0,1,,"19,23","0.28927,0.21105",paper_formula,Full Bernoulli event probability uses selected probabilities and non-selected complement probabilities.
8,18,2,continue,bernoulli_full_event,43,5,38,0.115188262381293,0.747953334087036,0.0861554448957801,full_event_available,0,1,,"3,12,13,16,18","0.78858,0.065471,0.18691,0.088147,0.14112",paper_formula,Full Bernoulli event probability uses selected probabilities and non-selected complement probabilities.
8,18,3,continue,bernoulli_full_event,31,8,23,0.998479744608,0.862480035274709,0.86116884535059,full_event_available,0,1,,"4,7,25,27,30,31,40,42","0.16517,0.10762,0.051189,0.10334,0.76027,0.48594,0.96168,0.036224",paper_formula,Full Bernoulli event probability uses selected probabilities and non-selected complement probabilities.
8,18,4,load_loss_threshold,bernoulli_full_event,4,0,4,NaN,NaN,1,terminal_stage_probability_one,1,0,,"","",,Terminal recording stage excluded from Bernoulli complement product.
8,19,1,continue,bernoulli_full_event,45,3,42,0.00127416158568391,0.763748680065224,0.000973139229255897,full_event_available,0,1,,"19,23,25","0.34245,0.2775,0.0019672",paper_formula,Full Bernoulli event probability uses selected probabilities and non-selected complement probabilities.
8,19,2,continue,bernoulli_full_event,42,7,35,0.006663167125,0.310175902677093,0.00206675387768521,full_event_available,0,1,,"3,6,13,17,18,26,30","0.38016,0.14851,0.75433,0.00046521,0.35479,0.9068,0.23583",paper_formula,Full Bernoulli event probability uses selected probabilities and non-selected complement probabilities.
8,19,3,load_loss_threshold,bernoulli_full_event,12,0,12,NaN,NaN,1,terminal_stage_probability_one,1,0,,"","",,Terminal recording stage excluded from Bernoulli complement product.
8,20,1,continue,bernoulli_full_event,45,1,44,0.515168774319941,0.467773150157358,0.240982120426344,full_event_available,0,1,,"23","0.44921",paper_formula,Full Bernoulli event probability uses selected probabilities and non-selected complement probabilities.
8,20,2,continue,bernoulli_full_event,44,5,39,0.108399982537629,0.75489011573396,0.08183007536339,full_event_available,0,1,,"3,12,13,16,18","0.7986,0.26451,0.98469,0.14683,0.93916",paper_formula,Full Bernoulli event probability uses selected probabilities and non-selected complement probabilities.
8,20,3,continue,bernoulli_full_event,31,8,23,0.998479744608,0.862480035274709,0.86116884535059,full_event_available,0,1,,"4,7,25,27,30,31,40,42","0.9948,0.40233,0.58018,0.98486,0.42416,0.76012,0.73595,0.4051",paper_formula,Full Bernoulli event probability uses selected probabilities and non-selected complement probabilities.
8,20,4,load_loss_threshold,bernoulli_full_event,4,0,4,NaN,NaN,1,terminal_stage_probability_one,1,0,,"","",,Terminal recording stage excluded from Bernoulli complement product.
8,21,1,continue,bernoulli_full_event,45,3,42,0.001293137164579,0.763822507859026,0.000987727272054442,full_event_available,0,1,,"11,19,23","0.0046496,0.25936,0.30964",paper_formula,Full Bernoulli event probability uses selected probabilities and non-selected complement probabilities.
8,21,2,continue,bernoulli_full_event,42,7,35,0.661117424886512,0.756978892517307,0.500451936114485,full_event_available,0,1,,"3,12,13,15,16,17,18","0.21643,0.37316,0.16784,0.26021,0.48717,0.026931,0.29657",paper_formula,Full Bernoulli event probability uses selected probabilities and non-selected complement probabilities.
8,21,3,continue,bernoulli_full_event,30,8,22,0.998479744608,0.868265432963404,0.866945447757254,full_event_available,0,1,,"4,7,25,27,30,31,40,42","0.81851,0.91605,0.38227,0.9513,0.72706,0.19538,0.67054,0.60938",paper_formula,Full Bernoulli event probability uses selected probabilities and non-selected complement probabilities.
8,21,4,load_loss_threshold,bernoulli_full_event,3,0,3,NaN,NaN,1,terminal_stage_probability_one,1,0,,"","",,Terminal recording stage excluded from Bernoulli complement product.
8,22,1,continue,bernoulli_full_event,45,2,43,0.00245278426088343,0.370269285097919,0.000908190674776735,full_event_available,0,1,,"19,22","0.27947,0.0030597",paper_formula,Full Bernoulli event probability uses selected probabilities and non-selected complement probabilities.
8,22,2,continue,bernoulli_full_event,43,4,39,0.006407740675,0.279160664205764,0.00178878914289129,full_event_available,0,1,,"3,13,18,21","0.73078,0.77441,0.73194,0.0010788",paper_formula,Full Bernoulli event probability uses selected probabilities and non-selected complement probabilities.
8,22,3,continue,bernoulli_full_event,38,8,30,0.997880276437688,0.82364750551363,0.821901600489153,full_event_available,0,1,,"4,7,25,27,30,31,40,42","0.87519,0.47508,0.7545,0.76791,0.67172,0.56979,0.28189,0.20702",paper_formula,Full Bernoulli event probability uses selected probabilities and non-selected complement probabilities.
8,22,4,load_loss_threshold,bernoulli_full_event,10,0,10,NaN,NaN,1,terminal_stage_probability_one,1,0,,"","",,Terminal recording stage excluded from Bernoulli complement product.
8,23,1,no_new_outage,bernoulli_full_event,45,0,45,1,0.226791029731014,0.226791029731014,full_event_available,1,1,,"","",paper_formula,Full Bernoulli event probability uses selected probabilities and non-selected complement probabilities.
8,24,1,no_new_outage,bernoulli_full_event,45,0,45,1,0.226791029731014,0.226791029731014,full_event_available,1,1,,"","",paper_formula,Full Bernoulli event probability uses selected probabilities and non-selected complement probabilities.
8,25,1,continue,bernoulli_full_event,45,2,43,0.00331381865884468,0.470801577206767,0.00156015105116129,full_event_available,0,1,,"23,45","0.10661,0.005622",paper_formula,Full Bernoulli event probability uses selected probabilities and non-selected complement probabilities.
8,25,2,continue,bernoulli_full_event,43,6,37,0.000695055594768809,0.530755452216022,0.000368904546516795,full_event_available,0,1,,"3,7,12,13,17,18","0.10352,0.0034771,0.37056,0.79017,0.12444,0.116",paper_formula,Full Bernoulli event probability uses selected probabilities and non-selected complement probabilities.
8,25,3,load_loss_threshold,bernoulli_full_event,28,0,28,NaN,NaN,1,terminal_stage_probability_one,1,0,,"","",,Terminal recording stage excluded from Bernoulli complement product.
8,26,1,continue,bernoulli_full_event,45,1,44,0.515168774319941,0.467773150157358,0.240982120426344,full_event_available,0,1,,"23","0.29221",paper_formula,Full Bernoulli event probability uses selected probabilities and non-selected complement probabilities.
8,26,2,continue,bernoulli_full_event,44,4,40,0.532848715034066,0.601319180767628,0.320412152797368,full_event_available,0,1,,"3,12,13,18","0.24176,0.0081289,0.49185,0.98981",paper_formula,Full Bernoulli event probability uses selected probabilities and non-selected complement probabilities.
8,26,3,continue,bernoulli_full_event,36,7,29,0.392149831374384,0.555876862435644,0.217987017869059,full_event_available,0,1,,"7,11,25,27,30,40,42","0.057766,0.89087,0.97623,0.37215,0.031963,0.36952,0.49847",paper_formula,Full Bernoulli event probability uses selected probabilities and non-selected complement probabilities.
8,26,4,load_loss_threshold,bernoulli_full_event,8,0,8,NaN,NaN,1,terminal_stage_probability_one,1,0,,"","",,Terminal recording stage excluded from Bernoulli complement product.
8,27,1,no_new_outage,bernoulli_full_event,45,0,45,1,0.226791029731014,0.226791029731014,full_event_available,1,1,,"","",paper_formula,Full Bernoulli event probability uses selected probabilities and non-selected complement probabilities.
8,28,1,continue,bernoulli_full_event,45,2,43,0.00243873428779811,0.370255635000922,0.00090295511232721,full_event_available,0,1,,"19,24","0.23829,0.0038073",paper_formula,Full Bernoulli event probability uses selected probabilities and non-selected complement probabilities.
8,28,2,continue,bernoulli_full_event,43,2,41,1,0.768405372780541,0.768405372780541,full_event_available,0,1,,"3,18","0.61656,0.83565",paper_formula,Full Bernoulli event probability uses selected probabilities and non-selected complement probabilities.
8,28,3,continue,bernoulli_full_event,40,6,34,0.00390839723425124,0.680114018340143,0.00265815574825611,full_event_available,0,1,,"6,7,27,30,40,42","0.0064864,0.25213,0.85055,0.33682,0.20673,0.77318",paper_formula,Full Bernoulli event probability uses selected probabilities and non-selected complement probabilities.
8,28,4,load_loss_threshold,bernoulli_full_event,0,0,0,NaN,NaN,1,terminal_stage_probability_one,1,0,,"","",,Terminal recording stage excluded from Bernoulli complement product.
8,29,1,no_new_outage,bernoulli_full_event,45,0,45,1,0.226791029731014,0.226791029731014,full_event_available,1,1,,"","",paper_formula,Full Bernoulli event probability uses selected probabilities and non-selected complement probabilities.
8,30,1,continue,bernoulli_full_event,45,1,44,0.383554963062453,0.367901461025131,0.141110431294117,full_event_available,0,1,,"19","0.019518",paper_formula,Full Bernoulli event probability uses selected probabilities and non-selected complement probabilities.
8,30,2,continue,bernoulli_full_event,44,3,41,0.00641863095,0.768452077734685,0.00493241028973966,full_event_available,0,1,,"1,3,18","0.0035631,0.91842,0.60504",paper_formula,Full Bernoulli event probability uses selected probabilities and non-selected complement probabilities.
8,30,3,continue,bernoulli_full_event,40,4,36,0.924623409776141,0.519411866261942,0.480260370861306,full_event_available,0,1,,"27,30,40,42","0.63105,0.26951,0.37266,0.74333",paper_formula,Full Bernoulli event probability uses selected probabilities and non-selected complement probabilities.
8,30,4,load_loss_threshold,bernoulli_full_event,0,0,0,NaN,NaN,1,terminal_stage_probability_one,1,0,,"","",,Terminal recording stage excluded from Bernoulli complement product.
9,1,1,no_new_outage,bernoulli_full_event,45,0,45,1,0.74936683008352,0.74936683008352,full_event_available,1,1,,"","",paper_formula,Full Bernoulli event probability uses selected probabilities and non-selected complement probabilities.
9,2,1,no_new_outage,bernoulli_full_event,45,0,45,1,0.74936683008352,0.74936683008352,full_event_available,1,1,,"","",paper_formula,Full Bernoulli event probability uses selected probabilities and non-selected complement probabilities.
9,3,1,no_new_outage,bernoulli_full_event,45,0,45,1,0.74936683008352,0.74936683008352,full_event_available,1,1,,"","",paper_formula,Full Bernoulli event probability uses selected probabilities and non-selected complement probabilities.
9,4,1,continue,bernoulli_full_event,45,1,44,0.0064483317,0.754230357607583,0.00486352752406331,full_event_available,0,1,,"25","0.0028557",paper_formula,Full Bernoulli event probability uses selected probabilities and non-selected complement probabilities.
9,4,2,no_new_outage,bernoulli_full_event,44,0,44,1,0.754230357607583,0.754230357607583,full_event_available,1,1,,"","",paper_formula,Full Bernoulli event probability uses selected probabilities and non-selected complement probabilities.
9,5,1,continue,bernoulli_full_event,45,1,44,0.00641467085,0.754204805665351,0.00483797558183144,full_event_available,0,1,,"23","0.0027562",paper_formula,Full Bernoulli event probability uses selected probabilities and non-selected complement probabilities.
9,5,2,continue,bernoulli_full_event,44,2,42,0.996565457302701,0.314293342458355,0.313213888554205,full_event_available,0,1,,"13,18","0.32308,0.17224",paper_formula,Full Bernoulli event probability uses selected probabilities and non-selected complement probabilities.
9,5,3,continue,bernoulli_full_event,38,2,36,0.499352561789553,0.793846952488557,0.396409509393991,full_event_available,0,1,,"8,14","0.36961,0.65393",paper_formula,Full Bernoulli event probability uses selected probabilities and non-selected complement probabilities.
9,5,4,continue,bernoulli_full_event,36,1,35,1,0.559481419323996,0.559481419323996,full_event_available,0,1,,"27","0.57986",paper_formula,Full Bernoulli event probability uses selected probabilities and non-selected complement probabilities.
9,5,5,max_depth_reached,bernoulli_full_event,32,0,32,NaN,NaN,1,terminal_stage_probability_one,1,0,,"","",,Terminal recording stage excluded from Bernoulli complement product.
9,6,1,continue,bernoulli_full_event,45,1,44,0.006579015,0.754329575676841,0.00496274559332158,full_event_available,0,1,,"29","0.0050475",paper_formula,Full Bernoulli event probability uses selected probabilities and non-selected complement probabilities.
9,6,2,no_new_outage,bernoulli_full_event,44,0,44,1,0.754329575676841,0.754329575676841,full_event_available,1,1,,"","",paper_formula,Full Bernoulli event probability uses selected probabilities and non-selected complement probabilities.
9,7,1,continue,bernoulli_full_event,45,2,43,4.29663117945354e-05,0.75928963131733,3.26238750415382e-05,full_event_available,0,1,,"17,25","0.0031117,0.0022879",paper_formula,Full Bernoulli event probability uses selected probabilities and non-selected complement probabilities.
9,7,2,continue,bernoulli_full_event,43,1,42,0.006358239425,0.764148268967626,0.00485863765029546,full_event_available,0,1,,"14","0.0060841",paper_formula,Full Bernoulli event probability uses selected probabilities and non-selected complement probabilities.
9,7,3,continue,bernoulli_full_event,42,5,37,0.00246557637458723,0.789322255899287,0.00194613430608118,full_event_available,0,1,,"1,3,6,20,40","0.014403,0.47837,0.51615,0.4253,0.0055149",paper_formula,Full Bernoulli event probability uses selected probabilities and non-selected complement probabilities.
9,7,4,load_loss_threshold,bernoulli_full_event,20,0,20,NaN,NaN,1,terminal_stage_probability_one,1,0,,"","",,Terminal recording stage excluded from Bernoulli complement product.
9,8,1,no_new_outage,bernoulli_full_event,45,0,45,1,0.74936683008352,0.74936683008352,full_event_available,1,1,,"","",paper_formula,Full Bernoulli event probability uses selected probabilities and non-selected complement probabilities.
9,9,1,no_new_outage,bernoulli_full_event,45,0,45,1,0.74936683008352,0.74936683008352,full_event_available,1,1,,"","",paper_formula,Full Bernoulli event probability uses selected probabilities and non-selected complement probabilities.
9,10,1,no_new_outage,bernoulli_full_event,45,0,45,1,0.74936683008352,0.74936683008352,full_event_available,1,1,,"","",paper_formula,Full Bernoulli event probability uses selected probabilities and non-selected complement probabilities.
9,11,1,continue,bernoulli_full_event,45,2,43,4.23087588066322e-05,0.75921169323151,3.21213044121068e-05,full_event_available,0,1,,"25,36","0.0043986,0.0059135",paper_formula,Full Bernoulli event probability uses selected probabilities and non-selected complement probabilities.
9,11,2,no_new_outage,bernoulli_full_event,43,0,43,1,0.75921169323151,0.75921169323151,full_event_available,1,1,,"","",paper_formula,Full Bernoulli event probability uses selected probabilities and non-selected complement probabilities.
9,12,1,no_new_outage,bernoulli_full_event,45,0,45,1,0.74936683008352,0.74936683008352,full_event_available,1,1,,"","",paper_formula,Full Bernoulli event probability uses selected probabilities and non-selected complement probabilities.
9,13,1,no_new_outage,bernoulli_full_event,45,0,45,1,0.74936683008352,0.74936683008352,full_event_available,1,1,,"","",paper_formula,Full Bernoulli event probability uses selected probabilities and non-selected complement probabilities.
9,14,1,no_new_outage,bernoulli_full_event,45,0,45,1,0.74936683008352,0.74936683008352,full_event_available,1,1,,"","",paper_formula,Full Bernoulli event probability uses selected probabilities and non-selected complement probabilities.
9,15,1,continue,bernoulli_full_event,45,1,44,0.0064483317,0.754230357607583,0.00486352752406331,full_event_available,0,1,,"25","0.0049018",paper_formula,Full Bernoulli event probability uses selected probabilities and non-selected complement probabilities.
9,15,2,continue,bernoulli_full_event,44,1,43,0.00649387285,0.759160247729111,0.00492989012152735,full_event_available,0,1,,"35","0.0054587",paper_formula,Full Bernoulli event probability uses selected probabilities and non-selected complement probabilities.
9,15,3,continue,bernoulli_full_event,43,4,39,0.00639246955234666,0.779155252730867,0.00498072622963304,full_event_available,0,1,,"23,29,36,38","0.00042465,0.86966,0.69121,0.77065",paper_formula,Full Bernoulli event probability uses selected probabilities and non-selected complement probabilities.
9,15,4,continue,bernoulli_full_event,36,4,32,0.998359398175532,0.814753905765477,0.813417219021186,full_event_available,0,1,,"8,10,13,18","0.39163,0.69908,0.052956,0.45038",paper_formula,Full Bernoulli event probability uses selected probabilities and non-selected complement probabilities.
9,15,5,max_depth_reached,bernoulli_full_event,28,0,28,NaN,NaN,1,terminal_stage_probability_one,1,0,,"","",,Terminal recording stage excluded from Bernoulli complement product.
9,16,1,no_new_outage,bernoulli_full_event,45,0,45,1,0.74936683008352,0.74936683008352,full_event_available,1,1,,"","",paper_formula,Full Bernoulli event probability uses selected probabilities and non-selected complement probabilities.
9,17,1,no_new_outage,bernoulli_full_event,45,0,45,1,0.74936683008352,0.74936683008352,full_event_available,1,1,,"","",paper_formula,Full Bernoulli event probability uses selected probabilities and non-selected complement probabilities.
9,18,1,no_new_outage,bernoulli_full_event,45,0,45,1,0.74936683008352,0.74936683008352,full_event_available,1,1,,"","",paper_formula,Full Bernoulli event probability uses selected probabilities and non-selected complement probabilities.
9,19,1,no_new_outage,bernoulli_full_event,45,0,45,1,0.74936683008352,0.74936683008352,full_event_available,1,1,,"","",paper_formula,Full Bernoulli event probability uses selected probabilities and non-selected complement probabilities.
9,20,1,no_new_outage,bernoulli_full_event,45,0,45,1,0.74936683008352,0.74936683008352,full_event_available,1,1,,"","",paper_formula,Full Bernoulli event probability uses selected probabilities and non-selected complement probabilities.
9,21,1,continue,bernoulli_full_event,45,1,44,0.006245376575,0.754076320672409,0.00470949058888965,full_event_available,0,1,,"12","0.00023227",paper_formula,Full Bernoulli event probability uses selected probabilities and non-selected complement probabilities.
9,21,2,continue,bernoulli_full_event,44,2,42,0.997482400713401,0.76405690555725,0.762133316436898,full_event_available,0,1,,"10,11","0.07181,0.20457",paper_formula,Full Bernoulli event probability uses selected probabilities and non-selected complement probabilities.
9,21,3,continue,bernoulli_full_event,42,6,36,0.00643650077214462,0.0547794854832368,0.000352588200610539,full_event_available,0,1,,"1,4,6,13,26,27","0.20073,0.43559,0.002663,0.6278,0.24916,0.8762",paper_formula,Full Bernoulli event probability uses selected probabilities and non-selected complement probabilities.
9,21,4,load_loss_threshold,bernoulli_full_event,4,0,4,NaN,NaN,1,terminal_stage_probability_one,1,0,,"","",,Terminal recording stage excluded from Bernoulli complement product.
9,22,1,continue,bernoulli_full_event,45,1,44,0.006453281825,0.754234115392175,0.00486728530865528,full_event_available,0,1,,"28","0.0035764",paper_formula,Full Bernoulli event probability uses selected probabilities and non-selected complement probabilities.
9,22,2,continue,bernoulli_full_event,44,1,43,1,0.75906040317359,0.75906040317359,full_event_available,0,1,,"38","0.73832",paper_formula,Full Bernoulli event probability uses selected probabilities and non-selected complement probabilities.
9,22,3,continue,bernoulli_full_event,39,2,37,0.829157767586961,0.780362942503054,0.647043995313424,full_event_available,0,1,,"8,14","0.48806,0.81555",paper_formula,Full Bernoulli event probability uses selected probabilities and non-selected complement probabilities.
9,22,4,continue,bernoulli_full_event,37,4,33,4.14087859605721e-05,0.735461187900148,3.04545549120653e-05,full_event_available,0,1,,"3,6,41,45","0.12103,0.35013,0.0008192,0.0063088",paper_formula,Full Bernoulli event probability uses selected probabilities and non-selected complement probabilities.
9,22,5,max_depth_reached,bernoulli_full_event,33,0,33,NaN,NaN,1,terminal_stage_probability_one,1,0,,"","",,Terminal recording stage excluded from Bernoulli complement product.
9,23,1,no_new_outage,bernoulli_full_event,45,0,45,1,0.74936683008352,0.74936683008352,full_event_available,1,1,,"","",paper_formula,Full Bernoulli event probability uses selected probabilities and non-selected complement probabilities.
9,24,1,no_new_outage,bernoulli_full_event,45,0,45,1,0.74936683008352,0.74936683008352,full_event_available,1,1,,"","",paper_formula,Full Bernoulli event probability uses selected probabilities and non-selected complement probabilities.
9,25,1,no_new_outage,bernoulli_full_event,45,0,45,1,0.74936683008352,0.74936683008352,full_event_available,1,1,,"","",paper_formula,Full Bernoulli event probability uses selected probabilities and non-selected complement probabilities.
9,26,1,continue,bernoulli_full_event,45,1,44,0.0064483317,0.754230357607583,0.00486352752406331,full_event_available,0,1,,"25","0.0051726",paper_formula,Full Bernoulli event probability uses selected probabilities and non-selected complement probabilities.
9,26,2,no_new_outage,bernoulli_full_event,44,0,44,1,0.754230357607583,0.754230357607583,full_event_available,1,1,,"","",paper_formula,Full Bernoulli event probability uses selected probabilities and non-selected complement probabilities.
9,27,1,no_new_outage,bernoulli_full_event,45,0,45,1,0.74936683008352,0.74936683008352,full_event_available,1,1,,"","",paper_formula,Full Bernoulli event probability uses selected probabilities and non-selected complement probabilities.
9,28,1,no_new_outage,bernoulli_full_event,45,0,45,1,0.74936683008352,0.74936683008352,full_event_available,1,1,,"","",paper_formula,Full Bernoulli event probability uses selected probabilities and non-selected complement probabilities.
9,29,1,no_new_outage,bernoulli_full_event,45,0,45,1,0.74936683008352,0.74936683008352,full_event_available,1,1,,"","",paper_formula,Full Bernoulli event probability uses selected probabilities and non-selected complement probabilities.
9,30,1,no_new_outage,bernoulli_full_event,45,0,45,1,0.74936683008352,0.74936683008352,full_event_available,1,1,,"","",paper_formula,Full Bernoulli event probability uses selected probabilities and non-selected complement probabilities.
10,1,1,continue,bernoulli_full_event,45,3,42,0.286840144766373,0.764009710058915,0.219148655836214,full_event_available,0,1,,"12,19,23","0.57508,0.24045,0.58375",paper_formula,Full Bernoulli event probability uses selected probabilities and non-selected complement probabilities.
10,1,2,continue,bernoulli_full_event,36,3,33,0.00585182422987181,0.80919447289557,0.00473526382316864,full_event_available,0,1,,"3,6,15","0.5034,0.95922,0.0039791",paper_formula,Full Bernoulli event probability uses selected probabilities and non-selected complement probabilities.
10,1,3,continue,bernoulli_full_event,33,4,29,1,0.190323424142514,0.190323424142514,full_event_available,0,1,,"25,27,40,42","0.88655,0.69164,0.90891,0.21283",paper_formula,Full Bernoulli event probability uses selected probabilities and non-selected complement probabilities.
10,1,4,load_loss_threshold,bernoulli_full_event,0,0,0,NaN,NaN,1,terminal_stage_probability_one,1,0,,"","",,Terminal recording stage excluded from Bernoulli complement product.
10,2,1,continue,bernoulli_full_event,45,2,43,0.614455632629986,0.407354739059274,0.250301413893489,full_event_available,0,1,,"12,23","0.11155,0.36682",paper_formula,Full Bernoulli event probability uses selected probabilities and non-selected complement probabilities.
10,2,2,continue,bernoulli_full_event,36,3,33,0.00639088273516384,0.809645258207439,0.00517434790228519,full_event_available,0,1,,"3,6,36","0.52696,0.6758,0.00098838",paper_formula,Full Bernoulli event probability uses selected probabilities and non-selected complement probabilities.
10,2,3,continue,bernoulli_full_event,33,4,29,0.997687395390222,0.825909438023741,0.823999436050108,full_event_available,0,1,,"9,25,27,42","0.21396,0.95824,0.60397,0.27112",paper_formula,Full Bernoulli event probability uses selected probabilities and non-selected complement probabilities.
10,2,4,load_loss_threshold,bernoulli_full_event,0,0,0,NaN,NaN,1,terminal_stage_probability_one,1,0,,"","",,Terminal recording stage excluded from Bernoulli complement product.
10,3,1,continue,bernoulli_full_event,45,2,43,0.614455632629986,0.407354739059274,0.250301413893489,full_event_available,0,1,,"12,23","0.066333,0.11537",paper_formula,Full Bernoulli event probability uses selected probabilities and non-selected complement probabilities.
10,3,2,continue,bernoulli_full_event,36,2,34,0.974042559851215,0.804333018151855,0.783454591973487,full_event_available,0,1,,"3,6","0.8052,0.43973",paper_formula,Full Bernoulli event probability uses selected probabilities and non-selected complement probabilities.
10,3,3,continue,bernoulli_full_event,34,4,30,0.997866890580694,0.818355303064305,0.816609661658999,full_event_available,0,1,,"9,25,27,42","0.28474,0.18116,0.86512,0.59176",paper_formula,Full Bernoulli event probability uses selected probabilities and non-selected complement probabilities.
10,3,4,load_loss_threshold,bernoulli_full_event,0,0,0,NaN,NaN,1,terminal_stage_probability_one,1,0,,"","",,Terminal recording stage excluded from Bernoulli complement product.
10,4,1,continue,bernoulli_full_event,45,2,43,0.466819945223129,0.294559640329212,0.137506315163427,full_event_available,0,1,,"12,19","0.98287,0.25753",paper_formula,Full Bernoulli event probability uses selected probabilities and non-selected complement probabilities.
10,4,2,continue,bernoulli_full_event,43,7,36,0.0798583645860521,0.793391547775676,0.0633589514817621,full_event_available,0,1,,"8,9,18,21,22,23,27","0.075689,0.32315,0.89644,0.81565,0.48648,0.38317,0.59497",paper_formula,Full Bernoulli event probability uses selected probabilities and non-selected complement probabilities.
10,4,3,load_loss_threshold,bernoulli_full_event,30,0,30,NaN,NaN,1,terminal_stage_probability_one,1,0,,"","",,Terminal recording stage excluded from Bernoulli complement product.
10,5,1,continue,bernoulli_full_event,45,2,43,0.614455632629986,0.407354739059274,0.250301413893489,full_event_available,0,1,,"12,23","0.98967,0.59703",paper_formula,Full Bernoulli event probability uses selected probabilities and non-selected complement probabilities.
10,5,2,continue,bernoulli_full_event,36,3,33,0.00639088273516384,0.809645258207439,0.00517434790228519,full_event_available,0,1,,"3,6,31","0.41708,0.74972,0.0054855",paper_formula,Full Bernoulli event probability uses selected probabilities and non-selected complement probabilities.
10,5,3,continue,bernoulli_full_event,33,3,30,1,0.82511161463045,0.82511161463045,full_event_available,0,1,,"1,25,27","0.79748,0.50278,0.7992",paper_formula,Full Bernoulli event probability uses selected probabilities and non-selected complement probabilities.
10,5,4,load_loss_threshold,bernoulli_full_event,0,0,0,NaN,NaN,1,terminal_stage_probability_one,1,0,,"","",,Terminal recording stage excluded from Bernoulli complement product.
10,6,1,continue,bernoulli_full_event,45,2,43,0.466819945223129,0.294559640329212,0.137506315163427,full_event_available,0,1,,"12,19","0.025666,0.25037",paper_formula,Full Bernoulli event probability uses selected probabilities and non-selected complement probabilities.
10,6,2,continue,bernoulli_full_event,43,6,37,1,0.730032596293914,0.730032596293914,full_event_available,0,1,,"9,18,21,22,23,27","0.8836,0.96748,0.48244,0.52696,0.95533,0.38023",paper_formula,Full Bernoulli event probability uses selected probabilities and non-selected complement probabilities.
10,6,3,continue,bernoulli_full_event,31,2,29,1,0.829825825875643,0.829825825875643,full_event_available,0,1,,"3,6","0.18997,0.23578",paper_formula,Full Bernoulli event probability uses selected probabilities and non-selected complement probabilities.
10,6,4,load_loss_threshold,bernoulli_full_event,0,0,0,NaN,NaN,1,terminal_stage_probability_one,1,0,,"","",,Terminal recording stage excluded from Bernoulli complement product.
10,7,1,continue,bernoulli_full_event,45,2,43,0.614455632629986,0.407354739059274,0.250301413893489,full_event_available,0,1,,"12,23","0.52346,0.55512",paper_formula,Full Bernoulli event probability uses selected probabilities and non-selected complement probabilities.
10,7,2,continue,bernoulli_full_event,36,2,34,0.974042559851215,0.804333018151855,0.783454591973487,full_event_available,0,1,,"3,6","0.66925,0.40932",paper_formula,Full Bernoulli event probability uses selected probabilities and non-selected complement probabilities.
10,7,3,continue,bernoulli_full_event,34,4,30,0.997866890580694,0.818355303064305,0.816609661658999,full_event_available,0,1,,"9,25,27,42","0.47658,0.37974,0.57259,0.8096",paper_formula,Full Bernoulli event probability uses selected probabilities and non-selected complement probabilities.
10,7,4,load_loss_threshold,bernoulli_full_event,0,0,0,NaN,NaN,1,terminal_stage_probability_one,1,0,,"","",,Terminal recording stage excluded from Bernoulli complement product.
10,8,1,continue,bernoulli_full_event,45,2,43,0.0064483317,0.158072629916176,0.00101930475039084,full_event_available,0,1,,"12,25","0.23523,0.0054029",paper_formula,Full Bernoulli event probability uses selected probabilities and non-selected complement probabilities.
10,8,2,continue,bernoulli_full_event,43,7,36,0.213927893892414,0.658993574270791,0.140977107432384,full_event_available,0,1,,"8,9,13,18,19,20,23","0.49554,0.94775,0.98477,0.14132,0.86739,0.099399,0.13165",paper_formula,Full Bernoulli event probability uses selected probabilities and non-selected complement probabilities.
10,8,3,continue,bernoulli_full_event,32,6,26,1,0.84630471625218,0.84630471625218,full_event_available,0,1,,"1,4,7,26,27,30","0.54557,0.81856,0.28954,0.22284,0.26101,0.29783",paper_formula,Full Bernoulli event probability uses selected probabilities and non-selected complement probabilities.
10,8,4,load_loss_threshold,bernoulli_full_event,5,0,5,NaN,NaN,1,terminal_stage_probability_one,1,0,,"","",,Terminal recording stage excluded from Bernoulli complement product.
10,9,1,continue,bernoulli_full_event,45,2,43,0.614455632629986,0.407354739059274,0.250301413893489,full_event_available,0,1,,"12,23","0.51688,0.31839",paper_formula,Full Bernoulli event probability uses selected probabilities and non-selected complement probabilities.
10,9,2,continue,bernoulli_full_event,36,3,33,0.00649020836315146,0.809728373631214,0.00525530586242234,full_event_available,0,1,,"3,6,17","0.40922,0.32557,0.00092537",paper_formula,Full Bernoulli event probability uses selected probabilities and non-selected complement probabilities.
10,9,3,load_loss_threshold,bernoulli_full_event,0,0,0,NaN,NaN,1,terminal_stage_probability_one,1,0,,"","",,Terminal recording stage excluded from Bernoulli complement product.
10,10,1,continue,bernoulli_full_event,45,1,44,1,0.157053325165785,0.157053325165785,full_event_available,0,1,,"12","0.83887",paper_formula,Full Bernoulli event probability uses selected probabilities and non-selected complement probabilities.
10,10,2,continue,bernoulli_full_event,44,7,37,0.7905679654613,0.788802647247036,0.623602103984577,full_event_available,0,1,,"8,9,13,18,19,20,23","0.036384,0.75652,0.6476,0.87104,0.077015,0.5801,0.99317",paper_formula,Full Bernoulli event probability uses selected probabilities and non-selected complement probabilities.
10,10,3,continue,bernoulli_full_event,34,1,33,1,0.329098300476949,0.329098300476949,full_event_available,0,1,,"27","0.053237",paper_formula,Full Bernoulli event probability uses selected probabilities and non-selected complement probabilities.
10,10,4,continue,bernoulli_full_event,30,1,29,1,0.481642503507196,0.481642503507196,full_event_available,0,1,,"3","0.82393",paper_formula,Full Bernoulli event probability uses selected probabilities and non-selected complement probabilities.
10,10,5,max_depth_reached,bernoulli_full_event,29,0,29,NaN,NaN,1,terminal_stage_probability_one,1,0,,"","",,Terminal recording stage excluded from Bernoulli complement product.
10,11,1,continue,bernoulli_full_event,45,1,44,1,0.157053325165785,0.157053325165785,full_event_available,0,1,,"12","0.44113",paper_formula,Full Bernoulli event probability uses selected probabilities and non-selected complement probabilities.
10,11,2,continue,bernoulli_full_event,44,7,37,0.7905679654613,0.788802647247036,0.623602103984577,full_event_available,0,1,,"8,9,13,18,19,20,23","0.66759,0.52573,0.32008,0.21395,0.14604,0.39041,0.5819",paper_formula,Full Bernoulli event probability uses selected probabilities and non-selected complement probabilities.
10,11,3,continue,bernoulli_full_event,34,2,32,0.414690638873375,0.562263859651056,0.233165559174106,full_event_available,0,1,,"17,27","0.37583,0.70349",paper_formula,Full Bernoulli event probability uses selected probabilities and non-selected complement probabilities.
10,11,4,load_loss_threshold,bernoulli_full_event,26,0,26,NaN,NaN,1,terminal_stage_probability_one,1,0,,"","",,Terminal recording stage excluded from Bernoulli complement product.
10,12,1,continue,bernoulli_full_event,45,2,43,0.614455632629986,0.407354739059274,0.250301413893489,full_event_available,0,1,,"12,23","0.66394,0.49955",paper_formula,Full Bernoulli event probability uses selected probabilities and non-selected complement probabilities.
10,12,2,continue,bernoulli_full_event,36,2,34,0.974042559851215,0.804333018151855,0.783454591973487,full_event_available,0,1,,"3,6","0.49243,0.16537",paper_formula,Full Bernoulli event probability uses selected probabilities and non-selected complement probabilities.
10,12,3,continue,bernoulli_full_event,34,6,28,3.89492456156386e-05,0.828685347380432,3.22766691332013e-05,full_event_available,0,1,,"9,25,27,32,33,42","0.84795,0.84626,0.76272,0.0025984,1.6942e-05,0.32116",paper_formula,Full Bernoulli event probability uses selected probabilities and non-selected complement probabilities.
10,12,4,load_loss_threshold,bernoulli_full_event,0,0,0,NaN,NaN,1,terminal_stage_probability_one,1,0,,"","",,Terminal recording stage excluded from Bernoulli complement product.
10,13,1,continue,bernoulli_full_event,45,3,42,0.286840144766373,0.764009710058915,0.219148655836214,full_event_available,0,1,,"12,19,23","0.13076,0.21029,0.14202",paper_formula,Full Bernoulli event probability uses selected probabilities and non-selected complement probabilities.
10,13,2,continue,bernoulli_full_event,36,2,34,0.974042559851215,0.804333018151855,0.783454591973487,full_event_available,0,1,,"3,6","0.82339,0.82213",paper_formula,Full Bernoulli event probability uses selected probabilities and non-selected complement probabilities.
10,13,3,continue,bernoulli_full_event,34,4,30,0.997866890580694,0.818355303064305,0.816609661658999,full_event_available,0,1,,"9,25,27,42","0.1643,0.56863,0.35168,0.87331",paper_formula,Full Bernoulli event probability uses selected probabilities and non-selected complement probabilities.
10,13,4,load_loss_threshold,bernoulli_full_event,0,0,0,NaN,NaN,1,terminal_stage_probability_one,1,0,,"","",,Terminal recording stage excluded from Bernoulli complement product.
10,14,1,continue,bernoulli_full_event,45,2,43,0.614455632629986,0.407354739059274,0.250301413893489,full_event_available,0,1,,"12,23","0.84342,0.10972",paper_formula,Full Bernoulli event probability uses selected probabilities and non-selected complement probabilities.
10,14,2,continue,bernoulli_full_event,36,2,34,0.974042559851215,0.804333018151855,0.783454591973487,full_event_available,0,1,,"3,6","0.23103,0.89821",paper_formula,Full Bernoulli event probability uses selected probabilities and non-selected complement probabilities.
10,14,3,continue,bernoulli_full_event,34,5,29,0.00648100862182424,0.823705155096084,0.00533844021201879,full_event_available,0,1,,"9,25,27,32,42","0.52828,0.087464,0.53263,0.0053073,0.13537",paper_formula,Full Bernoulli event probability uses selected probabilities and non-selected complement probabilities.
10,14,4,load_loss_threshold,bernoulli_full_event,0,0,0,NaN,NaN,1,terminal_stage_probability_one,1,0,,"","",,Terminal recording stage excluded from Bernoulli complement product.
10,15,1,continue,bernoulli_full_event,45,2,43,0.614455632629986,0.407354739059274,0.250301413893489,full_event_available,0,1,,"12,23","0.54895,0.41528",paper_formula,Full Bernoulli event probability uses selected probabilities and non-selected complement probabilities.
10,15,2,continue,bernoulli_full_event,36,2,34,0.974042559851215,0.804333018151855,0.783454591973487,full_event_available,0,1,,"3,6","0.36992,0.80932",paper_formula,Full Bernoulli event probability uses selected probabilities and non-selected complement probabilities.
10,15,3,continue,bernoulli_full_event,34,4,30,0.997866890580694,0.818355303064305,0.816609661658999,full_event_available,0,1,,"9,25,27,42","0.087967,0.12719,0.54089,0.24045",paper_formula,Full Bernoulli event probability uses selected probabilities and non-selected complement probabilities.
10,15,4,load_loss_threshold,bernoulli_full_event,0,0,0,NaN,NaN,1,terminal_stage_probability_one,1,0,,"","",,Terminal recording stage excluded from Bernoulli complement product.
10,16,1,continue,bernoulli_full_event,45,2,43,0.466819945223129,0.294559640329212,0.137506315163427,full_event_available,0,1,,"12,19","0.1998,0.07755",paper_formula,Full Bernoulli event probability uses selected probabilities and non-selected complement probabilities.
10,16,2,continue,bernoulli_full_event,43,6,37,1,0.730032596293914,0.730032596293914,full_event_available,0,1,,"9,18,21,22,23,27","0.17142,0.34072,0.067508,0.12152,0.26501,0.80609",paper_formula,Full Bernoulli event probability uses selected probabilities and non-selected complement probabilities.
10,16,3,continue,bernoulli_full_event,31,2,29,1,0.829825825875643,0.829825825875643,full_event_available,0,1,,"3,6","0.80972,0.39376",paper_formula,Full Bernoulli event probability uses selected probabilities and non-selected complement probabilities.
10,16,4,load_loss_threshold,bernoulli_full_event,0,0,0,NaN,NaN,1,terminal_stage_probability_one,1,0,,"","",,Terminal recording stage excluded from Bernoulli complement product.
10,17,1,continue,bernoulli_full_event,45,1,44,1,0.157053325165785,0.157053325165785,full_event_available,0,1,,"12","0.28689",paper_formula,Full Bernoulli event probability uses selected probabilities and non-selected complement probabilities.
10,17,2,continue,bernoulli_full_event,44,8,36,0.00518707022638927,0.794012316530892,0.00411859764646376,full_event_available,0,1,,"8,9,13,18,19,20,23,31","0.48735,0.79849,0.12561,0.022503,0.0037356,0.14741,0.30645,0.0042065",paper_formula,Full Bernoulli event probability uses selected probabilities and non-selected complement probabilities.
10,17,3,continue,bernoulli_full_event,33,3,30,0.12250945290793,0.524288746400446,0.0642303274873032,full_event_available,0,1,,"17,27,30","0.24979,0.60411,0.056161",paper_formula,Full Bernoulli event probability uses selected probabilities and non-selected complement probabilities.
10,17,4,load_loss_threshold,bernoulli_full_event,14,0,14,NaN,NaN,1,terminal_stage_probability_one,1,0,,"","",,Terminal recording stage excluded from Bernoulli complement product.
10,18,1,continue,bernoulli_full_event,45,3,42,0.286840144766373,0.764009710058915,0.219148655836214,full_event_available,0,1,,"12,19,23","0.35603,0.1605,0.27347",paper_formula,Full Bernoulli event probability uses selected probabilities and non-selected complement probabilities.
10,18,2,continue,bernoulli_full_event,36,2,34,0.974042559851215,0.804333018151855,0.783454591973487,full_event_available,0,1,,"3,6","0.44668,0.69577",paper_formula,Full Bernoulli event probability uses selected probabilities and non-selected complement probabilities.
10,18,3,continue,bernoulli_full_event,34,4,30,0.997866890580694,0.818355303064305,0.816609661658999,full_event_available,0,1,,"9,25,27,42","0.17793,0.12496,0.4335,0.61184",paper_formula,Full Bernoulli event probability uses selected probabilities and non-selected complement probabilities.
10,18,4,load_loss_threshold,bernoulli_full_event,0,0,0,NaN,NaN,1,terminal_stage_probability_one,1,0,,"","",,Terminal recording stage excluded from Bernoulli complement product.
10,19,1,continue,bernoulli_full_event,45,2,43,0.00647011225,0.158076095246068,0.00102277008028375,full_event_available,0,1,,"12,40","0.36879,0.002729",paper_formula,Full Bernoulli event probability uses selected probabilities and non-selected complement probabilities.
10,19,2,continue,bernoulli_full_event,43,7,36,0.843592970356879,0.75925788618951,0.640504615477494,full_event_available,0,1,,"8,9,13,18,19,20,23","0.43269,0.33473,0.076491,0.19315,0.22857,0.74547,0.5921",paper_formula,Full Bernoulli event probability uses selected probabilities and non-selected complement probabilities.
10,19,3,continue,bernoulli_full_event,33,1,32,1,0.327271757041059,0.327271757041059,full_event_available,0,1,,"27","0.26193",paper_formula,Full Bernoulli event probability uses selected probabilities and non-selected complement probabilities.
10,19,4,continue,bernoulli_full_event,29,2,27,0.414690638873375,0.828244191462825,0.343465112900881,full_event_available,0,1,,"3,17","0.16807,0.082063",paper_formula,Full Bernoulli event probability uses selected probabilities and non-selected complement probabilities.
10,19,5,max_depth_reached,bernoulli_full_event,19,0,19,NaN,NaN,1,terminal_stage_probability_one,1,0,,"","",,Terminal recording stage excluded from Bernoulli complement product.
10,20,1,continue,bernoulli_full_event,45,1,44,1,0.157053325165785,0.157053325165785,full_event_available,0,1,,"12","0.31533",paper_formula,Full Bernoulli event probability uses selected probabilities and non-selected complement probabilities.
10,20,2,continue,bernoulli_full_event,44,7,37,0.7905679654613,0.788802647247036,0.623602103984577,full_event_available,0,1,,"8,9,13,18,19,20,23","0.35013,0.27906,0.71616,0.47929,0.4526,0.7041,0.12862",paper_formula,Full Bernoulli event probability uses selected probabilities and non-selected complement probabilities.
10,20,3,continue,bernoulli_full_event,34,2,32,0.006581985075,0.331278772412634,0.00218047193568428,full_event_available,0,1,,"27,42","0.96418,0.0034544",paper_formula,Full Bernoulli event probability uses selected probabilities and non-selected complement probabilities.
10,20,4,continue,bernoulli_full_event,29,3,26,0.414690638873375,0.833694417836155,0.345725270757642,full_event_available,0,1,,"3,4,17","0.39283,0.56808,0.044023",paper_formula,Full Bernoulli event probability uses selected probabilities and non-selected complement probabilities.
10,20,5,max_depth_reached,bernoulli_full_event,0,0,0,NaN,NaN,1,terminal_stage_probability_one,1,0,,"","",,Terminal recording stage excluded from Bernoulli complement product.
10,21,1,continue,bernoulli_full_event,45,2,43,0.466819945223129,0.294559640329212,0.137506315163427,full_event_available,0,1,,"12,19","0.4927,0.050045",paper_formula,Full Bernoulli event probability uses selected probabilities and non-selected complement probabilities.
10,21,2,continue,bernoulli_full_event,43,7,36,0.0798583645860521,0.793391547775676,0.0633589514817621,full_event_available,0,1,,"8,9,18,21,22,23,27","0.036457,0.32861,0.012777,0.79556,0.023934,0.98569,0.49552",paper_formula,Full Bernoulli event probability uses selected probabilities and non-selected complement probabilities.
10,21,3,load_loss_threshold,bernoulli_full_event,30,0,30,NaN,NaN,1,terminal_stage_probability_one,1,0,,"","",,Terminal recording stage excluded from Bernoulli complement product.
10,22,1,continue,bernoulli_full_event,45,3,42,0.00381317375689634,0.40989847701617,0.00156301411554984,full_event_available,0,1,,"12,18,23","0.13668,0.0007707,0.1189",paper_formula,Full Bernoulli event probability uses selected probabilities and non-selected complement probabilities.
10,22,2,continue,bernoulli_full_event,36,2,34,0.974042559851215,0.804333018151855,0.783454591973487,full_event_available,0,1,,"3,6","0.55097,0.088363",paper_formula,Full Bernoulli event probability uses selected probabilities and non-selected complement probabilities.
10,22,3,continue,bernoulli_full_event,34,4,30,0.997866890580694,0.818355303064305,0.816609661658999,full_event_available,0,1,,"9,25,27,42","0.15677,0.95958,0.44835,0.10518",paper_formula,Full Bernoulli event probability uses selected probabilities and non-selected complement probabilities.
10,22,4,load_loss_threshold,bernoulli_full_event,0,0,0,NaN,NaN,1,terminal_stage_probability_one,1,0,,"","",,Terminal recording stage excluded from Bernoulli complement product.
10,23,1,continue,bernoulli_full_event,45,2,43,0.614455632629986,0.407354739059274,0.250301413893489,full_event_available,0,1,,"12,23","0.58455,0.29248",paper_formula,Full Bernoulli event probability uses selected probabilities and non-selected complement probabilities.
10,23,2,continue,bernoulli_full_event,36,2,34,0.974042559851215,0.804333018151855,0.783454591973487,full_event_available,0,1,,"3,6","0.80336,0.046088",paper_formula,Full Bernoulli event probability uses selected probabilities and non-selected complement probabilities.
10,23,3,continue,bernoulli_full_event,34,4,30,0.997866890580694,0.818355303064305,0.816609661658999,full_event_available,0,1,,"9,25,27,42","0.73266,0.70587,0.24433,0.40526",paper_formula,Full Bernoulli event probability uses selected probabilities and non-selected complement probabilities.
10,23,4,load_loss_threshold,bernoulli_full_event,0,0,0,NaN,NaN,1,terminal_stage_probability_one,1,0,,"","",,Terminal recording stage excluded from Bernoulli complement product.
10,24,1,continue,bernoulli_full_event,45,3,42,0.286840144766373,0.764009710058915,0.219148655836214,full_event_available,0,1,,"12,19,23","0.25605,0.25531,0.2058",paper_formula,Full Bernoulli event probability uses selected probabilities and non-selected complement probabilities.
10,24,2,continue,bernoulli_full_event,36,3,33,0.00630216469851471,0.809571033613684,0.00510204998898022,full_event_available,0,1,,"3,6,40","0.11992,0.89995,0.005995",paper_formula,Full Bernoulli event probability uses selected probabilities and non-selected complement probabilities.
10,24,3,continue,bernoulli_full_event,33,3,30,1,0.825035972151503,0.825035972151503,full_event_available,0,1,,"1,25,27","0.025904,0.97598,0.41565",paper_formula,Full Bernoulli event probability uses selected probabilities and non-selected complement probabilities.
10,24,4,load_loss_threshold,bernoulli_full_event,0,0,0,NaN,NaN,1,terminal_stage_probability_one,1,0,,"","",,Terminal recording stage excluded from Bernoulli complement product.
10,25,1,continue,bernoulli_full_event,45,3,42,0.00403156294802867,0.410045124898008,0.0016531227325586,full_event_available,0,1,,"12,23,36","0.1036,0.48392,0.0021284",paper_formula,Full Bernoulli event probability uses selected probabilities and non-selected complement probabilities.
10,25,2,continue,bernoulli_full_event,35,2,33,0.982138121221805,0.809645258207439,0.795183472751997,full_event_available,0,1,,"3,6","0.4104,0.076327",paper_formula,Full Bernoulli event probability uses selected probabilities and non-selected complement probabilities.
10,25,3,continue,bernoulli_full_event,33,4,29,0.997687395390222,0.825909438023741,0.823999436050108,full_event_available,0,1,,"9,25,27,42","0.039081,0.69425,0.3035,0.27003",paper_formula,Full Bernoulli event probability uses selected probabilities and non-selected complement probabilities.
10,25,4,load_loss_threshold,bernoulli_full_event,0,0,0,NaN,NaN,1,terminal_stage_probability_one,1,0,,"","",,Terminal recording stage excluded from Bernoulli complement product.
10,26,1,continue,bernoulli_full_event,45,2,43,0.466819945223129,0.294559640329212,0.137506315163427,full_event_available,0,1,,"12,19","0.568,0.29777",paper_formula,Full Bernoulli event probability uses selected probabilities and non-selected complement probabilities.
10,26,2,continue,bernoulli_full_event,43,6,37,1,0.730032596293914,0.730032596293914,full_event_available,0,1,,"9,18,21,22,23,27","0.88624,0.51596,0.2887,0.023154,0.78857,0.76909",paper_formula,Full Bernoulli event probability uses selected probabilities and non-selected complement probabilities.
10,26,3,continue,bernoulli_full_event,31,3,28,0.006579015,0.835321418014582,0.00549559213893921,full_event_available,0,1,,"3,6,29","0.98127,0.080543,0.0053883",paper_formula,Full Bernoulli event probability uses selected probabilities and non-selected complement probabilities.
10,26,4,load_loss_threshold,bernoulli_full_event,0,0,0,NaN,NaN,1,terminal_stage_probability_one,1,0,,"","",,Terminal recording stage excluded from Bernoulli complement product.
10,27,1,continue,bernoulli_full_event,45,2,43,0.614455632629986,0.407354739059274,0.250301413893489,full_event_available,0,1,,"12,23","0.31756,0.20041",paper_formula,Full Bernoulli event probability uses selected probabilities and non-selected complement probabilities.
10,27,2,continue,bernoulli_full_event,36,3,33,0.00585182422987181,0.80919447289557,0.00473526382316864,full_event_available,0,1,,"3,6,15","0.25771,0.0735,0.0049302",paper_formula,Full Bernoulli event probability uses selected probabilities and non-selected complement probabilities.
10,27,3,continue,bernoulli_full_event,33,5,28,0.65853826643221,0.557378486174437,0.367055062031923,full_event_available,0,1,,"17,25,27,40,42","0.1026,0.032286,0.9907,0.42317,0.61547",paper_formula,Full Bernoulli event probability uses selected probabilities and non-selected complement probabilities.
10,27,4,load_loss_threshold,bernoulli_full_event,11,0,11,NaN,NaN,1,terminal_stage_probability_one,1,0,,"","",,Terminal recording stage excluded from Bernoulli complement product.
10,28,1,continue,bernoulli_full_event,45,2,43,0.614455632629986,0.407354739059274,0.250301413893489,full_event_available,0,1,,"12,23","0.95622,0.46208",paper_formula,Full Bernoulli event probability uses selected probabilities and non-selected complement probabilities.
10,28,2,continue,bernoulli_full_event,36,2,34,0.974042559851215,0.804333018151855,0.783454591973487,full_event_available,0,1,,"3,6","0.87747,0.70589",paper_formula,Full Bernoulli event probability uses selected probabilities and non-selected complement probabilities.
10,28,3,continue,bernoulli_full_event,34,4,30,0.997866890580694,0.818355303064305,0.816609661658999,full_event_available,0,1,,"9,25,27,42","0.53688,0.98543,0.39157,0.054337",paper_formula,Full Bernoulli event probability uses selected probabilities and non-selected complement probabilities.
10,28,4,load_loss_threshold,bernoulli_full_event,0,0,0,NaN,NaN,1,terminal_stage_probability_one,1,0,,"","",,Terminal recording stage excluded from Bernoulli complement product.
10,29,1,continue,bernoulli_full_event,45,2,43,0.466819945223129,0.294559640329212,0.137506315163427,full_event_available,0,1,,"12,19","0.6085,0.2352",paper_formula,Full Bernoulli event probability uses selected probabilities and non-selected complement probabilities.
10,29,2,continue,bernoulli_full_event,43,6,37,1,0.730032596293914,0.730032596293914,full_event_available,0,1,,"9,18,21,22,23,27","0.041043,0.56386,0.90188,0.50856,0.86405,0.004563",paper_formula,Full Bernoulli event probability uses selected probabilities and non-selected complement probabilities.
10,29,3,continue,bernoulli_full_event,31,2,29,1,0.829825825875643,0.829825825875643,full_event_available,0,1,,"3,6","0.25947,0.69523",paper_formula,Full Bernoulli event probability uses selected probabilities and non-selected complement probabilities.
10,29,4,load_loss_threshold,bernoulli_full_event,0,0,0,NaN,NaN,1,terminal_stage_probability_one,1,0,,"","",,Terminal recording stage excluded from Bernoulli complement product.
10,30,1,continue,bernoulli_full_event,45,2,43,0.466819945223129,0.294559640329212,0.137506315163427,full_event_available,0,1,,"12,19","0.095412,0.097893",paper_formula,Full Bernoulli event probability uses selected probabilities and non-selected complement probabilities.
10,30,2,continue,bernoulli_full_event,43,7,36,0.0798583645860521,0.793391547775676,0.0633589514817621,full_event_available,0,1,,"8,9,18,21,22,23,27","0.020524,0.25495,0.081591,0.75666,0.41043,0.45467,0.32864",paper_formula,Full Bernoulli event probability uses selected probabilities and non-selected complement probabilities.
10,30,3,load_loss_threshold,bernoulli_full_event,30,0,30,NaN,NaN,1,terminal_stage_probability_one,1,0,,"","",,Terminal recording stage excluded from Bernoulli complement product.
11,1,1,continue,bernoulli_full_event,45,1,44,0.99940224330391,0.754037995584199,0.753587264323232,full_event_available,0,1,,"12","0.061301",paper_formula,Full Bernoulli event probability uses selected probabilities and non-selected complement probabilities.
11,1,2,continue,bernoulli_full_event,44,5,39,4.26643782203612e-05,0.778606622769164,3.32187674387017e-05,full_event_available,0,1,,"1,13,27,37,42","0.28777,0.48686,0.80578,0.00064001,0.0049054",paper_formula,Full Bernoulli event probability uses selected probabilities and non-selected complement probabilities.
11,1,3,load_loss_threshold,bernoulli_full_event,32,0,32,NaN,NaN,1,terminal_stage_probability_one,1,0,,"","",,Terminal recording stage excluded from Bernoulli complement product.
11,2,1,continue,bernoulli_full_event,45,1,44,0.99940224330391,0.754037995584199,0.753587264323232,full_event_available,0,1,,"12","0.33429",paper_formula,Full Bernoulli event probability uses selected probabilities and non-selected complement probabilities.
11,2,2,continue,bernoulli_full_event,44,3,41,1,0.768468142038069,0.768468142038069,full_event_available,0,1,,"1,13,27","0.057869,0.31173,0.64949",paper_formula,Full Bernoulli event probability uses selected probabilities and non-selected complement probabilities.
11,2,3,load_loss_threshold,bernoulli_full_event,34,0,34,NaN,NaN,1,terminal_stage_probability_one,1,0,,"","",,Terminal recording stage excluded from Bernoulli complement product.
11,3,1,continue,bernoulli_full_event,45,2,43,0.00652363182302187,0.758992343685649,0.00495138660669765,full_event_available,0,1,,"6,12","0.00073244,0.60673",paper_formula,Full Bernoulli event probability uses selected probabilities and non-selected complement probabilities.
11,3,2,continue,bernoulli_full_event,43,4,39,0.930112820156522,0.778537570793732,0.724127775568766,full_event_available,0,1,,"1,13,25,27","0.57986,0.3368,0.64807,0.17422",paper_formula,Full Bernoulli event probability uses selected probabilities and non-selected complement probabilities.
11,3,3,load_loss_threshold,bernoulli_full_event,21,0,21,NaN,NaN,1,terminal_stage_probability_one,1,0,,"","",,Terminal recording stage excluded from Bernoulli complement product.
11,4,1,continue,bernoulli_full_event,45,1,44,0.99940224330391,0.754037995584199,0.753587264323232,full_event_available,0,1,,"12","0.68888",paper_formula,Full Bernoulli event probability uses selected probabilities and non-selected complement probabilities.
11,4,2,continue,bernoulli_full_event,44,3,41,1,0.768468142038069,0.768468142038069,full_event_available,0,1,,"1,13,27","0.99332,0.46769,0.30578",paper_formula,Full Bernoulli event probability uses selected probabilities and non-selected complement probabilities.
11,4,3,load_loss_threshold,bernoulli_full_event,34,0,34,NaN,NaN,1,terminal_stage_probability_one,1,0,,"","",,Terminal recording stage excluded from Bernoulli complement product.
11,5,1,continue,bernoulli_full_event,45,2,43,0.00644447716654771,0.758931839825082,0.00489091891271879,full_event_available,0,1,,"12,25","0.53179,0.0014687",paper_formula,Full Bernoulli event probability uses selected probabilities and non-selected complement probabilities.
11,5,2,continue,bernoulli_full_event,43,7,36,1,0.793738584492564,0.793738584492564,full_event_available,0,1,,"1,4,6,7,26,27,30","0.75769,0.66656,0.73475,0.45673,0.10217,0.20813,0.39614",paper_formula,Full Bernoulli event probability uses selected probabilities and non-selected complement probabilities.
11,5,3,load_loss_threshold,bernoulli_full_event,4,0,4,NaN,NaN,1,terminal_stage_probability_one,1,0,,"","",,Terminal recording stage excluded from Bernoulli complement product.
11,6,1,continue,bernoulli_full_event,45,1,44,0.99940224330391,0.754037995584199,0.753587264323232,full_event_available,0,1,,"12","0.45051",paper_formula,Full Bernoulli event probability uses selected probabilities and non-selected complement probabilities.
11,6,2,continue,bernoulli_full_event,44,3,41,1,0.768468142038069,0.768468142038069,full_event_available,0,1,,"1,13,27","0.60949,0.9035,0.29154",paper_formula,Full Bernoulli event probability uses selected probabilities and non-selected complement probabilities.
11,6,3,load_loss_threshold,bernoulli_full_event,34,0,34,NaN,NaN,1,terminal_stage_probability_one,1,0,,"","",,Terminal recording stage excluded from Bernoulli complement product.
11,7,1,continue,bernoulli_full_event,45,2,43,0.00600417938991022,0.758595463085654,0.00455474324473828,full_event_available,0,1,,"12,16","0.60437,0.003411",paper_formula,Full Bernoulli event probability uses selected probabilities and non-selected complement probabilities.
11,7,2,continue,bernoulli_full_event,42,1,41,0.006009750625,0.767794731160011,0.00461425486546059,full_event_available,0,1,,"34","0.0041532",paper_formula,Full Bernoulli event probability uses selected probabilities and non-selected complement probabilities.
11,7,3,continue,bernoulli_full_event,41,3,38,1,0.782645669871333,0.782645669871333,full_event_available,0,1,,"8,19,23","0.33322,0.75827,0.50966",paper_formula,Full Bernoulli event probability uses selected probabilities and non-selected complement probabilities.
11,7,4,continue,bernoulli_full_event,31,4,27,1,0.840265486893401,0.840265486893401,full_event_available,0,1,,"1,2,3,6","0.95532,0.83675,0.13232,0.72118",paper_formula,Full Bernoulli event probability uses selected probabilities and non-selected complement probabilities.
11,7,5,max_depth_reached,bernoulli_full_event,26,0,26,NaN,NaN,1,terminal_stage_probability_one,1,0,,"","",,Terminal recording stage excluded from Bernoulli complement product.
11,8,1,continue,bernoulli_full_event,45,1,44,0.99940224330391,0.754037995584199,0.753587264323232,full_event_available,0,1,,"12","0.079375",paper_formula,Full Bernoulli event probability uses selected probabilities and non-selected complement probabilities.
11,8,2,continue,bernoulli_full_event,44,5,39,4.13639253871209e-05,0.778449135541626,3.21997119602126e-05,full_event_available,0,1,,"1,7,13,25,27","0.68802,0.0020416,0.93312,0.0053919,0.8382",paper_formula,Full Bernoulli event probability uses selected probabilities and non-selected complement probabilities.
11,8,3,load_loss_threshold,bernoulli_full_event,32,0,32,NaN,NaN,1,terminal_stage_probability_one,1,0,,"","",,Terminal recording stage excluded from Bernoulli complement product.
11,9,1,continue,bernoulli_full_event,45,2,43,0.00646624469707811,0.758948477425106,0.0049075465675056,full_event_available,0,1,,"12,40","0.18376,0.0046498",paper_formula,Full Bernoulli event probability uses selected probabilities and non-selected complement probabilities.
11,9,2,continue,bernoulli_full_event,43,4,39,0.00639487035,0.778450687782348,0.00497809122223645,full_event_available,0,1,,"1,13,22,27","0.31288,0.55123,0.00077627,0.70896",paper_formula,Full Bernoulli event probability uses selected probabilities and non-selected complement probabilities.
11,9,3,load_loss_threshold,bernoulli_full_event,32,0,32,NaN,NaN,1,terminal_stage_probability_one,1,0,,"","",,Terminal recording stage excluded from Bernoulli complement product.
11,10,1,continue,bernoulli_full_event,45,1,44,0.99940224330391,0.754037995584199,0.753587264323232,full_event_available,0,1,,"12","0.92524",paper_formula,Full Bernoulli event probability uses selected probabilities and non-selected complement probabilities.
11,10,2,continue,bernoulli_full_event,44,3,41,1,0.768468142038069,0.768468142038069,full_event_available,0,1,,"1,13,27","0.15989,0.91987,0.033967",paper_formula,Full Bernoulli event probability uses selected probabilities and non-selected complement probabilities.
11,10,3,load_loss_threshold,bernoulli_full_event,34,0,34,NaN,NaN,1,terminal_stage_probability_one,1,0,,"","",,Terminal recording stage excluded from Bernoulli complement product.
11,11,1,continue,bernoulli_full_event,45,1,44,0.99940224330391,0.754037995584199,0.753587264323232,full_event_available,0,1,,"12","0.19467",paper_formula,Full Bernoulli event probability uses selected probabilities and non-selected complement probabilities.
11,11,2,continue,bernoulli_full_event,44,4,40,0.00641467085,0.773429437304076,0.00496129526600636,full_event_available,0,1,,"1,7,13,27","0.95017,0.0028536,0.4059,0.79284",paper_formula,Full Bernoulli event probability uses selected probabilities and non-selected complement probabilities.
11,11,3,load_loss_threshold,bernoulli_full_event,33,0,33,NaN,NaN,1,terminal_stage_probability_one,1,0,,"","",,Terminal recording stage excluded from Bernoulli complement product.
11,12,1,continue,bernoulli_full_event,45,2,43,0.00662455401002642,0.759069500100494,0.00502849690077948,full_event_available,0,1,,"12,30","0.042878,0.0010363",paper_formula,Full Bernoulli event probability uses selected probabilities and non-selected complement probabilities.
11,12,2,continue,bernoulli_full_event,43,5,38,1,0.485779193571301,0.485779193571301,full_event_available,0,1,,"1,4,13,25,27","0.72441,0.10237,0.98179,0.077943,0.77894",paper_formula,Full Bernoulli event probability uses selected probabilities and non-selected complement probabilities.
11,12,3,load_loss_threshold,bernoulli_full_event,16,0,16,NaN,NaN,1,terminal_stage_probability_one,1,0,,"","",,Terminal recording stage excluded from Bernoulli complement product.
11,13,1,continue,bernoulli_full_event,45,1,44,0.99940224330391,0.754037995584199,0.753587264323232,full_event_available,0,1,,"12","0.108",paper_formula,Full Bernoulli event probability uses selected probabilities and non-selected complement probabilities.
11,13,2,continue,bernoulli_full_event,44,3,41,1,0.768468142038069,0.768468142038069,full_event_available,0,1,,"1,13,27","0.78306,0.45569,0.18436",paper_formula,Full Bernoulli event probability uses selected probabilities and non-selected complement probabilities.
11,13,3,load_loss_threshold,bernoulli_full_event,34,0,34,NaN,NaN,1,terminal_stage_probability_one,1,0,,"","",,Terminal recording stage excluded from Bernoulli complement product.
11,14,1,continue,bernoulli_full_event,45,1,44,0.99940224330391,0.754037995584199,0.753587264323232,full_event_available,0,1,,"12","0.14554",paper_formula,Full Bernoulli event probability uses selected probabilities and non-selected complement probabilities.
11,14,2,continue,bernoulli_full_event,44,3,41,1,0.768468142038069,0.768468142038069,full_event_available,0,1,,"1,13,27","0.63226,0.69191,0.94198",paper_formula,Full Bernoulli event probability uses selected probabilities and non-selected complement probabilities.
11,14,3,load_loss_threshold,bernoulli_full_event,34,0,34,NaN,NaN,1,terminal_stage_probability_one,1,0,,"","",,Terminal recording stage excluded from Bernoulli complement product.
11,15,1,continue,bernoulli_full_event,45,1,44,0.99940224330391,0.754037995584199,0.753587264323232,full_event_available,0,1,,"12","0.036154",paper_formula,Full Bernoulli event probability uses selected probabilities and non-selected complement probabilities.
11,15,2,continue,bernoulli_full_event,44,3,41,1,0.768468142038069,0.768468142038069,full_event_available,0,1,,"1,13,27","0.17109,0.87921,0.34591",paper_formula,Full Bernoulli event probability uses selected probabilities and non-selected complement probabilities.
11,15,3,load_loss_threshold,bernoulli_full_event,34,0,34,NaN,NaN,1,terminal_stage_probability_one,1,0,,"","",,Terminal recording stage excluded from Bernoulli complement product.
11,16,1,continue,bernoulli_full_event,45,1,44,0.99940224330391,0.754037995584199,0.753587264323232,full_event_available,0,1,,"12","0.96134",paper_formula,Full Bernoulli event probability uses selected probabilities and non-selected complement probabilities.
11,16,2,continue,bernoulli_full_event,44,3,41,1,0.768468142038069,0.768468142038069,full_event_available,0,1,,"1,13,27","0.97292,0.26948,0.94908",paper_formula,Full Bernoulli event probability uses selected probabilities and non-selected complement probabilities.
11,16,3,load_loss_threshold,bernoulli_full_event,34,0,34,NaN,NaN,1,terminal_stage_probability_one,1,0,,"","",,Terminal recording stage excluded from Bernoulli complement product.
11,17,1,continue,bernoulli_full_event,45,1,44,0.99940224330391,0.754037995584199,0.753587264323232,full_event_available,0,1,,"12","0.63575",paper_formula,Full Bernoulli event probability uses selected probabilities and non-selected complement probabilities.
11,17,2,continue,bernoulli_full_event,44,3,41,1,0.768468142038069,0.768468142038069,full_event_available,0,1,,"1,13,27","0.45845,0.74544,0.62797",paper_formula,Full Bernoulli event probability uses selected probabilities and non-selected complement probabilities.
11,17,3,load_loss_threshold,bernoulli_full_event,34,0,34,NaN,NaN,1,terminal_stage_probability_one,1,0,,"","",,Terminal recording stage excluded from Bernoulli complement product.
11,18,1,continue,bernoulli_full_event,45,2,43,0.00600615825632207,0.758596974224166,0.00455625347995742,full_event_available,0,1,,"12,44","0.67662,0.0041571",paper_formula,Full Bernoulli event probability uses selected probabilities and non-selected complement probabilities.
11,18,2,continue,bernoulli_full_event,43,4,39,0.006009750625,0.777788682607272,0.00467431602141698,full_event_available,0,1,,"1,13,27,33","0.5592,0.37368,0.98183,0.0011925",paper_formula,Full Bernoulli event probability uses selected probabilities and non-selected complement probabilities.
11,18,3,load_loss_threshold,bernoulli_full_event,33,0,33,NaN,NaN,1,terminal_stage_probability_one,1,0,,"","",,Terminal recording stage excluded from Bernoulli complement product.
11,19,1,continue,bernoulli_full_event,45,1,44,0.99940224330391,0.754037995584199,0.753587264323232,full_event_available,0,1,,"12","0.84122",paper_formula,Full Bernoulli event probability uses selected probabilities and non-selected complement probabilities.
11,19,2,continue,bernoulli_full_event,44,3,41,1,0.768468142038069,0.768468142038069,full_event_available,0,1,,"1,13,27","0.37013,0.59184,0.96143",paper_formula,Full Bernoulli event probability uses selected probabilities and non-selected complement probabilities.
11,19,3,load_loss_threshold,bernoulli_full_event,34,0,34,NaN,NaN,1,terminal_stage_probability_one,1,0,,"","",,Terminal recording stage excluded from Bernoulli complement product.
11,20,1,continue,bernoulli_full_event,45,2,43,0.00635443874480836,0.758863028409608,0.00482214862972862,full_event_available,0,1,,"12,24","0.014612,0.0058364",paper_formula,Full Bernoulli event probability uses selected probabilities and non-selected complement probabilities.
11,20,2,continue,bernoulli_full_event,43,4,39,0.851317093107865,0.253124908835328,0.215489561582885,full_event_available,0,1,,"1,4,26,27","0.87584,0.34704,0.16916,0.92768",paper_formula,Full Bernoulli event probability uses selected probabilities and non-selected complement probabilities.
11,20,3,load_loss_threshold,bernoulli_full_event,24,0,24,NaN,NaN,1,terminal_stage_probability_one,1,0,,"","",,Terminal recording stage excluded from Bernoulli complement product.
11,21,1,continue,bernoulli_full_event,45,1,44,0.99940224330391,0.754037995584199,0.753587264323232,full_event_available,0,1,,"12","0.85593",paper_formula,Full Bernoulli event probability uses selected probabilities and non-selected complement probabilities.
11,21,2,continue,bernoulli_full_event,44,3,41,1,0.768468142038069,0.768468142038069,full_event_available,0,1,,"1,13,27","0.062571,0.82427,0.41491",paper_formula,Full Bernoulli event probability uses selected probabilities and non-selected complement probabilities.
11,21,3,load_loss_threshold,bernoulli_full_event,34,0,34,NaN,NaN,1,terminal_stage_probability_one,1,0,,"","",,Terminal recording stage excluded from Bernoulli complement product.
11,22,1,continue,bernoulli_full_event,45,1,44,0.99940224330391,0.754037995584199,0.753587264323232,full_event_available,0,1,,"12","0.88494",paper_formula,Full Bernoulli event probability uses selected probabilities and non-selected complement probabilities.
11,22,2,continue,bernoulli_full_event,44,3,41,1,0.768468142038069,0.768468142038069,full_event_available,0,1,,"1,13,27","0.77173,0.73386,0.89264",paper_formula,Full Bernoulli event probability uses selected probabilities and non-selected complement probabilities.
11,22,3,load_loss_threshold,bernoulli_full_event,34,0,34,NaN,NaN,1,terminal_stage_probability_one,1,0,,"","",,Terminal recording stage excluded from Bernoulli complement product.
11,23,1,continue,bernoulli_full_event,45,1,44,0.99940224330391,0.754037995584199,0.753587264323232,full_event_available,0,1,,"12","0.84662",paper_formula,Full Bernoulli event probability uses selected probabilities and non-selected complement probabilities.
11,23,2,continue,bernoulli_full_event,44,4,40,0.00656119455,0.773543511509977,0.00507536947190712,full_event_available,0,1,,"1,10,13,27","0.87394,0.001189,0.90756,0.99989",paper_formula,Full Bernoulli event probability uses selected probabilities and non-selected complement probabilities.
11,23,3,load_loss_threshold,bernoulli_full_event,32,0,32,NaN,NaN,1,terminal_stage_probability_one,1,0,,"","",,Terminal recording stage excluded from Bernoulli complement product.
11,24,1,continue,bernoulli_full_event,45,2,43,0.00655727255202339,0.759018060747728,0.0049770882962311,full_event_available,0,1,,"2,12","0.0042986,0.41963",paper_formula,Full Bernoulli event probability uses selected probabilities and non-selected complement probabilities.
11,24,2,no_new_outage,bernoulli_full_event,40,0,40,1,0.403017467884261,0.403017467884261,full_event_available,1,1,,"","",paper_formula,Full Bernoulli event probability uses selected probabilities and non-selected complement probabilities.
11,25,1,continue,bernoulli_full_event,45,1,44,0.99940224330391,0.754037995584199,0.753587264323232,full_event_available,0,1,,"12","0.9596",paper_formula,Full Bernoulli event probability uses selected probabilities and non-selected complement probabilities.
11,25,2,continue,bernoulli_full_event,44,3,41,1,0.768468142038069,0.768468142038069,full_event_available,0,1,,"1,13,27","0.52175,0.86504,0.33596",paper_formula,Full Bernoulli event probability uses selected probabilities and non-selected complement probabilities.
11,25,3,load_loss_threshold,bernoulli_full_event,34,0,34,NaN,NaN,1,terminal_stage_probability_one,1,0,,"","",,Terminal recording stage excluded from Bernoulli complement product.
11,26,1,continue,bernoulli_full_event,45,1,44,0.99940224330391,0.754037995584199,0.753587264323232,full_event_available,0,1,,"12","0.084023",paper_formula,Full Bernoulli event probability uses selected probabilities and non-selected complement probabilities.
11,26,2,continue,bernoulli_full_event,44,4,40,0.00662851625,0.773595935265913,0.00512779322784405,full_event_available,0,1,,"1,13,27,30","0.87011,0.96535,0.74764,0.0017449",paper_formula,Full Bernoulli event probability uses selected probabilities and non-selected complement probabilities.
11,26,3,load_loss_threshold,bernoulli_full_event,33,0,33,NaN,NaN,1,terminal_stage_probability_one,1,0,,"","",,Terminal recording stage excluded from Bernoulli complement product.
11,27,1,continue,bernoulli_full_event,45,1,44,0.99940224330391,0.754037995584199,0.753587264323232,full_event_available,0,1,,"12","0.89887",paper_formula,Full Bernoulli event probability uses selected probabilities and non-selected complement probabilities.
11,27,2,continue,bernoulli_full_event,44,3,41,1,0.768468142038069,0.768468142038069,full_event_available,0,1,,"1,13,27","0.53656,0.86607,0.92291",paper_formula,Full Bernoulli event probability uses selected probabilities and non-selected complement probabilities.
11,27,3,load_loss_threshold,bernoulli_full_event,34,0,34,NaN,NaN,1,terminal_stage_probability_one,1,0,,"","",,Terminal recording stage excluded from Bernoulli complement product.
11,28,1,continue,bernoulli_full_event,45,1,44,0.99940224330391,0.754037995584199,0.753587264323232,full_event_available,0,1,,"12","0.64002",paper_formula,Full Bernoulli event probability uses selected probabilities and non-selected complement probabilities.
11,28,2,continue,bernoulli_full_event,44,3,41,1,0.768468142038069,0.768468142038069,full_event_available,0,1,,"1,13,27","0.91995,0.5571,0.044196",paper_formula,Full Bernoulli event probability uses selected probabilities and non-selected complement probabilities.
11,28,3,load_loss_threshold,bernoulli_full_event,34,0,34,NaN,NaN,1,terminal_stage_probability_one,1,0,,"","",,Terminal recording stage excluded from Bernoulli complement product.
11,29,1,continue,bernoulli_full_event,45,1,44,0.99940224330391,0.754037995584199,0.753587264323232,full_event_available,0,1,,"12","0.13657",paper_formula,Full Bernoulli event probability uses selected probabilities and non-selected complement probabilities.
11,29,2,continue,bernoulli_full_event,44,3,41,1,0.768468142038069,0.768468142038069,full_event_available,0,1,,"1,13,27","0.89241,0.289,0.66532",paper_formula,Full Bernoulli event probability uses selected probabilities and non-selected complement probabilities.
11,29,3,load_loss_threshold,bernoulli_full_event,34,0,34,NaN,NaN,1,terminal_stage_probability_one,1,0,,"","",,Terminal recording stage excluded from Bernoulli complement product.
11,30,1,continue,bernoulli_full_event,45,1,44,0.99940224330391,0.754037995584199,0.753587264323232,full_event_available,0,1,,"12","0.36739",paper_formula,Full Bernoulli event probability uses selected probabilities and non-selected complement probabilities.
11,30,2,continue,bernoulli_full_event,44,3,41,1,0.768468142038069,0.768468142038069,full_event_available,0,1,,"1,13,27","0.26328,0.094511,0.46466",paper_formula,Full Bernoulli event probability uses selected probabilities and non-selected complement probabilities.
11,30,3,load_loss_threshold,bernoulli_full_event,34,0,34,NaN,NaN,1,terminal_stage_probability_one,1,0,,"","",,Terminal recording stage excluded from Bernoulli complement product.
12,1,1,continue,bernoulli_full_event,45,2,43,0.790442606600258,0.759018060747728,0.599960214394108,full_event_available,0,1,,"10,11","0.60999,0.038468",paper_formula,Full Bernoulli event probability uses selected probabilities and non-selected complement probabilities.
12,1,2,continue,bernoulli_full_event,43,3,40,1,0.623557689603574,0.623557689603574,full_event_available,0,1,,"1,13,27","0.52962,0.72905,0.44346",paper_formula,Full Bernoulli event probability uses selected probabilities and non-selected complement probabilities.
12,1,3,load_loss_threshold,bernoulli_full_event,32,0,32,NaN,NaN,1,terminal_stage_probability_one,1,0,,"","",,Terminal recording stage excluded from Bernoulli complement product.
12,2,1,continue,bernoulli_full_event,45,3,42,0.00502582334448553,0.763874960638229,0.00383910060944357,full_event_available,0,1,,"10,11,38","0.079867,0.97917,0.0026651",paper_formula,Full Bernoulli event probability uses selected probabilities and non-selected complement probabilities.
12,2,2,continue,bernoulli_full_event,42,5,37,1,0.713748074699632,0.713748074699632,full_event_available,0,1,,"1,13,27,28,35","0.97941,0.35824,0.2561,0.12369,0.046181",paper_formula,Full Bernoulli event probability uses selected probabilities and non-selected complement probabilities.
12,2,3,load_loss_threshold,bernoulli_full_event,26,0,26,NaN,NaN,1,terminal_stage_probability_one,1,0,,"","",,Terminal recording stage excluded from Bernoulli complement product.
12,3,1,continue,bernoulli_full_event,45,3,42,0.00507042914715669,0.763918345490325,0.00387339384502186,full_event_available,0,1,,"10,11,23","0.15682,0.84188,0.0049281",paper_formula,Full Bernoulli event probability uses selected probabilities and non-selected complement probabilities.
12,3,2,continue,bernoulli_full_event,35,2,33,1,0.809246888198518,0.809246888198518,full_event_available,0,1,,"1,27","0.17975,0.64909",paper_formula,Full Bernoulli event probability uses selected probabilities and non-selected complement probabilities.
12,3,3,load_loss_threshold,bernoulli_full_event,26,0,26,NaN,NaN,1,terminal_stage_probability_one,1,0,,"","",,Terminal recording stage excluded from Bernoulli complement product.
12,4,1,continue,bernoulli_full_event,45,3,42,0.00516355354220702,0.76400893676933,0.00394500105173309,full_event_available,0,1,,"10,11,20","0.65289,0.31643,0.00038353",paper_formula,Full Bernoulli event probability uses selected probabilities and non-selected complement probabilities.
12,4,2,continue,bernoulli_full_event,42,4,38,4.3048140870127e-05,0.783834869034068,3.37426338610961e-05,full_event_available,0,1,,"1,6,9,27","0.9822,0.00077807,0.0011309,0.47755",paper_formula,Full Bernoulli event probability uses selected probabilities and non-selected complement probabilities.
12,4,3,load_loss_threshold,bernoulli_full_event,30,0,30,NaN,NaN,1,terminal_stage_probability_one,1,0,,"","",,Terminal recording stage excluded from Bernoulli complement product.
12,5,1,continue,bernoulli_full_event,45,2,43,0.790442606600258,0.759018060747728,0.599960214394108,full_event_available,0,1,,"10,11","0.11391,0.84603",paper_formula,Full Bernoulli event probability uses selected probabilities and non-selected complement probabilities.
12,5,2,continue,bernoulli_full_event,43,3,40,1,0.623557689603574,0.623557689603574,full_event_available,0,1,,"1,13,27","0.2817,0.41253,0.55484",paper_formula,Full Bernoulli event probability uses selected probabilities and non-selected complement probabilities.
12,5,3,load_loss_threshold,bernoulli_full_event,32,0,32,NaN,NaN,1,terminal_stage_probability_one,1,0,,"","",,Terminal recording stage excluded from Bernoulli complement product.
12,6,1,continue,bernoulli_full_event,45,1,44,0.998118903275072,0.157927136184041,0.157630059965388,full_event_available,0,1,,"11","0.54187",paper_formula,Full Bernoulli event probability uses selected probabilities and non-selected complement probabilities.
12,6,2,continue,bernoulli_full_event,44,3,41,1,0.768468142038069,0.768468142038069,full_event_available,0,1,,"1,13,27","0.73775,0.89811,0.14689",paper_formula,Full Bernoulli event probability uses selected probabilities and non-selected complement probabilities.
12,6,3,load_loss_threshold,bernoulli_full_event,34,0,34,NaN,NaN,1,terminal_stage_probability_one,1,0,,"","",,Terminal recording stage excluded from Bernoulli complement product.
12,7,1,continue,bernoulli_full_event,45,3,42,0.00474879783315933,0.763605628171562,0.00362620875244938,full_event_available,0,1,,"10,11,15","0.23435,0.45104,0.00086332",paper_formula,Full Bernoulli event probability uses selected probabilities and non-selected complement probabilities.
12,7,2,continue,bernoulli_full_event,42,7,35,0.832517656624144,0.230202975631601,0.191648041820726,full_event_available,0,1,,"1,9,13,18,19,23,26","0.69786,0.43884,0.3297,0.8005,0.46009,0.20442,0.54794",paper_formula,Full Bernoulli event probability uses selected probabilities and non-selected complement probabilities.
12,7,3,load_loss_threshold,bernoulli_full_event,13,0,13,NaN,NaN,1,terminal_stage_probability_one,1,0,,"","",,Terminal recording stage excluded from Bernoulli complement product.
12,8,1,continue,bernoulli_full_event,45,2,43,0.790442606600258,0.759018060747728,0.599960214394108,full_event_available,0,1,,"10,11","0.17347,0.066383",paper_formula,Full Bernoulli event probability uses selected probabilities and non-selected complement probabilities.
12,8,2,continue,bernoulli_full_event,43,4,39,0.006007770575,0.627326523431966,0.00376883382839161,full_event_available,0,1,,"1,13,16,27","0.26521,0.43741,0.0010688,0.043334",paper_formula,Full Bernoulli event probability uses selected probabilities and non-selected complement probabilities.
12,8,3,load_loss_threshold,bernoulli_full_event,32,0,32,NaN,NaN,1,terminal_stage_probability_one,1,0,,"","",,Terminal recording stage excluded from Bernoulli complement product.
12,9,1,continue,bernoulli_full_event,45,2,43,0.790442606600258,0.759018060747728,0.599960214394108,full_event_available,0,1,,"10,11","0.061911,0.95334",paper_formula,Full Bernoulli event probability uses selected probabilities and non-selected complement probabilities.
12,9,2,continue,bernoulli_full_event,43,3,40,1,0.623557689603574,0.623557689603574,full_event_available,0,1,,"1,13,27","0.50945,0.21034,0.28692",paper_formula,Full Bernoulli event probability uses selected probabilities and non-selected complement probabilities.
12,9,3,load_loss_threshold,bernoulli_full_event,32,0,32,NaN,NaN,1,terminal_stage_probability_one,1,0,,"","",,Terminal recording stage excluded from Bernoulli complement product.
12,10,1,continue,bernoulli_full_event,45,3,42,0.00475036294904253,0.763607149290431,0.00362741110961325,full_event_available,0,1,,"10,11,44","0.28645,0.92055,0.0053576",paper_formula,Full Bernoulli event probability uses selected probabilities and non-selected complement probabilities.
12,10,2,continue,bernoulli_full_event,42,3,39,1,0.672707232779735,0.672707232779735,full_event_available,0,1,,"1,13,27","0.5083,0.47817,0.27181",paper_formula,Full Bernoulli event probability uses selected probabilities and non-selected complement probabilities.
12,10,3,load_loss_threshold,bernoulli_full_event,31,0,31,NaN,NaN,1,terminal_stage_probability_one,1,0,,"","",,Terminal recording stage excluded from Bernoulli complement product.
12,11,1,continue,bernoulli_full_event,45,2,43,0.790442606600258,0.759018060747728,0.599960214394108,full_event_available,0,1,,"10,11","0.66931,0.13024",paper_formula,Full Bernoulli event probability uses selected probabilities and non-selected complement probabilities.
12,11,2,continue,bernoulli_full_event,43,3,40,1,0.623557689603574,0.623557689603574,full_event_available,0,1,,"1,13,27","0.88603,0.30156,0.52055",paper_formula,Full Bernoulli event probability uses selected probabilities and non-selected complement probabilities.
12,11,3,load_loss_threshold,bernoulli_full_event,32,0,32,NaN,NaN,1,terminal_stage_probability_one,1,0,,"","",,Terminal recording stage excluded from Bernoulli complement product.
12,12,1,continue,bernoulli_full_event,45,2,43,0.790442606600258,0.759018060747728,0.599960214394108,full_event_available,0,1,,"10,11","0.77924,0.92082",paper_formula,Full Bernoulli event probability uses selected probabilities and non-selected complement probabilities.
12,12,2,continue,bernoulli_full_event,43,4,39,0.19889699635101,0.778373925404468,0.154816235800894,full_event_available,0,1,,"1,13,18,27","0.48794,0.38927,0.085967,0.52919",paper_formula,Full Bernoulli event probability uses selected probabilities and non-selected complement probabilities.
12,12,3,load_loss_threshold,bernoulli_full_event,31,0,31,NaN,NaN,1,terminal_stage_probability_one,1,0,,"","",,Terminal recording stage excluded from Bernoulli complement product.
12,13,1,continue,bernoulli_full_event,45,2,43,0.790442606600258,0.759018060747728,0.599960214394108,full_event_available,0,1,,"10,11","0.73931,0.36416",paper_formula,Full Bernoulli event probability uses selected probabilities and non-selected complement probabilities.
12,13,2,continue,bernoulli_full_event,43,3,40,1,0.623557689603574,0.623557689603574,full_event_available,0,1,,"1,13,27","0.98508,0.42359,0.86645",paper_formula,Full Bernoulli event probability uses selected probabilities and non-selected complement probabilities.
12,13,3,load_loss_threshold,bernoulli_full_event,32,0,32,NaN,NaN,1,terminal_stage_probability_one,1,0,,"","",,Terminal recording stage excluded from Bernoulli complement product.
12,14,1,continue,bernoulli_full_event,45,2,43,0.790442606600258,0.759018060747728,0.599960214394108,full_event_available,0,1,,"10,11","0.14427,0.044248",paper_formula,Full Bernoulli event probability uses selected probabilities and non-selected complement probabilities.
12,14,2,continue,bernoulli_full_event,43,3,40,1,0.623557689603574,0.623557689603574,full_event_available,0,1,,"1,13,27","0.14241,0.92426,0.76493",paper_formula,Full Bernoulli event probability uses selected probabilities and non-selected complement probabilities.
12,14,3,load_loss_threshold,bernoulli_full_event,32,0,32,NaN,NaN,1,terminal_stage_probability_one,1,0,,"","",,Terminal recording stage excluded from Bernoulli complement product.
12,15,1,continue,bernoulli_full_event,45,3,42,0.00490530942147922,0.763757770062398,0.00374646818521504,full_event_available,0,1,,"10,11,18","0.3376,0.54112,0.00055142",paper_formula,Full Bernoulli event probability uses selected probabilities and non-selected complement probabilities.
12,15,2,continue,bernoulli_full_event,42,6,36,1,0.793724371054311,0.793724371054311,full_event_available,0,1,,"1,13,19,21,22,27","0.78023,0.45345,0.95061,0.1403,0.19137,0.49163",paper_formula,Full Bernoulli event probability uses selected probabilities and non-selected complement probabilities.
12,15,3,load_loss_threshold,bernoulli_full_event,27,0,27,NaN,NaN,1,terminal_stage_probability_one,1,0,,"","",,Terminal recording stage excluded from Bernoulli complement product.
12,16,1,continue,bernoulli_full_event,45,2,43,0.790442606600258,0.759018060747728,0.599960214394108,full_event_available,0,1,,"10,11","0.78878,0.06768",paper_formula,Full Bernoulli event probability uses selected probabilities and non-selected complement probabilities.
12,16,2,continue,bernoulli_full_event,43,3,40,1,0.623557689603574,0.623557689603574,full_event_available,0,1,,"1,13,27","0.47491,0.55439,0.64736",paper_formula,Full Bernoulli event probability uses selected probabilities and non-selected complement probabilities.
12,16,3,load_loss_threshold,bernoulli_full_event,32,0,32,NaN,NaN,1,terminal_stage_probability_one,1,0,,"","",,Terminal recording stage excluded from Bernoulli complement product.
12,17,1,continue,bernoulli_full_event,45,3,42,0.00502582334448553,0.763874960638229,0.00383910060944357,full_event_available,0,1,,"10,11,24","0.78624,0.51117,0.0023042",paper_formula,Full Bernoulli event probability uses selected probabilities and non-selected complement probabilities.
12,17,2,continue,bernoulli_full_event,42,6,36,0.259262733847193,0.722596141927089,0.187342251223451,full_event_available,0,1,,"1,4,13,26,27,30","0.02642,0.55969,0.7831,0.013784,0.21163,0.1388",paper_formula,Full Bernoulli event probability uses selected probabilities and non-selected complement probabilities.
12,17,3,load_loss_threshold,bernoulli_full_event,4,0,4,NaN,NaN,1,terminal_stage_probability_one,1,0,,"","",,Terminal recording stage excluded from Bernoulli complement product.
12,18,1,continue,bernoulli_full_event,45,3,42,0.00502582334448553,0.763874960638229,0.00383910060944357,full_event_available,0,1,,"10,11,14","0.09384,0.067904,0.0031727",paper_formula,Full Bernoulli event probability uses selected probabilities and non-selected complement probabilities.
12,18,2,continue,bernoulli_full_event,42,8,34,0.999047409784876,0.804267376813083,0.803501239579587,full_event_available,0,1,,"1,2,4,9,19,23,26,27","0.16574,0.8783,0.53182,0.765,0.22976,0.12547,0.0744,0.82309",paper_formula,Full Bernoulli event probability uses selected probabilities and non-selected complement probabilities.
12,18,3,load_loss_threshold,bernoulli_full_event,14,0,14,NaN,NaN,1,terminal_stage_probability_one,1,0,,"","",,Terminal recording stage excluded from Bernoulli complement product.
12,19,1,continue,bernoulli_full_event,45,2,43,0.790442606600258,0.759018060747728,0.599960214394108,full_event_available,0,1,,"10,11","0.64322,0.24963",paper_formula,Full Bernoulli event probability uses selected probabilities and non-selected complement probabilities.
12,19,2,continue,bernoulli_full_event,43,4,39,0.19889699635101,0.778373925404468,0.154816235800894,full_event_available,0,1,,"1,13,18,27","0.53495,0.66893,0.18113,0.20228",paper_formula,Full Bernoulli event probability uses selected probabilities and non-selected complement probabilities.
12,19,3,load_loss_threshold,bernoulli_full_event,31,0,31,NaN,NaN,1,terminal_stage_probability_one,1,0,,"","",,Terminal recording stage excluded from Bernoulli complement product.
12,20,1,continue,bernoulli_full_event,45,2,43,0.790442606600258,0.759018060747728,0.599960214394108,full_event_available,0,1,,"10,11","0.54218,0.58356",paper_formula,Full Bernoulli event probability uses selected probabilities and non-selected complement probabilities.
12,20,2,continue,bernoulli_full_event,43,3,40,1,0.623557689603574,0.623557689603574,full_event_available,0,1,,"1,13,27","0.36579,0.31631,0.7301",paper_formula,Full Bernoulli event probability uses selected probabilities and non-selected complement probabilities.
12,20,3,load_loss_threshold,bernoulli_full_event,32,0,32,NaN,NaN,1,terminal_stage_probability_one,1,0,,"","",,Terminal recording stage excluded from Bernoulli complement product.
12,21,1,continue,bernoulli_full_event,45,2,43,0.790442606600258,0.759018060747728,0.599960214394108,full_event_available,0,1,,"10,11","0.4387,0.73622",paper_formula,Full Bernoulli event probability uses selected probabilities and non-selected complement probabilities.
12,21,2,continue,bernoulli_full_event,43,5,38,3.94896047673184e-05,0.631476637630606,2.49367628398277e-05,full_event_available,0,1,,"1,8,13,27,36","0.084033,0.0038741,0.27963,0.41389,0.0013961",paper_formula,Full Bernoulli event probability uses selected probabilities and non-selected complement probabilities.
12,21,3,load_loss_threshold,bernoulli_full_event,30,0,30,NaN,NaN,1,terminal_stage_probability_one,1,0,,"","",,Terminal recording stage excluded from Bernoulli complement product.
12,22,1,continue,bernoulli_full_event,45,2,43,0.790442606600258,0.759018060747728,0.599960214394108,full_event_available,0,1,,"10,11","0.75595,0.63012",paper_formula,Full Bernoulli event probability uses selected probabilities and non-selected complement probabilities.
12,22,2,continue,bernoulli_full_event,43,3,40,1,0.623557689603574,0.623557689603574,full_event_available,0,1,,"1,13,27","0.081619,0.42697,0.68192",paper_formula,Full Bernoulli event probability uses selected probabilities and non-selected complement probabilities.
12,22,3,load_loss_threshold,bernoulli_full_event,32,0,32,NaN,NaN,1,terminal_stage_probability_one,1,0,,"","",,Terminal recording stage excluded from Bernoulli complement product.
12,23,1,continue,bernoulli_full_event,45,3,42,0.00510407913864547,0.763951077675141,0.00389926675850741,full_event_available,0,1,,"10,11,43","0.4956,0.92024,0.0041856",paper_formula,Full Bernoulli event probability uses selected probabilities and non-selected complement probabilities.
12,23,2,continue,bernoulli_full_event,42,3,39,1,0.65638304768279,0.65638304768279,full_event_available,0,1,,"1,13,27","0.84675,0.81284,0.62941",paper_formula,Full Bernoulli event probability uses selected probabilities and non-selected complement probabilities.
12,23,3,load_loss_threshold,bernoulli_full_event,31,0,31,NaN,NaN,1,terminal_stage_probability_one,1,0,,"","",,Terminal recording stage excluded from Bernoulli complement product.
12,24,1,continue,bernoulli_full_event,45,2,43,0.790442606600258,0.759018060747728,0.599960214394108,full_event_available,0,1,,"10,11","0.78892,0.31889",paper_formula,Full Bernoulli event probability uses selected probabilities and non-selected complement probabilities.
12,24,2,continue,bernoulli_full_event,43,3,40,1,0.623557689603574,0.623557689603574,full_event_available,0,1,,"1,13,27","0.066231,0.23006,0.94946",paper_formula,Full Bernoulli event probability uses selected probabilities and non-selected complement probabilities.
12,24,3,load_loss_threshold,bernoulli_full_event,32,0,32,NaN,NaN,1,terminal_stage_probability_one,1,0,,"","",,Terminal recording stage excluded from Bernoulli complement product.
12,25,1,continue,bernoulli_full_event,45,4,41,3.05136907472328e-05,0.768543954327342,2.34511125479999e-05,full_event_available,0,1,,"10,11,15,39","0.74726,0.064416,0.0031856,0.00085151",paper_formula,Full Bernoulli event probability uses selected probabilities and non-selected complement probabilities.
12,25,2,continue,bernoulli_full_event,41,9,32,0.006009750625,0.361568975051313,0.00217293937379524,full_event_available,0,1,,"1,6,9,13,18,19,23,24,33","0.36866,0.78929,0.38914,0.39151,0.35076,0.58899,0.95304,0.25949,0.0041585",paper_formula,Full Bernoulli event probability uses selected probabilities and non-selected complement probabilities.
12,25,3,load_loss_threshold,bernoulli_full_event,24,0,24,NaN,NaN,1,terminal_stage_probability_one,1,0,,"","",,Terminal recording stage excluded from Bernoulli complement product.
12,26,1,continue,bernoulli_full_event,45,1,44,0.998118903275072,0.157927136184041,0.157630059965388,full_event_available,0,1,,"11","0.10328",paper_formula,Full Bernoulli event probability uses selected probabilities and non-selected complement probabilities.
12,26,2,continue,bernoulli_full_event,44,3,41,1,0.768468142038069,0.768468142038069,full_event_available,0,1,,"1,13,27","0.32472,0.97454,0.4698",paper_formula,Full Bernoulli event probability uses selected probabilities and non-selected complement probabilities.
12,26,3,load_loss_threshold,bernoulli_full_event,34,0,34,NaN,NaN,1,terminal_stage_probability_one,1,0,,"","",,Terminal recording stage excluded from Bernoulli complement product.
12,27,1,continue,bernoulli_full_event,45,1,44,0.998118903275072,0.157927136184041,0.157630059965388,full_event_available,0,1,,"11","0.80887",paper_formula,Full Bernoulli event probability uses selected probabilities and non-selected complement probabilities.
12,27,2,continue,bernoulli_full_event,44,4,40,0.006358239425,0.773385512293055,0.00491737025498552,full_event_available,0,1,,"1,13,14,27","0.91144,0.87651,0.004273,0.79697",paper_formula,Full Bernoulli event probability uses selected probabilities and non-selected complement probabilities.
12,27,3,load_loss_threshold,bernoulli_full_event,33,0,33,NaN,NaN,1,terminal_stage_probability_one,1,0,,"","",,Terminal recording stage excluded from Bernoulli complement product.
12,28,1,continue,bernoulli_full_event,45,3,42,0.00507042914715669,0.763918345490325,0.00387339384502186,full_event_available,0,1,,"10,11,23","0.52623,0.63955,0.0061094",paper_formula,Full Bernoulli event probability uses selected probabilities and non-selected complement probabilities.
12,28,2,continue,bernoulli_full_event,35,2,33,1,0.809246888198518,0.809246888198518,full_event_available,0,1,,"1,27","0.15459,0.7124",paper_formula,Full Bernoulli event probability uses selected probabilities and non-selected complement probabilities.
12,28,3,load_loss_threshold,bernoulli_full_event,26,0,26,NaN,NaN,1,terminal_stage_probability_one,1,0,,"","",,Terminal recording stage excluded from Bernoulli complement product.
12,29,1,continue,bernoulli_full_event,45,2,43,0.790442606600258,0.759018060747728,0.599960214394108,full_event_available,0,1,,"10,11","0.381,0.59363",paper_formula,Full Bernoulli event probability uses selected probabilities and non-selected complement probabilities.
12,29,2,continue,bernoulli_full_event,43,3,40,1,0.623557689603574,0.623557689603574,full_event_available,0,1,,"1,13,27","0.22276,0.40825,0.081979",paper_formula,Full Bernoulli event probability uses selected probabilities and non-selected complement probabilities.
12,29,3,load_loss_threshold,bernoulli_full_event,32,0,32,NaN,NaN,1,terminal_stage_probability_one,1,0,,"","",,Terminal recording stage excluded from Bernoulli complement product.
12,30,1,continue,bernoulli_full_event,45,2,43,0.790442606600258,0.759018060747728,0.599960214394108,full_event_available,0,1,,"10,11","0.32571,0.13568",paper_formula,Full Bernoulli event probability uses selected probabilities and non-selected complement probabilities.
12,30,2,continue,bernoulli_full_event,43,4,39,0.19889699635101,0.778373925404468,0.154816235800894,full_event_available,0,1,,"1,13,18,27","0.26193,0.90092,0.10987,0.064058",paper_formula,Full Bernoulli event probability uses selected probabilities and non-selected complement probabilities.
12,30,3,load_loss_threshold,bernoulli_full_event,31,0,31,NaN,NaN,1,terminal_stage_probability_one,1,0,,"","",,Terminal recording stage excluded from Bernoulli complement product.
13,1,1,continue,bernoulli_full_event,45,3,42,0.0057536461589975,0.670702215844382,0.00385898322802414,full_event_available,0,1,,"4,19,23","0.0058675,0.27455,0.63809",paper_formula,Full Bernoulli event probability uses selected probabilities and non-selected complement probabilities.
13,1,2,continue,bernoulli_full_event,38,2,36,0.00265038988338928,0.171439956541863,0.000454382726427251,full_event_available,0,1,,"8,15","0.098954,0.0024408",paper_formula,Full Bernoulli event probability uses selected probabilities and non-selected complement probabilities.
13,1,3,continue,bernoulli_full_event,36,2,34,1,0.803769906712504,0.803769906712504,full_event_available,0,1,,"3,11","0.9038,0.83424",paper_formula,Full Bernoulli event probability uses selected probabilities and non-selected complement probabilities.
13,1,4,load_loss_threshold,bernoulli_full_event,26,0,26,NaN,NaN,1,terminal_stage_probability_one,1,0,,"","",,Terminal recording stage excluded from Bernoulli complement product.
13,2,1,continue,bernoulli_full_event,45,2,43,0.895430927675986,0.6663925777598,0.596708524099849,full_event_available,0,1,,"19,23","0.62979,0.10366",paper_formula,Full Bernoulli event probability uses selected probabilities and non-selected complement probabilities.
13,2,2,continue,bernoulli_full_event,39,2,37,0.556629137987772,0.788611646627164,0.438964221069196,full_event_available,0,1,,"8,14","0.23392,0.25831",paper_formula,Full Bernoulli event probability uses selected probabilities and non-selected complement probabilities.
13,2,3,continue,bernoulli_full_event,37,2,35,0.006007770575,0.798163782573499,0.00479518488697576,full_event_available,0,1,,"16,27","0.0034961,0.95914",paper_formula,Full Bernoulli event probability uses selected probabilities and non-selected complement probabilities.
13,2,4,load_loss_threshold,bernoulli_full_event,28,0,28,NaN,NaN,1,terminal_stage_probability_one,1,0,,"","",,Terminal recording stage excluded from Bernoulli complement product.
13,3,1,continue,bernoulli_full_event,45,2,43,0.895430927675986,0.6663925777598,0.596708524099849,full_event_available,0,1,,"19,23","0.50972,0.85821",paper_formula,Full Bernoulli event probability uses selected probabilities and non-selected complement probabilities.
13,3,2,continue,bernoulli_full_event,39,2,37,0.556629137987772,0.788611646627164,0.438964221069196,full_event_available,0,1,,"8,14","0.70188,0.47589",paper_formula,Full Bernoulli event probability uses selected probabilities and non-selected complement probabilities.
13,3,3,continue,bernoulli_full_event,37,1,36,1,0.793368597686523,0.793368597686523,full_event_available,0,1,,"27","0.10707",paper_formula,Full Bernoulli event probability uses selected probabilities and non-selected complement probabilities.
13,3,4,continue,bernoulli_full_event,33,1,32,1,0.813413242149375,0.813413242149375,full_event_available,0,1,,"3","0.7766",paper_formula,Full Bernoulli event probability uses selected probabilities and non-selected complement probabilities.
13,3,5,max_depth_reached,bernoulli_full_event,32,0,32,NaN,NaN,1,terminal_stage_probability_one,1,0,,"","",,Terminal recording stage excluded from Bernoulli complement product.
13,4,1,continue,bernoulli_full_event,45,2,43,0.895430927675986,0.6663925777598,0.596708524099849,full_event_available,0,1,,"19,23","0.18264,0.32199",paper_formula,Full Bernoulli event probability uses selected probabilities and non-selected complement probabilities.
13,4,2,continue,bernoulli_full_event,39,1,38,0.76509560125695,0.214873906731605,0.164399080865247,full_event_available,0,1,,"14","0.052559",paper_formula,Full Bernoulli event probability uses selected probabilities and non-selected complement probabilities.
13,4,3,continue,bernoulli_full_event,38,2,36,0.922628137935768,0.794065229405956,0.732626924006355,full_event_available,0,1,,"3,6","0.19672,0.048886",paper_formula,Full Bernoulli event probability uses selected probabilities and non-selected complement probabilities.
13,4,4,continue,bernoulli_full_event,36,4,32,0.996529836006313,0.814740127135057,0.811912845281661,full_event_available,0,1,,"9,25,27,42","0.90975,0.46292,0.51465,0.75063",paper_formula,Full Bernoulli event probability uses selected probabilities and non-selected complement probabilities.
13,4,5,max_depth_reached,bernoulli_full_event,0,0,0,NaN,NaN,1,terminal_stage_probability_one,1,0,,"","",,Terminal recording stage excluded from Bernoulli complement product.
13,5,1,continue,bernoulli_full_event,45,2,43,0.895430927675986,0.6663925777598,0.596708524099849,full_event_available,0,1,,"19,23","0.030054,0.63058",paper_formula,Full Bernoulli event probability uses selected probabilities and non-selected complement probabilities.
13,5,2,continue,bernoulli_full_event,39,1,38,0.76509560125695,0.214873906731605,0.164399080865247,full_event_available,0,1,,"14","0.75869",paper_formula,Full Bernoulli event probability uses selected probabilities and non-selected complement probabilities.
13,5,3,continue,bernoulli_full_event,38,2,36,0.922628137935768,0.794065229405956,0.732626924006355,full_event_available,0,1,,"3,6","0.96149,0.56746",paper_formula,Full Bernoulli event probability uses selected probabilities and non-selected complement probabilities.
13,5,4,continue,bernoulli_full_event,36,4,32,0.996529836006313,0.814740127135057,0.811912845281661,full_event_available,0,1,,"9,25,27,42","0.45532,0.31646,0.96515,0.59163",paper_formula,Full Bernoulli event probability uses selected probabilities and non-selected complement probabilities.
13,5,5,max_depth_reached,bernoulli_full_event,0,0,0,NaN,NaN,1,terminal_stage_probability_one,1,0,,"","",,Terminal recording stage excluded from Bernoulli complement product.
13,6,1,continue,bernoulli_full_event,45,2,43,0.895430927675986,0.6663925777598,0.596708524099849,full_event_available,0,1,,"19,23","0.24237,0.51722",paper_formula,Full Bernoulli event probability uses selected probabilities and non-selected complement probabilities.
13,6,2,continue,bernoulli_full_event,39,2,37,0.556629137987772,0.788611646627164,0.438964221069196,full_event_available,0,1,,"8,14","0.44136,0.2683",paper_formula,Full Bernoulli event probability uses selected probabilities and non-selected complement probabilities.
13,6,3,continue,bernoulli_full_event,37,1,36,1,0.793368597686523,0.793368597686523,full_event_available,0,1,,"27","0.97542",paper_formula,Full Bernoulli event probability uses selected probabilities and non-selected complement probabilities.
13,6,4,continue,bernoulli_full_event,33,1,32,1,0.813413242149375,0.813413242149375,full_event_available,0,1,,"3","0.34521",paper_formula,Full Bernoulli event probability uses selected probabilities and non-selected complement probabilities.
13,6,5,max_depth_reached,bernoulli_full_event,32,0,32,NaN,NaN,1,terminal_stage_probability_one,1,0,,"","",,Terminal recording stage excluded from Bernoulli complement product.
13,7,1,continue,bernoulli_full_event,45,4,41,3.68618497809295e-05,0.675026945413393,2.48827418599082e-05,full_event_available,0,1,,"19,23,41,46","0.46008,0.86129,0.0023179,0.0053924",paper_formula,Full Bernoulli event probability uses selected probabilities and non-selected complement probabilities.
13,7,2,continue,bernoulli_full_event,37,5,32,0.83658396026547,0.190653108077408,0.159497332192318,full_event_available,0,1,,"8,10,14,26,27","0.093082,0.37955,0.85036,0.046738,0.93743",paper_formula,Full Bernoulli event probability uses selected probabilities and non-selected complement probabilities.
13,7,3,load_loss_threshold,bernoulli_full_event,29,0,29,NaN,NaN,1,terminal_stage_probability_one,1,0,,"","",,Terminal recording stage excluded from Bernoulli complement product.
13,8,1,continue,bernoulli_full_event,45,2,43,0.895430927675986,0.6663925777598,0.596708524099849,full_event_available,0,1,,"19,23","0.038486,0.45734",paper_formula,Full Bernoulli event probability uses selected probabilities and non-selected complement probabilities.
13,8,2,continue,bernoulli_full_event,39,2,37,0.556629137987772,0.788611646627164,0.438964221069196,full_event_available,0,1,,"8,14","0.31701,0.29347",paper_formula,Full Bernoulli event probability uses selected probabilities and non-selected complement probabilities.
13,8,3,continue,bernoulli_full_event,37,2,35,0.006453281825,0.798521683151271,0.00515308546474851,full_event_available,0,1,,"27,28","0.21293,0.0040178",paper_formula,Full Bernoulli event probability uses selected probabilities and non-selected complement probabilities.
13,8,4,continue,bernoulli_full_event,32,2,30,1,0.823935299436495,0.823935299436495,full_event_available,0,1,,"3,38","0.24664,0.8803",paper_formula,Full Bernoulli event probability uses selected probabilities and non-selected complement probabilities.
13,8,5,max_depth_reached,bernoulli_full_event,0,0,0,NaN,NaN,1,terminal_stage_probability_one,1,0,,"","",,Terminal recording stage excluded from Bernoulli complement product.
13,9,1,continue,bernoulli_full_event,45,2,43,0.895430927675986,0.6663925777598,0.596708524099849,full_event_available,0,1,,"19,23","0.56262,0.0047123",paper_formula,Full Bernoulli event probability uses selected probabilities and non-selected complement probabilities.
13,9,2,continue,bernoulli_full_event,39,1,38,0.76509560125695,0.214873906731605,0.164399080865247,full_event_available,0,1,,"14","0.12187",paper_formula,Full Bernoulli event probability uses selected probabilities and non-selected complement probabilities.
13,9,3,continue,bernoulli_full_event,38,2,36,0.922628137935768,0.794065229405956,0.732626924006355,full_event_available,0,1,,"3,6","0.91694,0.10456",paper_formula,Full Bernoulli event probability uses selected probabilities and non-selected complement probabilities.
13,9,4,continue,bernoulli_full_event,36,4,32,0.996529836006313,0.814740127135057,0.811912845281661,full_event_available,0,1,,"9,25,27,42","0.48198,0.59818,0.90846,0.70411",paper_formula,Full Bernoulli event probability uses selected probabilities and non-selected complement probabilities.
13,9,5,max_depth_reached,bernoulli_full_event,0,0,0,NaN,NaN,1,terminal_stage_probability_one,1,0,,"","",,Terminal recording stage excluded from Bernoulli complement product.
13,10,1,continue,bernoulli_full_event,45,2,43,0.895430927675986,0.6663925777598,0.596708524099849,full_event_available,0,1,,"19,23","0.53274,0.014589",paper_formula,Full Bernoulli event probability uses selected probabilities and non-selected complement probabilities.
13,10,2,continue,bernoulli_full_event,39,1,38,0.76509560125695,0.214873906731605,0.164399080865247,full_event_available,0,1,,"14","0.60683",paper_formula,Full Bernoulli event probability uses selected probabilities and non-selected complement probabilities.
13,10,3,continue,bernoulli_full_event,38,3,35,0.00605354271030081,0.79930965556179,0.00483865513869913,full_event_available,0,1,,"3,6,36","0.3743,0.74216,0.00084331",paper_formula,Full Bernoulli event probability uses selected probabilities and non-selected complement probabilities.
13,10,4,continue,bernoulli_full_event,35,4,31,0.996339699931766,0.820121101234819,0.817119211912009,full_event_available,0,1,,"9,25,27,42","0.36406,0.50389,0.62407,0.012914",paper_formula,Full Bernoulli event probability uses selected probabilities and non-selected complement probabilities.
13,10,5,max_depth_reached,bernoulli_full_event,0,0,0,NaN,NaN,1,terminal_stage_probability_one,1,0,,"","",,Terminal recording stage excluded from Bernoulli complement product.
13,11,1,continue,bernoulli_full_event,45,2,43,0.895430927675986,0.6663925777598,0.596708524099849,full_event_available,0,1,,"19,23","0.079544,0.79834",paper_formula,Full Bernoulli event probability uses selected probabilities and non-selected complement probabilities.
13,11,2,continue,bernoulli_full_event,39,2,37,0.556629137987772,0.788611646627164,0.438964221069196,full_event_available,0,1,,"8,14","0.19795,0.25975",paper_formula,Full Bernoulli event probability uses selected probabilities and non-selected complement probabilities.
13,11,3,continue,bernoulli_full_event,37,1,36,1,0.793368597686523,0.793368597686523,full_event_available,0,1,,"27","0.7682",paper_formula,Full Bernoulli event probability uses selected probabilities and non-selected complement probabilities.
13,11,4,continue,bernoulli_full_event,33,1,32,1,0.813413242149375,0.813413242149375,full_event_available,0,1,,"3","0.0090031",paper_formula,Full Bernoulli event probability uses selected probabilities and non-selected complement probabilities.
13,11,5,max_depth_reached,bernoulli_full_event,32,0,32,NaN,NaN,1,terminal_stage_probability_one,1,0,,"","",,Terminal recording stage excluded from Bernoulli complement product.
13,12,1,continue,bernoulli_full_event,45,2,43,0.895430927675986,0.6663925777598,0.596708524099849,full_event_available,0,1,,"19,23","0.02797,0.90688",paper_formula,Full Bernoulli event probability uses selected probabilities and non-selected complement probabilities.
13,12,2,continue,bernoulli_full_event,39,1,38,0.76509560125695,0.214873906731605,0.164399080865247,full_event_available,0,1,,"14","0.27762",paper_formula,Full Bernoulli event probability uses selected probabilities and non-selected complement probabilities.
13,12,3,continue,bernoulli_full_event,38,4,34,3.54580534791243e-05,0.804007741414483,2.85085494927046e-05,full_event_available,0,1,,"3,6,44,46","0.65731,0.76649,0.00072776,0.0054983",paper_formula,Full Bernoulli event probability uses selected probabilities and non-selected complement probabilities.
13,12,4,continue,bernoulli_full_event,34,6,28,0.997301748133506,0.835258143178919,0.833004406335083,full_event_available,0,1,,"4,16,17,25,27,40","0.14346,0.89721,0.92849,0.28678,0.11851,0.77564",paper_formula,Full Bernoulli event probability uses selected probabilities and non-selected complement probabilities.
13,12,5,max_depth_reached,bernoulli_full_event,14,0,14,NaN,NaN,1,terminal_stage_probability_one,1,0,,"","",,Terminal recording stage excluded from Bernoulli complement product.
13,13,1,continue,bernoulli_full_event,45,2,43,0.895430927675986,0.6663925777598,0.596708524099849,full_event_available,0,1,,"19,23","0.21868,0.3046",paper_formula,Full Bernoulli event probability uses selected probabilities and non-selected complement probabilities.
13,13,2,continue,bernoulli_full_event,39,1,38,0.76509560125695,0.214873906731605,0.164399080865247,full_event_available,0,1,,"14","0.60637",paper_formula,Full Bernoulli event probability uses selected probabilities and non-selected complement probabilities.
13,13,3,continue,bernoulli_full_event,38,2,36,0.922628137935768,0.794065229405956,0.732626924006355,full_event_available,0,1,,"3,6","0.053421,0.57155",paper_formula,Full Bernoulli event probability uses selected probabilities and non-selected complement probabilities.
13,13,4,continue,bernoulli_full_event,36,5,31,0.00652165410825185,0.820107207321305,0.00534845553783394,full_event_available,0,1,,"9,11,25,27,42","0.68139,0.0028448,0.59072,0.27748,0.90997",paper_formula,Full Bernoulli event probability uses selected probabilities and non-selected complement probabilities.
13,13,5,max_depth_reached,bernoulli_full_event,0,0,0,NaN,NaN,1,terminal_stage_probability_one,1,0,,"","",,Terminal recording stage excluded from Bernoulli complement product.
13,14,1,continue,bernoulli_full_event,45,3,42,0.00586002603949819,0.67078242217919,0.00393080246080772,full_event_available,0,1,,"11,19,23","0.00090382,0.21421,0.69807",paper_formula,Full Bernoulli event probability uses selected probabilities and non-selected complement probabilities.
13,14,2,continue,bernoulli_full_event,38,3,35,0.0064324913,0.0855958859942383,0.00055059479197373,full_event_available,0,1,,"8,12,45","0.39134,0.32805,0.0006059",paper_formula,Full Bernoulli event probability uses selected probabilities and non-selected complement probabilities.
13,14,3,continue,bernoulli_full_event,33,2,31,1,0.819417860910127,0.819417860910127,full_event_available,0,1,,"1,27","0.64554,0.90315",paper_formula,Full Bernoulli event probability uses selected probabilities and non-selected complement probabilities.
13,14,4,load_loss_threshold,bernoulli_full_event,24,0,24,NaN,NaN,1,terminal_stage_probability_one,1,0,,"","",,Terminal recording stage excluded from Bernoulli complement product.
13,15,1,continue,bernoulli_full_event,45,3,42,0.00538131657724508,0.670421644657796,0.00360775111014091,full_event_available,0,1,,"19,23,34","0.37065,0.22726,0.0030072",paper_formula,Full Bernoulli event probability uses selected probabilities and non-selected complement probabilities.
13,15,2,continue,bernoulli_full_event,38,2,36,1,0.0724923596095823,0.0724923596095823,full_event_available,0,1,,"8,14","0.79459,0.43266",paper_formula,Full Bernoulli event probability uses selected probabilities and non-selected complement probabilities.
13,15,3,continue,bernoulli_full_event,36,2,34,0.265091791224022,0.803813174811496,0.213084274320248,full_event_available,0,1,,"3,17","0.84593,0.16686",paper_formula,Full Bernoulli event probability uses selected probabilities and non-selected complement probabilities.
13,15,4,continue,bernoulli_full_event,29,5,24,0.655576599325079,0.806845235396257,0.528948855602721,full_event_available,0,1,,"4,30,31,40,42","0.30571,0.18157,0.47668,0.45321,0.95823",paper_formula,Full Bernoulli event probability uses selected probabilities and non-selected complement probabilities.
13,15,5,max_depth_reached,bernoulli_full_event,16,0,16,NaN,NaN,1,terminal_stage_probability_one,1,0,,"","",,Terminal recording stage excluded from Bernoulli complement product.
13,16,1,continue,bernoulli_full_event,45,1,44,0.997832686233758,0.0683879900848072,0.0682397718524508,full_event_available,0,1,,"23","0.27071",paper_formula,Full Bernoulli event probability uses selected probabilities and non-selected complement probabilities.
13,16,2,continue,bernoulli_full_event,39,2,37,0.556629137987772,0.788611646627164,0.438964221069196,full_event_available,0,1,,"8,14","0.40427,0.45988",paper_formula,Full Bernoulli event probability uses selected probabilities and non-selected complement probabilities.
13,16,3,continue,bernoulli_full_event,37,1,36,1,0.793368597686523,0.793368597686523,full_event_available,0,1,,"27","0.6929",paper_formula,Full Bernoulli event probability uses selected probabilities and non-selected complement probabilities.
13,16,4,continue,bernoulli_full_event,33,1,32,1,0.813413242149375,0.813413242149375,full_event_available,0,1,,"3","0.56994",paper_formula,Full Bernoulli event probability uses selected probabilities and non-selected complement probabilities.
13,16,5,max_depth_reached,bernoulli_full_event,32,0,32,NaN,NaN,1,terminal_stage_probability_one,1,0,,"","",,Terminal recording stage excluded from Bernoulli complement product.
13,17,1,continue,bernoulli_full_event,45,2,43,0.895430927675986,0.6663925777598,0.596708524099849,full_event_available,0,1,,"19,23","0.67547,0.44509",paper_formula,Full Bernoulli event probability uses selected probabilities and non-selected complement probabilities.
13,17,2,no_new_outage,bernoulli_full_event,39,0,39,1,0.050474825866358,0.050474825866358,full_event_available,1,1,,"","",paper_formula,Full Bernoulli event probability uses selected probabilities and non-selected complement probabilities.
13,18,1,continue,bernoulli_full_event,45,3,42,0.00538929506828264,0.670427654436314,0.00361313245169392,full_event_available,0,1,,"8,19,23","0.0017585,0.7925,0.85252",paper_formula,Full Bernoulli event probability uses selected probabilities and non-selected complement probabilities.
13,18,2,continue,bernoulli_full_event,38,1,37,1,0.788612432369122,0.788612432369122,full_event_available,0,1,,"3","0.39183",paper_formula,Full Bernoulli event probability uses selected probabilities and non-selected complement probabilities.
13,18,3,continue,bernoulli_full_event,37,8,29,0.998479744608,0.816560491859679,0.815319111369036,full_event_available,0,1,,"4,7,25,27,30,31,40,42","0.11455,0.43683,0.83074,0.077361,0.54609,0.50983,0.078424,0.94445",paper_formula,Full Bernoulli event probability uses selected probabilities and non-selected complement probabilities.
13,18,4,load_loss_threshold,bernoulli_full_event,10,0,10,NaN,NaN,1,terminal_stage_probability_one,1,0,,"","",,Terminal recording stage excluded from Bernoulli complement product.
13,19,1,continue,bernoulli_full_event,45,2,43,0.895430927675986,0.6663925777598,0.596708524099849,full_event_available,0,1,,"19,23","0.56767,0.79204",paper_formula,Full Bernoulli event probability uses selected probabilities and non-selected complement probabilities.
13,19,2,continue,bernoulli_full_event,39,1,38,0.72752886969067,0.185248344692721,0.134773518826363,full_event_available,0,1,,"8","0.0078779",paper_formula,Full Bernoulli event probability uses selected probabilities and non-selected complement probabilities.
13,19,3,continue,bernoulli_full_event,38,1,37,1,0.788612432369122,0.788612432369122,full_event_available,0,1,,"3","0.39791",paper_formula,Full Bernoulli event probability uses selected probabilities and non-selected complement probabilities.
13,19,4,continue,bernoulli_full_event,37,8,29,0.998479744608,0.816560491859679,0.815319111369036,full_event_available,0,1,,"4,7,25,27,30,31,40,42","0.75811,0.12813,0.51165,0.70441,0.41281,0.4215,0.53742,0.14916",paper_formula,Full Bernoulli event probability uses selected probabilities and non-selected complement probabilities.
13,19,5,max_depth_reached,bernoulli_full_event,10,0,10,NaN,NaN,1,terminal_stage_probability_one,1,0,,"","",,Terminal recording stage excluded from Bernoulli complement product.
13,20,1,continue,bernoulli_full_event,45,2,43,0.895430927675986,0.6663925777598,0.596708524099849,full_event_available,0,1,,"19,23","0.54254,0.4404",paper_formula,Full Bernoulli event probability uses selected probabilities and non-selected complement probabilities.
13,20,2,continue,bernoulli_full_event,39,2,37,0.556629137987772,0.788611646627164,0.438964221069196,full_event_available,0,1,,"8,14","0.177,0.7087",paper_formula,Full Bernoulli event probability uses selected probabilities and non-selected complement probabilities.
13,20,3,continue,bernoulli_full_event,37,2,35,0.006453281825,0.798521683151271,0.00515308546474851,full_event_available,0,1,,"27,28","0.64355,0.005296",paper_formula,Full Bernoulli event probability uses selected probabilities and non-selected complement probabilities.
13,20,4,continue,bernoulli_full_event,32,2,30,1,0.823935299436495,0.823935299436495,full_event_available,0,1,,"3,38","0.47046,0.33039",paper_formula,Full Bernoulli event probability uses selected probabilities and non-selected complement probabilities.
13,20,5,max_depth_reached,bernoulli_full_event,0,0,0,NaN,NaN,1,terminal_stage_probability_one,1,0,,"","",,Terminal recording stage excluded from Bernoulli complement product.
13,21,1,continue,bernoulli_full_event,45,2,43,0.895430927675986,0.6663925777598,0.596708524099849,full_event_available,0,1,,"19,23","0.60986,0.82384",paper_formula,Full Bernoulli event probability uses selected probabilities and non-selected complement probabilities.
13,21,2,continue,bernoulli_full_event,39,1,38,0.006007770575,0.0507798998545053,0.000305073988147344,full_event_available,0,1,,"16","0.0012276",paper_formula,Full Bernoulli event probability uses selected probabilities and non-selected complement probabilities.
13,21,3,continue,bernoulli_full_event,38,4,34,4.24516652325882e-05,0.803818765612862,3.41234451454695e-05,full_event_available,0,1,,"8,14,31,40","0.79556,0.17918,0.0025174,0.0020621",paper_formula,Full Bernoulli event probability uses selected probabilities and non-selected complement probabilities.
13,21,4,continue,bernoulli_full_event,25,2,23,0.0064483317,0.862332209036927,0.00556060411946384,full_event_available,0,1,,"3,25","0.065565,0.0010201",paper_formula,Full Bernoulli event probability uses selected probabilities and non-selected complement probabilities.
13,21,5,max_depth_reached,bernoulli_full_event,0,0,0,NaN,NaN,1,terminal_stage_probability_one,1,0,,"","",,Terminal recording stage excluded from Bernoulli complement product.
13,22,1,continue,bernoulli_full_event,45,3,42,0.114621175409039,0.764217560509982,0.0875955150538823,full_event_available,0,1,,"9,19,23","0.08641,0.32682,0.80356",paper_formula,Full Bernoulli event probability uses selected probabilities and non-selected complement probabilities.
13,22,2,continue,bernoulli_full_event,38,2,36,0.00356154070685281,0.0728551761423082,0.000259476675535762,full_event_available,0,1,,"8,37","0.41868,0.0058916",paper_formula,Full Bernoulli event probability uses selected probabilities and non-selected complement probabilities.
13,22,3,continue,bernoulli_full_event,36,2,34,0.783635422301428,0.524700068237463,0.411173559554852,full_event_available,0,1,,"3,27","0.87404,0.1998",paper_formula,Full Bernoulli event probability uses selected probabilities and non-selected complement probabilities.
13,22,4,load_loss_threshold,bernoulli_full_event,0,0,0,NaN,NaN,1,terminal_stage_probability_one,1,0,,"","",,Terminal recording stage excluded from Bernoulli complement product.
13,23,1,continue,bernoulli_full_event,45,3,42,0.00578201412713102,0.670723602324819,0.00387813334404231,full_event_available,0,1,,"19,23,43","0.3208,0.7798,0.00054969",paper_formula,Full Bernoulli event probability uses selected probabilities and non-selected complement probabilities.
13,23,2,continue,bernoulli_full_event,38,1,37,0.724598241360801,0.168354743011579,0.12198955071094,full_event_available,0,1,,"8","0.37583",paper_formula,Full Bernoulli event probability uses selected probabilities and non-selected complement probabilities.
13,23,3,continue,bernoulli_full_event,37,1,36,1,0.793737789299645,0.793737789299645,full_event_available,0,1,,"3","0.56761",paper_formula,Full Bernoulli event probability uses selected probabilities and non-selected complement probabilities.
13,23,4,continue,bernoulli_full_event,36,8,28,0.997530393221224,0.638312022108363,0.63673564241159,full_event_available,0,1,,"4,7,25,27,30,31,40,42","0.99163,0.20519,0.56741,0.53932,0.00059895,0.23893,0.21694,0.67005",paper_formula,Full Bernoulli event probability uses selected probabilities and non-selected complement probabilities.
13,23,5,max_depth_reached,bernoulli_full_event,10,0,10,NaN,NaN,1,terminal_stage_probability_one,1,0,,"","",,Terminal recording stage excluded from Bernoulli complement product.
13,24,1,continue,bernoulli_full_event,45,3,42,0.00575985165202671,0.670706894020437,0.00386317221154931,full_event_available,0,1,,"19,23,45","0.6395,0.091725,0.0033272",paper_formula,Full Bernoulli event probability uses selected probabilities and non-selected complement probabilities.
13,24,2,continue,bernoulli_full_event,38,2,36,0.71763729816299,0.793717225776632,0.569601085411766,full_event_available,0,1,,"8,14","0.24532,0.43263",paper_formula,Full Bernoulli event probability uses selected probabilities and non-selected complement probabilities.
13,24,3,continue,bernoulli_full_event,36,1,35,1,0.798504973984686,0.798504973984686,full_event_available,0,1,,"27","0.0046039",paper_formula,Full Bernoulli event probability uses selected probabilities and non-selected complement probabilities.
13,24,4,continue,bernoulli_full_event,32,1,31,1,0.818679390204354,0.818679390204354,full_event_available,0,1,,"3","0.28801",paper_formula,Full Bernoulli event probability uses selected probabilities and non-selected complement probabilities.
13,24,5,max_depth_reached,bernoulli_full_event,31,0,31,NaN,NaN,1,terminal_stage_probability_one,1,0,,"","",,Terminal recording stage excluded from Bernoulli complement product.
13,25,1,continue,bernoulli_full_event,45,2,43,0.895430927675986,0.6663925777598,0.596708524099849,full_event_available,0,1,,"19,23","0.8536,0.83156",paper_formula,Full Bernoulli event probability uses selected probabilities and non-selected complement probabilities.
13,25,2,continue,bernoulli_full_event,39,2,37,0.556629137987772,0.788611646627164,0.438964221069196,full_event_available,0,1,,"8,14","0.49823,0.44487",paper_formula,Full Bernoulli event probability uses selected probabilities and non-selected complement probabilities.
13,25,3,continue,bernoulli_full_event,37,1,36,1,0.793368597686523,0.793368597686523,full_event_available,0,1,,"27","0.64082",paper_formula,Full Bernoulli event probability uses selected probabilities and non-selected complement probabilities.
13,25,4,continue,bernoulli_full_event,33,1,32,1,0.813413242149375,0.813413242149375,full_event_available,0,1,,"3","0.99777",paper_formula,Full Bernoulli event probability uses selected probabilities and non-selected complement probabilities.
13,25,5,max_depth_reached,bernoulli_full_event,32,0,32,NaN,NaN,1,terminal_stage_probability_one,1,0,,"","",,Terminal recording stage excluded from Bernoulli complement product.
13,26,1,continue,bernoulli_full_event,45,2,43,0.895430927675986,0.6663925777598,0.596708524099849,full_event_available,0,1,,"19,23","0.11456,0.85906",paper_formula,Full Bernoulli event probability uses selected probabilities and non-selected complement probabilities.
13,26,2,continue,bernoulli_full_event,39,1,38,0.72752886969067,0.185248344692721,0.134773518826363,full_event_available,0,1,,"8","0.45034",paper_formula,Full Bernoulli event probability uses selected probabilities and non-selected complement probabilities.
13,26,3,continue,bernoulli_full_event,38,1,37,1,0.788612432369122,0.788612432369122,full_event_available,0,1,,"3","0.1776",paper_formula,Full Bernoulli event probability uses selected probabilities and non-selected complement probabilities.
13,26,4,continue,bernoulli_full_event,37,8,29,0.998479744608,0.816560491859679,0.815319111369036,full_event_available,0,1,,"4,7,25,27,30,31,40,42","0.28024,0.75734,0.1168,0.30009,0.76291,0.13469,0.050017,0.7494",paper_formula,Full Bernoulli event probability uses selected probabilities and non-selected complement probabilities.
13,26,5,max_depth_reached,bernoulli_full_event,10,0,10,NaN,NaN,1,terminal_stage_probability_one,1,0,,"","",,Terminal recording stage excluded from Bernoulli complement product.
13,27,1,continue,bernoulli_full_event,45,3,42,0.00572616468986815,0.670681498991998,0.00384043271767582,full_event_available,0,1,,"19,22,23","0.22842,0.0050498,0.55656",paper_formula,Full Bernoulli event probability uses selected probabilities and non-selected complement probabilities.
13,27,2,continue,bernoulli_full_event,39,2,37,0.556629137987772,0.788611646627164,0.438964221069196,full_event_available,0,1,,"8,14","0.66178,0.23598",paper_formula,Full Bernoulli event probability uses selected probabilities and non-selected complement probabilities.
13,27,3,continue,bernoulli_full_event,37,1,36,1,0.793368597686523,0.793368597686523,full_event_available,0,1,,"27","0.21457",paper_formula,Full Bernoulli event probability uses selected probabilities and non-selected complement probabilities.
13,27,4,continue,bernoulli_full_event,33,1,32,1,0.813413242149375,0.813413242149375,full_event_available,0,1,,"3","0.39984",paper_formula,Full Bernoulli event probability uses selected probabilities and non-selected complement probabilities.
13,27,5,max_depth_reached,bernoulli_full_event,32,0,32,NaN,NaN,1,terminal_stage_probability_one,1,0,,"","",,Terminal recording stage excluded from Bernoulli complement product.
13,28,1,continue,bernoulli_full_event,45,2,43,0.895430927675986,0.6663925777598,0.596708524099849,full_event_available,0,1,,"19,23","0.52796,0.41927",paper_formula,Full Bernoulli event probability uses selected probabilities and non-selected complement probabilities.
13,28,2,continue,bernoulli_full_event,39,1,38,0.76509560125695,0.214873906731605,0.164399080865247,full_event_available,0,1,,"14","0.40649",paper_formula,Full Bernoulli event probability uses selected probabilities and non-selected complement probabilities.
13,28,3,continue,bernoulli_full_event,38,2,36,0.922628137935768,0.794065229405956,0.732626924006355,full_event_available,0,1,,"3,6","0.24626,0.56268",paper_formula,Full Bernoulli event probability uses selected probabilities and non-selected complement probabilities.
13,28,4,continue,bernoulli_full_event,36,4,32,0.996529836006313,0.814740127135057,0.811912845281661,full_event_available,0,1,,"9,25,27,42","0.38907,0.86051,0.80592,0.51593",paper_formula,Full Bernoulli event probability uses selected probabilities and non-selected complement probabilities.
13,28,5,max_depth_reached,bernoulli_full_event,0,0,0,NaN,NaN,1,terminal_stage_probability_one,1,0,,"","",,Terminal recording stage excluded from Bernoulli complement product.
13,29,1,continue,bernoulli_full_event,45,2,43,0.895430927675986,0.6663925777598,0.596708524099849,full_event_available,0,1,,"19,23","0.71685,0.76955",paper_formula,Full Bernoulli event probability uses selected probabilities and non-selected complement probabilities.
13,29,2,continue,bernoulli_full_event,39,2,37,0.00477345845478208,0.186471822598885,0.000890115498163272,full_event_available,0,1,,"8,31","0.26139,0.0060776",paper_formula,Full Bernoulli event probability uses selected probabilities and non-selected complement probabilities.
13,29,3,continue,bernoulli_full_event,37,1,36,1,0.793820845373463,0.793820845373463,full_event_available,0,1,,"3","0.63299",paper_formula,Full Bernoulli event probability uses selected probabilities and non-selected complement probabilities.
13,29,4,load_loss_threshold,bernoulli_full_event,18,0,18,NaN,NaN,1,terminal_stage_probability_one,1,0,,"","",,Terminal recording stage excluded from Bernoulli complement product.
13,30,1,continue,bernoulli_full_event,45,3,42,0.00593537845485285,0.670839246607073,0.00398168481098134,full_event_available,0,1,,"19,23,30","0.26332,0.77327,0.00064817",paper_formula,Full Bernoulli event probability uses selected probabilities and non-selected complement probabilities.
13,30,2,continue,bernoulli_full_event,38,3,35,2.54674777239403e-05,0.144024286391726,3.66793530538767e-06,full_event_available,0,1,,"8,16,26","0.56656,0.0031501,0.00017165",paper_formula,Full Bernoulli event probability uses selected probabilities and non-selected complement probabilities.
13,30,3,continue,bernoulli_full_event,30,1,29,1,0.829710906257716,0.829710906257716,full_event_available,0,1,,"3","0.99279",paper_formula,Full Bernoulli event probability uses selected probabilities and non-selected complement probabilities.
13,30,4,load_loss_threshold,bernoulli_full_event,0,0,0,NaN,NaN,1,terminal_stage_probability_one,1,0,,"","",,Terminal recording stage excluded from Bernoulli complement product.
14,1,1,continue,bernoulli_full_event,45,1,44,1,0.753983135070439,0.753983135070439,full_event_available,0,1,,"3","0.40581",paper_formula,Full Bernoulli event probability uses selected probabilities and non-selected complement probabilities.
14,1,2,continue,bernoulli_full_event,44,2,42,1,0.763921378759587,0.763921378759587,full_event_available,0,1,,"40,42","0.092645,0.56406",paper_formula,Full Bernoulli event probability uses selected probabilities and non-selected complement probabilities.
14,1,3,continue,bernoulli_full_event,38,3,35,1,0.0720922284853479,0.0720922284853479,full_event_available,0,1,,"1,16,17","0.49487,0.11876,0.54813",paper_formula,Full Bernoulli event probability uses selected probabilities and non-selected complement probabilities.
14,1,4,load_loss_threshold,bernoulli_full_event,31,0,31,NaN,NaN,1,terminal_stage_probability_one,1,0,,"","",,Terminal recording stage excluded from Bernoulli complement product.
14,2,1,continue,bernoulli_full_event,45,1,44,1,0.753983135070439,0.753983135070439,full_event_available,0,1,,"3","0.024582",paper_formula,Full Bernoulli event probability uses selected probabilities and non-selected complement probabilities.
14,2,2,continue,bernoulli_full_event,44,2,42,1,0.763921378759587,0.763921378759587,full_event_available,0,1,,"40,42","0.22776,0.44749",paper_formula,Full Bernoulli event probability uses selected probabilities and non-selected complement probabilities.
14,2,3,continue,bernoulli_full_event,38,6,32,0.00231090834784676,0.8139231393329,0.00188090177719004,full_event_available,0,1,,"1,16,17,20,26,27","0.81865,0.7863,0.12688,0.39041,0.0052606,0.012289",paper_formula,Full Bernoulli event probability uses selected probabilities and non-selected complement probabilities.
14,2,4,load_loss_threshold,bernoulli_full_event,0,0,0,NaN,NaN,1,terminal_stage_probability_one,1,0,,"","",,Terminal recording stage excluded from Bernoulli complement product.
14,3,1,continue,bernoulli_full_event,45,1,44,1,0.753983135070439,0.753983135070439,full_event_available,0,1,,"3","0.67577",paper_formula,Full Bernoulli event probability uses selected probabilities and non-selected complement probabilities.
14,3,2,continue,bernoulli_full_event,44,3,41,0.006532483825,0.768944496243621,0.00502311748403423,full_event_available,0,1,,"20,40,42","0.00078336,0.86267,0.95432",paper_formula,Full Bernoulli event probability uses selected probabilities and non-selected complement probabilities.
14,3,3,load_loss_threshold,bernoulli_full_event,37,0,37,NaN,NaN,1,terminal_stage_probability_one,1,0,,"","",,Terminal recording stage excluded from Bernoulli complement product.
14,4,1,continue,bernoulli_full_event,45,1,44,1,0.753983135070439,0.753983135070439,full_event_available,0,1,,"3","0.63535",paper_formula,Full Bernoulli event probability uses selected probabilities and non-selected complement probabilities.
14,4,2,continue,bernoulli_full_event,44,2,42,1,0.763921378759587,0.763921378759587,full_event_available,0,1,,"40,42","0.43491,0.013406",paper_formula,Full Bernoulli event probability uses selected probabilities and non-selected complement probabilities.
14,4,3,continue,bernoulli_full_event,38,4,34,0.841797198805197,0.455695018930653,0.383602790445305,full_event_available,0,1,,"1,16,17,27","0.39051,0.46842,0.40785,0.060622",paper_formula,Full Bernoulli event probability uses selected probabilities and non-selected complement probabilities.
14,4,4,load_loss_threshold,bernoulli_full_event,27,0,27,NaN,NaN,1,terminal_stage_probability_one,1,0,,"","",,Terminal recording stage excluded from Bernoulli complement product.
14,5,1,continue,bernoulli_full_event,45,1,44,1,0.753983135070439,0.753983135070439,full_event_available,0,1,,"3","0.56637",paper_formula,Full Bernoulli event probability uses selected probabilities and non-selected complement probabilities.
14,5,2,continue,bernoulli_full_event,44,2,42,1,0.763921378759587,0.763921378759587,full_event_available,0,1,,"40,42","0.39527,0.68433",paper_formula,Full Bernoulli event probability uses selected probabilities and non-selected complement probabilities.
14,5,3,continue,bernoulli_full_event,38,4,34,0.841797198805197,0.455695018930653,0.383602790445305,full_event_available,0,1,,"1,16,17,27","0.11589,0.98503,0.7873,0.37369",paper_formula,Full Bernoulli event probability uses selected probabilities and non-selected complement probabilities.
14,5,4,load_loss_threshold,bernoulli_full_event,27,0,27,NaN,NaN,1,terminal_stage_probability_one,1,0,,"","",,Terminal recording stage excluded from Bernoulli complement product.
14,6,1,continue,bernoulli_full_event,45,1,44,1,0.753983135070439,0.753983135070439,full_event_available,0,1,,"3","0.35545",paper_formula,Full Bernoulli event probability uses selected probabilities and non-selected complement probabilities.
14,6,2,continue,bernoulli_full_event,44,2,42,1,0.763921378759587,0.763921378759587,full_event_available,0,1,,"40,42","0.7901,0.91299",paper_formula,Full Bernoulli event probability uses selected probabilities and non-selected complement probabilities.
14,6,3,continue,bernoulli_full_event,38,4,34,0.841797198805197,0.455695018930653,0.383602790445305,full_event_available,0,1,,"1,16,17,27","0.81888,0.15951,0.65314,0.80388",paper_formula,Full Bernoulli event probability uses selected probabilities and non-selected complement probabilities.
14,6,4,load_loss_threshold,bernoulli_full_event,27,0,27,NaN,NaN,1,terminal_stage_probability_one,1,0,,"","",,Terminal recording stage excluded from Bernoulli complement product.
14,7,1,continue,bernoulli_full_event,45,1,44,1,0.753983135070439,0.753983135070439,full_event_available,0,1,,"3","0.50354",paper_formula,Full Bernoulli event probability uses selected probabilities and non-selected complement probabilities.
14,7,2,continue,bernoulli_full_event,44,3,41,0.00648199255,0.768905417950396,0.0049840391908091,full_event_available,0,1,,"13,40,42","0.0049536,0.86643,0.8125",paper_formula,Full Bernoulli event probability uses selected probabilities and non-selected complement probabilities.
14,7,3,continue,bernoulli_full_event,37,8,29,0.006579015,0.552525006707947,0.00363507030700669,full_event_available,0,1,,"1,9,16,17,19,23,27,29","0.43073,0.77664,0.05034,0.5417,0.14376,0.12053,0.4946,0.00026984",paper_formula,Full Bernoulli event probability uses selected probabilities and non-selected complement probabilities.
14,7,4,load_loss_threshold,bernoulli_full_event,0,0,0,NaN,NaN,1,terminal_stage_probability_one,1,0,,"","",,Terminal recording stage excluded from Bernoulli complement product.
14,8,1,continue,bernoulli_full_event,45,1,44,1,0.753983135070439,0.753983135070439,full_event_available,0,1,,"3","0.54698",paper_formula,Full Bernoulli event probability uses selected probabilities and non-selected complement probabilities.
14,8,2,continue,bernoulli_full_event,44,2,42,1,0.763921378759587,0.763921378759587,full_event_available,0,1,,"40,42","0.87558,0.44373",paper_formula,Full Bernoulli event probability uses selected probabilities and non-selected complement probabilities.
14,8,3,continue,bernoulli_full_event,38,6,32,0.00220793937012431,0.813693718420238,0.00179658639612289,full_event_available,0,1,,"1,15,16,17,20,27","0.39787,0.0052227,0.17362,0.77707,0.40161,0.24625",paper_formula,Full Bernoulli event probability uses selected probabilities and non-selected complement probabilities.
14,8,4,load_loss_threshold,bernoulli_full_event,0,0,0,NaN,NaN,1,terminal_stage_probability_one,1,0,,"","",,Terminal recording stage excluded from Bernoulli complement product.
14,9,1,continue,bernoulli_full_event,45,2,43,0.00648199255,0.75890233434786,0.00491919927742043,full_event_available,0,1,,"3,37","0.6789,0.00040283",paper_formula,Full Bernoulli event probability uses selected probabilities and non-selected complement probabilities.
14,9,2,continue,bernoulli_full_event,43,8,35,1,0.798932357096906,0.798932357096906,full_event_available,0,1,,"4,16,17,20,27,31,40,42","0.63886,0.21678,0.85718,0.16277,0.14662,0.5965,0.043299,0.029649",paper_formula,Full Bernoulli event probability uses selected probabilities and non-selected complement probabilities.
14,9,3,load_loss_threshold,bernoulli_full_event,0,0,0,NaN,NaN,1,terminal_stage_probability_one,1,0,,"","",,Terminal recording stage excluded from Bernoulli complement product.
14,10,1,continue,bernoulli_full_event,45,1,44,1,0.753983135070439,0.753983135070439,full_event_available,0,1,,"3","0.22766",paper_formula,Full Bernoulli event probability uses selected probabilities and non-selected complement probabilities.
14,10,2,continue,bernoulli_full_event,44,2,42,1,0.763921378759587,0.763921378759587,full_event_available,0,1,,"40,42","0.42619,0.75824",paper_formula,Full Bernoulli event probability uses selected probabilities and non-selected complement probabilities.
14,10,3,continue,bernoulli_full_event,38,6,32,0.00238658872723288,0.814091842152813,0.00194290241341415,full_event_available,0,1,,"1,16,17,20,27,35","0.92659,0.87154,0.49058,0.15842,0.67504,0.0013239",paper_formula,Full Bernoulli event probability uses selected probabilities and non-selected complement probabilities.
14,10,4,load_loss_threshold,bernoulli_full_event,0,0,0,NaN,NaN,1,terminal_stage_probability_one,1,0,,"","",,Terminal recording stage excluded from Bernoulli complement product.
14,11,1,continue,bernoulli_full_event,45,1,44,1,0.753983135070439,0.753983135070439,full_event_available,0,1,,"3","0.64313",paper_formula,Full Bernoulli event probability uses selected probabilities and non-selected complement probabilities.
14,11,2,continue,bernoulli_full_event,44,2,42,1,0.763921378759587,0.763921378759587,full_event_available,0,1,,"40,42","0.11566,0.43684",paper_formula,Full Bernoulli event probability uses selected probabilities and non-selected complement probabilities.
14,11,3,continue,bernoulli_full_event,38,4,34,0.841797198805197,0.455695018930653,0.383602790445305,full_event_available,0,1,,"1,16,17,27","0.02237,0.75407,0.19611,0.44038",paper_formula,Full Bernoulli event probability uses selected probabilities and non-selected complement probabilities.
14,11,4,load_loss_threshold,bernoulli_full_event,27,0,27,NaN,NaN,1,terminal_stage_probability_one,1,0,,"","",,Terminal recording stage excluded from Bernoulli complement product.
14,12,1,continue,bernoulli_full_event,45,2,43,0.0064324913,0.758864524522307,0.00488138945186838,full_event_available,0,1,,"3,45","0.53027,0.0024463",paper_formula,Full Bernoulli event probability uses selected probabilities and non-selected complement probabilities.
14,12,2,continue,bernoulli_full_event,43,2,41,1,0.768867109753935,0.768867109753935,full_event_available,0,1,,"40,42","0.85869,0.63735",paper_formula,Full Bernoulli event probability uses selected probabilities and non-selected complement probabilities.
14,12,3,continue,bernoulli_full_event,38,5,33,0.367513929262239,0.808805233241651,0.297247189276501,full_event_available,0,1,,"1,16,17,20,27","0.13425,0.64973,0.8445,0.029006,0.14146",paper_formula,Full Bernoulli event probability uses selected probabilities and non-selected complement probabilities.
14,12,4,load_loss_threshold,bernoulli_full_event,0,0,0,NaN,NaN,1,terminal_stage_probability_one,1,0,,"","",,Terminal recording stage excluded from Bernoulli complement product.
14,13,1,continue,bernoulli_full_event,45,1,44,1,0.753983135070439,0.753983135070439,full_event_available,0,1,,"3","0.34594",paper_formula,Full Bernoulli event probability uses selected probabilities and non-selected complement probabilities.
14,13,2,continue,bernoulli_full_event,44,2,42,1,0.763921378759587,0.763921378759587,full_event_available,0,1,,"40,42","0.48871,0.011813",paper_formula,Full Bernoulli event probability uses selected probabilities and non-selected complement probabilities.
14,13,3,continue,bernoulli_full_event,38,4,34,0.841797198805197,0.455695018930653,0.383602790445305,full_event_available,0,1,,"1,16,17,27","0.56282,0.35841,0.52784,0.26945",paper_formula,Full Bernoulli event probability uses selected probabilities and non-selected complement probabilities.
14,13,4,load_loss_threshold,bernoulli_full_event,27,0,27,NaN,NaN,1,terminal_stage_probability_one,1,0,,"","",,Terminal recording stage excluded from Bernoulli complement product.
14,14,1,continue,bernoulli_full_event,45,1,44,1,0.753983135070439,0.753983135070439,full_event_available,0,1,,"3","0.92379",paper_formula,Full Bernoulli event probability uses selected probabilities and non-selected complement probabilities.
14,14,2,continue,bernoulli_full_event,44,2,42,1,0.763921378759587,0.763921378759587,full_event_available,0,1,,"40,42","0.49971,0.64924",paper_formula,Full Bernoulli event probability uses selected probabilities and non-selected complement probabilities.
14,14,3,continue,bernoulli_full_event,38,4,34,0.436582504413022,0.127955253519845,0.055863025034497,full_event_available,0,1,,"1,16,17,20","0.51808,0.87085,0.37034,0.36809",paper_formula,Full Bernoulli event probability uses selected probabilities and non-selected complement probabilities.
14,14,4,load_loss_threshold,bernoulli_full_event,0,0,0,NaN,NaN,1,terminal_stage_probability_one,1,0,,"","",,Terminal recording stage excluded from Bernoulli complement product.
14,15,1,continue,bernoulli_full_event,45,1,44,1,0.753983135070439,0.753983135070439,full_event_available,0,1,,"3","0.40085",paper_formula,Full Bernoulli event probability uses selected probabilities and non-selected complement probabilities.
14,15,2,continue,bernoulli_full_event,44,3,41,0.00641467085,0.768853319737633,0.00493194097804673,full_event_available,0,1,,"23,40,42","0.005841,0.21576,0.12581",paper_formula,Full Bernoulli event probability uses selected probabilities and non-selected complement probabilities.
14,15,3,continue,bernoulli_full_event,37,8,29,0.843536506185079,0.829446425166059,0.699668339552282,full_event_available,0,1,,"1,8,13,16,17,18,20,27","0.82311,0.89209,0.25011,0.61544,0.38593,0.48135,0.62297,0.052708",paper_formula,Full Bernoulli event probability uses selected probabilities and non-selected complement probabilities.
14,15,4,load_loss_threshold,bernoulli_full_event,0,0,0,NaN,NaN,1,terminal_stage_probability_one,1,0,,"","",,Terminal recording stage excluded from Bernoulli complement product.
14,16,1,continue,bernoulli_full_event,45,2,43,0.00656119455,0.758962837906162,0.00497970283572244,full_event_available,0,1,,"3,36","0.81756,0.0041093",paper_formula,Full Bernoulli event probability uses selected probabilities and non-selected complement probabilities.
14,16,2,continue,bernoulli_full_event,43,2,41,1,0.768966719005457,0.768966719005457,full_event_available,0,1,,"40,42","0.36572,0.54219",paper_formula,Full Bernoulli event probability uses selected probabilities and non-selected complement probabilities.
14,16,3,continue,bernoulli_full_event,37,5,32,0.405477147324623,0.814147010167662,0.330118007185654,full_event_available,0,1,,"1,16,17,20,27","0.047865,0.60018,0.9492,0.44874,0.29754",paper_formula,Full Bernoulli event probability uses selected probabilities and non-selected complement probabilities.
14,16,4,load_loss_threshold,bernoulli_full_event,0,0,0,NaN,NaN,1,terminal_stage_probability_one,1,0,,"","",,Terminal recording stage excluded from Bernoulli complement product.
14,17,1,continue,bernoulli_full_event,45,1,44,1,0.753983135070439,0.753983135070439,full_event_available,0,1,,"3","0.65764",paper_formula,Full Bernoulli event probability uses selected probabilities and non-selected complement probabilities.
14,17,2,continue,bernoulli_full_event,44,2,42,1,0.763921378759587,0.763921378759587,full_event_available,0,1,,"40,42","0.85633,0.12622",paper_formula,Full Bernoulli event probability uses selected probabilities and non-selected complement probabilities.
14,17,3,continue,bernoulli_full_event,38,5,33,0.367513929262239,0.808805233241651,0.297247189276501,full_event_available,0,1,,"1,16,17,20,27","0.72316,0.57357,0.21448,0.020255,0.8143",paper_formula,Full Bernoulli event probability uses selected probabilities and non-selected complement probabilities.
14,17,4,load_loss_threshold,bernoulli_full_event,0,0,0,NaN,NaN,1,terminal_stage_probability_one,1,0,,"","",,Terminal recording stage excluded from Bernoulli complement product.
14,18,1,continue,bernoulli_full_event,45,1,44,1,0.753983135070439,0.753983135070439,full_event_available,0,1,,"3","0.22632",paper_formula,Full Bernoulli event probability uses selected probabilities and non-selected complement probabilities.
14,18,2,continue,bernoulli_full_event,44,2,42,1,0.763921378759587,0.763921378759587,full_event_available,0,1,,"40,42","0.068603,0.86236",paper_formula,Full Bernoulli event probability uses selected probabilities and non-selected complement probabilities.
14,18,3,continue,bernoulli_full_event,38,4,34,0.841797198805197,0.455695018930653,0.383602790445305,full_event_available,0,1,,"1,16,17,27","0.78064,0.035555,0.82099,0.61885",paper_formula,Full Bernoulli event probability uses selected probabilities and non-selected complement probabilities.
14,18,4,load_loss_threshold,bernoulli_full_event,27,0,27,NaN,NaN,1,terminal_stage_probability_one,1,0,,"","",,Terminal recording stage excluded from Bernoulli complement product.
14,19,1,continue,bernoulli_full_event,45,2,43,0.006007770575,0.758540270990448,0.00455713592000894,full_event_available,0,1,,"3,15","0.5272,0.0010525",paper_formula,Full Bernoulli event probability uses selected probabilities and non-selected complement probabilities.
14,19,2,continue,bernoulli_full_event,43,2,41,1,0.768538582239719,0.768538582239719,full_event_available,0,1,,"40,42","0.98581,0.95933",paper_formula,Full Bernoulli event probability uses selected probabilities and non-selected complement probabilities.
14,19,3,continue,bernoulli_full_event,37,4,33,0.894676535833332,0.357416871708206,0.319772488628284,full_event_available,0,1,,"1,16,17,27","0.98008,0.56816,0.91531,0.36455",paper_formula,Full Bernoulli event probability uses selected probabilities and non-selected complement probabilities.
14,19,4,load_loss_threshold,bernoulli_full_event,26,0,26,NaN,NaN,1,terminal_stage_probability_one,1,0,,"","",,Terminal recording stage excluded from Bernoulli complement product.
14,20,1,continue,bernoulli_full_event,45,2,43,0.00639487035,0.758835791574498,0.00485265650405853,full_event_available,0,1,,"3,22","0.22272,0.0017811",paper_formula,Full Bernoulli event probability uses selected probabilities and non-selected complement probabilities.
14,20,2,continue,bernoulli_full_event,43,2,41,1,0.768837998077446,0.768837998077446,full_event_available,0,1,,"40,42","0.2239,0.64776",paper_formula,Full Bernoulli event probability uses selected probabilities and non-selected complement probabilities.
14,20,3,continue,bernoulli_full_event,37,6,31,0.00247720843729714,0.819275028070903,0.0020295150120041,full_event_available,0,1,,"1,16,17,20,27,39","0.00067036,0.87096,0.88604,0.1508,0.58627,0.0016599",paper_formula,Full Bernoulli event probability uses selected probabilities and non-selected complement probabilities.
14,20,4,load_loss_threshold,bernoulli_full_event,0,0,0,NaN,NaN,1,terminal_stage_probability_one,1,0,,"","",,Terminal recording stage excluded from Bernoulli complement product.
14,21,1,continue,bernoulli_full_event,45,1,44,1,0.753983135070439,0.753983135070439,full_event_available,0,1,,"3","0.28218",paper_formula,Full Bernoulli event probability uses selected probabilities and non-selected complement probabilities.
14,21,2,continue,bernoulli_full_event,44,2,42,1,0.763921378759587,0.763921378759587,full_event_available,0,1,,"40,42","0.73476,0.28706",paper_formula,Full Bernoulli event probability uses selected probabilities and non-selected complement probabilities.
14,21,3,continue,bernoulli_full_event,38,5,33,0.367513929262239,0.808805233241651,0.297247189276501,full_event_available,0,1,,"1,16,17,20,27","0.44864,0.83118,0.4801,0.31156,0.6036",paper_formula,Full Bernoulli event probability uses selected probabilities and non-selected complement probabilities.
14,21,4,load_loss_threshold,bernoulli_full_event,0,0,0,NaN,NaN,1,terminal_stage_probability_one,1,0,,"","",,Terminal recording stage excluded from Bernoulli complement product.
14,22,1,continue,bernoulli_full_event,45,1,44,1,0.753983135070439,0.753983135070439,full_event_available,0,1,,"3","0.29177",paper_formula,Full Bernoulli event probability uses selected probabilities and non-selected complement probabilities.
14,22,2,continue,bernoulli_full_event,44,2,42,1,0.763921378759587,0.763921378759587,full_event_available,0,1,,"40,42","0.20109,0.4981",paper_formula,Full Bernoulli event probability uses selected probabilities and non-selected complement probabilities.
14,22,3,continue,bernoulli_full_event,38,5,33,0.00543235456338549,0.458654847924714,0.0024915757561427,full_event_available,0,1,,"1,16,17,27,28","0.02224,0.71475,0.077516,0.49591,0.0062091",paper_formula,Full Bernoulli event probability uses selected probabilities and non-selected complement probabilities.
14,22,4,load_loss_threshold,bernoulli_full_event,26,0,26,NaN,NaN,1,terminal_stage_probability_one,1,0,,"","",,Terminal recording stage excluded from Bernoulli complement product.
14,23,1,continue,bernoulli_full_event,45,1,44,1,0.753983135070439,0.753983135070439,full_event_available,0,1,,"3","0.55836",paper_formula,Full Bernoulli event probability uses selected probabilities and non-selected complement probabilities.
14,23,2,continue,bernoulli_full_event,44,2,42,1,0.763921378759587,0.763921378759587,full_event_available,0,1,,"40,42","0.012332,0.42188",paper_formula,Full Bernoulli event probability uses selected probabilities and non-selected complement probabilities.
14,23,3,continue,bernoulli_full_event,38,4,34,0.841797198805197,0.455695018930653,0.383602790445305,full_event_available,0,1,,"1,16,17,27","0.6365,0.80081,0.19213,0.30419",paper_formula,Full Bernoulli event probability uses selected probabilities and non-selected complement probabilities.
14,23,4,load_loss_threshold,bernoulli_full_event,27,0,27,NaN,NaN,1,terminal_stage_probability_one,1,0,,"","",,Terminal recording stage excluded from Bernoulli complement product.
14,24,1,continue,bernoulli_full_event,45,1,44,1,0.753983135070439,0.753983135070439,full_event_available,0,1,,"3","0.18055",paper_formula,Full Bernoulli event probability uses selected probabilities and non-selected complement probabilities.
14,24,2,continue,bernoulli_full_event,44,2,42,1,0.763921378759587,0.763921378759587,full_event_available,0,1,,"40,42","0.56411,0.21316",paper_formula,Full Bernoulli event probability uses selected probabilities and non-selected complement probabilities.
14,24,3,continue,bernoulli_full_event,38,5,33,0.367513929262239,0.808805233241651,0.297247189276501,full_event_available,0,1,,"1,16,17,20,27","0.19603,0.9172,0.17011,0.3658,0.45068",paper_formula,Full Bernoulli event probability uses selected probabilities and non-selected complement probabilities.
14,24,4,load_loss_threshold,bernoulli_full_event,0,0,0,NaN,NaN,1,terminal_stage_probability_one,1,0,,"","",,Terminal recording stage excluded from Bernoulli complement product.
14,25,1,continue,bernoulli_full_event,45,1,44,1,0.753983135070439,0.753983135070439,full_event_available,0,1,,"3","0.3404",paper_formula,Full Bernoulli event probability uses selected probabilities and non-selected complement probabilities.
14,25,2,continue,bernoulli_full_event,44,2,42,1,0.763921378759587,0.763921378759587,full_event_available,0,1,,"40,42","0.17366,0.55086",paper_formula,Full Bernoulli event probability uses selected probabilities and non-selected complement probabilities.
14,25,3,continue,bernoulli_full_event,38,5,33,0.00540901935577657,0.458642051466849,0.00248080373375726,full_event_available,0,1,,"1,16,17,27,39","0.16249,0.53555,0.061352,0.71967,0.0049026",paper_formula,Full Bernoulli event probability uses selected probabilities and non-selected complement probabilities.
14,25,4,load_loss_threshold,bernoulli_full_event,26,0,26,NaN,NaN,1,terminal_stage_probability_one,1,0,,"","",,Terminal recording stage excluded from Bernoulli complement product.
14,26,1,continue,bernoulli_full_event,45,1,44,1,0.753983135070439,0.753983135070439,full_event_available,0,1,,"3","0.82111",paper_formula,Full Bernoulli event probability uses selected probabilities and non-selected complement probabilities.
14,26,2,continue,bernoulli_full_event,44,2,42,1,0.763921378759587,0.763921378759587,full_event_available,0,1,,"40,42","0.55993,0.46594",paper_formula,Full Bernoulli event probability uses selected probabilities and non-selected complement probabilities.
14,26,3,continue,bernoulli_full_event,38,5,33,0.367513929262239,0.808805233241651,0.297247189276501,full_event_available,0,1,,"1,16,17,20,27","0.22839,0.72236,0.11323,0.03379,0.57291",paper_formula,Full Bernoulli event probability uses selected probabilities and non-selected complement probabilities.
14,26,4,load_loss_threshold,bernoulli_full_event,0,0,0,NaN,NaN,1,terminal_stage_probability_one,1,0,,"","",,Terminal recording stage excluded from Bernoulli complement product.
14,27,1,continue,bernoulli_full_event,45,1,44,1,0.753983135070439,0.753983135070439,full_event_available,0,1,,"3","0.83648",paper_formula,Full Bernoulli event probability uses selected probabilities and non-selected complement probabilities.
14,27,2,continue,bernoulli_full_event,44,2,42,1,0.763921378759587,0.763921378759587,full_event_available,0,1,,"40,42","0.75981,0.30411",paper_formula,Full Bernoulli event probability uses selected probabilities and non-selected complement probabilities.
14,27,3,continue,bernoulli_full_event,38,4,34,0.841797198805197,0.455695018930653,0.383602790445305,full_event_available,0,1,,"1,16,17,27","0.38729,0.59812,0.3501,0.21291",paper_formula,Full Bernoulli event probability uses selected probabilities and non-selected complement probabilities.
14,27,4,load_loss_threshold,bernoulli_full_event,27,0,27,NaN,NaN,1,terminal_stage_probability_one,1,0,,"","",,Terminal recording stage excluded from Bernoulli complement product.
14,28,1,continue,bernoulli_full_event,45,1,44,1,0.753983135070439,0.753983135070439,full_event_available,0,1,,"3","0.076898",paper_formula,Full Bernoulli event probability uses selected probabilities and non-selected complement probabilities.
14,28,2,continue,bernoulli_full_event,44,2,42,1,0.763921378759587,0.763921378759587,full_event_available,0,1,,"40,42","0.77905,0.25447",paper_formula,Full Bernoulli event probability uses selected probabilities and non-selected complement probabilities.
14,28,3,continue,bernoulli_full_event,38,4,34,0.841797198805197,0.455695018930653,0.383602790445305,full_event_available,0,1,,"1,16,17,27","0.61968,0.65997,0.48467,0.31696",paper_formula,Full Bernoulli event probability uses selected probabilities and non-selected complement probabilities.
14,28,4,load_loss_threshold,bernoulli_full_event,27,0,27,NaN,NaN,1,terminal_stage_probability_one,1,0,,"","",,Terminal recording stage excluded from Bernoulli complement product.
14,29,1,continue,bernoulli_full_event,45,1,44,1,0.753983135070439,0.753983135070439,full_event_available,0,1,,"3","0.70492",paper_formula,Full Bernoulli event probability uses selected probabilities and non-selected complement probabilities.
14,29,2,continue,bernoulli_full_event,44,2,42,1,0.763921378759587,0.763921378759587,full_event_available,0,1,,"40,42","0.75596,0.27433",paper_formula,Full Bernoulli event probability uses selected probabilities and non-selected complement probabilities.
14,29,3,continue,bernoulli_full_event,38,5,33,0.367513929262239,0.808805233241651,0.297247189276501,full_event_available,0,1,,"1,16,17,20,27","0.53481,0.48165,0.015761,0.0076348,0.64932",paper_formula,Full Bernoulli event probability uses selected probabilities and non-selected complement probabilities.
14,29,4,load_loss_threshold,bernoulli_full_event,0,0,0,NaN,NaN,1,terminal_stage_probability_one,1,0,,"","",,Terminal recording stage excluded from Bernoulli complement product.
14,30,1,continue,bernoulli_full_event,45,1,44,1,0.753983135070439,0.753983135070439,full_event_available,0,1,,"3","0.5661",paper_formula,Full Bernoulli event probability uses selected probabilities and non-selected complement probabilities.
14,30,2,continue,bernoulli_full_event,44,2,42,1,0.763921378759587,0.763921378759587,full_event_available,0,1,,"40,42","0.59045,0.16213",paper_formula,Full Bernoulli event probability uses selected probabilities and non-selected complement probabilities.
14,30,3,continue,bernoulli_full_event,38,5,33,0.00552319519300593,0.45870466950829,0.00253351542563756,full_event_available,0,1,,"1,16,17,27,36","0.45643,0.38881,0.032584,0.21605,0.0015158",paper_formula,Full Bernoulli event probability uses selected probabilities and non-selected complement probabilities.
14,30,4,load_loss_threshold,bernoulli_full_event,26,0,26,NaN,NaN,1,terminal_stage_probability_one,1,0,,"","",,Terminal recording stage excluded from Bernoulli complement product.
15,1,1,no_new_outage,bernoulli_full_event,45,0,45,1,0.74892422914432,0.74892422914432,full_event_available,1,1,,"","",paper_formula,Full Bernoulli event probability uses selected probabilities and non-selected complement probabilities.
15,2,1,continue,bernoulli_full_event,45,1,44,0.006457241925,0.753791644151651,0.00486741500733072,full_event_available,0,1,,"5","0.0038806",paper_formula,Full Bernoulli event probability uses selected probabilities and non-selected complement probabilities.
15,2,2,continue,bernoulli_full_event,44,1,43,1,0.758770082280211,0.758770082280211,full_event_available,0,1,,"10","0.63055",paper_formula,Full Bernoulli event probability uses selected probabilities and non-selected complement probabilities.
15,2,3,continue,bernoulli_full_event,43,13,30,0.00514584736966775,0.824674499128002,0.0042436491021699,full_event_available,0,1,,"8,9,13,14,17,18,19,20,23,24,25,26,27","0.071019,0.28114,0.27569,0.87655,0.0054466,0.48908,0.034527,0.84339,0.49931,0.74815,0.23412,0.64266,0.33168",paper_formula,Full Bernoulli event probability uses selected probabilities and non-selected complement probabilities.
15,2,4,load_loss_threshold,bernoulli_full_event,15,0,15,NaN,NaN,1,terminal_stage_probability_one,1,0,,"","",,Terminal recording stage excluded from Bernoulli complement product.
15,3,1,no_new_outage,bernoulli_full_event,45,0,45,1,0.74892422914432,0.74892422914432,full_event_available,1,1,,"","",paper_formula,Full Bernoulli event probability uses selected probabilities and non-selected complement probabilities.
15,4,1,no_new_outage,bernoulli_full_event,45,0,45,1,0.74892422914432,0.74892422914432,full_event_available,1,1,,"","",paper_formula,Full Bernoulli event probability uses selected probabilities and non-selected complement probabilities.
15,5,1,no_new_outage,bernoulli_full_event,45,0,45,1,0.74892422914432,0.74892422914432,full_event_available,1,1,,"","",paper_formula,Full Bernoulli event probability uses selected probabilities and non-selected complement probabilities.
15,6,1,continue,bernoulli_full_event,45,1,44,0.006453281825,0.753788639672611,0.00486441052829074,full_event_available,0,1,,"28","0.0020489",paper_formula,Full Bernoulli event probability uses selected probabilities and non-selected complement probabilities.
15,6,2,continue,bernoulli_full_event,44,2,42,0.0064324913,0.76352343473947,0.00491135785130776,full_event_available,0,1,,"38,45","0.16707,0.0027215",paper_formula,Full Bernoulli event probability uses selected probabilities and non-selected complement probabilities.
15,6,3,continue,bernoulli_full_event,38,5,33,0.814442632435754,0.809251757603723,0.659089131766037,full_event_available,0,1,,"8,10,14,19,23","0.46185,0.6547,0.18904,0.76298,0.19757",paper_formula,Full Bernoulli event probability uses selected probabilities and non-selected complement probabilities.
15,6,4,continue,bernoulli_full_event,27,5,22,1,0.868237628852257,0.868237628852257,full_event_available,0,1,,"1,2,3,6,27","0.28225,0.23024,0.010772,0.36495,0.3387",paper_formula,Full Bernoulli event probability uses selected probabilities and non-selected complement probabilities.
15,6,5,max_depth_reached,bernoulli_full_event,0,0,0,NaN,NaN,1,terminal_stage_probability_one,1,0,,"","",,Terminal recording stage excluded from Bernoulli complement product.
15,7,1,no_new_outage,bernoulli_full_event,45,0,45,1,0.74892422914432,0.74892422914432,full_event_available,1,1,,"","",paper_formula,Full Bernoulli event probability uses selected probabilities and non-selected complement probabilities.
15,8,1,continue,bernoulli_full_event,45,1,44,0.0065948554,0.753896064677498,0.00497183553317714,full_event_available,0,1,,"9","0.0054807",paper_formula,Full Bernoulli event probability uses selected probabilities and non-selected complement probabilities.
15,8,2,continue,bernoulli_full_event,44,1,43,0.305970054961756,0.758875192454359,0.232193084344373,full_event_available,0,1,,"10","0.13719",paper_formula,Full Bernoulli event probability uses selected probabilities and non-selected complement probabilities.
15,8,3,continue,bernoulli_full_event,43,13,30,0.00402350590664853,0.82515360980144,0.00332001042292845,full_event_available,0,1,,"3,4,5,6,7,13,19,23,24,25,26,27,30","0.37092,0.08107,0.0022806,0.87448,0.20768,0.4941,0.7943,0.59363,0.83838,0.78198,0.73151,0.8395,0.015787",paper_formula,Full Bernoulli event probability uses selected probabilities and non-selected complement probabilities.
15,8,4,load_loss_threshold,bernoulli_full_event,0,0,0,NaN,NaN,1,terminal_stage_probability_one,1,0,,"","",,Terminal recording stage excluded from Bernoulli complement product.
15,9,1,continue,bernoulli_full_event,45,1,44,0.00641467085,0.753759347257085,0.00483511811276505,full_event_available,0,1,,"7","0.0060574",paper_formula,Full Bernoulli event probability uses selected probabilities and non-selected complement probabilities.
15,9,2,no_new_outage,bernoulli_full_event,44,0,44,1,0.753759347257085,0.753759347257085,full_event_available,1,1,,"","",paper_formula,Full Bernoulli event probability uses selected probabilities and non-selected complement probabilities.
15,10,1,no_new_outage,bernoulli_full_event,45,0,45,1,0.74892422914432,0.74892422914432,full_event_available,1,1,,"","",paper_formula,Full Bernoulli event probability uses selected probabilities and non-selected complement probabilities.
15,11,1,no_new_outage,bernoulli_full_event,45,0,45,1,0.74892422914432,0.74892422914432,full_event_available,1,1,,"","",paper_formula,Full Bernoulli event probability uses selected probabilities and non-selected complement probabilities.
15,12,1,no_new_outage,bernoulli_full_event,45,0,45,1,0.74892422914432,0.74892422914432,full_event_available,1,1,,"","",paper_formula,Full Bernoulli event probability uses selected probabilities and non-selected complement probabilities.
15,13,1,no_new_outage,bernoulli_full_event,45,0,45,1,0.74892422914432,0.74892422914432,full_event_available,1,1,,"","",paper_formula,Full Bernoulli event probability uses selected probabilities and non-selected complement probabilities.
15,14,1,continue,bernoulli_full_event,45,1,44,0.0065275337,0.753844977640444,0.00492074849612374,full_event_available,0,1,,"6","0.0046562",paper_formula,Full Bernoulli event probability uses selected probabilities and non-selected complement probabilities.
15,14,2,continue,bernoulli_full_event,44,1,43,0.00647011225,0.758754202500783,0.0049092248603393,full_event_available,0,1,,"40","0.0051643",paper_formula,Full Bernoulli event probability uses selected probabilities and non-selected complement probabilities.
15,14,3,no_new_outage,bernoulli_full_event,43,0,43,1,0.758754202500783,0.758754202500783,full_event_available,1,1,,"","",paper_formula,Full Bernoulli event probability uses selected probabilities and non-selected complement probabilities.
15,15,1,continue,bernoulli_full_event,45,1,44,0.005995890275,0.753441783406224,0.00451755426190404,full_event_available,0,1,,"27","0.0016578",paper_formula,Full Bernoulli event probability uses selected probabilities and non-selected complement probabilities.
15,15,2,continue,bernoulli_full_event,41,2,39,0.255556365941166,0.662857225038993,0.16939738356881,full_event_available,0,1,,"10,23","0.59108,0.09468",paper_formula,Full Bernoulli event probability uses selected probabilities and non-selected complement probabilities.
15,15,3,continue,bernoulli_full_event,31,3,28,0.200400704526725,0.270423797003704,0.0541931194403344,full_event_available,0,1,,"3,16,17","0.048061,0.23083,0.43261",paper_formula,Full Bernoulli event probability uses selected probabilities and non-selected complement probabilities.
15,15,4,load_loss_threshold,bernoulli_full_event,0,0,0,NaN,NaN,1,terminal_stage_probability_one,1,0,,"","",,Terminal recording stage excluded from Bernoulli complement product.
15,16,1,no_new_outage,bernoulli_full_event,45,0,45,1,0.74892422914432,0.74892422914432,full_event_available,1,1,,"","",paper_formula,Full Bernoulli event probability uses selected probabilities and non-selected complement probabilities.
15,17,1,continue,bernoulli_full_event,45,1,44,0.00656119455,0.753870520293475,0.00494629114915522,full_event_available,0,1,,"10","0.0029595",paper_formula,Full Bernoulli event probability uses selected probabilities and non-selected complement probabilities.
15,17,2,continue,bernoulli_full_event,44,6,38,0.534930411427101,0.783462481409358,0.419097907518005,full_event_available,0,1,,"8,9,13,18,19,23","0.39926,0.91605,0.38463,0.3418,0.57029,0.83526",paper_formula,Full Bernoulli event probability uses selected probabilities and non-selected complement probabilities.
15,17,3,continue,bernoulli_full_event,33,2,31,1,0.819498705428463,0.819498705428463,full_event_available,0,1,,"3,6","0.67542,0.28825",paper_formula,Full Bernoulli event probability uses selected probabilities and non-selected complement probabilities.
15,17,4,continue,bernoulli_full_event,31,2,29,0.982726032205008,0.830300509154124,0.81595792489883,full_event_available,0,1,,"40,42","0.36331,0.90691",paper_formula,Full Bernoulli event probability uses selected probabilities and non-selected complement probabilities.
15,17,5,max_depth_reached,bernoulli_full_event,17,0,17,NaN,NaN,1,terminal_stage_probability_one,1,0,,"","",,Terminal recording stage excluded from Bernoulli complement product.
15,18,1,no_new_outage,bernoulli_full_event,45,0,45,1,0.74892422914432,0.74892422914432,full_event_available,1,1,,"","",paper_formula,Full Bernoulli event probability uses selected probabilities and non-selected complement probabilities.
15,19,1,no_new_outage,bernoulli_full_event,45,0,45,1,0.74892422914432,0.74892422914432,full_event_available,1,1,,"","",paper_formula,Full Bernoulli event probability uses selected probabilities and non-selected complement probabilities.
15,20,1,continue,bernoulli_full_event,45,1,44,0.006009750625,0.753452289512123,0.00452806036780316,full_event_available,0,1,,"44","0.0021976",paper_formula,Full Bernoulli event probability uses selected probabilities and non-selected complement probabilities.
15,20,2,no_new_outage,bernoulli_full_event,44,0,44,1,0.753452289512123,0.753452289512123,full_event_available,1,1,,"","",paper_formula,Full Bernoulli event probability uses selected probabilities and non-selected complement probabilities.
15,21,1,no_new_outage,bernoulli_full_event,45,0,45,1,0.74892422914432,0.74892422914432,full_event_available,1,1,,"","",paper_formula,Full Bernoulli event probability uses selected probabilities and non-selected complement probabilities.
15,22,1,continue,bernoulli_full_event,45,2,43,4.17331384018057e-05,0.758695230475787,3.16627330582359e-05,full_event_available,0,1,,"4,32","0.00017056,0.0035145",paper_formula,Full Bernoulli event probability uses selected probabilities and non-selected complement probabilities.
15,22,2,continue,bernoulli_full_event,42,1,41,1,0.767886530539638,0.767886530539638,full_event_available,0,1,,"27","0.76845",paper_formula,Full Bernoulli event probability uses selected probabilities and non-selected complement probabilities.
15,22,3,continue,bernoulli_full_event,40,2,38,0.0546998454211215,0.782651883938367,0.0428109370699783,full_event_available,0,1,,"10,23","0.60758,0.053813",paper_formula,Full Bernoulli event probability uses selected probabilities and non-selected complement probabilities.
15,22,4,continue,bernoulli_full_event,30,4,26,0.20319516872459,0.845284332826167,0.171757692628865,full_event_available,0,1,,"1,3,16,17","0.36576,0.30302,0.32306,0.67111",paper_formula,Full Bernoulli event probability uses selected probabilities and non-selected complement probabilities.
15,22,5,max_depth_reached,bernoulli_full_event,0,0,0,NaN,NaN,1,terminal_stage_probability_one,1,0,,"","",,Terminal recording stage excluded from Bernoulli complement product.
15,23,1,no_new_outage,bernoulli_full_event,45,0,45,1,0.74892422914432,0.74892422914432,full_event_available,1,1,,"","",paper_formula,Full Bernoulli event probability uses selected probabilities and non-selected complement probabilities.
15,24,1,no_new_outage,bernoulli_full_event,45,0,45,1,0.74892422914432,0.74892422914432,full_event_available,1,1,,"","",paper_formula,Full Bernoulli event probability uses selected probabilities and non-selected complement probabilities.
15,25,1,no_new_outage,bernoulli_full_event,45,0,45,1,0.74892422914432,0.74892422914432,full_event_available,1,1,,"","",paper_formula,Full Bernoulli event probability uses selected probabilities and non-selected complement probabilities.
15,26,1,no_new_outage,bernoulli_full_event,45,0,45,1,0.74892422914432,0.74892422914432,full_event_available,1,1,,"","",paper_formula,Full Bernoulli event probability uses selected probabilities and non-selected complement probabilities.
15,27,1,continue,bernoulli_full_event,45,1,44,0.006437441425,0.753776621995953,0.00485239285163332,full_event_available,0,1,,"41","0.0026464",paper_formula,Full Bernoulli event probability uses selected probabilities and non-selected complement probabilities.
15,27,2,continue,bernoulli_full_event,44,2,42,0.2321986198429,0.636981949235969,0.147906329477432,full_event_available,0,1,,"10,14","0.21392,0.17048",paper_formula,Full Bernoulli event probability uses selected probabilities and non-selected complement probabilities.
15,27,3,continue,bernoulli_full_event,42,1,41,1,0.768497227445566,0.768497227445566,full_event_available,0,1,,"3","0.61367",paper_formula,Full Bernoulli event probability uses selected probabilities and non-selected complement probabilities.
15,27,4,continue,bernoulli_full_event,41,3,38,0.00198948925809927,0.388322565148761,0.000772563572041016,full_event_available,0,1,,"4,16,43","0.030276,0.29697,0.0036715",paper_formula,Full Bernoulli event probability uses selected probabilities and non-selected complement probabilities.
15,27,5,max_depth_reached,bernoulli_full_event,34,0,34,NaN,NaN,1,terminal_stage_probability_one,1,0,,"","",,Terminal recording stage excluded from Bernoulli complement product.
15,28,1,no_new_outage,bernoulli_full_event,45,0,45,1,0.74892422914432,0.74892422914432,full_event_available,1,1,,"","",paper_formula,Full Bernoulli event probability uses selected probabilities and non-selected complement probabilities.
15,29,1,no_new_outage,bernoulli_full_event,45,0,45,1,0.74892422914432,0.74892422914432,full_event_available,1,1,,"","",paper_formula,Full Bernoulli event probability uses selected probabilities and non-selected complement probabilities.
15,30,1,continue,bernoulli_full_event,45,1,44,0.00656119455,0.753870520293475,0.00494629114915521,full_event_available,0,1,,"2","0.0058968",paper_formula,Full Bernoulli event probability uses selected probabilities and non-selected complement probabilities.
15,30,2,continue,bernoulli_full_event,44,2,42,0.469383260609692,0.763693123269096,0.358464768305248,full_event_available,0,1,,"3,11","0.44591,0.20952",paper_formula,Full Bernoulli event probability uses selected probabilities and non-selected complement probabilities.
15,30,3,continue,bernoulli_full_event,40,3,37,0.00641467085,0.788717021270783,0.00505936008524452,full_event_available,0,1,,"23,40,42","0.0024824,0.96855,0.66162",paper_formula,Full Bernoulli event probability uses selected probabilities and non-selected complement probabilities.
15,30,4,load_loss_threshold,bernoulli_full_event,29,0,29,NaN,NaN,1,terminal_stage_probability_one,1,0,,"","",,Terminal recording stage excluded from Bernoulli complement product.
16,1,1,no_new_outage,bernoulli_full_event,45,0,45,1,0.74892422914432,0.74892422914432,full_event_available,1,1,,"","",paper_formula,Full Bernoulli event probability uses selected probabilities and non-selected complement probabilities.
16,2,1,no_new_outage,bernoulli_full_event,45,0,45,1,0.74892422914432,0.74892422914432,full_event_available,1,1,,"","",paper_formula,Full Bernoulli event probability uses selected probabilities and non-selected complement probabilities.
16,3,1,no_new_outage,bernoulli_full_event,45,0,45,1,0.74892422914432,0.74892422914432,full_event_available,1,1,,"","",paper_formula,Full Bernoulli event probability uses selected probabilities and non-selected complement probabilities.
16,4,1,continue,bernoulli_full_event,45,1,44,0.006425561125,0.75376760898993,0.0048433798456099,full_event_available,0,1,,"39","0.00092156",paper_formula,Full Bernoulli event probability uses selected probabilities and non-selected complement probabilities.
16,4,2,continue,bernoulli_full_event,44,4,40,0.46093393215124,0.773263827032667,0.356423536384484,full_event_available,0,1,,"8,14,19,23","0.60908,0.050455,0.99884,0.48048",paper_formula,Full Bernoulli event probability uses selected probabilities and non-selected complement probabilities.
16,4,3,continue,bernoulli_full_event,31,4,27,1,0.840617137659129,0.840617137659129,full_event_available,0,1,,"1,2,3,6","0.66806,0.085213,0.62625,0.27231",paper_formula,Full Bernoulli event probability uses selected probabilities and non-selected complement probabilities.
16,4,4,load_loss_threshold,bernoulli_full_event,26,0,26,NaN,NaN,1,terminal_stage_probability_one,1,0,,"","",,Terminal recording stage excluded from Bernoulli complement product.
16,5,1,no_new_outage,bernoulli_full_event,45,0,45,1,0.74892422914432,0.74892422914432,full_event_available,1,1,,"","",paper_formula,Full Bernoulli event probability uses selected probabilities and non-selected complement probabilities.
16,6,1,no_new_outage,bernoulli_full_event,45,0,45,1,0.74892422914432,0.74892422914432,full_event_available,1,1,,"","",paper_formula,Full Bernoulli event probability uses selected probabilities and non-selected complement probabilities.
16,7,1,no_new_outage,bernoulli_full_event,45,0,45,1,0.74892422914432,0.74892422914432,full_event_available,1,1,,"","",paper_formula,Full Bernoulli event probability uses selected probabilities and non-selected complement probabilities.
16,8,1,no_new_outage,bernoulli_full_event,45,0,45,1,0.74892422914432,0.74892422914432,full_event_available,1,1,,"","",paper_formula,Full Bernoulli event probability uses selected probabilities and non-selected complement probabilities.
16,9,1,no_new_outage,bernoulli_full_event,45,0,45,1,0.74892422914432,0.74892422914432,full_event_available,1,1,,"","",paper_formula,Full Bernoulli event probability uses selected probabilities and non-selected complement probabilities.
16,10,1,continue,bernoulli_full_event,45,1,44,0.005995890275,0.753441783406224,0.00451755426190404,full_event_available,0,1,,"27","0.004987",paper_formula,Full Bernoulli event probability uses selected probabilities and non-selected complement probabilities.
16,10,2,continue,bernoulli_full_event,41,2,39,0.998227742958849,0.057131560571085,0.0570303087605909,full_event_available,0,1,,"8,23","0.54459,0.7356",paper_formula,Full Bernoulli event probability uses selected probabilities and non-selected complement probabilities.
16,10,3,continue,bernoulli_full_event,28,4,24,0.864782887042744,0.856004611722965,0.740258139447689,full_event_available,0,1,,"1,2,3,6","0.5274,0.64064,0.036379,0.15053",paper_formula,Full Bernoulli event probability uses selected probabilities and non-selected complement probabilities.
16,10,4,load_loss_threshold,bernoulli_full_event,23,0,23,NaN,NaN,1,terminal_stage_probability_one,1,0,,"","",,Terminal recording stage excluded from Bernoulli complement product.
16,11,1,no_new_outage,bernoulli_full_event,45,0,45,1,0.74892422914432,0.74892422914432,full_event_available,1,1,,"","",paper_formula,Full Bernoulli event probability uses selected probabilities and non-selected complement probabilities.
16,12,1,no_new_outage,bernoulli_full_event,45,0,45,1,0.74892422914432,0.74892422914432,full_event_available,1,1,,"","",paper_formula,Full Bernoulli event probability uses selected probabilities and non-selected complement probabilities.
16,13,1,continue,bernoulli_full_event,45,1,44,0.006437441425,0.753776621995953,0.00485239285163332,full_event_available,0,1,,"41","0.0013112",paper_formula,Full Bernoulli event probability uses selected probabilities and non-selected complement probabilities.
16,13,2,continue,bernoulli_full_event,44,7,37,2.00660259397509e-05,0.788504049210869,1.58221427050639e-05,full_event_available,0,1,,"5,6,8,14,19,23,43","0.0059691,0.42683,0.66219,0.28496,0.55279,0.37385,0.0030597",paper_formula,Full Bernoulli event probability uses selected probabilities and non-selected complement probabilities.
16,13,3,continue,bernoulli_full_event,28,3,25,1,0.560983131679588,0.560983131679588,full_event_available,0,1,,"1,25,27","0.66394,0.37295,0.0063844",paper_formula,Full Bernoulli event probability uses selected probabilities and non-selected complement probabilities.
16,13,4,load_loss_threshold,bernoulli_full_event,18,0,18,NaN,NaN,1,terminal_stage_probability_one,1,0,,"","",,Terminal recording stage excluded from Bernoulli complement product.
16,14,1,no_new_outage,bernoulli_full_event,45,0,45,1,0.74892422914432,0.74892422914432,full_event_available,1,1,,"","",paper_formula,Full Bernoulli event probability uses selected probabilities and non-selected complement probabilities.
16,15,1,no_new_outage,bernoulli_full_event,45,0,45,1,0.74892422914432,0.74892422914432,full_event_available,1,1,,"","",paper_formula,Full Bernoulli event probability uses selected probabilities and non-selected complement probabilities.
16,16,1,no_new_outage,bernoulli_full_event,45,0,45,1,0.74892422914432,0.74892422914432,full_event_available,1,1,,"","",paper_formula,Full Bernoulli event probability uses selected probabilities and non-selected complement probabilities.
16,17,1,no_new_outage,bernoulli_full_event,45,0,45,1,0.74892422914432,0.74892422914432,full_event_available,1,1,,"","",paper_formula,Full Bernoulli event probability uses selected probabilities and non-selected complement probabilities.
16,18,1,no_new_outage,bernoulli_full_event,45,0,45,1,0.74892422914432,0.74892422914432,full_event_available,1,1,,"","",paper_formula,Full Bernoulli event probability uses selected probabilities and non-selected complement probabilities.
16,19,1,no_new_outage,bernoulli_full_event,45,0,45,1,0.74892422914432,0.74892422914432,full_event_available,1,1,,"","",paper_formula,Full Bernoulli event probability uses selected probabilities and non-selected complement probabilities.
16,20,1,no_new_outage,bernoulli_full_event,45,0,45,1,0.74892422914432,0.74892422914432,full_event_available,1,1,,"","",paper_formula,Full Bernoulli event probability uses selected probabilities and non-selected complement probabilities.
16,21,1,continue,bernoulli_full_event,45,1,44,0.006358239425,0.753716539360154,0.0047923102158343,full_event_available,0,1,,"38","0.0049832",paper_formula,Full Bernoulli event probability uses selected probabilities and non-selected complement probabilities.
16,21,2,continue,bernoulli_full_event,44,2,42,1,0.763570607324123,0.763570607324123,full_event_available,0,1,,"28,35","0.48353,0.023531",paper_formula,Full Bernoulli event probability uses selected probabilities and non-selected complement probabilities.
16,21,3,continue,bernoulli_full_event,39,4,35,0.998652715998317,0.798770748822176,0.797694577771275,full_event_available,0,1,,"8,14,19,23","0.56942,0.92506,0.22128,0.61907",paper_formula,Full Bernoulli event probability uses selected probabilities and non-selected complement probabilities.
16,21,4,continue,bernoulli_full_event,26,5,21,0.962931765085532,0.873583691299871,0.841201485813319,full_event_available,0,1,,"1,2,3,6,27","0.34382,0.19232,0.57256,0.037292,0.72965",paper_formula,Full Bernoulli event probability uses selected probabilities and non-selected complement probabilities.
16,21,5,max_depth_reached,bernoulli_full_event,0,0,0,NaN,NaN,1,terminal_stage_probability_one,1,0,,"","",,Terminal recording stage excluded from Bernoulli complement product.
16,22,1,no_new_outage,bernoulli_full_event,45,0,45,1,0.74892422914432,0.74892422914432,full_event_available,1,1,,"","",paper_formula,Full Bernoulli event probability uses selected probabilities and non-selected complement probabilities.
16,23,1,continue,bernoulli_full_event,45,2,43,3.8806413694545e-05,0.758349133329647,2.94288101928899e-05,full_event_available,0,1,,"43,44","0.00041101,0.0050065",paper_formula,Full Bernoulli event probability uses selected probabilities and non-selected complement probabilities.
16,23,2,continue,bernoulli_full_event,41,1,40,0.00656119455,0.773244551657411,0.0050734079381518,full_event_available,0,1,,"2","0.0051815",paper_formula,Full Bernoulli event probability uses selected probabilities and non-selected complement probabilities.
16,23,3,no_new_outage,bernoulli_full_event,39,0,39,1,0.77843136997087,0.77843136997087,full_event_available,1,1,,"","",paper_formula,Full Bernoulli event probability uses selected probabilities and non-selected complement probabilities.
16,24,1,continue,bernoulli_full_event,45,2,43,3.82114333582934e-05,0.758273574448115,2.89747201573791e-05,full_event_available,0,1,,"24,34","0.0044119,0.0029474",paper_formula,Full Bernoulli event probability uses selected probabilities and non-selected complement probabilities.
16,24,2,continue,bernoulli_full_event,43,5,38,0.743271999615537,0.363938759216707,0.270505489300599,full_event_available,0,1,,"6,7,8,9,14","0.0377,0.3123,0.66245,0.91599,0.68762",paper_formula,Full Bernoulli event probability uses selected probabilities and non-selected complement probabilities.
16,24,3,continue,bernoulli_full_event,27,4,23,0.769021681828588,0.862530735083291,0.663304836522601,full_event_available,0,1,,"4,31,40,42","0.072921,0.48568,0.31728,0.25839",paper_formula,Full Bernoulli event probability uses selected probabilities and non-selected complement probabilities.
16,24,4,load_loss_threshold,bernoulli_full_event,13,0,13,NaN,NaN,1,terminal_stage_probability_one,1,0,,"","",,Terminal recording stage excluded from Bernoulli complement product.
16,25,1,continue,bernoulli_full_event,45,1,44,0.006009750625,0.753452289512123,0.00452806036780316,full_event_available,0,1,,"44","0.0030545",paper_formula,Full Bernoulli event probability uses selected probabilities and non-selected complement probabilities.
16,25,2,no_new_outage,bernoulli_full_event,44,0,44,1,0.753452289512123,0.753452289512123,full_event_available,1,1,,"","",paper_formula,Full Bernoulli event probability uses selected probabilities and non-selected complement probabilities.
16,26,1,no_new_outage,bernoulli_full_event,45,0,45,1,0.74892422914432,0.74892422914432,full_event_available,1,1,,"","",paper_formula,Full Bernoulli event probability uses selected probabilities and non-selected complement probabilities.
16,27,1,no_new_outage,bernoulli_full_event,45,0,45,1,0.74892422914432,0.74892422914432,full_event_available,1,1,,"","",paper_formula,Full Bernoulli event probability uses selected probabilities and non-selected complement probabilities.
16,28,1,continue,bernoulli_full_event,45,1,44,0.006407740675,0.753754089885024,0.00482986074070388,full_event_available,0,1,,"21","0.0045498",paper_formula,Full Bernoulli event probability uses selected probabilities and non-selected complement probabilities.
16,28,2,no_new_outage,bernoulli_full_event,44,0,44,1,0.753754089885024,0.753754089885024,full_event_available,1,1,,"","",paper_formula,Full Bernoulli event probability uses selected probabilities and non-selected complement probabilities.
16,29,1,no_new_outage,bernoulli_full_event,45,0,45,1,0.74892422914432,0.74892422914432,full_event_available,1,1,,"","",paper_formula,Full Bernoulli event probability uses selected probabilities and non-selected complement probabilities.
16,30,1,continue,bernoulli_full_event,45,1,44,0.00639487035,0.753744326388623,0.00482009724430333,full_event_available,0,1,,"46","0.0027421",paper_formula,Full Bernoulli event probability uses selected probabilities and non-selected complement probabilities.
16,30,2,continue,bernoulli_full_event,44,6,38,0.579360968727428,0.63153295659842,0.365885545518157,full_event_available,0,1,,"6,8,14,19,23,26","0.68461,0.29136,0.76089,0.31088,0.78451,0.22991",paper_formula,Full Bernoulli event probability uses selected probabilities and non-selected complement probabilities.
16,30,3,load_loss_threshold,bernoulli_full_event,15,0,15,NaN,NaN,1,terminal_stage_probability_one,1,0,,"","",,Terminal recording stage excluded from Bernoulli complement product.
17,1,1,no_new_outage,bernoulli_full_event,45,0,45,1,0.749418364003462,0.749418364003462,full_event_available,1,1,,"","",paper_formula,Full Bernoulli event probability uses selected probabilities and non-selected complement probabilities.
17,2,1,no_new_outage,bernoulli_full_event,45,0,45,1,0.749418364003462,0.749418364003462,full_event_available,1,1,,"","",paper_formula,Full Bernoulli event probability uses selected probabilities and non-selected complement probabilities.
17,3,1,continue,bernoulli_full_event,45,1,44,0.0065275337,0.754342359174309,0.00492399517084781,full_event_available,0,1,,"6","0.0016",paper_formula,Full Bernoulli event probability uses selected probabilities and non-selected complement probabilities.
17,3,2,no_new_outage,bernoulli_full_event,44,0,44,1,0.754342359174309,0.754342359174309,full_event_available,1,1,,"","",paper_formula,Full Bernoulli event probability uses selected probabilities and non-selected complement probabilities.
17,4,1,no_new_outage,bernoulli_full_event,45,0,45,1,0.749418364003462,0.749418364003462,full_event_available,1,1,,"","",paper_formula,Full Bernoulli event probability uses selected probabilities and non-selected complement probabilities.
17,5,1,no_new_outage,bernoulli_full_event,45,0,45,1,0.749418364003462,0.749418364003462,full_event_available,1,1,,"","",paper_formula,Full Bernoulli event probability uses selected probabilities and non-selected complement probabilities.
17,6,1,no_new_outage,bernoulli_full_event,45,0,45,1,0.749418364003462,0.749418364003462,full_event_available,1,1,,"","",paper_formula,Full Bernoulli event probability uses selected probabilities and non-selected complement probabilities.
17,7,1,no_new_outage,bernoulli_full_event,45,0,45,1,0.749418364003462,0.749418364003462,full_event_available,1,1,,"","",paper_formula,Full Bernoulli event probability uses selected probabilities and non-selected complement probabilities.
17,8,1,no_new_outage,bernoulli_full_event,45,0,45,1,0.749418364003462,0.749418364003462,full_event_available,1,1,,"","",paper_formula,Full Bernoulli event probability uses selected probabilities and non-selected complement probabilities.
17,9,1,no_new_outage,bernoulli_full_event,45,0,45,1,0.749418364003462,0.749418364003462,full_event_available,1,1,,"","",paper_formula,Full Bernoulli event probability uses selected probabilities and non-selected complement probabilities.
17,10,1,no_new_outage,bernoulli_full_event,45,0,45,1,0.749418364003462,0.749418364003462,full_event_available,1,1,,"","",paper_formula,Full Bernoulli event probability uses selected probabilities and non-selected complement probabilities.
17,11,1,no_new_outage,bernoulli_full_event,45,0,45,1,0.749418364003462,0.749418364003462,full_event_available,1,1,,"","",paper_formula,Full Bernoulli event probability uses selected probabilities and non-selected complement probabilities.
17,12,1,no_new_outage,bernoulli_full_event,45,0,45,1,0.749418364003462,0.749418364003462,full_event_available,1,1,,"","",paper_formula,Full Bernoulli event probability uses selected probabilities and non-selected complement probabilities.
17,13,1,no_new_outage,bernoulli_full_event,45,0,45,1,0.749418364003462,0.749418364003462,full_event_available,1,1,,"","",paper_formula,Full Bernoulli event probability uses selected probabilities and non-selected complement probabilities.
17,14,1,no_new_outage,bernoulli_full_event,45,0,45,1,0.749418364003462,0.749418364003462,full_event_available,1,1,,"","",paper_formula,Full Bernoulli event probability uses selected probabilities and non-selected complement probabilities.
17,15,1,no_new_outage,bernoulli_full_event,45,0,45,1,0.749418364003462,0.749418364003462,full_event_available,1,1,,"","",paper_formula,Full Bernoulli event probability uses selected probabilities and non-selected complement probabilities.
17,16,1,no_new_outage,bernoulli_full_event,45,0,45,1,0.749418364003462,0.749418364003462,full_event_available,1,1,,"","",paper_formula,Full Bernoulli event probability uses selected probabilities and non-selected complement probabilities.
17,17,1,no_new_outage,bernoulli_full_event,45,0,45,1,0.749418364003462,0.749418364003462,full_event_available,1,1,,"","",paper_formula,Full Bernoulli event probability uses selected probabilities and non-selected complement probabilities.
17,18,1,no_new_outage,bernoulli_full_event,45,0,45,1,0.749418364003462,0.749418364003462,full_event_available,1,1,,"","",paper_formula,Full Bernoulli event probability uses selected probabilities and non-selected complement probabilities.
17,19,1,no_new_outage,bernoulli_full_event,45,0,45,1,0.749418364003462,0.749418364003462,full_event_available,1,1,,"","",paper_formula,Full Bernoulli event probability uses selected probabilities and non-selected complement probabilities.
17,20,1,continue,bernoulli_full_event,45,1,44,0.006358239425,0.75421383615136,0.00479547214789807,full_event_available,0,1,,"14","0.0059521",paper_formula,Full Bernoulli event probability uses selected probabilities and non-selected complement probabilities.
17,20,2,continue,bernoulli_full_event,44,4,40,0.476232061911438,0.773814824510803,0.368515429414417,full_event_available,0,1,,"3,6,13,18","0.13084,0.033519,0.55774,0.018219",paper_formula,Full Bernoulli event probability uses selected probabilities and non-selected complement probabilities.
17,20,3,continue,bernoulli_full_event,40,8,32,0.974150958918293,0.814507246348637,0.793453015076423,full_event_available,0,1,,"1,8,9,19,20,23,25,27","0.17148,0.54302,0.22893,0.23755,0.57709,0.82382,0.055655,0.82544",paper_formula,Full Bernoulli event probability uses selected probabilities and non-selected complement probabilities.
17,20,4,load_loss_threshold,bernoulli_full_event,20,0,20,NaN,NaN,1,terminal_stage_probability_one,1,0,,"","",,Terminal recording stage excluded from Bernoulli complement product.
17,21,1,no_new_outage,bernoulli_full_event,45,0,45,1,0.749418364003462,0.749418364003462,full_event_available,1,1,,"","",paper_formula,Full Bernoulli event probability uses selected probabilities and non-selected complement probabilities.
17,22,1,continue,bernoulli_full_event,45,2,43,3.85505721499568e-05,0.758816973070808,2.9252828468978e-05,full_event_available,0,1,,"23,44","0.0051446,0.0016821",paper_formula,Full Bernoulli event probability uses selected probabilities and non-selected complement probabilities.
17,22,2,continue,bernoulli_full_event,43,3,40,0.996770273310412,0.773190650602237,0.770693456121847,full_event_available,0,1,,"8,13,18","0.21566,0.58191,0.25736",paper_formula,Full Bernoulli event probability uses selected probabilities and non-selected complement probabilities.
17,22,3,continue,bernoulli_full_event,30,1,29,1,0.829507622536413,0.829507622536413,full_event_available,0,1,,"3","0.52962",paper_formula,Full Bernoulli event probability uses selected probabilities and non-selected complement probabilities.
17,22,4,continue,bernoulli_full_event,29,8,21,0.99739761864672,0.873515040524141,0.871241821270872,full_event_available,0,1,,"4,7,25,27,30,31,40,42","0.54538,0.5751,0.26645,0.82071,0.20704,0.94443,0.18799,0.12679",paper_formula,Full Bernoulli event probability uses selected probabilities and non-selected complement probabilities.
17,22,5,max_depth_reached,bernoulli_full_event,3,0,3,NaN,NaN,1,terminal_stage_probability_one,1,0,,"","",,Terminal recording stage excluded from Bernoulli complement product.
17,23,1,no_new_outage,bernoulli_full_event,45,0,45,1,0.749418364003462,0.749418364003462,full_event_available,1,1,,"","",paper_formula,Full Bernoulli event probability uses selected probabilities and non-selected complement probabilities.
17,24,1,no_new_outage,bernoulli_full_event,45,0,45,1,0.749418364003462,0.749418364003462,full_event_available,1,1,,"","",paper_formula,Full Bernoulli event probability uses selected probabilities and non-selected complement probabilities.
17,25,1,no_new_outage,bernoulli_full_event,45,0,45,1,0.749418364003462,0.749418364003462,full_event_available,1,1,,"","",paper_formula,Full Bernoulli event probability uses selected probabilities and non-selected complement probabilities.
17,26,1,no_new_outage,bernoulli_full_event,45,0,45,1,0.749418364003462,0.749418364003462,full_event_available,1,1,,"","",paper_formula,Full Bernoulli event probability uses selected probabilities and non-selected complement probabilities.
17,27,1,continue,bernoulli_full_event,45,1,44,0.00662851625,0.754419042888558,0.00500067888509625,full_event_available,0,1,,"30","0.0028456",paper_formula,Full Bernoulli event probability uses selected probabilities and non-selected complement probabilities.
17,27,2,continue,bernoulli_full_event,44,1,43,0.006457241925,0.759322169838219,0.00490312694966132,full_event_available,0,1,,"5","0.0012264",paper_formula,Full Bernoulli event probability uses selected probabilities and non-selected complement probabilities.
17,27,3,continue,bernoulli_full_event,43,2,41,1,0.71134992545556,0.71134992545556,full_event_available,0,1,,"6,8","0.18997,0.20278",paper_formula,Full Bernoulli event probability uses selected probabilities and non-selected complement probabilities.
17,27,4,continue,bernoulli_full_event,41,17,24,0.00480083218024691,0.858053030749093,0.00411936860237864,full_event_available,0,1,,"3,4,9,10,13,14,18,19,20,23,24,25,26,27,31,40,42","0.14075,0.94619,0.61185,0.0010862,0.76148,0.56091,0.53456,0.17273,0.10174,0.045244,0.026368,0.54858,0.6171,0.19754,0.61156,0.1606,0.76429",paper_formula,Full Bernoulli event probability uses selected probabilities and non-selected complement probabilities.
17,27,5,max_depth_reached,bernoulli_full_event,2,0,2,NaN,NaN,1,terminal_stage_probability_one,1,0,,"","",,Terminal recording stage excluded from Bernoulli complement product.
17,28,1,no_new_outage,bernoulli_full_event,45,0,45,1,0.749418364003462,0.749418364003462,full_event_available,1,1,,"","",paper_formula,Full Bernoulli event probability uses selected probabilities and non-selected complement probabilities.
17,29,1,no_new_outage,bernoulli_full_event,45,0,45,1,0.749418364003462,0.749418364003462,full_event_available,1,1,,"","",paper_formula,Full Bernoulli event probability uses selected probabilities and non-selected complement probabilities.
17,30,1,no_new_outage,bernoulli_full_event,45,0,45,1,0.749418364003462,0.749418364003462,full_event_available,1,1,,"","",paper_formula,Full Bernoulli event probability uses selected probabilities and non-selected complement probabilities.
18,1,1,continue,bernoulli_full_event,45,1,44,1,0.75409812774578,0.75409812774578,full_event_available,0,1,,"19","0.66462",paper_formula,Full Bernoulli event probability uses selected probabilities and non-selected complement probabilities.
18,1,2,continue,bernoulli_full_event,43,3,40,3.80822241696675e-05,0.773940519208388,2.94733763464827e-05,full_event_available,0,1,,"11,14,28","0.0038884,0.10626,0.0050873",paper_formula,Full Bernoulli event probability uses selected probabilities and non-selected complement probabilities.
18,1,3,continue,bernoulli_full_event,40,3,37,1,0.292797650776214,0.292797650776214,full_event_available,0,1,,"3,6,38","0.73424,0.71348,0.40305",paper_formula,Full Bernoulli event probability uses selected probabilities and non-selected complement probabilities.
18,1,4,load_loss_threshold,bernoulli_full_event,33,0,33,NaN,NaN,1,terminal_stage_probability_one,1,0,,"","",,Terminal recording stage excluded from Bernoulli complement product.
18,2,1,continue,bernoulli_full_event,45,1,44,1,0.75409812774578,0.75409812774578,full_event_available,0,1,,"19","0.40794",paper_formula,Full Bernoulli event probability uses selected probabilities and non-selected complement probabilities.
18,2,2,continue,bernoulli_full_event,43,1,42,0.901725223336028,0.763913799893901,0.688840341818801,full_event_available,0,1,,"14","0.3919",paper_formula,Full Bernoulli event probability uses selected probabilities and non-selected complement probabilities.
18,2,3,continue,bernoulli_full_event,42,3,39,0.366183529600314,0.778876607031669,0.285211785085974,full_event_available,0,1,,"3,6,25","0.67037,0.13287,0.19107",paper_formula,Full Bernoulli event probability uses selected probabilities and non-selected complement probabilities.
18,2,4,load_loss_threshold,bernoulli_full_event,0,0,0,NaN,NaN,1,terminal_stage_probability_one,1,0,,"","",,Terminal recording stage excluded from Bernoulli complement product.
18,3,1,continue,bernoulli_full_event,45,1,44,1,0.75409812774578,0.75409812774578,full_event_available,0,1,,"19","0.22691",paper_formula,Full Bernoulli event probability uses selected probabilities and non-selected complement probabilities.
18,3,2,continue,bernoulli_full_event,43,1,42,0.901725223336028,0.763913799893901,0.688840341818801,full_event_available,0,1,,"14","0.77839",paper_formula,Full Bernoulli event probability uses selected probabilities and non-selected complement probabilities.
18,3,3,continue,bernoulli_full_event,42,2,40,1,0.493664821945695,0.493664821945695,full_event_available,0,1,,"3,6","0.89829,0.50803",paper_formula,Full Bernoulli event probability uses selected probabilities and non-selected complement probabilities.
18,3,4,continue,bernoulli_full_event,40,4,36,0.787361789363625,0.572570649613385,0.450820251216688,full_event_available,0,1,,"24,25,27,42","0.58115,0.5731,0.2141,0.51011",paper_formula,Full Bernoulli event probability uses selected probabilities and non-selected complement probabilities.
18,3,5,max_depth_reached,bernoulli_full_event,0,0,0,NaN,NaN,1,terminal_stage_probability_one,1,0,,"","",,Terminal recording stage excluded from Bernoulli complement product.
18,4,1,continue,bernoulli_full_event,45,1,44,1,0.75409812774578,0.75409812774578,full_event_available,0,1,,"19","0.18399",paper_formula,Full Bernoulli event probability uses selected probabilities and non-selected complement probabilities.
18,4,2,continue,bernoulli_full_event,43,1,42,0.901725223336028,0.763913799893901,0.688840341818801,full_event_available,0,1,,"14","0.32705",paper_formula,Full Bernoulli event probability uses selected probabilities and non-selected complement probabilities.
18,4,3,continue,bernoulli_full_event,42,2,40,1,0.493664821945695,0.493664821945695,full_event_available,0,1,,"3,6","0.50346,0.30544",paper_formula,Full Bernoulli event probability uses selected probabilities and non-selected complement probabilities.
18,4,4,continue,bernoulli_full_event,40,4,36,0.787361789363625,0.572570649613385,0.450820251216688,full_event_available,0,1,,"24,25,27,42","0.12524,0.0296,0.96789,0.36559",paper_formula,Full Bernoulli event probability uses selected probabilities and non-selected complement probabilities.
18,4,5,max_depth_reached,bernoulli_full_event,0,0,0,NaN,NaN,1,terminal_stage_probability_one,1,0,,"","",,Terminal recording stage excluded from Bernoulli complement product.
18,5,1,continue,bernoulli_full_event,45,1,44,1,0.75409812774578,0.75409812774578,full_event_available,0,1,,"19","0.9677",paper_formula,Full Bernoulli event probability uses selected probabilities and non-selected complement probabilities.
18,5,2,continue,bernoulli_full_event,43,1,42,0.901725223336028,0.763913799893901,0.688840341818801,full_event_available,0,1,,"14","0.51147",paper_formula,Full Bernoulli event probability uses selected probabilities and non-selected complement probabilities.
18,5,3,continue,bernoulli_full_event,42,3,39,0.366183529600314,0.778876607031669,0.285211785085974,full_event_available,0,1,,"3,6,25","0.45009,0.725,0.348",paper_formula,Full Bernoulli event probability uses selected probabilities and non-selected complement probabilities.
18,5,4,load_loss_threshold,bernoulli_full_event,0,0,0,NaN,NaN,1,terminal_stage_probability_one,1,0,,"","",,Terminal recording stage excluded from Bernoulli complement product.
18,6,1,continue,bernoulli_full_event,45,1,44,1,0.75409812774578,0.75409812774578,full_event_available,0,1,,"19","0.92278",paper_formula,Full Bernoulli event probability uses selected probabilities and non-selected complement probabilities.
18,6,2,continue,bernoulli_full_event,43,2,41,0.00576641589455869,0.768830370433969,0.00443339566828988,full_event_available,0,1,,"14,46","0.74491,0.0020065",paper_formula,Full Bernoulli event probability uses selected probabilities and non-selected complement probabilities.
18,6,3,continue,bernoulli_full_event,41,6,35,1,0.798636295013021,0.798636295013021,full_event_available,0,1,,"1,3,16,17,27,40","0.76755,0.31729,0.79744,0.9558,0.57757,0.1449",paper_formula,Full Bernoulli event probability uses selected probabilities and non-selected complement probabilities.
18,6,4,load_loss_threshold,bernoulli_full_event,0,0,0,NaN,NaN,1,terminal_stage_probability_one,1,0,,"","",,Terminal recording stage excluded from Bernoulli complement product.
18,7,1,continue,bernoulli_full_event,45,1,44,1,0.75409812774578,0.75409812774578,full_event_available,0,1,,"19","0.84082",paper_formula,Full Bernoulli event probability uses selected probabilities and non-selected complement probabilities.
18,7,2,continue,bernoulli_full_event,43,1,42,0.901725223336028,0.763913799893901,0.688840341818801,full_event_available,0,1,,"14","0.052436",paper_formula,Full Bernoulli event probability uses selected probabilities and non-selected complement probabilities.
18,7,3,continue,bernoulli_full_event,42,3,39,0.366183529600314,0.778876607031669,0.285211785085974,full_event_available,0,1,,"3,6,25","0.085465,0.73425,0.032247",paper_formula,Full Bernoulli event probability uses selected probabilities and non-selected complement probabilities.
18,7,4,load_loss_threshold,bernoulli_full_event,0,0,0,NaN,NaN,1,terminal_stage_probability_one,1,0,,"","",,Terminal recording stage excluded from Bernoulli complement product.
18,8,1,continue,bernoulli_full_event,45,2,43,0.006453281825,0.758996143765587,0.00489801601980755,full_event_available,0,1,,"19,28","0.7651,0.001492",paper_formula,Full Bernoulli event probability uses selected probabilities and non-selected complement probabilities.
18,8,2,continue,bernoulli_full_event,42,2,40,0.969113674457207,0.773795547999778,0.749895846800693,full_event_available,0,1,,"14,38","0.41618,0.39569",paper_formula,Full Bernoulli event probability uses selected probabilities and non-selected complement probabilities.
18,8,3,continue,bernoulli_full_event,36,6,30,1,0.825053321686623,0.825053321686623,full_event_available,0,1,,"1,3,6,16,17,27","0.8408,0.34761,0.48649,0.17458,0.94863,0.093606",paper_formula,Full Bernoulli event probability uses selected probabilities and non-selected complement probabilities.
18,8,4,load_loss_threshold,bernoulli_full_event,0,0,0,NaN,NaN,1,terminal_stage_probability_one,1,0,,"","",,Terminal recording stage excluded from Bernoulli complement product.
18,9,1,continue,bernoulli_full_event,45,1,44,1,0.75409812774578,0.75409812774578,full_event_available,0,1,,"19","0.076091",paper_formula,Full Bernoulli event probability uses selected probabilities and non-selected complement probabilities.
18,9,2,continue,bernoulli_full_event,43,2,41,0.00579409054049992,0.768854119031949,0.00445481037810742,full_event_available,0,1,,"4,14","0.0041292,0.25452",paper_formula,Full Bernoulli event probability uses selected probabilities and non-selected complement probabilities.
18,9,3,continue,bernoulli_full_event,41,4,37,0.00337734642883052,0.769655065725933,0.0025993917876608,full_event_available,0,1,,"3,6,16,25","0.97126,0.30223,0.0054319,0.43991",paper_formula,Full Bernoulli event probability uses selected probabilities and non-selected complement probabilities.
18,9,4,load_loss_threshold,bernoulli_full_event,22,0,22,NaN,NaN,1,terminal_stage_probability_one,1,0,,"","",,Terminal recording stage excluded from Bernoulli complement product.
18,10,1,continue,bernoulli_full_event,45,1,44,1,0.75409812774578,0.75409812774578,full_event_available,0,1,,"19","0.034497",paper_formula,Full Bernoulli event probability uses selected probabilities and non-selected complement probabilities.
18,10,2,continue,bernoulli_full_event,43,1,42,0.901725223336028,0.763913799893901,0.688840341818801,full_event_available,0,1,,"14","0.19179",paper_formula,Full Bernoulli event probability uses selected probabilities and non-selected complement probabilities.
18,10,3,continue,bernoulli_full_event,42,3,39,0.366183529600314,0.778876607031669,0.285211785085974,full_event_available,0,1,,"3,6,25","0.8412,0.44521,0.19455",paper_formula,Full Bernoulli event probability uses selected probabilities and non-selected complement probabilities.
18,10,4,load_loss_threshold,bernoulli_full_event,0,0,0,NaN,NaN,1,terminal_stage_probability_one,1,0,,"","",,Terminal recording stage excluded from Bernoulli complement product.
18,11,1,continue,bernoulli_full_event,45,3,42,4.24982685118515e-05,0.764027225938722,3.24698341983089e-05,full_event_available,0,1,,"11,19,35","0.0045214,0.50067,0.0017882",paper_formula,Full Bernoulli event probability uses selected probabilities and non-selected complement probabilities.
18,11,2,continue,bernoulli_full_event,41,6,35,0.241391450057376,0.36997343797574,0.0893084246756764,full_event_available,0,1,,"12,14,27,29,36,38","0.79869,0.76013,0.18157,0.80612,0.85917,0.49247",paper_formula,Full Bernoulli event probability uses selected probabilities and non-selected complement probabilities.
18,11,3,load_loss_threshold,bernoulli_full_event,30,0,30,NaN,NaN,1,terminal_stage_probability_one,1,0,,"","",,Terminal recording stage excluded from Bernoulli complement product.
18,12,1,continue,bernoulli_full_event,45,1,44,1,0.75409812774578,0.75409812774578,full_event_available,0,1,,"19","0.062109",paper_formula,Full Bernoulli event probability uses selected probabilities and non-selected complement probabilities.
18,12,2,continue,bernoulli_full_event,43,1,42,0.901725223336028,0.763913799893901,0.688840341818801,full_event_available,0,1,,"14","0.016725",paper_formula,Full Bernoulli event probability uses selected probabilities and non-selected complement probabilities.
18,12,3,continue,bernoulli_full_event,42,4,38,0.00237831181183755,0.783968374119915,0.00186452124427647,full_event_available,0,1,,"3,6,25,32","0.53495,0.49014,0.096614,0.0062632",paper_formula,Full Bernoulli event probability uses selected probabilities and non-selected complement probabilities.
18,12,4,load_loss_threshold,bernoulli_full_event,0,0,0,NaN,NaN,1,terminal_stage_probability_one,1,0,,"","",,Terminal recording stage excluded from Bernoulli complement product.
18,13,1,continue,bernoulli_full_event,45,1,44,1,0.75409812774578,0.75409812774578,full_event_available,0,1,,"19","0.34948",paper_formula,Full Bernoulli event probability uses selected probabilities and non-selected complement probabilities.
18,13,2,continue,bernoulli_full_event,43,1,42,0.901725223336028,0.763913799893901,0.688840341818801,full_event_available,0,1,,"14","0.60927",paper_formula,Full Bernoulli event probability uses selected probabilities and non-selected complement probabilities.
18,13,3,continue,bernoulli_full_event,42,3,39,0.006425561125,0.496857409601499,0.0031925876558036,full_event_available,0,1,,"3,4,6","0.31897,0.0062028,0.13377",paper_formula,Full Bernoulli event probability uses selected probabilities and non-selected complement probabilities.
18,13,4,continue,bernoulli_full_event,39,4,35,0.139549035078066,0.742593383993351,0.103628190191628,full_event_available,0,1,,"24,25,27,42","0.28983,0.067368,0.91416,0.077207",paper_formula,Full Bernoulli event probability uses selected probabilities and non-selected complement probabilities.
18,13,5,max_depth_reached,bernoulli_full_event,0,0,0,NaN,NaN,1,terminal_stage_probability_one,1,0,,"","",,Terminal recording stage excluded from Bernoulli complement product.
18,14,1,continue,bernoulli_full_event,45,1,44,1,0.75409812774578,0.75409812774578,full_event_available,0,1,,"19","0.19768",paper_formula,Full Bernoulli event probability uses selected probabilities and non-selected complement probabilities.
18,14,2,continue,bernoulli_full_event,43,2,41,0.00583426341364042,0.768888595413974,0.00448589860138912,full_event_available,0,1,,"14,40","0.43629,0.0024571",paper_formula,Full Bernoulli event probability uses selected probabilities and non-selected complement probabilities.
18,14,3,continue,bernoulli_full_event,41,4,37,0.165519310141648,0.499097232229067,0.0826102295721611,full_event_available,0,1,,"3,6,17,27","0.33442,0.98942,0.60311,0.23226",paper_formula,Full Bernoulli event probability uses selected probabilities and non-selected complement probabilities.
18,14,4,load_loss_threshold,bernoulli_full_event,0,0,0,NaN,NaN,1,terminal_stage_probability_one,1,0,,"","",,Terminal recording stage excluded from Bernoulli complement product.
18,15,1,continue,bernoulli_full_event,45,1,44,1,0.75409812774578,0.75409812774578,full_event_available,0,1,,"19","0.39284",paper_formula,Full Bernoulli event probability uses selected probabilities and non-selected complement probabilities.
18,15,2,continue,bernoulli_full_event,43,3,40,3.54260892436107e-05,0.773589006065542,2.7405233166754e-05,full_event_available,0,1,,"6,8,14","0.0011935,0.00042407,0.2965",paper_formula,Full Bernoulli event probability uses selected probabilities and non-selected complement probabilities.
18,15,3,continue,bernoulli_full_event,40,6,34,1.63444292785508e-05,0.769547729502818,1.25778184413281e-05,full_event_available,0,1,,"9,22,24,25,27,35","0.30579,0.005333,0.43023,0.45272,0.29761,0.0062087",paper_formula,Full Bernoulli event probability uses selected probabilities and non-selected complement probabilities.
18,15,4,load_loss_threshold,bernoulli_full_event,30,0,30,NaN,NaN,1,terminal_stage_probability_one,1,0,,"","",,Terminal recording stage excluded from Bernoulli complement product.
18,16,1,continue,bernoulli_full_event,45,1,44,1,0.75409812774578,0.75409812774578,full_event_available,0,1,,"19","0.56948",paper_formula,Full Bernoulli event probability uses selected probabilities and non-selected complement probabilities.
18,16,2,continue,bernoulli_full_event,43,1,42,0.901725223336028,0.763913799893901,0.688840341818801,full_event_available,0,1,,"14","0.16055",paper_formula,Full Bernoulli event probability uses selected probabilities and non-selected complement probabilities.
18,16,3,continue,bernoulli_full_event,42,4,38,0.0021955962639957,0.783574835769192,0.00172041398197588,full_event_available,0,1,,"3,6,25,27","0.32576,0.0052429,0.027474,6.6202e-05",paper_formula,Full Bernoulli event probability uses selected probabilities and non-selected complement probabilities.
18,16,4,load_loss_threshold,bernoulli_full_event,0,0,0,NaN,NaN,1,terminal_stage_probability_one,1,0,,"","",,Terminal recording stage excluded from Bernoulli complement product.
18,17,1,continue,bernoulli_full_event,45,1,44,1,0.75409812774578,0.75409812774578,full_event_available,0,1,,"19","0.94551",paper_formula,Full Bernoulli event probability uses selected probabilities and non-selected complement probabilities.
18,17,2,continue,bernoulli_full_event,43,1,42,0.901725223336028,0.763913799893901,0.688840341818801,full_event_available,0,1,,"14","0.65271",paper_formula,Full Bernoulli event probability uses selected probabilities and non-selected complement probabilities.
18,17,3,continue,bernoulli_full_event,42,3,39,0.366183529600314,0.778876607031669,0.285211785085974,full_event_available,0,1,,"3,6,25","0.32931,0.78033,0.22009",paper_formula,Full Bernoulli event probability uses selected probabilities and non-selected complement probabilities.
18,17,4,load_loss_threshold,bernoulli_full_event,0,0,0,NaN,NaN,1,terminal_stage_probability_one,1,0,,"","",,Terminal recording stage excluded from Bernoulli complement product.
18,18,1,continue,bernoulli_full_event,45,2,43,0.00639487035,0.758951524345907,0.00485339660012694,full_event_available,0,1,,"19,46","0.40186,0.0025597",paper_formula,Full Bernoulli event probability uses selected probabilities and non-selected complement probabilities.
18,18,2,continue,bernoulli_full_event,42,4,38,0.441933323802251,0.783290752248562,0.346162285644772,full_event_available,0,1,,"8,10,14,27","0.14335,0.65159,0.89627,0.070227",paper_formula,Full Bernoulli event probability uses selected probabilities and non-selected complement probabilities.
18,18,3,continue,bernoulli_full_event,35,4,31,0.951858436448542,0.417632722009154,0.397527229781382,full_event_available,0,1,,"1,3,17,40","0.33496,0.77541,0.3902,0.75603",paper_formula,Full Bernoulli event probability uses selected probabilities and non-selected complement probabilities.
18,18,4,load_loss_threshold,bernoulli_full_event,0,0,0,NaN,NaN,1,terminal_stage_probability_one,1,0,,"","",,Terminal recording stage excluded from Bernoulli complement product.
18,19,1,continue,bernoulli_full_event,45,1,44,1,0.75409812774578,0.75409812774578,full_event_available,0,1,,"19","0.68652",paper_formula,Full Bernoulli event probability uses selected probabilities and non-selected complement probabilities.
18,19,2,continue,bernoulli_full_event,43,1,42,0.901725223336028,0.763913799893901,0.688840341818801,full_event_available,0,1,,"14","0.74071",paper_formula,Full Bernoulli event probability uses selected probabilities and non-selected complement probabilities.
18,19,3,continue,bernoulli_full_event,42,2,40,1,0.493664821945695,0.493664821945695,full_event_available,0,1,,"3,6","0.63129,0.25293",paper_formula,Full Bernoulli event probability uses selected probabilities and non-selected complement probabilities.
18,19,4,continue,bernoulli_full_event,40,4,36,0.787361789363625,0.572570649613385,0.450820251216688,full_event_available,0,1,,"24,25,27,42","0.10631,0.87523,0.50589,0.48262",paper_formula,Full Bernoulli event probability uses selected probabilities and non-selected complement probabilities.
18,19,5,max_depth_reached,bernoulli_full_event,0,0,0,NaN,NaN,1,terminal_stage_probability_one,1,0,,"","",,Terminal recording stage excluded from Bernoulli complement product.
18,20,1,continue,bernoulli_full_event,45,2,43,0.006425561125,0.758974967793683,0.00487684004790322,full_event_available,0,1,,"19,39","0.69525,0.00033503",paper_formula,Full Bernoulli event probability uses selected probabilities and non-selected complement probabilities.
18,20,2,continue,bernoulli_full_event,42,2,40,1,0.654206325975076,0.654206325975076,full_event_available,0,1,,"8,14","0.12301,0.63084",paper_formula,Full Bernoulli event probability uses selected probabilities and non-selected complement probabilities.
18,20,3,continue,bernoulli_full_event,40,3,37,0.398333085207978,0.316385651520079,0.126026872685529,full_event_available,0,1,,"3,17,27","0.55113,0.46129,0.59392",paper_formula,Full Bernoulli event probability uses selected probabilities and non-selected complement probabilities.
18,20,4,load_loss_threshold,bernoulli_full_event,0,0,0,NaN,NaN,1,terminal_stage_probability_one,1,0,,"","",,Terminal recording stage excluded from Bernoulli complement product.
18,21,1,continue,bernoulli_full_event,45,1,44,1,0.75409812774578,0.75409812774578,full_event_available,0,1,,"19","0.35053",paper_formula,Full Bernoulli event probability uses selected probabilities and non-selected complement probabilities.
18,21,2,continue,bernoulli_full_event,43,1,42,0.901725223336028,0.763913799893901,0.688840341818801,full_event_available,0,1,,"14","0.022219",paper_formula,Full Bernoulli event probability uses selected probabilities and non-selected complement probabilities.
18,21,3,continue,bernoulli_full_event,42,2,40,1,0.493664821945695,0.493664821945695,full_event_available,0,1,,"3,6","0.83884,0.87671",paper_formula,Full Bernoulli event probability uses selected probabilities and non-selected complement probabilities.
18,21,4,continue,bernoulli_full_event,40,5,35,0.0690714369343663,0.62762955076873,0.0433512749340669,full_event_available,0,1,,"24,25,27,40,42","0.36029,0.69859,0.077943,0.062965,0.68259",paper_formula,Full Bernoulli event probability uses selected probabilities and non-selected complement probabilities.
18,21,5,max_depth_reached,bernoulli_full_event,0,0,0,NaN,NaN,1,terminal_stage_probability_one,1,0,,"","",,Terminal recording stage excluded from Bernoulli complement product.
18,22,1,continue,bernoulli_full_event,45,1,44,1,0.75409812774578,0.75409812774578,full_event_available,0,1,,"19","0.27147",paper_formula,Full Bernoulli event probability uses selected probabilities and non-selected complement probabilities.
18,22,2,no_new_outage,bernoulli_full_event,43,0,43,1,0.0750734580750996,0.0750734580750996,full_event_available,1,1,,"","",paper_formula,Full Bernoulli event probability uses selected probabilities and non-selected complement probabilities.
18,23,1,continue,bernoulli_full_event,45,1,44,1,0.75409812774578,0.75409812774578,full_event_available,0,1,,"19","0.22593",paper_formula,Full Bernoulli event probability uses selected probabilities and non-selected complement probabilities.
18,23,2,continue,bernoulli_full_event,43,1,42,0.901725223336028,0.763913799893901,0.688840341818801,full_event_available,0,1,,"14","0.52506",paper_formula,Full Bernoulli event probability uses selected probabilities and non-selected complement probabilities.
18,23,3,continue,bernoulli_full_event,42,2,40,1,0.493664821945695,0.493664821945695,full_event_available,0,1,,"3,6","0.93638,0.74075",paper_formula,Full Bernoulli event probability uses selected probabilities and non-selected complement probabilities.
18,23,4,continue,bernoulli_full_event,40,4,36,0.787361789363625,0.572570649613385,0.450820251216688,full_event_available,0,1,,"24,25,27,42","0.49312,0.42334,0.96975,0.52002",paper_formula,Full Bernoulli event probability uses selected probabilities and non-selected complement probabilities.
18,23,5,max_depth_reached,bernoulli_full_event,0,0,0,NaN,NaN,1,terminal_stage_probability_one,1,0,,"","",,Terminal recording stage excluded from Bernoulli complement product.
18,24,1,continue,bernoulli_full_event,45,1,44,1,0.75409812774578,0.75409812774578,full_event_available,0,1,,"19","0.82014",paper_formula,Full Bernoulli event probability uses selected probabilities and non-selected complement probabilities.
18,24,2,continue,bernoulli_full_event,43,1,42,0.901725223336028,0.763913799893901,0.688840341818801,full_event_available,0,1,,"14","0.47975",paper_formula,Full Bernoulli event probability uses selected probabilities and non-selected complement probabilities.
18,24,3,continue,bernoulli_full_event,42,2,40,1,0.493664821945695,0.493664821945695,full_event_available,0,1,,"3,6","0.48967,0.69114",paper_formula,Full Bernoulli event probability uses selected probabilities and non-selected complement probabilities.
18,24,4,continue,bernoulli_full_event,40,4,36,0.787361789363625,0.572570649613385,0.450820251216688,full_event_available,0,1,,"24,25,27,42","0.36448,0.90131,0.659,0.64989",paper_formula,Full Bernoulli event probability uses selected probabilities and non-selected complement probabilities.
18,24,5,max_depth_reached,bernoulli_full_event,0,0,0,NaN,NaN,1,terminal_stage_probability_one,1,0,,"","",,Terminal recording stage excluded from Bernoulli complement product.
18,25,1,continue,bernoulli_full_event,45,1,44,1,0.75409812774578,0.75409812774578,full_event_available,0,1,,"19","0.13493",paper_formula,Full Bernoulli event probability uses selected probabilities and non-selected complement probabilities.
18,25,2,continue,bernoulli_full_event,43,1,42,0.901725223336028,0.763913799893901,0.688840341818801,full_event_available,0,1,,"14","0.73336",paper_formula,Full Bernoulli event probability uses selected probabilities and non-selected complement probabilities.
18,25,3,continue,bernoulli_full_event,42,2,40,1,0.493664821945695,0.493664821945695,full_event_available,0,1,,"3,6","0.064653,0.72848",paper_formula,Full Bernoulli event probability uses selected probabilities and non-selected complement probabilities.
18,25,4,continue,bernoulli_full_event,40,4,36,0.787361789363625,0.572570649613385,0.450820251216688,full_event_available,0,1,,"24,25,27,42","0.72984,0.9175,0.43698,0.23418",paper_formula,Full Bernoulli event probability uses selected probabilities and non-selected complement probabilities.
18,25,5,max_depth_reached,bernoulli_full_event,0,0,0,NaN,NaN,1,terminal_stage_probability_one,1,0,,"","",,Terminal recording stage excluded from Bernoulli complement product.
18,26,1,continue,bernoulli_full_event,45,2,43,0.006544364125,0.759065730279538,0.00496760253375834,full_event_available,0,1,,"11,19","0.0044366,0.2519",paper_formula,Full Bernoulli event probability uses selected probabilities and non-selected complement probabilities.
18,26,2,continue,bernoulli_full_event,42,3,39,0.335794299826309,0.778463911945251,0.261403744251705,full_event_available,0,1,,"8,12,14","0.063904,0.51948,0.078595",paper_formula,Full Bernoulli event probability uses selected probabilities and non-selected complement probabilities.
18,26,3,continue,bernoulli_full_event,39,2,37,1,0.788218937751373,0.788218937751373,full_event_available,0,1,,"1,27","0.49012,0.72981",paper_formula,Full Bernoulli event probability uses selected probabilities and non-selected complement probabilities.
18,26,4,load_loss_threshold,bernoulli_full_event,30,0,30,NaN,NaN,1,terminal_stage_probability_one,1,0,,"","",,Terminal recording stage excluded from Bernoulli complement product.
18,27,1,continue,bernoulli_full_event,45,1,44,1,0.75409812774578,0.75409812774578,full_event_available,0,1,,"19","0.91635",paper_formula,Full Bernoulli event probability uses selected probabilities and non-selected complement probabilities.
18,27,2,continue,bernoulli_full_event,43,1,42,0.901725223336028,0.763913799893901,0.688840341818801,full_event_available,0,1,,"14","0.49014",paper_formula,Full Bernoulli event probability uses selected probabilities and non-selected complement probabilities.
18,27,3,continue,bernoulli_full_event,42,3,39,0.00641467085,0.496851963754356,0.00318714180866032,full_event_available,0,1,,"3,6,7","0.53697,0.75875,0.0015068",paper_formula,Full Bernoulli event probability uses selected probabilities and non-selected complement probabilities.
18,27,4,continue,bernoulli_full_event,39,4,35,1,0.751736698803866,0.751736698803866,full_event_available,0,1,,"9,24,25,27","0.57124,0.89021,0.32224,0.79428",paper_formula,Full Bernoulli event probability uses selected probabilities and non-selected complement probabilities.
18,27,5,max_depth_reached,bernoulli_full_event,0,0,0,NaN,NaN,1,terminal_stage_probability_one,1,0,,"","",,Terminal recording stage excluded from Bernoulli complement product.
18,28,1,continue,bernoulli_full_event,45,2,43,0.00641863095,0.758969673985333,0.00487154623955367,full_event_available,0,1,,"1,19","0.0039561,0.83166",paper_formula,Full Bernoulli event probability uses selected probabilities and non-selected complement probabilities.
18,28,2,continue,bernoulli_full_event,42,3,39,0.00645044465512375,0.778798221574756,0.00502359482577676,full_event_available,0,1,,"3,14,43","0.21633,0.55791,5.0792e-06",paper_formula,Full Bernoulli event probability uses selected probabilities and non-selected complement probabilities.
18,28,3,continue,bernoulli_full_event,39,7,32,0.751405329612658,0.72110474791264,0.54184195079055,full_event_available,0,1,,"7,25,27,30,31,40,42","0.83073,0.31064,0.90985,0.93289,0.75544,0.99671,0.060282",paper_formula,Full Bernoulli event probability uses selected probabilities and non-selected complement probabilities.
18,28,4,load_loss_threshold,bernoulli_full_event,0,0,0,NaN,NaN,1,terminal_stage_probability_one,1,0,,"","",,Terminal recording stage excluded from Bernoulli complement product.
18,29,1,continue,bernoulli_full_event,45,2,43,0.00641863095,0.758969673985333,0.00487154623955367,full_event_available,0,1,,"1,19","0.002269,0.21304",paper_formula,Full Bernoulli event probability uses selected probabilities and non-selected complement probabilities.
18,29,2,continue,bernoulli_full_event,42,2,40,0.998947341611914,0.773769333047288,0.772954818268412,full_event_available,0,1,,"3,14","0.9222,0.95113",paper_formula,Full Bernoulli event probability uses selected probabilities and non-selected complement probabilities.
18,29,3,continue,bernoulli_full_event,40,8,32,0.00566202487538273,0.814829440816834,0.00461358456309911,full_event_available,0,1,,"7,25,27,30,31,40,41,42","0.010625,0.077326,0.55896,0.14924,0.47256,0.83457,0.0026725,0.11027",paper_formula,Full Bernoulli event probability uses selected probabilities and non-selected complement probabilities.
18,29,4,load_loss_threshold,bernoulli_full_event,0,0,0,NaN,NaN,1,terminal_stage_probability_one,1,0,,"","",,Terminal recording stage excluded from Bernoulli complement product.
18,30,1,continue,bernoulli_full_event,45,1,44,1,0.75409812774578,0.75409812774578,full_event_available,0,1,,"19","0.25442",paper_formula,Full Bernoulli event probability uses selected probabilities and non-selected complement probabilities.
18,30,2,continue,bernoulli_full_event,43,2,41,0.00576641589455869,0.768830370433969,0.00443339566828989,full_event_available,0,1,,"14,22","0.11402,0.0063454",paper_formula,Full Bernoulli event probability uses selected probabilities and non-selected complement probabilities.
18,30,3,continue,bernoulli_full_event,41,3,38,0.0942814321874007,0.611813905904342,0.057682691280829,full_event_available,0,1,,"3,6,17","0.098409,0.42785,0.065737",paper_formula,Full Bernoulli event probability uses selected probabilities and non-selected complement probabilities.
18,30,4,load_loss_threshold,bernoulli_full_event,0,0,0,NaN,NaN,1,terminal_stage_probability_one,1,0,,"","",,Terminal recording stage excluded from Bernoulli complement product.
19,1,1,continue,bernoulli_full_event,45,3,42,0.006437441425,0.763935869681476,0.00491779241353094,full_event_available,0,1,,"13,18,41","0.40611,0.53479,0.0012694",paper_formula,Full Bernoulli event probability uses selected probabilities and non-selected complement probabilities.
19,1,2,continue,bernoulli_full_event,41,3,38,0.929365791744051,0.754605439888252,0.701304482096113,full_event_available,0,1,,"8,10,14","0.36032,0.11374,0.3643",paper_formula,Full Bernoulli event probability uses selected probabilities and non-selected complement probabilities.
19,1,3,continue,bernoulli_full_event,38,3,35,4.16704019542305e-05,0.798713469766514,3.32827113314288e-05,full_event_available,0,1,,"27,28,43","0.78701,0.0062148,0.005282",paper_formula,Full Bernoulli event probability uses selected probabilities and non-selected complement probabilities.
19,1,4,load_loss_threshold,bernoulli_full_event,32,0,32,NaN,NaN,1,terminal_stage_probability_one,1,0,,"","",,Terminal recording stage excluded from Bernoulli complement product.
19,2,1,continue,bernoulli_full_event,45,3,42,0.00656119455,0.764031033521115,0.00501295625316961,full_event_available,0,1,,"13,18,36","0.60242,0.97633,0.0057262",paper_formula,Full Bernoulli event probability uses selected probabilities and non-selected complement probabilities.
19,2,2,continue,bernoulli_full_event,41,3,38,0.00473835309138284,0.783556105191822,0.00371276549330756,full_event_available,0,1,,"8,12,14","0.38378,0.0040351,0.82301",paper_formula,Full Bernoulli event probability uses selected probabilities and non-selected complement probabilities.
19,2,3,continue,bernoulli_full_event,38,1,37,1,0.632217415859741,0.632217415859741,full_event_available,0,1,,"27","0.55096",paper_formula,Full Bernoulli event probability uses selected probabilities and non-selected complement probabilities.
19,2,4,continue,bernoulli_full_event,34,1,33,1,0.648190537761824,0.648190537761824,full_event_available,0,1,,"3","0.77877",paper_formula,Full Bernoulli event probability uses selected probabilities and non-selected complement probabilities.
19,2,5,max_depth_reached,bernoulli_full_event,33,0,33,NaN,NaN,1,terminal_stage_probability_one,1,0,,"","",,Terminal recording stage excluded from Bernoulli complement product.
19,3,1,continue,bernoulli_full_event,45,3,42,0.00656119455,0.764031033521115,0.00501295625316961,full_event_available,0,1,,"2,13,18","0.0040867,0.39879,0.29238",paper_formula,Full Bernoulli event probability uses selected probabilities and non-selected complement probabilities.
19,3,2,continue,bernoulli_full_event,41,3,38,0.00492580928612366,0.783638861567714,0.00386005558127762,full_event_available,0,1,,"3,14,33","0.27271,0.17149,0.0027873",paper_formula,Full Bernoulli event probability uses selected probabilities and non-selected complement probabilities.
19,3,3,continue,bernoulli_full_event,38,3,35,1,0.689302761342501,0.689302761342501,full_event_available,0,1,,"31,40,42","0.47051,0.50207,0.12088",paper_formula,Full Bernoulli event probability uses selected probabilities and non-selected complement probabilities.
19,3,4,load_loss_threshold,bernoulli_full_event,27,0,27,NaN,NaN,1,terminal_stage_probability_one,1,0,,"","",,Terminal recording stage excluded from Bernoulli complement product.
19,4,1,continue,bernoulli_full_event,45,2,43,1,0.759018077267945,0.759018077267945,full_event_available,0,1,,"13,18","0.96163,0.34043",paper_formula,Full Bernoulli event probability uses selected probabilities and non-selected complement probabilities.
19,4,2,continue,bernoulli_full_event,42,2,40,0.00595894236115287,0.1429789513134,0.000852003329734634,full_event_available,0,1,,"14,25","0.58164,0.003103",paper_formula,Full Bernoulli event probability uses selected probabilities and non-selected complement probabilities.
19,4,3,continue,bernoulli_full_event,40,6,34,1,0.804131955584374,0.804131955584374,full_event_available,0,1,,"3,6,7,26,27,30","0.92198,0.94545,0.17545,0.64951,0.931,0.88332",paper_formula,Full Bernoulli event probability uses selected probabilities and non-selected complement probabilities.
19,4,4,load_loss_threshold,bernoulli_full_event,0,0,0,NaN,NaN,1,terminal_stage_probability_one,1,0,,"","",,Terminal recording stage excluded from Bernoulli complement product.
19,5,1,continue,bernoulli_full_event,45,2,43,1,0.759018077267945,0.759018077267945,full_event_available,0,1,,"13,18","0.58307,0.34369",paper_formula,Full Bernoulli event probability uses selected probabilities and non-selected complement probabilities.
19,5,2,continue,bernoulli_full_event,42,1,41,0.924106053842247,0.142056975609213,0.131275711150994,full_event_available,0,1,,"14","0.32882",paper_formula,Full Bernoulli event probability uses selected probabilities and non-selected complement probabilities.
19,5,3,continue,bernoulli_full_event,41,4,37,4.34072398145832e-05,0.467934357849744,2.03117388886668e-05,full_event_available,0,1,,"3,6,9,42","0.28228,0.33813,0.005577,0.0014115",paper_formula,Full Bernoulli event probability uses selected probabilities and non-selected complement probabilities.
19,5,4,load_loss_threshold,bernoulli_full_event,0,0,0,NaN,NaN,1,terminal_stage_probability_one,1,0,,"","",,Terminal recording stage excluded from Bernoulli complement product.
19,6,1,continue,bernoulli_full_event,45,2,43,1,0.759018077267945,0.759018077267945,full_event_available,0,1,,"13,18","0.54481,0.79501",paper_formula,Full Bernoulli event probability uses selected probabilities and non-selected complement probabilities.
19,6,2,continue,bernoulli_full_event,42,1,41,0.924106053842247,0.142056975609213,0.131275711150994,full_event_available,0,1,,"14","0.042593",paper_formula,Full Bernoulli event probability uses selected probabilities and non-selected complement probabilities.
19,6,3,continue,bernoulli_full_event,41,3,38,0.405770690136994,0.777122174113114,0.31533340091064,full_event_available,0,1,,"3,6,25","0.91814,0.57942,0.17453",paper_formula,Full Bernoulli event probability uses selected probabilities and non-selected complement probabilities.
19,6,4,load_loss_threshold,bernoulli_full_event,0,0,0,NaN,NaN,1,terminal_stage_probability_one,1,0,,"","",,Terminal recording stage excluded from Bernoulli complement product.
19,7,1,continue,bernoulli_full_event,45,2,43,1,0.759018077267945,0.759018077267945,full_event_available,0,1,,"13,18","0.24459,0.89696",paper_formula,Full Bernoulli event probability uses selected probabilities and non-selected complement probabilities.
19,7,2,continue,bernoulli_full_event,42,1,41,0.81635792851204,0.0587080311764275,0.0479267667182086,full_event_available,0,1,,"8","0.7311",paper_formula,Full Bernoulli event probability uses selected probabilities and non-selected complement probabilities.
19,7,3,continue,bernoulli_full_event,41,1,40,1,0.773554316819878,0.773554316819878,full_event_available,0,1,,"3","0.81823",paper_formula,Full Bernoulli event probability uses selected probabilities and non-selected complement probabilities.
19,7,4,continue,bernoulli_full_event,40,9,31,0.006544364125,0.569694581046861,0.00372828877840998,full_event_available,0,1,,"4,7,11,25,27,30,31,40,42","0.66285,0.36148,0.0034971,0.97244,0.29047,0.45066,0.75259,0.56863,0.62618",paper_formula,Full Bernoulli event probability uses selected probabilities and non-selected complement probabilities.
19,7,5,max_depth_reached,bernoulli_full_event,9,0,9,NaN,NaN,1,terminal_stage_probability_one,1,0,,"","",,Terminal recording stage excluded from Bernoulli complement product.
19,8,1,continue,bernoulli_full_event,45,2,43,1,0.759018077267945,0.759018077267945,full_event_available,0,1,,"13,18","0.72838,0.78888",paper_formula,Full Bernoulli event probability uses selected probabilities and non-selected complement probabilities.
19,8,2,continue,bernoulli_full_event,42,2,40,0.754401303840092,0.773553546081225,0.583569803753803,full_event_available,0,1,,"8,14","0.57375,0.69368",paper_formula,Full Bernoulli event probability uses selected probabilities and non-selected complement probabilities.
19,8,3,continue,bernoulli_full_event,40,2,38,0.006663167125,0.783439856503521,0.00522019069626898,full_event_available,0,1,,"17,27","0.004076,0.25728",paper_formula,Full Bernoulli event probability uses selected probabilities and non-selected complement probabilities.
19,8,4,load_loss_threshold,bernoulli_full_event,30,0,30,NaN,NaN,1,terminal_stage_probability_one,1,0,,"","",,Terminal recording stage excluded from Bernoulli complement product.
19,9,1,continue,bernoulli_full_event,45,2,43,1,0.759018077267945,0.759018077267945,full_event_available,0,1,,"13,18","0.62081,0.3269",paper_formula,Full Bernoulli event probability uses selected probabilities and non-selected complement probabilities.
19,9,2,continue,bernoulli_full_event,42,1,41,0.81635792851204,0.0587080311764275,0.0479267667182086,full_event_available,0,1,,"8","0.56507",paper_formula,Full Bernoulli event probability uses selected probabilities and non-selected complement probabilities.
19,9,3,continue,bernoulli_full_event,41,1,40,1,0.773554316819878,0.773554316819878,full_event_available,0,1,,"3","0.8765",paper_formula,Full Bernoulli event probability uses selected probabilities and non-selected complement probabilities.
19,9,4,continue,bernoulli_full_event,40,9,31,0.309633702204409,0.819805795960257,0.253839503691807,full_event_available,0,1,,"4,7,14,25,27,30,31,40,42","0.27724,0.89259,0.1205,0.5614,0.29822,0.85392,0.66185,0.48557,0.07142",paper_formula,Full Bernoulli event probability uses selected probabilities and non-selected complement probabilities.
19,9,5,max_depth_reached,bernoulli_full_event,9,0,9,NaN,NaN,1,terminal_stage_probability_one,1,0,,"","",,Terminal recording stage excluded from Bernoulli complement product.
19,10,1,continue,bernoulli_full_event,45,4,41,3.86931697363517e-05,0.76855622814405,2.9737876587508e-05,full_event_available,0,1,,"13,18,27,28","0.3064,0.79785,0.0051237,0.0063578",paper_formula,Full Bernoulli event probability uses selected probabilities and non-selected complement probabilities.
19,10,2,continue,bernoulli_full_event,37,4,33,0.629095749454747,0.191570680875381,0.120516301058854,full_event_available,0,1,,"8,10,14,38","0.80139,0.34609,0.04457,0.63491",paper_formula,Full Bernoulli event probability uses selected probabilities and non-selected complement probabilities.
19,10,3,load_loss_threshold,bernoulli_full_event,29,0,29,NaN,NaN,1,terminal_stage_probability_one,1,0,,"","",,Terminal recording stage excluded from Bernoulli complement product.
19,11,1,continue,bernoulli_full_event,45,4,41,4.26140588984473e-05,0.769025750316766,3.27713086184213e-05,full_event_available,0,1,,"2,13,18,32","0.0019081,0.037957,0.73077,0.00065939",paper_formula,Full Bernoulli event probability uses selected probabilities and non-selected complement probabilities.
19,11,2,continue,bernoulli_full_event,39,3,36,0.00640346765015993,0.793573384174998,0.00508162149359254,full_event_available,0,1,,"3,27,39","0.97729,0.035158,0.00177",paper_formula,Full Bernoulli event probability uses selected probabilities and non-selected complement probabilities.
19,11,3,continue,bernoulli_full_event,35,6,29,0.67461843834897,0.497923498454813,0.335908372944842,full_event_available,0,1,,"8,10,14,31,40,42","0.22469,0.36012,0.98154,0.1762,0.19431,0.77826",paper_formula,Full Bernoulli event probability uses selected probabilities and non-selected complement probabilities.
19,11,4,load_loss_threshold,bernoulli_full_event,0,0,0,NaN,NaN,1,terminal_stage_probability_one,1,0,,"","",,Terminal recording stage excluded from Bernoulli complement product.
19,12,1,continue,bernoulli_full_event,45,2,43,1,0.759018077267945,0.759018077267945,full_event_available,0,1,,"13,18","0.87236,0.38372",paper_formula,Full Bernoulli event probability uses selected probabilities and non-selected complement probabilities.
19,12,2,continue,bernoulli_full_event,42,2,40,0.754401303840092,0.773553546081225,0.583569803753803,full_event_available,0,1,,"8,14","0.083456,0.38064",paper_formula,Full Bernoulli event probability uses selected probabilities and non-selected complement probabilities.
19,12,3,continue,bernoulli_full_event,40,1,39,1,0.778219665807252,0.778219665807252,full_event_available,0,1,,"27","0.33989",paper_formula,Full Bernoulli event probability uses selected probabilities and non-selected complement probabilities.
19,12,4,continue,bernoulli_full_event,36,1,35,1,0.797881568938525,0.797881568938525,full_event_available,0,1,,"3","0.64514",paper_formula,Full Bernoulli event probability uses selected probabilities and non-selected complement probabilities.
19,12,5,max_depth_reached,bernoulli_full_event,35,0,35,NaN,NaN,1,terminal_stage_probability_one,1,0,,"","",,Terminal recording stage excluded from Bernoulli complement product.
19,13,1,continue,bernoulli_full_event,45,2,43,1,0.759018077267945,0.759018077267945,full_event_available,0,1,,"13,18","0.55661,0.89508",paper_formula,Full Bernoulli event probability uses selected probabilities and non-selected complement probabilities.
19,13,2,continue,bernoulli_full_event,42,1,41,0.924106053842247,0.142056975609213,0.131275711150994,full_event_available,0,1,,"14","0.44481",paper_formula,Full Bernoulli event probability uses selected probabilities and non-selected complement probabilities.
19,13,3,continue,bernoulli_full_event,41,5,36,1.65497686822527e-05,0.787144191774827,1.30270542934522e-05,full_event_available,0,1,,"3,6,7,25,38","0.7701,0.243,0.004057,0.18029,0.0045954",paper_formula,Full Bernoulli event probability uses selected probabilities and non-selected complement probabilities.
19,13,4,load_loss_threshold,bernoulli_full_event,0,0,0,NaN,NaN,1,terminal_stage_probability_one,1,0,,"","",,Terminal recording stage excluded from Bernoulli complement product.
19,14,1,continue,bernoulli_full_event,45,2,43,1,0.759018077267945,0.759018077267945,full_event_available,0,1,,"13,18","0.35777,0.92997",paper_formula,Full Bernoulli event probability uses selected probabilities and non-selected complement probabilities.
19,14,2,continue,bernoulli_full_event,42,2,40,0.754401303840092,0.773553546081225,0.583569803753803,full_event_available,0,1,,"8,14","0.11584,0.3389",paper_formula,Full Bernoulli event probability uses selected probabilities and non-selected complement probabilities.
19,14,3,continue,bernoulli_full_event,40,1,39,1,0.778219665807252,0.778219665807252,full_event_available,0,1,,"27","0.37685",paper_formula,Full Bernoulli event probability uses selected probabilities and non-selected complement probabilities.
19,14,4,continue,bernoulli_full_event,36,2,34,0.006425561125,0.803041561578362,0.00515999263983721,full_event_available,0,1,,"3,4","0.95069,0.0025931",paper_formula,Full Bernoulli event probability uses selected probabilities and non-selected complement probabilities.
19,14,5,max_depth_reached,bernoulli_full_event,25,0,25,NaN,NaN,1,terminal_stage_probability_one,1,0,,"","",,Terminal recording stage excluded from Bernoulli complement product.
19,15,1,continue,bernoulli_full_event,45,2,43,1,0.759018077267945,0.759018077267945,full_event_available,0,1,,"13,18","0.40127,0.1502",paper_formula,Full Bernoulli event probability uses selected probabilities and non-selected complement probabilities.
19,15,2,continue,bernoulli_full_event,42,3,39,0.00452330744114213,0.778219665807252,0.00352012680518908,full_event_available,0,1,,"8,14,27","0.60233,0.42382,0.0025427",paper_formula,Full Bernoulli event probability uses selected probabilities and non-selected complement probabilities.
19,15,3,continue,bernoulli_full_event,36,2,34,0.006407740675,0.803027158726627,0.00514558978810229,full_event_available,0,1,,"3,21","0.63648,0.0016835",paper_formula,Full Bernoulli event probability uses selected probabilities and non-selected complement probabilities.
19,15,4,load_loss_threshold,bernoulli_full_event,34,0,34,NaN,NaN,1,terminal_stage_probability_one,1,0,,"","",,Terminal recording stage excluded from Bernoulli complement product.
19,16,1,continue,bernoulli_full_event,45,2,43,1,0.759018077267945,0.759018077267945,full_event_available,0,1,,"13,18","0.37167,0.10302",paper_formula,Full Bernoulli event probability uses selected probabilities and non-selected complement probabilities.
19,16,2,continue,bernoulli_full_event,42,2,40,0.754401303840092,0.773553546081225,0.583569803753803,full_event_available,0,1,,"8,14","0.35502,0.06993",paper_formula,Full Bernoulli event probability uses selected probabilities and non-selected complement probabilities.
19,16,3,continue,bernoulli_full_event,40,1,39,1,0.778219665807252,0.778219665807252,full_event_available,0,1,,"27","0.31751",paper_formula,Full Bernoulli event probability uses selected probabilities and non-selected complement probabilities.
19,16,4,continue,bernoulli_full_event,36,2,34,0.006358239425,0.802987153515777,0.00510558457725254,full_event_available,0,1,,"3,38","0.16123,0.0013869",paper_formula,Full Bernoulli event probability uses selected probabilities and non-selected complement probabilities.
19,16,5,max_depth_reached,bernoulli_full_event,34,0,34,NaN,NaN,1,terminal_stage_probability_one,1,0,,"","",,Terminal recording stage excluded from Bernoulli complement product.
19,17,1,continue,bernoulli_full_event,45,2,43,1,0.759018077267945,0.759018077267945,full_event_available,0,1,,"13,18","0.1887,0.63128",paper_formula,Full Bernoulli event probability uses selected probabilities and non-selected complement probabilities.
19,17,2,continue,bernoulli_full_event,42,2,40,0.754401303840092,0.773553546081225,0.583569803753803,full_event_available,0,1,,"8,14","0.59109,0.16991",paper_formula,Full Bernoulli event probability uses selected probabilities and non-selected complement probabilities.
19,17,3,continue,bernoulli_full_event,40,1,39,1,0.778219665807252,0.778219665807252,full_event_available,0,1,,"27","0.65716",paper_formula,Full Bernoulli event probability uses selected probabilities and non-selected complement probabilities.
19,17,4,continue,bernoulli_full_event,36,1,35,1,0.797881568938525,0.797881568938525,full_event_available,0,1,,"3","0.55356",paper_formula,Full Bernoulli event probability uses selected probabilities and non-selected complement probabilities.
19,17,5,max_depth_reached,bernoulli_full_event,35,0,35,NaN,NaN,1,terminal_stage_probability_one,1,0,,"","",,Terminal recording stage excluded from Bernoulli complement product.
19,18,1,continue,bernoulli_full_event,45,2,43,1,0.759018077267945,0.759018077267945,full_event_available,0,1,,"13,18","0.38603,0.90989",paper_formula,Full Bernoulli event probability uses selected probabilities and non-selected complement probabilities.
19,18,2,continue,bernoulli_full_event,42,3,39,0.00487135172743091,0.778581032164124,0.00379274205597765,full_event_available,0,1,,"8,14,43","0.49064,0.17903,0.0048118",paper_formula,Full Bernoulli event probability uses selected probabilities and non-selected complement probabilities.
19,18,3,continue,bernoulli_full_event,39,1,38,1,0.783277477976953,0.783277477976953,full_event_available,0,1,,"27","0.52444",paper_formula,Full Bernoulli event probability uses selected probabilities and non-selected complement probabilities.
19,18,4,continue,bernoulli_full_event,35,1,34,1,0.803067167923834,0.803067167923834,full_event_available,0,1,,"3","0.36497",paper_formula,Full Bernoulli event probability uses selected probabilities and non-selected complement probabilities.
19,18,5,max_depth_reached,bernoulli_full_event,34,0,34,NaN,NaN,1,terminal_stage_probability_one,1,0,,"","",,Terminal recording stage excluded from Bernoulli complement product.
19,19,1,continue,bernoulli_full_event,45,2,43,1,0.759018077267945,0.759018077267945,full_event_available,0,1,,"13,18","0.47557,0.23379",paper_formula,Full Bernoulli event probability uses selected probabilities and non-selected complement probabilities.
19,19,2,continue,bernoulli_full_event,42,2,40,0.754401303840092,0.773553546081225,0.583569803753803,full_event_available,0,1,,"8,14","0.47427,0.35592",paper_formula,Full Bernoulli event probability uses selected probabilities and non-selected complement probabilities.
19,19,3,continue,bernoulli_full_event,40,1,39,1,0.778219665807252,0.778219665807252,full_event_available,0,1,,"27","0.05103",paper_formula,Full Bernoulli event probability uses selected probabilities and non-selected complement probabilities.
19,19,4,continue,bernoulli_full_event,36,1,35,1,0.797881568938525,0.797881568938525,full_event_available,0,1,,"3","0.4807",paper_formula,Full Bernoulli event probability uses selected probabilities and non-selected complement probabilities.
19,19,5,max_depth_reached,bernoulli_full_event,35,0,35,NaN,NaN,1,terminal_stage_probability_one,1,0,,"","",,Terminal recording stage excluded from Bernoulli complement product.
19,20,1,continue,bernoulli_full_event,45,2,43,1,0.759018077267945,0.759018077267945,full_event_available,0,1,,"13,18","0.41178,0.53736",paper_formula,Full Bernoulli event probability uses selected probabilities and non-selected complement probabilities.
19,20,2,continue,bernoulli_full_event,42,2,40,0.754401303840092,0.773553546081225,0.583569803753803,full_event_available,0,1,,"8,14","0.2652,0.38283",paper_formula,Full Bernoulli event probability uses selected probabilities and non-selected complement probabilities.
19,20,3,continue,bernoulli_full_event,40,1,39,1,0.778219665807252,0.778219665807252,full_event_available,0,1,,"27","0.24172",paper_formula,Full Bernoulli event probability uses selected probabilities and non-selected complement probabilities.
19,20,4,continue,bernoulli_full_event,36,1,35,1,0.797881568938525,0.797881568938525,full_event_available,0,1,,"3","0.43755",paper_formula,Full Bernoulli event probability uses selected probabilities and non-selected complement probabilities.
19,20,5,max_depth_reached,bernoulli_full_event,35,0,35,NaN,NaN,1,terminal_stage_probability_one,1,0,,"","",,Terminal recording stage excluded from Bernoulli complement product.
19,21,1,continue,bernoulli_full_event,45,2,43,1,0.759018077267945,0.759018077267945,full_event_available,0,1,,"13,18","0.78445,0.73164",paper_formula,Full Bernoulli event probability uses selected probabilities and non-selected complement probabilities.
19,21,2,continue,bernoulli_full_event,42,2,40,0.754401303840092,0.773553546081225,0.583569803753803,full_event_available,0,1,,"8,14","0.32729,0.52131",paper_formula,Full Bernoulli event probability uses selected probabilities and non-selected complement probabilities.
19,21,3,continue,bernoulli_full_event,40,2,38,0.006453281825,0.783274355972639,0.00505469016538681,full_event_available,0,1,,"27,28","0.3966,0.0014037",paper_formula,Full Bernoulli event probability uses selected probabilities and non-selected complement probabilities.
19,21,4,continue,bernoulli_full_event,35,2,33,1,0.808202713397058,0.808202713397058,full_event_available,0,1,,"3,38","0.74476,0.051096",paper_formula,Full Bernoulli event probability uses selected probabilities and non-selected complement probabilities.
19,21,5,max_depth_reached,bernoulli_full_event,0,0,0,NaN,NaN,1,terminal_stage_probability_one,1,0,,"","",,Terminal recording stage excluded from Bernoulli complement product.
19,22,1,continue,bernoulli_full_event,45,2,43,1,0.759018077267945,0.759018077267945,full_event_available,0,1,,"13,18","0.74713,0.96603",paper_formula,Full Bernoulli event probability uses selected probabilities and non-selected complement probabilities.
19,22,2,continue,bernoulli_full_event,42,2,40,0.754401303840092,0.773553546081225,0.583569803753803,full_event_available,0,1,,"8,14","0.053495,0.62309",paper_formula,Full Bernoulli event probability uses selected probabilities and non-selected complement probabilities.
19,22,3,continue,bernoulli_full_event,40,1,39,1,0.778219665807252,0.778219665807252,full_event_available,0,1,,"27","0.83535",paper_formula,Full Bernoulli event probability uses selected probabilities and non-selected complement probabilities.
19,22,4,continue,bernoulli_full_event,36,2,34,0.00648199255,0.803087174017507,0.00520560507898203,full_event_available,0,1,,"3,37","0.51574,0.0056682",paper_formula,Full Bernoulli event probability uses selected probabilities and non-selected complement probabilities.
19,22,5,max_depth_reached,bernoulli_full_event,0,0,0,NaN,NaN,1,terminal_stage_probability_one,1,0,,"","",,Terminal recording stage excluded from Bernoulli complement product.
19,23,1,continue,bernoulli_full_event,45,2,43,1,0.759018077267945,0.759018077267945,full_event_available,0,1,,"13,18","0.73699,0.34483",paper_formula,Full Bernoulli event probability uses selected probabilities and non-selected complement probabilities.
19,23,2,continue,bernoulli_full_event,42,2,40,0.754401303840092,0.773553546081225,0.583569803753803,full_event_available,0,1,,"8,14","0.47807,0.32691",paper_formula,Full Bernoulli event probability uses selected probabilities and non-selected complement probabilities.
19,23,3,continue,bernoulli_full_event,40,1,39,1,0.778219665807252,0.778219665807252,full_event_available,0,1,,"27","0.83389",paper_formula,Full Bernoulli event probability uses selected probabilities and non-selected complement probabilities.
19,23,4,continue,bernoulli_full_event,36,1,35,1,0.797881568938525,0.797881568938525,full_event_available,0,1,,"3","0.46977",paper_formula,Full Bernoulli event probability uses selected probabilities and non-selected complement probabilities.
19,23,5,max_depth_reached,bernoulli_full_event,35,0,35,NaN,NaN,1,terminal_stage_probability_one,1,0,,"","",,Terminal recording stage excluded from Bernoulli complement product.
19,24,1,continue,bernoulli_full_event,45,3,42,0.00648199255,0.763970125932663,0.00495204866471809,full_event_available,0,1,,"13,18,37","0.86618,0.97245,0.0056011",paper_formula,Full Bernoulli event probability uses selected probabilities and non-selected complement probabilities.
19,24,2,continue,bernoulli_full_event,41,4,37,0.267053511876686,0.473621884754912,0.126482387625454,full_event_available,0,1,,"3,8,10,14","0.25898,0.018239,0.7754,0.83458",paper_formula,Full Bernoulli event probability uses selected probabilities and non-selected complement probabilities.
19,24,3,continue,bernoulli_full_event,37,5,32,0.196867412575115,0.814685822083856,0.16038508985528,full_event_available,0,1,,"27,30,31,40,42","0.96419,0.085131,0.056579,0.60213,0.20279",paper_formula,Full Bernoulli event probability uses selected probabilities and non-selected complement probabilities.
19,24,4,load_loss_threshold,bernoulli_full_event,0,0,0,NaN,NaN,1,terminal_stage_probability_one,1,0,,"","",,Terminal recording stage excluded from Bernoulli complement product.
19,25,1,continue,bernoulli_full_event,45,2,43,1,0.759018077267945,0.759018077267945,full_event_available,0,1,,"13,18","0.62198,0.67089",paper_formula,Full Bernoulli event probability uses selected probabilities and non-selected complement probabilities.
19,25,2,continue,bernoulli_full_event,42,1,41,0.924106053842247,0.142056975609213,0.131275711150994,full_event_available,0,1,,"14","0.11391",paper_formula,Full Bernoulli event probability uses selected probabilities and non-selected complement probabilities.
19,25,3,continue,bernoulli_full_event,41,2,39,1,0.461788773202475,0.461788773202475,full_event_available,0,1,,"3,6","0.74997,0.25637",paper_formula,Full Bernoulli event probability uses selected probabilities and non-selected complement probabilities.
19,25,4,continue,bernoulli_full_event,39,6,33,0.215900592182306,0.789196044388863,0.170387893331489,full_event_available,0,1,,"9,17,24,25,27,42","0.74225,0.017391,0.7198,0.060179,0.2963,0.52415",paper_formula,Full Bernoulli event probability uses selected probabilities and non-selected complement probabilities.
19,25,5,max_depth_reached,bernoulli_full_event,10,0,10,NaN,NaN,1,terminal_stage_probability_one,1,0,,"","",,Terminal recording stage excluded from Bernoulli complement product.
19,26,1,continue,bernoulli_full_event,45,3,42,0.0065275337,0.764005146609412,0.00498706934146638,full_event_available,0,1,,"6,13,18","0.0025536,0.19638,0.44572",paper_formula,Full Bernoulli event probability uses selected probabilities and non-selected complement probabilities.
19,26,2,continue,bernoulli_full_event,41,2,39,0.713862919210925,0.778636119591898,0.555839453334939,full_event_available,0,1,,"8,14","0.66007,0.47739",paper_formula,Full Bernoulli event probability uses selected probabilities and non-selected complement probabilities.
19,26,3,continue,bernoulli_full_event,39,3,36,0.00648199255,0.793560725911976,0.00514385471333402,full_event_available,0,1,,"25,27,37","0.45853,0.3937,2.0222e-05",paper_formula,Full Bernoulli event probability uses selected probabilities and non-selected complement probabilities.
19,26,4,load_loss_threshold,bernoulli_full_event,28,0,28,NaN,NaN,1,terminal_stage_probability_one,1,0,,"","",,Terminal recording stage excluded from Bernoulli complement product.
19,27,1,continue,bernoulli_full_event,45,3,42,0.00656119455,0.764031033521115,0.00501295625316961,full_event_available,0,1,,"10,13,18","0.0034304,0.59386,0.60759",paper_formula,Full Bernoulli event probability uses selected probabilities and non-selected complement probabilities.
19,27,2,continue,bernoulli_full_event,41,6,35,0.0025841561608638,0.798458845228128,0.00206334234409246,full_event_available,0,1,,"3,7,8,12,14,15","0.55442,0.0033055,0.094063,0.79979,0.6146,0.46266",paper_formula,Full Bernoulli event probability uses selected probabilities and non-selected complement probabilities.
19,27,3,load_loss_threshold,bernoulli_full_event,35,0,35,NaN,NaN,1,terminal_stage_probability_one,1,0,,"","",,Terminal recording stage excluded from Bernoulli complement product.
19,28,1,continue,bernoulli_full_event,45,2,43,1,0.759018077267945,0.759018077267945,full_event_available,0,1,,"13,18","0.67476,0.56344",paper_formula,Full Bernoulli event probability uses selected probabilities and non-selected complement probabilities.
19,28,2,continue,bernoulli_full_event,42,1,41,0.81635792851204,0.0587080311764275,0.0479267667182086,full_event_available,0,1,,"8","0.71591",paper_formula,Full Bernoulli event probability uses selected probabilities and non-selected complement probabilities.
19,28,3,continue,bernoulli_full_event,41,2,39,0.00647011225,0.778591893769507,0.00503757694962878,full_event_available,0,1,,"3,40","0.65708,0.0045827",paper_formula,Full Bernoulli event probability uses selected probabilities and non-selected complement probabilities.
19,28,4,load_loss_threshold,bernoulli_full_event,27,0,27,NaN,NaN,1,terminal_stage_probability_one,1,0,,"","",,Terminal recording stage excluded from Bernoulli complement product.
19,29,1,continue,bernoulli_full_event,45,2,43,1,0.759018077267945,0.759018077267945,full_event_available,0,1,,"13,18","0.85724,0.45578",paper_formula,Full Bernoulli event probability uses selected probabilities and non-selected complement probabilities.
19,29,2,continue,bernoulli_full_event,42,2,40,0.754401303840092,0.773553546081225,0.583569803753803,full_event_available,0,1,,"8,14","0.51824,0.13903",paper_formula,Full Bernoulli event probability uses selected probabilities and non-selected complement probabilities.
19,29,3,continue,bernoulli_full_event,40,2,38,0.006457241925,0.783277477976953,0.00505781216970104,full_event_available,0,1,,"27,43","0.24344,0.002748",paper_formula,Full Bernoulli event probability uses selected probabilities and non-selected complement probabilities.
19,29,4,continue,bernoulli_full_event,35,1,34,1,0.803067167923834,0.803067167923834,full_event_available,0,1,,"3","0.27818",paper_formula,Full Bernoulli event probability uses selected probabilities and non-selected complement probabilities.
19,29,5,max_depth_reached,bernoulli_full_event,34,0,34,NaN,NaN,1,terminal_stage_probability_one,1,0,,"","",,Terminal recording stage excluded from Bernoulli complement product.
19,30,1,continue,bernoulli_full_event,45,2,43,1,0.759018077267945,0.759018077267945,full_event_available,0,1,,"13,18","0.51197,0.40421",paper_formula,Full Bernoulli event probability uses selected probabilities and non-selected complement probabilities.
19,30,2,continue,bernoulli_full_event,42,2,40,0.754401303840092,0.773553546081225,0.583569803753803,full_event_available,0,1,,"8,14","0.090424,0.18495",paper_formula,Full Bernoulli event probability uses selected probabilities and non-selected complement probabilities.
19,30,3,continue,bernoulli_full_event,40,1,39,1,0.778219665807252,0.778219665807252,full_event_available,0,1,,"27","0.31822",paper_formula,Full Bernoulli event probability uses selected probabilities and non-selected complement probabilities.
19,30,4,continue,bernoulli_full_event,36,2,34,0.00628794765,0.802930352964562,0.00504878402603719,full_event_available,0,1,,"3,26","0.90647,0.0043019",paper_formula,Full Bernoulli event probability uses selected probabilities and non-selected complement probabilities.
19,30,5,max_depth_reached,bernoulli_full_event,34,0,34,NaN,NaN,1,terminal_stage_probability_one,1,0,,"","",,Terminal recording stage excluded from Bernoulli complement product.
20,1,1,continue,bernoulli_full_event,45,1,44,0.820979576581099,0.754114624902467,0.619112705446041,full_event_available,0,1,,"14","0.50182",paper_formula,Full Bernoulli event probability uses selected probabilities and non-selected complement probabilities.
20,1,2,continue,bernoulli_full_event,44,4,40,0.00299339107187839,0.773882642691835,0.00231653339331539,full_event_available,0,1,,"3,6,25,43","0.023004,0.83771,0.17196,0.0037907",paper_formula,Full Bernoulli event probability uses selected probabilities and non-selected complement probabilities.
20,1,3,load_loss_threshold,bernoulli_full_event,0,0,0,NaN,NaN,1,terminal_stage_probability_one,1,0,,"","",,Terminal recording stage excluded from Bernoulli complement product.
20,2,1,continue,bernoulli_full_event,45,1,44,0.820979576581099,0.754114624902467,0.619112705446041,full_event_available,0,1,,"14","0.81218",paper_formula,Full Bernoulli event probability uses selected probabilities and non-selected complement probabilities.
20,2,2,continue,bernoulli_full_event,44,3,41,0.00623422205138108,0.414402717544106,0.00258347855986571,full_event_available,0,1,,"3,6,12","0.56283,0.71064,0.0014808",paper_formula,Full Bernoulli event probability uses selected probabilities and non-selected complement probabilities.
20,2,3,continue,bernoulli_full_event,41,4,37,0.686230774116942,0.685025147112351,0.47008533699248,full_event_available,0,1,,"24,25,27,42","0.060632,0.34004,0.058573,0.96827",paper_formula,Full Bernoulli event probability uses selected probabilities and non-selected complement probabilities.
20,2,4,load_loss_threshold,bernoulli_full_event,0,0,0,NaN,NaN,1,terminal_stage_probability_one,1,0,,"","",,Terminal recording stage excluded from Bernoulli complement product.
20,3,1,continue,bernoulli_full_event,45,1,44,0.820979576581099,0.754114624902467,0.619112705446041,full_event_available,0,1,,"14","0.73698",paper_formula,Full Bernoulli event probability uses selected probabilities and non-selected complement probabilities.
20,3,2,continue,bernoulli_full_event,44,3,41,0.0065830766914723,0.414548503959237,0.00272900459389877,full_event_available,0,1,,"3,6,9","0.37482,0.0058906,0.0042672",paper_formula,Full Bernoulli event probability uses selected probabilities and non-selected complement probabilities.
20,3,3,continue,bernoulli_full_event,41,5,36,0.998713600641491,0.725426691780844,0.724493503349892,full_event_available,0,1,,"13,23,24,25,27","0.25543,0.012522,0.38959,0.33002,0.18289",paper_formula,Full Bernoulli event probability uses selected probabilities and non-selected complement probabilities.
20,3,4,load_loss_threshold,bernoulli_full_event,0,0,0,NaN,NaN,1,terminal_stage_probability_one,1,0,,"","",,Terminal recording stage excluded from Bernoulli complement product.
20,4,1,continue,bernoulli_full_event,45,1,44,0.820979576581099,0.754114624902467,0.619112705446041,full_event_available,0,1,,"14","0.11311",paper_formula,Full Bernoulli event probability uses selected probabilities and non-selected complement probabilities.
20,4,2,continue,bernoulli_full_event,44,4,40,0.00279007753810525,0.773541177245768,0.00215823986343291,full_event_available,0,1,,"3,6,8,25","0.29207,0.65219,0.0032492,0.41429",paper_formula,Full Bernoulli event probability uses selected probabilities and non-selected complement probabilities.
20,4,3,load_loss_threshold,bernoulli_full_event,0,0,0,NaN,NaN,1,terminal_stage_probability_one,1,0,,"","",,Terminal recording stage excluded from Bernoulli complement product.
20,5,1,continue,bernoulli_full_event,45,2,43,0.00526631375834012,0.758983252648872,0.00399704394577449,full_event_available,0,1,,"7,14","0.0055017,0.62603",paper_formula,Full Bernoulli event probability uses selected probabilities and non-selected complement probabilities.
20,5,2,continue,bernoulli_full_event,43,3,40,0.0130645368013795,0.710817642522354,0.0092865032498031,full_event_available,0,1,,"3,6,17","0.25371,0.080401,0.010424",paper_formula,Full Bernoulli event probability uses selected probabilities and non-selected complement probabilities.
20,5,3,load_loss_threshold,bernoulli_full_event,0,0,0,NaN,NaN,1,terminal_stage_probability_one,1,0,,"","",,Terminal recording stage excluded from Bernoulli complement product.
20,6,1,continue,bernoulli_full_event,45,1,44,0.820979576581099,0.754114624902467,0.619112705446041,full_event_available,0,1,,"14","0.46163",paper_formula,Full Bernoulli event probability uses selected probabilities and non-selected complement probabilities.
20,6,2,continue,bernoulli_full_event,44,2,42,0.998213954997754,0.41181461651934,0.411079097081654,full_event_available,0,1,,"3,6","0.97828,0.25287",paper_formula,Full Bernoulli event probability uses selected probabilities and non-selected complement probabilities.
20,6,3,continue,bernoulli_full_event,42,4,38,0.624077405109977,0.670491318496979,0.418438482196362,full_event_available,0,1,,"24,25,27,42","0.10922,0.16569,0.54627,0.12094",paper_formula,Full Bernoulli event probability uses selected probabilities and non-selected complement probabilities.
20,6,4,load_loss_threshold,bernoulli_full_event,0,0,0,NaN,NaN,1,terminal_stage_probability_one,1,0,,"","",,Terminal recording stage excluded from Bernoulli complement product.
20,7,1,continue,bernoulli_full_event,45,1,44,0.820979576581099,0.754114624902467,0.619112705446041,full_event_available,0,1,,"14","0.11029",paper_formula,Full Bernoulli event probability uses selected probabilities and non-selected complement probabilities.
20,7,2,continue,bernoulli_full_event,44,2,42,0.998213954997754,0.41181461651934,0.411079097081654,full_event_available,0,1,,"3,6","0.033703,0.26698",paper_formula,Full Bernoulli event probability uses selected probabilities and non-selected complement probabilities.
20,7,3,continue,bernoulli_full_event,42,4,38,0.624077405109977,0.670491318496979,0.418438482196362,full_event_available,0,1,,"24,25,27,42","0.59898,0.40213,0.63084,0.53278",paper_formula,Full Bernoulli event probability uses selected probabilities and non-selected complement probabilities.
20,7,4,load_loss_threshold,bernoulli_full_event,0,0,0,NaN,NaN,1,terminal_stage_probability_one,1,0,,"","",,Terminal recording stage excluded from Bernoulli complement product.
20,8,1,continue,bernoulli_full_event,45,1,44,0.820979576581099,0.754114624902467,0.619112705446041,full_event_available,0,1,,"14","0.7428",paper_formula,Full Bernoulli event probability uses selected probabilities and non-selected complement probabilities.
20,8,2,continue,bernoulli_full_event,44,3,41,0.463571151065149,0.768885495246416,0.356433134068678,full_event_available,0,1,,"3,6,25","0.61746,0.10894,0.11183",paper_formula,Full Bernoulli event probability uses selected probabilities and non-selected complement probabilities.
20,8,3,load_loss_threshold,bernoulli_full_event,0,0,0,NaN,NaN,1,terminal_stage_probability_one,1,0,,"","",,Terminal recording stage excluded from Bernoulli complement product.
20,9,1,continue,bernoulli_full_event,45,1,44,0.820979576581099,0.754114624902467,0.619112705446041,full_event_available,0,1,,"14","0.35307",paper_formula,Full Bernoulli event probability uses selected probabilities and non-selected complement probabilities.
20,9,2,continue,bernoulli_full_event,44,3,41,0.00648326275762184,0.414506781224148,0.00268735637749222,full_event_available,0,1,,"3,6,32","0.088667,0.6573,0.003879",paper_formula,Full Bernoulli event probability uses selected probabilities and non-selected complement probabilities.
20,9,3,continue,bernoulli_full_event,40,4,36,0.836367205431029,0.793522745615134,0.663676401196088,full_event_available,0,1,,"24,25,27,42","0.72023,0.37011,0.99086,0.38151",paper_formula,Full Bernoulli event probability uses selected probabilities and non-selected complement probabilities.
20,9,4,load_loss_threshold,bernoulli_full_event,0,0,0,NaN,NaN,1,terminal_stage_probability_one,1,0,,"","",,Terminal recording stage excluded from Bernoulli complement product.
20,10,1,continue,bernoulli_full_event,45,1,44,0.820979576581099,0.754114624902467,0.619112705446041,full_event_available,0,1,,"14","0.12019",paper_formula,Full Bernoulli event probability uses selected probabilities and non-selected complement probabilities.
20,10,2,continue,bernoulli_full_event,44,2,42,0.998213954997754,0.41181461651934,0.411079097081654,full_event_available,0,1,,"3,6","0.93695,0.025696",paper_formula,Full Bernoulli event probability uses selected probabilities and non-selected complement probabilities.
20,10,3,continue,bernoulli_full_event,42,3,39,1,0.252052836300617,0.252052836300617,full_event_available,0,1,,"25,27,42","0.1767,0.67065,0.82091",paper_formula,Full Bernoulli event probability uses selected probabilities and non-selected complement probabilities.
20,10,4,load_loss_threshold,bernoulli_full_event,0,0,0,NaN,NaN,1,terminal_stage_probability_one,1,0,,"","",,Terminal recording stage excluded from Bernoulli complement product.
20,11,1,no_new_outage,bernoulli_full_event,45,0,45,1,0.135001919456426,0.135001919456426,full_event_available,1,1,,"","",paper_formula,Full Bernoulli event probability uses selected probabilities and non-selected complement probabilities.
20,12,1,continue,bernoulli_full_event,45,2,43,0.0053321497730698,0.759044514943043,0.00404733903810342,full_event_available,0,1,,"14,32","0.57342,0.0064165",paper_formula,Full Bernoulli event probability uses selected probabilities and non-selected complement probabilities.
20,12,2,continue,bernoulli_full_event,42,4,38,0.995950211259978,0.783287591938577,0.780115442668545,full_event_available,0,1,,"3,6,25,27","0.95056,0.63421,0.0075696,0.6681",paper_formula,Full Bernoulli event probability uses selected probabilities and non-selected complement probabilities.
20,12,3,load_loss_threshold,bernoulli_full_event,0,0,0,NaN,NaN,1,terminal_stage_probability_one,1,0,,"","",,Terminal recording stage excluded from Bernoulli complement product.
20,13,1,no_new_outage,bernoulli_full_event,45,0,45,1,0.135001919456426,0.135001919456426,full_event_available,1,1,,"","",paper_formula,Full Bernoulli event probability uses selected probabilities and non-selected complement probabilities.
20,14,1,no_new_outage,bernoulli_full_event,45,0,45,1,0.135001919456426,0.135001919456426,full_event_available,1,1,,"","",paper_formula,Full Bernoulli event probability uses selected probabilities and non-selected complement probabilities.
20,15,1,continue,bernoulli_full_event,45,1,44,0.820979576581099,0.754114624902467,0.619112705446041,full_event_available,0,1,,"14","0.09405",paper_formula,Full Bernoulli event probability uses selected probabilities and non-selected complement probabilities.
20,15,2,continue,bernoulli_full_event,44,3,41,0.463571151065149,0.768885495246416,0.356433134068678,full_event_available,0,1,,"3,6,25","0.13363,0.55789,0.18785",paper_formula,Full Bernoulli event probability uses selected probabilities and non-selected complement probabilities.
20,15,3,load_loss_threshold,bernoulli_full_event,0,0,0,NaN,NaN,1,terminal_stage_probability_one,1,0,,"","",,Terminal recording stage excluded from Bernoulli complement product.
20,16,1,continue,bernoulli_full_event,45,1,44,0.820979576581099,0.754114624902467,0.619112705446041,full_event_available,0,1,,"14","0.16893",paper_formula,Full Bernoulli event probability uses selected probabilities and non-selected complement probabilities.
20,16,2,continue,bernoulli_full_event,44,3,41,0.463571151065149,0.768885495246416,0.356433134068678,full_event_available,0,1,,"3,6,25","0.56038,0.94529,0.10435",paper_formula,Full Bernoulli event probability uses selected probabilities and non-selected complement probabilities.
20,16,3,load_loss_threshold,bernoulli_full_event,0,0,0,NaN,NaN,1,terminal_stage_probability_one,1,0,,"","",,Terminal recording stage excluded from Bernoulli complement product.
20,17,1,continue,bernoulli_full_event,45,3,42,3.62601323551413e-05,0.764238892209004,2.7711403382445e-05,full_event_available,0,1,,"14,19,30","0.4688,0.0034041,0.0031597",paper_formula,Full Bernoulli event probability uses selected probabilities and non-selected complement probabilities.
20,17,2,continue,bernoulli_full_event,42,2,40,1,0.544476804450022,0.544476804450022,full_event_available,0,1,,"3,25","0.15967,0.49434",paper_formula,Full Bernoulli event probability uses selected probabilities and non-selected complement probabilities.
20,17,3,load_loss_threshold,bernoulli_full_event,0,0,0,NaN,NaN,1,terminal_stage_probability_one,1,0,,"","",,Terminal recording stage excluded from Bernoulli complement product.
20,18,1,continue,bernoulli_full_event,45,1,44,0.820979576581099,0.754114624902467,0.619112705446041,full_event_available,0,1,,"14","0.056256",paper_formula,Full Bernoulli event probability uses selected probabilities and non-selected complement probabilities.
20,18,2,continue,bernoulli_full_event,44,3,41,0.00638344882377137,0.414465066886684,0.00264571654371213,full_event_available,0,1,,"3,6,46","0.12146,0.45665,0.002261",paper_formula,Full Bernoulli event probability uses selected probabilities and non-selected complement probabilities.
20,18,3,continue,bernoulli_full_event,41,6,35,0.797622732058255,0.798727777345825,0.637083431937394,full_event_available,0,1,,"4,16,17,25,27,40","0.71857,0.31686,0.4757,0.07825,0.86134,0.074357",paper_formula,Full Bernoulli event probability uses selected probabilities and non-selected complement probabilities.
20,18,4,load_loss_threshold,bernoulli_full_event,15,0,15,NaN,NaN,1,terminal_stage_probability_one,1,0,,"","",,Terminal recording stage excluded from Bernoulli complement product.
20,19,1,continue,bernoulli_full_event,45,1,44,0.820979576581099,0.754114624902467,0.619112705446041,full_event_available,0,1,,"14","0.35616",paper_formula,Full Bernoulli event probability uses selected probabilities and non-selected complement probabilities.
20,19,2,continue,bernoulli_full_event,44,4,40,0.00277952175644208,0.773523457019845,0.00215002527790495,full_event_available,0,1,,"3,6,25,27","0.018159,0.34759,0.23367,0.0042864",paper_formula,Full Bernoulli event probability uses selected probabilities and non-selected complement probabilities.
20,19,3,load_loss_threshold,bernoulli_full_event,0,0,0,NaN,NaN,1,terminal_stage_probability_one,1,0,,"","",,Terminal recording stage excluded from Bernoulli complement product.
20,20,1,continue,bernoulli_full_event,45,2,43,0.00528500793536212,0.759000647109774,0.00401132444292014,full_event_available,0,1,,"14,41","0.40333,0.0020905",paper_formula,Full Bernoulli event probability uses selected probabilities and non-selected complement probabilities.
20,20,2,continue,bernoulli_full_event,43,6,37,0.811489809669965,0.122201525386952,0.0991652925776366,full_event_available,0,1,,"1,3,16,17,25,27","0.21751,0.4058,0.65334,0.61592,0.70376,0.27511",paper_formula,Full Bernoulli event probability uses selected probabilities and non-selected complement probabilities.
20,20,3,load_loss_threshold,bernoulli_full_event,0,0,0,NaN,NaN,1,terminal_stage_probability_one,1,0,,"","",,Terminal recording stage excluded from Bernoulli complement product.
20,21,1,continue,bernoulli_full_event,45,1,44,0.820979576581099,0.754114624902467,0.619112705446041,full_event_available,0,1,,"14","0.58062",paper_formula,Full Bernoulli event probability uses selected probabilities and non-selected complement probabilities.
20,21,2,continue,bernoulli_full_event,44,3,41,0.463571151065149,0.768885495246416,0.356433134068678,full_event_available,0,1,,"3,6,25","0.15217,0.43205,0.34625",paper_formula,Full Bernoulli event probability uses selected probabilities and non-selected complement probabilities.
20,21,3,load_loss_threshold,bernoulli_full_event,0,0,0,NaN,NaN,1,terminal_stage_probability_one,1,0,,"","",,Terminal recording stage excluded from Bernoulli complement product.
20,22,1,continue,bernoulli_full_event,45,1,44,0.820979576581099,0.754114624902467,0.619112705446041,full_event_available,0,1,,"14","0.16182",paper_formula,Full Bernoulli event probability uses selected probabilities and non-selected complement probabilities.
20,22,2,continue,bernoulli_full_event,44,3,41,0.00639629616179173,0.414470435588042,0.00265107565632794,full_event_available,0,1,,"3,6,21","0.87181,0.96298,4.2354e-07",paper_formula,Full Bernoulli event probability uses selected probabilities and non-selected complement probabilities.
20,22,3,continue,bernoulli_full_event,41,6,35,2.55154525756598e-05,0.6854258994584,1.74889520317597e-05,full_event_available,0,1,,"24,25,27,37,42,44","0.29196,0.29243,0.65816,0.0053564,0.94468,0.0038029",paper_formula,Full Bernoulli event probability uses selected probabilities and non-selected complement probabilities.
20,22,4,load_loss_threshold,bernoulli_full_event,0,0,0,NaN,NaN,1,terminal_stage_probability_one,1,0,,"","",,Terminal recording stage excluded from Bernoulli complement product.
20,23,1,no_new_outage,bernoulli_full_event,45,0,45,1,0.135001919456426,0.135001919456426,full_event_available,1,1,,"","",paper_formula,Full Bernoulli event probability uses selected probabilities and non-selected complement probabilities.
20,24,1,continue,bernoulli_full_event,45,2,43,0.00525005795223402,0.758968127678755,0.00398462665421201,full_event_available,0,1,,"14,46","0.33324,0.0024446",paper_formula,Full Bernoulli event probability uses selected probabilities and non-selected complement probabilities.
20,24,2,continue,bernoulli_full_event,43,7,36,0.00649051514075735,0.793544893640901,0.00515051514704695,full_event_available,0,1,,"1,3,16,17,27,35,40","0.025914,0.86663,0.5786,0.13663,0.26917,0.00078589,0.18947",paper_formula,Full Bernoulli event probability uses selected probabilities and non-selected complement probabilities.
20,24,3,load_loss_threshold,bernoulli_full_event,0,0,0,NaN,NaN,1,terminal_stage_probability_one,1,0,,"","",,Terminal recording stage excluded from Bernoulli complement product.
20,25,1,continue,bernoulli_full_event,45,1,44,0.820979576581099,0.754114624902467,0.619112705446041,full_event_available,0,1,,"14","0.56027",paper_formula,Full Bernoulli event probability uses selected probabilities and non-selected complement probabilities.
20,25,2,continue,bernoulli_full_event,44,4,40,4.25932451441844e-05,0.417248146301915,1.7771952581394e-05,full_event_available,0,1,,"3,6,9,40","0.84044,0.73692,0.00093935,0.0014947",paper_formula,Full Bernoulli event probability uses selected probabilities and non-selected complement probabilities.
20,25,3,load_loss_threshold,bernoulli_full_event,40,0,40,NaN,NaN,1,terminal_stage_probability_one,1,0,,"","",,Terminal recording stage excluded from Bernoulli complement product.
20,26,1,continue,bernoulli_full_event,45,1,44,0.820979576581099,0.754114624902467,0.619112705446041,full_event_available,0,1,,"14","0.26771",paper_formula,Full Bernoulli event probability uses selected probabilities and non-selected complement probabilities.
20,26,2,continue,bernoulli_full_event,44,3,41,0.463571151065149,0.768885495246416,0.356433134068678,full_event_available,0,1,,"3,6,25","0.88431,0.41661,0.23219",paper_formula,Full Bernoulli event probability uses selected probabilities and non-selected complement probabilities.
20,26,3,load_loss_threshold,bernoulli_full_event,0,0,0,NaN,NaN,1,terminal_stage_probability_one,1,0,,"","",,Terminal recording stage excluded from Bernoulli complement product.
20,27,1,no_new_outage,bernoulli_full_event,45,0,45,1,0.135001919456426,0.135001919456426,full_event_available,1,1,,"","",paper_formula,Full Bernoulli event probability uses selected probabilities and non-selected complement probabilities.
20,28,1,continue,bernoulli_full_event,45,1,44,0.00656119455,0.135893543432978,0.000891623976552646,full_event_available,0,1,,"31","0.0012981",paper_formula,Full Bernoulli event probability uses selected probabilities and non-selected complement probabilities.
20,28,2,no_new_outage,bernoulli_full_event,44,0,44,1,0.118769122030234,0.118769122030234,full_event_available,1,1,,"","",paper_formula,Full Bernoulli event probability uses selected probabilities and non-selected complement probabilities.
20,29,1,continue,bernoulli_full_event,45,1,44,0.006245376575,0.135850356088043,0.000848436631617674,full_event_available,0,1,,"12","0.0053481",paper_formula,Full Bernoulli event probability uses selected probabilities and non-selected complement probabilities.
20,29,2,continue,bernoulli_full_event,44,3,41,0.994245309876654,0.768897772902795,0.764473004483208,full_event_available,0,1,,"10,11,14","0.75408,0.53974,0.37972",paper_formula,Full Bernoulli event probability uses selected probabilities and non-selected complement probabilities.
20,29,3,continue,bernoulli_full_event,41,2,39,1,0.778532924259,0.778532924259,full_event_available,0,1,,"1,27","0.15995,0.98347",paper_formula,Full Bernoulli event probability uses selected probabilities and non-selected complement probabilities.
20,29,4,load_loss_threshold,bernoulli_full_event,32,0,32,NaN,NaN,1,terminal_stage_probability_one,1,0,,"","",,Terminal recording stage excluded from Bernoulli complement product.
20,30,1,no_new_outage,bernoulli_full_event,45,0,45,1,0.135001919456426,0.135001919456426,full_event_available,1,1,,"","",paper_formula,Full Bernoulli event probability uses selected probabilities and non-selected complement probabilities.
21,1,1,no_new_outage,bernoulli_full_event,45,0,45,1,0.749225708243027,0.749225708243027,full_event_available,1,1,,"","",paper_formula,Full Bernoulli event probability uses selected probabilities and non-selected complement probabilities.
21,2,1,continue,bernoulli_full_event,45,1,44,0.006544364125,0.754161213835318,0.00493550559229031,full_event_available,0,1,,"11","0.006316",paper_formula,Full Bernoulli event probability uses selected probabilities and non-selected complement probabilities.
21,2,2,continue,bernoulli_full_event,44,2,42,0.00649067635073677,0.763861253188314,0.00495797617131353,full_event_available,0,1,,"12,35","0.47524,0.0044714",paper_formula,Full Bernoulli event probability uses selected probabilities and non-selected complement probabilities.
21,2,3,continue,bernoulli_full_event,42,6,36,1,0.793858013194342,0.793858013194342,full_event_available,0,1,,"1,13,27,29,36,38","0.94386,0.25982,0.93501,0.61321,0.096597,0.62319",paper_formula,Full Bernoulli event probability uses selected probabilities and non-selected complement probabilities.
21,2,4,load_loss_threshold,bernoulli_full_event,27,0,27,NaN,NaN,1,terminal_stage_probability_one,1,0,,"","",,Terminal recording stage excluded from Bernoulli complement product.
21,3,1,no_new_outage,bernoulli_full_event,45,0,45,1,0.749225708243027,0.749225708243027,full_event_available,1,1,,"","",paper_formula,Full Bernoulli event probability uses selected probabilities and non-selected complement probabilities.
21,4,1,no_new_outage,bernoulli_full_event,45,0,45,1,0.749225708243027,0.749225708243027,full_event_available,1,1,,"","",paper_formula,Full Bernoulli event probability uses selected probabilities and non-selected complement probabilities.
21,5,1,no_new_outage,bernoulli_full_event,45,0,45,1,0.749225708243027,0.749225708243027,full_event_available,1,1,,"","",paper_formula,Full Bernoulli event probability uses selected probabilities and non-selected complement probabilities.
21,6,1,no_new_outage,bernoulli_full_event,45,0,45,1,0.749225708243027,0.749225708243027,full_event_available,1,1,,"","",paper_formula,Full Bernoulli event probability uses selected probabilities and non-selected complement probabilities.
21,7,1,no_new_outage,bernoulli_full_event,45,0,45,1,0.749225708243027,0.749225708243027,full_event_available,1,1,,"","",paper_formula,Full Bernoulli event probability uses selected probabilities and non-selected complement probabilities.
21,8,1,no_new_outage,bernoulli_full_event,45,0,45,1,0.749225708243027,0.749225708243027,full_event_available,1,1,,"","",paper_formula,Full Bernoulli event probability uses selected probabilities and non-selected complement probabilities.
21,9,1,no_new_outage,bernoulli_full_event,45,0,45,1,0.749225708243027,0.749225708243027,full_event_available,1,1,,"","",paper_formula,Full Bernoulli event probability uses selected probabilities and non-selected complement probabilities.
21,10,1,no_new_outage,bernoulli_full_event,45,0,45,1,0.749225708243027,0.749225708243027,full_event_available,1,1,,"","",paper_formula,Full Bernoulli event probability uses selected probabilities and non-selected complement probabilities.
21,11,1,continue,bernoulli_full_event,45,1,44,0.006425561125,0.754071037788932,0.00484532954590497,full_event_available,0,1,,"39","0.0051709",paper_formula,Full Bernoulli event probability uses selected probabilities and non-selected complement probabilities.
21,11,2,continue,bernoulli_full_event,44,3,41,0.0604408064676377,0.646767182165756,0.0390911300868998,full_event_available,0,1,,"14,19,23","0.069891,0.28205,0.35496",paper_formula,Full Bernoulli event probability uses selected probabilities and non-selected complement probabilities.
21,11,3,continue,bernoulli_full_event,40,3,37,1,0.788797046976536,0.788797046976536,full_event_available,0,1,,"3,13,18","0.56755,0.74097,0.30325",paper_formula,Full Bernoulli event probability uses selected probabilities and non-selected complement probabilities.
21,11,4,continue,bernoulli_full_event,36,5,31,0.006009750625,0.106345312471014,0.000639108808088497,full_event_available,0,1,,"27,31,33,40,42","0.89333,0.71294,0.00068347,0.78437,0.42348",paper_formula,Full Bernoulli event probability uses selected probabilities and non-selected complement probabilities.
21,11,5,max_depth_reached,bernoulli_full_event,0,0,0,NaN,NaN,1,terminal_stage_probability_one,1,0,,"","",,Terminal recording stage excluded from Bernoulli complement product.
21,12,1,no_new_outage,bernoulli_full_event,45,0,45,1,0.749225708243027,0.749225708243027,full_event_available,1,1,,"","",paper_formula,Full Bernoulli event probability uses selected probabilities and non-selected complement probabilities.
21,13,1,continue,bernoulli_full_event,45,1,44,0.006663167125,0.754251411451797,0.00502570320877046,full_event_available,0,1,,"19","0.0052334",paper_formula,Full Bernoulli event probability uses selected probabilities and non-selected complement probabilities.
21,13,2,continue,bernoulli_full_event,44,3,41,0.87742321793925,0.768538607113697,0.674333617764249,full_event_available,0,1,,"8,13,18","0.15459,0.85217,0.82254",paper_formula,Full Bernoulli event probability uses selected probabilities and non-selected complement probabilities.
21,13,3,continue,bernoulli_full_event,40,1,39,1,0.778543018587317,0.778543018587317,full_event_available,0,1,,"3","0.65045",paper_formula,Full Bernoulli event probability uses selected probabilities and non-selected complement probabilities.
21,13,4,continue,bernoulli_full_event,39,8,31,1,0.569616245453442,0.569616245453442,full_event_available,0,1,,"4,7,25,27,30,31,40,42","0.55083,0.1304,0.60513,0.10256,0.43115,0.95351,0.92415,0.67209",paper_formula,Full Bernoulli event probability uses selected probabilities and non-selected complement probabilities.
21,13,5,max_depth_reached,bernoulli_full_event,10,0,10,NaN,NaN,1,terminal_stage_probability_one,1,0,,"","",,Terminal recording stage excluded from Bernoulli complement product.
21,14,1,continue,bernoulli_full_event,45,1,44,0.00656119455,0.754173990519375,0.00494828227634747,full_event_available,0,1,,"10","0.0013538",paper_formula,Full Bernoulli event probability uses selected probabilities and non-selected complement probabilities.
21,14,2,continue,bernoulli_full_event,44,3,41,0.00664343120323151,0.363942633482926,0.00241782784746672,full_event_available,0,1,,"12,17,19","0.11752,0.004447,0.8418",paper_formula,Full Bernoulli event probability uses selected probabilities and non-selected complement probabilities.
21,14,3,continue,bernoulli_full_event,37,5,32,1,0.814331969368638,0.814331969368638,full_event_available,0,1,,"3,6,8,25,27","0.47548,0.68155,0.31699,0.65997,0.47151",paper_formula,Full Bernoulli event probability uses selected probabilities and non-selected complement probabilities.
21,14,4,load_loss_threshold,bernoulli_full_event,22,0,22,NaN,NaN,1,terminal_stage_probability_one,1,0,,"","",,Terminal recording stage excluded from Bernoulli complement product.
21,15,1,no_new_outage,bernoulli_full_event,45,0,45,1,0.749225708243027,0.749225708243027,full_event_available,1,1,,"","",paper_formula,Full Bernoulli event probability uses selected probabilities and non-selected complement probabilities.
21,16,1,no_new_outage,bernoulli_full_event,45,0,45,1,0.749225708243027,0.749225708243027,full_event_available,1,1,,"","",paper_formula,Full Bernoulli event probability uses selected probabilities and non-selected complement probabilities.
21,17,1,no_new_outage,bernoulli_full_event,45,0,45,1,0.749225708243027,0.749225708243027,full_event_available,1,1,,"","",paper_formula,Full Bernoulli event probability uses selected probabilities and non-selected complement probabilities.
21,18,1,no_new_outage,bernoulli_full_event,45,0,45,1,0.749225708243027,0.749225708243027,full_event_available,1,1,,"","",paper_formula,Full Bernoulli event probability uses selected probabilities and non-selected complement probabilities.
21,19,1,continue,bernoulli_full_event,45,1,44,0.006453281825,0.754092076937504,0.0048663686944773,full_event_available,0,1,,"28","0.0004709",paper_formula,Full Bernoulli event probability uses selected probabilities and non-selected complement probabilities.
21,19,2,continue,bernoulli_full_event,44,1,43,1,0.758917455825454,0.758917455825454,full_event_available,0,1,,"38","0.98569",paper_formula,Full Bernoulli event probability uses selected probabilities and non-selected complement probabilities.
21,19,3,continue,bernoulli_full_event,39,4,35,0.637074818906747,0.799092293614102,0.50908157824398,full_event_available,0,1,,"8,14,19,23","0.73989,0.4342,0.47958,0.3866",paper_formula,Full Bernoulli event probability uses selected probabilities and non-selected complement probabilities.
21,19,4,continue,bernoulli_full_event,34,7,27,0.962931765085532,0.840994059382168,0.809819894027318,full_event_available,0,1,,"1,2,3,6,13,18,27","0.52898,0.52261,0.58376,0.60068,0.81537,0.23443,0.043357",paper_formula,Full Bernoulli event probability uses selected probabilities and non-selected complement probabilities.
21,19,5,max_depth_reached,bernoulli_full_event,0,0,0,NaN,NaN,1,terminal_stage_probability_one,1,0,,"","",,Terminal recording stage excluded from Bernoulli complement product.
21,20,1,continue,bernoulli_full_event,45,1,44,0.006579015,0.754187519244952,0.00496181100192533,full_event_available,0,1,,"29","0.0028385",paper_formula,Full Bernoulli event probability uses selected probabilities and non-selected complement probabilities.
21,20,2,no_new_outage,bernoulli_full_event,44,0,44,1,0.754187519244952,0.754187519244952,full_event_available,1,1,,"","",paper_formula,Full Bernoulli event probability uses selected probabilities and non-selected complement probabilities.
21,21,1,continue,bernoulli_full_event,45,1,44,0.006579015,0.754187519244952,0.00496181100192533,full_event_available,0,1,,"29","0.0012962",paper_formula,Full Bernoulli event probability uses selected probabilities and non-selected complement probabilities.
21,21,2,no_new_outage,bernoulli_full_event,44,0,44,1,0.754187519244952,0.754187519244952,full_event_available,1,1,,"","",paper_formula,Full Bernoulli event probability uses selected probabilities and non-selected complement probabilities.
21,22,1,no_new_outage,bernoulli_full_event,45,0,45,1,0.749225708243027,0.749225708243027,full_event_available,1,1,,"","",paper_formula,Full Bernoulli event probability uses selected probabilities and non-selected complement probabilities.
21,23,1,no_new_outage,bernoulli_full_event,45,0,45,1,0.749225708243027,0.749225708243027,full_event_available,1,1,,"","",paper_formula,Full Bernoulli event probability uses selected probabilities and non-selected complement probabilities.
21,24,1,no_new_outage,bernoulli_full_event,45,0,45,1,0.749225708243027,0.749225708243027,full_event_available,1,1,,"","",paper_formula,Full Bernoulli event probability uses selected probabilities and non-selected complement probabilities.
21,25,1,continue,bernoulli_full_event,45,2,43,4.17743871243471e-05,0.759005939840311,3.1707007960568e-05,full_event_available,0,1,,"20,46","0.0065021,0.001148",paper_formula,Full Bernoulli event probability uses selected probabilities and non-selected complement probabilities.
21,25,2,continue,bernoulli_full_event,43,4,39,0.00228581670182303,0.777797967060629,0.00177790358375118,full_event_available,0,1,,"8,14,27,34","0.041206,0.40971,0.14416,0.001545",paper_formula,Full Bernoulli event probability uses selected probabilities and non-selected complement probabilities.
21,25,3,continue,bernoulli_full_event,37,6,31,1,0.512414091720098,0.512414091720098,full_event_available,0,1,,"1,2,3,16,17,40","0.21906,0.52098,0.37534,0.92817,0.09616,0.71054",paper_formula,Full Bernoulli event probability uses selected probabilities and non-selected complement probabilities.
21,25,4,load_loss_threshold,bernoulli_full_event,0,0,0,NaN,NaN,1,terminal_stage_probability_one,1,0,,"","",,Terminal recording stage excluded from Bernoulli complement product.
21,26,1,no_new_outage,bernoulli_full_event,45,0,45,1,0.749225708243027,0.749225708243027,full_event_available,1,1,,"","",paper_formula,Full Bernoulli event probability uses selected probabilities and non-selected complement probabilities.
21,27,1,no_new_outage,bernoulli_full_event,45,0,45,1,0.749225708243027,0.749225708243027,full_event_available,1,1,,"","",paper_formula,Full Bernoulli event probability uses selected probabilities and non-selected complement probabilities.
21,28,1,no_new_outage,bernoulli_full_event,45,0,45,1,0.749225708243027,0.749225708243027,full_event_available,1,1,,"","",paper_formula,Full Bernoulli event probability uses selected probabilities and non-selected complement probabilities.
21,29,1,no_new_outage,bernoulli_full_event,45,0,45,1,0.749225708243027,0.749225708243027,full_event_available,1,1,,"","",paper_formula,Full Bernoulli event probability uses selected probabilities and non-selected complement probabilities.
21,30,1,no_new_outage,bernoulli_full_event,45,0,45,1,0.749225708243027,0.749225708243027,full_event_available,1,1,,"","",paper_formula,Full Bernoulli event probability uses selected probabilities and non-selected complement probabilities.
22,1,1,continue,bernoulli_full_event,45,1,44,0.006532483825,0.754142426607029,0.00492642320355667,full_event_available,0,1,,"20","0.005758",paper_formula,Full Bernoulli event probability uses selected probabilities and non-selected complement probabilities.
22,1,2,continue,bernoulli_full_event,44,1,43,0.835703272163714,0.758968127678755,0.634272147769103,full_event_available,0,1,,"14","0.7741",paper_formula,Full Bernoulli event probability uses selected probabilities and non-selected complement probabilities.
22,1,3,continue,bernoulli_full_event,43,3,40,0.466904013781894,0.773834063756553,0.361306230369088,full_event_available,0,1,,"3,6,25","0.44069,0.37535,0.42757",paper_formula,Full Bernoulli event probability uses selected probabilities and non-selected complement probabilities.
22,1,4,load_loss_threshold,bernoulli_full_event,0,0,0,NaN,NaN,1,terminal_stage_probability_one,1,0,,"","",,Terminal recording stage excluded from Bernoulli complement product.
22,2,1,no_new_outage,bernoulli_full_event,45,0,45,1,0.749216003403472,0.749216003403472,full_event_available,1,1,,"","",paper_formula,Full Bernoulli event probability uses selected probabilities and non-selected complement probabilities.
22,3,1,no_new_outage,bernoulli_full_event,45,0,45,1,0.749216003403472,0.749216003403472,full_event_available,1,1,,"","",paper_formula,Full Bernoulli event probability uses selected probabilities and non-selected complement probabilities.
22,4,1,no_new_outage,bernoulli_full_event,45,0,45,1,0.749216003403472,0.749216003403472,full_event_available,1,1,,"","",paper_formula,Full Bernoulli event probability uses selected probabilities and non-selected complement probabilities.
22,5,1,no_new_outage,bernoulli_full_event,45,0,45,1,0.749216003403472,0.749216003403472,full_event_available,1,1,,"","",paper_formula,Full Bernoulli event probability uses selected probabilities and non-selected complement probabilities.
22,6,1,no_new_outage,bernoulli_full_event,45,0,45,1,0.749216003403472,0.749216003403472,full_event_available,1,1,,"","",paper_formula,Full Bernoulli event probability uses selected probabilities and non-selected complement probabilities.
22,7,1,no_new_outage,bernoulli_full_event,45,0,45,1,0.749216003403472,0.749216003403472,full_event_available,1,1,,"","",paper_formula,Full Bernoulli event probability uses selected probabilities and non-selected complement probabilities.
22,8,1,no_new_outage,bernoulli_full_event,45,0,45,1,0.749216003403472,0.749216003403472,full_event_available,1,1,,"","",paper_formula,Full Bernoulli event probability uses selected probabilities and non-selected complement probabilities.
22,9,1,continue,bernoulli_full_event,45,1,44,0.00656119455,0.754164221583934,0.0049482181804615,full_event_available,0,1,,"36","0.0014509",paper_formula,Full Bernoulli event probability uses selected probabilities and non-selected complement probabilities.
22,9,2,no_new_outage,bernoulli_full_event,44,0,44,1,0.754164221583934,0.754164221583934,full_event_available,1,1,,"","",paper_formula,Full Bernoulli event probability uses selected probabilities and non-selected complement probabilities.
22,10,1,no_new_outage,bernoulli_full_event,45,0,45,1,0.749216003403472,0.749216003403472,full_event_available,1,1,,"","",paper_formula,Full Bernoulli event probability uses selected probabilities and non-selected complement probabilities.
22,11,1,no_new_outage,bernoulli_full_event,45,0,45,1,0.749216003403472,0.749216003403472,full_event_available,1,1,,"","",paper_formula,Full Bernoulli event probability uses selected probabilities and non-selected complement probabilities.
22,12,1,no_new_outage,bernoulli_full_event,45,0,45,1,0.749216003403472,0.749216003403472,full_event_available,1,1,,"","",paper_formula,Full Bernoulli event probability uses selected probabilities and non-selected complement probabilities.
22,13,1,no_new_outage,bernoulli_full_event,45,0,45,1,0.749216003403472,0.749216003403472,full_event_available,1,1,,"","",paper_formula,Full Bernoulli event probability uses selected probabilities and non-selected complement probabilities.
22,14,1,no_new_outage,bernoulli_full_event,45,0,45,1,0.749216003403472,0.749216003403472,full_event_available,1,1,,"","",paper_formula,Full Bernoulli event probability uses selected probabilities and non-selected complement probabilities.
22,15,1,no_new_outage,bernoulli_full_event,45,0,45,1,0.749216003403472,0.749216003403472,full_event_available,1,1,,"","",paper_formula,Full Bernoulli event probability uses selected probabilities and non-selected complement probabilities.
22,16,1,no_new_outage,bernoulli_full_event,45,0,45,1,0.749216003403472,0.749216003403472,full_event_available,1,1,,"","",paper_formula,Full Bernoulli event probability uses selected probabilities and non-selected complement probabilities.
22,17,1,no_new_outage,bernoulli_full_event,45,0,45,1,0.749216003403472,0.749216003403472,full_event_available,1,1,,"","",paper_formula,Full Bernoulli event probability uses selected probabilities and non-selected complement probabilities.
22,18,1,continue,bernoulli_full_event,45,1,44,0.006579015,0.754177750134272,0.00496174673079963,full_event_available,0,1,,"29","0.001089",paper_formula,Full Bernoulli event probability uses selected probabilities and non-selected complement probabilities.
22,18,2,no_new_outage,bernoulli_full_event,44,0,44,1,0.754177750134272,0.754177750134272,full_event_available,1,1,,"","",paper_formula,Full Bernoulli event probability uses selected probabilities and non-selected complement probabilities.
22,19,1,no_new_outage,bernoulli_full_event,45,0,45,1,0.749216003403472,0.749216003403472,full_event_available,1,1,,"","",paper_formula,Full Bernoulli event probability uses selected probabilities and non-selected complement probabilities.
22,20,1,no_new_outage,bernoulli_full_event,45,0,45,1,0.749216003403472,0.749216003403472,full_event_available,1,1,,"","",paper_formula,Full Bernoulli event probability uses selected probabilities and non-selected complement probabilities.
22,21,1,continue,bernoulli_full_event,45,3,42,2.37536671904272e-07,0.763323445879644,1.81317310920752e-07,full_event_available,0,1,,"15,29,33","0.0006821,0.0046614,0.0045901",paper_formula,Full Bernoulli event probability uses selected probabilities and non-selected complement probabilities.
22,21,2,continue,bernoulli_full_event,42,5,37,0.256240760148461,0.788238612772551,0.201978861315207,full_event_available,0,1,,"8,10,14,19,23","0.30767,0.881,0.40297,0.9462,0.099515",paper_formula,Full Bernoulli event probability uses selected probabilities and non-selected complement probabilities.
22,21,3,continue,bernoulli_full_event,32,5,27,0.00656119455,0.84076290630154,0.00551640899866783,full_event_available,0,1,,"1,2,3,6,36","0.73337,0.012359,0.77509,0.10856,0.0032681",paper_formula,Full Bernoulli event probability uses selected probabilities and non-selected complement probabilities.
22,21,4,load_loss_threshold,bernoulli_full_event,22,0,22,NaN,NaN,1,terminal_stage_probability_one,1,0,,"","",,Terminal recording stage excluded from Bernoulli complement product.
22,22,1,no_new_outage,bernoulli_full_event,45,0,45,1,0.749216003403472,0.749216003403472,full_event_available,1,1,,"","",paper_formula,Full Bernoulli event probability uses selected probabilities and non-selected complement probabilities.
22,23,1,continue,bernoulli_full_event,45,1,44,0.006494862875,0.754113869578521,0.00489786617504813,full_event_available,0,1,,"32","0.0037213",paper_formula,Full Bernoulli event probability uses selected probabilities and non-selected complement probabilities.
22,23,2,continue,bernoulli_full_event,43,1,42,1,0.763249668222281,0.763249668222281,full_event_available,0,1,,"27","0.086778",paper_formula,Full Bernoulli event probability uses selected probabilities and non-selected complement probabilities.
22,23,3,no_new_outage,bernoulli_full_event,41,0,41,1,0.767864341428093,0.767864341428093,full_event_available,1,1,,"","",paper_formula,Full Bernoulli event probability uses selected probabilities and non-selected complement probabilities.
22,24,1,no_new_outage,bernoulli_full_event,45,0,45,1,0.749216003403472,0.749216003403472,full_event_available,1,1,,"","",paper_formula,Full Bernoulli event probability uses selected probabilities and non-selected complement probabilities.
22,25,1,no_new_outage,bernoulli_full_event,45,0,45,1,0.749216003403472,0.749216003403472,full_event_available,1,1,,"","",paper_formula,Full Bernoulli event probability uses selected probabilities and non-selected complement probabilities.
22,26,1,continue,bernoulli_full_event,45,1,44,0.006581985075,0.75418000493985,0.00496400153637752,full_event_available,0,1,,"42","0.00032909",paper_formula,Full Bernoulli event probability uses selected probabilities and non-selected complement probabilities.
22,26,2,continue,bernoulli_full_event,44,2,42,0.00618570692996956,0.763746341105642,0.00472431103491606,full_event_available,0,1,,"3,18","0.14541,0.0041079",paper_formula,Full Bernoulli event probability uses selected probabilities and non-selected complement probabilities.
22,26,3,continue,bernoulli_full_event,42,3,39,1,0.763615744843176,0.763615744843176,full_event_available,0,1,,"1,19,23","0.02278,0.72748,0.64343",paper_formula,Full Bernoulli event probability uses selected probabilities and non-selected complement probabilities.
22,26,4,continue,bernoulli_full_event,30,4,26,0.998013603784566,0.846077093863858,0.844396449526642,full_event_available,0,1,,"8,10,14,27","0.85043,0.22882,0.090683,0.7097",paper_formula,Full Bernoulli event probability uses selected probabilities and non-selected complement probabilities.
22,26,5,max_depth_reached,bernoulli_full_event,0,0,0,NaN,NaN,1,terminal_stage_probability_one,1,0,,"","",,Terminal recording stage excluded from Bernoulli complement product.
22,27,1,no_new_outage,bernoulli_full_event,45,0,45,1,0.749216003403472,0.749216003403472,full_event_available,1,1,,"","",paper_formula,Full Bernoulli event probability uses selected probabilities and non-selected complement probabilities.
22,28,1,continue,bernoulli_full_event,45,2,43,4.23660119095389e-05,0.759067977454015,3.21586829729664e-05,full_event_available,0,1,,"14,19","0.0031184,0.0056016",paper_formula,Full Bernoulli event probability uses selected probabilities and non-selected complement probabilities.
22,28,2,continue,bernoulli_full_event,43,4,39,0.006007770575,0.778387882759421,0.0046763758179786,full_event_available,0,1,,"3,13,16,18","0.529,0.97975,0.0045708,0.20253",paper_formula,Full Bernoulli event probability uses selected probabilities and non-selected complement probabilities.
22,28,3,load_loss_threshold,bernoulli_full_event,0,0,0,NaN,NaN,1,terminal_stage_probability_one,1,0,,"","",,Terminal recording stage excluded from Bernoulli complement product.
22,29,1,no_new_outage,bernoulli_full_event,45,0,45,1,0.749216003403472,0.749216003403472,full_event_available,1,1,,"","",paper_formula,Full Bernoulli event probability uses selected probabilities and non-selected complement probabilities.
22,30,1,continue,bernoulli_full_event,45,1,44,0.00648199255,0.754104100565261,0.00488809716178847,full_event_available,0,1,,"37","0.0051237",paper_formula,Full Bernoulli event probability uses selected probabilities and non-selected complement probabilities.
22,30,2,continue,bernoulli_full_event,44,4,40,0.170020858516197,0.773609021971003,0.131529670071385,full_event_available,0,1,,"8,14,19,23","0.3062,0.53049,0.74394,0.30485",paper_formula,Full Bernoulli event probability uses selected probabilities and non-selected complement probabilities.
22,30,3,continue,bernoulli_full_event,40,7,33,0.659085175921818,0.808967988421486,0.533178808963895,full_event_available,0,1,,"1,2,3,6,13,18,27","0.60545,0.39275,0.84766,0.96132,0.96296,0.13494,0.2266",paper_formula,Full Bernoulli event probability uses selected probabilities and non-selected complement probabilities.
22,30,4,load_loss_threshold,bernoulli_full_event,0,0,0,NaN,NaN,1,terminal_stage_probability_one,1,0,,"","",,Terminal recording stage excluded from Bernoulli complement product.
23,1,1,continue,bernoulli_full_event,45,3,42,0.630719770968,0.763423030707463,0.481505999079507,full_event_available,0,1,,"8,13,18","0.20586,0.33457,0.1608",paper_formula,Full Bernoulli event probability uses selected probabilities and non-selected complement probabilities.
23,1,2,continue,bernoulli_full_event,38,1,37,1,0.788612432369122,0.788612432369122,full_event_available,0,1,,"3","0.2156",paper_formula,Full Bernoulli event probability uses selected probabilities and non-selected complement probabilities.
23,1,3,continue,bernoulli_full_event,37,8,29,0.998479744608,0.816560491859679,0.815319111369036,full_event_available,0,1,,"4,7,25,27,30,31,40,42","0.54619,0.23449,0.24384,0.08529,0.82025,0.91274,0.42693,0.13799",paper_formula,Full Bernoulli event probability uses selected probabilities and non-selected complement probabilities.
23,1,4,load_loss_threshold,bernoulli_full_event,10,0,10,NaN,NaN,1,terminal_stage_probability_one,1,0,,"","",,Terminal recording stage excluded from Bernoulli complement product.
23,2,1,continue,bernoulli_full_event,45,3,42,0.00651408895708872,0.272714670616346,0.00177648762429803,full_event_available,0,1,,"13,17,18","0.54241,0.0025785,0.92477",paper_formula,Full Bernoulli event probability uses selected probabilities and non-selected complement probabilities.
23,2,2,continue,bernoulli_full_event,38,2,36,0.998042386408848,0.793901545304322,0.792347392849197,full_event_available,0,1,,"8,14","0.68424,0.13718",paper_formula,Full Bernoulli event probability uses selected probabilities and non-selected complement probabilities.
23,2,3,continue,bernoulli_full_event,31,2,29,0.00648199255,0.829901906558979,0.0053794179755461,full_event_available,0,1,,"3,37","0.031276,0.0046078",paper_formula,Full Bernoulli event probability uses selected probabilities and non-selected complement probabilities.
23,2,4,continue,bernoulli_full_event,29,5,24,1,0.291412769485186,0.291412769485186,full_event_available,0,1,,"4,27,31,40,42","0.41436,0.76786,0.62571,0.46595,0.94348",paper_formula,Full Bernoulli event probability uses selected probabilities and non-selected complement probabilities.
23,2,5,max_depth_reached,bernoulli_full_event,0,0,0,NaN,NaN,1,terminal_stage_probability_one,1,0,,"","",,Terminal recording stage excluded from Bernoulli complement product.
23,3,1,continue,bernoulli_full_event,45,2,43,0.977626530279881,0.27089752718859,0.264836609566781,full_event_available,0,1,,"13,18","0.0079184,0.1324",paper_formula,Full Bernoulli event probability uses selected probabilities and non-selected complement probabilities.
23,3,2,continue,bernoulli_full_event,39,3,36,0.00359428900649125,0.793736998450985,0.00285292016757774,full_event_available,0,1,,"5,8,14","0.00038526,0.70882,0.071654",paper_formula,Full Bernoulli event probability uses selected probabilities and non-selected complement probabilities.
23,3,3,continue,bernoulli_full_event,36,1,35,1,0.798524865928954,0.798524865928954,full_event_available,0,1,,"27","0.75033",paper_formula,Full Bernoulli event probability uses selected probabilities and non-selected complement probabilities.
23,3,4,continue,bernoulli_full_event,32,3,29,4.32701293085181e-05,0.82957785649968,3.58959411222244e-05,full_event_available,0,1,,"2,3,9","0.00053769,0.72981,0.0016277",paper_formula,Full Bernoulli event probability uses selected probabilities and non-selected complement probabilities.
23,3,5,max_depth_reached,bernoulli_full_event,23,0,23,NaN,NaN,1,terminal_stage_probability_one,1,0,,"","",,Terminal recording stage excluded from Bernoulli complement product.
23,4,1,continue,bernoulli_full_event,45,5,40,2.75740187594592e-05,0.773619837870544,2.13318079221322e-05,full_event_available,0,1,,"8,10,13,18,19","0.49681,0.0014429,0.21922,0.27422,0.0062754",paper_formula,Full Bernoulli event probability uses selected probabilities and non-selected complement probabilities.
23,4,2,continue,bernoulli_full_event,37,3,34,1,0.803637784275256,0.803637784275256,full_event_available,0,1,,"3,12,15","0.62846,0.82881,0.46155",paper_formula,Full Bernoulli event probability uses selected probabilities and non-selected complement probabilities.
23,4,3,continue,bernoulli_full_event,33,8,25,0.998479744608,0.851687979856393,0.850393196612714,full_event_available,0,1,,"4,7,25,27,30,31,40,42","0.5439,0.24065,0.70466,0.56487,0.86013,0.88635,0.04455,0.86027",paper_formula,Full Bernoulli event probability uses selected probabilities and non-selected complement probabilities.
23,4,4,load_loss_threshold,bernoulli_full_event,6,0,6,NaN,NaN,1,terminal_stage_probability_one,1,0,,"","",,Terminal recording stage excluded from Bernoulli complement product.
23,5,1,continue,bernoulli_full_event,45,3,42,0.630719770968,0.763423030707463,0.481505999079507,full_event_available,0,1,,"8,13,18","0.47978,0.78385,0.25407",paper_formula,Full Bernoulli event probability uses selected probabilities and non-selected complement probabilities.
23,5,2,continue,bernoulli_full_event,38,1,37,1,0.788612432369122,0.788612432369122,full_event_available,0,1,,"3","0.61461",paper_formula,Full Bernoulli event probability uses selected probabilities and non-selected complement probabilities.
23,5,3,continue,bernoulli_full_event,37,8,29,0.998479744608,0.816560491859679,0.815319111369036,full_event_available,0,1,,"4,7,25,27,30,31,40,42","0.5116,0.58818,0.65973,0.2581,0.12501,0.2318,0.36119,0.97792",paper_formula,Full Bernoulli event probability uses selected probabilities and non-selected complement probabilities.
23,5,4,load_loss_threshold,bernoulli_full_event,10,0,10,NaN,NaN,1,terminal_stage_probability_one,1,0,,"","",,Terminal recording stage excluded from Bernoulli complement product.
23,6,1,continue,bernoulli_full_event,45,3,42,0.630719770968,0.763423030707463,0.481505999079507,full_event_available,0,1,,"8,13,18","0.36996,0.97934,0.30907",paper_formula,Full Bernoulli event probability uses selected probabilities and non-selected complement probabilities.
23,6,2,continue,bernoulli_full_event,38,2,36,0.00641467085,0.793703780875841,0.00509134850671905,full_event_available,0,1,,"3,7","0.6934,0.0035788",paper_formula,Full Bernoulli event probability uses selected probabilities and non-selected complement probabilities.
23,6,3,continue,bernoulli_full_event,36,5,31,1,0.819445609059603,0.819445609059603,full_event_available,0,1,,"1,9,24,25,27","0.15981,0.52367,0.070643,0.31809,0.37227",paper_formula,Full Bernoulli event probability uses selected probabilities and non-selected complement probabilities.
23,6,4,load_loss_threshold,bernoulli_full_event,19,0,19,NaN,NaN,1,terminal_stage_probability_one,1,0,,"","",,Terminal recording stage excluded from Bernoulli complement product.
23,7,1,continue,bernoulli_full_event,45,2,43,0.977626530279881,0.27089752718859,0.264836609566781,full_event_available,0,1,,"13,18","0.15512,0.26168",paper_formula,Full Bernoulli event probability uses selected probabilities and non-selected complement probabilities.
23,7,2,continue,bernoulli_full_event,39,2,37,0.556629137987772,0.788611646627164,0.438964221069196,full_event_available,0,1,,"8,14","0.0039204,0.2318",paper_formula,Full Bernoulli event probability uses selected probabilities and non-selected complement probabilities.
23,7,3,continue,bernoulli_full_event,37,2,35,0.0064483317,0.798517704714847,0.00514910702832399,full_event_available,0,1,,"25,27","0.0026758,0.58374",paper_formula,Full Bernoulli event probability uses selected probabilities and non-selected complement probabilities.
23,7,4,continue,bernoulli_full_event,32,2,30,1,0.82407159770464,0.82407159770464,full_event_available,0,1,,"3,6","0.082696,0.57878",paper_formula,Full Bernoulli event probability uses selected probabilities and non-selected complement probabilities.
23,7,5,max_depth_reached,bernoulli_full_event,28,0,28,NaN,NaN,1,terminal_stage_probability_one,1,0,,"","",,Terminal recording stage excluded from Bernoulli complement product.
23,8,1,continue,bernoulli_full_event,45,4,41,0.0042025912430015,0.768543967606536,0.00322987614812486,full_event_available,0,1,,"8,13,18,19","0.54858,0.623,0.066744,0.0033454",paper_formula,Full Bernoulli event probability uses selected probabilities and non-selected complement probabilities.
23,8,2,continue,bernoulli_full_event,38,2,36,0.00649387285,0.79376705469483,0.00515462232570722,full_event_available,0,1,,"3,35","0.91017,0.00050101",paper_formula,Full Bernoulli event probability uses selected probabilities and non-selected complement probabilities.
23,8,3,continue,bernoulli_full_event,36,11,25,0.121758734454213,0.54476623038244,0.0663300467847583,full_event_available,0,1,,"4,7,25,27,29,30,31,36,38,40,42","0.14041,0.35241,0.31774,0.21283,0.6041,0.17307,0.56873,0.84793,0.60347,0.035555,0.99162",paper_formula,Full Bernoulli event probability uses selected probabilities and non-selected complement probabilities.
23,8,4,load_loss_threshold,bernoulli_full_event,10,0,10,NaN,NaN,1,terminal_stage_probability_one,1,0,,"","",,Terminal recording stage excluded from Bernoulli complement product.
23,9,1,continue,bernoulli_full_event,45,4,41,0.00408832085655228,0.768403818534596,0.0031414813575694,full_event_available,0,1,,"8,13,18,37","0.018315,0.62909,0.19048,0.0064656",paper_formula,Full Bernoulli event probability uses selected probabilities and non-selected complement probabilities.
23,9,2,continue,bernoulli_full_event,37,2,35,0.853053711180959,0.798545554503248,0.681202248816052,full_event_available,0,1,,"3,27","0.66017,0.41261",paper_formula,Full Bernoulli event probability uses selected probabilities and non-selected complement probabilities.
23,9,3,load_loss_threshold,bernoulli_full_event,0,0,0,NaN,NaN,1,terminal_stage_probability_one,1,0,,"","",,Terminal recording stage excluded from Bernoulli complement product.
23,10,1,continue,bernoulli_full_event,45,3,42,0.630719770968,0.763423030707463,0.481505999079507,full_event_available,0,1,,"8,13,18","0.5283,0.8335,0.38794",paper_formula,Full Bernoulli event probability uses selected probabilities and non-selected complement probabilities.
23,10,2,continue,bernoulli_full_event,38,1,37,1,0.788612432369122,0.788612432369122,full_event_available,0,1,,"3","0.82035",paper_formula,Full Bernoulli event probability uses selected probabilities and non-selected complement probabilities.
23,10,3,continue,bernoulli_full_event,37,8,29,0.998479744608,0.816560491859679,0.815319111369036,full_event_available,0,1,,"4,7,25,27,30,31,40,42","0.23231,0.99483,0.76238,0.99171,0.95139,0.88727,0.078849,0.21194",paper_formula,Full Bernoulli event probability uses selected probabilities and non-selected complement probabilities.
23,10,4,load_loss_threshold,bernoulli_full_event,10,0,10,NaN,NaN,1,terminal_stage_probability_one,1,0,,"","",,Terminal recording stage excluded from Bernoulli complement product.
23,11,1,continue,bernoulli_full_event,45,5,40,2.50456295416924e-05,0.773136647177347,1.936369405031e-05,full_event_available,0,1,,"8,12,13,14,18","0.2532,0.00441,0.44447,0.0018412,0.91653",paper_formula,Full Bernoulli event probability uses selected probabilities and non-selected complement probabilities.
23,11,2,continue,bernoulli_full_event,36,2,34,0.203325207631973,0.803709876172168,0.163414477448574,full_event_available,0,1,,"17,27","0.17981,0.25223",paper_formula,Full Bernoulli event probability uses selected probabilities and non-selected complement probabilities.
23,11,3,load_loss_threshold,bernoulli_full_event,27,0,27,NaN,NaN,1,terminal_stage_probability_one,1,0,,"","",,Terminal recording stage excluded from Bernoulli complement product.
23,12,1,continue,bernoulli_full_event,45,3,42,0.00631277101831553,0.272658146805334,0.00172122844706034,full_event_available,0,1,,"5,13,18","0.0043731,0.7812,0.80412",paper_formula,Full Bernoulli event probability uses selected probabilities and non-selected complement probabilities.
23,12,2,continue,bernoulli_full_event,38,3,35,1,0.79897925679624,0.79897925679624,full_event_available,0,1,,"8,10,14","0.27936,0.63078,0.18635",paper_formula,Full Bernoulli event probability uses selected probabilities and non-selected complement probabilities.
23,12,3,continue,bernoulli_full_event,35,2,33,0.006579015,0.809121971466827,0.00532322558710982,full_event_available,0,1,,"27,29","0.9791,0.00072085",paper_formula,Full Bernoulli event probability uses selected probabilities and non-selected complement probabilities.
23,12,4,continue,bernoulli_full_event,30,2,28,0.006009750625,0.834580247794031,0.00501561916579283,full_event_available,0,1,,"3,44","0.58999,0.00076685",paper_formula,Full Bernoulli event probability uses selected probabilities and non-selected complement probabilities.
23,12,5,max_depth_reached,bernoulli_full_event,28,0,28,NaN,NaN,1,terminal_stage_probability_one,1,0,,"","",,Terminal recording stage excluded from Bernoulli complement product.
23,13,1,continue,bernoulli_full_event,45,3,42,0.630719770968,0.763423030707463,0.481505999079507,full_event_available,0,1,,"8,13,18","0.39697,0.33045,0.23975",paper_formula,Full Bernoulli event probability uses selected probabilities and non-selected complement probabilities.
23,13,2,continue,bernoulli_full_event,38,1,37,1,0.788612432369122,0.788612432369122,full_event_available,0,1,,"3","0.69414",paper_formula,Full Bernoulli event probability uses selected probabilities and non-selected complement probabilities.
23,13,3,continue,bernoulli_full_event,37,8,29,0.998479744608,0.816560491859679,0.815319111369036,full_event_available,0,1,,"4,7,25,27,30,31,40,42","0.77465,0.08399,0.75356,0.28072,0.82929,0.59447,0.76826,0.42544",paper_formula,Full Bernoulli event probability uses selected probabilities and non-selected complement probabilities.
23,13,4,load_loss_threshold,bernoulli_full_event,10,0,10,NaN,NaN,1,terminal_stage_probability_one,1,0,,"","",,Terminal recording stage excluded from Bernoulli complement product.
23,14,1,continue,bernoulli_full_event,45,3,42,0.630719770968,0.763423030707463,0.481505999079507,full_event_available,0,1,,"8,13,18","0.32734,0.36152,0.051672",paper_formula,Full Bernoulli event probability uses selected probabilities and non-selected complement probabilities.
23,14,2,continue,bernoulli_full_event,38,2,36,0.0064324913,0.793718016605591,0.00510558423646872,full_event_available,0,1,,"3,45","0.70617,0.0019473",paper_formula,Full Bernoulli event probability uses selected probabilities and non-selected complement probabilities.
23,14,3,continue,bernoulli_full_event,36,8,28,0.996747041661428,0.261559307589775,0.26070846605912,full_event_available,0,1,,"4,7,25,27,30,31,40,42","0.77507,0.095802,0.82275,0.78446,0.85707,0.35077,0.67729,0.13924",paper_formula,Full Bernoulli event probability uses selected probabilities and non-selected complement probabilities.
23,14,4,load_loss_threshold,bernoulli_full_event,10,0,10,NaN,NaN,1,terminal_stage_probability_one,1,0,,"","",,Terminal recording stage excluded from Bernoulli complement product.
23,15,1,continue,bernoulli_full_event,45,3,42,0.630719770968,0.763423030707463,0.481505999079507,full_event_available,0,1,,"8,13,18","0.48512,0.84938,0.63566",paper_formula,Full Bernoulli event probability uses selected probabilities and non-selected complement probabilities.
23,15,2,continue,bernoulli_full_event,38,2,36,0.006453281825,0.793734625602396,0.00512219323327312,full_event_available,0,1,,"3,28","0.70334,0.0045459",paper_formula,Full Bernoulli event probability uses selected probabilities and non-selected complement probabilities.
23,15,3,continue,bernoulli_full_event,36,10,26,0.00628794765,0.39283339769048,0.00247011583984937,full_event_available,0,1,,"4,7,25,26,27,30,31,38,40,42","0.90025,0.5997,0.95318,0.0058599,0.14142,0.90836,0.60016,0.40209,0.0014773,0.51274",paper_formula,Full Bernoulli event probability uses selected probabilities and non-selected complement probabilities.
23,15,4,load_loss_threshold,bernoulli_full_event,10,0,10,NaN,NaN,1,terminal_stage_probability_one,1,0,,"","",,Terminal recording stage excluded from Bernoulli complement product.
23,16,1,continue,bernoulli_full_event,45,5,40,2.27272334433373e-05,0.772671606247454,1.75606879702243e-05,full_event_available,0,1,,"8,13,18,27,34","0.058682,0.39973,0.44269,0.00064454,0.0053598",paper_formula,Full Bernoulli event probability uses selected probabilities and non-selected complement probabilities.
23,16,2,continue,bernoulli_full_event,34,4,30,0.850044302753323,0.823818820996833,0.700282495289318,full_event_available,0,1,,"3,14,16,17","0.41919,0.15587,0.41211,0.40057",paper_formula,Full Bernoulli event probability uses selected probabilities and non-selected complement probabilities.
23,16,3,load_loss_threshold,bernoulli_full_event,26,0,26,NaN,NaN,1,terminal_stage_probability_one,1,0,,"","",,Terminal recording stage excluded from Bernoulli complement product.
23,17,1,continue,bernoulli_full_event,45,3,42,0.630719770968,0.763423030707463,0.481505999079507,full_event_available,0,1,,"8,13,18","0.39724,0.69021,0.22908",paper_formula,Full Bernoulli event probability uses selected probabilities and non-selected complement probabilities.
23,17,2,continue,bernoulli_full_event,38,1,37,1,0.788612432369122,0.788612432369122,full_event_available,0,1,,"3","0.66007",paper_formula,Full Bernoulli event probability uses selected probabilities and non-selected complement probabilities.
23,17,3,continue,bernoulli_full_event,37,8,29,0.998479744608,0.816560491859679,0.815319111369036,full_event_available,0,1,,"4,7,25,27,30,31,40,42","0.29203,0.42587,0.12453,0.0041846,0.18495,0.10846,0.54773,0.94769",paper_formula,Full Bernoulli event probability uses selected probabilities and non-selected complement probabilities.
23,17,4,load_loss_threshold,bernoulli_full_event,10,0,10,NaN,NaN,1,terminal_stage_probability_one,1,0,,"","",,Terminal recording stage excluded from Bernoulli complement product.
23,18,1,continue,bernoulli_full_event,45,3,42,0.630719770968,0.763423030707463,0.481505999079507,full_event_available,0,1,,"8,13,18","0.58226,0.52071,0.4637",paper_formula,Full Bernoulli event probability uses selected probabilities and non-selected complement probabilities.
23,18,2,continue,bernoulli_full_event,38,1,37,1,0.788612432369122,0.788612432369122,full_event_available,0,1,,"3","0.17363",paper_formula,Full Bernoulli event probability uses selected probabilities and non-selected complement probabilities.
23,18,3,continue,bernoulli_full_event,37,8,29,0.998479744608,0.816560491859679,0.815319111369036,full_event_available,0,1,,"4,7,25,27,30,31,40,42","0.30564,0.70343,0.3511,0.96342,0.48829,0.17594,0.19475,0.89585",paper_formula,Full Bernoulli event probability uses selected probabilities and non-selected complement probabilities.
23,18,4,load_loss_threshold,bernoulli_full_event,10,0,10,NaN,NaN,1,terminal_stage_probability_one,1,0,,"","",,Terminal recording stage excluded from Bernoulli complement product.
23,19,1,continue,bernoulli_full_event,45,3,42,0.630719770968,0.763423030707463,0.481505999079507,full_event_available,0,1,,"8,13,18","0.11855,0.67355,0.39521",paper_formula,Full Bernoulli event probability uses selected probabilities and non-selected complement probabilities.
23,19,2,continue,bernoulli_full_event,38,1,37,1,0.788612432369122,0.788612432369122,full_event_available,0,1,,"3","0.79082",paper_formula,Full Bernoulli event probability uses selected probabilities and non-selected complement probabilities.
23,19,3,continue,bernoulli_full_event,37,8,29,0.998479744608,0.816560491859679,0.815319111369036,full_event_available,0,1,,"4,7,25,27,30,31,40,42","0.063334,0.91559,0.94303,0.44634,0.95166,0.0904,0.97902,0.41736",paper_formula,Full Bernoulli event probability uses selected probabilities and non-selected complement probabilities.
23,19,4,load_loss_threshold,bernoulli_full_event,10,0,10,NaN,NaN,1,terminal_stage_probability_one,1,0,,"","",,Terminal recording stage excluded from Bernoulli complement product.
23,20,1,continue,bernoulli_full_event,45,3,42,0.630719770968,0.763423030707463,0.481505999079507,full_event_available,0,1,,"8,13,18","0.60413,0.88634,0.52505",paper_formula,Full Bernoulli event probability uses selected probabilities and non-selected complement probabilities.
23,20,2,continue,bernoulli_full_event,38,1,37,1,0.788612432369122,0.788612432369122,full_event_available,0,1,,"3","0.69131",paper_formula,Full Bernoulli event probability uses selected probabilities and non-selected complement probabilities.
23,20,3,continue,bernoulli_full_event,37,8,29,0.998479744608,0.816560491859679,0.815319111369036,full_event_available,0,1,,"4,7,25,27,30,31,40,42","0.61854,0.60202,0.31168,0.11266,0.87867,0.72417,0.33882,0.39936",paper_formula,Full Bernoulli event probability uses selected probabilities and non-selected complement probabilities.
23,20,4,load_loss_threshold,bernoulli_full_event,10,0,10,NaN,NaN,1,terminal_stage_probability_one,1,0,,"","",,Terminal recording stage excluded from Bernoulli complement product.
23,21,1,continue,bernoulli_full_event,45,2,43,0.977626530279881,0.27089752718859,0.264836609566781,full_event_available,0,1,,"13,18","0.041949,0.74938",paper_formula,Full Bernoulli event probability uses selected probabilities and non-selected complement probabilities.
23,21,2,continue,bernoulli_full_event,39,1,38,0.72752886969067,0.185248344692721,0.134773518826363,full_event_available,0,1,,"8","0.64796",paper_formula,Full Bernoulli event probability uses selected probabilities and non-selected complement probabilities.
23,21,3,continue,bernoulli_full_event,38,2,36,0.00648199255,0.793757562978858,0.00514513060973511,full_event_available,0,1,,"3,37","0.63247,0.0011873",paper_formula,Full Bernoulli event probability uses selected probabilities and non-selected complement probabilities.
23,21,4,continue,bernoulli_full_event,36,6,30,0.775177738342427,0.682425925864052,0.529001385797533,full_event_available,0,1,,"4,27,30,31,40,42","0.8285,0.35112,0.52151,0.11468,0.2969,0.84915",paper_formula,Full Bernoulli event probability uses selected probabilities and non-selected complement probabilities.
23,21,5,max_depth_reached,bernoulli_full_event,0,0,0,NaN,NaN,1,terminal_stage_probability_one,1,0,,"","",,Terminal recording stage excluded from Bernoulli complement product.
23,22,1,continue,bernoulli_full_event,45,3,42,0.630719770968,0.763423030707463,0.481505999079507,full_event_available,0,1,,"8,13,18","0.10291,0.74293,0.37851",paper_formula,Full Bernoulli event probability uses selected probabilities and non-selected complement probabilities.
23,22,2,continue,bernoulli_full_event,38,2,36,0.006453281825,0.793734625602396,0.00512219323327312,full_event_available,0,1,,"3,28","0.46581,0.0032473",paper_formula,Full Bernoulli event probability uses selected probabilities and non-selected complement probabilities.
23,22,3,continue,bernoulli_full_event,36,10,26,0.428673303252599,0.683257554868333,0.292894273017702,full_event_available,0,1,,"4,7,14,25,27,30,31,38,40,42","0.074645,0.77967,0.087604,0.97209,0.87693,0.021434,0.33822,0.68456,0.4845,0.51695",paper_formula,Full Bernoulli event probability uses selected probabilities and non-selected complement probabilities.
23,22,4,load_loss_threshold,bernoulli_full_event,9,0,9,NaN,NaN,1,terminal_stage_probability_one,1,0,,"","",,Terminal recording stage excluded from Bernoulli complement product.
23,23,1,continue,bernoulli_full_event,45,3,42,0.630719770968,0.763423030707463,0.481505999079507,full_event_available,0,1,,"8,13,18","0.47948,0.56835,0.95664",paper_formula,Full Bernoulli event probability uses selected probabilities and non-selected complement probabilities.
23,23,2,continue,bernoulli_full_event,38,1,37,1,0.788612432369122,0.788612432369122,full_event_available,0,1,,"3","0.054202",paper_formula,Full Bernoulli event probability uses selected probabilities and non-selected complement probabilities.
23,23,3,continue,bernoulli_full_event,37,8,29,0.998479744608,0.816560491859679,0.815319111369036,full_event_available,0,1,,"4,7,25,27,30,31,40,42","0.19585,0.85067,0.99787,0.83983,0.31513,0.66056,0.14544,0.33954",paper_formula,Full Bernoulli event probability uses selected probabilities and non-selected complement probabilities.
23,23,4,load_loss_threshold,bernoulli_full_event,10,0,10,NaN,NaN,1,terminal_stage_probability_one,1,0,,"","",,Terminal recording stage excluded from Bernoulli complement product.
23,24,1,continue,bernoulli_full_event,45,2,43,0.977626530279881,0.27089752718859,0.264836609566781,full_event_available,0,1,,"13,18","0.70645,0.18055",paper_formula,Full Bernoulli event probability uses selected probabilities and non-selected complement probabilities.
23,24,2,continue,bernoulli_full_event,39,2,37,0.556629137987772,0.788611646627164,0.438964221069196,full_event_available,0,1,,"8,14","0.093674,0.7256",paper_formula,Full Bernoulli event probability uses selected probabilities and non-selected complement probabilities.
23,24,3,continue,bernoulli_full_event,37,2,35,0.006544364125,0.798594893457676,0.00522629577115261,full_event_available,0,1,,"11,27","0.0017827,0.099226",paper_formula,Full Bernoulli event probability uses selected probabilities and non-selected complement probabilities.
23,24,4,continue,bernoulli_full_event,32,1,31,1,0.524437870790036,0.524437870790036,full_event_available,0,1,,"3","0.50727",paper_formula,Full Bernoulli event probability uses selected probabilities and non-selected complement probabilities.
23,24,5,max_depth_reached,bernoulli_full_event,31,0,31,NaN,NaN,1,terminal_stage_probability_one,1,0,,"","",,Terminal recording stage excluded from Bernoulli complement product.
23,25,1,continue,bernoulli_full_event,45,3,42,0.00634858238242422,0.272668199808384,0.00173105652955084,full_event_available,0,1,,"13,18,35","0.71702,0.12394,0.0063822",paper_formula,Full Bernoulli event probability uses selected probabilities and non-selected complement probabilities.
23,25,2,continue,bernoulli_full_event,38,5,33,0.829916479351335,0.753702011885076,0.62550972018368,full_event_available,0,1,,"8,14,29,36,38","0.13375,0.95885,0.77484,0.70601,0.36415",paper_formula,Full Bernoulli event probability uses selected probabilities and non-selected complement probabilities.
23,25,3,continue,bernoulli_full_event,31,3,28,0.006544364125,0.835691792897269,0.00546907138899382,full_event_available,0,1,,"3,11,27","0.68984,0.0015907,0.63503",paper_formula,Full Bernoulli event probability uses selected probabilities and non-selected complement probabilities.
23,25,4,load_loss_threshold,bernoulli_full_event,0,0,0,NaN,NaN,1,terminal_stage_probability_one,1,0,,"","",,Terminal recording stage excluded from Bernoulli complement product.
23,26,1,continue,bernoulli_full_event,45,3,42,0.630719770968,0.763423030707463,0.481505999079507,full_event_available,0,1,,"8,13,18","0.61001,0.861,0.016873",paper_formula,Full Bernoulli event probability uses selected probabilities and non-selected complement probabilities.
23,26,2,continue,bernoulli_full_event,38,2,36,0.006009750625,0.793380451030566,0.00476801866144373,full_event_available,0,1,,"3,44","0.078636,0.0059831",paper_formula,Full Bernoulli event probability uses selected probabilities and non-selected complement probabilities.
23,26,3,continue,bernoulli_full_event,36,9,27,0.00642068874747275,0.594374090053723,0.0038162910317973,full_event_available,0,1,,"4,7,25,27,30,31,40,41,42","0.36811,0.015028,0.13727,0.98174,0.95597,0.32925,0.34701,0.00078905,0.73741",paper_formula,Full Bernoulli event probability uses selected probabilities and non-selected complement probabilities.
23,26,4,load_loss_threshold,bernoulli_full_event,10,0,10,NaN,NaN,1,terminal_stage_probability_one,1,0,,"","",,Terminal recording stage excluded from Bernoulli complement product.
23,27,1,continue,bernoulli_full_event,45,4,41,0.00401026731389571,0.768308117671791,0.00308112093129992,full_event_available,0,1,,"8,13,18,24","0.43908,0.96668,0.22658,0.0051374",paper_formula,Full Bernoulli event probability uses selected probabilities and non-selected complement probabilities.
23,27,2,continue,bernoulli_full_event,37,2,35,1,0.798873377326176,0.798873377326176,full_event_available,0,1,,"3,6","0.97043,0.4754",paper_formula,Full Bernoulli event probability uses selected probabilities and non-selected complement probabilities.
23,27,3,continue,bernoulli_full_event,34,1,33,0.006437441425,0.809387189708831,0.00521038262389596,full_event_available,0,1,,"41","0.0047509",paper_formula,Full Bernoulli event probability uses selected probabilities and non-selected complement probabilities.
23,27,4,continue,bernoulli_full_event,33,1,32,1,0.78108480936511,0.78108480936511,full_event_available,0,1,,"4","0.9978",paper_formula,Full Bernoulli event probability uses selected probabilities and non-selected complement probabilities.
23,27,5,max_depth_reached,bernoulli_full_event,22,0,22,NaN,NaN,1,terminal_stage_probability_one,1,0,,"","",,Terminal recording stage excluded from Bernoulli complement product.
23,28,1,continue,bernoulli_full_event,45,2,43,0.977626530279881,0.27089752718859,0.264836609566781,full_event_available,0,1,,"13,18","0.84713,0.70719",paper_formula,Full Bernoulli event probability uses selected probabilities and non-selected complement probabilities.
23,28,2,continue,bernoulli_full_event,39,3,36,0.00365215206653657,0.793820054442049,0.0028991515522887,full_event_available,0,1,,"2,8,14","0.0024575,0.40937,0.4694",paper_formula,Full Bernoulli event probability uses selected probabilities and non-selected complement probabilities.
23,28,3,load_loss_threshold,bernoulli_full_event,30,0,30,NaN,NaN,1,terminal_stage_probability_one,1,0,,"","",,Terminal recording stage excluded from Bernoulli complement product.
23,29,1,continue,bernoulli_full_event,45,3,42,0.00627502390479556,0.272647551199159,0.00171086990135869,full_event_available,0,1,,"1,13,18","0.0050439,0.56166,0.41544",paper_formula,Full Bernoulli event probability uses selected probabilities and non-selected complement probabilities.
23,29,2,continue,bernoulli_full_event,38,2,36,0.957528025536782,0.793978194876268,0.760256373259132,full_event_available,0,1,,"3,14","0.43462,0.40209",paper_formula,Full Bernoulli event probability uses selected probabilities and non-selected complement probabilities.
23,29,3,continue,bernoulli_full_event,36,7,29,0.858471377308517,0.830728273322443,0.713156444968244,full_event_available,0,1,,"7,25,27,30,31,40,42","0.57232,0.0052612,0.71541,0.81031,0.40689,0.86265,0.05355",paper_formula,Full Bernoulli event probability uses selected probabilities and non-selected complement probabilities.
23,29,4,load_loss_threshold,bernoulli_full_event,0,0,0,NaN,NaN,1,terminal_stage_probability_one,1,0,,"","",,Terminal recording stage excluded from Bernoulli complement product.
23,30,1,continue,bernoulli_full_event,45,2,43,0.977626530279881,0.27089752718859,0.264836609566781,full_event_available,0,1,,"13,18","0.86274,0.97222",paper_formula,Full Bernoulli event probability uses selected probabilities and non-selected complement probabilities.
23,30,2,continue,bernoulli_full_event,39,3,36,0.00334520230991523,0.793379660537944,0.00265401547307129,full_event_available,0,1,,"8,14,44","0.68386,0.54828,0.0022773",paper_formula,Full Bernoulli event probability uses selected probabilities and non-selected complement probabilities.
23,30,3,continue,bernoulli_full_event,36,1,35,1,0.798165372532956,0.798165372532956,full_event_available,0,1,,"27","0.63142",paper_formula,Full Bernoulli event probability uses selected probabilities and non-selected complement probabilities.
23,30,4,continue,bernoulli_full_event,32,1,31,1,0.818331208641968,0.818331208641968,full_event_available,0,1,,"3","0.39356",paper_formula,Full Bernoulli event probability uses selected probabilities and non-selected complement probabilities.
23,30,5,max_depth_reached,bernoulli_full_event,31,0,31,NaN,NaN,1,terminal_stage_probability_one,1,0,,"","",,Terminal recording stage excluded from Bernoulli complement product.
24,1,1,no_new_outage,bernoulli_full_event,45,0,45,1,0.749188383313096,0.749188383313096,full_event_available,1,1,,"","",paper_formula,Full Bernoulli event probability uses selected probabilities and non-selected complement probabilities.
24,2,1,no_new_outage,bernoulli_full_event,45,0,45,1,0.749188383313096,0.749188383313096,full_event_available,1,1,,"","",paper_formula,Full Bernoulli event probability uses selected probabilities and non-selected complement probabilities.
24,3,1,no_new_outage,bernoulli_full_event,45,0,45,1,0.749188383313096,0.749188383313096,full_event_available,1,1,,"","",paper_formula,Full Bernoulli event probability uses selected probabilities and non-selected complement probabilities.
24,4,1,continue,bernoulli_full_event,45,1,44,0.00656119455,0.754136419075893,0.00494803576279727,full_event_available,0,1,,"31","0.0044927",paper_formula,Full Bernoulli event probability uses selected probabilities and non-selected complement probabilities.
24,4,2,no_new_outage,bernoulli_full_event,44,0,44,1,0.754136419075893,0.754136419075893,full_event_available,1,1,,"","",paper_formula,Full Bernoulli event probability uses selected probabilities and non-selected complement probabilities.
24,5,1,no_new_outage,bernoulli_full_event,45,0,45,1,0.749188383313096,0.749188383313096,full_event_available,1,1,,"","",paper_formula,Full Bernoulli event probability uses selected probabilities and non-selected complement probabilities.
24,6,1,continue,bernoulli_full_event,45,1,44,0.00662851625,0.754187527595309,0.00499914428221283,full_event_available,0,1,,"30","0.0023658",paper_formula,Full Bernoulli event probability uses selected probabilities and non-selected complement probabilities.
24,6,2,no_new_outage,bernoulli_full_event,44,0,44,1,0.754187527595309,0.754187527595309,full_event_available,1,1,,"","",paper_formula,Full Bernoulli event probability uses selected probabilities and non-selected complement probabilities.
24,7,1,no_new_outage,bernoulli_full_event,45,0,45,1,0.749188383313096,0.749188383313096,full_event_available,1,1,,"","",paper_formula,Full Bernoulli event probability uses selected probabilities and non-selected complement probabilities.
24,8,1,no_new_outage,bernoulli_full_event,45,0,45,1,0.749188383313096,0.749188383313096,full_event_available,1,1,,"","",paper_formula,Full Bernoulli event probability uses selected probabilities and non-selected complement probabilities.
24,9,1,no_new_outage,bernoulli_full_event,45,0,45,1,0.749188383313096,0.749188383313096,full_event_available,1,1,,"","",paper_formula,Full Bernoulli event probability uses selected probabilities and non-selected complement probabilities.
24,10,1,continue,bernoulli_full_event,45,1,44,0.006457241925,0.754057515113548,0.00486913180045253,full_event_available,0,1,,"43","0.0052235",paper_formula,Full Bernoulli event probability uses selected probabilities and non-selected complement probabilities.
24,10,2,no_new_outage,bernoulli_full_event,44,0,44,1,0.754057515113548,0.754057515113548,full_event_available,1,1,,"","",paper_formula,Full Bernoulli event probability uses selected probabilities and non-selected complement probabilities.
24,11,1,no_new_outage,bernoulli_full_event,45,0,45,1,0.749188383313096,0.749188383313096,full_event_available,1,1,,"","",paper_formula,Full Bernoulli event probability uses selected probabilities and non-selected complement probabilities.
24,12,1,no_new_outage,bernoulli_full_event,45,0,45,1,0.749188383313096,0.749188383313096,full_event_available,1,1,,"","",paper_formula,Full Bernoulli event probability uses selected probabilities and non-selected complement probabilities.
24,13,1,no_new_outage,bernoulli_full_event,45,0,45,1,0.749188383313096,0.749188383313096,full_event_available,1,1,,"","",paper_formula,Full Bernoulli event probability uses selected probabilities and non-selected complement probabilities.
24,14,1,continue,bernoulli_full_event,45,1,44,0.00649387285,0.754085317482882,0.00489693416978571,full_event_available,0,1,,"35","0.0037071",paper_formula,Full Bernoulli event probability uses selected probabilities and non-selected complement probabilities.
24,14,2,continue,bernoulli_full_event,44,3,41,0.926916949263684,0.76898204428904,0.712782490530948,full_event_available,0,1,,"29,36,38","0.15663,0.48458,0.19417",paper_formula,Full Bernoulli event probability uses selected probabilities and non-selected complement probabilities.
24,14,3,continue,bernoulli_full_event,39,3,36,1,0.0653835371160036,0.0653835371160036,full_event_available,0,1,,"6,7,8","0.41967,0.20193,0.17597",paper_formula,Full Bernoulli event probability uses selected probabilities and non-selected complement probabilities.
24,14,4,continue,bernoulli_full_event,36,5,31,0.382403328229257,0.544813642538381,0.208338550171382,full_event_available,0,1,,"9,20,27,40,42","0.77555,0.10821,0.83809,0.4909,0.73822",paper_formula,Full Bernoulli event probability uses selected probabilities and non-selected complement probabilities.
24,14,5,max_depth_reached,bernoulli_full_event,19,0,19,NaN,NaN,1,terminal_stage_probability_one,1,0,,"","",,Terminal recording stage excluded from Bernoulli complement product.
24,15,1,no_new_outage,bernoulli_full_event,45,0,45,1,0.749188383313096,0.749188383313096,full_event_available,1,1,,"","",paper_formula,Full Bernoulli event probability uses selected probabilities and non-selected complement probabilities.
24,16,1,continue,bernoulli_full_event,45,1,44,0.006581985075,0.754152201849951,0.00496381853685476,full_event_available,0,1,,"42","0.00011237",paper_formula,Full Bernoulli event probability uses selected probabilities and non-selected complement probabilities.
24,16,2,continue,bernoulli_full_event,44,2,42,0.00656119455,0.763991418016977,0.00501269632813976,full_event_available,0,1,,"2,3","0.0021115,0.022302",paper_formula,Full Bernoulli event probability uses selected probabilities and non-selected complement probabilities.
24,16,3,continue,bernoulli_full_event,33,4,29,0.99742476163909,0.251738598734787,0.251090311838404,full_event_available,0,1,,"6,8,9,14","0.8412,0.21736,0.76591,0.20803",paper_formula,Full Bernoulli event probability uses selected probabilities and non-selected complement probabilities.
24,16,4,load_loss_threshold,bernoulli_full_event,16,0,16,NaN,NaN,1,terminal_stage_probability_one,1,0,,"","",,Terminal recording stage excluded from Bernoulli complement product.
24,17,1,no_new_outage,bernoulli_full_event,45,0,45,1,0.749188383313096,0.749188383313096,full_event_available,1,1,,"","",paper_formula,Full Bernoulli event probability uses selected probabilities and non-selected complement probabilities.
24,18,1,no_new_outage,bernoulli_full_event,45,0,45,1,0.749188383313096,0.749188383313096,full_event_available,1,1,,"","",paper_formula,Full Bernoulli event probability uses selected probabilities and non-selected complement probabilities.
24,19,1,continue,bernoulli_full_event,45,2,43,4.22373055936542e-05,0.759022582490931,3.20590687691541e-05,full_event_available,0,1,,"31,41","0.00062186,0.0060881",paper_formula,Full Bernoulli event probability uses selected probabilities and non-selected complement probabilities.
24,19,2,continue,bernoulli_full_event,43,2,41,0.491302718692986,0.299790384144474,0.147287830768195,full_event_available,0,1,,"6,8","0.50555,0.42562",paper_formula,Full Bernoulli event probability uses selected probabilities and non-selected complement probabilities.
24,19,3,continue,bernoulli_full_event,41,6,35,0.965264937102532,0.0709830320386371,0.0685174319561221,full_event_available,0,1,,"9,12,14,16,17,20","0.048369,0.65357,0.18592,0.43104,0.20442,0.50562",paper_formula,Full Bernoulli event probability uses selected probabilities and non-selected complement probabilities.
24,19,4,continue,bernoulli_full_event,26,1,25,0.353940247060072,0.851889146189323,0.301517854870043,full_event_available,0,1,,"4","0.076887",paper_formula,Full Bernoulli event probability uses selected probabilities and non-selected complement probabilities.
24,19,5,max_depth_reached,bernoulli_full_event,19,0,19,NaN,NaN,1,terminal_stage_probability_one,1,0,,"","",,Terminal recording stage excluded from Bernoulli complement product.
24,20,1,no_new_outage,bernoulli_full_event,45,0,45,1,0.749188383313096,0.749188383313096,full_event_available,1,1,,"","",paper_formula,Full Bernoulli event probability uses selected probabilities and non-selected complement probabilities.
24,21,1,no_new_outage,bernoulli_full_event,45,0,45,1,0.749188383313096,0.749188383313096,full_event_available,1,1,,"","",paper_formula,Full Bernoulli event probability uses selected probabilities and non-selected complement probabilities.
24,22,1,no_new_outage,bernoulli_full_event,45,0,45,1,0.749188383313096,0.749188383313096,full_event_available,1,1,,"","",paper_formula,Full Bernoulli event probability uses selected probabilities and non-selected complement probabilities.
24,23,1,no_new_outage,bernoulli_full_event,45,0,45,1,0.749188383313096,0.749188383313096,full_event_available,1,1,,"","",paper_formula,Full Bernoulli event probability uses selected probabilities and non-selected complement probabilities.
24,24,1,no_new_outage,bernoulli_full_event,45,0,45,1,0.749188383313096,0.749188383313096,full_event_available,1,1,,"","",paper_formula,Full Bernoulli event probability uses selected probabilities and non-selected complement probabilities.
24,25,1,continue,bernoulli_full_event,45,1,44,0.006457241925,0.754057515113548,0.00486913180045252,full_event_available,0,1,,"5","0.0010081",paper_formula,Full Bernoulli event probability uses selected probabilities and non-selected complement probabilities.
24,25,2,no_new_outage,bernoulli_full_event,44,0,44,1,0.754057515113548,0.754057515113548,full_event_available,1,1,,"","",paper_formula,Full Bernoulli event probability uses selected probabilities and non-selected complement probabilities.
24,26,1,no_new_outage,bernoulli_full_event,45,0,45,1,0.749188383313096,0.749188383313096,full_event_available,1,1,,"","",paper_formula,Full Bernoulli event probability uses selected probabilities and non-selected complement probabilities.
24,27,1,no_new_outage,bernoulli_full_event,45,0,45,1,0.749188383313096,0.749188383313096,full_event_available,1,1,,"","",paper_formula,Full Bernoulli event probability uses selected probabilities and non-selected complement probabilities.
24,28,1,no_new_outage,bernoulli_full_event,45,0,45,1,0.749188383313096,0.749188383313096,full_event_available,1,1,,"","",paper_formula,Full Bernoulli event probability uses selected probabilities and non-selected complement probabilities.
24,29,1,no_new_outage,bernoulli_full_event,45,0,45,1,0.749188383313096,0.749188383313096,full_event_available,1,1,,"","",paper_formula,Full Bernoulli event probability uses selected probabilities and non-selected complement probabilities.
24,30,1,no_new_outage,bernoulli_full_event,45,0,45,1,0.749188383313096,0.749188383313096,full_event_available,1,1,,"","",paper_formula,Full Bernoulli event probability uses selected probabilities and non-selected complement probabilities.
25,1,1,continue,bernoulli_full_event,45,1,44,0.0064324913,0.7541071048521,0.00485078739122932,full_event_available,0,1,,"45","0.0016035",paper_formula,Full Bernoulli event probability uses selected probabilities and non-selected complement probabilities.
25,1,2,continue,bernoulli_full_event,44,1,43,0.006457241925,0.759008204451302,0.00490109959920192,full_event_available,0,1,,"43","0.0062054",paper_formula,Full Bernoulli event probability uses selected probabilities and non-selected complement probabilities.
25,1,3,no_new_outage,bernoulli_full_event,43,0,43,1,0.759008204451302,0.759008204451302,full_event_available,1,1,,"","",paper_formula,Full Bernoulli event probability uses selected probabilities and non-selected complement probabilities.
25,2,1,no_new_outage,bernoulli_full_event,45,0,45,1,0.749256317460871,0.749256317460871,full_event_available,1,1,,"","",paper_formula,Full Bernoulli event probability uses selected probabilities and non-selected complement probabilities.
25,3,1,no_new_outage,bernoulli_full_event,45,0,45,1,0.749256317460871,0.749256317460871,full_event_available,1,1,,"","",paper_formula,Full Bernoulli event probability uses selected probabilities and non-selected complement probabilities.
25,4,1,no_new_outage,bernoulli_full_event,45,0,45,1,0.749256317460871,0.749256317460871,full_event_available,1,1,,"","",paper_formula,Full Bernoulli event probability uses selected probabilities and non-selected complement probabilities.
25,5,1,no_new_outage,bernoulli_full_event,45,0,45,1,0.749256317460871,0.749256317460871,full_event_available,1,1,,"","",paper_formula,Full Bernoulli event probability uses selected probabilities and non-selected complement probabilities.
25,6,1,no_new_outage,bernoulli_full_event,45,0,45,1,0.749256317460871,0.749256317460871,full_event_available,1,1,,"","",paper_formula,Full Bernoulli event probability uses selected probabilities and non-selected complement probabilities.
25,7,1,continue,bernoulli_full_event,45,1,44,0.006205775575,0.753935069299063,0.00467875183819206,full_event_available,0,1,,"18","0.0058114",paper_formula,Full Bernoulli event probability uses selected probabilities and non-selected complement probabilities.
25,7,2,continue,bernoulli_full_event,44,2,42,0.515357283416902,0.763892481086328,0.393677553875247,full_event_available,0,1,,"19,23","0.88593,0.081309",paper_formula,Full Bernoulli event probability uses selected probabilities and non-selected complement probabilities.
25,7,3,continue,bernoulli_full_event,41,2,39,1,0.738822086121063,0.738822086121063,full_event_available,0,1,,"8,14","0.28053,0.44588",paper_formula,Full Bernoulli event probability uses selected probabilities and non-selected complement probabilities.
25,7,4,load_loss_threshold,bernoulli_full_event,39,0,39,NaN,NaN,1,terminal_stage_probability_one,1,0,,"","",,Terminal recording stage excluded from Bernoulli complement product.
25,8,1,no_new_outage,bernoulli_full_event,45,0,45,1,0.749256317460871,0.749256317460871,full_event_available,1,1,,"","",paper_formula,Full Bernoulli event probability uses selected probabilities and non-selected complement probabilities.
25,9,1,no_new_outage,bernoulli_full_event,45,0,45,1,0.749256317460871,0.749256317460871,full_event_available,1,1,,"","",paper_formula,Full Bernoulli event probability uses selected probabilities and non-selected complement probabilities.
25,10,1,no_new_outage,bernoulli_full_event,45,0,45,1,0.749256317460871,0.749256317460871,full_event_available,1,1,,"","",paper_formula,Full Bernoulli event probability uses selected probabilities and non-selected complement probabilities.
25,11,1,no_new_outage,bernoulli_full_event,45,0,45,1,0.749256317460871,0.749256317460871,full_event_available,1,1,,"","",paper_formula,Full Bernoulli event probability uses selected probabilities and non-selected complement probabilities.
25,12,1,no_new_outage,bernoulli_full_event,45,0,45,1,0.749256317460871,0.749256317460871,full_event_available,1,1,,"","",paper_formula,Full Bernoulli event probability uses selected probabilities and non-selected complement probabilities.
25,13,1,no_new_outage,bernoulli_full_event,45,0,45,1,0.749256317460871,0.749256317460871,full_event_available,1,1,,"","",paper_formula,Full Bernoulli event probability uses selected probabilities and non-selected complement probabilities.
25,14,1,no_new_outage,bernoulli_full_event,45,0,45,1,0.749256317460871,0.749256317460871,full_event_available,1,1,,"","",paper_formula,Full Bernoulli event probability uses selected probabilities and non-selected complement probabilities.
25,15,1,no_new_outage,bernoulli_full_event,45,0,45,1,0.749256317460871,0.749256317460871,full_event_available,1,1,,"","",paper_formula,Full Bernoulli event probability uses selected probabilities and non-selected complement probabilities.
25,16,1,continue,bernoulli_full_event,45,1,44,0.006358239425,0.754050752685044,0.00479443522417297,full_event_available,0,1,,"38","0.0040299",paper_formula,Full Bernoulli event probability uses selected probabilities and non-selected complement probabilities.
25,16,2,continue,bernoulli_full_event,44,2,42,1,0.763909190144234,0.763909190144234,full_event_available,0,1,,"28,35","0.685,0.037995",paper_formula,Full Bernoulli event probability uses selected probabilities and non-selected complement probabilities.
25,16,3,continue,bernoulli_full_event,39,2,37,0.972910003138026,0.0714279074957072,0.0694929257057911,full_event_available,0,1,,"8,14","0.21143,0.65039",paper_formula,Full Bernoulli event probability uses selected probabilities and non-selected complement probabilities.
25,16,4,continue,bernoulli_full_event,37,1,36,1,0.346228936747396,0.346228936747396,full_event_available,0,1,,"3","0.55825",paper_formula,Full Bernoulli event probability uses selected probabilities and non-selected complement probabilities.
25,16,5,max_depth_reached,bernoulli_full_event,36,0,36,NaN,NaN,1,terminal_stage_probability_one,1,0,,"","",,Terminal recording stage excluded from Bernoulli complement product.
25,17,1,no_new_outage,bernoulli_full_event,45,0,45,1,0.749256317460871,0.749256317460871,full_event_available,1,1,,"","",paper_formula,Full Bernoulli event probability uses selected probabilities and non-selected complement probabilities.
25,18,1,no_new_outage,bernoulli_full_event,45,0,45,1,0.749256317460871,0.749256317460871,full_event_available,1,1,,"","",paper_formula,Full Bernoulli event probability uses selected probabilities and non-selected complement probabilities.
25,19,1,no_new_outage,bernoulli_full_event,45,0,45,1,0.749256317460871,0.749256317460871,full_event_available,1,1,,"","",paper_formula,Full Bernoulli event probability uses selected probabilities and non-selected complement probabilities.
25,20,1,continue,bernoulli_full_event,45,1,44,0.006358239425,0.754050752685044,0.00479443522417297,full_event_available,0,1,,"24","0.0038347",paper_formula,Full Bernoulli event probability uses selected probabilities and non-selected complement probabilities.
25,20,2,no_new_outage,bernoulli_full_event,44,0,44,1,0.754050752685044,0.754050752685044,full_event_available,1,1,,"","",paper_formula,Full Bernoulli event probability uses selected probabilities and non-selected complement probabilities.
25,21,1,no_new_outage,bernoulli_full_event,45,0,45,1,0.749256317460871,0.749256317460871,full_event_available,1,1,,"","",paper_formula,Full Bernoulli event probability uses selected probabilities and non-selected complement probabilities.
25,22,1,no_new_outage,bernoulli_full_event,45,0,45,1,0.749256317460871,0.749256317460871,full_event_available,1,1,,"","",paper_formula,Full Bernoulli event probability uses selected probabilities and non-selected complement probabilities.
25,23,1,continue,bernoulli_full_event,45,1,44,0.00649387285,0.754153695669909,0.00489737820903798,full_event_available,0,1,,"35","0.0047657",paper_formula,Full Bernoulli event probability uses selected probabilities and non-selected complement probabilities.
25,23,2,continue,bernoulli_full_event,44,4,40,0.00640377762227901,0.774025320274138,0.00495668602504887,full_event_available,0,1,,"4,29,36,38","0.0035641,0.21918,0.84506,0.46595",paper_formula,Full Bernoulli event probability uses selected probabilities and non-selected complement probabilities.
25,23,3,continue,bernoulli_full_event,38,3,35,0.309170294857206,0.329226765427167,0.101787136142001,full_event_available,0,1,,"8,14,23","0.40499,0.28208,0.25793",paper_formula,Full Bernoulli event probability uses selected probabilities and non-selected complement probabilities.
25,23,4,continue,bernoulli_full_event,35,5,30,0.986508978933038,0.824745866754379,0.813619202891106,full_event_available,0,1,,"3,6,13,18,27","0.51005,0.059858,0.62461,0.14617,0.24955",paper_formula,Full Bernoulli event probability uses selected probabilities and non-selected complement probabilities.
25,23,5,max_depth_reached,bernoulli_full_event,0,0,0,NaN,NaN,1,terminal_stage_probability_one,1,0,,"","",,Terminal recording stage excluded from Bernoulli complement product.
25,24,1,no_new_outage,bernoulli_full_event,45,0,45,1,0.749256317460871,0.749256317460871,full_event_available,1,1,,"","",paper_formula,Full Bernoulli event probability uses selected probabilities and non-selected complement probabilities.
25,25,1,no_new_outage,bernoulli_full_event,45,0,45,1,0.749256317460871,0.749256317460871,full_event_available,1,1,,"","",paper_formula,Full Bernoulli event probability uses selected probabilities and non-selected complement probabilities.
25,26,1,no_new_outage,bernoulli_full_event,45,0,45,1,0.749256317460871,0.749256317460871,full_event_available,1,1,,"","",paper_formula,Full Bernoulli event probability uses selected probabilities and non-selected complement probabilities.
25,27,1,continue,bernoulli_full_event,45,1,44,0.0065948554,0.754230357607583,0.0049740401467123,full_event_available,0,1,,"9","0.0038512",paper_formula,Full Bernoulli event probability uses selected probabilities and non-selected complement probabilities.
25,27,2,no_new_outage,bernoulli_full_event,44,0,44,1,0.754230357607583,0.754230357607583,full_event_available,1,1,,"","",paper_formula,Full Bernoulli event probability uses selected probabilities and non-selected complement probabilities.
25,28,1,no_new_outage,bernoulli_full_event,45,0,45,1,0.749256317460871,0.749256317460871,full_event_available,1,1,,"","",paper_formula,Full Bernoulli event probability uses selected probabilities and non-selected complement probabilities.
25,29,1,no_new_outage,bernoulli_full_event,45,0,45,1,0.749256317460871,0.749256317460871,full_event_available,1,1,,"","",paper_formula,Full Bernoulli event probability uses selected probabilities and non-selected complement probabilities.
25,30,1,no_new_outage,bernoulli_full_event,45,0,45,1,0.749256317460871,0.749256317460871,full_event_available,1,1,,"","",paper_formula,Full Bernoulli event probability uses selected probabilities and non-selected complement probabilities.
26,1,1,continue,bernoulli_full_event,45,2,43,4.20524819831974e-05,0.758946958012831,3.19156032780371e-05,full_event_available,0,1,,"20,41","0.0027928,0.0032958",paper_formula,Full Bernoulli event probability uses selected probabilities and non-selected complement probabilities.
26,1,2,continue,bernoulli_full_event,43,4,39,0.957542887766819,0.657205949693542,0.629302882927089,full_event_available,0,1,,"6,8,14,25","0.30933,0.85508,0.63545,0.834",paper_formula,Full Bernoulli event probability uses selected probabilities and non-selected complement probabilities.
26,1,3,load_loss_threshold,bernoulli_full_event,0,0,0,NaN,NaN,1,terminal_stage_probability_one,1,0,,"","",,Terminal recording stage excluded from Bernoulli complement product.
26,2,1,no_new_outage,bernoulli_full_event,45,0,45,1,0.749135388301968,0.749135388301968,full_event_available,1,1,,"","",paper_formula,Full Bernoulli event probability uses selected probabilities and non-selected complement probabilities.
26,3,1,no_new_outage,bernoulli_full_event,45,0,45,1,0.749135388301968,0.749135388301968,full_event_available,1,1,,"","",paper_formula,Full Bernoulli event probability uses selected probabilities and non-selected complement probabilities.
26,4,1,no_new_outage,bernoulli_full_event,45,0,45,1,0.749135388301968,0.749135388301968,full_event_available,1,1,,"","",paper_formula,Full Bernoulli event probability uses selected probabilities and non-selected complement probabilities.
26,5,1,no_new_outage,bernoulli_full_event,45,0,45,1,0.749135388301968,0.749135388301968,full_event_available,1,1,,"","",paper_formula,Full Bernoulli event probability uses selected probabilities and non-selected complement probabilities.
26,6,1,continue,bernoulli_full_event,45,1,44,0.00656119455,0.754083074057723,0.00494768575575478,full_event_available,0,1,,"10","0.0036574",paper_formula,Full Bernoulli event probability uses selected probabilities and non-selected complement probabilities.
26,6,2,continue,bernoulli_full_event,44,2,42,1,0.763859749069152,0.763859749069152,full_event_available,0,1,,"9,12","0.14781,0.15497",paper_formula,Full Bernoulli event probability uses selected probabilities and non-selected complement probabilities.
26,6,3,load_loss_threshold,bernoulli_full_event,21,0,21,NaN,NaN,1,terminal_stage_probability_one,1,0,,"","",,Terminal recording stage excluded from Bernoulli complement product.
26,7,1,no_new_outage,bernoulli_full_event,45,0,45,1,0.749135388301968,0.749135388301968,full_event_available,1,1,,"","",paper_formula,Full Bernoulli event probability uses selected probabilities and non-selected complement probabilities.
26,8,1,continue,bernoulli_full_event,45,1,44,0.006425561125,0.753980133738339,0.00484474543637137,full_event_available,0,1,,"4","0.0028944",paper_formula,Full Bernoulli event probability uses selected probabilities and non-selected complement probabilities.
26,8,2,no_new_outage,bernoulli_full_event,44,0,44,1,0.753980133738339,0.753980133738339,full_event_available,1,1,,"","",paper_formula,Full Bernoulli event probability uses selected probabilities and non-selected complement probabilities.
26,9,1,continue,bernoulli_full_event,45,1,44,0.00656119455,0.754083074057722,0.00494768575575477,full_event_available,0,1,,"31","0.0033579",paper_formula,Full Bernoulli event probability uses selected probabilities and non-selected complement probabilities.
26,9,2,no_new_outage,bernoulli_full_event,44,0,44,1,0.754083074057722,0.754083074057722,full_event_available,1,1,,"","",paper_formula,Full Bernoulli event probability uses selected probabilities and non-selected complement probabilities.
26,10,1,no_new_outage,bernoulli_full_event,45,0,45,1,0.749135388301968,0.749135388301968,full_event_available,1,1,,"","",paper_formula,Full Bernoulli event probability uses selected probabilities and non-selected complement probabilities.
26,11,1,continue,bernoulli_full_event,45,1,44,0.00635922945,0.753929800895052,0.00479441259308445,full_event_available,0,1,,"3","0.0057505",paper_formula,Full Bernoulli event probability uses selected probabilities and non-selected complement probabilities.
26,11,2,no_new_outage,bernoulli_full_event,44,0,44,1,0.716333711246241,0.716333711246241,full_event_available,1,1,,"","",paper_formula,Full Bernoulli event probability uses selected probabilities and non-selected complement probabilities.
26,12,1,no_new_outage,bernoulli_full_event,45,0,45,1,0.749135388301968,0.749135388301968,full_event_available,1,1,,"","",paper_formula,Full Bernoulli event probability uses selected probabilities and non-selected complement probabilities.
26,13,1,no_new_outage,bernoulli_full_event,45,0,45,1,0.749135388301968,0.749135388301968,full_event_available,1,1,,"","",paper_formula,Full Bernoulli event probability uses selected probabilities and non-selected complement probabilities.
26,14,1,no_new_outage,bernoulli_full_event,45,0,45,1,0.749135388301968,0.749135388301968,full_event_available,1,1,,"","",paper_formula,Full Bernoulli event probability uses selected probabilities and non-selected complement probabilities.
26,15,1,no_new_outage,bernoulli_full_event,45,0,45,1,0.749135388301968,0.749135388301968,full_event_available,1,1,,"","",paper_formula,Full Bernoulli event probability uses selected probabilities and non-selected complement probabilities.
26,16,1,no_new_outage,bernoulli_full_event,45,0,45,1,0.749135388301968,0.749135388301968,full_event_available,1,1,,"","",paper_formula,Full Bernoulli event probability uses selected probabilities and non-selected complement probabilities.
26,17,1,no_new_outage,bernoulli_full_event,45,0,45,1,0.749135388301968,0.749135388301968,full_event_available,1,1,,"","",paper_formula,Full Bernoulli event probability uses selected probabilities and non-selected complement probabilities.
26,18,1,no_new_outage,bernoulli_full_event,45,0,45,1,0.749135388301968,0.749135388301968,full_event_available,1,1,,"","",paper_formula,Full Bernoulli event probability uses selected probabilities and non-selected complement probabilities.
26,19,1,no_new_outage,bernoulli_full_event,45,0,45,1,0.749135388301968,0.749135388301968,full_event_available,1,1,,"","",paper_formula,Full Bernoulli event probability uses selected probabilities and non-selected complement probabilities.
26,20,1,no_new_outage,bernoulli_full_event,45,0,45,1,0.749135388301968,0.749135388301968,full_event_available,1,1,,"","",paper_formula,Full Bernoulli event probability uses selected probabilities and non-selected complement probabilities.
26,21,1,no_new_outage,bernoulli_full_event,45,0,45,1,0.749135388301968,0.749135388301968,full_event_available,1,1,,"","",paper_formula,Full Bernoulli event probability uses selected probabilities and non-selected complement probabilities.
26,22,1,no_new_outage,bernoulli_full_event,45,0,45,1,0.749135388301968,0.749135388301968,full_event_available,1,1,,"","",paper_formula,Full Bernoulli event probability uses selected probabilities and non-selected complement probabilities.
26,23,1,no_new_outage,bernoulli_full_event,45,0,45,1,0.749135388301968,0.749135388301968,full_event_available,1,1,,"","",paper_formula,Full Bernoulli event probability uses selected probabilities and non-selected complement probabilities.
26,24,1,no_new_outage,bernoulli_full_event,45,0,45,1,0.749135388301968,0.749135388301968,full_event_available,1,1,,"","",paper_formula,Full Bernoulli event probability uses selected probabilities and non-selected complement probabilities.
26,25,1,no_new_outage,bernoulli_full_event,45,0,45,1,0.749135388301968,0.749135388301968,full_event_available,1,1,,"","",paper_formula,Full Bernoulli event probability uses selected probabilities and non-selected complement probabilities.
26,26,1,no_new_outage,bernoulli_full_event,45,0,45,1,0.749135388301968,0.749135388301968,full_event_available,1,1,,"","",paper_formula,Full Bernoulli event probability uses selected probabilities and non-selected complement probabilities.
26,27,1,no_new_outage,bernoulli_full_event,45,0,45,1,0.749135388301968,0.749135388301968,full_event_available,1,1,,"","",paper_formula,Full Bernoulli event probability uses selected probabilities and non-selected complement probabilities.
26,28,1,no_new_outage,bernoulli_full_event,45,0,45,1,0.749135388301968,0.749135388301968,full_event_available,1,1,,"","",paper_formula,Full Bernoulli event probability uses selected probabilities and non-selected complement probabilities.
26,29,1,no_new_outage,bernoulli_full_event,45,0,45,1,0.749135388301968,0.749135388301968,full_event_available,1,1,,"","",paper_formula,Full Bernoulli event probability uses selected probabilities and non-selected complement probabilities.
26,30,1,continue,bernoulli_full_event,45,1,44,0.006663167125,0.754160485656971,0.00502509735500356,full_event_available,0,1,,"17","0.0066085",paper_formula,Full Bernoulli event probability uses selected probabilities and non-selected complement probabilities.
26,30,2,no_new_outage,bernoulli_full_event,44,0,44,1,0.492700784157109,0.492700784157109,full_event_available,1,1,,"","",paper_formula,Full Bernoulli event probability uses selected probabilities and non-selected complement probabilities.
27,1,1,no_new_outage,bernoulli_full_event,42,0,42,1,0.762953948518273,0.762953948518273,full_event_available,1,1,,"","",paper_formula,Full Bernoulli event probability uses selected probabilities and non-selected complement probabilities.
27,2,1,no_new_outage,bernoulli_full_event,42,0,42,1,0.762953948518273,0.762953948518273,full_event_available,1,1,,"","",paper_formula,Full Bernoulli event probability uses selected probabilities and non-selected complement probabilities.
27,3,1,no_new_outage,bernoulli_full_event,42,0,42,1,0.762953948518273,0.762953948518273,full_event_available,1,1,,"","",paper_formula,Full Bernoulli event probability uses selected probabilities and non-selected complement probabilities.
27,4,1,no_new_outage,bernoulli_full_event,42,0,42,1,0.762953948518273,0.762953948518273,full_event_available,1,1,,"","",paper_formula,Full Bernoulli event probability uses selected probabilities and non-selected complement probabilities.
27,5,1,no_new_outage,bernoulli_full_event,42,0,42,1,0.762953948518273,0.762953948518273,full_event_available,1,1,,"","",paper_formula,Full Bernoulli event probability uses selected probabilities and non-selected complement probabilities.
27,6,1,no_new_outage,bernoulli_full_event,42,0,42,1,0.762953948518273,0.762953948518273,full_event_available,1,1,,"","",paper_formula,Full Bernoulli event probability uses selected probabilities and non-selected complement probabilities.
27,7,1,no_new_outage,bernoulli_full_event,42,0,42,1,0.762953948518273,0.762953948518273,full_event_available,1,1,,"","",paper_formula,Full Bernoulli event probability uses selected probabilities and non-selected complement probabilities.
27,8,1,no_new_outage,bernoulli_full_event,42,0,42,1,0.762953948518273,0.762953948518273,full_event_available,1,1,,"","",paper_formula,Full Bernoulli event probability uses selected probabilities and non-selected complement probabilities.
27,9,1,no_new_outage,bernoulli_full_event,42,0,42,1,0.762953948518273,0.762953948518273,full_event_available,1,1,,"","",paper_formula,Full Bernoulli event probability uses selected probabilities and non-selected complement probabilities.
27,10,1,no_new_outage,bernoulli_full_event,42,0,42,1,0.762953948518273,0.762953948518273,full_event_available,1,1,,"","",paper_formula,Full Bernoulli event probability uses selected probabilities and non-selected complement probabilities.
27,11,1,no_new_outage,bernoulli_full_event,42,0,42,1,0.762953948518273,0.762953948518273,full_event_available,1,1,,"","",paper_formula,Full Bernoulli event probability uses selected probabilities and non-selected complement probabilities.
27,12,1,no_new_outage,bernoulli_full_event,42,0,42,1,0.762953948518273,0.762953948518273,full_event_available,1,1,,"","",paper_formula,Full Bernoulli event probability uses selected probabilities and non-selected complement probabilities.
27,13,1,no_new_outage,bernoulli_full_event,42,0,42,1,0.762953948518273,0.762953948518273,full_event_available,1,1,,"","",paper_formula,Full Bernoulli event probability uses selected probabilities and non-selected complement probabilities.
27,14,1,no_new_outage,bernoulli_full_event,42,0,42,1,0.762953948518273,0.762953948518273,full_event_available,1,1,,"","",paper_formula,Full Bernoulli event probability uses selected probabilities and non-selected complement probabilities.
27,15,1,continue,bernoulli_full_event,42,1,41,0.006663167125,0.768071738878409,0.0051177903601362,full_event_available,0,1,,"19","0.0038887",paper_formula,Full Bernoulli event probability uses selected probabilities and non-selected complement probabilities.
27,15,2,continue,bernoulli_full_event,41,3,38,0.996441584578391,0.424021825342219,0.422512979539823,full_event_available,0,1,,"8,10,18","0.65631,0.5883,0.18993",paper_formula,Full Bernoulli event probability uses selected probabilities and non-selected complement probabilities.
27,15,3,continue,bernoulli_full_event,37,4,33,0.350703668863679,0.807813123404407,0.283303026134154,full_event_available,0,1,,"3,12,14,15","0.76313,0.52585,0.8893,0.21636",paper_formula,Full Bernoulli event probability uses selected probabilities and non-selected complement probabilities.
27,15,4,load_loss_threshold,bernoulli_full_event,33,0,33,NaN,NaN,1,terminal_stage_probability_one,1,0,,"","",,Terminal recording stage excluded from Bernoulli complement product.
27,16,1,continue,bernoulli_full_event,42,1,41,0.006358239425,0.767836033860701,0.00488208534242875,full_event_available,0,1,,"38","0.00091653",paper_formula,Full Bernoulli event probability uses selected probabilities and non-selected complement probabilities.
27,16,2,continue,bernoulli_full_event,41,2,39,1,0.777874699682298,0.777874699682298,full_event_available,0,1,,"28,35","0.80302,0.88881",paper_formula,Full Bernoulli event probability uses selected probabilities and non-selected complement probabilities.
27,16,3,continue,bernoulli_full_event,36,9,27,0.212264627892168,0.840567764317999,0.178422803711112,full_event_available,0,1,,"3,6,8,10,14,19,20,23,24","0.14887,0.32686,0.28536,0.13337,0.37764,0.73839,0.32673,0.48724,0.65842",paper_formula,Full Bernoulli event probability uses selected probabilities and non-selected complement probabilities.
27,16,4,load_loss_threshold,bernoulli_full_event,0,0,0,NaN,NaN,1,terminal_stage_probability_one,1,0,,"","",,Terminal recording stage excluded from Bernoulli complement product.
27,17,1,no_new_outage,bernoulli_full_event,42,0,42,1,0.762953948518273,0.762953948518273,full_event_available,1,1,,"","",paper_formula,Full Bernoulli event probability uses selected probabilities and non-selected complement probabilities.
27,18,1,no_new_outage,bernoulli_full_event,42,0,42,1,0.762953948518273,0.762953948518273,full_event_available,1,1,,"","",paper_formula,Full Bernoulli event probability uses selected probabilities and non-selected complement probabilities.
27,19,1,no_new_outage,bernoulli_full_event,42,0,42,1,0.762953948518273,0.762953948518273,full_event_available,1,1,,"","",paper_formula,Full Bernoulli event probability uses selected probabilities and non-selected complement probabilities.
27,20,1,continue,bernoulli_full_event,42,1,41,0.00656119455,0.767992899343887,0.00503895082561381,full_event_available,0,1,,"31","0.00085104",paper_formula,Full Bernoulli event probability uses selected probabilities and non-selected complement probabilities.
27,20,2,continue,bernoulli_full_event,41,1,40,0.006437441425,0.772968840981052,0.00497594163716566,full_event_available,0,1,,"41","0.0045039",paper_formula,Full Bernoulli event probability uses selected probabilities and non-selected complement probabilities.
27,20,3,continue,bernoulli_full_event,40,6,34,1,0.155765539780987,0.155765539780987,full_event_available,0,1,,"6,8,10,14,19,23","0.24828,0.86479,0.60514,0.044056,0.95647,0.41371",paper_formula,Full Bernoulli event probability uses selected probabilities and non-selected complement probabilities.
27,20,4,continue,bernoulli_full_event,34,6,28,1,0.834938667530837,0.834938667530837,full_event_available,0,1,,"1,3,7,13,18,25","0.3586,0.64083,0.94502,0.59806,0.091998,0.21892",paper_formula,Full Bernoulli event probability uses selected probabilities and non-selected complement probabilities.
27,20,5,max_depth_reached,bernoulli_full_event,6,0,6,NaN,NaN,1,terminal_stage_probability_one,1,0,,"","",,Terminal recording stage excluded from Bernoulli complement product.
27,21,1,no_new_outage,bernoulli_full_event,42,0,42,1,0.762953948518273,0.762953948518273,full_event_available,1,1,,"","",paper_formula,Full Bernoulli event probability uses selected probabilities and non-selected complement probabilities.
27,22,1,no_new_outage,bernoulli_full_event,42,0,42,1,0.762953948518273,0.762953948518273,full_event_available,1,1,,"","",paper_formula,Full Bernoulli event probability uses selected probabilities and non-selected complement probabilities.
27,23,1,no_new_outage,bernoulli_full_event,42,0,42,1,0.762953948518273,0.762953948518273,full_event_available,1,1,,"","",paper_formula,Full Bernoulli event probability uses selected probabilities and non-selected complement probabilities.
27,24,1,no_new_outage,bernoulli_full_event,42,0,42,1,0.762953948518273,0.762953948518273,full_event_available,1,1,,"","",paper_formula,Full Bernoulli event probability uses selected probabilities and non-selected complement probabilities.
27,25,1,no_new_outage,bernoulli_full_event,42,0,42,1,0.762953948518273,0.762953948518273,full_event_available,1,1,,"","",paper_formula,Full Bernoulli event probability uses selected probabilities and non-selected complement probabilities.
27,26,1,no_new_outage,bernoulli_full_event,42,0,42,1,0.762953948518273,0.762953948518273,full_event_available,1,1,,"","",paper_formula,Full Bernoulli event probability uses selected probabilities and non-selected complement probabilities.
27,27,1,continue,bernoulli_full_event,42,1,41,0.006205775575,0.767718235593199,0.00476428707492637,full_event_available,0,1,,"18","0.003422",paper_formula,Full Bernoulli event probability uses selected probabilities and non-selected complement probabilities.
27,27,2,continue,bernoulli_full_event,41,2,39,0.999548341512764,0.777857685155481,0.777506359130119,full_event_available,0,1,,"19,23","0.071242,0.96605",paper_formula,Full Bernoulli event probability uses selected probabilities and non-selected complement probabilities.
27,27,3,continue,bernoulli_full_event,38,2,36,1,0.343973319712338,0.343973319712338,full_event_available,0,1,,"8,14","0.034572,0.45705",paper_formula,Full Bernoulli event probability uses selected probabilities and non-selected complement probabilities.
27,27,4,load_loss_threshold,bernoulli_full_event,36,0,36,NaN,NaN,1,terminal_stage_probability_one,1,0,,"","",,Terminal recording stage excluded from Bernoulli complement product.
27,28,1,no_new_outage,bernoulli_full_event,42,0,42,1,0.762953948518273,0.762953948518273,full_event_available,1,1,,"","",paper_formula,Full Bernoulli event probability uses selected probabilities and non-selected complement probabilities.
27,29,1,no_new_outage,bernoulli_full_event,42,0,42,1,0.762953948518273,0.762953948518273,full_event_available,1,1,,"","",paper_formula,Full Bernoulli event probability uses selected probabilities and non-selected complement probabilities.
27,30,1,no_new_outage,bernoulli_full_event,42,0,42,1,0.762953948518273,0.762953948518273,full_event_available,1,1,,"","",paper_formula,Full Bernoulli event probability uses selected probabilities and non-selected complement probabilities.
28,1,1,continue,bernoulli_full_event,45,1,44,1,0.754054509574794,0.754054509574794,full_event_available,0,1,,"38","0.93879",paper_formula,Full Bernoulli event probability uses selected probabilities and non-selected complement probabilities.
28,1,2,continue,bernoulli_full_event,40,4,36,0.500241471739342,0.793971917421231,0.397177680490504,full_event_available,0,1,,"8,14,19,23","0.3905,0.71992,0.13797,0.19352",paper_formula,Full Bernoulli event probability uses selected probabilities and non-selected complement probabilities.
28,1,3,continue,bernoulli_full_event,36,8,28,0.00619881683400997,0.835640990631845,0.00517998543991745,full_event_available,0,1,,"1,2,3,6,13,18,27,41","0.1961,0.81526,0.96469,0.037422,0.45546,0.21003,0.57919,0.0043256",paper_formula,Full Bernoulli event probability uses selected probabilities and non-selected complement probabilities.
28,1,4,load_loss_threshold,bernoulli_full_event,0,0,0,NaN,NaN,1,terminal_stage_probability_one,1,0,,"","",,Terminal recording stage excluded from Bernoulli complement product.
28,2,1,continue,bernoulli_full_event,45,1,44,1,0.754054509574794,0.754054509574794,full_event_available,0,1,,"38","0.092111",paper_formula,Full Bernoulli event probability uses selected probabilities and non-selected complement probabilities.
28,2,2,continue,bernoulli_full_event,40,4,36,0.500241471739342,0.793971917421231,0.397177680490504,full_event_available,0,1,,"8,14,19,23","0.75123,0.72218,0.4777,0.38228",paper_formula,Full Bernoulli event probability uses selected probabilities and non-selected complement probabilities.
28,2,3,continue,bernoulli_full_event,36,7,29,0.962931765085532,0.830261600702323,0.799485268647027,full_event_available,0,1,,"1,2,3,6,13,18,27","0.57664,0.58777,0.45327,0.83536,0.19445,0.54961,0.12363",paper_formula,Full Bernoulli event probability uses selected probabilities and non-selected complement probabilities.
28,2,4,load_loss_threshold,bernoulli_full_event,0,0,0,NaN,NaN,1,terminal_stage_probability_one,1,0,,"","",,Terminal recording stage excluded from Bernoulli complement product.
28,3,1,continue,bernoulli_full_event,45,1,44,1,0.754054509574794,0.754054509574794,full_event_available,0,1,,"38","0.24183",paper_formula,Full Bernoulli event probability uses selected probabilities and non-selected complement probabilities.
28,3,2,continue,bernoulli_full_event,40,3,37,0.612365925040641,0.145376585366881,0.0890236671774396,full_event_available,0,1,,"8,14,23","0.54866,0.29188,0.14097",paper_formula,Full Bernoulli event probability uses selected probabilities and non-selected complement probabilities.
28,3,3,continue,bernoulli_full_event,37,7,30,0.962713852385988,0.824729428899374,0.793978445671811,full_event_available,0,1,,"1,2,3,6,13,18,27","0.72799,0.074893,0.9658,0.70423,0.76118,0.072808,0.90269",paper_formula,Full Bernoulli event probability uses selected probabilities and non-selected complement probabilities.
28,3,4,load_loss_threshold,bernoulli_full_event,0,0,0,NaN,NaN,1,terminal_stage_probability_one,1,0,,"","",,Terminal recording stage excluded from Bernoulli complement product.
28,4,1,continue,bernoulli_full_event,45,1,44,1,0.754054509574794,0.754054509574794,full_event_available,0,1,,"38","0.60741",paper_formula,Full Bernoulli event probability uses selected probabilities and non-selected complement probabilities.
28,4,2,continue,bernoulli_full_event,40,3,37,0.612365925040641,0.145376585366881,0.0890236671774396,full_event_available,0,1,,"8,14,23","0.38555,0.57635,0.84421",paper_formula,Full Bernoulli event probability uses selected probabilities and non-selected complement probabilities.
28,4,3,continue,bernoulli_full_event,37,7,30,0.00642410701223562,0.0307689721224436,0.000197663169571072,full_event_available,0,1,,"1,2,3,4,6,13,18","0.92709,0.15007,0.83152,0.0021094,0.19805,0.77593,0.77946",paper_formula,Full Bernoulli event probability uses selected probabilities and non-selected complement probabilities.
28,4,4,load_loss_threshold,bernoulli_full_event,19,0,19,NaN,NaN,1,terminal_stage_probability_one,1,0,,"","",,Terminal recording stage excluded from Bernoulli complement product.
28,5,1,continue,bernoulli_full_event,45,1,44,1,0.754054509574794,0.754054509574794,full_event_available,0,1,,"38","0.60165",paper_formula,Full Bernoulli event probability uses selected probabilities and non-selected complement probabilities.
28,5,2,continue,bernoulli_full_event,40,3,37,0.612365925040641,0.145376585366881,0.0890236671774396,full_event_available,0,1,,"8,14,23","0.10509,0.032655,0.20159",paper_formula,Full Bernoulli event probability uses selected probabilities and non-selected complement probabilities.
28,5,3,continue,bernoulli_full_event,37,7,30,0.962713852385988,0.824729428899374,0.793978445671811,full_event_available,0,1,,"1,2,3,6,13,18,27","0.6511,0.93385,0.73648,0.77757,0.82335,0.85975,0.95232",paper_formula,Full Bernoulli event probability uses selected probabilities and non-selected complement probabilities.
28,5,4,load_loss_threshold,bernoulli_full_event,0,0,0,NaN,NaN,1,terminal_stage_probability_one,1,0,,"","",,Terminal recording stage excluded from Bernoulli complement product.
28,6,1,continue,bernoulli_full_event,45,2,43,0.00647011225,0.758965098958891,0.00491058938409638,full_event_available,0,1,,"38,40","0.22481,0.0030625",paper_formula,Full Bernoulli event probability uses selected probabilities and non-selected complement probabilities.
28,6,2,continue,bernoulli_full_event,39,6,33,0.00538080248392921,0.809433133023333,0.00435539981274655,full_event_available,0,1,,"3,8,14,19,22,23","0.27728,0.74187,0.047418,0.43426,0.0048655,0.60417",paper_formula,Full Bernoulli event probability uses selected probabilities and non-selected complement probabilities.
28,6,3,load_loss_threshold,bernoulli_full_event,0,0,0,NaN,NaN,1,terminal_stage_probability_one,1,0,,"","",,Terminal recording stage excluded from Bernoulli complement product.
28,7,1,continue,bernoulli_full_event,45,1,44,1,0.754054509574794,0.754054509574794,full_event_available,0,1,,"38","0.39787",paper_formula,Full Bernoulli event probability uses selected probabilities and non-selected complement probabilities.
28,7,2,continue,bernoulli_full_event,40,5,35,0.0033331925290552,0.799297772059101,0.00266421336231786,full_event_available,0,1,,"8,14,17,19,23","0.45156,0.39855,0.003911,0.43478,0.0071148",paper_formula,Full Bernoulli event probability uses selected probabilities and non-selected complement probabilities.
28,7,3,continue,bernoulli_full_event,25,5,20,0.962931765085532,0.879443570789045,0.846844149913017,full_event_available,0,1,,"1,2,3,6,27","0.41273,0.96497,0.74327,0.67019,0.28972",paper_formula,Full Bernoulli event probability uses selected probabilities and non-selected complement probabilities.
28,7,4,load_loss_threshold,bernoulli_full_event,0,0,0,NaN,NaN,1,terminal_stage_probability_one,1,0,,"","",,Terminal recording stage excluded from Bernoulli complement product.
28,8,1,continue,bernoulli_full_event,45,1,44,1,0.754054509574794,0.754054509574794,full_event_available,0,1,,"38","0.48361",paper_formula,Full Bernoulli event probability uses selected probabilities and non-selected complement probabilities.
28,8,2,continue,bernoulli_full_event,40,3,37,0.612365925040641,0.145376585366881,0.0890236671774396,full_event_available,0,1,,"8,14,23","0.66769,0.27854,0.13718",paper_formula,Full Bernoulli event probability uses selected probabilities and non-selected complement probabilities.
28,8,3,continue,bernoulli_full_event,37,7,30,0.962713852385988,0.824729428899374,0.793978445671811,full_event_available,0,1,,"1,2,3,6,13,18,27","0.5491,0.40108,0.1208,0.21013,0.74324,0.82448,0.93608",paper_formula,Full Bernoulli event probability uses selected probabilities and non-selected complement probabilities.
28,8,4,load_loss_threshold,bernoulli_full_event,0,0,0,NaN,NaN,1,terminal_stage_probability_one,1,0,,"","",,Terminal recording stage excluded from Bernoulli complement product.
28,9,1,continue,bernoulli_full_event,45,1,44,1,0.754054509574794,0.754054509574794,full_event_available,0,1,,"38","0.23703",paper_formula,Full Bernoulli event probability uses selected probabilities and non-selected complement probabilities.
28,9,2,continue,bernoulli_full_event,40,4,36,0.500241471739342,0.793971917421231,0.397177680490504,full_event_available,0,1,,"8,14,19,23","0.71855,0.41934,0.26932,0.49471",paper_formula,Full Bernoulli event probability uses selected probabilities and non-selected complement probabilities.
28,9,3,continue,bernoulli_full_event,36,7,29,0.962931765085532,0.830261600702323,0.799485268647027,full_event_available,0,1,,"1,2,3,6,13,18,27","0.6776,0.91131,0.80919,0.33635,0.25355,0.20108,0.071262",paper_formula,Full Bernoulli event probability uses selected probabilities and non-selected complement probabilities.
28,9,4,load_loss_threshold,bernoulli_full_event,0,0,0,NaN,NaN,1,terminal_stage_probability_one,1,0,,"","",,Terminal recording stage excluded from Bernoulli complement product.
28,10,1,continue,bernoulli_full_event,45,2,43,0.006425561125,0.758931067538927,0.00487655796413288,full_event_available,0,1,,"4,38","0.0001909,0.68536",paper_formula,Full Bernoulli event probability uses selected probabilities and non-selected complement probabilities.
28,10,2,continue,bernoulli_full_event,39,4,35,0.334303574969027,0.799106625891288,0.267144201816894,full_event_available,0,1,,"8,14,19,23","0.65043,0.5203,0.0068548,0.71333",paper_formula,Full Bernoulli event probability uses selected probabilities and non-selected complement probabilities.
28,10,3,continue,bernoulli_full_event,35,9,26,1,0.846491906133033,0.846491906133033,full_event_available,0,1,,"1,2,3,5,6,7,13,18,27","0.66402,0.44029,0.51623,0.57278,0.2852,0.5715,0.25733,0.58998,0.51173",paper_formula,Full Bernoulli event probability uses selected probabilities and non-selected complement probabilities.
28,10,4,load_loss_threshold,bernoulli_full_event,0,0,0,NaN,NaN,1,terminal_stage_probability_one,1,0,,"","",,Terminal recording stage excluded from Bernoulli complement product.
28,11,1,continue,bernoulli_full_event,45,1,44,1,0.754054509574794,0.754054509574794,full_event_available,0,1,,"38","0.71955",paper_formula,Full Bernoulli event probability uses selected probabilities and non-selected complement probabilities.
28,11,2,continue,bernoulli_full_event,40,4,36,0.500241471739342,0.793971917421231,0.397177680490504,full_event_available,0,1,,"8,14,19,23","0.21045,0.012714,0.66761,0.27251",paper_formula,Full Bernoulli event probability uses selected probabilities and non-selected complement probabilities.
28,11,3,continue,bernoulli_full_event,36,7,29,0.962931765085532,0.830261600702323,0.799485268647027,full_event_available,0,1,,"1,2,3,6,13,18,27","0.065647,0.86907,0.90803,0.080182,0.67681,0.27561,0.83282",paper_formula,Full Bernoulli event probability uses selected probabilities and non-selected complement probabilities.
28,11,4,load_loss_threshold,bernoulli_full_event,0,0,0,NaN,NaN,1,terminal_stage_probability_one,1,0,,"","",,Terminal recording stage excluded from Bernoulli complement product.
28,12,1,continue,bernoulli_full_event,45,1,44,1,0.754054509574794,0.754054509574794,full_event_available,0,1,,"38","0.077357",paper_formula,Full Bernoulli event probability uses selected probabilities and non-selected complement probabilities.
28,12,2,continue,bernoulli_full_event,40,3,37,0.650246973332848,0.183161414982802,0.119100155723929,full_event_available,0,1,,"8,19,23","0.10882,0.14394,0.23109",paper_formula,Full Bernoulli event probability uses selected probabilities and non-selected complement probabilities.
28,12,3,continue,bernoulli_full_event,37,8,29,0.467624995435763,0.256633906333505,0.120008429277867,full_event_available,0,1,,"1,3,6,12,13,16,17,18","0.34404,0.69094,0.15462,0.75817,0.82974,0.85158,0.087462,0.029844",paper_formula,Full Bernoulli event probability uses selected probabilities and non-selected complement probabilities.
28,12,4,load_loss_threshold,bernoulli_full_event,21,0,21,NaN,NaN,1,terminal_stage_probability_one,1,0,,"","",,Terminal recording stage excluded from Bernoulli complement product.
28,13,1,continue,bernoulli_full_event,45,1,44,1,0.754054509574794,0.754054509574794,full_event_available,0,1,,"38","0.50478",paper_formula,Full Bernoulli event probability uses selected probabilities and non-selected complement probabilities.
28,13,2,continue,bernoulli_full_event,40,3,37,0.626731899771951,0.160243714604324,0.100429847680482,full_event_available,0,1,,"14,19,23","0.5938,0.73448,0.69277",paper_formula,Full Bernoulli event probability uses selected probabilities and non-selected complement probabilities.
28,13,3,continue,bernoulli_full_event,37,4,33,0.00639487035,0.809595216528341,0.00517725644567892,full_event_available,0,1,,"3,13,18,46","0.18481,0.94044,0.6343,0.004797",paper_formula,Full Bernoulli event probability uses selected probabilities and non-selected complement probabilities.
28,13,4,load_loss_threshold,bernoulli_full_event,0,0,0,NaN,NaN,1,terminal_stage_probability_one,1,0,,"","",,Terminal recording stage excluded from Bernoulli complement product.
28,14,1,continue,bernoulli_full_event,45,1,44,1,0.754054509574794,0.754054509574794,full_event_available,0,1,,"38","0.42125",paper_formula,Full Bernoulli event probability uses selected probabilities and non-selected complement probabilities.
28,14,2,continue,bernoulli_full_event,40,3,37,0.650246973332848,0.183161414982802,0.119100155723929,full_event_available,0,1,,"8,19,23","0.12006,0.81063,0.45776",paper_formula,Full Bernoulli event probability uses selected probabilities and non-selected complement probabilities.
28,14,3,continue,bernoulli_full_event,37,9,28,0.00301956772570574,0.258301823698797,0.000779959850331822,full_event_available,0,1,,"1,3,5,6,12,13,16,17,18","0.82272,0.38677,0.0057206,0.036369,0.69589,0.82829,0.73642,0.83664,0.76834",paper_formula,Full Bernoulli event probability uses selected probabilities and non-selected complement probabilities.
28,14,4,load_loss_threshold,bernoulli_full_event,20,0,20,NaN,NaN,1,terminal_stage_probability_one,1,0,,"","",,Terminal recording stage excluded from Bernoulli complement product.
28,15,1,continue,bernoulli_full_event,45,2,43,0.00628794765,0.758825967534109,0.00477145795931508,full_event_available,0,1,,"26,38","0.0055236,0.12749",paper_formula,Full Bernoulli event probability uses selected probabilities and non-selected complement probabilities.
28,15,2,continue,bernoulli_full_event,39,4,35,0.529646197144173,0.798995962204132,0.423185172914968,full_event_available,0,1,,"8,14,19,23","0.23638,0.77424,0.83136,0.6811",paper_formula,Full Bernoulli event probability uses selected probabilities and non-selected complement probabilities.
28,15,3,continue,bernoulli_full_event,35,8,27,0.00639487035,0.196963695189784,0.00125955729439558,full_event_available,0,1,,"1,2,3,6,13,18,27,46","0.80614,0.9043,0.34313,0.5208,0.85968,0.10905,0.088631,0.004401",paper_formula,Full Bernoulli event probability uses selected probabilities and non-selected complement probabilities.
28,15,4,load_loss_threshold,bernoulli_full_event,6,0,6,NaN,NaN,1,terminal_stage_probability_one,1,0,,"","",,Terminal recording stage excluded from Bernoulli complement product.
28,16,1,continue,bernoulli_full_event,45,1,44,1,0.754054509574794,0.754054509574794,full_event_available,0,1,,"38","0.67614",paper_formula,Full Bernoulli event probability uses selected probabilities and non-selected complement probabilities.
28,16,2,continue,bernoulli_full_event,40,4,36,0.500241471739342,0.793971917421231,0.397177680490504,full_event_available,0,1,,"8,14,19,23","0.37048,0.047523,0.13221,0.19556",paper_formula,Full Bernoulli event probability uses selected probabilities and non-selected complement probabilities.
28,16,3,continue,bernoulli_full_event,36,7,29,0.962931765085532,0.830261600702323,0.799485268647027,full_event_available,0,1,,"1,2,3,6,13,18,27","0.69598,0.27835,0.73079,0.59914,0.087805,0.63252,0.24729",paper_formula,Full Bernoulli event probability uses selected probabilities and non-selected complement probabilities.
28,16,4,load_loss_threshold,bernoulli_full_event,0,0,0,NaN,NaN,1,terminal_stage_probability_one,1,0,,"","",,Terminal recording stage excluded from Bernoulli complement product.
28,17,1,continue,bernoulli_full_event,45,1,44,1,0.754054509574794,0.754054509574794,full_event_available,0,1,,"38","0.16526",paper_formula,Full Bernoulli event probability uses selected probabilities and non-selected complement probabilities.
28,17,2,continue,bernoulli_full_event,40,4,36,0.500241471739342,0.793971917421231,0.397177680490504,full_event_available,0,1,,"8,14,19,23","0.23439,0.31011,0.67998,0.80813",paper_formula,Full Bernoulli event probability uses selected probabilities and non-selected complement probabilities.
28,17,3,continue,bernoulli_full_event,36,7,29,0.962931765085532,0.830261600702323,0.799485268647027,full_event_available,0,1,,"1,2,3,6,13,18,27","0.21274,0.32964,0.98337,0.19946,0.88104,0.2489,0.069181",paper_formula,Full Bernoulli event probability uses selected probabilities and non-selected complement probabilities.
28,17,4,load_loss_threshold,bernoulli_full_event,0,0,0,NaN,NaN,1,terminal_stage_probability_one,1,0,,"","",,Terminal recording stage excluded from Bernoulli complement product.
28,18,1,continue,bernoulli_full_event,45,1,44,1,0.754054509574794,0.754054509574794,full_event_available,0,1,,"38","0.97674",paper_formula,Full Bernoulli event probability uses selected probabilities and non-selected complement probabilities.
28,18,2,continue,bernoulli_full_event,40,4,36,0.500241471739342,0.793971917421231,0.397177680490504,full_event_available,0,1,,"8,14,19,23","0.67027,0.040493,0.1029,0.86774",paper_formula,Full Bernoulli event probability uses selected probabilities and non-selected complement probabilities.
28,18,3,continue,bernoulli_full_event,36,9,27,3.93784847983363e-05,0.840983165852592,3.3116642812183e-05,full_event_available,0,1,,"1,2,3,6,13,18,22,27,46","0.94299,0.9288,0.63461,0.63608,0.24499,0.20918,0.00221,0.13726,0.0047745",paper_formula,Full Bernoulli event probability uses selected probabilities and non-selected complement probabilities.
28,18,4,load_loss_threshold,bernoulli_full_event,0,0,0,NaN,NaN,1,terminal_stage_probability_one,1,0,,"","",,Terminal recording stage excluded from Bernoulli complement product.
28,19,1,continue,bernoulli_full_event,45,1,44,1,0.754054509574794,0.754054509574794,full_event_available,0,1,,"38","0.50938",paper_formula,Full Bernoulli event probability uses selected probabilities and non-selected complement probabilities.
28,19,2,continue,bernoulli_full_event,40,4,36,0.500241471739342,0.793971917421231,0.397177680490504,full_event_available,0,1,,"8,14,19,23","0.71392,0.54341,0.71148,0.58524",paper_formula,Full Bernoulli event probability uses selected probabilities and non-selected complement probabilities.
28,19,3,continue,bernoulli_full_event,36,7,29,0.962931765085532,0.830261600702323,0.799485268647027,full_event_available,0,1,,"1,2,3,6,13,18,27","0.38671,0.64211,0.29283,0.92651,0.89514,0.58903,0.90934",paper_formula,Full Bernoulli event probability uses selected probabilities and non-selected complement probabilities.
28,19,4,load_loss_threshold,bernoulli_full_event,0,0,0,NaN,NaN,1,terminal_stage_probability_one,1,0,,"","",,Terminal recording stage excluded from Bernoulli complement product.
28,20,1,continue,bernoulli_full_event,45,1,44,1,0.754054509574794,0.754054509574794,full_event_available,0,1,,"38","0.5722",paper_formula,Full Bernoulli event probability uses selected probabilities and non-selected complement probabilities.
28,20,2,continue,bernoulli_full_event,40,3,37,0.00501177385702,0.0295336180813081,0.000148015815003113,full_event_available,0,1,,"14,20,23","0.52883,0.00042016,0.18614",paper_formula,Full Bernoulli event probability uses selected probabilities and non-selected complement probabilities.
28,20,3,continue,bernoulli_full_event,37,7,30,0.006544364125,0.825128098881793,0.00539993872885145,full_event_available,0,1,,"1,3,6,11,16,17,27","0.81177,0.046209,0.58754,0.0045056,0.31946,0.57403,0.14097",paper_formula,Full Bernoulli event probability uses selected probabilities and non-selected complement probabilities.
28,20,4,load_loss_threshold,bernoulli_full_event,0,0,0,NaN,NaN,1,terminal_stage_probability_one,1,0,,"","",,Terminal recording stage excluded from Bernoulli complement product.
28,21,1,continue,bernoulli_full_event,45,1,44,1,0.754054509574794,0.754054509574794,full_event_available,0,1,,"38","0.79467",paper_formula,Full Bernoulli event probability uses selected probabilities and non-selected complement probabilities.
28,21,2,continue,bernoulli_full_event,40,3,37,0.626731899771951,0.160243714604324,0.100429847680482,full_event_available,0,1,,"14,19,23","0.28005,0.56132,0.47574",paper_formula,Full Bernoulli event probability uses selected probabilities and non-selected complement probabilities.
28,21,3,continue,bernoulli_full_event,37,4,33,0.006009750625,0.809281540325434,0.00486358024277174,full_event_available,0,1,,"3,13,18,44","0.9763,0.1736,0.74607,0.0052649",paper_formula,Full Bernoulli event probability uses selected probabilities and non-selected complement probabilities.
28,21,4,load_loss_threshold,bernoulli_full_event,30,0,30,NaN,NaN,1,terminal_stage_probability_one,1,0,,"","",,Terminal recording stage excluded from Bernoulli complement product.
28,22,1,continue,bernoulli_full_event,45,1,44,1,0.754054509574794,0.754054509574794,full_event_available,0,1,,"38","0.20091",paper_formula,Full Bernoulli event probability uses selected probabilities and non-selected complement probabilities.
28,22,2,continue,bernoulli_full_event,40,2,38,0.795993758664872,0.0335369305852152,0.0266951874306083,full_event_available,0,1,,"8,23","0.11873,0.69359",paper_formula,Full Bernoulli event probability uses selected probabilities and non-selected complement probabilities.
28,22,3,continue,bernoulli_full_event,38,8,30,0.378964887843666,0.21919115455075,0.0830657513006486,full_event_available,0,1,,"1,3,11,12,13,16,17,18","0.21184,0.90855,0.10467,0.54559,0.19173,0.53625,0.79224,0.2516",paper_formula,Full Bernoulli event probability uses selected probabilities and non-selected complement probabilities.
28,22,4,load_loss_threshold,bernoulli_full_event,22,0,22,NaN,NaN,1,terminal_stage_probability_one,1,0,,"","",,Terminal recording stage excluded from Bernoulli complement product.
28,23,1,continue,bernoulli_full_event,45,2,43,0.006581985075,0.759050569091726,0.004996059516932,full_event_available,0,1,,"38,42","0.35758,0.00068222",paper_formula,Full Bernoulli event probability uses selected probabilities and non-selected complement probabilities.
28,23,2,continue,bernoulli_full_event,39,5,34,0.960756187561849,0.804347483708065,0.772781821922326,full_event_available,0,1,,"3,8,14,19,23","0.92733,0.17046,0.92537,0.67847,0.31863",paper_formula,Full Bernoulli event probability uses selected probabilities and non-selected complement probabilities.
28,23,3,load_loss_threshold,bernoulli_full_event,0,0,0,NaN,NaN,1,terminal_stage_probability_one,1,0,,"","",,Terminal recording stage excluded from Bernoulli complement product.
28,24,1,continue,bernoulli_full_event,45,1,44,1,0.754054509574794,0.754054509574794,full_event_available,0,1,,"38","0.63543",paper_formula,Full Bernoulli event probability uses selected probabilities and non-selected complement probabilities.
28,24,2,continue,bernoulli_full_event,40,3,37,0.650246973332848,0.183161414982802,0.119100155723929,full_event_available,0,1,,"8,19,23","0.51287,0.69928,0.0033233",paper_formula,Full Bernoulli event probability uses selected probabilities and non-selected complement probabilities.
28,24,3,continue,bernoulli_full_event,37,9,28,0.193091482806443,0.447606512189873,0.0864290051525625,full_event_available,0,1,,"1,3,11,12,13,16,17,18,27","0.18376,0.43185,0.10631,0.56949,0.7556,0.92521,0.46332,0.50659,0.084227",paper_formula,Full Bernoulli event probability uses selected probabilities and non-selected complement probabilities.
28,24,4,load_loss_threshold,bernoulli_full_event,0,0,0,NaN,NaN,1,terminal_stage_probability_one,1,0,,"","",,Terminal recording stage excluded from Bernoulli complement product.
28,25,1,continue,bernoulli_full_event,45,1,44,1,0.754054509574794,0.754054509574794,full_event_available,0,1,,"38","0.35501",paper_formula,Full Bernoulli event probability uses selected probabilities and non-selected complement probabilities.
28,25,2,continue,bernoulli_full_event,40,4,36,0.500241471739342,0.793971917421231,0.397177680490504,full_event_available,0,1,,"8,14,19,23","0.74639,0.60105,0.013686,0.72931",paper_formula,Full Bernoulli event probability uses selected probabilities and non-selected complement probabilities.
28,25,3,continue,bernoulli_full_event,36,8,28,0.00619881683400997,0.835640990631845,0.00517998543991745,full_event_available,0,1,,"1,2,3,6,13,18,27,41","0.32463,0.95534,0.73477,0.77335,0.31432,0.43916,0.9471,0.00072935",paper_formula,Full Bernoulli event probability uses selected probabilities and non-selected complement probabilities.
28,25,4,load_loss_threshold,bernoulli_full_event,0,0,0,NaN,NaN,1,terminal_stage_probability_one,1,0,,"","",,Terminal recording stage excluded from Bernoulli complement product.
28,26,1,continue,bernoulli_full_event,45,1,44,1,0.754054509574794,0.754054509574794,full_event_available,0,1,,"38","0.81485",paper_formula,Full Bernoulli event probability uses selected probabilities and non-selected complement probabilities.
28,26,2,continue,bernoulli_full_event,40,4,36,0.00419880201780922,0.184351819279202,0.000774056790776315,full_event_available,0,1,,"8,19,23,43","0.46421,0.64222,0.14574,0.0061487",paper_formula,Full Bernoulli event probability uses selected probabilities and non-selected complement probabilities.
28,26,3,continue,bernoulli_full_event,36,7,29,1,0.0836727630590853,0.0836727630590853,full_event_available,0,1,,"1,3,12,13,16,17,18","0.21754,0.48051,0.47224,0.39446,0.6777,0.36862,0.73668",paper_formula,Full Bernoulli event probability uses selected probabilities and non-selected complement probabilities.
28,26,4,load_loss_threshold,bernoulli_full_event,21,0,21,NaN,NaN,1,terminal_stage_probability_one,1,0,,"","",,Terminal recording stage excluded from Bernoulli complement product.
28,27,1,continue,bernoulli_full_event,45,1,44,1,0.754054509574794,0.754054509574794,full_event_available,0,1,,"38","0.69674",paper_formula,Full Bernoulli event probability uses selected probabilities and non-selected complement probabilities.
28,27,2,continue,bernoulli_full_event,40,4,36,0.500241471739342,0.793971917421231,0.397177680490504,full_event_available,0,1,,"8,14,19,23","0.64363,0.36256,0.45145,0.29657",paper_formula,Full Bernoulli event probability uses selected probabilities and non-selected complement probabilities.
28,27,3,continue,bernoulli_full_event,36,7,29,0.962931765085532,0.830261600702323,0.799485268647027,full_event_available,0,1,,"1,2,3,6,13,18,27","0.49351,0.95649,0.60907,0.78818,0.93107,0.89436,0.40341",paper_formula,Full Bernoulli event probability uses selected probabilities and non-selected complement probabilities.
28,27,4,load_loss_threshold,bernoulli_full_event,0,0,0,NaN,NaN,1,terminal_stage_probability_one,1,0,,"","",,Terminal recording stage excluded from Bernoulli complement product.
28,28,1,continue,bernoulli_full_event,45,2,43,0.00656119455,0.759034683805439,0.00498017423064522,full_event_available,0,1,,"31,38","0.0041999,0.18239",paper_formula,Full Bernoulli event probability uses selected probabilities and non-selected complement probabilities.
28,28,2,continue,bernoulli_full_event,39,4,35,0.0041406922893993,0.174420317391571,0.000722220863337855,full_event_available,0,1,,"8,19,20,23","0.054387,0.46611,0.0055934,0.22452",paper_formula,Full Bernoulli event probability uses selected probabilities and non-selected complement probabilities.
28,28,3,continue,bernoulli_full_event,35,3,32,0.785017055069181,0.502889802328198,0.394777071648005,full_event_available,0,1,,"3,14,27","0.96118,0.74569,0.70707",paper_formula,Full Bernoulli event probability uses selected probabilities and non-selected complement probabilities.
28,28,4,load_loss_threshold,bernoulli_full_event,21,0,21,NaN,NaN,1,terminal_stage_probability_one,1,0,,"","",,Terminal recording stage excluded from Bernoulli complement product.
28,29,1,continue,bernoulli_full_event,45,1,44,1,0.754054509574794,0.754054509574794,full_event_available,0,1,,"38","0.095017",paper_formula,Full Bernoulli event probability uses selected probabilities and non-selected complement probabilities.
28,29,2,continue,bernoulli_full_event,40,4,36,0.500241471739342,0.793971917421231,0.397177680490504,full_event_available,0,1,,"8,14,19,23","0.48649,0.33397,0.29632,0.57193",paper_formula,Full Bernoulli event probability uses selected probabilities and non-selected complement probabilities.
28,29,3,continue,bernoulli_full_event,36,8,28,0.00578507312401367,0.835279769925977,0.00483215454803109,full_event_available,0,1,,"1,2,3,6,13,15,18,27","0.6091,0.31193,0.13527,0.18176,0.62981,0.0031746,0.30532,0.33482",paper_formula,Full Bernoulli event probability uses selected probabilities and non-selected complement probabilities.
28,29,4,load_loss_threshold,bernoulli_full_event,0,0,0,NaN,NaN,1,terminal_stage_probability_one,1,0,,"","",,Terminal recording stage excluded from Bernoulli complement product.
28,30,1,continue,bernoulli_full_event,45,1,44,1,0.754054509574794,0.754054509574794,full_event_available,0,1,,"38","0.25964",paper_formula,Full Bernoulli event probability uses selected probabilities and non-selected complement probabilities.
28,30,2,continue,bernoulli_full_event,40,3,37,0.650246973332848,0.183161414982802,0.119100155723929,full_event_available,0,1,,"8,19,23","0.42179,0.34228,0.030849",paper_formula,Full Bernoulli event probability uses selected probabilities and non-selected complement probabilities.
28,30,3,continue,bernoulli_full_event,37,7,30,1,0.136625477055638,0.136625477055638,full_event_available,0,1,,"1,3,12,13,16,17,18","0.25852,0.85197,0.36419,0.55893,0.58961,0.90609,0.19567",paper_formula,Full Bernoulli event probability uses selected probabilities and non-selected complement probabilities.
28,30,4,load_loss_threshold,bernoulli_full_event,22,0,22,NaN,NaN,1,terminal_stage_probability_one,1,0,,"","",,Terminal recording stage excluded from Bernoulli complement product.
29,1,1,no_new_outage,bernoulli_full_event,45,0,45,1,0.749354881201309,0.749354881201309,full_event_available,1,1,,"","",paper_formula,Full Bernoulli event probability uses selected probabilities and non-selected complement probabilities.
29,2,1,no_new_outage,bernoulli_full_event,45,0,45,1,0.749354881201309,0.749354881201309,full_event_available,1,1,,"","",paper_formula,Full Bernoulli event probability uses selected probabilities and non-selected complement probabilities.
29,3,1,no_new_outage,bernoulli_full_event,45,0,45,1,0.749354881201309,0.749354881201309,full_event_available,1,1,,"","",paper_formula,Full Bernoulli event probability uses selected probabilities and non-selected complement probabilities.
29,4,1,continue,bernoulli_full_event,45,1,44,0.00601866085,0.753892303292251,0.00453742209094139,full_event_available,0,1,,"8","0.0031676",paper_formula,Full Bernoulli event probability uses selected probabilities and non-selected complement probabilities.
29,4,2,continue,bernoulli_full_event,44,1,43,0.417662967931789,0.352386147654242,0.14717864428732,full_event_available,0,1,,"19","0.014802",paper_formula,Full Bernoulli event probability uses selected probabilities and non-selected complement probabilities.
29,4,3,continue,bernoulli_full_event,43,3,40,0.00647011225,0.773581299248549,0.00500515784063896,full_event_available,0,1,,"3,18,40","0.93584,0.5855,0.0062923",paper_formula,Full Bernoulli event probability uses selected probabilities and non-selected complement probabilities.
29,4,4,continue,bernoulli_full_event,39,6,33,0.0064324913,0.440584001468257,0.00283405275636375,full_event_available,0,1,,"1,13,21,22,27,45","0.17925,0.15353,0.10135,0.16588,0.057669,0.0019015",paper_formula,Full Bernoulli event probability uses selected probabilities and non-selected complement probabilities.
29,4,5,max_depth_reached,bernoulli_full_event,0,0,0,NaN,NaN,1,terminal_stage_probability_one,1,0,,"","",,Terminal recording stage excluded from Bernoulli complement product.
29,5,1,no_new_outage,bernoulli_full_event,45,0,45,1,0.749354881201309,0.749354881201309,full_event_available,1,1,,"","",paper_formula,Full Bernoulli event probability uses selected probabilities and non-selected complement probabilities.
29,6,1,no_new_outage,bernoulli_full_event,45,0,45,1,0.749354881201309,0.749354881201309,full_event_available,1,1,,"","",paper_formula,Full Bernoulli event probability uses selected probabilities and non-selected complement probabilities.
29,7,1,no_new_outage,bernoulli_full_event,45,0,45,1,0.749354881201309,0.749354881201309,full_event_available,1,1,,"","",paper_formula,Full Bernoulli event probability uses selected probabilities and non-selected complement probabilities.
29,8,1,no_new_outage,bernoulli_full_event,45,0,45,1,0.749354881201309,0.749354881201309,full_event_available,1,1,,"","",paper_formula,Full Bernoulli event probability uses selected probabilities and non-selected complement probabilities.
29,9,1,continue,bernoulli_full_event,45,1,44,0.00628794765,0.754096601152398,0.00474171995108921,full_event_available,0,1,,"26","0.00058138",paper_formula,Full Bernoulli event probability uses selected probabilities and non-selected complement probabilities.
29,9,2,no_new_outage,bernoulli_full_event,44,0,44,1,0.754096601152398,0.754096601152398,full_event_available,1,1,,"","",paper_formula,Full Bernoulli event probability uses selected probabilities and non-selected complement probabilities.
29,10,1,no_new_outage,bernoulli_full_event,45,0,45,1,0.749354881201309,0.749354881201309,full_event_available,1,1,,"","",paper_formula,Full Bernoulli event probability uses selected probabilities and non-selected complement probabilities.
29,11,1,no_new_outage,bernoulli_full_event,45,0,45,1,0.749354881201309,0.749354881201309,full_event_available,1,1,,"","",paper_formula,Full Bernoulli event probability uses selected probabilities and non-selected complement probabilities.
29,12,1,no_new_outage,bernoulli_full_event,45,0,45,1,0.749354881201309,0.749354881201309,full_event_available,1,1,,"","",paper_formula,Full Bernoulli event probability uses selected probabilities and non-selected complement probabilities.
29,13,1,no_new_outage,bernoulli_full_event,45,0,45,1,0.749354881201309,0.749354881201309,full_event_available,1,1,,"","",paper_formula,Full Bernoulli event probability uses selected probabilities and non-selected complement probabilities.
29,14,1,no_new_outage,bernoulli_full_event,45,0,45,1,0.749354881201309,0.749354881201309,full_event_available,1,1,,"","",paper_formula,Full Bernoulli event probability uses selected probabilities and non-selected complement probabilities.
29,15,1,continue,bernoulli_full_event,45,1,44,0.006663167125,0.754381450884553,0.00502656968324375,full_event_available,0,1,,"17","4.0603e-05",paper_formula,Full Bernoulli event probability uses selected probabilities and non-selected complement probabilities.
29,15,2,no_new_outage,bernoulli_full_event,44,0,44,1,0.754381450884553,0.754381450884553,full_event_available,1,1,,"","",paper_formula,Full Bernoulli event probability uses selected probabilities and non-selected complement probabilities.
29,16,1,no_new_outage,bernoulli_full_event,45,0,45,1,0.749354881201309,0.749354881201309,full_event_available,1,1,,"","",paper_formula,Full Bernoulli event probability uses selected probabilities and non-selected complement probabilities.
29,17,1,continue,bernoulli_full_event,45,1,44,0.006007770575,0.753884043575262,0.00452916237395348,full_event_available,0,1,,"15","0.0048901",paper_formula,Full Bernoulli event probability uses selected probabilities and non-selected complement probabilities.
29,17,2,no_new_outage,bernoulli_full_event,44,0,44,1,0.753884043575262,0.753884043575262,full_event_available,1,1,,"","",paper_formula,Full Bernoulli event probability uses selected probabilities and non-selected complement probabilities.
29,18,1,no_new_outage,bernoulli_full_event,45,0,45,1,0.749354881201309,0.749354881201309,full_event_available,1,1,,"","",paper_formula,Full Bernoulli event probability uses selected probabilities and non-selected complement probabilities.
29,19,1,no_new_outage,bernoulli_full_event,45,0,45,1,0.749354881201309,0.749354881201309,full_event_available,1,1,,"","",paper_formula,Full Bernoulli event probability uses selected probabilities and non-selected complement probabilities.
29,20,1,no_new_outage,bernoulli_full_event,45,0,45,1,0.749354881201309,0.749354881201309,full_event_available,1,1,,"","",paper_formula,Full Bernoulli event probability uses selected probabilities and non-selected complement probabilities.
29,21,1,no_new_outage,bernoulli_full_event,45,0,45,1,0.749354881201309,0.749354881201309,full_event_available,1,1,,"","",paper_formula,Full Bernoulli event probability uses selected probabilities and non-selected complement probabilities.
29,22,1,no_new_outage,bernoulli_full_event,45,0,45,1,0.749354881201309,0.749354881201309,full_event_available,1,1,,"","",paper_formula,Full Bernoulli event probability uses selected probabilities and non-selected complement probabilities.
29,23,1,no_new_outage,bernoulli_full_event,45,0,45,1,0.749354881201309,0.749354881201309,full_event_available,1,1,,"","",paper_formula,Full Bernoulli event probability uses selected probabilities and non-selected complement probabilities.
29,24,1,no_new_outage,bernoulli_full_event,45,0,45,1,0.749354881201309,0.749354881201309,full_event_available,1,1,,"","",paper_formula,Full Bernoulli event probability uses selected probabilities and non-selected complement probabilities.
29,25,1,no_new_outage,bernoulli_full_event,45,0,45,1,0.749354881201309,0.749354881201309,full_event_available,1,1,,"","",paper_formula,Full Bernoulli event probability uses selected probabilities and non-selected complement probabilities.
29,26,1,no_new_outage,bernoulli_full_event,45,0,45,1,0.749354881201309,0.749354881201309,full_event_available,1,1,,"","",paper_formula,Full Bernoulli event probability uses selected probabilities and non-selected complement probabilities.
29,27,1,continue,bernoulli_full_event,45,1,44,0.006007770575,0.753884043575262,0.00452916237395348,full_event_available,0,1,,"16","0.0010766",paper_formula,Full Bernoulli event probability uses selected probabilities and non-selected complement probabilities.
29,27,2,no_new_outage,bernoulli_full_event,44,0,44,1,0.753884043575262,0.753884043575262,full_event_available,1,1,,"","",paper_formula,Full Bernoulli event probability uses selected probabilities and non-selected complement probabilities.
29,28,1,no_new_outage,bernoulli_full_event,45,0,45,1,0.749354881201309,0.749354881201309,full_event_available,1,1,,"","",paper_formula,Full Bernoulli event probability uses selected probabilities and non-selected complement probabilities.
29,29,1,no_new_outage,bernoulli_full_event,45,0,45,1,0.749354881201309,0.749354881201309,full_event_available,1,1,,"","",paper_formula,Full Bernoulli event probability uses selected probabilities and non-selected complement probabilities.
29,30,1,no_new_outage,bernoulli_full_event,45,0,45,1,0.749354881201309,0.749354881201309,full_event_available,1,1,,"","",paper_formula,Full Bernoulli event probability uses selected probabilities and non-selected complement probabilities.
30,1,1,no_new_outage,bernoulli_full_event,45,0,45,1,0.749392222723509,0.749392222723509,full_event_available,1,1,,"","",paper_formula,Full Bernoulli event probability uses selected probabilities and non-selected complement probabilities.
30,2,1,no_new_outage,bernoulli_full_event,45,0,45,1,0.749392222723509,0.749392222723509,full_event_available,1,1,,"","",paper_formula,Full Bernoulli event probability uses selected probabilities and non-selected complement probabilities.
30,3,1,continue,bernoulli_full_event,45,1,44,0.00649387285,0.75429048925268,0.00489826652917119,full_event_available,0,1,,"35","0.0027248",paper_formula,Full Bernoulli event probability uses selected probabilities and non-selected complement probabilities.
30,3,2,continue,bernoulli_full_event,44,3,41,0.976280590562048,0.769191269164942,0.750946506515521,full_event_available,0,1,,"29,36,38","0.34697,0.27062,0.84421",paper_formula,Full Bernoulli event probability uses selected probabilities and non-selected complement probabilities.
30,3,3,continue,bernoulli_full_event,39,1,38,0.997142848938564,0.023897760794939,0.0238294812823178,full_event_available,0,1,,"23","0.17651",paper_formula,Full Bernoulli event probability uses selected probabilities and non-selected complement probabilities.
30,3,4,continue,bernoulli_full_event,38,5,33,0.993099074647573,0.713950371353385,0.709023453135338,full_event_available,0,1,,"8,10,13,14,18","0.4662,0.0064734,0.14326,0.12518,0.147",paper_formula,Full Bernoulli event probability uses selected probabilities and non-selected complement probabilities.
30,3,5,max_depth_reached,bernoulli_full_event,29,0,29,NaN,NaN,1,terminal_stage_probability_one,1,0,,"","",,Terminal recording stage excluded from Bernoulli complement product.
30,4,1,continue,bernoulli_full_event,45,2,43,3.86032970546389e-05,0.758797309284982,2.92920779345889e-05,full_event_available,0,1,,"4,15","0.0013304,0.0047149",paper_formula,Full Bernoulli event probability uses selected probabilities and non-selected complement probabilities.
30,4,2,continue,bernoulli_full_event,43,2,41,0.00619794826268868,0.501764407320636,0.00310990983663195,full_event_available,0,1,,"9,18","0.90498,0.0042348",paper_formula,Full Bernoulli event probability uses selected probabilities and non-selected complement probabilities.
30,4,3,powerflow_not_converged,bernoulli_full_event,0,0,0,NaN,NaN,1,terminal_stage_probability_one,1,0,,"","",,Terminal recording stage excluded from Bernoulli complement product.
30,5,1,no_new_outage,bernoulli_full_event,45,0,45,1,0.749392222723509,0.749392222723509,full_event_available,1,1,,"","",paper_formula,Full Bernoulli event probability uses selected probabilities and non-selected complement probabilities.
30,6,1,no_new_outage,bernoulli_full_event,45,0,45,1,0.749392222723509,0.749392222723509,full_event_available,1,1,,"","",paper_formula,Full Bernoulli event probability uses selected probabilities and non-selected complement probabilities.
30,7,1,no_new_outage,bernoulli_full_event,45,0,45,1,0.749392222723509,0.749392222723509,full_event_available,1,1,,"","",paper_formula,Full Bernoulli event probability uses selected probabilities and non-selected complement probabilities.
30,8,1,no_new_outage,bernoulli_full_event,45,0,45,1,0.749392222723509,0.749392222723509,full_event_available,1,1,,"","",paper_formula,Full Bernoulli event probability uses selected probabilities and non-selected complement probabilities.
30,9,1,no_new_outage,bernoulli_full_event,45,0,45,1,0.749392222723509,0.749392222723509,full_event_available,1,1,,"","",paper_formula,Full Bernoulli event probability uses selected probabilities and non-selected complement probabilities.
30,10,1,continue,bernoulli_full_event,45,1,44,0.00648199255,0.754281469589994,0.00488924686648539,full_event_available,0,1,,"13","0.0012072",paper_formula,Full Bernoulli event probability uses selected probabilities and non-selected complement probabilities.
30,10,2,continue,bernoulli_full_event,44,4,40,0.00597280933090299,0.77430151130847,0.00462475529167552,full_event_available,0,1,,"9,19,23,41","0.77496,0.72907,0.21789,0.0043892",paper_formula,Full Bernoulli event probability uses selected probabilities and non-selected complement probabilities.
30,10,3,continue,bernoulli_full_event,36,3,33,0.833972726008642,0.809634033402138,0.675212701905753,full_event_available,0,1,,"8,10,14","0.090249,0.3493,0.70479",paper_formula,Full Bernoulli event probability uses selected probabilities and non-selected complement probabilities.
30,10,4,continue,bernoulli_full_event,33,5,28,1,0.741119130534644,0.741119130534644,full_event_available,0,1,,"3,26,27,31,40","0.34491,0.24088,0.36469,0.71815,0.78462",paper_formula,Full Bernoulli event probability uses selected probabilities and non-selected complement probabilities.
30,10,5,max_depth_reached,bernoulli_full_event,9,0,9,NaN,NaN,1,terminal_stage_probability_one,1,0,,"","",,Terminal recording stage excluded from Bernoulli complement product.
30,11,1,continue,bernoulli_full_event,45,2,43,4.17176458629051e-05,0.759168580347214,3.16707259851695e-05,full_event_available,0,1,,"24,31","0.00030677,0.0037307",paper_formula,Full Bernoulli event probability uses selected probabilities and non-selected complement probabilities.
30,11,2,load_loss_threshold,bernoulli_full_event,30,0,30,NaN,NaN,1,terminal_stage_probability_one,1,0,,"","",,Terminal recording stage excluded from Bernoulli complement product.
30,12,1,no_new_outage,bernoulli_full_event,45,0,45,1,0.749392222723509,0.749392222723509,full_event_available,1,1,,"","",paper_formula,Full Bernoulli event probability uses selected probabilities and non-selected complement probabilities.
30,13,1,no_new_outage,bernoulli_full_event,45,0,45,1,0.749392222723509,0.749392222723509,full_event_available,1,1,,"","",paper_formula,Full Bernoulli event probability uses selected probabilities and non-selected complement probabilities.
30,14,1,no_new_outage,bernoulli_full_event,45,0,45,1,0.749392222723509,0.749392222723509,full_event_available,1,1,,"","",paper_formula,Full Bernoulli event probability uses selected probabilities and non-selected complement probabilities.
30,15,1,no_new_outage,bernoulli_full_event,45,0,45,1,0.749392222723509,0.749392222723509,full_event_available,1,1,,"","",paper_formula,Full Bernoulli event probability uses selected probabilities and non-selected complement probabilities.
30,16,1,no_new_outage,bernoulli_full_event,45,0,45,1,0.749392222723509,0.749392222723509,full_event_available,1,1,,"","",paper_formula,Full Bernoulli event probability uses selected probabilities and non-selected complement probabilities.
30,17,1,continue,bernoulli_full_event,45,1,44,0.00649387285,0.75429048925268,0.00489826652917119,full_event_available,0,1,,"35","0.0022383",paper_formula,Full Bernoulli event probability uses selected probabilities and non-selected complement probabilities.
30,17,2,continue,bernoulli_full_event,44,3,41,0.976280590562048,0.769191269164942,0.750946506515521,full_event_available,0,1,,"29,36,38","0.9368,0.53294,0.57252",paper_formula,Full Bernoulli event probability uses selected probabilities and non-selected complement probabilities.
30,17,3,continue,bernoulli_full_event,39,4,35,0.214834204435494,0.799371051157108,0.171732243824102,full_event_available,0,1,,"8,14,19,23","0.028563,0.51753,0.5205,0.38557",paper_formula,Full Bernoulli event probability uses selected probabilities and non-selected complement probabilities.
30,17,4,continue,bernoulli_full_event,35,9,26,0.722994810792919,0.84692559798809,0.612322812473079,full_event_available,0,1,,"1,2,3,6,13,18,27,40,42","0.97592,0.070738,0.95085,0.10282,0.64099,0.62063,0.81305,0.41235,0.74072",paper_formula,Full Bernoulli event probability uses selected probabilities and non-selected complement probabilities.
30,17,5,max_depth_reached,bernoulli_full_event,6,0,6,NaN,NaN,1,terminal_stage_probability_one,1,0,,"","",,Terminal recording stage excluded from Bernoulli complement product.
30,18,1,no_new_outage,bernoulli_full_event,45,0,45,1,0.749392222723509,0.749392222723509,full_event_available,1,1,,"","",paper_formula,Full Bernoulli event probability uses selected probabilities and non-selected complement probabilities.
30,19,1,continue,bernoulli_full_event,45,1,44,0.006007770575,0.753921610792686,0.0045293880691769,full_event_available,0,1,,"15","0.0029622",paper_formula,Full Bernoulli event probability uses selected probabilities and non-selected complement probabilities.
30,19,2,continue,bernoulli_full_event,44,1,43,0.006009750625,0.758479885760183,0.00455827496749719,full_event_available,0,1,,"33","0.0037733",paper_formula,Full Bernoulli event probability uses selected probabilities and non-selected complement probabilities.
30,19,3,continue,bernoulli_full_event,43,4,39,0.539871007629097,0.553931894838777,0.299051770224506,full_event_available,0,1,,"10,14,19,23","0.99258,0.03218,0.93827,0.66949",paper_formula,Full Bernoulli event probability uses selected probabilities and non-selected complement probabilities.
30,19,4,continue,bernoulli_full_event,33,6,27,0.00424256051129888,0.673905135225841,0.00285908331507069,full_event_available,0,1,,"1,3,6,16,17,24","0.43953,0.21758,0.20914,0.94419,0.85846,0.0014823",paper_formula,Full Bernoulli event probability uses selected probabilities and non-selected complement probabilities.
30,19,5,max_depth_reached,bernoulli_full_event,22,0,22,NaN,NaN,1,terminal_stage_probability_one,1,0,,"","",,Terminal recording stage excluded from Bernoulli complement product.
30,20,1,no_new_outage,bernoulli_full_event,45,0,45,1,0.749392222723509,0.749392222723509,full_event_available,1,1,,"","",paper_formula,Full Bernoulli event probability uses selected probabilities and non-selected complement probabilities.
30,21,1,no_new_outage,bernoulli_full_event,45,0,45,1,0.749392222723509,0.749392222723509,full_event_available,1,1,,"","",paper_formula,Full Bernoulli event probability uses selected probabilities and non-selected complement probabilities.
30,22,1,no_new_outage,bernoulli_full_event,45,0,45,1,0.749392222723509,0.749392222723509,full_event_available,1,1,,"","",paper_formula,Full Bernoulli event probability uses selected probabilities and non-selected complement probabilities.
30,23,1,no_new_outage,bernoulli_full_event,45,0,45,1,0.749392222723509,0.749392222723509,full_event_available,1,1,,"","",paper_formula,Full Bernoulli event probability uses selected probabilities and non-selected complement probabilities.
30,24,1,no_new_outage,bernoulli_full_event,45,0,45,1,0.749392222723509,0.749392222723509,full_event_available,1,1,,"","",paper_formula,Full Bernoulli event probability uses selected probabilities and non-selected complement probabilities.
30,25,1,no_new_outage,bernoulli_full_event,45,0,45,1,0.749392222723509,0.749392222723509,full_event_available,1,1,,"","",paper_formula,Full Bernoulli event probability uses selected probabilities and non-selected complement probabilities.
30,26,1,no_new_outage,bernoulli_full_event,45,0,45,1,0.749392222723509,0.749392222723509,full_event_available,1,1,,"","",paper_formula,Full Bernoulli event probability uses selected probabilities and non-selected complement probabilities.
30,27,1,no_new_outage,bernoulli_full_event,45,0,45,1,0.749392222723509,0.749392222723509,full_event_available,1,1,,"","",paper_formula,Full Bernoulli event probability uses selected probabilities and non-selected complement probabilities.
30,28,1,no_new_outage,bernoulli_full_event,45,0,45,1,0.749392222723509,0.749392222723509,full_event_available,1,1,,"","",paper_formula,Full Bernoulli event probability uses selected probabilities and non-selected complement probabilities.
30,29,1,no_new_outage,bernoulli_full_event,45,0,45,1,0.749392222723509,0.749392222723509,full_event_available,1,1,,"","",paper_formula,Full Bernoulli event probability uses selected probabilities and non-selected complement probabilities.
30,30,1,no_new_outage,bernoulli_full_event,45,0,45,1,0.749392222723509,0.749392222723509,full_event_available,1,1,,"","",paper_formula,Full Bernoulli event probability uses selected probabilities and non-selected complement probabilities.
31,1,1,continue,bernoulli_full_event,45,1,44,0.006205775575,0.754020722547325,0.00467928338302804,full_event_available,0,1,,"18","0.00069454",paper_formula,Full Bernoulli event probability uses selected probabilities and non-selected complement probabilities.
31,1,2,continue,bernoulli_full_event,44,2,42,0.00647011225,0.764021897492094,0.00494330743823184,full_event_available,0,1,,"19,40","0.94819,0.0021217",paper_formula,Full Bernoulli event probability uses selected probabilities and non-selected complement probabilities.
31,1,3,no_new_outage,bernoulli_full_event,36,0,36,1,0.653192406144876,0.653192406144876,full_event_available,1,1,,"","",paper_formula,Full Bernoulli event probability uses selected probabilities and non-selected complement probabilities.
31,2,1,continue,bernoulli_full_event,45,1,44,0.00639487035,0.754164221583934,0.00482278241963793,full_event_available,0,1,,"46","0.00029512",paper_formula,Full Bernoulli event probability uses selected probabilities and non-selected complement probabilities.
31,2,2,continue,bernoulli_full_event,44,2,42,1,0.704330917046731,0.704330917046731,full_event_available,0,1,,"4,40","0.060624,0.92579",paper_formula,Full Bernoulli event probability uses selected probabilities and non-selected complement probabilities.
31,2,3,continue,bernoulli_full_event,37,2,35,3.60219331650737e-05,0.798399201070809,2.87598826600209e-05,full_event_available,0,1,,"15,27","0.003555,0.00068649",paper_formula,Full Bernoulli event probability uses selected probabilities and non-selected complement probabilities.
31,2,4,load_loss_threshold,bernoulli_full_event,32,0,32,NaN,NaN,1,terminal_stage_probability_one,1,0,,"","",,Terminal recording stage excluded from Bernoulli complement product.
31,3,1,no_new_outage,bernoulli_full_event,45,0,45,1,0.749341439164296,0.749341439164296,full_event_available,1,1,,"","",paper_formula,Full Bernoulli event probability uses selected probabilities and non-selected complement probabilities.
31,4,1,continue,bernoulli_full_event,45,1,44,0.006425561125,0.754187517155491,0.00484607799119459,full_event_available,0,1,,"4","0.0032106",paper_formula,Full Bernoulli event probability uses selected probabilities and non-selected complement probabilities.
31,4,2,no_new_outage,bernoulli_full_event,37,0,37,1,0.788844247720904,0.788844247720904,full_event_available,1,1,,"","",paper_formula,Full Bernoulli event probability uses selected probabilities and non-selected complement probabilities.
31,5,1,no_new_outage,bernoulli_full_event,45,0,45,1,0.749341439164296,0.749341439164296,full_event_available,1,1,,"","",paper_formula,Full Bernoulli event probability uses selected probabilities and non-selected complement probabilities.
31,6,1,no_new_outage,bernoulli_full_event,45,0,45,1,0.749341439164296,0.749341439164296,full_event_available,1,1,,"","",paper_formula,Full Bernoulli event probability uses selected probabilities and non-selected complement probabilities.
31,7,1,no_new_outage,bernoulli_full_event,45,0,45,1,0.749341439164296,0.749341439164296,full_event_available,1,1,,"","",paper_formula,Full Bernoulli event probability uses selected probabilities and non-selected complement probabilities.
31,8,1,no_new_outage,bernoulli_full_event,45,0,45,1,0.749341439164296,0.749341439164296,full_event_available,1,1,,"","",paper_formula,Full Bernoulli event probability uses selected probabilities and non-selected complement probabilities.
31,9,1,continue,bernoulli_full_event,45,1,44,0.006205775575,0.754020722547325,0.00467928338302804,full_event_available,0,1,,"18","0.001163",paper_formula,Full Bernoulli event probability uses selected probabilities and non-selected complement probabilities.
31,9,2,continue,bernoulli_full_event,44,1,43,1,0.759078590053862,0.759078590053862,full_event_available,0,1,,"19","0.27424",paper_formula,Full Bernoulli event probability uses selected probabilities and non-selected complement probabilities.
31,9,3,continue,bernoulli_full_event,42,2,40,0.00592422066314785,0.773926639566692,0.00458491218988158,full_event_available,0,1,,"1,14","0.0049242,0.055573",paper_formula,Full Bernoulli event probability uses selected probabilities and non-selected complement probabilities.
31,9,4,continue,bernoulli_full_event,40,4,36,0.733517736420533,0.793601873258822,0.582121049691906,full_event_available,0,1,,"3,16,17,27","0.9397,0.53076,0.59245,0.41309",paper_formula,Full Bernoulli event probability uses selected probabilities and non-selected complement probabilities.
31,9,5,max_depth_reached,bernoulli_full_event,0,0,0,NaN,NaN,1,terminal_stage_probability_one,1,0,,"","",,Terminal recording stage excluded from Bernoulli complement product.
31,10,1,no_new_outage,bernoulli_full_event,45,0,45,1,0.749341439164296,0.749341439164296,full_event_available,1,1,,"","",paper_formula,Full Bernoulli event probability uses selected probabilities and non-selected complement probabilities.
31,11,1,no_new_outage,bernoulli_full_event,45,0,45,1,0.749341439164296,0.749341439164296,full_event_available,1,1,,"","",paper_formula,Full Bernoulli event probability uses selected probabilities and non-selected complement probabilities.
31,12,1,no_new_outage,bernoulli_full_event,45,0,45,1,0.749341439164296,0.749341439164296,full_event_available,1,1,,"","",paper_formula,Full Bernoulli event probability uses selected probabilities and non-selected complement probabilities.
31,13,1,no_new_outage,bernoulli_full_event,45,0,45,1,0.749341439164296,0.749341439164296,full_event_available,1,1,,"","",paper_formula,Full Bernoulli event probability uses selected probabilities and non-selected complement probabilities.
31,14,1,no_new_outage,bernoulli_full_event,45,0,45,1,0.749341439164296,0.749341439164296,full_event_available,1,1,,"","",paper_formula,Full Bernoulli event probability uses selected probabilities and non-selected complement probabilities.
31,15,1,continue,bernoulli_full_event,45,1,44,0.006494862875,0.754240125353289,0.00489868618899242,full_event_available,0,1,,"32","0.0059949",paper_formula,Full Bernoulli event probability uses selected probabilities and non-selected complement probabilities.
31,15,2,continue,bernoulli_full_event,43,1,42,1,0.763377453537059,0.763377453537059,full_event_available,0,1,,"27","0.9946",paper_formula,Full Bernoulli event probability uses selected probabilities and non-selected complement probabilities.
31,15,3,no_new_outage,bernoulli_full_event,41,0,41,1,0.767992899343887,0.767992899343887,full_event_available,1,1,,"","",paper_formula,Full Bernoulli event probability uses selected probabilities and non-selected complement probabilities.
31,16,1,continue,bernoulli_full_event,45,1,44,0.00656119455,0.754290485788771,0.00494904662447414,full_event_available,0,1,,"10","0.0037012",paper_formula,Full Bernoulli event probability uses selected probabilities and non-selected complement probabilities.
31,16,2,continue,bernoulli_full_event,44,1,43,1,0.199442941125049,0.199442941125049,full_event_available,0,1,,"12","0.12826",paper_formula,Full Bernoulli event probability uses selected probabilities and non-selected complement probabilities.
31,16,3,continue,bernoulli_full_event,43,7,36,0.996608705907921,0.582714469858753,0.580738313719752,full_event_available,0,1,,"8,9,13,18,19,20,23","0.29439,0.66336,0.35802,0.49274,0.98365,0.21754,0.99895",paper_formula,Full Bernoulli event probability uses selected probabilities and non-selected complement probabilities.
31,16,4,continue,bernoulli_full_event,33,4,29,0.0440310061027959,0.818445447153028,0.0360369764784005,full_event_available,0,1,,"17,26,27,30","0.17609,0.34903,0.23771,0.27208",paper_formula,Full Bernoulli event probability uses selected probabilities and non-selected complement probabilities.
31,16,5,max_depth_reached,bernoulli_full_event,14,0,14,NaN,NaN,1,terminal_stage_probability_one,1,0,,"","",,Terminal recording stage excluded from Bernoulli complement product.
31,17,1,no_new_outage,bernoulli_full_event,45,0,45,1,0.749341439164296,0.749341439164296,full_event_available,1,1,,"","",paper_formula,Full Bernoulli event probability uses selected probabilities and non-selected complement probabilities.
31,18,1,no_new_outage,bernoulli_full_event,45,0,45,1,0.749341439164296,0.749341439164296,full_event_available,1,1,,"","",paper_formula,Full Bernoulli event probability uses selected probabilities and non-selected complement probabilities.
31,19,1,no_new_outage,bernoulli_full_event,45,0,45,1,0.749341439164296,0.749341439164296,full_event_available,1,1,,"","",paper_formula,Full Bernoulli event probability uses selected probabilities and non-selected complement probabilities.
31,20,1,no_new_outage,bernoulli_full_event,45,0,45,1,0.749341439164296,0.749341439164296,full_event_available,1,1,,"","",paper_formula,Full Bernoulli event probability uses selected probabilities and non-selected complement probabilities.
31,21,1,no_new_outage,bernoulli_full_event,45,0,45,1,0.749341439164296,0.749341439164296,full_event_available,1,1,,"","",paper_formula,Full Bernoulli event probability uses selected probabilities and non-selected complement probabilities.
31,22,1,no_new_outage,bernoulli_full_event,45,0,45,1,0.749341439164296,0.749341439164296,full_event_available,1,1,,"","",paper_formula,Full Bernoulli event probability uses selected probabilities and non-selected complement probabilities.
31,23,1,no_new_outage,bernoulli_full_event,45,0,45,1,0.749341439164296,0.749341439164296,full_event_available,1,1,,"","",paper_formula,Full Bernoulli event probability uses selected probabilities and non-selected complement probabilities.
31,24,1,no_new_outage,bernoulli_full_event,45,0,45,1,0.749341439164296,0.749341439164296,full_event_available,1,1,,"","",paper_formula,Full Bernoulli event probability uses selected probabilities and non-selected complement probabilities.
31,25,1,no_new_outage,bernoulli_full_event,45,0,45,1,0.749341439164296,0.749341439164296,full_event_available,1,1,,"","",paper_formula,Full Bernoulli event probability uses selected probabilities and non-selected complement probabilities.
31,26,1,no_new_outage,bernoulli_full_event,45,0,45,1,0.749341439164296,0.749341439164296,full_event_available,1,1,,"","",paper_formula,Full Bernoulli event probability uses selected probabilities and non-selected complement probabilities.
31,27,1,no_new_outage,bernoulli_full_event,45,0,45,1,0.749341439164296,0.749341439164296,full_event_available,1,1,,"","",paper_formula,Full Bernoulli event probability uses selected probabilities and non-selected complement probabilities.
31,28,1,no_new_outage,bernoulli_full_event,45,0,45,1,0.749341439164296,0.749341439164296,full_event_available,1,1,,"","",paper_formula,Full Bernoulli event probability uses selected probabilities and non-selected complement probabilities.
31,29,1,no_new_outage,bernoulli_full_event,45,0,45,1,0.749341439164296,0.749341439164296,full_event_available,1,1,,"","",paper_formula,Full Bernoulli event probability uses selected probabilities and non-selected complement probabilities.
31,30,1,no_new_outage,bernoulli_full_event,45,0,45,1,0.749341439164296,0.749341439164296,full_event_available,1,1,,"","",paper_formula,Full Bernoulli event probability uses selected probabilities and non-selected complement probabilities.
32,1,1,continue,bernoulli_full_event,44,1,43,1,0.758368785549319,0.758368785549319,full_event_available,0,1,,"27","0.64141",paper_formula,Full Bernoulli event probability uses selected probabilities and non-selected complement probabilities.
32,1,2,no_new_outage,bernoulli_full_event,42,0,42,1,0.762953948518273,0.762953948518273,full_event_available,1,1,,"","",paper_formula,Full Bernoulli event probability uses selected probabilities and non-selected complement probabilities.
32,2,1,continue,bernoulli_full_event,44,1,43,1,0.758368785549319,0.758368785549319,full_event_available,0,1,,"27","0.65598",paper_formula,Full Bernoulli event probability uses selected probabilities and non-selected complement probabilities.
32,2,2,continue,bernoulli_full_event,42,1,41,0.00656119455,0.767992899343887,0.00503895082561381,full_event_available,0,1,,"10","0.0033799",paper_formula,Full Bernoulli event probability uses selected probabilities and non-selected complement probabilities.
32,2,3,continue,bernoulli_full_event,41,4,37,1,0.78775894539907,0.78775894539907,full_event_available,0,1,,"12,15,19,23","0.14147,0.019176,0.61263,0.47633",paper_formula,Full Bernoulli event probability uses selected probabilities and non-selected complement probabilities.
32,2,4,continue,bernoulli_full_event,31,2,29,0.678010524398271,0.231160189783332,0.156729041495001,full_event_available,0,1,,"1,3","0.35359,0.99797",paper_formula,Full Bernoulli event probability uses selected probabilities and non-selected complement probabilities.
32,2,5,max_depth_reached,bernoulli_full_event,29,0,29,NaN,NaN,1,terminal_stage_probability_one,1,0,,"","",,Terminal recording stage excluded from Bernoulli complement product.
32,3,1,continue,bernoulli_full_event,44,1,43,1,0.758368785549319,0.758368785549319,full_event_available,0,1,,"27","0.94929",paper_formula,Full Bernoulli event probability uses selected probabilities and non-selected complement probabilities.
32,3,2,continue,bernoulli_full_event,42,1,41,0.0065948554,0.768018922255008,0.00506497373673562,full_event_available,0,1,,"9","0.0021163",paper_formula,Full Bernoulli event probability uses selected probabilities and non-selected complement probabilities.
32,3,3,continue,bernoulli_full_event,41,1,40,0.99825259531397,0.772669357064366,0.771319191009081,full_event_available,0,1,,"8","0.3151",paper_formula,Full Bernoulli event probability uses selected probabilities and non-selected complement probabilities.
32,3,4,continue,bernoulli_full_event,40,6,34,0.00641863095,0.803292045081741,0.00515603518245046,full_event_available,0,1,,"1,3,6,19,23,24","0.00093404,0.90887,0.52718,0.39788,0.29205,0.59037",paper_formula,Full Bernoulli event probability uses selected probabilities and non-selected complement probabilities.
32,3,5,max_depth_reached,bernoulli_full_event,21,0,21,NaN,NaN,1,terminal_stage_probability_one,1,0,,"","",,Terminal recording stage excluded from Bernoulli complement product.
32,4,1,continue,bernoulli_full_event,44,1,43,1,0.758368785549319,0.758368785549319,full_event_available,0,1,,"27","0.14713",paper_formula,Full Bernoulli event probability uses selected probabilities and non-selected complement probabilities.
32,4,2,no_new_outage,bernoulli_full_event,42,0,42,1,0.762953948518273,0.762953948518273,full_event_available,1,1,,"","",paper_formula,Full Bernoulli event probability uses selected probabilities and non-selected complement probabilities.
32,5,1,continue,bernoulli_full_event,44,2,42,0.006663167125,0.763455819265639,0.00508703371632075,full_event_available,0,1,,"19,27","0.003794,0.17237",paper_formula,Full Bernoulli event probability uses selected probabilities and non-selected complement probabilities.
32,5,2,continue,bernoulli_full_event,41,3,38,0.996441584578391,0.424021825342219,0.422512979539823,full_event_available,0,1,,"8,10,18","0.6712,0.12113,0.22535",paper_formula,Full Bernoulli event probability uses selected probabilities and non-selected complement probabilities.
32,5,3,continue,bernoulli_full_event,37,4,33,0.350703668863679,0.807813123404407,0.283303026134154,full_event_available,0,1,,"3,12,14,15","0.76973,0.68929,0.56198,0.32317",paper_formula,Full Bernoulli event probability uses selected probabilities and non-selected complement probabilities.
32,5,4,load_loss_threshold,bernoulli_full_event,33,0,33,NaN,NaN,1,terminal_stage_probability_one,1,0,,"","",,Terminal recording stage excluded from Bernoulli complement product.
32,6,1,continue,bernoulli_full_event,44,1,43,1,0.758368785549319,0.758368785549319,full_event_available,0,1,,"27","0.91013",paper_formula,Full Bernoulli event probability uses selected probabilities and non-selected complement probabilities.
32,6,2,no_new_outage,bernoulli_full_event,42,0,42,1,0.762953948518273,0.762953948518273,full_event_available,1,1,,"","",paper_formula,Full Bernoulli event probability uses selected probabilities and non-selected complement probabilities.
32,7,1,continue,bernoulli_full_event,44,1,43,1,0.758368785549319,0.758368785549319,full_event_available,0,1,,"27","0.61833",paper_formula,Full Bernoulli event probability uses selected probabilities and non-selected complement probabilities.
32,7,2,no_new_outage,bernoulli_full_event,42,0,42,1,0.762953948518273,0.762953948518273,full_event_available,1,1,,"","",paper_formula,Full Bernoulli event probability uses selected probabilities and non-selected complement probabilities.
32,8,1,continue,bernoulli_full_event,44,2,42,0.006407740675,0.763259554844478,0.00489076929515935,full_event_available,0,1,,"21,27","0.005462,0.41778",paper_formula,Full Bernoulli event probability uses selected probabilities and non-selected complement probabilities.
32,8,2,continue,bernoulli_full_event,41,1,40,0.259306963193933,0.773025083146482,0.200450786783452,full_event_available,0,1,,"19","0.17578",paper_formula,Full Bernoulli event probability uses selected probabilities and non-selected complement probabilities.
32,8,3,continue,bernoulli_full_event,40,4,36,1,0.792870068588035,0.792870068588035,full_event_available,0,1,,"8,10,13,18","0.35465,0.46887,0.48075,0.14802",paper_formula,Full Bernoulli event probability uses selected probabilities and non-selected complement probabilities.
32,8,4,continue,bernoulli_full_event,35,3,32,1,0.813124032971371,0.813124032971371,full_event_available,0,1,,"3,12,15","0.41774,0.85498,0.24567",paper_formula,Full Bernoulli event probability uses selected probabilities and non-selected complement probabilities.
32,8,5,max_depth_reached,bernoulli_full_event,31,0,31,NaN,NaN,1,terminal_stage_probability_one,1,0,,"","",,Terminal recording stage excluded from Bernoulli complement product.
32,9,1,continue,bernoulli_full_event,44,2,42,0.006457241925,0.763297582701591,0.00492879715227187,full_event_available,0,1,,"27,43","0.98506,0.0062389",paper_formula,Full Bernoulli event probability uses selected probabilities and non-selected complement probabilities.
32,9,2,no_new_outage,bernoulli_full_event,41,0,41,1,0.76791254560247,0.76791254560247,full_event_available,1,1,,"","",paper_formula,Full Bernoulli event probability uses selected probabilities and non-selected complement probabilities.
32,10,1,continue,bernoulli_full_event,44,1,43,1,0.758368785549319,0.758368785549319,full_event_available,0,1,,"27","0.13863",paper_formula,Full Bernoulli event probability uses selected probabilities and non-selected complement probabilities.
32,10,2,continue,bernoulli_full_event,42,1,41,0.006663167125,0.768071738878409,0.0051177903601362,full_event_available,0,1,,"17","0.0028306",paper_formula,Full Bernoulli event probability uses selected probabilities and non-selected complement probabilities.
32,10,3,continue,bernoulli_full_event,41,3,38,0.860004405359372,0.782928035564306,0.673321559664662,full_event_available,0,1,,"8,19,23","0.76069,0.042351,0.40981",paper_formula,Full Bernoulli event probability uses selected probabilities and non-selected complement probabilities.
32,10,4,continue,bernoulli_full_event,27,4,23,0.864782887042744,0.861746573159322,0.74522368943591,full_event_available,0,1,,"1,2,3,6","0.91778,0.30233,0.73715,0.84976",paper_formula,Full Bernoulli event probability uses selected probabilities and non-selected complement probabilities.
32,10,5,max_depth_reached,bernoulli_full_event,23,0,23,NaN,NaN,1,terminal_stage_probability_one,1,0,,"","",,Terminal recording stage excluded from Bernoulli complement product.
32,11,1,continue,bernoulli_full_event,44,1,43,1,0.758368785549319,0.758368785549319,full_event_available,0,1,,"27","0.92861",paper_formula,Full Bernoulli event probability uses selected probabilities and non-selected complement probabilities.
32,11,2,no_new_outage,bernoulli_full_event,42,0,42,1,0.762953948518273,0.762953948518273,full_event_available,1,1,,"","",paper_formula,Full Bernoulli event probability uses selected probabilities and non-selected complement probabilities.
32,12,1,continue,bernoulli_full_event,44,1,43,1,0.758368785549319,0.758368785549319,full_event_available,0,1,,"27","0.99199",paper_formula,Full Bernoulli event probability uses selected probabilities and non-selected complement probabilities.
32,12,2,continue,bernoulli_full_event,42,1,41,0.00656119455,0.767992899343887,0.00503895082561381,full_event_available,0,1,,"31","0.0033318",paper_formula,Full Bernoulli event probability uses selected probabilities and non-selected complement probabilities.
32,12,3,continue,bernoulli_full_event,41,1,40,0.006457241925,0.772984245622082,0.0049913462781954,full_event_available,0,1,,"43","0.0027944",paper_formula,Full Bernoulli event probability uses selected probabilities and non-selected complement probabilities.
32,12,4,continue,bernoulli_full_event,40,1,39,0.00656119455,0.778089441827211,0.00510519620512924,full_event_available,0,1,,"36","0.0015072",paper_formula,Full Bernoulli event probability uses selected probabilities and non-selected complement probabilities.
32,12,5,max_depth_reached,bernoulli_full_event,39,0,39,NaN,NaN,1,terminal_stage_probability_one,1,0,,"","",,Terminal recording stage excluded from Bernoulli complement product.
32,13,1,continue,bernoulli_full_event,44,1,43,1,0.758368785549319,0.758368785549319,full_event_available,0,1,,"27","0.32958",paper_formula,Full Bernoulli event probability uses selected probabilities and non-selected complement probabilities.
32,13,2,no_new_outage,bernoulli_full_event,42,0,42,1,0.762953948518273,0.762953948518273,full_event_available,1,1,,"","",paper_formula,Full Bernoulli event probability uses selected probabilities and non-selected complement probabilities.
32,14,1,continue,bernoulli_full_event,44,1,43,1,0.758368785549319,0.758368785549319,full_event_available,0,1,,"27","0.11346",paper_formula,Full Bernoulli event probability uses selected probabilities and non-selected complement probabilities.
32,14,2,no_new_outage,bernoulli_full_event,42,0,42,1,0.762953948518273,0.762953948518273,full_event_available,1,1,,"","",paper_formula,Full Bernoulli event probability uses selected probabilities and non-selected complement probabilities.
32,15,1,continue,bernoulli_full_event,44,1,43,1,0.758368785549319,0.758368785549319,full_event_available,0,1,,"27","0.0051579",paper_formula,Full Bernoulli event probability uses selected probabilities and non-selected complement probabilities.
32,15,2,no_new_outage,bernoulli_full_event,42,0,42,1,0.762953948518273,0.762953948518273,full_event_available,1,1,,"","",paper_formula,Full Bernoulli event probability uses selected probabilities and non-selected complement probabilities.
32,16,1,continue,bernoulli_full_event,44,2,42,0.00649387285,0.763325725755509,0.00495694020619025,full_event_available,0,1,,"27,35","0.34493,0.0063795",paper_formula,Full Bernoulli event probability uses selected probabilities and non-selected complement probabilities.
32,16,2,continue,bernoulli_full_event,41,2,39,1,0.108306370083203,0.108306370083203,full_event_available,0,1,,"36,38","0.1376,0.7234",paper_formula,Full Bernoulli event probability uses selected probabilities and non-selected complement probabilities.
32,16,3,continue,bernoulli_full_event,37,11,26,0.00641731089071883,0.845990325880199,0.00542898293171378,full_event_available,0,1,,"3,6,7,8,10,14,19,20,23,24,25","0.50827,0.71957,0.16299,0.61452,0.33846,0.48975,0.12309,0.56237,0.0049644,0.39192,0.0029338",paper_formula,Full Bernoulli event probability uses selected probabilities and non-selected complement probabilities.
32,16,4,load_loss_threshold,bernoulli_full_event,0,0,0,NaN,NaN,1,terminal_stage_probability_one,1,0,,"","",,Terminal recording stage excluded from Bernoulli complement product.
32,17,1,continue,bernoulli_full_event,44,1,43,1,0.758368785549319,0.758368785549319,full_event_available,0,1,,"27","0.73052",paper_formula,Full Bernoulli event probability uses selected probabilities and non-selected complement probabilities.
32,17,2,no_new_outage,bernoulli_full_event,42,0,42,1,0.762953948518273,0.762953948518273,full_event_available,1,1,,"","",paper_formula,Full Bernoulli event probability uses selected probabilities and non-selected complement probabilities.
32,18,1,continue,bernoulli_full_event,44,1,43,1,0.758368785549319,0.758368785549319,full_event_available,0,1,,"27","0.23911",paper_formula,Full Bernoulli event probability uses selected probabilities and non-selected complement probabilities.
32,18,2,no_new_outage,bernoulli_full_event,42,0,42,1,0.762953948518273,0.762953948518273,full_event_available,1,1,,"","",paper_formula,Full Bernoulli event probability uses selected probabilities and non-selected complement probabilities.
32,19,1,continue,bernoulli_full_event,44,1,43,1,0.758368785549319,0.758368785549319,full_event_available,0,1,,"27","0.31902",paper_formula,Full Bernoulli event probability uses selected probabilities and non-selected complement probabilities.
32,19,2,no_new_outage,bernoulli_full_event,42,0,42,1,0.762953948518273,0.762953948518273,full_event_available,1,1,,"","",paper_formula,Full Bernoulli event probability uses selected probabilities and non-selected complement probabilities.
32,20,1,continue,bernoulli_full_event,44,1,43,1,0.758368785549319,0.758368785549319,full_event_available,0,1,,"27","0.92715",paper_formula,Full Bernoulli event probability uses selected probabilities and non-selected complement probabilities.
32,20,2,no_new_outage,bernoulli_full_event,42,0,42,1,0.762953948518273,0.762953948518273,full_event_available,1,1,,"","",paper_formula,Full Bernoulli event probability uses selected probabilities and non-selected complement probabilities.
32,21,1,continue,bernoulli_full_event,44,1,43,1,0.758368785549319,0.758368785549319,full_event_available,0,1,,"27","0.53314",paper_formula,Full Bernoulli event probability uses selected probabilities and non-selected complement probabilities.
32,21,2,no_new_outage,bernoulli_full_event,42,0,42,1,0.762953948518273,0.762953948518273,full_event_available,1,1,,"","",paper_formula,Full Bernoulli event probability uses selected probabilities and non-selected complement probabilities.
32,22,1,continue,bernoulli_full_event,44,1,43,1,0.758368785549319,0.758368785549319,full_event_available,0,1,,"27","0.98533",paper_formula,Full Bernoulli event probability uses selected probabilities and non-selected complement probabilities.
32,22,2,continue,bernoulli_full_event,42,1,41,0.006663167125,0.768071738878409,0.0051177903601362,full_event_available,0,1,,"17","0.0052048",paper_formula,Full Bernoulli event probability uses selected probabilities and non-selected complement probabilities.
32,22,3,continue,bernoulli_full_event,41,3,38,0.860004405359372,0.782928035564306,0.673321559664662,full_event_available,0,1,,"8,19,23","0.81286,0.63023,0.98913",paper_formula,Full Bernoulli event probability uses selected probabilities and non-selected complement probabilities.
32,22,4,continue,bernoulli_full_event,27,4,23,0.864782887042744,0.861746573159322,0.74522368943591,full_event_available,0,1,,"1,2,3,6","0.84047,0.18807,0.012975,0.49263",paper_formula,Full Bernoulli event probability uses selected probabilities and non-selected complement probabilities.
32,22,5,max_depth_reached,bernoulli_full_event,23,0,23,NaN,NaN,1,terminal_stage_probability_one,1,0,,"","",,Terminal recording stage excluded from Bernoulli complement product.
32,23,1,continue,bernoulli_full_event,44,1,43,1,0.758368785549319,0.758368785549319,full_event_available,0,1,,"27","0.85708",paper_formula,Full Bernoulli event probability uses selected probabilities and non-selected complement probabilities.
32,23,2,continue,bernoulli_full_event,42,1,41,0.00628794765,0.767781719778869,0.0048277712605965,full_event_available,0,1,,"26","0.0033113",paper_formula,Full Bernoulli event probability uses selected probabilities and non-selected complement probabilities.
32,23,3,no_new_outage,bernoulli_full_event,41,0,41,1,0.767781719778869,0.767781719778869,full_event_available,1,1,,"","",paper_formula,Full Bernoulli event probability uses selected probabilities and non-selected complement probabilities.
32,24,1,continue,bernoulli_full_event,44,1,43,1,0.758368785549319,0.758368785549319,full_event_available,0,1,,"27","0.57175",paper_formula,Full Bernoulli event probability uses selected probabilities and non-selected complement probabilities.
32,24,2,no_new_outage,bernoulli_full_event,42,0,42,1,0.762953948518273,0.762953948518273,full_event_available,1,1,,"","",paper_formula,Full Bernoulli event probability uses selected probabilities and non-selected complement probabilities.
32,25,1,continue,bernoulli_full_event,44,1,43,1,0.758368785549319,0.758368785549319,full_event_available,0,1,,"27","0.81464",paper_formula,Full Bernoulli event probability uses selected probabilities and non-selected complement probabilities.
32,25,2,no_new_outage,bernoulli_full_event,42,0,42,1,0.762953948518273,0.762953948518273,full_event_available,1,1,,"","",paper_formula,Full Bernoulli event probability uses selected probabilities and non-selected complement probabilities.
32,26,1,continue,bernoulli_full_event,44,1,43,1,0.758368785549319,0.758368785549319,full_event_available,0,1,,"27","0.10574",paper_formula,Full Bernoulli event probability uses selected probabilities and non-selected complement probabilities.
32,26,2,continue,bernoulli_full_event,42,2,40,4.20719479557052e-05,0.772949588364185,3.25194948540418e-05,full_event_available,0,1,,"22,29","0.0017601,0.0033036",paper_formula,Full Bernoulli event probability uses selected probabilities and non-selected complement probabilities.
32,26,3,no_new_outage,bernoulli_full_event,40,0,40,1,0.772949588364185,0.772949588364185,full_event_available,1,1,,"","",paper_formula,Full Bernoulli event probability uses selected probabilities and non-selected complement probabilities.
32,27,1,continue,bernoulli_full_event,44,1,43,1,0.758368785549319,0.758368785549319,full_event_available,0,1,,"27","0.015296",paper_formula,Full Bernoulli event probability uses selected probabilities and non-selected complement probabilities.
32,27,2,no_new_outage,bernoulli_full_event,42,0,42,1,0.762953948518273,0.762953948518273,full_event_available,1,1,,"","",paper_formula,Full Bernoulli event probability uses selected probabilities and non-selected complement probabilities.
32,28,1,continue,bernoulli_full_event,44,1,43,1,0.758368785549319,0.758368785549319,full_event_available,0,1,,"27","0.30234",paper_formula,Full Bernoulli event probability uses selected probabilities and non-selected complement probabilities.
32,28,2,no_new_outage,bernoulli_full_event,42,0,42,1,0.762953948518273,0.762953948518273,full_event_available,1,1,,"","",paper_formula,Full Bernoulli event probability uses selected probabilities and non-selected complement probabilities.
32,29,1,continue,bernoulli_full_event,44,1,43,1,0.758368785549319,0.758368785549319,full_event_available,0,1,,"27","0.5787",paper_formula,Full Bernoulli event probability uses selected probabilities and non-selected complement probabilities.
32,29,2,no_new_outage,bernoulli_full_event,42,0,42,1,0.762953948518273,0.762953948518273,full_event_available,1,1,,"","",paper_formula,Full Bernoulli event probability uses selected probabilities and non-selected complement probabilities.
32,30,1,continue,bernoulli_full_event,44,1,43,1,0.758368785549319,0.758368785549319,full_event_available,0,1,,"27","0.94595",paper_formula,Full Bernoulli event probability uses selected probabilities and non-selected complement probabilities.
32,30,2,no_new_outage,bernoulli_full_event,42,0,42,1,0.762953948518273,0.762953948518273,full_event_available,1,1,,"","",paper_formula,Full Bernoulli event probability uses selected probabilities and non-selected complement probabilities.
33,1,1,continue,bernoulli_full_event,45,1,44,0.752576159133623,0.104795000740454,0.0788662191536557,full_event_available,0,1,,"23","0.232",paper_formula,Full Bernoulli event probability uses selected probabilities and non-selected complement probabilities.
33,1,2,continue,bernoulli_full_event,44,5,39,0.793790683234659,0.778058367015727,0.617615482749857,full_event_available,0,1,,"8,10,13,14,18","0.94049,0.95242,0.54743,0.73457,0.23795",paper_formula,Full Bernoulli event probability uses selected probabilities and non-selected complement probabilities.
33,1,3,continue,bernoulli_full_event,35,1,34,1,0.803730666559548,0.803730666559548,full_event_available,0,1,,"3","0.098839",paper_formula,Full Bernoulli event probability uses selected probabilities and non-selected complement probabilities.
33,1,4,continue,bernoulli_full_event,34,5,29,0.645604247871223,0.824486400274189,0.53229192232907,full_event_available,0,1,,"4,30,31,40,42","0.99886,0.20708,0.6333,0.13804,0.82099",paper_formula,Full Bernoulli event probability uses selected probabilities and non-selected complement probabilities.
33,1,5,max_depth_reached,bernoulli_full_event,16,0,16,NaN,NaN,1,terminal_stage_probability_one,1,0,,"","",,Terminal recording stage excluded from Bernoulli complement product.
33,2,1,continue,bernoulli_full_event,45,1,44,0.579481748110879,0.0616591110381449,0.035730329451347,full_event_available,0,1,,"19","0.21695",paper_formula,Full Bernoulli event probability uses selected probabilities and non-selected complement probabilities.
33,2,2,continue,bernoulli_full_event,44,4,40,0.676039934294772,0.573009251814736,0.387377136947131,full_event_available,0,1,,"8,10,14,18","0.57802,0.89536,0.23167,0.0056201",paper_formula,Full Bernoulli event probability uses selected probabilities and non-selected complement probabilities.
33,2,3,continue,bernoulli_full_event,39,3,36,0.449263890084785,0.257259451050548,0.115577381740046,full_event_available,0,1,,"3,16,17","0.050355,0.21501,0.67839",paper_formula,Full Bernoulli event probability uses selected probabilities and non-selected complement probabilities.
33,2,4,load_loss_threshold,bernoulli_full_event,0,0,0,NaN,NaN,1,terminal_stage_probability_one,1,0,,"","",,Terminal recording stage excluded from Bernoulli complement product.
33,3,1,continue,bernoulli_full_event,45,3,42,0.137150090814592,0.323082786690879,0.0443108335352856,full_event_available,0,1,,"8,14,23","0.13031,0.15133,0.66763",paper_formula,Full Bernoulli event probability uses selected probabilities and non-selected complement probabilities.
33,3,2,continue,bernoulli_full_event,42,6,36,0.999773698711118,0.793274510537502,0.79309499149333,full_event_available,0,1,,"1,2,3,6,13,18","0.91375,0.18767,0.057442,0.82002,0.32829,0.070865",paper_formula,Full Bernoulli event probability uses selected probabilities and non-selected complement probabilities.
33,3,3,load_loss_threshold,bernoulli_full_event,26,0,26,NaN,NaN,1,terminal_stage_probability_one,1,0,,"","",,Terminal recording stage excluded from Bernoulli complement product.
33,4,1,continue,bernoulli_full_event,45,2,43,0.354286112157247,0.198012026040745,0.0701529108663553,full_event_available,0,1,,"14,23","0.40328,0.26598",paper_formula,Full Bernoulli event probability uses selected probabilities and non-selected complement probabilities.
33,4,2,continue,bernoulli_full_event,43,3,40,1,0.773218303087582,0.773218303087582,full_event_available,0,1,,"3,13,18","0.73319,0.52391,0.53554",paper_formula,Full Bernoulli event probability uses selected probabilities and non-selected complement probabilities.
33,4,3,continue,bernoulli_full_event,36,5,31,0.915557616332826,0.819778028119819,0.750554017347406,full_event_available,0,1,,"16,17,31,40,42","0.20014,0.21678,0.12357,0.43143,0.24858",paper_formula,Full Bernoulli event probability uses selected probabilities and non-selected complement probabilities.
33,4,4,load_loss_threshold,bernoulli_full_event,0,0,0,NaN,NaN,1,terminal_stage_probability_one,1,0,,"","",,Terminal recording stage excluded from Bernoulli complement product.
33,5,1,continue,bernoulli_full_event,45,3,42,0.00280523613971352,0.250817788209115,0.000703603123967221,full_event_available,0,1,,"19,23,45","0.46619,0.44022,0.0027257",paper_formula,Full Bernoulli event probability uses selected probabilities and non-selected complement probabilities.
33,5,2,continue,bernoulli_full_event,42,5,37,0.916161062978569,0.788348520742889,0.722254218761388,full_event_available,0,1,,"8,10,13,14,18","0.67041,0.14634,0.46301,0.063273,0.40976",paper_formula,Full Bernoulli event probability uses selected probabilities and non-selected complement probabilities.
33,5,3,continue,bernoulli_full_event,34,1,33,1,0.808934128302125,0.808934128302125,full_event_available,0,1,,"3","0.78625",paper_formula,Full Bernoulli event probability uses selected probabilities and non-selected complement probabilities.
33,5,4,continue,bernoulli_full_event,33,3,30,1,0.819989639285418,0.819989639285418,full_event_available,0,1,,"31,40,42","0.46359,0.79667,0.95176",paper_formula,Full Bernoulli event probability uses selected probabilities and non-selected complement probabilities.
33,5,5,max_depth_reached,bernoulli_full_event,17,0,17,NaN,NaN,1,terminal_stage_probability_one,1,0,,"","",,Terminal recording stage excluded from Bernoulli complement product.
33,6,1,continue,bernoulli_full_event,45,2,43,0.291334842174851,0.170986891793792,0.0498144391347128,full_event_available,0,1,,"8,23","0.22656,0.16082",paper_formula,Full Bernoulli event probability uses selected probabilities and non-selected complement probabilities.
33,6,2,continue,bernoulli_full_event,43,7,36,0.00201808186093287,0.765668156810272,0.00154518101875271,full_event_available,0,1,,"3,12,13,16,17,18,21","0.80956,0.19497,0.13115,0.49771,0.54323,0.2436,0.0027266",paper_formula,Full Bernoulli event probability uses selected probabilities and non-selected complement probabilities.
33,6,3,continue,bernoulli_full_event,29,5,24,0.800359072571489,0.675714135395143,0.540813938728303,full_event_available,0,1,,"4,30,31,40,42","0.63859,0.54308,0.93298,0.19168,0.68387",paper_formula,Full Bernoulli event probability uses selected probabilities and non-selected complement probabilities.
33,6,4,load_loss_threshold,bernoulli_full_event,16,0,16,NaN,NaN,1,terminal_stage_probability_one,1,0,,"","",,Terminal recording stage excluded from Bernoulli complement product.
33,7,1,continue,bernoulli_full_event,45,1,44,0.579481748110879,0.0616591110381449,0.035730329451347,full_event_available,0,1,,"19","0.52846",paper_formula,Full Bernoulli event probability uses selected probabilities and non-selected complement probabilities.
33,7,2,continue,bernoulli_full_event,44,5,39,0.00435196747798345,0.576721865039444,0.00250987480049362,full_event_available,0,1,,"8,10,14,18,41","0.035012,0.78511,0.39437,0.93917,0.0025204",paper_formula,Full Bernoulli event probability uses selected probabilities and non-selected complement probabilities.
33,7,3,continue,bernoulli_full_event,38,5,33,0.600302096206429,0.808898763482704,0.485583623337456,full_event_available,0,1,,"1,2,3,16,17","0.81505,0.42402,0.50711,0.14278,0.5619",paper_formula,Full Bernoulli event probability uses selected probabilities and non-selected complement probabilities.
33,7,4,load_loss_threshold,bernoulli_full_event,0,0,0,NaN,NaN,1,terminal_stage_probability_one,1,0,,"","",,Terminal recording stage excluded from Bernoulli complement product.
33,8,1,continue,bernoulli_full_event,45,2,43,0.354286112157247,0.198012026040745,0.0701529108663553,full_event_available,0,1,,"14,23","0.44249,0.28913",paper_formula,Full Bernoulli event probability uses selected probabilities and non-selected complement probabilities.
33,8,2,continue,bernoulli_full_event,43,3,40,1,0.773218303087582,0.773218303087582,full_event_available,0,1,,"3,13,18","0.44623,0.4881,0.29954",paper_formula,Full Bernoulli event probability uses selected probabilities and non-selected complement probabilities.
33,8,3,continue,bernoulli_full_event,36,5,31,0.915557616332826,0.819778028119819,0.750554017347406,full_event_available,0,1,,"16,17,31,40,42","0.1476,0.30537,0.55429,0.4713,0.1727",paper_formula,Full Bernoulli event probability uses selected probabilities and non-selected complement probabilities.
33,8,4,load_loss_threshold,bernoulli_full_event,0,0,0,NaN,NaN,1,terminal_stage_probability_one,1,0,,"","",,Terminal recording stage excluded from Bernoulli complement product.
33,9,1,continue,bernoulli_full_event,45,4,41,0.00101458547371944,0.409068316273695,0.00041503477145016,full_event_available,0,1,,"8,19,23,34","0.32447,0.50557,0.35041,0.0023841",paper_formula,Full Bernoulli event probability uses selected probabilities and non-selected complement probabilities.
33,9,2,continue,bernoulli_full_event,41,8,33,0.842707357727916,0.597312882569646,0.503359961007111,full_event_available,0,1,,"1,3,6,13,16,17,18,27","0.13207,0.38332,0.73979,0.40516,0.28681,0.37421,0.71514,0.25762",paper_formula,Full Bernoulli event probability uses selected probabilities and non-selected complement probabilities.
33,9,3,load_loss_threshold,bernoulli_full_event,23,0,23,NaN,NaN,1,terminal_stage_probability_one,1,0,,"","",,Terminal recording stage excluded from Bernoulli complement product.
33,10,1,continue,bernoulli_full_event,45,3,42,0.16882322362909,0.406609917704302,0.0686451970663991,full_event_available,0,1,,"8,19,23","0.060236,0.15107,0.64962",paper_formula,Full Bernoulli event probability uses selected probabilities and non-selected complement probabilities.
33,10,2,continue,bernoulli_full_event,42,6,36,0.325516934123668,0.765865040578905,0.249302039961744,full_event_available,0,1,,"3,12,13,16,17,18","0.08146,0.019697,0.84118,0.13443,0.026047,0.76325",paper_formula,Full Bernoulli event probability uses selected probabilities and non-selected complement probabilities.
33,10,3,continue,bernoulli_full_event,29,6,23,0.173479470109647,0.862707825560845,0.149662096437741,full_event_available,0,1,,"4,25,30,31,40,42","0.55452,0.18629,0.35484,0.71893,0.33779,0.58866",paper_formula,Full Bernoulli event probability uses selected probabilities and non-selected complement probabilities.
33,10,4,load_loss_threshold,bernoulli_full_event,11,0,11,NaN,NaN,1,terminal_stage_probability_one,1,0,,"","",,Terminal recording stage excluded from Bernoulli complement product.
33,11,1,continue,bernoulli_full_event,45,2,43,0.272799414534518,0.11650599183422,0.0317827663621386,full_event_available,0,1,,"14,19","0.16179,0.068579",paper_formula,Full Bernoulli event probability uses selected probabilities and non-selected complement probabilities.
33,11,2,continue,bernoulli_full_event,43,3,40,1,0.773411733816938,0.773411733816938,full_event_available,0,1,,"3,13,18","0.50673,0.89899,0.20827",paper_formula,Full Bernoulli event probability uses selected probabilities and non-selected complement probabilities.
33,11,3,continue,bernoulli_full_event,39,7,32,4.18719801477826e-05,0.814633870717661,3.41103332624013e-05,full_event_available,0,1,,"6,7,16,17,31,40,42","0.002603,0.0025137,0.36205,0.39015,0.55745,0.28589,0.25355",paper_formula,Full Bernoulli event probability uses selected probabilities and non-selected complement probabilities.
33,11,4,load_loss_threshold,bernoulli_full_event,0,0,0,NaN,NaN,1,terminal_stage_probability_one,1,0,,"","",,Terminal recording stage excluded from Bernoulli complement product.
33,12,1,continue,bernoulli_full_event,45,2,43,0.354286112157247,0.198012026040745,0.0701529108663553,full_event_available,0,1,,"14,23","0.10127,0.26851",paper_formula,Full Bernoulli event probability uses selected probabilities and non-selected complement probabilities.
33,12,2,continue,bernoulli_full_event,43,3,40,1,0.773218303087582,0.773218303087582,full_event_available,0,1,,"3,13,18","0.15684,0.035192,0.44046",paper_formula,Full Bernoulli event probability uses selected probabilities and non-selected complement probabilities.
33,12,3,continue,bernoulli_full_event,36,5,31,0.915557616332826,0.819778028119819,0.750554017347406,full_event_available,0,1,,"16,17,31,40,42","0.63911,0.03682,0.65165,0.59674,0.12344",paper_formula,Full Bernoulli event probability uses selected probabilities and non-selected complement probabilities.
33,12,4,load_loss_threshold,bernoulli_full_event,0,0,0,NaN,NaN,1,terminal_stage_probability_one,1,0,,"","",,Terminal recording stage excluded from Bernoulli complement product.
33,13,1,continue,bernoulli_full_event,45,1,44,0.470764463978114,0.0489928960207344,0.0230641144339365,full_event_available,0,1,,"14","0.13611",paper_formula,Full Bernoulli event probability uses selected probabilities and non-selected complement probabilities.
33,13,2,continue,bernoulli_full_event,44,1,43,1,0.758541782019017,0.758541782019017,full_event_available,0,1,,"3","0.016422",paper_formula,Full Bernoulli event probability uses selected probabilities and non-selected complement probabilities.
33,13,3,continue,bernoulli_full_event,43,7,36,1,0.793764751731366,0.793764751731366,full_event_available,0,1,,"4,16,17,20,31,40,42","0.51291,0.082888,0.17468,0.33576,0.49794,0.87252,0.33228",paper_formula,Full Bernoulli event probability uses selected probabilities and non-selected complement probabilities.
33,13,4,load_loss_threshold,bernoulli_full_event,0,0,0,NaN,NaN,1,terminal_stage_probability_one,1,0,,"","",,Terminal recording stage excluded from Bernoulli complement product.
33,14,1,continue,bernoulli_full_event,45,2,43,0.354286112157247,0.198012026040745,0.0701529108663553,full_event_available,0,1,,"14,23","0.45202,0.38784",paper_formula,Full Bernoulli event probability uses selected probabilities and non-selected complement probabilities.
33,14,2,continue,bernoulli_full_event,43,5,38,3.98357296762602e-05,0.783083932086989,3.11947198324402e-05,full_event_available,0,1,,"3,13,18,30,34","0.000817,0.90164,0.36504,0.0043934,0.0015845",paper_formula,Full Bernoulli event probability uses selected probabilities and non-selected complement probabilities.
33,14,3,load_loss_threshold,bernoulli_full_event,0,0,0,NaN,NaN,1,terminal_stage_probability_one,1,0,,"","",,Terminal recording stage excluded from Bernoulli complement product.
33,15,1,continue,bernoulli_full_event,45,2,43,0.436104148281323,0.249204404968575,0.108679074776774,full_event_available,0,1,,"19,23","0.043759,0.13284",paper_formula,Full Bernoulli event probability uses selected probabilities and non-selected complement probabilities.
33,15,2,continue,bernoulli_full_event,43,5,38,0.81830147866315,0.783277475741843,0.64095711660309,full_event_available,0,1,,"8,10,13,14,18","0.57591,0.26941,0.66928,0.35706,0.47144",paper_formula,Full Bernoulli event probability uses selected probabilities and non-selected complement probabilities.
33,15,3,continue,bernoulli_full_event,35,1,34,1,0.803730666559548,0.803730666559548,full_event_available,0,1,,"3","0.028262",paper_formula,Full Bernoulli event probability uses selected probabilities and non-selected complement probabilities.
33,15,4,continue,bernoulli_full_event,34,4,30,1,0.292194477945119,0.292194477945119,full_event_available,0,1,,"4,31,40,42","0.91564,0.17907,0.032817,0.0415",paper_formula,Full Bernoulli event probability uses selected probabilities and non-selected complement probabilities.
33,15,5,max_depth_reached,bernoulli_full_event,17,0,17,NaN,NaN,1,terminal_stage_probability_one,1,0,,"","",,Terminal recording stage excluded from Bernoulli complement product.
33,16,1,continue,bernoulli_full_event,45,2,43,0.291334842174851,0.170986891793792,0.0498144391347128,full_event_available,0,1,,"8,23","0.096907,0.38672",paper_formula,Full Bernoulli event probability uses selected probabilities and non-selected complement probabilities.
33,16,2,continue,bernoulli_full_event,43,5,38,0.00518857554132609,0.0556143019787192,0.000288559006994705,full_event_available,0,1,,"3,13,17,18,26","0.721,0.052228,0.70649,0.40851,0.0053495",paper_formula,Full Bernoulli event probability uses selected probabilities and non-selected complement probabilities.
33,16,3,load_loss_threshold,bernoulli_full_event,28,0,28,NaN,NaN,1,terminal_stage_probability_one,1,0,,"","",,Terminal recording stage excluded from Bernoulli complement product.
33,17,1,continue,bernoulli_full_event,45,2,43,0.291334842174851,0.170986891793792,0.0498144391347128,full_event_available,0,1,,"8,23","0.13473,0.38418",paper_formula,Full Bernoulli event probability uses selected probabilities and non-selected complement probabilities.
33,17,2,continue,bernoulli_full_event,43,6,37,0.314944371704441,0.760761953818327,0.239597695561956,full_event_available,0,1,,"3,12,13,16,17,18","0.98532,0.22871,0.50904,0.10954,0.58938,0.34116",paper_formula,Full Bernoulli event probability uses selected probabilities and non-selected complement probabilities.
33,17,3,continue,bernoulli_full_event,29,5,24,0.800359072571489,0.675714135395143,0.540813938728303,full_event_available,0,1,,"4,30,31,40,42","0.22809,0.20109,0.62555,0.5423,0.77596",paper_formula,Full Bernoulli event probability uses selected probabilities and non-selected complement probabilities.
33,17,4,load_loss_threshold,bernoulli_full_event,16,0,16,NaN,NaN,1,terminal_stage_probability_one,1,0,,"","",,Terminal recording stage excluded from Bernoulli complement product.
33,18,1,continue,bernoulli_full_event,45,3,42,0.00280523613971352,0.250817788209115,0.000703603123967221,full_event_available,0,1,,"19,23,45","0.3692,0.53937,0.004945",paper_formula,Full Bernoulli event probability uses selected probabilities and non-selected complement probabilities.
33,18,2,continue,bernoulli_full_event,42,5,37,0.916161062978569,0.788348520742889,0.722254218761388,full_event_available,0,1,,"8,10,13,14,18","0.37875,0.1805,0.29352,0.85886,0.94153",paper_formula,Full Bernoulli event probability uses selected probabilities and non-selected complement probabilities.
33,18,3,continue,bernoulli_full_event,34,1,33,1,0.808934128302125,0.808934128302125,full_event_available,0,1,,"3","0.50826",paper_formula,Full Bernoulli event probability uses selected probabilities and non-selected complement probabilities.
33,18,4,continue,bernoulli_full_event,33,4,29,0.00639487035,0.825267115493115,0.00527747620769695,full_event_available,0,1,,"31,40,42,46","0.21135,0.11814,0.45047,0.0044324",paper_formula,Full Bernoulli event probability uses selected probabilities and non-selected complement probabilities.
33,18,5,max_depth_reached,bernoulli_full_event,17,0,17,NaN,NaN,1,terminal_stage_probability_one,1,0,,"","",,Terminal recording stage excluded from Bernoulli complement product.
33,19,1,continue,bernoulli_full_event,45,4,41,0.000882216765959074,0.325174468631333,0.000286874368088394,full_event_available,0,1,,"8,14,23,45","0.066801,0.0073212,0.24389,0.0029552",paper_formula,Full Bernoulli event probability uses selected probabilities and non-selected complement probabilities.
33,19,2,continue,bernoulli_full_event,41,6,35,0.999773698711118,0.798410277702655,0.798229596427754,full_event_available,0,1,,"1,2,3,6,13,18","0.83147,0.37501,0.81245,0.96173,0.41885,0.47198",paper_formula,Full Bernoulli event probability uses selected probabilities and non-selected complement probabilities.
33,19,3,load_loss_threshold,bernoulli_full_event,25,0,25,NaN,NaN,1,terminal_stage_probability_one,1,0,,"","",,Terminal recording stage excluded from Bernoulli complement product.
33,20,1,continue,bernoulli_full_event,45,3,42,0.16882322362909,0.406609917704302,0.0686451970663991,full_event_available,0,1,,"8,19,23","0.2778,0.44219,0.0074799",paper_formula,Full Bernoulli event probability uses selected probabilities and non-selected complement probabilities.
33,20,2,continue,bernoulli_full_event,42,5,37,0.00554162249865561,0.0507448530255122,0.000281208819217151,full_event_available,0,1,,"3,13,17,18,42","0.43823,0.2013,0.61595,0.82062,0.0061643",paper_formula,Full Bernoulli event probability uses selected probabilities and non-selected complement probabilities.
33,20,3,load_loss_threshold,bernoulli_full_event,18,0,18,NaN,NaN,1,terminal_stage_probability_one,1,0,,"","",,Terminal recording stage excluded from Bernoulli complement product.
33,21,1,continue,bernoulli_full_event,45,2,43,0.354286112157247,0.198012026040745,0.0701529108663553,full_event_available,0,1,,"14,23","0.25237,0.5953",paper_formula,Full Bernoulli event probability uses selected probabilities and non-selected complement probabilities.
33,21,2,continue,bernoulli_full_event,43,3,40,1,0.773218303087582,0.773218303087582,full_event_available,0,1,,"3,13,18","0.61492,0.20342,0.21931",paper_formula,Full Bernoulli event probability uses selected probabilities and non-selected complement probabilities.
33,21,3,continue,bernoulli_full_event,36,6,30,0.0060687885376734,0.825248199218623,0.0050082568121536,full_event_available,0,1,,"16,17,30,31,40,42","0.50037,0.46202,0.0065286,0.1356,0.20601,0.7117",paper_formula,Full Bernoulli event probability uses selected probabilities and non-selected complement probabilities.
33,21,4,load_loss_threshold,bernoulli_full_event,0,0,0,NaN,NaN,1,terminal_stage_probability_one,1,0,,"","",,Terminal recording stage excluded from Bernoulli complement product.
33,22,1,continue,bernoulli_full_event,45,4,41,0.0794759743788057,0.768296703506861,0.0610611291232322,full_event_available,0,1,,"8,14,19,23","0.26906,0.20434,0.52526,0.62518",paper_formula,Full Bernoulli event probability uses selected probabilities and non-selected complement probabilities.
33,22,2,continue,bernoulli_full_event,41,6,35,1,0.798595687065725,0.798595687065725,full_event_available,0,1,,"1,2,3,6,13,18","0.79957,0.031042,0.81818,0.77589,0.15143,0.1554",paper_formula,Full Bernoulli event probability uses selected probabilities and non-selected complement probabilities.
33,22,3,load_loss_threshold,bernoulli_full_event,26,0,26,NaN,NaN,1,terminal_stage_probability_one,1,0,,"","",,Terminal recording stage excluded from Bernoulli complement product.
33,23,1,continue,bernoulli_full_event,45,3,42,0.137150090814592,0.323082786690879,0.0443108335352856,full_event_available,0,1,,"8,14,23","0.051837,0.10362,0.57892",paper_formula,Full Bernoulli event probability uses selected probabilities and non-selected complement probabilities.
33,23,2,continue,bernoulli_full_event,42,6,36,0.999773698711118,0.793274510537502,0.79309499149333,full_event_available,0,1,,"1,2,3,6,13,18","0.91423,0.71749,0.053308,0.26865,0.97995,0.87178",paper_formula,Full Bernoulli event probability uses selected probabilities and non-selected complement probabilities.
33,23,3,load_loss_threshold,bernoulli_full_event,26,0,26,NaN,NaN,1,terminal_stage_probability_one,1,0,,"","",,Terminal recording stage excluded from Bernoulli complement product.
33,24,1,continue,bernoulli_full_event,45,4,41,0.0794759743788057,0.768296703506861,0.0610611291232322,full_event_available,0,1,,"8,14,19,23","0.28973,0.14219,0.22279,0.41047",paper_formula,Full Bernoulli event probability uses selected probabilities and non-selected complement probabilities.
33,24,2,continue,bernoulli_full_event,41,6,35,1,0.798595687065725,0.798595687065725,full_event_available,0,1,,"1,2,3,6,13,18","0.76727,0.10098,0.75256,0.64492,0.32285,0.11831",paper_formula,Full Bernoulli event probability uses selected probabilities and non-selected complement probabilities.
33,24,3,load_loss_threshold,bernoulli_full_event,26,0,26,NaN,NaN,1,terminal_stage_probability_one,1,0,,"","",,Terminal recording stage excluded from Bernoulli complement product.
33,25,1,continue,bernoulli_full_event,45,2,43,0.291334842174851,0.170986891793792,0.0498144391347128,full_event_available,0,1,,"8,23","0.049626,0.34123",paper_formula,Full Bernoulli event probability uses selected probabilities and non-selected complement probabilities.
33,25,2,continue,bernoulli_full_event,43,5,38,0.361733292138249,0.098401864854258,0.0355952305262738,full_event_available,0,1,,"3,12,13,17,18","0.0051469,0.30774,0.22405,0.73887,0.042049",paper_formula,Full Bernoulli event probability uses selected probabilities and non-selected complement probabilities.
33,25,3,continue,bernoulli_full_event,29,5,24,0.800359072571489,0.675714135395143,0.540813938728303,full_event_available,0,1,,"4,30,31,40,42","0.92494,0.18073,0.24958,0.43806,0.27474",paper_formula,Full Bernoulli event probability uses selected probabilities and non-selected complement probabilities.
33,25,4,load_loss_threshold,bernoulli_full_event,16,0,16,NaN,NaN,1,terminal_stage_probability_one,1,0,,"","",,Terminal recording stage excluded from Bernoulli complement product.
33,26,1,continue,bernoulli_full_event,45,3,42,0.16882322362909,0.406609917704302,0.0686451970663991,full_event_available,0,1,,"8,19,23","0.38422,0.27829,0.61618",paper_formula,Full Bernoulli event probability uses selected probabilities and non-selected complement probabilities.
33,26,2,continue,bernoulli_full_event,42,5,37,0.743345219388807,0.430486493089591,0.3200000766496,full_event_available,0,1,,"3,13,16,17,18","0.025802,0.89182,0.45711,0.58592,0.88845",paper_formula,Full Bernoulli event probability uses selected probabilities and non-selected complement probabilities.
33,26,3,continue,bernoulli_full_event,29,5,24,0.800359072571489,0.675714135395143,0.540813938728303,full_event_available,0,1,,"4,30,31,40,42","0.96631,0.58162,0.010422,0.624,0.83997",paper_formula,Full Bernoulli event probability uses selected probabilities and non-selected complement probabilities.
33,26,4,load_loss_threshold,bernoulli_full_event,16,0,16,NaN,NaN,1,terminal_stage_probability_one,1,0,,"","",,Terminal recording stage excluded from Bernoulli complement product.
33,27,1,continue,bernoulli_full_event,45,2,43,0.354286112157247,0.198012026040745,0.0701529108663553,full_event_available,0,1,,"14,23","0.085505,0.23955",paper_formula,Full Bernoulli event probability uses selected probabilities and non-selected complement probabilities.
33,27,2,continue,bernoulli_full_event,43,3,40,1,0.773218303087582,0.773218303087582,full_event_available,0,1,,"3,13,18","0.11693,0.68139,0.16532",paper_formula,Full Bernoulli event probability uses selected probabilities and non-selected complement probabilities.
33,27,3,continue,bernoulli_full_event,36,6,30,0.00602346729121791,0.825207077863187,0.00497060784199042,full_event_available,0,1,,"16,17,29,31,40,42","0.61091,0.86758,0.0022635,0.55107,0.10282,0.0068705",paper_formula,Full Bernoulli event probability uses selected probabilities and non-selected complement probabilities.
33,27,4,load_loss_threshold,bernoulli_full_event,0,0,0,NaN,NaN,1,terminal_stage_probability_one,1,0,,"","",,Terminal recording stage excluded from Bernoulli complement product.
33,28,1,continue,bernoulli_full_event,45,3,42,0.16882322362909,0.406609917704302,0.0686451970663991,full_event_available,0,1,,"8,19,23","0.3446,0.26516,0.44332",paper_formula,Full Bernoulli event probability uses selected probabilities and non-selected complement probabilities.
33,28,2,continue,bernoulli_full_event,42,5,37,0.386628212690691,0.121054259113277,0.0468029918395621,full_event_available,0,1,,"3,12,13,16,18","0.39957,0.30142,0.34465,0.15862,0.83579",paper_formula,Full Bernoulli event probability uses selected probabilities and non-selected complement probabilities.
33,28,3,continue,bernoulli_full_event,30,5,25,0.00641863095,0.134866995583238,0.000865661471984085,full_event_available,0,1,,"1,4,31,40,42","0.0024141,0.63761,0.25071,0.62128,0.61728",paper_formula,Full Bernoulli event probability uses selected probabilities and non-selected complement probabilities.
33,28,4,load_loss_threshold,bernoulli_full_event,17,0,17,NaN,NaN,1,terminal_stage_probability_one,1,0,,"","",,Terminal recording stage excluded from Bernoulli complement product.
33,29,1,continue,bernoulli_full_event,45,3,42,0.105605224686229,0.190094921306644,0.0200750168762992,full_event_available,0,1,,"8,14,19","0.24622,0.33197,0.19801",paper_formula,Full Bernoulli event probability uses selected probabilities and non-selected complement probabilities.
33,29,2,continue,bernoulli_full_event,42,4,38,0.00639487035,0.783052723483326,0.00500752064389027,full_event_available,0,1,,"1,3,18,22","0.44855,0.36279,0.10776,0.0051808",paper_formula,Full Bernoulli event probability uses selected probabilities and non-selected complement probabilities.
33,29,3,load_loss_threshold,bernoulli_full_event,28,0,28,NaN,NaN,1,terminal_stage_probability_one,1,0,,"","",,Terminal recording stage excluded from Bernoulli complement product.
33,30,1,continue,bernoulli_full_event,45,2,43,0.272799414534518,0.11650599183422,0.0317827663621386,full_event_available,0,1,,"14,19","0.14934,0.13708",paper_formula,Full Bernoulli event probability uses selected probabilities and non-selected complement probabilities.
33,30,2,continue,bernoulli_full_event,43,3,40,1,0.773411733816938,0.773411733816938,full_event_available,0,1,,"3,13,18","0.12453,0.031051,0.23105",paper_formula,Full Bernoulli event probability uses selected probabilities and non-selected complement probabilities.
33,30,3,continue,bernoulli_full_event,39,5,34,1,0.804124822862737,0.804124822862737,full_event_available,0,1,,"16,17,31,40,42","0.33,0.52276,0.46848,0.92979,0.34776",paper_formula,Full Bernoulli event probability uses selected probabilities and non-selected complement probabilities.
33,30,4,load_loss_threshold,bernoulli_full_event,0,0,0,NaN,NaN,1,terminal_stage_probability_one,1,0,,"","",,Terminal recording stage excluded from Bernoulli complement product.
34,1,1,no_new_outage,bernoulli_full_event,45,0,45,1,0.329875109473331,0.329875109473331,full_event_available,1,1,,"","",paper_formula,Full Bernoulli event probability uses selected probabilities and non-selected complement probabilities.
34,2,1,continue,bernoulli_full_event,45,1,44,0.387311378457963,0.538405803331371,0.20853069385804,full_event_available,0,1,,"23","0.04715",paper_formula,Full Bernoulli event probability uses selected probabilities and non-selected complement probabilities.
34,2,2,continue,bernoulli_full_event,44,4,40,1,0.500658449582396,0.500658449582396,full_event_available,0,1,,"8,10,13,18","0.24337,0.96303,0.86151,0.44371",paper_formula,Full Bernoulli event probability uses selected probabilities and non-selected complement probabilities.
34,2,3,continue,bernoulli_full_event,36,5,31,4.17176458629051e-05,0.819044064633338,3.4168590234488e-05,full_event_available,0,1,,"2,3,12,14,15","0.0051149,0.62434,0.60685,0.00016463,0.58791",paper_formula,Full Bernoulli event probability uses selected probabilities and non-selected complement probabilities.
34,2,4,load_loss_threshold,bernoulli_full_event,28,0,28,NaN,NaN,1,terminal_stage_probability_one,1,0,,"","",,Terminal recording stage excluded from Bernoulli complement product.
34,3,1,no_new_outage,bernoulli_full_event,45,0,45,1,0.329875109473331,0.329875109473331,full_event_available,1,1,,"","",paper_formula,Full Bernoulli event probability uses selected probabilities and non-selected complement probabilities.
34,4,1,continue,bernoulli_full_event,45,2,43,0.00252818807527781,0.541943356856745,0.00137013473228125,full_event_available,0,1,,"6,23","0.0017264,0.33546",paper_formula,Full Bernoulli event probability uses selected probabilities and non-selected complement probabilities.
34,4,2,continue,bernoulli_full_event,43,5,38,0.380019291461609,0.0894277877990365,0.0339842845563689,full_event_available,0,1,,"3,8,10,13,18","0.31832,0.89157,0.57236,0.81062,0.86944",paper_formula,Full Bernoulli event probability uses selected probabilities and non-selected complement probabilities.
34,4,3,continue,bernoulli_full_event,34,7,27,0.247776029250981,0.840772112675525,0.2083231755837,full_event_available,0,1,,"4,12,25,31,33,40,42","0.2607,0.34162,0.32455,0.64607,0.17943,0.12553,0.21248",paper_formula,Full Bernoulli event probability uses selected probabilities and non-selected complement probabilities.
34,4,4,load_loss_threshold,bernoulli_full_event,12,0,12,NaN,NaN,1,terminal_stage_probability_one,1,0,,"","",,Terminal recording stage excluded from Bernoulli complement product.
34,5,1,no_new_outage,bernoulli_full_event,45,0,45,1,0.329875109473331,0.329875109473331,full_event_available,1,1,,"","",paper_formula,Full Bernoulli event probability uses selected probabilities and non-selected complement probabilities.
34,6,1,continue,bernoulli_full_event,45,1,44,0.0064324913,0.332010765836078,0.00213565636274691,full_event_available,0,1,,"45","0.00028533",paper_formula,Full Bernoulli event probability uses selected probabilities and non-selected complement probabilities.
34,6,2,continue,bernoulli_full_event,44,1,43,0.156229589638609,0.29552229946019,0.0461693275737236,full_event_available,0,1,,"14","0.12179",paper_formula,Full Bernoulli event probability uses selected probabilities and non-selected complement probabilities.
34,6,3,continue,bernoulli_full_event,43,2,41,0.0065275337,0.76846889135751,0.00501620658573779,full_event_available,0,1,,"3,6","0.95891,0.0048267",paper_formula,Full Bernoulli event probability uses selected probabilities and non-selected complement probabilities.
34,6,4,continue,bernoulli_full_event,41,8,33,0.245711020471906,0.809014804694121,0.198783853238272,full_event_available,0,1,,"4,16,17,20,31,33,40,42","0.93084,0.30123,0.72421,0.69947,0.7752,0.23751,0.75497,0.057534",paper_formula,Full Bernoulli event probability uses selected probabilities and non-selected complement probabilities.
34,6,5,max_depth_reached,bernoulli_full_event,0,0,0,NaN,NaN,1,terminal_stage_probability_one,1,0,,"","",,Terminal recording stage excluded from Bernoulli complement product.
34,7,1,no_new_outage,bernoulli_full_event,45,0,45,1,0.329875109473331,0.329875109473331,full_event_available,1,1,,"","",paper_formula,Full Bernoulli event probability uses selected probabilities and non-selected complement probabilities.
34,8,1,continue,bernoulli_full_event,45,2,43,0.00150790633162518,0.434438519446361,0.000655092594175037,full_event_available,0,1,,"19,22","0.025852,0.0014365",paper_formula,Full Bernoulli event probability uses selected probabilities and non-selected complement probabilities.
34,8,2,continue,bernoulli_full_event,43,4,39,1,0.496614192586876,0.496614192586876,full_event_available,0,1,,"8,10,13,18","0.42026,0.20681,0.51217,0.63252",paper_formula,Full Bernoulli event probability uses selected probabilities and non-selected complement probabilities.
34,8,3,continue,bernoulli_full_event,37,3,34,1,0.803310407630835,0.803310407630835,full_event_available,0,1,,"3,12,15","0.42323,0.35101,0.14299",paper_formula,Full Bernoulli event probability uses selected probabilities and non-selected complement probabilities.
34,8,4,continue,bernoulli_full_event,33,4,29,1,0.305426024716075,0.305426024716075,full_event_available,0,1,,"4,31,40,42","0.45502,0.13634,0.50488,0.57594",paper_formula,Full Bernoulli event probability uses selected probabilities and non-selected complement probabilities.
34,8,5,max_depth_reached,bernoulli_full_event,18,0,18,NaN,NaN,1,terminal_stage_probability_one,1,0,,"","",,Terminal recording stage excluded from Bernoulli complement product.
34,9,1,continue,bernoulli_full_event,45,2,43,0.0913277749074677,0.704534613933318,0.0643435786358217,full_event_available,0,1,,"19,23","0.17755,0.27769",paper_formula,Full Bernoulli event probability uses selected probabilities and non-selected complement probabilities.
34,9,2,continue,bernoulli_full_event,43,4,39,1,0.486397917518755,0.486397917518755,full_event_available,0,1,,"8,10,13,18","0.22269,0.046696,0.024946,0.67057",paper_formula,Full Bernoulli event probability uses selected probabilities and non-selected complement probabilities.
34,9,3,continue,bernoulli_full_event,36,3,33,1,0.808496647507927,0.808496647507927,full_event_available,0,1,,"3,12,15","0.51649,0.061773,0.63501",paper_formula,Full Bernoulli event probability uses selected probabilities and non-selected complement probabilities.
34,9,4,continue,bernoulli_full_event,32,4,28,1,0.272590612651699,0.272590612651699,full_event_available,0,1,,"4,31,40,42","0.62925,0.87399,0.55354,0.468",paper_formula,Full Bernoulli event probability uses selected probabilities and non-selected complement probabilities.
34,9,5,max_depth_reached,bernoulli_full_event,17,0,17,NaN,NaN,1,terminal_stage_probability_one,1,0,,"","",,Terminal recording stage excluded from Bernoulli complement product.
34,10,1,continue,bernoulli_full_event,45,1,44,0.006245376575,0.33194825130615,0.00207314183281964,full_event_available,0,1,,"12","0.0010946",paper_formula,Full Bernoulli event probability uses selected probabilities and non-selected complement probabilities.
34,10,2,continue,bernoulli_full_event,44,4,40,0.936296766389191,0.605569647052525,0.566992902358723,full_event_available,0,1,,"10,11,19,23","0.22547,0.52655,0.031296,0.93496",paper_formula,Full Bernoulli event probability uses selected probabilities and non-selected complement probabilities.
34,10,3,continue,bernoulli_full_event,34,1,33,1,0.809209793657989,0.809209793657989,full_event_available,0,1,,"3","0.95711",paper_formula,Full Bernoulli event probability uses selected probabilities and non-selected complement probabilities.
34,10,4,continue,bernoulli_full_event,33,3,30,1,0.825290873327205,0.825290873327205,full_event_available,0,1,,"31,40,42","0.28038,0.012221,0.067902",paper_formula,Full Bernoulli event probability uses selected probabilities and non-selected complement probabilities.
34,10,5,max_depth_reached,bernoulli_full_event,18,0,18,NaN,NaN,1,terminal_stage_probability_one,1,0,,"","",,Terminal recording stage excluded from Bernoulli complement product.
34,11,1,continue,bernoulli_full_event,45,1,44,0.387311378457963,0.538405803331371,0.20853069385804,full_event_available,0,1,,"23","0.28481",paper_formula,Full Bernoulli event probability uses selected probabilities and non-selected complement probabilities.
34,11,2,continue,bernoulli_full_event,44,5,39,0.356528416367154,0.778058367015727,0.277399917433331,full_event_available,0,1,,"8,10,13,14,18","0.64231,0.50526,0.3512,0.24393,0.43501",paper_formula,Full Bernoulli event probability uses selected probabilities and non-selected complement probabilities.
34,11,3,continue,bernoulli_full_event,35,2,33,0.00647011225,0.808964759358894,0.00523409279934629,full_event_available,0,1,,"3,40","0.91894,0.0050208",paper_formula,Full Bernoulli event probability uses selected probabilities and non-selected complement probabilities.
34,11,4,load_loss_threshold,bernoulli_full_event,23,0,23,NaN,NaN,1,terminal_stage_probability_one,1,0,,"","",,Terminal recording stage excluded from Bernoulli complement product.
34,12,1,continue,bernoulli_full_event,45,2,43,0.0913277749074677,0.704534613933318,0.0643435786358217,full_event_available,0,1,,"19,23","0.086429,0.31396",paper_formula,Full Bernoulli event probability uses selected probabilities and non-selected complement probabilities.
34,12,2,continue,bernoulli_full_event,43,5,38,0.37902220786052,0.783277475741843,0.296879558223088,full_event_available,0,1,,"8,10,13,14,18","0.16917,0.30887,0.02421,0.26863,0.99841",paper_formula,Full Bernoulli event probability uses selected probabilities and non-selected complement probabilities.
34,12,3,continue,bernoulli_full_event,35,1,34,1,0.803730666559548,0.803730666559548,full_event_available,0,1,,"3","0.30983",paper_formula,Full Bernoulli event probability uses selected probabilities and non-selected complement probabilities.
34,12,4,continue,bernoulli_full_event,34,6,28,0.00350147473445467,0.835906669466715,0.00292690608349986,full_event_available,0,1,,"4,30,31,40,42,43","0.25368,0.33334,0.30254,0.14582,0.96982,0.0062976",paper_formula,Full Bernoulli event probability uses selected probabilities and non-selected complement probabilities.
34,12,5,max_depth_reached,bernoulli_full_event,16,0,16,NaN,NaN,1,terminal_stage_probability_one,1,0,,"","",,Terminal recording stage excluded from Bernoulli complement product.
34,13,1,no_new_outage,bernoulli_full_event,45,0,45,1,0.329875109473331,0.329875109473331,full_event_available,1,1,,"","",paper_formula,Full Bernoulli event probability uses selected probabilities and non-selected complement probabilities.
34,14,1,continue,bernoulli_full_event,45,2,43,0.0913277749074677,0.704534613933318,0.0643435786358217,full_event_available,0,1,,"19,23","0.065833,0.36279",paper_formula,Full Bernoulli event probability uses selected probabilities and non-selected complement probabilities.
34,14,2,continue,bernoulli_full_event,43,5,38,0.006407740675,0.489534729114326,0.00313681159557097,full_event_available,0,1,,"8,10,13,18,21","0.7953,0.071889,0.98908,0.28894,0.00034981",paper_formula,Full Bernoulli event probability uses selected probabilities and non-selected complement probabilities.
34,14,3,continue,bernoulli_full_event,36,3,33,1,0.808496647507927,0.808496647507927,full_event_available,0,1,,"3,12,15","0.27483,0.19471,0.27994",paper_formula,Full Bernoulli event probability uses selected probabilities and non-selected complement probabilities.
34,14,4,continue,bernoulli_full_event,32,5,27,0.655576599325032,0.791440454154689,0.51884984150299,full_event_available,0,1,,"4,30,31,40,42","0.56502,0.15123,0.95046,0.85304,0.64916",paper_formula,Full Bernoulli event probability uses selected probabilities and non-selected complement probabilities.
34,14,5,max_depth_reached,bernoulli_full_event,16,0,16,NaN,NaN,1,terminal_stage_probability_one,1,0,,"","",,Terminal recording stage excluded from Bernoulli complement product.
34,15,1,continue,bernoulli_full_event,45,1,44,0.006457241925,0.332019036717119,0.00214392724378789,full_event_available,0,1,,"43","0.0064189",paper_formula,Full Bernoulli event probability uses selected probabilities and non-selected complement probabilities.
34,15,2,no_new_outage,bernoulli_full_event,44,0,44,1,0.312784150720993,0.312784150720993,full_event_available,1,1,,"","",paper_formula,Full Bernoulli event probability uses selected probabilities and non-selected complement probabilities.
34,16,1,continue,bernoulli_full_event,45,1,44,0.006453281825,0.33201771334846,0.00214260387512968,full_event_available,0,1,,"28","0.003403",paper_formula,Full Bernoulli event probability uses selected probabilities and non-selected complement probabilities.
34,16,2,continue,bernoulli_full_event,44,3,41,0.00184066092043677,0.387175192656283,0.000712658246484998,full_event_available,0,1,,"19,38,41","0.1273,0.34887,0.00554",paper_formula,Full Bernoulli event probability uses selected probabilities and non-selected complement probabilities.
34,16,3,continue,bernoulli_full_event,37,7,30,0.00417075044442076,0.765843682775403,0.00319414288029234,full_event_available,0,1,,"6,8,10,14,18,24,45","0.56127,0.26693,0.78291,0.54828,0.73721,0.24885,0.0046612",paper_formula,Full Bernoulli event probability uses selected probabilities and non-selected complement probabilities.
34,16,4,load_loss_threshold,bernoulli_full_event,0,0,0,NaN,NaN,1,terminal_stage_probability_one,1,0,,"","",,Terminal recording stage excluded from Bernoulli complement product.
34,17,1,continue,bernoulli_full_event,45,1,44,0.00601866085,0.331872537723316,0.00199742824998547,full_event_available,0,1,,"8","0.0029349",paper_formula,Full Bernoulli event probability uses selected probabilities and non-selected complement probabilities.
34,17,2,continue,bernoulli_full_event,44,3,41,1,0.589505601166999,0.589505601166999,full_event_available,0,1,,"9,19,23","0.10211,0.85411,0.82099",paper_formula,Full Bernoulli event probability uses selected probabilities and non-selected complement probabilities.
34,17,3,continue,bernoulli_full_event,41,5,36,0.00609456747206573,0.68595859280088,0.00418062092686822,full_event_available,0,1,,"3,6,13,14,18","0.70801,0.62307,0.92176,0.00045795,0.0084012",paper_formula,Full Bernoulli event probability uses selected probabilities and non-selected complement probabilities.
34,17,4,continue,bernoulli_full_event,33,2,31,0.579357028523035,0.712666957502608,0.412888610825263,full_event_available,0,1,,"17,42","0.13325,0.6752",paper_formula,Full Bernoulli event probability uses selected probabilities and non-selected complement probabilities.
34,17,5,max_depth_reached,bernoulli_full_event,16,0,16,NaN,NaN,1,terminal_stage_probability_one,1,0,,"","",,Terminal recording stage excluded from Bernoulli complement product.
34,18,1,continue,bernoulli_full_event,45,1,44,0.387311378457963,0.538405803331371,0.20853069385804,full_event_available,0,1,,"23","0.0021334",paper_formula,Full Bernoulli event probability uses selected probabilities and non-selected complement probabilities.
34,18,2,continue,bernoulli_full_event,44,4,40,1,0.500658449582396,0.500658449582396,full_event_available,0,1,,"8,10,13,18","0.18522,0.35784,0.31283,0.22216",paper_formula,Full Bernoulli event probability uses selected probabilities and non-selected complement probabilities.
34,18,3,continue,bernoulli_full_event,36,3,33,1,0.808496647507927,0.808496647507927,full_event_available,0,1,,"3,12,15","0.95348,0.34623,0.97124",paper_formula,Full Bernoulli event probability uses selected probabilities and non-selected complement probabilities.
34,18,4,continue,bernoulli_full_event,32,5,27,0.655576599325032,0.791440454154689,0.51884984150299,full_event_available,0,1,,"4,30,31,40,42","0.96258,0.46984,0.13627,0.099202,0.78635",paper_formula,Full Bernoulli event probability uses selected probabilities and non-selected complement probabilities.
34,18,5,max_depth_reached,bernoulli_full_event,16,0,16,NaN,NaN,1,terminal_stage_probability_one,1,0,,"","",,Terminal recording stage excluded from Bernoulli complement product.
34,19,1,no_new_outage,bernoulli_full_event,45,0,45,1,0.329875109473331,0.329875109473331,full_event_available,1,1,,"","",paper_formula,Full Bernoulli event probability uses selected probabilities and non-selected complement probabilities.
34,20,1,continue,bernoulli_full_event,45,1,44,0.387311378457963,0.538405803331371,0.20853069385804,full_event_available,0,1,,"23","0.022272",paper_formula,Full Bernoulli event probability uses selected probabilities and non-selected complement probabilities.
34,20,2,continue,bernoulli_full_event,44,5,39,0.356528416367154,0.778058367015727,0.277399917433331,full_event_available,0,1,,"8,10,13,14,18","0.81272,0.83965,0.23071,0.34931,0.68154",paper_formula,Full Bernoulli event probability uses selected probabilities and non-selected complement probabilities.
34,20,3,continue,bernoulli_full_event,35,1,34,1,0.803730666559548,0.803730666559548,full_event_available,0,1,,"3","0.319",paper_formula,Full Bernoulli event probability uses selected probabilities and non-selected complement probabilities.
34,20,4,continue,bernoulli_full_event,34,5,29,0.00648199255,0.3826412403527,0.00248027766928896,full_event_available,0,1,,"4,31,37,40,42","0.37849,0.91881,0.0042979,0.20895,0.13276",paper_formula,Full Bernoulli event probability uses selected probabilities and non-selected complement probabilities.
34,20,5,max_depth_reached,bernoulli_full_event,16,0,16,NaN,NaN,1,terminal_stage_probability_one,1,0,,"","",,Terminal recording stage excluded from Bernoulli complement product.
34,21,1,no_new_outage,bernoulli_full_event,45,0,45,1,0.329875109473331,0.329875109473331,full_event_available,1,1,,"","",paper_formula,Full Bernoulli event probability uses selected probabilities and non-selected complement probabilities.
34,22,1,continue,bernoulli_full_event,45,2,43,0.00150790633162518,0.434438519446361,0.000655092594175037,full_event_available,0,1,,"19,46","0.093664,0.0026699",paper_formula,Full Bernoulli event probability uses selected probabilities and non-selected complement probabilities.
34,22,2,continue,bernoulli_full_event,43,7,36,0.00412164664321901,0.555756881562091,0.00229063348533626,full_event_available,0,1,,"6,8,10,13,14,18,37","0.48186,0.03156,0.18132,0.36092,0.96093,0.016786,0.0024112",paper_formula,Full Bernoulli event probability uses selected probabilities and non-selected complement probabilities.
34,22,3,continue,bernoulli_full_event,35,9,26,0.996463701778551,0.846285378185897,0.84329266070818,full_event_available,0,1,,"1,2,3,7,25,26,30,33,40","0.68533,0.53337,0.076846,0.10502,0.15073,0.65074,0.7494,0.38049,0.89991",paper_formula,Full Bernoulli event probability uses selected probabilities and non-selected complement probabilities.
34,22,4,load_loss_threshold,bernoulli_full_event,5,0,5,NaN,NaN,1,terminal_stage_probability_one,1,0,,"","",,Terminal recording stage excluded from Bernoulli complement product.
34,23,1,continue,bernoulli_full_event,45,2,43,0.00152051248370491,0.434461895854939,0.000660604736341536,full_event_available,0,1,,"19,25","0.19214,0.0035115",paper_formula,Full Bernoulli event probability uses selected probabilities and non-selected complement probabilities.
34,23,2,continue,bernoulli_full_event,43,4,39,0.006245376575,0.144340043487561,0.000901457926431695,full_event_available,0,1,,"8,10,12,18","0.5548,0.62878,0.0013265,0.50391",paper_formula,Full Bernoulli event probability uses selected probabilities and non-selected complement probabilities.
34,23,3,continue,bernoulli_full_event,38,1,37,1,0.534377600996593,0.534377600996593,full_event_available,0,1,,"1","0.082621",paper_formula,Full Bernoulli event probability uses selected probabilities and non-selected complement probabilities.
34,23,4,load_loss_threshold,bernoulli_full_event,32,0,32,NaN,NaN,1,terminal_stage_probability_one,1,0,,"","",,Terminal recording stage excluded from Bernoulli complement product.
34,24,1,no_new_outage,bernoulli_full_event,45,0,45,1,0.329875109473331,0.329875109473331,full_event_available,1,1,,"","",paper_formula,Full Bernoulli event probability uses selected probabilities and non-selected complement probabilities.
34,25,1,continue,bernoulli_full_event,45,3,42,0.000605367640050492,0.70923579492506,0.000429348399413118,full_event_available,0,1,,"19,23,30","0.090729,0.3734,0.0016456",paper_formula,Full Bernoulli event probability uses selected probabilities and non-selected complement probabilities.
34,25,2,continue,bernoulli_full_event,42,5,37,0.402774570616089,0.788504087901691,0.317589395433635,full_event_available,0,1,,"8,10,13,14,18","0.85303,0.17478,0.31948,0.052533,0.84286",paper_formula,Full Bernoulli event probability uses selected probabilities and non-selected complement probabilities.
34,25,3,continue,bernoulli_full_event,34,1,33,1,0.809093757680104,0.809093757680104,full_event_available,0,1,,"3","0.94531",paper_formula,Full Bernoulli event probability uses selected probabilities and non-selected complement probabilities.
34,25,4,load_loss_threshold,bernoulli_full_event,33,0,33,NaN,NaN,1,terminal_stage_probability_one,1,0,,"","",,Terminal recording stage excluded from Bernoulli complement product.
34,26,1,continue,bernoulli_full_event,45,1,44,0.387311378457963,0.538405803331371,0.20853069385804,full_event_available,0,1,,"23","0.061878",paper_formula,Full Bernoulli event probability uses selected probabilities and non-selected complement probabilities.
34,26,2,continue,bernoulli_full_event,44,4,40,1,0.500658449582396,0.500658449582396,full_event_available,0,1,,"8,10,13,18","0.0033137,0.44467,0.79522,0.36057",paper_formula,Full Bernoulli event probability uses selected probabilities and non-selected complement probabilities.
34,26,3,continue,bernoulli_full_event,36,3,33,1,0.808496647507927,0.808496647507927,full_event_available,0,1,,"3,12,15","0.20029,0.39996,0.18093",paper_formula,Full Bernoulli event probability uses selected probabilities and non-selected complement probabilities.
34,26,4,continue,bernoulli_full_event,32,5,27,0.00649387285,0.27437235181796,0.0017817391662613,full_event_available,0,1,,"4,31,35,40,42","0.11009,0.045239,0.0042882,0.7924,0.46085",paper_formula,Full Bernoulli event probability uses selected probabilities and non-selected complement probabilities.
34,26,5,max_depth_reached,bernoulli_full_event,16,0,16,NaN,NaN,1,terminal_stage_probability_one,1,0,,"","",,Terminal recording stage excluded from Bernoulli complement product.
34,27,1,continue,bernoulli_full_event,45,1,44,0.387311378457963,0.538405803331371,0.20853069385804,full_event_available,0,1,,"23","0.055138",paper_formula,Full Bernoulli event probability uses selected probabilities and non-selected complement probabilities.
34,27,2,continue,bernoulli_full_event,44,4,40,1,0.500658449582396,0.500658449582396,full_event_available,0,1,,"8,10,13,18","0.024429,0.58111,0.28502,0.48968",paper_formula,Full Bernoulli event probability uses selected probabilities and non-selected complement probabilities.
34,27,3,continue,bernoulli_full_event,36,3,33,1,0.808496647507927,0.808496647507927,full_event_available,0,1,,"3,12,15","0.46009,0.87293,0.67638",paper_formula,Full Bernoulli event probability uses selected probabilities and non-selected complement probabilities.
34,27,4,continue,bernoulli_full_event,32,5,27,0.655576599325032,0.791440454154689,0.51884984150299,full_event_available,0,1,,"4,30,31,40,42","0.27323,0.39819,0.43402,0.52462,0.94351",paper_formula,Full Bernoulli event probability uses selected probabilities and non-selected complement probabilities.
34,27,5,max_depth_reached,bernoulli_full_event,16,0,16,NaN,NaN,1,terminal_stage_probability_one,1,0,,"","",,Terminal recording stage excluded from Bernoulli complement product.
34,28,1,no_new_outage,bernoulli_full_event,45,0,45,1,0.329875109473331,0.329875109473331,full_event_available,1,1,,"","",paper_formula,Full Bernoulli event probability uses selected probabilities and non-selected complement probabilities.
34,29,1,continue,bernoulli_full_event,45,3,42,0.000192395035369477,0.58736684461344,0.000113006464844261,full_event_available,0,1,,"7,14,23","0.0036589,0.070387,0.27576",paper_formula,Full Bernoulli event probability uses selected probabilities and non-selected complement probabilities.
34,29,2,continue,bernoulli_full_event,42,3,39,1,0.772053755159087,0.772053755159087,full_event_available,0,1,,"3,13,18","0.35417,0.85902,0.44995",paper_formula,Full Bernoulli event probability uses selected probabilities and non-selected complement probabilities.
34,29,3,continue,bernoulli_full_event,35,6,29,0.395128070863312,0.697192935659632,0.275480499686719,full_event_available,0,1,,"9,16,17,24,25,42","0.24349,0.35274,0.18191,0.1616,0.12064,0.83223",paper_formula,Full Bernoulli event probability uses selected probabilities and non-selected complement probabilities.
34,29,4,load_loss_threshold,bernoulli_full_event,13,0,13,NaN,NaN,1,terminal_stage_probability_one,1,0,,"","",,Terminal recording stage excluded from Bernoulli complement product.
34,30,1,no_new_outage,bernoulli_full_event,45,0,45,1,0.329875109473331,0.329875109473331,full_event_available,1,1,,"","",paper_formula,Full Bernoulli event probability uses selected probabilities and non-selected complement probabilities.
35,1,1,continue,bernoulli_full_event,45,3,42,0.985116487730432,0.764092672337924,0.752720289674096,full_event_available,0,1,,"29,36,38","0.70905,0.50415,0.2812",paper_formula,Full Bernoulli event probability uses selected probabilities and non-selected complement probabilities.
35,1,2,continue,bernoulli_full_event,40,2,38,0.528067547013477,0.110929003714119,0.058578006883964,full_event_available,0,1,,"14,23","0.54732,0.67715",paper_formula,Full Bernoulli event probability uses selected probabilities and non-selected complement probabilities.
35,1,3,continue,bernoulli_full_event,38,4,34,0.0065275337,0.638072877483451,0.0041650422108292,full_event_available,0,1,,"3,6,13,18","0.0080325,0.0046532,0.98747,0.093058",paper_formula,Full Bernoulli event probability uses selected probabilities and non-selected complement probabilities.
35,1,4,load_loss_threshold,bernoulli_full_event,30,0,30,NaN,NaN,1,terminal_stage_probability_one,1,0,,"","",,Terminal recording stage excluded from Bernoulli complement product.
35,2,1,continue,bernoulli_full_event,45,3,42,0.985116487730432,0.764092672337924,0.752720289674096,full_event_available,0,1,,"29,36,38","0.79455,0.027529,0.032287",paper_formula,Full Bernoulli event probability uses selected probabilities and non-selected complement probabilities.
35,2,2,continue,bernoulli_full_event,40,2,38,0.452618049474927,0.0909140877366694,0.0411493570611637,full_event_available,0,1,,"8,23","0.27471,0.05012",paper_formula,Full Bernoulli event probability uses selected probabilities and non-selected complement probabilities.
35,2,3,continue,bernoulli_full_event,38,10,28,0.0646985066411637,0.835276460391793,0.0540411396198661,full_event_available,0,1,,"1,3,6,11,12,13,16,17,18,27","0.69094,0.55733,0.31265,0.081493,0.85312,0.31591,0.82446,0.75627,0.30275,0.16413",paper_formula,Full Bernoulli event probability uses selected probabilities and non-selected complement probabilities.
35,2,4,load_loss_threshold,bernoulli_full_event,0,0,0,NaN,NaN,1,terminal_stage_probability_one,1,0,,"","",,Terminal recording stage excluded from Bernoulli complement product.
35,3,1,continue,bernoulli_full_event,45,3,42,0.985116487730432,0.764092672337924,0.752720289674096,full_event_available,0,1,,"29,36,38","0.17359,0.51971,0.6338",paper_formula,Full Bernoulli event probability uses selected probabilities and non-selected complement probabilities.
35,3,2,continue,bernoulli_full_event,40,4,36,0.194633412277031,0.794072407154734,0.154553022199561,full_event_available,0,1,,"8,14,19,23","0.080712,0.3347,0.10629,0.52973",paper_formula,Full Bernoulli event probability uses selected probabilities and non-selected complement probabilities.
35,3,3,continue,bernoulli_full_event,36,7,29,1,0.830366683470569,0.830366683470569,full_event_available,0,1,,"1,2,3,6,13,18,27","0.22085,0.34013,0.11506,0.55294,0.49917,0.036818,0.71108",paper_formula,Full Bernoulli event probability uses selected probabilities and non-selected complement probabilities.
35,3,4,load_loss_threshold,bernoulli_full_event,0,0,0,NaN,NaN,1,terminal_stage_probability_one,1,0,,"","",,Terminal recording stage excluded from Bernoulli complement product.
35,4,1,continue,bernoulli_full_event,45,4,41,0.00632309917750185,0.769028784294236,0.00486264527344613,full_event_available,0,1,,"1,29,36,38","0.0002194,0.34375,0.037227,0.16219",paper_formula,Full Bernoulli event probability uses selected probabilities and non-selected complement probabilities.
35,4,2,continue,bernoulli_full_event,39,2,37,0.700583886946873,0.789054868312484,0.552799126656713,full_event_available,0,1,,"3,14","0.36855,0.17234",paper_formula,Full Bernoulli event probability uses selected probabilities and non-selected complement probabilities.
35,4,3,continue,bernoulli_full_event,37,6,31,1,0.819922597630226,0.819922597630226,full_event_available,0,1,,"16,17,20,27,40,42","0.87338,0.16131,0.39838,0.72255,0.97673,0.43264",paper_formula,Full Bernoulli event probability uses selected probabilities and non-selected complement probabilities.
35,4,4,load_loss_threshold,bernoulli_full_event,1,0,1,NaN,NaN,1,terminal_stage_probability_one,1,0,,"","",,Terminal recording stage excluded from Bernoulli complement product.
35,5,1,continue,bernoulli_full_event,45,3,42,0.985116487730432,0.764092672337924,0.752720289674096,full_event_available,0,1,,"29,36,38","0.78503,0.21664,0.44591",paper_formula,Full Bernoulli event probability uses selected probabilities and non-selected complement probabilities.
35,5,2,continue,bernoulli_full_event,40,4,36,0.194633412277031,0.794072407154734,0.154553022199561,full_event_available,0,1,,"8,14,19,23","0.088989,0.26895,0.51485,0.32185",paper_formula,Full Bernoulli event probability uses selected probabilities and non-selected complement probabilities.
35,5,3,continue,bernoulli_full_event,36,7,29,1,0.830366683470569,0.830366683470569,full_event_available,0,1,,"1,2,3,6,13,18,27","0.59094,0.69985,0.87314,0.81023,0.8643,0.55797,0.3963",paper_formula,Full Bernoulli event probability uses selected probabilities and non-selected complement probabilities.
35,5,4,load_loss_threshold,bernoulli_full_event,0,0,0,NaN,NaN,1,terminal_stage_probability_one,1,0,,"","",,Terminal recording stage excluded from Bernoulli complement product.
35,6,1,continue,bernoulli_full_event,45,3,42,0.985116487730432,0.764092672337924,0.752720289674096,full_event_available,0,1,,"29,36,38","0.93504,0.52475,0.70525",paper_formula,Full Bernoulli event probability uses selected probabilities and non-selected complement probabilities.
35,6,2,continue,bernoulli_full_event,40,3,37,0.320950377827294,0.312524377064152,0.100304816898979,full_event_available,0,1,,"8,19,23","0.45478,0.061554,0.016547",paper_formula,Full Bernoulli event probability uses selected probabilities and non-selected complement probabilities.
35,6,3,continue,bernoulli_full_event,37,8,29,0.995254106065422,0.385449066589791,0.383619766202573,full_event_available,0,1,,"1,3,12,13,16,17,18,27","0.21007,0.0713,0.29584,0.24166,0.038191,0.35313,0.1916,0.59241",paper_formula,Full Bernoulli event probability uses selected probabilities and non-selected complement probabilities.
35,6,4,load_loss_threshold,bernoulli_full_event,0,0,0,NaN,NaN,1,terminal_stage_probability_one,1,0,,"","",,Terminal recording stage excluded from Bernoulli complement product.
35,7,1,continue,bernoulli_full_event,45,3,42,0.985116487730432,0.764092672337924,0.752720289674096,full_event_available,0,1,,"29,36,38","0.090078,0.9684,0.033855",paper_formula,Full Bernoulli event probability uses selected probabilities and non-selected complement probabilities.
35,7,2,continue,bernoulli_full_event,40,3,37,0.223515386030245,0.102607604912224,0.0229343784215945,full_event_available,0,1,,"8,14,19","0.030892,0.16962,0.49338",paper_formula,Full Bernoulli event probability uses selected probabilities and non-selected complement probabilities.
35,7,3,continue,bernoulli_full_event,37,4,33,0.844962956837949,0.80899862738527,0.6835738722733,full_event_available,0,1,,"1,3,18,27","0.61506,0.029447,0.14099,0.22698",paper_formula,Full Bernoulli event probability uses selected probabilities and non-selected complement probabilities.
35,7,4,load_loss_threshold,bernoulli_full_event,0,0,0,NaN,NaN,1,terminal_stage_probability_one,1,0,,"","",,Terminal recording stage excluded from Bernoulli complement product.
35,8,1,continue,bernoulli_full_event,45,3,42,0.985116487730432,0.764092672337924,0.752720289674096,full_event_available,0,1,,"29,36,38","0.80118,0.72411,0.99119",paper_formula,Full Bernoulli event probability uses selected probabilities and non-selected complement probabilities.
35,8,2,continue,bernoulli_full_event,40,1,39,0.709097611550451,0.0193928243383897,0.0137514054195696,full_event_available,0,1,,"19","0.26469",paper_formula,Full Bernoulli event probability uses selected probabilities and non-selected complement probabilities.
35,8,3,continue,bernoulli_full_event,39,6,33,0.00164925113848109,0.809417857124016,0.00133493332236871,full_event_available,0,1,,"8,10,12,13,14,18","0.48785,0.94067,0.0048028,0.15494,0.29205,0.22155",paper_formula,Full Bernoulli event probability uses selected probabilities and non-selected complement probabilities.
35,8,4,continue,bernoulli_full_event,32,2,30,1,0.479028972620346,0.479028972620346,full_event_available,0,1,,"3,27","0.97704,0.65801",paper_formula,Full Bernoulli event probability uses selected probabilities and non-selected complement probabilities.
35,8,5,max_depth_reached,bernoulli_full_event,0,0,0,NaN,NaN,1,terminal_stage_probability_one,1,0,,"","",,Terminal recording stage excluded from Bernoulli complement product.
35,9,1,continue,bernoulli_full_event,45,3,42,0.985116487730432,0.764092672337924,0.752720289674096,full_event_available,0,1,,"29,36,38","0.59789,0.44976,0.3794",paper_formula,Full Bernoulli event probability uses selected probabilities and non-selected complement probabilities.
35,9,2,continue,bernoulli_full_event,40,3,37,0.0034647539114967,0.111661637441142,0.000386880095088324,full_event_available,0,1,,"2,14,23","0.0043432,0.018417,0.59465",paper_formula,Full Bernoulli event probability uses selected probabilities and non-selected complement probabilities.
35,9,3,continue,bernoulli_full_event,37,8,29,0.968740047070367,0.830027592412267,0.804080968943163,full_event_available,0,1,,"3,8,13,16,17,18,20,27","0.38877,0.38013,0.35211,0.88843,0.66197,0.58792,0.44317,0.95195",paper_formula,Full Bernoulli event probability uses selected probabilities and non-selected complement probabilities.
35,9,4,load_loss_threshold,bernoulli_full_event,0,0,0,NaN,NaN,1,terminal_stage_probability_one,1,0,,"","",,Terminal recording stage excluded from Bernoulli complement product.
35,10,1,continue,bernoulli_full_event,45,3,42,0.985116487730432,0.764092672337924,0.752720289674096,full_event_available,0,1,,"29,36,38","0.32523,0.03939,0.0072732",paper_formula,Full Bernoulli event probability uses selected probabilities and non-selected complement probabilities.
35,10,2,continue,bernoulli_full_event,40,3,37,0.374451436324562,0.381327235934186,0.142788531205231,full_event_available,0,1,,"14,19,23","0.37527,0.29156,0.82636",paper_formula,Full Bernoulli event probability uses selected probabilities and non-selected complement probabilities.
35,10,3,continue,bernoulli_full_event,37,3,34,1,0.616746757474594,0.616746757474594,full_event_available,0,1,,"3,13,18","0.2522,0.56343,0.73154",paper_formula,Full Bernoulli event probability uses selected probabilities and non-selected complement probabilities.
35,10,4,load_loss_threshold,bernoulli_full_event,31,0,31,NaN,NaN,1,terminal_stage_probability_one,1,0,,"","",,Terminal recording stage excluded from Bernoulli complement product.
35,11,1,continue,bernoulli_full_event,45,3,42,0.985116487730432,0.764092672337924,0.752720289674096,full_event_available,0,1,,"29,36,38","0.34341,0.017523,0.85425",paper_formula,Full Bernoulli event probability uses selected probabilities and non-selected complement probabilities.
35,11,2,continue,bernoulli_full_event,40,3,37,0.374451436324562,0.381327235934186,0.142788531205231,full_event_available,0,1,,"14,19,23","0.4207,0.64971,0.64413",paper_formula,Full Bernoulli event probability uses selected probabilities and non-selected complement probabilities.
35,11,3,continue,bernoulli_full_event,37,5,32,0.00156953668610166,0.814745812541109,0.00127877344263097,full_event_available,0,1,,"3,9,13,18,27","0.57241,0.0025512,0.57316,0.1483,0.14681",paper_formula,Full Bernoulli event probability uses selected probabilities and non-selected complement probabilities.
35,11,4,load_loss_threshold,bernoulli_full_event,0,0,0,NaN,NaN,1,terminal_stage_probability_one,1,0,,"","",,Terminal recording stage excluded from Bernoulli complement product.
35,12,1,continue,bernoulli_full_event,45,3,42,0.985116487730432,0.764092672337924,0.752720289674096,full_event_available,0,1,,"29,36,38","0.60269,0.21404,0.8314",paper_formula,Full Bernoulli event probability uses selected probabilities and non-selected complement probabilities.
35,12,2,continue,bernoulli_full_event,40,4,36,0.00180091945463999,0.23252318972839,0.000418755536036802,full_event_available,0,1,,"8,14,23,31","0.29755,0.29341,0.86474,0.0036966",paper_formula,Full Bernoulli event probability uses selected probabilities and non-selected complement probabilities.
35,12,3,continue,bernoulli_full_event,36,10,26,0.997021312886992,0.807688778305072,0.805282926149814,full_event_available,0,1,,"1,2,3,5,6,7,13,18,27,33","0.16556,0.26106,0.41243,0.17082,0.35985,0.89046,0.62853,0.63555,0.33945,0.52842",paper_formula,Full Bernoulli event probability uses selected probabilities and non-selected complement probabilities.
35,12,4,load_loss_threshold,bernoulli_full_event,6,0,6,NaN,NaN,1,terminal_stage_probability_one,1,0,,"","",,Terminal recording stage excluded from Bernoulli complement product.
35,13,1,continue,bernoulli_full_event,45,3,42,0.985116487730432,0.764092672337924,0.752720289674096,full_event_available,0,1,,"29,36,38","0.78701,0.99599,0.091142",paper_formula,Full Bernoulli event probability uses selected probabilities and non-selected complement probabilities.
35,13,2,continue,bernoulli_full_event,40,3,37,0.274480422873604,0.230997559843195,0.0634043079085309,full_event_available,0,1,,"8,14,23","0.35725,0.23434,0.20323",paper_formula,Full Bernoulli event probability uses selected probabilities and non-selected complement probabilities.
35,13,3,continue,bernoulli_full_event,37,8,29,0.00639342318259756,0.830142464918757,0.00530745208007027,full_event_available,0,1,,"1,2,3,6,13,18,22,27","0.96194,0.082309,0.36226,0.22706,0.22142,0.51208,0.0018194,0.53831",paper_formula,Full Bernoulli event probability uses selected probabilities and non-selected complement probabilities.
35,13,4,load_loss_threshold,bernoulli_full_event,0,0,0,NaN,NaN,1,terminal_stage_probability_one,1,0,,"","",,Terminal recording stage excluded from Bernoulli complement product.
35,14,1,continue,bernoulli_full_event,45,3,42,0.985116487730432,0.764092672337924,0.752720289674096,full_event_available,0,1,,"29,36,38","0.084946,0.22006,0.62369",paper_formula,Full Bernoulli event probability uses selected probabilities and non-selected complement probabilities.
35,14,2,continue,bernoulli_full_event,40,4,36,0.00181939794332456,0.23253894803903,0.000423080883805067,full_event_available,0,1,,"8,14,23,30","0.39047,0.38583,0.5913,0.0021067",paper_formula,Full Bernoulli event probability uses selected probabilities and non-selected complement probabilities.
35,14,3,continue,bernoulli_full_event,36,9,27,0.722831196135381,0.841282391186255,0.608105157108794,full_event_available,0,1,,"1,2,3,6,13,18,27,40,42","0.093816,0.060757,0.47282,0.93155,0.13248,0.87099,0.62085,0.6002,0.36663",paper_formula,Full Bernoulli event probability uses selected probabilities and non-selected complement probabilities.
35,14,4,load_loss_threshold,bernoulli_full_event,6,0,6,NaN,NaN,1,terminal_stage_probability_one,1,0,,"","",,Terminal recording stage excluded from Bernoulli complement product.
35,15,1,continue,bernoulli_full_event,45,3,42,0.985116487730432,0.764092672337924,0.752720289674096,full_event_available,0,1,,"29,36,38","0.43197,0.34455,0.39498",paper_formula,Full Bernoulli event probability uses selected probabilities and non-selected complement probabilities.
35,15,2,continue,bernoulli_full_event,40,2,38,0.430016903883575,0.0492739377599112,0.021188626157669,full_event_available,0,1,,"14,19","0.47386,0.42082",paper_formula,Full Bernoulli event probability uses selected probabilities and non-selected complement probabilities.
35,15,3,continue,bernoulli_full_event,38,4,34,0.169038053327085,0.804180822371431,0.135937160736641,full_event_available,0,1,,"3,13,18,27","0.050818,0.12803,0.69914,0.070355",paper_formula,Full Bernoulli event probability uses selected probabilities and non-selected complement probabilities.
35,15,4,load_loss_threshold,bernoulli_full_event,0,0,0,NaN,NaN,1,terminal_stage_probability_one,1,0,,"","",,Terminal recording stage excluded from Bernoulli complement product.
35,16,1,continue,bernoulli_full_event,45,3,42,0.985116487730432,0.764092672337924,0.752720289674096,full_event_available,0,1,,"29,36,38","0.83764,0.31093,0.66418",paper_formula,Full Bernoulli event probability uses selected probabilities and non-selected complement probabilities.
35,16,2,continue,bernoulli_full_event,40,3,37,0.374451436324562,0.381327235934186,0.142788531205231,full_event_available,0,1,,"14,19,23","0.39003,0.60251,0.072278",paper_formula,Full Bernoulli event probability uses selected probabilities and non-selected complement probabilities.
35,16,3,continue,bernoulli_full_event,37,3,34,1,0.616746757474594,0.616746757474594,full_event_available,0,1,,"3,13,18","0.54982,0.56757,0.1381",paper_formula,Full Bernoulli event probability uses selected probabilities and non-selected complement probabilities.
35,16,4,load_loss_threshold,bernoulli_full_event,31,0,31,NaN,NaN,1,terminal_stage_probability_one,1,0,,"","",,Terminal recording stage excluded from Bernoulli complement product.
35,17,1,continue,bernoulli_full_event,45,3,42,0.985116487730432,0.764092672337924,0.752720289674096,full_event_available,0,1,,"29,36,38","0.047268,0.40568,0.73492",paper_formula,Full Bernoulli event probability uses selected probabilities and non-selected complement probabilities.
35,17,2,continue,bernoulli_full_event,40,4,36,0.194633412277031,0.794072407154734,0.154553022199561,full_event_available,0,1,,"8,14,19,23","0.21997,0.56607,0.67118,0.70095",paper_formula,Full Bernoulli event probability uses selected probabilities and non-selected complement probabilities.
35,17,3,continue,bernoulli_full_event,36,8,28,0.006007770575,0.835385487823094,0.00501880435252561,full_event_available,0,1,,"1,2,3,6,13,16,18,27","0.6121,0.88314,0.98564,0.62476,0.63598,0.0020787,0.12713,0.3884",paper_formula,Full Bernoulli event probability uses selected probabilities and non-selected complement probabilities.
35,17,4,load_loss_threshold,bernoulli_full_event,0,0,0,NaN,NaN,1,terminal_stage_probability_one,1,0,,"","",,Terminal recording stage excluded from Bernoulli complement product.
35,18,1,continue,bernoulli_full_event,45,3,42,0.985116487730432,0.764092672337924,0.752720289674096,full_event_available,0,1,,"29,36,38","0.76016,0.57339,0.8143",paper_formula,Full Bernoulli event probability uses selected probabilities and non-selected complement probabilities.
35,18,2,continue,bernoulli_full_event,40,3,37,0.320950377827294,0.312524377064152,0.100304816898979,full_event_available,0,1,,"8,19,23","0.25586,0.41626,0.15006",paper_formula,Full Bernoulli event probability uses selected probabilities and non-selected complement probabilities.
35,18,3,continue,bernoulli_full_event,37,10,27,0.0650741928365457,0.840879380234261,0.0547195469416393,full_event_available,0,1,,"1,3,6,11,12,13,16,17,18,27","0.034556,0.46364,0.3651,0.072718,0.026844,0.57535,0.42451,0.048861,0.29438,0.66333",paper_formula,Full Bernoulli event probability uses selected probabilities and non-selected complement probabilities.
35,18,4,load_loss_threshold,bernoulli_full_event,0,0,0,NaN,NaN,1,terminal_stage_probability_one,1,0,,"","",,Terminal recording stage excluded from Bernoulli complement product.
35,19,1,continue,bernoulli_full_event,45,3,42,0.985116487730432,0.764092672337924,0.752720289674096,full_event_available,0,1,,"29,36,38","0.94309,0.7263,0.64701",paper_formula,Full Bernoulli event probability uses selected probabilities and non-selected complement probabilities.
35,19,2,continue,bernoulli_full_event,40,5,35,0.0012835792099756,0.799343965018896,0.00102602129511772,full_event_available,0,1,,"8,9,14,19,23","0.139,0.00040296,0.069476,0.069171,0.19881",paper_formula,Full Bernoulli event probability uses selected probabilities and non-selected complement probabilities.
35,19,3,continue,bernoulli_full_event,35,7,28,1,0.795087603480701,0.795087603480701,full_event_available,0,1,,"1,2,3,6,13,18,27","0.24165,0.94278,0.96932,0.2476,0.58961,0.6336,0.58427",paper_formula,Full Bernoulli event probability uses selected probabilities and non-selected complement probabilities.
35,19,4,load_loss_threshold,bernoulli_full_event,0,0,0,NaN,NaN,1,terminal_stage_probability_one,1,0,,"","",,Terminal recording stage excluded from Bernoulli complement product.
35,20,1,continue,bernoulli_full_event,45,4,41,0.00638551773435083,0.769077829096498,0.00491096011679172,full_event_available,0,1,,"29,36,37,38","0.085279,0.48788,0.005445,0.75467",paper_formula,Full Bernoulli event probability uses selected probabilities and non-selected complement probabilities.
35,20,2,continue,bernoulli_full_event,40,3,37,0.374451436324562,0.381327235934186,0.142788531205231,full_event_available,0,1,,"14,19,23","0.16492,0.14649,0.77759",paper_formula,Full Bernoulli event probability uses selected probabilities and non-selected complement probabilities.
35,20,3,continue,bernoulli_full_event,37,3,34,1,0.616746757474594,0.616746757474594,full_event_available,0,1,,"3,13,18","0.66525,0.47578,0.17703",paper_formula,Full Bernoulli event probability uses selected probabilities and non-selected complement probabilities.
35,20,4,load_loss_threshold,bernoulli_full_event,31,0,31,NaN,NaN,1,terminal_stage_probability_one,1,0,,"","",,Terminal recording stage excluded from Bernoulli complement product.
35,21,1,continue,bernoulli_full_event,45,4,41,0.00592030442783577,0.768712442419198,0.00455101167658683,full_event_available,0,1,,"29,33,36,38","0.20401,0.00033429,0.92966,0.1383",paper_formula,Full Bernoulli event probability uses selected probabilities and non-selected complement probabilities.
35,21,2,continue,bernoulli_full_event,39,10,29,0.104259651992904,0.830544573749797,0.0865922882237483,full_event_available,0,1,,"3,6,7,8,10,14,19,20,23,24","0.45488,0.82971,0.012998,0.05082,0.82323,0.89667,0.48914,0.57862,0.22809,0.47234",paper_formula,Full Bernoulli event probability uses selected probabilities and non-selected complement probabilities.
35,21,3,load_loss_threshold,bernoulli_full_event,28,0,28,NaN,NaN,1,terminal_stage_probability_one,1,0,,"","",,Terminal recording stage excluded from Bernoulli complement product.
35,22,1,continue,bernoulli_full_event,45,4,41,0.00592030442783577,0.768712442419198,0.00455101167658683,full_event_available,0,1,,"29,33,36,38","0.66731,0.0017798,0.8978,0.36858",paper_formula,Full Bernoulli event probability uses selected probabilities and non-selected complement probabilities.
35,22,2,continue,bernoulli_full_event,39,9,30,1,0.743952285526048,0.743952285526048,full_event_available,0,1,,"3,6,8,10,14,19,20,23,24","0.069162,0.30266,0.65384,0.95589,0.95921,0.61661,0.25592,0.23234,0.71193",paper_formula,Full Bernoulli event probability uses selected probabilities and non-selected complement probabilities.
35,22,3,load_loss_threshold,bernoulli_full_event,0,0,0,NaN,NaN,1,terminal_stage_probability_one,1,0,,"","",,Terminal recording stage excluded from Bernoulli complement product.
35,23,1,continue,bernoulli_full_event,45,4,41,0.00626360649050516,0.76898204428904,0.00481660092369076,full_event_available,0,1,,"24,29,36,38","0.0020894,0.57411,0.95401,0.70433",paper_formula,Full Bernoulli event probability uses selected probabilities and non-selected complement probabilities.
35,23,2,continue,bernoulli_full_event,39,6,33,0.00026785227782658,0.145015251764219,3.8842665504641e-05,full_event_available,0,1,,"6,7,8,9,27,28","0.68141,0.51385,0.29736,0.432,0.0036928,0.0022434",paper_formula,Full Bernoulli event probability uses selected probabilities and non-selected complement probabilities.
35,23,3,load_loss_threshold,bernoulli_full_event,0,0,0,NaN,NaN,1,terminal_stage_probability_one,1,0,,"","",,Terminal recording stage excluded from Bernoulli complement product.
35,24,1,continue,bernoulli_full_event,45,3,42,0.985116487730432,0.764092672337924,0.752720289674096,full_event_available,0,1,,"29,36,38","0.12302,0.53662,0.20968",paper_formula,Full Bernoulli event probability uses selected probabilities and non-selected complement probabilities.
35,24,2,continue,bernoulli_full_event,40,2,38,0.430016903883575,0.0492739377599112,0.021188626157669,full_event_available,0,1,,"14,19","0.59688,0.62665",paper_formula,Full Bernoulli event probability uses selected probabilities and non-selected complement probabilities.
35,24,3,continue,bernoulli_full_event,38,4,34,0.169038053327085,0.804180822371431,0.135937160736641,full_event_available,0,1,,"3,13,18,27","0.27336,0.64874,0.26933,0.11599",paper_formula,Full Bernoulli event probability uses selected probabilities and non-selected complement probabilities.
35,24,4,load_loss_threshold,bernoulli_full_event,0,0,0,NaN,NaN,1,terminal_stage_probability_one,1,0,,"","",,Terminal recording stage excluded from Bernoulli complement product.
35,25,1,continue,bernoulli_full_event,45,3,42,0.985116487730432,0.764092672337924,0.752720289674096,full_event_available,0,1,,"29,36,38","0.21669,0.704,0.99524",paper_formula,Full Bernoulli event probability uses selected probabilities and non-selected complement probabilities.
35,25,2,continue,bernoulli_full_event,40,1,39,0.870783062114096,0.043658509566303,0.0380170906474829,full_event_available,0,1,,"23","0.18933",paper_formula,Full Bernoulli event probability uses selected probabilities and non-selected complement probabilities.
35,25,3,continue,bernoulli_full_event,39,6,33,0.00581041468713457,0.75523901694781,0.00438825187637063,full_event_available,0,1,,"8,10,13,14,18,33","0.70337,0.73902,0.82394,0.29027,0.30382,0.0059788",paper_formula,Full Bernoulli event probability uses selected probabilities and non-selected complement probabilities.
35,25,4,continue,bernoulli_full_event,29,6,23,0.993965427259801,0.863309593429307,0.858099888890446,full_event_available,0,1,,"1,2,3,6,26,42","0.58592,0.16719,0.036376,0.82536,0.44529,0.72842",paper_formula,Full Bernoulli event probability uses selected probabilities and non-selected complement probabilities.
35,25,5,max_depth_reached,bernoulli_full_event,0,0,0,NaN,NaN,1,terminal_stage_probability_one,1,0,,"","",,Terminal recording stage excluded from Bernoulli complement product.
35,26,1,continue,bernoulli_full_event,45,3,42,0.985116487730432,0.764092672337924,0.752720289674096,full_event_available,0,1,,"29,36,38","0.058822,0.2991,0.24878",paper_formula,Full Bernoulli event probability uses selected probabilities and non-selected complement probabilities.
35,26,2,continue,bernoulli_full_event,40,3,37,0.320950377827294,0.312524377064152,0.100304816898979,full_event_available,0,1,,"8,19,23","0.061675,0.2414,0.70363",paper_formula,Full Bernoulli event probability uses selected probabilities and non-selected complement probabilities.
35,26,3,continue,bernoulli_full_event,37,8,29,0.995254106065422,0.385449066589791,0.383619766202573,full_event_available,0,1,,"1,3,12,13,16,17,18,27","0.87466,0.72847,0.76031,0.61329,0.25949,0.30663,0.24629,0.99115",paper_formula,Full Bernoulli event probability uses selected probabilities and non-selected complement probabilities.
35,26,4,load_loss_threshold,bernoulli_full_event,0,0,0,NaN,NaN,1,terminal_stage_probability_one,1,0,,"","",,Terminal recording stage excluded from Bernoulli complement product.
35,27,1,continue,bernoulli_full_event,45,3,42,0.985116487730432,0.764092672337924,0.752720289674096,full_event_available,0,1,,"29,36,38","0.38496,0.73493,0.9047",paper_formula,Full Bernoulli event probability uses selected probabilities and non-selected complement probabilities.
35,27,2,continue,bernoulli_full_event,40,5,35,0.00123752583536209,0.799153617190184,0.000988973247695922,full_event_available,0,1,,"8,14,19,23,24","0.15383,0.053309,0.34665,0.32461,0.00079813",paper_formula,Full Bernoulli event probability uses selected probabilities and non-selected complement probabilities.
35,27,3,continue,bernoulli_full_event,35,7,28,1,0.835680137869862,0.835680137869862,full_event_available,0,1,,"1,2,3,6,13,18,27","0.88202,0.42387,0.67558,0.50457,0.42897,0.19656,0.89903",paper_formula,Full Bernoulli event probability uses selected probabilities and non-selected complement probabilities.
35,27,4,load_loss_threshold,bernoulli_full_event,0,0,0,NaN,NaN,1,terminal_stage_probability_one,1,0,,"","",,Terminal recording stage excluded from Bernoulli complement product.
35,28,1,continue,bernoulli_full_event,45,3,42,0.985116487730432,0.764092672337924,0.752720289674096,full_event_available,0,1,,"29,36,38","0.18083,0.76223,0.74045",paper_formula,Full Bernoulli event probability uses selected probabilities and non-selected complement probabilities.
35,28,2,continue,bernoulli_full_event,40,1,39,0.870783062114096,0.043658509566303,0.0380170906474829,full_event_available,0,1,,"23","0.12297",paper_formula,Full Bernoulli event probability uses selected probabilities and non-selected complement probabilities.
35,28,3,continue,bernoulli_full_event,39,5,34,0.966831246368824,0.750700218793683,0.725800428185646,full_event_available,0,1,,"8,10,13,14,18","0.19441,0.65129,0.11232,0.85613,0.27015",paper_formula,Full Bernoulli event probability uses selected probabilities and non-selected complement probabilities.
35,28,4,continue,bernoulli_full_event,30,2,28,1,0.835705950838318,0.835705950838318,full_event_available,0,1,,"3,27","0.23456,0.70071",paper_formula,Full Bernoulli event probability uses selected probabilities and non-selected complement probabilities.
35,28,5,max_depth_reached,bernoulli_full_event,0,0,0,NaN,NaN,1,terminal_stage_probability_one,1,0,,"","",,Terminal recording stage excluded from Bernoulli complement product.
35,29,1,continue,bernoulli_full_event,45,3,42,0.985116487730432,0.764092672337924,0.752720289674096,full_event_available,0,1,,"29,36,38","0.58577,0.079079,0.30262",paper_formula,Full Bernoulli event probability uses selected probabilities and non-selected complement probabilities.
35,29,2,continue,bernoulli_full_event,40,3,37,0.320950377827294,0.312524377064152,0.100304816898979,full_event_available,0,1,,"8,19,23","0.3254,0.53758,0.064474",paper_formula,Full Bernoulli event probability uses selected probabilities and non-selected complement probabilities.
35,29,3,continue,bernoulli_full_event,37,10,27,0.0650741928365457,0.840879380234261,0.0547195469416393,full_event_available,0,1,,"1,3,6,11,12,13,16,17,18,27","0.19458,0.97326,0.068737,0.013092,0.68528,0.32572,0.91626,0.75397,0.55365,0.052888",paper_formula,Full Bernoulli event probability uses selected probabilities and non-selected complement probabilities.
35,29,4,load_loss_threshold,bernoulli_full_event,0,0,0,NaN,NaN,1,terminal_stage_probability_one,1,0,,"","",,Terminal recording stage excluded from Bernoulli complement product.
35,30,1,continue,bernoulli_full_event,45,3,42,0.985116487730432,0.764092672337924,0.752720289674096,full_event_available,0,1,,"29,36,38","0.69954,0.097819,0.43051",paper_formula,Full Bernoulli event probability uses selected probabilities and non-selected complement probabilities.
35,30,2,continue,bernoulli_full_event,40,5,35,0.00124465543728971,0.799183079332982,0.000994707565081729,full_event_available,0,1,,"8,14,19,22,23","0.29407,0.54974,0.14349,0.00047501,0.26284",paper_formula,Full Bernoulli event probability uses selected probabilities and non-selected complement probabilities.
35,30,3,continue,bernoulli_full_event,35,8,27,0.006494862875,0.841174258084546,0.00546331146023899,full_event_available,0,1,,"1,2,3,6,13,18,27,32","0.62024,0.69843,0.48024,0.10339,0.8626,0.81471,0.058965,0.003248",paper_formula,Full Bernoulli event probability uses selected probabilities and non-selected complement probabilities.
35,30,4,load_loss_threshold,bernoulli_full_event,0,0,0,NaN,NaN,1,terminal_stage_probability_one,1,0,,"","",,Terminal recording stage excluded from Bernoulli complement product.
36,1,1,continue,bernoulli_full_event,45,1,44,0.00648199255,0.754230354704475,0.00488891554017826,full_event_available,0,1,,"13","0.0054464",paper_formula,Full Bernoulli event probability uses selected probabilities and non-selected complement probabilities.
36,1,2,continue,bernoulli_full_event,44,2,42,0.900227464867544,0.673390073650676,0.606204238869517,full_event_available,0,1,,"19,23","0.62086,0.37542",paper_formula,Full Bernoulli event probability uses selected probabilities and non-selected complement probabilities.
36,1,3,continue,bernoulli_full_event,38,3,35,0.00359157573951206,0.798948208138253,0.00286948300147598,full_event_available,0,1,,"1,8,14","0.0050027,0.043123,0.57772",paper_formula,Full Bernoulli event probability uses selected probabilities and non-selected complement probabilities.
36,1,4,load_loss_threshold,bernoulli_full_event,28,0,28,NaN,NaN,1,terminal_stage_probability_one,1,0,,"","",,Terminal recording stage excluded from Bernoulli complement product.
36,2,1,no_new_outage,bernoulli_full_event,45,0,45,1,0.749341439164296,0.749341439164296,full_event_available,1,1,,"","",paper_formula,Full Bernoulli event probability uses selected probabilities and non-selected complement probabilities.
36,3,1,no_new_outage,bernoulli_full_event,45,0,45,1,0.749341439164296,0.749341439164296,full_event_available,1,1,,"","",paper_formula,Full Bernoulli event probability uses selected probabilities and non-selected complement probabilities.
36,4,1,continue,bernoulli_full_event,45,1,44,0.006425561125,0.754187517155491,0.00484607799119459,full_event_available,0,1,,"4","0.0050565",paper_formula,Full Bernoulli event probability uses selected probabilities and non-selected complement probabilities.
36,4,2,no_new_outage,bernoulli_full_event,44,0,44,1,0.754187517155491,0.754187517155491,full_event_available,1,1,,"","",paper_formula,Full Bernoulli event probability uses selected probabilities and non-selected complement probabilities.
36,5,1,no_new_outage,bernoulli_full_event,45,0,45,1,0.749341439164296,0.749341439164296,full_event_available,1,1,,"","",paper_formula,Full Bernoulli event probability uses selected probabilities and non-selected complement probabilities.
36,6,1,no_new_outage,bernoulli_full_event,45,0,45,1,0.749341439164296,0.749341439164296,full_event_available,1,1,,"","",paper_formula,Full Bernoulli event probability uses selected probabilities and non-selected complement probabilities.
36,7,1,no_new_outage,bernoulli_full_event,45,0,45,1,0.749341439164296,0.749341439164296,full_event_available,1,1,,"","",paper_formula,Full Bernoulli event probability uses selected probabilities and non-selected complement probabilities.
36,8,1,no_new_outage,bernoulli_full_event,45,0,45,1,0.749341439164296,0.749341439164296,full_event_available,1,1,,"","",paper_formula,Full Bernoulli event probability uses selected probabilities and non-selected complement probabilities.
36,9,1,continue,bernoulli_full_event,45,1,44,0.0064483317,0.754204801896659,0.00486336273236245,full_event_available,0,1,,"25","0.0031007",paper_formula,Full Bernoulli event probability uses selected probabilities and non-selected complement probabilities.
36,9,2,continue,bernoulli_full_event,44,1,43,0.00639487035,0.759058885054598,0.00485408315793971,full_event_available,0,1,,"22","0.0061118",paper_formula,Full Bernoulli event probability uses selected probabilities and non-selected complement probabilities.
36,9,3,no_new_outage,bernoulli_full_event,43,0,43,1,0.759058885054598,0.759058885054598,full_event_available,1,1,,"","",paper_formula,Full Bernoulli event probability uses selected probabilities and non-selected complement probabilities.
36,10,1,no_new_outage,bernoulli_full_event,45,0,45,1,0.749341439164296,0.749341439164296,full_event_available,1,1,,"","",paper_formula,Full Bernoulli event probability uses selected probabilities and non-selected complement probabilities.
36,11,1,continue,bernoulli_full_event,45,2,43,4.20879034210639e-05,0.759160248907919,3.19514632371473e-05,full_event_available,0,1,,"7,10","0.0023713,0.0037041",paper_formula,Full Bernoulli event probability uses selected probabilities and non-selected complement probabilities.
36,11,2,continue,bernoulli_full_event,43,2,41,0.603302329853372,0.412325960103842,0.248757212389676,full_event_available,0,1,,"12,23","0.71564,0.52737",paper_formula,Full Bernoulli event probability uses selected probabilities and non-selected complement probabilities.
36,11,3,continue,bernoulli_full_event,34,2,32,1,0.75062286289921,0.75062286289921,full_event_available,0,1,,"3,6","0.066955,0.74101",paper_formula,Full Bernoulli event probability uses selected probabilities and non-selected complement probabilities.
36,11,4,continue,bernoulli_full_event,32,6,26,0.337441804722407,0.825621169499733,0.278599097453014,full_event_available,0,1,,"9,17,24,25,27,42","0.70177,0.037737,0.12804,0.19671,0.38708,0.53349",paper_formula,Full Bernoulli event probability uses selected probabilities and non-selected complement probabilities.
36,11,5,max_depth_reached,bernoulli_full_event,10,0,10,NaN,NaN,1,terminal_stage_probability_one,1,0,,"","",,Terminal recording stage excluded from Bernoulli complement product.
36,12,1,no_new_outage,bernoulli_full_event,45,0,45,1,0.749341439164296,0.749341439164296,full_event_available,1,1,,"","",paper_formula,Full Bernoulli event probability uses selected probabilities and non-selected complement probabilities.
36,13,1,no_new_outage,bernoulli_full_event,45,0,45,1,0.749341439164296,0.749341439164296,full_event_available,1,1,,"","",paper_formula,Full Bernoulli event probability uses selected probabilities and non-selected complement probabilities.
36,14,1,no_new_outage,bernoulli_full_event,45,0,45,1,0.749341439164296,0.749341439164296,full_event_available,1,1,,"","",paper_formula,Full Bernoulli event probability uses selected probabilities and non-selected complement probabilities.
36,15,1,no_new_outage,bernoulli_full_event,45,0,45,1,0.749341439164296,0.749341439164296,full_event_available,1,1,,"","",paper_formula,Full Bernoulli event probability uses selected probabilities and non-selected complement probabilities.
36,16,1,no_new_outage,bernoulli_full_event,45,0,45,1,0.749341439164296,0.749341439164296,full_event_available,1,1,,"","",paper_formula,Full Bernoulli event probability uses selected probabilities and non-selected complement probabilities.
36,17,1,no_new_outage,bernoulli_full_event,45,0,45,1,0.749341439164296,0.749341439164296,full_event_available,1,1,,"","",paper_formula,Full Bernoulli event probability uses selected probabilities and non-selected complement probabilities.
36,18,1,continue,bernoulli_full_event,45,1,44,0.0064483317,0.754204801896659,0.00486336273236245,full_event_available,0,1,,"25","0.0018384",paper_formula,Full Bernoulli event probability uses selected probabilities and non-selected complement probabilities.
36,18,2,no_new_outage,bernoulli_full_event,44,0,44,1,0.754204801896659,0.754204801896659,full_event_available,1,1,,"","",paper_formula,Full Bernoulli event probability uses selected probabilities and non-selected complement probabilities.
36,19,1,continue,bernoulli_full_event,45,1,44,0.00628794765,0.754083074057722,0.00474163489342603,full_event_available,0,1,,"26","0.0034952",paper_formula,Full Bernoulli event probability uses selected probabilities and non-selected complement probabilities.
36,19,2,continue,bernoulli_full_event,44,1,43,0.00647011225,0.758993849460793,0.00491077540307094,full_event_available,0,1,,"40","0.0059067",paper_formula,Full Bernoulli event probability uses selected probabilities and non-selected complement probabilities.
36,19,3,continue,bernoulli_full_event,43,1,42,0.830038153052207,0.763851355496086,0.634025768322396,full_event_available,0,1,,"3","0.70793",paper_formula,Full Bernoulli event probability uses selected probabilities and non-selected complement probabilities.
36,19,4,continue,bernoulli_full_event,42,4,38,1,0.783691151288137,0.783691151288137,full_event_available,0,1,,"1,6,8,9","0.28513,0.077676,0.3611,0.34668",paper_formula,Full Bernoulli event probability uses selected probabilities and non-selected complement probabilities.
36,19,5,max_depth_reached,bernoulli_full_event,27,0,27,NaN,NaN,1,terminal_stage_probability_one,1,0,,"","",,Terminal recording stage excluded from Bernoulli complement product.
36,20,1,no_new_outage,bernoulli_full_event,45,0,45,1,0.749341439164296,0.749341439164296,full_event_available,1,1,,"","",paper_formula,Full Bernoulli event probability uses selected probabilities and non-selected complement probabilities.
36,21,1,no_new_outage,bernoulli_full_event,45,0,45,1,0.749341439164296,0.749341439164296,full_event_available,1,1,,"","",paper_formula,Full Bernoulli event probability uses selected probabilities and non-selected complement probabilities.
36,22,1,no_new_outage,bernoulli_full_event,45,0,45,1,0.749341439164296,0.749341439164296,full_event_available,1,1,,"","",paper_formula,Full Bernoulli event probability uses selected probabilities and non-selected complement probabilities.
36,23,1,no_new_outage,bernoulli_full_event,45,0,45,1,0.749341439164296,0.749341439164296,full_event_available,1,1,,"","",paper_formula,Full Bernoulli event probability uses selected probabilities and non-selected complement probabilities.
36,24,1,no_new_outage,bernoulli_full_event,45,0,45,1,0.749341439164296,0.749341439164296,full_event_available,1,1,,"","",paper_formula,Full Bernoulli event probability uses selected probabilities and non-selected complement probabilities.
36,25,1,no_new_outage,bernoulli_full_event,45,0,45,1,0.749341439164296,0.749341439164296,full_event_available,1,1,,"","",paper_formula,Full Bernoulli event probability uses selected probabilities and non-selected complement probabilities.
36,26,1,continue,bernoulli_full_event,45,1,44,0.006532483825,0.754268687162892,0.00492724799859558,full_event_available,0,1,,"20","0.004062",paper_formula,Full Bernoulli event probability uses selected probabilities and non-selected complement probabilities.
36,26,2,continue,bernoulli_full_event,44,1,43,0.00662851625,0.132177700660242,0.000876142036714048,full_event_available,0,1,,"30","0.0040883",paper_formula,Full Bernoulli event probability uses selected probabilities and non-selected complement probabilities.
36,26,3,continue,bernoulli_full_event,43,1,42,0.89236891858307,0.764160446101074,0.681913030911172,full_event_available,0,1,,"14","0.74856",paper_formula,Full Bernoulli event probability uses selected probabilities and non-selected complement probabilities.
36,26,4,continue,bernoulli_full_event,42,2,40,1,0.667304791191725,0.667304791191725,full_event_available,0,1,,"3,25","0.96008,0.10708",paper_formula,Full Bernoulli event probability uses selected probabilities and non-selected complement probabilities.
36,26,5,max_depth_reached,bernoulli_full_event,0,0,0,NaN,NaN,1,terminal_stage_probability_one,1,0,,"","",,Terminal recording stage excluded from Bernoulli complement product.
36,27,1,continue,bernoulli_full_event,45,2,43,3.93299963904463e-05,0.75883813508775,2.98451011139342e-05,full_event_available,0,1,,"11,33","0.0040229,0.0050431",paper_formula,Full Bernoulli event probability uses selected probabilities and non-selected complement probabilities.
36,27,2,continue,bernoulli_full_event,43,4,39,0.327693440546144,0.344399964304966,0.112857609227063,full_event_available,0,1,,"8,12,19,23","0.4913,0.71028,0.29039,0.081962",paper_formula,Full Bernoulli event probability uses selected probabilities and non-selected complement probabilities.
36,27,3,continue,bernoulli_full_event,32,1,31,1,0.81948645354974,0.81948645354974,full_event_available,0,1,,"3","0.28617",paper_formula,Full Bernoulli event probability uses selected probabilities and non-selected complement probabilities.
36,27,4,continue,bernoulli_full_event,31,3,28,1,0.835771756879802,0.835771756879802,full_event_available,0,1,,"31,40,42","0.66202,0.13097,0.54787",paper_formula,Full Bernoulli event probability uses selected probabilities and non-selected complement probabilities.
36,27,5,max_depth_reached,bernoulli_full_event,16,0,16,NaN,NaN,1,terminal_stage_probability_one,1,0,,"","",,Terminal recording stage excluded from Bernoulli complement product.
36,28,1,continue,bernoulli_full_event,45,1,44,0.006425561125,0.754187517155491,0.00484607799119459,full_event_available,0,1,,"4","0.0052878",paper_formula,Full Bernoulli event probability uses selected probabilities and non-selected complement probabilities.
36,28,2,no_new_outage,bernoulli_full_event,44,0,44,1,0.754187517155491,0.754187517155491,full_event_available,1,1,,"","",paper_formula,Full Bernoulli event probability uses selected probabilities and non-selected complement probabilities.
36,29,1,no_new_outage,bernoulli_full_event,45,0,45,1,0.749341439164296,0.749341439164296,full_event_available,1,1,,"","",paper_formula,Full Bernoulli event probability uses selected probabilities and non-selected complement probabilities.
36,30,1,no_new_outage,bernoulli_full_event,45,0,45,1,0.749341439164296,0.749341439164296,full_event_available,1,1,,"","",paper_formula,Full Bernoulli event probability uses selected probabilities and non-selected complement probabilities.
37,1,1,continue,bernoulli_full_event,45,3,42,0.26063137454173,0.411797169997627,0.107327262448876,full_event_available,0,1,,"14,19,23","0.17534,0.34045,0.68179",paper_formula,Full Bernoulli event probability uses selected probabilities and non-selected complement probabilities.
37,1,2,continue,bernoulli_full_event,42,4,38,0.00647011225,0.783846514008161,0.005071574932404,full_event_available,0,1,,"3,13,18,40","0.67462,0.30137,0.17681,0.0052919",paper_formula,Full Bernoulli event probability uses selected probabilities and non-selected complement probabilities.
37,1,3,load_loss_threshold,bernoulli_full_event,0,0,0,NaN,NaN,1,terminal_stage_probability_one,1,0,,"","",,Terminal recording stage excluded from Bernoulli complement product.
37,2,1,continue,bernoulli_full_event,45,3,42,0.231294498473917,0.366533247992255,0.0847771237683845,full_event_available,0,1,,"8,19,23","0.42074,0.45095,0.025302",paper_formula,Full Bernoulli event probability uses selected probabilities and non-selected complement probabilities.
37,2,2,continue,bernoulli_full_event,42,5,37,0.992992790499611,0.160401162248447,0.159277197700466,full_event_available,0,1,,"3,13,16,17,18","0.35502,0.18651,0.91832,0.22525,0.12963",paper_formula,Full Bernoulli event probability uses selected probabilities and non-selected complement probabilities.
37,2,3,continue,bernoulli_full_event,29,6,23,0.814686445283199,0.658244638212006,0.536262984431665,full_event_available,0,1,,"4,27,30,31,40,42","0.67945,0.24813,0.7887,0.13263,0.62223,0.98539",paper_formula,Full Bernoulli event probability uses selected probabilities and non-selected complement probabilities.
37,2,4,load_loss_threshold,bernoulli_full_event,0,0,0,NaN,NaN,1,terminal_stage_probability_one,1,0,,"","",,Terminal recording stage excluded from Bernoulli complement product.
37,3,1,continue,bernoulli_full_event,45,2,43,0.42143020196329,0.157123295299332,0.0662165020711351,full_event_available,0,1,,"14,23","0.046569,0.67868",paper_formula,Full Bernoulli event probability uses selected probabilities and non-selected complement probabilities.
37,3,2,continue,bernoulli_full_event,43,3,40,1,0.773585831503934,0.773585831503934,full_event_available,0,1,,"3,13,18","0.07636,0.34615,0.046742",paper_formula,Full Bernoulli event probability uses selected probabilities and non-selected complement probabilities.
37,3,3,continue,bernoulli_full_event,36,6,30,0.996030025590627,0.825114986365223,0.821839300984563,full_event_available,0,1,,"16,17,27,31,40,42","0.066992,0.16468,0.87587,0.64438,0.20951,0.99163",paper_formula,Full Bernoulli event probability uses selected probabilities and non-selected complement probabilities.
37,3,4,load_loss_threshold,bernoulli_full_event,0,0,0,NaN,NaN,1,terminal_stage_probability_one,1,0,,"","",,Terminal recording stage excluded from Bernoulli complement product.
37,4,1,continue,bernoulli_full_event,45,2,43,0.498192328049156,0.196363779304613,0.0978269283562958,full_event_available,0,1,,"19,23","0.55395,0.72214",paper_formula,Full Bernoulli event probability uses selected probabilities and non-selected complement probabilities.
37,4,2,continue,bernoulli_full_event,43,5,38,0.877846394036842,0.783649785513966,0.687924138401179,full_event_available,0,1,,"8,10,13,14,18","0.57341,0.80212,0.34535,0.021392,0.63535",paper_formula,Full Bernoulli event probability uses selected probabilities and non-selected complement probabilities.
37,4,3,continue,bernoulli_full_event,35,2,33,1,0.808963152501892,0.808963152501892,full_event_available,0,1,,"3,27","0.26347,0.031964",paper_formula,Full Bernoulli event probability uses selected probabilities and non-selected complement probabilities.
37,4,4,load_loss_threshold,bernoulli_full_event,30,0,30,NaN,NaN,1,terminal_stage_probability_one,1,0,,"","",,Terminal recording stage excluded from Bernoulli complement product.
37,5,1,continue,bernoulli_full_event,45,3,42,0.00252684924954297,0.158071072103315,0.000399421769918715,full_event_available,0,1,,"14,23,27","0.38251,0.63797,0.0031371",paper_formula,Full Bernoulli event probability uses selected probabilities and non-selected complement probabilities.
37,5,2,continue,bernoulli_full_event,39,10,29,0.990735145334637,0.828906153134598,0.82122645809458,full_event_available,0,1,,"1,3,7,8,13,16,17,18,20,26","0.49127,0.53867,0.52212,0.40067,0.27167,0.27483,0.51028,0.60171,0.31629,0.96784",paper_formula,Full Bernoulli event probability uses selected probabilities and non-selected complement probabilities.
37,5,3,load_loss_threshold,bernoulli_full_event,0,0,0,NaN,NaN,1,terminal_stage_probability_one,1,0,,"","",,Terminal recording stage excluded from Bernoulli complement product.
37,6,1,continue,bernoulli_full_event,45,3,42,0.00184692182439419,0.0717314256209115,0.00013248233547417,full_event_available,0,1,,"8,19,45","0.065965,0.49829,0.0042174",paper_formula,Full Bernoulli event probability uses selected probabilities and non-selected complement probabilities.
37,6,2,continue,bernoulli_full_event,42,5,37,0.588504512715015,0.134121077166518,0.0789308591626949,full_event_available,0,1,,"3,18,21,22,27","0.03177,0.13516,0.0825,0.19112,0.37733",paper_formula,Full Bernoulli event probability uses selected probabilities and non-selected complement probabilities.
37,6,3,load_loss_threshold,bernoulli_full_event,0,0,0,NaN,NaN,1,terminal_stage_probability_one,1,0,,"","",,Terminal recording stage excluded from Bernoulli complement product.
37,7,1,continue,bernoulli_full_event,45,5,40,0.000791885548258357,0.773725433543792,0.000612701989143261,full_event_available,0,1,,"8,11,14,19,23","0.37397,0.0018576,0.073399,0.30138,0.68183",paper_formula,Full Bernoulli event probability uses selected probabilities and non-selected complement probabilities.
37,7,2,continue,bernoulli_full_event,40,7,33,0.659085175921818,0.809089720760683,0.53325904094409,full_event_available,0,1,,"1,2,3,6,13,18,27","0.91848,0.28971,0.77214,0.6966,0.6697,0.50881,0.48641",paper_formula,Full Bernoulli event probability uses selected probabilities and non-selected complement probabilities.
37,7,3,load_loss_threshold,bernoulli_full_event,0,0,0,NaN,NaN,1,terminal_stage_probability_one,1,0,,"","",,Terminal recording stage excluded from Bernoulli complement product.
37,8,1,continue,bernoulli_full_event,45,3,42,0.00205715764945809,0.0805836602447441,0.000165773293093807,full_event_available,0,1,,"14,19,38","0.47957,0.12258,0.0044304",paper_formula,Full Bernoulli event probability uses selected probabilities and non-selected complement probabilities.
37,8,2,continue,bernoulli_full_event,42,3,39,1,0.778730710480191,0.778730710480191,full_event_available,0,1,,"3,13,18","0.16184,0.95296,0.71909",paper_formula,Full Bernoulli event probability uses selected probabilities and non-selected complement probabilities.
37,8,3,continue,bernoulli_full_event,38,7,31,0.00656119455,0.659300339390238,0.00432579779362038,full_event_available,0,1,,"2,16,17,27,31,40,42","0.0031982,0.25537,0.79056,0.75458,0.9636,0.63696,0.83482",paper_formula,Full Bernoulli event probability uses selected probabilities and non-selected complement probabilities.
37,8,4,load_loss_threshold,bernoulli_full_event,0,0,0,NaN,NaN,1,terminal_stage_probability_one,1,0,,"","",,Terminal recording stage excluded from Bernoulli complement product.
37,9,1,continue,bernoulli_full_event,45,4,41,1.99006825296678e-07,0.0763528558197269,1.51947394390188e-08,full_event_available,0,1,,"12,23,34,42","0.002378,0.34183,0.0034905,0.0025345",paper_formula,Full Bernoulli event probability uses selected probabilities and non-selected complement probabilities.
37,9,2,continue,bernoulli_full_event,41,9,32,0.218748012921243,0.0829391094347303,0.0181427653823048,full_event_available,0,1,,"3,4,7,8,9,10,11,13,18","0.16277,0.3534,0.94898,0.089155,0.22105,0.17449,0.29819,0.47233,0.44185",paper_formula,Full Bernoulli event probability uses selected probabilities and non-selected complement probabilities.
37,9,3,load_loss_threshold,bernoulli_full_event,14,0,14,NaN,NaN,1,terminal_stage_probability_one,1,0,,"","",,Terminal recording stage excluded from Bernoulli complement product.
37,10,1,continue,bernoulli_full_event,45,1,44,0.523154131181269,0.030551606146042,0.0159831989695249,full_event_available,0,1,,"14","0.49696",paper_formula,Full Bernoulli event probability uses selected probabilities and non-selected complement probabilities.
37,10,2,continue,bernoulli_full_event,44,1,43,1,0.75890233434786,0.75890233434786,full_event_available,0,1,,"3","0.76407",paper_formula,Full Bernoulli event probability uses selected probabilities and non-selected complement probabilities.
37,10,3,continue,bernoulli_full_event,43,9,34,0.006663167125,0.804291485683228,0.00535912858632189,full_event_available,0,1,,"4,16,17,19,20,27,31,40,42","0.40064,0.083855,0.19436,0.0031137,0.37295,0.6741,0.48417,0.27744,0.49619",paper_formula,Full Bernoulli event probability uses selected probabilities and non-selected complement probabilities.
37,10,4,load_loss_threshold,bernoulli_full_event,0,0,0,NaN,NaN,1,terminal_stage_probability_one,1,0,,"","",,Terminal recording stage excluded from Bernoulli complement product.
37,11,1,continue,bernoulli_full_event,45,3,42,0.231294498473917,0.366533247992255,0.0847771237683845,full_event_available,0,1,,"8,19,23","0.24409,0.18429,0.66717",paper_formula,Full Bernoulli event probability uses selected probabilities and non-selected complement probabilities.
37,11,2,continue,bernoulli_full_event,42,6,36,0.553504597356454,0.362415191546644,0.200598474672887,full_event_available,0,1,,"3,13,16,17,18,27","0.4098,0.62421,0.25938,0.008227,0.24198,0.55254",paper_formula,Full Bernoulli event probability uses selected probabilities and non-selected complement probabilities.
37,11,3,load_loss_threshold,bernoulli_full_event,0,0,0,NaN,NaN,1,terminal_stage_probability_one,1,0,,"","",,Terminal recording stage excluded from Bernoulli complement product.
37,12,1,continue,bernoulli_full_event,45,2,43,0.373993681214515,0.139852616669615,0.0523039949357517,full_event_available,0,1,,"8,23","0.1335,0.73094",paper_formula,Full Bernoulli event probability uses selected probabilities and non-selected complement probabilities.
37,12,2,continue,bernoulli_full_event,43,7,36,0.284257971312938,0.744381289000144,0.211596315094491,full_event_available,0,1,,"3,12,13,16,17,18,27","0.052862,0.1753,0.22964,0.66804,0.039423,0.44351,0.40152",paper_formula,Full Bernoulli event probability uses selected probabilities and non-selected complement probabilities.
37,12,3,load_loss_threshold,bernoulli_full_event,0,0,0,NaN,NaN,1,terminal_stage_probability_one,1,0,,"","",,Terminal recording stage excluded from Bernoulli complement product.
37,13,1,continue,bernoulli_full_event,45,1,44,0.523154131181269,0.030551606146042,0.0159831989695249,full_event_available,0,1,,"14","0.19814",paper_formula,Full Bernoulli event probability uses selected probabilities and non-selected complement probabilities.
37,13,2,continue,bernoulli_full_event,44,1,43,1,0.75890233434786,0.75890233434786,full_event_available,0,1,,"3","0.075984",paper_formula,Full Bernoulli event probability uses selected probabilities and non-selected complement probabilities.
37,13,3,continue,bernoulli_full_event,43,8,35,1,0.798932357096906,0.798932357096906,full_event_available,0,1,,"4,16,17,20,27,31,40,42","0.69017,0.60882,0.90789,0.029107,0.46714,0.075369,0.35501,0.77029",paper_formula,Full Bernoulli event probability uses selected probabilities and non-selected complement probabilities.
37,13,4,load_loss_threshold,bernoulli_full_event,0,0,0,NaN,NaN,1,terminal_stage_probability_one,1,0,,"","",,Terminal recording stage excluded from Bernoulli complement product.
37,14,1,continue,bernoulli_full_event,45,4,41,0.0012511969233824,0.295174439411708,0.000369321350453052,full_event_available,0,1,,"8,14,22,23","0.31569,0.31946,0.0031321,0.38126",paper_formula,Full Bernoulli event probability uses selected probabilities and non-selected complement probabilities.
37,14,2,continue,bernoulli_full_event,41,7,34,0.659085175921818,0.803577699515859,0.52962614945226,full_event_available,0,1,,"1,2,3,6,13,18,27","0.69707,0.19193,0.39676,0.58033,0.91407,0.80367,0.50395",paper_formula,Full Bernoulli event probability uses selected probabilities and non-selected complement probabilities.
37,14,3,load_loss_threshold,bernoulli_full_event,0,0,0,NaN,NaN,1,terminal_stage_probability_one,1,0,,"","",,Terminal recording stage excluded from Bernoulli complement product.
37,15,1,continue,bernoulli_full_event,45,4,41,0.00168941062807575,0.414483851233417,0.000700233423439505,full_event_available,0,1,,"13,14,19,23","0.0054097,0.2457,0.20679,0.694",paper_formula,Full Bernoulli event probability uses selected probabilities and non-selected complement probabilities.
37,15,2,continue,bernoulli_full_event,37,7,30,0.00516561765582557,0.824567663064184,0.00425940127874718,full_event_available,0,1,,"1,3,6,15,16,17,27","0.21318,0.06364,0.085054,0.0026644,0.91718,0.2754,0.83494",paper_formula,Full Bernoulli event probability uses selected probabilities and non-selected complement probabilities.
37,15,3,load_loss_threshold,bernoulli_full_event,0,0,0,NaN,NaN,1,terminal_stage_probability_one,1,0,,"","",,Terminal recording stage excluded from Bernoulli complement product.
37,16,1,continue,bernoulli_full_event,45,4,41,0.121002672396129,0.768661892573908,0.0930101431705094,full_event_available,0,1,,"8,14,19,23","0.4092,0.12355,0.4705,0.42307",paper_formula,Full Bernoulli event probability uses selected probabilities and non-selected complement probabilities.
37,16,2,continue,bernoulli_full_event,41,8,33,0.00432438606424403,0.809103428020546,0.00349887558866412,full_event_available,0,1,,"1,2,3,6,13,18,27,36","0.58293,0.42974,0.68104,0.49029,0.21701,0.33551,0.56895,0.0044119",paper_formula,Full Bernoulli event probability uses selected probabilities and non-selected complement probabilities.
37,16,3,load_loss_threshold,bernoulli_full_event,0,0,0,NaN,NaN,1,terminal_stage_probability_one,1,0,,"","",,Terminal recording stage excluded from Bernoulli complement product.
37,17,1,continue,bernoulli_full_event,45,1,44,0.523154131181269,0.030551606146042,0.0159831989695249,full_event_available,0,1,,"14","0.072528",paper_formula,Full Bernoulli event probability uses selected probabilities and non-selected complement probabilities.
37,17,2,continue,bernoulli_full_event,44,1,43,1,0.75890233434786,0.75890233434786,full_event_available,0,1,,"3","0.94653",paper_formula,Full Bernoulli event probability uses selected probabilities and non-selected complement probabilities.
37,17,3,continue,bernoulli_full_event,43,8,35,1,0.798932357096906,0.798932357096906,full_event_available,0,1,,"4,16,17,20,27,31,40,42","0.16887,0.1605,0.078063,0.95453,0.92987,0.78639,0.99845,0.56235",paper_formula,Full Bernoulli event probability uses selected probabilities and non-selected complement probabilities.
37,17,4,load_loss_threshold,bernoulli_full_event,0,0,0,NaN,NaN,1,terminal_stage_probability_one,1,0,,"","",,Terminal recording stage excluded from Bernoulli complement product.
37,18,1,continue,bernoulli_full_event,45,4,41,0.121002672396129,0.768661892573908,0.0930101431705094,full_event_available,0,1,,"8,14,19,23","0.27071,0.51636,0.29699,0.72179",paper_formula,Full Bernoulli event probability uses selected probabilities and non-selected complement probabilities.
37,18,2,continue,bernoulli_full_event,41,7,34,0.659085175921818,0.803794743018231,0.529769199607203,full_event_available,0,1,,"1,2,3,6,13,18,27","0.58044,0.71262,0.37622,0.21685,0.73108,0.50361,0.041426",paper_formula,Full Bernoulli event probability uses selected probabilities and non-selected complement probabilities.
37,18,3,load_loss_threshold,bernoulli_full_event,0,0,0,NaN,NaN,1,terminal_stage_probability_one,1,0,,"","",,Terminal recording stage excluded from Bernoulli complement product.
37,19,1,continue,bernoulli_full_event,45,3,42,0.26063137454173,0.411797169997627,0.107327262448876,full_event_available,0,1,,"14,19,23","0.30217,0.15464,0.6562",paper_formula,Full Bernoulli event probability uses selected probabilities and non-selected complement probabilities.
37,19,2,continue,bernoulli_full_event,42,3,39,1,0.778774939075757,0.778774939075757,full_event_available,0,1,,"3,13,18","0.24082,0.22103,0.61333",paper_formula,Full Bernoulli event probability uses selected probabilities and non-selected complement probabilities.
37,19,3,continue,bernoulli_full_event,36,6,30,0.996030025590627,0.825114986365223,0.821839300984563,full_event_available,0,1,,"16,17,27,31,40,42","0.24027,0.46473,0.22251,0.94441,0.74183,0.13931",paper_formula,Full Bernoulli event probability uses selected probabilities and non-selected complement probabilities.
37,19,4,load_loss_threshold,bernoulli_full_event,0,0,0,NaN,NaN,1,terminal_stage_probability_one,1,0,,"","",,Terminal recording stage excluded from Bernoulli complement product.
37,20,1,continue,bernoulli_full_event,45,2,43,0.373993681214515,0.139852616669615,0.0523039949357517,full_event_available,0,1,,"8,23","0.097702,0.48251",paper_formula,Full Bernoulli event probability uses selected probabilities and non-selected complement probabilities.
37,20,2,continue,bernoulli_full_event,43,6,37,0.55015116852174,0.35976642821006,0.197925920874657,full_event_available,0,1,,"3,13,16,17,18,27","0.12928,0.38542,0.81227,0.76726,0.54303,0.38676",paper_formula,Full Bernoulli event probability uses selected probabilities and non-selected complement probabilities.
37,20,3,load_loss_threshold,bernoulli_full_event,0,0,0,NaN,NaN,1,terminal_stage_probability_one,1,0,,"","",,Terminal recording stage excluded from Bernoulli complement product.
37,21,1,continue,bernoulli_full_event,45,2,43,0.498192328049156,0.196363779304613,0.0978269283562958,full_event_available,0,1,,"19,23","0.44083,0.58243",paper_formula,Full Bernoulli event probability uses selected probabilities and non-selected complement probabilities.
37,21,2,continue,bernoulli_full_event,43,5,38,0.877846394036842,0.783649785513966,0.687924138401179,full_event_available,0,1,,"8,10,13,14,18","0.95042,0.18969,0.17687,0.048339,0.62537",paper_formula,Full Bernoulli event probability uses selected probabilities and non-selected complement probabilities.
37,21,3,continue,bernoulli_full_event,35,2,33,1,0.808963152501892,0.808963152501892,full_event_available,0,1,,"3,27","0.28798,0.027681",paper_formula,Full Bernoulli event probability uses selected probabilities and non-selected complement probabilities.
37,21,4,load_loss_threshold,bernoulli_full_event,30,0,30,NaN,NaN,1,terminal_stage_probability_one,1,0,,"","",,Terminal recording stage excluded from Bernoulli complement product.
37,22,1,continue,bernoulli_full_event,45,3,42,0.231294498473917,0.366533247992255,0.0847771237683845,full_event_available,0,1,,"8,19,23","0.24218,0.42755,0.2292",paper_formula,Full Bernoulli event probability uses selected probabilities and non-selected complement probabilities.
37,22,2,continue,bernoulli_full_event,42,6,36,0.512758042653819,0.331665291641102,0.170064045758099,full_event_available,0,1,,"3,12,13,16,17,18","0.87073,0.13455,0.12437,0.91322,0.8703,0.71621",paper_formula,Full Bernoulli event probability uses selected probabilities and non-selected complement probabilities.
37,22,3,continue,bernoulli_full_event,29,6,23,0.814686445283199,0.658244638212006,0.536262984431665,full_event_available,0,1,,"4,27,30,31,40,42","0.77616,0.70926,0.12054,0.66041,0.78642,0.61216",paper_formula,Full Bernoulli event probability uses selected probabilities and non-selected complement probabilities.
37,22,4,load_loss_threshold,bernoulli_full_event,0,0,0,NaN,NaN,1,terminal_stage_probability_one,1,0,,"","",,Terminal recording stage excluded from Bernoulli complement product.
37,23,1,continue,bernoulli_full_event,45,4,41,0.121002672396129,0.768661892573908,0.0930101431705094,full_event_available,0,1,,"8,14,19,23","0.21907,0.16027,0.29597,0.63337",paper_formula,Full Bernoulli event probability uses selected probabilities and non-selected complement probabilities.
37,23,2,continue,bernoulli_full_event,41,7,34,0.659085175921818,0.803794743018231,0.529769199607203,full_event_available,0,1,,"1,2,3,6,13,18,27","0.62637,0.036569,0.31894,0.75491,0.13294,0.73668,0.45473",paper_formula,Full Bernoulli event probability uses selected probabilities and non-selected complement probabilities.
37,23,3,load_loss_threshold,bernoulli_full_event,0,0,0,NaN,NaN,1,terminal_stage_probability_one,1,0,,"","",,Terminal recording stage excluded from Bernoulli complement product.
37,24,1,continue,bernoulli_full_event,45,4,41,0.0012511969233824,0.295174439411708,0.000369321350453052,full_event_available,0,1,,"8,14,23,46","0.047362,0.37778,0.56361,0.0015968",paper_formula,Full Bernoulli event probability uses selected probabilities and non-selected complement probabilities.
37,24,2,continue,bernoulli_full_event,41,7,34,0.986508978932954,0.664647713191726,0.655680936890892,full_event_available,0,1,,"1,2,3,13,18,27,40","0.7062,0.14332,0.22832,0.3242,0.34405,0.75098,0.77346",paper_formula,Full Bernoulli event probability uses selected probabilities and non-selected complement probabilities.
37,24,3,load_loss_threshold,bernoulli_full_event,0,0,0,NaN,NaN,1,terminal_stage_probability_one,1,0,,"","",,Terminal recording stage excluded from Bernoulli complement product.
37,25,1,continue,bernoulli_full_event,45,4,41,0.00117545839843763,0.295059486843972,0.000346830151849444,full_event_available,0,1,,"8,14,15,23","0.094923,0.49486,0.0037341,0.63235",paper_formula,Full Bernoulli event probability uses selected probabilities and non-selected complement probabilities.
37,25,2,continue,bernoulli_full_event,41,7,34,0.65908517592176,0.803264754668335,0.529419892142329,full_event_available,0,1,,"1,2,3,6,13,18,27","0.50833,0.35243,0.059076,0.89384,0.076624,0.70178,0.28776",paper_formula,Full Bernoulli event probability uses selected probabilities and non-selected complement probabilities.
37,25,3,load_loss_threshold,bernoulli_full_event,0,0,0,NaN,NaN,1,terminal_stage_probability_one,1,0,,"","",,Terminal recording stage excluded from Bernoulli complement product.
37,26,1,continue,bernoulli_full_event,45,2,43,0.42143020196329,0.157123295299332,0.0662165020711351,full_event_available,0,1,,"14,23","0.17525,0.42461",paper_formula,Full Bernoulli event probability uses selected probabilities and non-selected complement probabilities.
37,26,2,continue,bernoulli_full_event,43,3,40,1,0.773585831503934,0.773585831503934,full_event_available,0,1,,"3,13,18","0.5346,0.12028,0.39594",paper_formula,Full Bernoulli event probability uses selected probabilities and non-selected complement probabilities.
37,26,3,continue,bernoulli_full_event,36,6,30,0.996030025590627,0.825114986365223,0.821839300984563,full_event_available,0,1,,"16,17,27,31,40,42","0.70084,0.43298,0.37877,0.46239,0.007967,0.96379",paper_formula,Full Bernoulli event probability uses selected probabilities and non-selected complement probabilities.
37,26,4,load_loss_threshold,bernoulli_full_event,0,0,0,NaN,NaN,1,terminal_stage_probability_one,1,0,,"","",,Terminal recording stage excluded from Bernoulli complement product.
37,27,1,continue,bernoulli_full_event,45,4,41,0.121002672396129,0.768661892573908,0.0930101431705094,full_event_available,0,1,,"8,14,19,23","0.43354,0.23853,0.22425,0.46683",paper_formula,Full Bernoulli event probability uses selected probabilities and non-selected complement probabilities.
37,27,2,continue,bernoulli_full_event,41,7,34,0.659085175921818,0.803794743018231,0.529769199607203,full_event_available,0,1,,"1,2,3,6,13,18,27","0.4762,0.74296,0.16438,0.89372,0.78516,0.94521,0.23669",paper_formula,Full Bernoulli event probability uses selected probabilities and non-selected complement probabilities.
37,27,3,load_loss_threshold,bernoulli_full_event,0,0,0,NaN,NaN,1,terminal_stage_probability_one,1,0,,"","",,Terminal recording stage excluded from Bernoulli complement product.
37,28,1,continue,bernoulli_full_event,45,3,42,0.231294498473917,0.366533247992255,0.0847771237683845,full_event_available,0,1,,"8,19,23","0.45379,0.31351,0.66385",paper_formula,Full Bernoulli event probability uses selected probabilities and non-selected complement probabilities.
37,28,2,continue,bernoulli_full_event,42,6,36,0.512758042653819,0.331665291641102,0.170064045758099,full_event_available,0,1,,"3,12,13,16,17,18","0.91576,0.36581,0.26012,0.47725,0.19802,0.53779",paper_formula,Full Bernoulli event probability uses selected probabilities and non-selected complement probabilities.
37,28,3,continue,bernoulli_full_event,29,6,23,0.814686445283199,0.658244638212006,0.536262984431665,full_event_available,0,1,,"4,27,30,31,40,42","0.099268,0.20452,0.38829,0.17669,0.47673,0.58071",paper_formula,Full Bernoulli event probability uses selected probabilities and non-selected complement probabilities.
37,28,4,load_loss_threshold,bernoulli_full_event,0,0,0,NaN,NaN,1,terminal_stage_probability_one,1,0,,"","",,Terminal recording stage excluded from Bernoulli complement product.
37,29,1,continue,bernoulli_full_event,45,4,41,0.0017154718173104,0.414525571119944,0.000711106934810763,full_event_available,0,1,,"14,19,23,42","0.35619,0.16932,0.20235,0.0019909",paper_formula,Full Bernoulli event probability uses selected probabilities and non-selected complement probabilities.
37,29,2,continue,bernoulli_full_event,41,5,36,0.586097691403536,0.667134582686432,0.391006038767979,full_event_available,0,1,,"3,7,13,18,27","0.82572,0.3814,0.73823,0.77122,0.16439",paper_formula,Full Bernoulli event probability uses selected probabilities and non-selected complement probabilities.
37,29,3,load_loss_threshold,bernoulli_full_event,0,0,0,NaN,NaN,1,terminal_stage_probability_one,1,0,,"","",,Terminal recording stage excluded from Bernoulli complement product.
37,30,1,continue,bernoulli_full_event,45,1,44,0.805556482965566,0.0749235942586719,0.0603551870821548,full_event_available,0,1,,"23","0.34977",paper_formula,Full Bernoulli event probability uses selected probabilities and non-selected complement probabilities.
37,30,2,continue,bernoulli_full_event,44,5,39,0.853144555267917,0.778428196025616,0.664111777106281,full_event_available,0,1,,"8,10,13,14,18","0.037402,0.56642,0.85227,0.62205,0.8283",paper_formula,Full Bernoulli event probability uses selected probabilities and non-selected complement probabilities.
37,30,3,continue,bernoulli_full_event,35,2,33,1,0.808963152501892,0.808963152501892,full_event_available,0,1,,"3,27","0.15618,0.19181",paper_formula,Full Bernoulli event probability uses selected probabilities and non-selected complement probabilities.
37,30,4,load_loss_threshold,bernoulli_full_event,30,0,30,NaN,NaN,1,terminal_stage_probability_one,1,0,,"","",,Terminal recording stage excluded from Bernoulli complement product.
38,1,1,continue,bernoulli_full_event,45,2,43,1,0.758983250297506,0.758983250297506,full_event_available,0,1,,"28,35","0.4784,0.96742",paper_formula,Full Bernoulli event probability uses selected probabilities and non-selected complement probabilities.
38,1,2,continue,bernoulli_full_event,40,4,36,0.500241471739342,0.793971917421231,0.397177680490504,full_event_available,0,1,,"8,14,19,23","0.53317,0.56731,0.56614,0.49083",paper_formula,Full Bernoulli event probability uses selected probabilities and non-selected complement probabilities.
38,1,3,continue,bernoulli_full_event,36,7,29,0.962931765085532,0.830261600702323,0.799485268647027,full_event_available,0,1,,"1,2,3,6,13,18,27","0.96641,0.8725,0.0062295,0.17419,0.32181,0.89743,0.68857",paper_formula,Full Bernoulli event probability uses selected probabilities and non-selected complement probabilities.
38,1,4,load_loss_threshold,bernoulli_full_event,0,0,0,NaN,NaN,1,terminal_stage_probability_one,1,0,,"","",,Terminal recording stage excluded from Bernoulli complement product.
38,2,1,continue,bernoulli_full_event,45,2,43,1,0.758983250297506,0.758983250297506,full_event_available,0,1,,"28,35","0.64453,0.93355",paper_formula,Full Bernoulli event probability uses selected probabilities and non-selected complement probabilities.
38,2,2,continue,bernoulli_full_event,40,4,36,0.00391600069739272,0.146312233128355,0.000572958806967726,full_event_available,0,1,,"8,14,22,23","0.59423,0.56179,0.0038875,0.70165",paper_formula,Full Bernoulli event probability uses selected probabilities and non-selected complement probabilities.
38,2,3,continue,bernoulli_full_event,36,7,29,0.962931765085532,0.830037410525333,0.799269388804183,full_event_available,0,1,,"1,2,3,6,13,18,27","0.78792,0.61782,0.73407,0.89884,0.31401,0.9989,0.13726",paper_formula,Full Bernoulli event probability uses selected probabilities and non-selected complement probabilities.
38,2,4,load_loss_threshold,bernoulli_full_event,0,0,0,NaN,NaN,1,terminal_stage_probability_one,1,0,,"","",,Terminal recording stage excluded from Bernoulli complement product.
38,3,1,continue,bernoulli_full_event,45,2,43,1,0.758983250297506,0.758983250297506,full_event_available,0,1,,"28,35","0.7785,0.82783",paper_formula,Full Bernoulli event probability uses selected probabilities and non-selected complement probabilities.
38,3,2,continue,bernoulli_full_event,40,4,36,0.00417369534817804,0.184344655292731,0.000769398430256757,full_event_available,0,1,,"1,8,19,23","0.00056831,0.35161,0.22761,0.31054",paper_formula,Full Bernoulli event probability uses selected probabilities and non-selected complement probabilities.
38,3,3,load_loss_threshold,bernoulli_full_event,23,0,23,NaN,NaN,1,terminal_stage_probability_one,1,0,,"","",,Terminal recording stage excluded from Bernoulli complement product.
38,4,1,continue,bernoulli_full_event,45,3,42,0.0064324913,0.763897011175991,0.00491376087848557,full_event_available,0,1,,"28,35,45","0.59901,0.82397,0.0055236",paper_formula,Full Bernoulli event probability uses selected probabilities and non-selected complement probabilities.
38,4,2,continue,bernoulli_full_event,39,5,34,0.00428941581386297,0.804336253364477,0.00345013264484488,full_event_available,0,1,,"8,14,19,23,32","0.37756,0.65647,0.13334,0.080087,0.0033533",paper_formula,Full Bernoulli event probability uses selected probabilities and non-selected complement probabilities.
38,4,3,continue,bernoulli_full_event,33,7,26,1,0.846185015166321,0.846185015166321,full_event_available,0,1,,"1,2,3,6,13,18,27","0.26095,0.83024,0.97831,0.57318,0.52228,0.38797,0.23968",paper_formula,Full Bernoulli event probability uses selected probabilities and non-selected complement probabilities.
38,4,4,load_loss_threshold,bernoulli_full_event,0,0,0,NaN,NaN,1,terminal_stage_probability_one,1,0,,"","",,Terminal recording stage excluded from Bernoulli complement product.
38,5,1,continue,bernoulli_full_event,45,4,41,4.25296141922006e-05,0.768980502422769,3.27044440893649e-05,full_event_available,0,1,,"10,13,28,35","0.0045769,0.0028662,0.36235,0.31406",paper_formula,Full Bernoulli event probability uses selected probabilities and non-selected complement probabilities.
38,5,2,continue,bernoulli_full_event,38,8,30,4.31661973623682e-05,0.82518566879715,3.56201274398956e-05,full_event_available,0,1,,"2,8,12,14,15,19,23,29","0.0021769,0.28893,0.37894,0.5506,0.76884,0.78627,0.90922,0.0023774",paper_formula,Full Bernoulli event probability uses selected probabilities and non-selected complement probabilities.
38,5,3,load_loss_threshold,bernoulli_full_event,23,0,23,NaN,NaN,1,terminal_stage_probability_one,1,0,,"","",,Terminal recording stage excluded from Bernoulli complement product.
38,6,1,continue,bernoulli_full_event,45,2,43,1,0.758983250297506,0.758983250297506,full_event_available,0,1,,"28,35","0.97879,0.56247",paper_formula,Full Bernoulli event probability uses selected probabilities and non-selected complement probabilities.
38,6,2,continue,bernoulli_full_event,40,4,36,0.500241471739342,0.793971917421231,0.397177680490504,full_event_available,0,1,,"8,14,19,23","0.14597,0.033674,0.69759,0.97322",paper_formula,Full Bernoulli event probability uses selected probabilities and non-selected complement probabilities.
38,6,3,continue,bernoulli_full_event,36,7,29,0.962931765085532,0.830261600702323,0.799485268647027,full_event_available,0,1,,"1,2,3,6,13,18,27","0.93697,0.70089,0.43368,0.95851,0.26071,0.60556,0.31136",paper_formula,Full Bernoulli event probability uses selected probabilities and non-selected complement probabilities.
38,6,4,load_loss_threshold,bernoulli_full_event,0,0,0,NaN,NaN,1,terminal_stage_probability_one,1,0,,"","",,Terminal recording stage excluded from Bernoulli complement product.
38,7,1,continue,bernoulli_full_event,45,2,43,1,0.758983250297506,0.758983250297506,full_event_available,0,1,,"28,35","0.41821,0.72318",paper_formula,Full Bernoulli event probability uses selected probabilities and non-selected complement probabilities.
38,7,2,continue,bernoulli_full_event,40,4,36,0.500241471739342,0.793971917421231,0.397177680490504,full_event_available,0,1,,"8,14,19,23","0.6857,0.047707,0.069372,0.2473",paper_formula,Full Bernoulli event probability uses selected probabilities and non-selected complement probabilities.
38,7,3,continue,bernoulli_full_event,36,8,28,0.00618737691576122,0.835630998762819,0.00517036395183956,full_event_available,0,1,,"1,2,3,4,6,13,18,27","0.76318,0.093154,0.60924,0.0041449,0.42237,0.43376,0.36424,0.32678",paper_formula,Full Bernoulli event probability uses selected probabilities and non-selected complement probabilities.
38,7,4,load_loss_threshold,bernoulli_full_event,0,0,0,NaN,NaN,1,terminal_stage_probability_one,1,0,,"","",,Terminal recording stage excluded from Bernoulli complement product.
38,8,1,continue,bernoulli_full_event,45,2,43,1,0.758983250297506,0.758983250297506,full_event_available,0,1,,"28,35","0.37506,0.95236",paper_formula,Full Bernoulli event probability uses selected probabilities and non-selected complement probabilities.
38,8,2,continue,bernoulli_full_event,40,4,36,0.500241471739342,0.793971917421231,0.397177680490504,full_event_available,0,1,,"8,14,19,23","0.38151,0.39162,0.43014,0.50673",paper_formula,Full Bernoulli event probability uses selected probabilities and non-selected complement probabilities.
38,8,3,continue,bernoulli_full_event,36,7,29,0.962931765085532,0.830261600702323,0.799485268647027,full_event_available,0,1,,"1,2,3,6,13,18,27","0.5492,0.46199,0.71044,0.03853,0.81347,0.93433,0.60526",paper_formula,Full Bernoulli event probability uses selected probabilities and non-selected complement probabilities.
38,8,4,load_loss_threshold,bernoulli_full_event,0,0,0,NaN,NaN,1,terminal_stage_probability_one,1,0,,"","",,Terminal recording stage excluded from Bernoulli complement product.
38,9,1,continue,bernoulli_full_event,45,2,43,1,0.758983250297506,0.758983250297506,full_event_available,0,1,,"28,35","0.74178,0.64418",paper_formula,Full Bernoulli event probability uses selected probabilities and non-selected complement probabilities.
38,9,2,continue,bernoulli_full_event,40,4,36,0.00390782215439144,0.184268824667013,0.000720089795397425,full_event_available,0,1,,"8,19,23,44","0.64335,0.31775,0.58382,0.0018228",paper_formula,Full Bernoulli event probability uses selected probabilities and non-selected complement probabilities.
38,9,3,continue,bernoulli_full_event,36,8,28,0.718182748598272,0.251095185832771,0.180332230721174,full_event_available,0,1,,"1,3,12,13,16,17,18,27","0.26471,0.71812,0.39216,0.95937,0.26809,0.87928,0.64182,0.088707",paper_formula,Full Bernoulli event probability uses selected probabilities and non-selected complement probabilities.
38,9,4,load_loss_threshold,bernoulli_full_event,0,0,0,NaN,NaN,1,terminal_stage_probability_one,1,0,,"","",,Terminal recording stage excluded from Bernoulli complement product.
38,10,1,continue,bernoulli_full_event,45,2,43,1,0.758983250297506,0.758983250297506,full_event_available,0,1,,"28,35","0.51709,0.73674",paper_formula,Full Bernoulli event probability uses selected probabilities and non-selected complement probabilities.
38,10,2,continue,bernoulli_full_event,40,3,37,0.650246973332848,0.183161414982802,0.119100155723929,full_event_available,0,1,,"8,19,23","0.51846,0.56405,0.08801",paper_formula,Full Bernoulli event probability uses selected probabilities and non-selected complement probabilities.
38,10,3,continue,bernoulli_full_event,37,8,29,0.467624995435763,0.256633906333505,0.120008429277867,full_event_available,0,1,,"1,3,6,12,13,16,17,18","0.19562,0.19039,0.12177,0.95096,0.19395,0.32133,0.37087,0.50225",paper_formula,Full Bernoulli event probability uses selected probabilities and non-selected complement probabilities.
38,10,4,load_loss_threshold,bernoulli_full_event,21,0,21,NaN,NaN,1,terminal_stage_probability_one,1,0,,"","",,Terminal recording stage excluded from Bernoulli complement product.
38,11,1,continue,bernoulli_full_event,45,2,43,1,0.758983250297506,0.758983250297506,full_event_available,0,1,,"28,35","0.59386,0.66207",paper_formula,Full Bernoulli event probability uses selected probabilities and non-selected complement probabilities.
38,11,2,continue,bernoulli_full_event,40,3,37,0.626731899771951,0.160243714604324,0.100429847680482,full_event_available,0,1,,"14,19,23","0.43162,0.54288,0.97329",paper_formula,Full Bernoulli event probability uses selected probabilities and non-selected complement probabilities.
38,11,3,continue,bernoulli_full_event,37,3,34,1,0.804417960082662,0.804417960082662,full_event_available,0,1,,"3,13,18","0.99421,0.47096,0.18377",paper_formula,Full Bernoulli event probability uses selected probabilities and non-selected complement probabilities.
38,11,4,load_loss_threshold,bernoulli_full_event,31,0,31,NaN,NaN,1,terminal_stage_probability_one,1,0,,"","",,Terminal recording stage excluded from Bernoulli complement product.
38,12,1,continue,bernoulli_full_event,45,4,41,4.33029785382011e-05,0.769071699902285,3.33030953152065e-05,full_event_available,0,1,,"28,29,35,42","0.1329,0.002443,0.67162,0.0040097",paper_formula,Full Bernoulli event probability uses selected probabilities and non-selected complement probabilities.
38,12,2,continue,bernoulli_full_event,38,1,37,1,0.789260110867398,0.789260110867398,full_event_available,0,1,,"3","0.016601",paper_formula,Full Bernoulli event probability uses selected probabilities and non-selected complement probabilities.
38,12,3,continue,bernoulli_full_event,37,5,32,0.006457241925,0.162734529265436,0.00105081622501791,full_event_available,0,1,,"1,8,19,23,43","0.103,0.48421,0.38798,0.92702,4.2097e-05",paper_formula,Full Bernoulli event probability uses selected probabilities and non-selected complement probabilities.
38,12,4,load_loss_threshold,bernoulli_full_event,0,0,0,NaN,NaN,1,terminal_stage_probability_one,1,0,,"","",,Terminal recording stage excluded from Bernoulli complement product.
38,13,1,continue,bernoulli_full_event,45,2,43,1,0.758983250297506,0.758983250297506,full_event_available,0,1,,"28,35","0.21969,0.031579",paper_formula,Full Bernoulli event probability uses selected probabilities and non-selected complement probabilities.
38,13,2,continue,bernoulli_full_event,40,4,36,0.500241471739342,0.793971917421231,0.397177680490504,full_event_available,0,1,,"8,14,19,23","0.66248,0.45408,0.67503,0.44802",paper_formula,Full Bernoulli event probability uses selected probabilities and non-selected complement probabilities.
38,13,3,continue,bernoulli_full_event,36,7,29,0.962931765085532,0.830261600702323,0.799485268647027,full_event_available,0,1,,"1,2,3,6,13,18,27","0.51841,0.50045,0.030323,0.24816,0.013083,0.99249,0.51677",paper_formula,Full Bernoulli event probability uses selected probabilities and non-selected complement probabilities.
38,13,4,load_loss_threshold,bernoulli_full_event,0,0,0,NaN,NaN,1,terminal_stage_probability_one,1,0,,"","",,Terminal recording stage excluded from Bernoulli complement product.
38,14,1,continue,bernoulli_full_event,45,2,43,1,0.758983250297506,0.758983250297506,full_event_available,0,1,,"28,35","0.63754,0.84924",paper_formula,Full Bernoulli event probability uses selected probabilities and non-selected complement probabilities.
38,14,2,continue,bernoulli_full_event,40,6,34,2.04330243391954e-05,0.8042232827063,1.64327139096854e-05,full_event_available,0,1,,"8,14,18,19,23,42","0.33335,0.23463,0.00285,0.60699,0.60996,0.0047398",paper_formula,Full Bernoulli event probability uses selected probabilities and non-selected complement probabilities.
38,14,3,load_loss_threshold,bernoulli_full_event,33,0,33,NaN,NaN,1,terminal_stage_probability_one,1,0,,"","",,Terminal recording stage excluded from Bernoulli complement product.
38,15,1,continue,bernoulli_full_event,45,3,42,0.006245376575,0.76375317649507,0.00476992619756415,full_event_available,0,1,,"12,28,35","0.0041304,0.4588,0.35793",paper_formula,Full Bernoulli event probability uses selected probabilities and non-selected complement probabilities.
38,15,2,continue,bernoulli_full_event,39,5,34,0.93804438081996,0.112896112839273,0.105901564265296,full_event_available,0,1,,"10,11,14,19,23","0.89043,0.79816,0.857,0.7019,0.086079",paper_formula,Full Bernoulli event probability uses selected probabilities and non-selected complement probabilities.
38,15,3,load_loss_threshold,bernoulli_full_event,29,0,29,NaN,NaN,1,terminal_stage_probability_one,1,0,,"","",,Terminal recording stage excluded from Bernoulli complement product.
38,16,1,continue,bernoulli_full_event,45,2,43,1,0.758983250297506,0.758983250297506,full_event_available,0,1,,"28,35","0.12949,0.27463",paper_formula,Full Bernoulli event probability uses selected probabilities and non-selected complement probabilities.
38,16,2,continue,bernoulli_full_event,40,3,37,0.00511470655141963,0.0337538178047215,0.000172640873061234,full_event_available,0,1,,"4,8,23","0.0058504,0.15546,0.58192",paper_formula,Full Bernoulli event probability uses selected probabilities and non-selected complement probabilities.
38,16,3,continue,bernoulli_full_event,37,8,29,0.379957583923524,0.213984363239844,0.0813049816540249,full_event_available,0,1,,"1,3,11,12,13,16,17,18","0.87454,0.48582,0.28,0.82044,0.4275,0.70798,0.76073,0.55414",paper_formula,Full Bernoulli event probability uses selected probabilities and non-selected complement probabilities.
38,16,4,load_loss_threshold,bernoulli_full_event,20,0,20,NaN,NaN,1,terminal_stage_probability_one,1,0,,"","",,Terminal recording stage excluded from Bernoulli complement product.
38,17,1,continue,bernoulli_full_event,45,2,43,1,0.758983250297506,0.758983250297506,full_event_available,0,1,,"28,35","0.78755,0.84551",paper_formula,Full Bernoulli event probability uses selected probabilities and non-selected complement probabilities.
38,17,2,continue,bernoulli_full_event,40,5,35,0.00326781932273145,0.799192630352065,0.00261161712004905,full_event_available,0,1,,"8,14,19,20,23","0.14423,0.33338,0.25044,0.0059314,0.18131",paper_formula,Full Bernoulli event probability uses selected probabilities and non-selected complement probabilities.
38,17,3,load_loss_threshold,bernoulli_full_event,35,0,35,NaN,NaN,1,terminal_stage_probability_one,1,0,,"","",,Terminal recording stage excluded from Bernoulli complement product.
38,18,1,continue,bernoulli_full_event,45,2,43,1,0.758983250297506,0.758983250297506,full_event_available,0,1,,"28,35","0.22195,0.59889",paper_formula,Full Bernoulli event probability uses selected probabilities and non-selected complement probabilities.
38,18,2,continue,bernoulli_full_event,40,4,36,0.500241471739342,0.793971917421231,0.397177680490504,full_event_available,0,1,,"8,14,19,23","0.55838,0.2838,0.58199,0.13394",paper_formula,Full Bernoulli event probability uses selected probabilities and non-selected complement probabilities.
38,18,3,continue,bernoulli_full_event,36,7,29,0.962931765085532,0.830261600702323,0.799485268647027,full_event_available,0,1,,"1,2,3,6,13,18,27","0.96407,0.43776,0.18881,0.30168,0.90868,0.8502,0.10959",paper_formula,Full Bernoulli event probability uses selected probabilities and non-selected complement probabilities.
38,18,4,load_loss_threshold,bernoulli_full_event,0,0,0,NaN,NaN,1,terminal_stage_probability_one,1,0,,"","",,Terminal recording stage excluded from Bernoulli complement product.
38,19,1,continue,bernoulli_full_event,45,2,43,1,0.758983250297506,0.758983250297506,full_event_available,0,1,,"28,35","0.69864,0.66439",paper_formula,Full Bernoulli event probability uses selected probabilities and non-selected complement probabilities.
38,19,2,continue,bernoulli_full_event,40,3,37,0.626731899771951,0.160243714604324,0.100429847680482,full_event_available,0,1,,"14,19,23","0.32688,0.12201,0.26601",paper_formula,Full Bernoulli event probability uses selected probabilities and non-selected complement probabilities.
38,19,3,continue,bernoulli_full_event,37,3,34,1,0.804417960082662,0.804417960082662,full_event_available,0,1,,"3,13,18","0.025863,0.94584,0.34959",paper_formula,Full Bernoulli event probability uses selected probabilities and non-selected complement probabilities.
38,19,4,load_loss_threshold,bernoulli_full_event,31,0,31,NaN,NaN,1,terminal_stage_probability_one,1,0,,"","",,Terminal recording stage excluded from Bernoulli complement product.
38,20,1,continue,bernoulli_full_event,45,2,43,1,0.758983250297506,0.758983250297506,full_event_available,0,1,,"28,35","0.88054,0.95978",paper_formula,Full Bernoulli event probability uses selected probabilities and non-selected complement probabilities.
38,20,2,continue,bernoulli_full_event,40,4,36,0.500241471739342,0.793971917421231,0.397177680490504,full_event_available,0,1,,"8,14,19,23","0.084571,0.27388,0.38847,0.11018",paper_formula,Full Bernoulli event probability uses selected probabilities and non-selected complement probabilities.
38,20,3,continue,bernoulli_full_event,36,7,29,0.962931765085532,0.830261600702323,0.799485268647027,full_event_available,0,1,,"1,2,3,6,13,18,27","0.99841,0.5367,0.71358,0.93665,0.43083,0.51221,0.52977",paper_formula,Full Bernoulli event probability uses selected probabilities and non-selected complement probabilities.
38,20,4,load_loss_threshold,bernoulli_full_event,0,0,0,NaN,NaN,1,terminal_stage_probability_one,1,0,,"","",,Terminal recording stage excluded from Bernoulli complement product.
38,21,1,continue,bernoulli_full_event,45,2,43,1,0.758983250297506,0.758983250297506,full_event_available,0,1,,"28,35","0.11066,0.28162",paper_formula,Full Bernoulli event probability uses selected probabilities and non-selected complement probabilities.
38,21,2,continue,bernoulli_full_event,40,4,36,0.500241471739342,0.793971917421231,0.397177680490504,full_event_available,0,1,,"8,14,19,23","0.5538,0.48064,0.7274,0.75725",paper_formula,Full Bernoulli event probability uses selected probabilities and non-selected complement probabilities.
38,21,3,continue,bernoulli_full_event,36,7,29,0.962931765085532,0.830261600702323,0.799485268647027,full_event_available,0,1,,"1,2,3,6,13,18,27","0.79087,0.54066,0.76695,0.46287,0.92576,0.55128,0.79751",paper_formula,Full Bernoulli event probability uses selected probabilities and non-selected complement probabilities.
38,21,4,load_loss_threshold,bernoulli_full_event,0,0,0,NaN,NaN,1,terminal_stage_probability_one,1,0,,"","",,Terminal recording stage excluded from Bernoulli complement product.
38,22,1,continue,bernoulli_full_event,45,3,42,0.00656119455,0.763995976534969,0.00501272623746317,full_event_available,0,1,,"28,31,35","0.80081,0.0017581,0.37342",paper_formula,Full Bernoulli event probability uses selected probabilities and non-selected complement probabilities.
38,22,2,continue,bernoulli_full_event,39,3,36,0.630199377175643,0.169643229615138,0.106909057645525,full_event_available,0,1,,"14,19,23","0.31367,0.28132,0.78202",paper_formula,Full Bernoulli event probability uses selected probabilities and non-selected complement probabilities.
38,22,3,continue,bernoulli_full_event,36,3,33,1,0.571470018437768,0.571470018437768,full_event_available,0,1,,"3,13,18","0.21732,0.74123,0.30312",paper_formula,Full Bernoulli event probability uses selected probabilities and non-selected complement probabilities.
38,22,4,load_loss_threshold,bernoulli_full_event,0,0,0,NaN,NaN,1,terminal_stage_probability_one,1,0,,"","",,Terminal recording stage excluded from Bernoulli complement product.
38,23,1,continue,bernoulli_full_event,45,3,42,0.006009750625,0.763572128373229,0.0045888780757236,full_event_available,0,1,,"28,34,35","0.018703,0.0050174,0.6762",paper_formula,Full Bernoulli event probability uses selected probabilities and non-selected complement probabilities.
38,23,2,continue,bernoulli_full_event,39,10,29,4.1688127865481e-05,0.830556150472488,3.46243310003587e-05,full_event_available,0,1,,"1,6,8,10,14,19,20,23,24,32","0.0022842,0.50776,0.35132,0.13066,0.15253,0.66168,0.74036,0.082701,0.82941,0.0018026",paper_formula,Full Bernoulli event probability uses selected probabilities and non-selected complement probabilities.
38,23,3,load_loss_threshold,bernoulli_full_event,18,0,18,NaN,NaN,1,terminal_stage_probability_one,1,0,,"","",,Terminal recording stage excluded from Bernoulli complement product.
38,24,1,continue,bernoulli_full_event,45,2,43,1,0.758983250297506,0.758983250297506,full_event_available,0,1,,"28,35","0.44841,0.25936",paper_formula,Full Bernoulli event probability uses selected probabilities and non-selected complement probabilities.
38,24,2,continue,bernoulli_full_event,40,2,38,0.814667603429341,0.0369666292535342,0.0301155152608377,full_event_available,0,1,,"19,23","0.10547,0.72597",paper_formula,Full Bernoulli event probability uses selected probabilities and non-selected complement probabilities.
38,24,3,continue,bernoulli_full_event,38,6,32,0.00641863095,0.814682468565751,0.00522914610715853,full_event_available,0,1,,"1,8,10,13,14,18","0.0051334,0.53642,0.34995,0.97771,0.49802,0.32738",paper_formula,Full Bernoulli event probability uses selected probabilities and non-selected complement probabilities.
38,24,4,load_loss_threshold,bernoulli_full_event,23,0,23,NaN,NaN,1,terminal_stage_probability_one,1,0,,"","",,Terminal recording stage excluded from Bernoulli complement product.
38,25,1,continue,bernoulli_full_event,45,2,43,1,0.758983250297506,0.758983250297506,full_event_available,0,1,,"28,35","0.59082,0.8365",paper_formula,Full Bernoulli event probability uses selected probabilities and non-selected complement probabilities.
38,25,2,continue,bernoulli_full_event,40,3,37,0.650246973332848,0.183161414982802,0.119100155723929,full_event_available,0,1,,"8,19,23","0.73174,0.3754,0.066471",paper_formula,Full Bernoulli event probability uses selected probabilities and non-selected complement probabilities.
38,25,3,continue,bernoulli_full_event,37,9,28,0.178088759915777,0.414485009319613,0.0738151213134091,full_event_available,0,1,,"1,3,6,11,12,13,16,17,18","0.54632,0.94197,0.30952,0.24054,0.20868,0.46851,0.52241,0.50839,0.1767",paper_formula,Full Bernoulli event probability uses selected probabilities and non-selected complement probabilities.
38,25,4,load_loss_threshold,bernoulli_full_event,21,0,21,NaN,NaN,1,terminal_stage_probability_one,1,0,,"","",,Terminal recording stage excluded from Bernoulli complement product.
38,26,1,continue,bernoulli_full_event,45,2,43,1,0.758983250297506,0.758983250297506,full_event_available,0,1,,"28,35","0.29909,0.80501",paper_formula,Full Bernoulli event probability uses selected probabilities and non-selected complement probabilities.
38,26,2,continue,bernoulli_full_event,40,4,36,0.500241471739342,0.793971917421231,0.397177680490504,full_event_available,0,1,,"8,14,19,23","0.22889,0.36501,0.61359,0.084819",paper_formula,Full Bernoulli event probability uses selected probabilities and non-selected complement probabilities.
38,26,3,continue,bernoulli_full_event,36,7,29,0.962931765085532,0.830261600702323,0.799485268647027,full_event_available,0,1,,"1,2,3,6,13,18,27","0.22262,0.61714,0.81039,0.3275,0.40095,0.90348,0.94613",paper_formula,Full Bernoulli event probability uses selected probabilities and non-selected complement probabilities.
38,26,4,load_loss_threshold,bernoulli_full_event,0,0,0,NaN,NaN,1,terminal_stage_probability_one,1,0,,"","",,Terminal recording stage excluded from Bernoulli complement product.
38,27,1,continue,bernoulli_full_event,45,2,43,1,0.758983250297506,0.758983250297506,full_event_available,0,1,,"28,35","0.24716,0.3735",paper_formula,Full Bernoulli event probability uses selected probabilities and non-selected complement probabilities.
38,27,2,continue,bernoulli_full_event,40,3,37,0.650246973332848,0.183161414982802,0.119100155723929,full_event_available,0,1,,"8,19,23","0.71459,0.61458,0.97528",paper_formula,Full Bernoulli event probability uses selected probabilities and non-selected complement probabilities.
38,27,3,continue,bernoulli_full_event,37,7,30,1,0.136625477055638,0.136625477055638,full_event_available,0,1,,"1,3,12,13,16,17,18","0.37954,0.53974,0.70738,0.8414,0.28785,0.93967,0.73344",paper_formula,Full Bernoulli event probability uses selected probabilities and non-selected complement probabilities.
38,27,4,load_loss_threshold,bernoulli_full_event,22,0,22,NaN,NaN,1,terminal_stage_probability_one,1,0,,"","",,Terminal recording stage excluded from Bernoulli complement product.
38,28,1,continue,bernoulli_full_event,45,2,43,1,0.758983250297506,0.758983250297506,full_event_available,0,1,,"28,35","0.38947,0.84589",paper_formula,Full Bernoulli event probability uses selected probabilities and non-selected complement probabilities.
38,28,2,continue,bernoulli_full_event,40,3,37,0.00526050580380321,0.0372068830989795,0.000195727024483609,full_event_available,0,1,,"19,23,43","0.026374,0.34592,0.0036242",paper_formula,Full Bernoulli event probability uses selected probabilities and non-selected complement probabilities.
38,28,3,continue,bernoulli_full_event,37,5,32,1,0.814714128687242,0.814714128687242,full_event_available,0,1,,"8,10,13,14,18","0.4823,0.28578,0.98247,0.89762,0.39408",paper_formula,Full Bernoulli event probability uses selected probabilities and non-selected complement probabilities.
38,28,4,continue,bernoulli_full_event,29,2,27,1,0.841030932584767,0.841030932584767,full_event_available,0,1,,"3,27","0.32465,0.36479",paper_formula,Full Bernoulli event probability uses selected probabilities and non-selected complement probabilities.
38,28,5,max_depth_reached,bernoulli_full_event,0,0,0,NaN,NaN,1,terminal_stage_probability_one,1,0,,"","",,Terminal recording stage excluded from Bernoulli complement product.
38,29,1,continue,bernoulli_full_event,45,2,43,1,0.758983250297506,0.758983250297506,full_event_available,0,1,,"28,35","0.94367,0.96625",paper_formula,Full Bernoulli event probability uses selected probabilities and non-selected complement probabilities.
38,29,2,continue,bernoulli_full_event,40,4,36,0.500241471739342,0.793971917421231,0.397177680490504,full_event_available,0,1,,"8,14,19,23","0.21642,0.19433,0.13753,0.72734",paper_formula,Full Bernoulli event probability uses selected probabilities and non-selected complement probabilities.
38,29,3,continue,bernoulli_full_event,36,7,29,0.962931765085532,0.830261600702323,0.799485268647027,full_event_available,0,1,,"1,2,3,6,13,18,27","0.46491,0.50762,0.39828,0.42143,0.89884,0.94146,0.80634",paper_formula,Full Bernoulli event probability uses selected probabilities and non-selected complement probabilities.
38,29,4,load_loss_threshold,bernoulli_full_event,0,0,0,NaN,NaN,1,terminal_stage_probability_one,1,0,,"","",,Terminal recording stage excluded from Bernoulli complement product.
38,30,1,continue,bernoulli_full_event,45,2,43,1,0.758983250297506,0.758983250297506,full_event_available,0,1,,"28,35","0.23613,0.58514",paper_formula,Full Bernoulli event probability uses selected probabilities and non-selected complement probabilities.
38,30,2,continue,bernoulli_full_event,40,3,37,0.612365925040641,0.145376585366881,0.0890236671774396,full_event_available,0,1,,"8,14,23","0.65696,0.69885,0.77378",paper_formula,Full Bernoulli event probability uses selected probabilities and non-selected complement probabilities.
38,30,3,continue,bernoulli_full_event,37,9,28,3.79609076273467e-05,0.835195695476666,3.17047866467473e-05,full_event_available,0,1,,"1,2,3,6,13,18,27,31,44","0.99885,0.19596,0.4563,0.87804,0.58547,0.53342,0.54698,0.0019506,0.0046794",paper_formula,Full Bernoulli event probability uses selected probabilities and non-selected complement probabilities.
38,30,4,load_loss_threshold,bernoulli_full_event,6,0,6,NaN,NaN,1,terminal_stage_probability_one,1,0,,"","",,Terminal recording stage excluded from Bernoulli complement product.
39,1,1,continue,bernoulli_full_event,45,3,42,2.098363502144e-05,0.394397931617886,8.27590225028056e-06,full_event_available,0,1,,"23,36,38","0.13274,0.0024425,0.0039661",paper_formula,Full Bernoulli event probability uses selected probabilities and non-selected complement probabilities.
39,1,2,continue,bernoulli_full_event,42,4,38,1,0.783524843057052,0.783524843057052,full_event_available,0,1,,"8,10,13,18","0.66181,0.48157,0.51135,0.7755",paper_formula,Full Bernoulli event probability uses selected probabilities and non-selected complement probabilities.
39,1,3,continue,bernoulli_full_event,34,5,29,0.00106527214800184,0.82970758137444,0.000883864377424165,full_event_available,0,1,,"3,12,15,27,37","0.38244,0.039461,0.29728,0.1635,0.0010832",paper_formula,Full Bernoulli event probability uses selected probabilities and non-selected complement probabilities.
39,1,4,load_loss_threshold,bernoulli_full_event,0,0,0,NaN,NaN,1,terminal_stage_probability_one,1,0,,"","",,Terminal recording stage excluded from Bernoulli complement product.
39,2,1,continue,bernoulli_full_event,45,4,41,3.85694399532974e-06,0.484434757179162,1.86843772783119e-06,full_event_available,0,1,,"1,4,14,23","0.005737,0.0053019,0.07684,0.05196",paper_formula,Full Bernoulli event probability uses selected probabilities and non-selected complement probabilities.
39,2,2,continue,bernoulli_full_event,41,7,34,0.697859960901748,0.803652979639138,0.560837236949542,full_event_available,0,1,,"3,8,13,16,17,18,20","0.63428,0.49181,0.63989,0.76887,0.26731,0.42523,0.032343",paper_formula,Full Bernoulli event probability uses selected probabilities and non-selected complement probabilities.
39,2,3,load_loss_threshold,bernoulli_full_event,25,0,25,NaN,NaN,1,terminal_stage_probability_one,1,0,,"","",,Terminal recording stage excluded from Bernoulli complement product.
39,3,1,no_new_outage,bernoulli_full_event,45,0,45,1,0.193494717376886,0.193494717376886,full_event_available,1,1,,"","",paper_formula,Full Bernoulli event probability uses selected probabilities and non-selected complement probabilities.
39,4,1,continue,bernoulli_full_event,45,2,43,0.159486868232525,0.570076975734153,0.0909197915113093,full_event_available,0,1,,"19,23","0.0020847,0.25907",paper_formula,Full Bernoulli event probability uses selected probabilities and non-selected complement probabilities.
39,4,2,continue,bernoulli_full_event,43,4,39,1,0.394309769057805,0.394309769057805,full_event_available,0,1,,"8,10,13,18","0.031207,0.59787,0.71405,0.71877",paper_formula,Full Bernoulli event probability uses selected probabilities and non-selected complement probabilities.
39,4,3,continue,bernoulli_full_event,36,4,32,0.610305271185082,0.813713942541966,0.496613908370157,full_event_available,0,1,,"3,12,15,27","0.18961,0.54993,0.98376,0.4633",paper_formula,Full Bernoulli event probability uses selected probabilities and non-selected complement probabilities.
39,4,4,load_loss_threshold,bernoulli_full_event,28,0,28,NaN,NaN,1,terminal_stage_probability_one,1,0,,"","",,Terminal recording stage excluded from Bernoulli complement product.
39,5,1,no_new_outage,bernoulli_full_event,45,0,45,1,0.193494717376886,0.193494717376886,full_event_available,1,1,,"","",paper_formula,Full Bernoulli event probability uses selected probabilities and non-selected complement probabilities.
39,6,1,continue,bernoulli_full_event,45,2,43,0.00121673609603249,0.239251238758326,0.000291105618217742,full_event_available,0,1,,"11,14","0.0018756,0.086329",paper_formula,Full Bernoulli event probability uses selected probabilities and non-selected complement probabilities.
39,6,2,continue,bernoulli_full_event,43,1,42,1,0.763858197632548,0.763858197632548,full_event_available,0,1,,"3","0.46224",paper_formula,Full Bernoulli event probability uses selected probabilities and non-selected complement probabilities.
39,6,3,continue,bernoulli_full_event,42,7,35,1,0.524821977403193,0.524821977403193,full_event_available,0,1,,"4,16,17,20,31,40,42","0.11544,0.58087,0.57222,0.26226,0.63646,0.51116,0.04018",paper_formula,Full Bernoulli event probability uses selected probabilities and non-selected complement probabilities.
39,6,4,load_loss_threshold,bernoulli_full_event,0,0,0,NaN,NaN,1,terminal_stage_probability_one,1,0,,"","",,Terminal recording stage excluded from Bernoulli complement product.
39,7,1,continue,bernoulli_full_event,45,3,42,0.000623118397424191,0.481440482194439,0.000299994421720128,full_event_available,0,1,,"14,17,23","0.18246,0.00097675,0.08033",paper_formula,Full Bernoulli event probability uses selected probabilities and non-selected complement probabilities.
39,7,2,continue,bernoulli_full_event,42,7,35,0.224934295177311,0.622464321429597,0.14001357341379,full_event_available,0,1,,"1,2,3,6,13,18,20","0.032117,0.46946,0.72692,0.1741,0.78614,0.028628,0.13033",paper_formula,Full Bernoulli event probability uses selected probabilities and non-selected complement probabilities.
39,7,3,load_loss_threshold,bernoulli_full_event,0,0,0,NaN,NaN,1,terminal_stage_probability_one,1,0,,"","",,Terminal recording stage excluded from Bernoulli complement product.
39,8,1,continue,bernoulli_full_event,45,2,43,0.00123882409353017,0.239279853185957,0.000296425647223127,full_event_available,0,1,,"14,17","0.026328,0.0031846",paper_formula,Full Bernoulli event probability uses selected probabilities and non-selected complement probabilities.
39,8,2,continue,bernoulli_full_event,43,7,36,0.330989291894723,0.794215583921347,0.262876853733881,full_event_available,0,1,,"1,2,3,6,13,18,20","0.74256,0.047434,0.3274,0.052213,0.6133,0.24808,0.10983",paper_formula,Full Bernoulli event probability uses selected probabilities and non-selected complement probabilities.
39,8,3,load_loss_threshold,bernoulli_full_event,0,0,0,NaN,NaN,1,terminal_stage_probability_one,1,0,,"","",,Terminal recording stage excluded from Bernoulli complement product.
39,9,1,continue,bernoulli_full_event,45,1,44,0.317076458960051,0.283332914666016,0.0898381972891309,full_event_available,0,1,,"19","0.13127",paper_formula,Full Bernoulli event probability uses selected probabilities and non-selected complement probabilities.
39,9,2,continue,bernoulli_full_event,44,4,40,0.223118411425552,0.491845981834615,0.10973989413298,full_event_available,0,1,,"8,10,13,18","0.60183,0.26173,0.15216,0.074469",paper_formula,Full Bernoulli event probability uses selected probabilities and non-selected complement probabilities.
39,9,3,continue,bernoulli_full_event,39,4,35,0.717210106444947,0.798176527624453,0.572460272339392,full_event_available,0,1,,"3,12,15,27","0.52655,0.48843,0.865,0.35108",paper_formula,Full Bernoulli event probability uses selected probabilities and non-selected complement probabilities.
39,9,4,load_loss_threshold,bernoulli_full_event,31,0,31,NaN,NaN,1,terminal_stage_probability_one,1,0,,"","",,Terminal recording stage excluded from Bernoulli complement product.
39,10,1,continue,bernoulli_full_event,45,3,42,0.00061043438682718,0.481374753728126,0.000293847702626113,full_event_available,0,1,,"6,14,23","0.0061494,0.13491,0.19492",paper_formula,Full Bernoulli event probability uses selected probabilities and non-selected complement probabilities.
39,10,2,continue,bernoulli_full_event,42,3,39,1,0.710723968447001,0.710723968447001,full_event_available,0,1,,"3,13,18","0.39842,0.67495,0.92407",paper_formula,Full Bernoulli event probability uses selected probabilities and non-selected complement probabilities.
39,10,3,continue,bernoulli_full_event,35,7,28,0.999163382246082,0.835879195175078,0.835179883800265,full_event_available,0,1,,"16,17,25,27,31,40,42","0.044892,0.081053,0.9307,0.84996,0.73882,0.081393,0.22841",paper_formula,Full Bernoulli event probability uses selected probabilities and non-selected complement probabilities.
39,10,4,load_loss_threshold,bernoulli_full_event,9,0,9,NaN,NaN,1,terminal_stage_probability_one,1,0,,"","",,Terminal recording stage excluded from Bernoulli complement product.
39,11,1,continue,bernoulli_full_event,45,1,44,0.185921209882631,0.237685491534534,0.0441907741576484,full_event_available,0,1,,"14","0.17062",paper_formula,Full Bernoulli event probability uses selected probabilities and non-selected complement probabilities.
39,11,2,continue,bernoulli_full_event,44,1,43,1,0.758859231447375,0.758859231447375,full_event_available,0,1,,"3","0.35715",paper_formula,Full Bernoulli event probability uses selected probabilities and non-selected complement probabilities.
39,11,3,continue,bernoulli_full_event,43,8,35,0.289111296139791,0.798886980636295,0.230967250440964,full_event_available,0,1,,"4,16,17,20,27,31,40,42","0.34007,0.47026,0.41529,0.7187,0.17351,0.66718,0.75198,0.82773",paper_formula,Full Bernoulli event probability uses selected probabilities and non-selected complement probabilities.
39,11,4,load_loss_threshold,bernoulli_full_event,0,0,0,NaN,NaN,1,terminal_stage_probability_one,1,0,,"","",,Terminal recording stage excluded from Bernoulli complement product.
39,12,1,continue,bernoulli_full_event,45,2,43,0.00210174646070916,0.285223523425928,0.000599467530871439,full_event_available,0,1,,"19,30","0.11085,0.002712",paper_formula,Full Bernoulli event probability uses selected probabilities and non-selected complement probabilities.
39,12,2,continue,bernoulli_full_event,43,4,39,0.389920245548857,0.670414439412353,0.261408162835164,full_event_available,0,1,,"8,10,14,18","0.85174,0.64849,0.16889,0.54056",paper_formula,Full Bernoulli event probability uses selected probabilities and non-selected complement probabilities.
39,12,3,continue,bernoulli_full_event,38,3,35,0.647863195507502,0.268239723279432,0.173782644285861,full_event_available,0,1,,"3,6,17","0.65975,0.29435,0.42331",paper_formula,Full Bernoulli event probability uses selected probabilities and non-selected complement probabilities.
39,12,4,load_loss_threshold,bernoulli_full_event,0,0,0,NaN,NaN,1,terminal_stage_probability_one,1,0,,"","",,Terminal recording stage excluded from Bernoulli complement product.
39,13,1,continue,bernoulli_full_event,45,4,41,2.41144099123293e-06,0.352536270317752,8.50120413140601e-07,full_event_available,0,1,,"3,14,19,45","0.0020696,0.097677,0.31372,0.0012218",paper_formula,Full Bernoulli event probability uses selected probabilities and non-selected complement probabilities.
39,13,2,continue,bernoulli_full_event,41,11,30,1,0.82478543037535,0.82478543037535,full_event_available,0,1,,"4,8,13,16,17,18,20,27,31,40,42","0.28217,0.47488,0.56402,0.44879,0.14138,0.59529,0.94713,0.2578,0.085775,0.09303,0.84638",paper_formula,Full Bernoulli event probability uses selected probabilities and non-selected complement probabilities.
39,13,3,load_loss_threshold,bernoulli_full_event,0,0,0,NaN,NaN,1,terminal_stage_probability_one,1,0,,"","",,Terminal recording stage excluded from Bernoulli complement product.
39,14,1,continue,bernoulli_full_event,45,2,43,0.0447261767114458,0.427316051943735,0.0191122132508728,full_event_available,0,1,,"8,23","0.08817,0.46906",paper_formula,Full Bernoulli event probability uses selected probabilities and non-selected complement probabilities.
39,14,2,continue,bernoulli_full_event,43,4,39,0.388360011799642,0.372625603881426,0.144712883920239,full_event_available,0,1,,"3,13,16,18","0.053452,0.48263,0.29676,0.60159",paper_formula,Full Bernoulli event probability uses selected probabilities and non-selected complement probabilities.
39,14,3,continue,bernoulli_full_event,30,6,24,0.700781338660365,0.793708719162045,0.556216258720782,full_event_available,0,1,,"4,27,30,31,40,42","0.89294,0.36125,0.36639,0.50527,0.033998,0.25822",paper_formula,Full Bernoulli event probability uses selected probabilities and non-selected complement probabilities.
39,14,4,load_loss_threshold,bernoulli_full_event,0,0,0,NaN,NaN,1,terminal_stage_probability_one,1,0,,"","",,Terminal recording stage excluded from Bernoulli complement product.
39,15,1,continue,bernoulli_full_event,45,2,43,0.159486868232525,0.570076975734153,0.0909197915113093,full_event_available,0,1,,"19,23","0.028288,0.040082",paper_formula,Full Bernoulli event probability uses selected probabilities and non-selected complement probabilities.
39,15,2,continue,bernoulli_full_event,43,4,39,1,0.394309769057805,0.394309769057805,full_event_available,0,1,,"8,10,13,18","0.44151,0.65548,0.14672,0.1096",paper_formula,Full Bernoulli event probability uses selected probabilities and non-selected complement probabilities.
39,15,3,continue,bernoulli_full_event,36,3,33,1,0.317100034171809,0.317100034171809,full_event_available,0,1,,"3,12,15","0.33042,0.79923,0.01265",paper_formula,Full Bernoulli event probability uses selected probabilities and non-selected complement probabilities.
39,15,4,continue,bernoulli_full_event,32,7,25,0.000263491563779346,0.288545175445687,7.60292194991697e-05,full_event_available,0,1,,"4,25,27,31,40,42,45","0.30172,0.018581,0.72296,0.48211,0.44568,0.016861,0.0013021",paper_formula,Full Bernoulli event probability uses selected probabilities and non-selected complement probabilities.
39,15,5,max_depth_reached,bernoulli_full_event,0,0,0,NaN,NaN,1,terminal_stage_probability_one,1,0,,"","",,Terminal recording stage excluded from Bernoulli complement product.
39,16,1,continue,bernoulli_full_event,45,2,43,0.0447261767114458,0.427316051943735,0.0191122132508728,full_event_available,0,1,,"8,23","0.016054,0.34582",paper_formula,Full Bernoulli event probability uses selected probabilities and non-selected complement probabilities.
39,16,2,continue,bernoulli_full_event,43,5,38,0.0464989554024978,0.37737424620619,0.0175475082443928,full_event_available,0,1,,"3,12,13,17,18","0.60502,0.032257,0.49424,0.26833,0.091928",paper_formula,Full Bernoulli event probability uses selected probabilities and non-selected complement probabilities.
39,16,3,continue,bernoulli_full_event,29,6,23,0.700781338660365,0.799032808302121,0.559947281035511,full_event_available,0,1,,"4,27,30,31,40,42","0.2314,0.10756,0.31706,0.79757,0.13244,0.72615",paper_formula,Full Bernoulli event probability uses selected probabilities and non-selected complement probabilities.
39,16,4,load_loss_threshold,bernoulli_full_event,0,0,0,NaN,NaN,1,terminal_stage_probability_one,1,0,,"","",,Terminal recording stage excluded from Bernoulli complement product.
39,17,1,continue,bernoulli_full_event,45,3,42,0.000388016174429018,0.350347125080673,0.000135940351196007,full_event_available,0,1,,"14,19,42","0.045044,0.064555,0.0045405",paper_formula,Full Bernoulli event probability uses selected probabilities and non-selected complement probabilities.
39,17,2,continue,bernoulli_full_event,42,4,38,1,0.783890261484922,0.783890261484922,full_event_available,0,1,,"3,7,13,18","0.88092,0.71776,0.060893,0.8681",paper_formula,Full Bernoulli event probability uses selected probabilities and non-selected complement probabilities.
39,17,3,load_loss_threshold,bernoulli_full_event,0,0,0,NaN,NaN,1,terminal_stage_probability_one,1,0,,"","",,Terminal recording stage excluded from Bernoulli complement product.
39,18,1,continue,bernoulli_full_event,45,1,44,0.317076458960051,0.283332914666016,0.0898381972891309,full_event_available,0,1,,"19","0.15474",paper_formula,Full Bernoulli event probability uses selected probabilities and non-selected complement probabilities.
39,18,2,continue,bernoulli_full_event,44,5,39,0.0821694063609311,0.778578707119414,0.0639753501692634,full_event_available,0,1,,"8,10,13,14,18","0.97545,0.10233,0.20335,0.33251,0.0047068",paper_formula,Full Bernoulli event probability uses selected probabilities and non-selected complement probabilities.
39,18,3,continue,bernoulli_full_event,38,2,36,0.99958139926381,0.793471382419675,0.793139234714848,full_event_available,0,1,,"3,27","0.50152,0.14046",paper_formula,Full Bernoulli event probability uses selected probabilities and non-selected complement probabilities.
39,18,4,load_loss_threshold,bernoulli_full_event,33,0,33,NaN,NaN,1,terminal_stage_probability_one,1,0,,"","",,Terminal recording stage excluded from Bernoulli complement product.
39,19,1,continue,bernoulli_full_event,45,1,44,0.502991829653993,0.389318986933712,0.195824269556827,full_event_available,0,1,,"23","0.34775",paper_formula,Full Bernoulli event probability uses selected probabilities and non-selected complement probabilities.
39,19,2,continue,bernoulli_full_event,44,5,39,0.474215729988758,0.778383984126997,0.369121929244342,full_event_available,0,1,,"8,10,13,14,18","0.12734,0.57345,0.77249,0.1502,0.82",paper_formula,Full Bernoulli event probability uses selected probabilities and non-selected complement probabilities.
39,19,3,continue,bernoulli_full_event,35,2,33,0.997688086455969,0.808917206328478,0.807047059683167,full_event_available,0,1,,"3,27","0.41649,0.7927",paper_formula,Full Bernoulli event probability uses selected probabilities and non-selected complement probabilities.
39,19,4,load_loss_threshold,bernoulli_full_event,30,0,30,NaN,NaN,1,terminal_stage_probability_one,1,0,,"","",,Terminal recording stage excluded from Bernoulli complement product.
39,20,1,continue,bernoulli_full_event,45,2,43,0.0032832961188911,0.391876977108039,0.0012866481580216,full_event_available,0,1,,"6,23","0.00081341,0.12978",paper_formula,Full Bernoulli event probability uses selected probabilities and non-selected complement probabilities.
39,20,2,continue,bernoulli_full_event,43,7,36,0.335179434952931,0.793747276899192,0.266047763766498,full_event_available,0,1,,"3,8,9,10,13,14,18","0.026617,0.8386,0.25397,0.49929,0.89204,0.040881,0.38048",paper_formula,Full Bernoulli event probability uses selected probabilities and non-selected complement probabilities.
39,20,3,continue,bernoulli_full_event,32,2,30,0.996613565083221,0.825068110972879,0.822274071513159,full_event_available,0,1,,"27,42","0.086611,0.96973",paper_formula,Full Bernoulli event probability uses selected probabilities and non-selected complement probabilities.
39,20,4,load_loss_threshold,bernoulli_full_event,15,0,15,NaN,NaN,1,terminal_stage_probability_one,1,0,,"","",,Terminal recording stage excluded from Bernoulli complement product.
39,21,1,continue,bernoulli_full_event,45,1,44,0.317076458960051,0.283332914666016,0.0898381972891309,full_event_available,0,1,,"19","0.23203",paper_formula,Full Bernoulli event probability uses selected probabilities and non-selected complement probabilities.
39,21,2,continue,bernoulli_full_event,44,4,40,0.223118411425552,0.491845981834615,0.10973989413298,full_event_available,0,1,,"8,10,13,18","0.15984,0.67129,0.18613,0.93021",paper_formula,Full Bernoulli event probability uses selected probabilities and non-selected complement probabilities.
39,21,3,continue,bernoulli_full_event,39,4,35,0.006544364125,0.227203155464771,0.00148690017971045,full_event_available,0,1,,"3,11,12,15","0.81687,0.0035042,0.86362,0.31268",paper_formula,Full Bernoulli event probability uses selected probabilities and non-selected complement probabilities.
39,21,4,continue,bernoulli_full_event,34,7,27,0.452426113955417,0.822276260142521,0.372019252974075,full_event_available,0,1,,"4,25,27,30,31,40,42","0.095787,0.23796,0.36666,0.72931,0.10522,0.31571,0.068239",paper_formula,Full Bernoulli event probability uses selected probabilities and non-selected complement probabilities.
39,21,5,max_depth_reached,bernoulli_full_event,5,0,5,NaN,NaN,1,terminal_stage_probability_one,1,0,,"","",,Terminal recording stage excluded from Bernoulli complement product.
39,22,1,continue,bernoulli_full_event,45,1,44,0.006457241925,0.194752279964059,0.00125756258717326,full_event_available,0,1,,"43","0.0062793",paper_formula,Full Bernoulli event probability uses selected probabilities and non-selected complement probabilities.
39,22,2,continue,bernoulli_full_event,44,2,42,0.00335509107734944,0.376443557984333,0.00126300242251891,full_event_available,0,1,,"11,23","0.00020157,0.2418",paper_formula,Full Bernoulli event probability uses selected probabilities and non-selected complement probabilities.
39,22,3,continue,bernoulli_full_event,42,5,37,0.592595633492629,0.625052509221775,0.370403387668435,full_event_available,0,1,,"8,12,13,14,18","0.17161,0.7242,0.11507,0.0070065,0.91557",paper_formula,Full Bernoulli event probability uses selected probabilities and non-selected complement probabilities.
39,22,4,continue,bernoulli_full_event,32,2,30,1,0.824688371984073,0.824688371984073,full_event_available,0,1,,"3,27","0.61039,0.95395",paper_formula,Full Bernoulli event probability uses selected probabilities and non-selected complement probabilities.
39,22,5,max_depth_reached,bernoulli_full_event,27,0,27,NaN,NaN,1,terminal_stage_probability_one,1,0,,"","",,Terminal recording stage excluded from Bernoulli complement product.
39,23,1,no_new_outage,bernoulli_full_event,45,0,45,1,0.193494717376886,0.193494717376886,full_event_available,1,1,,"","",paper_formula,Full Bernoulli event probability uses selected probabilities and non-selected complement probabilities.
39,24,1,no_new_outage,bernoulli_full_event,45,0,45,1,0.193494717376886,0.193494717376886,full_event_available,1,1,,"","",paper_formula,Full Bernoulli event probability uses selected probabilities and non-selected complement probabilities.
39,25,1,continue,bernoulli_full_event,45,3,42,0.00104642437064381,0.573842065164672,0.000600482321888887,full_event_available,0,1,,"19,23,31","0.17141,0.29463,0.0064821",paper_formula,Full Bernoulli event probability uses selected probabilities and non-selected complement probabilities.
39,25,2,continue,bernoulli_full_event,42,4,38,1,0.38332643125642,0.38332643125642,full_event_available,0,1,,"8,10,13,18","0.71474,0.20254,0.77617,0.39113",paper_formula,Full Bernoulli event probability uses selected probabilities and non-selected complement probabilities.
39,25,3,continue,bernoulli_full_event,35,4,31,0.738319297876095,0.819088139176702,0.60474857981558,full_event_available,0,1,,"3,12,15,27","0.30783,0.64999,0.84337,0.4727",paper_formula,Full Bernoulli event probability uses selected probabilities and non-selected complement probabilities.
39,25,4,load_loss_threshold,bernoulli_full_event,14,0,14,NaN,NaN,1,terminal_stage_probability_one,1,0,,"","",,Terminal recording stage excluded from Bernoulli complement product.
39,26,1,no_new_outage,bernoulli_full_event,45,0,45,1,0.193494717376886,0.193494717376886,full_event_available,1,1,,"","",paper_formula,Full Bernoulli event probability uses selected probabilities and non-selected complement probabilities.
39,27,1,continue,bernoulli_full_event,45,1,44,0.185921209882631,0.237685491534534,0.0441907741576484,full_event_available,0,1,,"14","0.15398",paper_formula,Full Bernoulli event probability uses selected probabilities and non-selected complement probabilities.
39,27,2,continue,bernoulli_full_event,44,2,42,0.006007770575,0.763445838893888,0.00458660744651289,full_event_available,0,1,,"3,16","0.77524,0.0047008",paper_formula,Full Bernoulli event probability uses selected probabilities and non-selected complement probabilities.
39,27,3,continue,bernoulli_full_event,42,7,35,0.711341631488316,0.439524203788294,0.312651864201368,full_event_available,0,1,,"4,13,27,30,31,40,42","0.24891,0.00082271,0.53343,0.11242,0.33191,0.97363,0.96268",paper_formula,Full Bernoulli event probability uses selected probabilities and non-selected complement probabilities.
39,27,4,load_loss_threshold,bernoulli_full_event,0,0,0,NaN,NaN,1,terminal_stage_probability_one,1,0,,"","",,Terminal recording stage excluded from Bernoulli complement product.
39,28,1,continue,bernoulli_full_event,45,3,42,0.00101405569336582,0.573724855730963,0.000581788956379468,full_event_available,0,1,,"19,23,24","0.064976,0.06784,0.0036997",paper_formula,Full Bernoulli event probability uses selected probabilities and non-selected complement probabilities.
39,28,2,continue,bernoulli_full_event,42,7,35,0.006494862875,0.251235285984442,0.00163173873183036,full_event_available,0,1,,"6,7,8,10,13,18,32","0.51524,0.85447,0.031863,0.64211,0.9451,0.96012,0.0056428",paper_formula,Full Bernoulli event probability uses selected probabilities and non-selected complement probabilities.
39,28,3,continue,bernoulli_full_event,30,4,26,1,0.549937929694182,0.549937929694182,full_event_available,0,1,,"12,15,27,42","0.77891,0.27834,0.53259,0.73878",paper_formula,Full Bernoulli event probability uses selected probabilities and non-selected complement probabilities.
39,28,4,load_loss_threshold,bernoulli_full_event,14,0,14,NaN,NaN,1,terminal_stage_probability_one,1,0,,"","",,Terminal recording stage excluded from Bernoulli complement product.
39,29,1,continue,bernoulli_full_event,45,3,42,0.0296519915021829,0.700272483025829,0.0207644737158944,full_event_available,0,1,,"14,19,23","0.069996,0.050443,0.15044",paper_formula,Full Bernoulli event probability uses selected probabilities and non-selected complement probabilities.
39,29,2,continue,bernoulli_full_event,42,3,39,1,0.77873070748339,0.77873070748339,full_event_available,0,1,,"3,13,18","0.070919,0.036506,0.73655",paper_formula,Full Bernoulli event probability uses selected probabilities and non-selected complement probabilities.
39,29,3,continue,bernoulli_full_event,36,5,31,0.440536831224808,0.188942203102205,0.0832359994392796,full_event_available,0,1,,"16,27,31,40,42","0.28107,0.79916,0.82269,0.88256,0.28449",paper_formula,Full Bernoulli event probability uses selected probabilities and non-selected complement probabilities.
39,29,4,load_loss_threshold,bernoulli_full_event,0,0,0,NaN,NaN,1,terminal_stage_probability_one,1,0,,"","",,Terminal recording stage excluded from Bernoulli complement product.
39,30,1,continue,bernoulli_full_event,45,1,44,0.317076458960051,0.283332914666016,0.0898381972891309,full_event_available,0,1,,"19","0.29842",paper_formula,Full Bernoulli event probability uses selected probabilities and non-selected complement probabilities.
39,30,2,continue,bernoulli_full_event,44,3,41,1,0.382106087701635,0.382106087701635,full_event_available,0,1,,"8,10,18","0.40925,0.84981,0.44184",paper_formula,Full Bernoulli event probability uses selected probabilities and non-selected complement probabilities.
39,30,3,continue,bernoulli_full_event,40,6,34,0.0561191975324394,0.352645929302006,0.0197902065655099,full_event_available,0,1,,"3,12,13,14,22,27","0.34953,0.47354,0.21141,0.91584,0.35795,0.13541",paper_formula,Full Bernoulli event probability uses selected probabilities and non-selected complement probabilities.
39,30,4,load_loss_threshold,bernoulli_full_event,0,0,0,NaN,NaN,1,terminal_stage_probability_one,1,0,,"","",,Terminal recording stage excluded from Bernoulli complement product.
40,1,1,no_new_outage,bernoulli_full_event,45,0,45,1,0.734149012526862,0.734149012526862,full_event_available,1,1,,"","",paper_formula,Full Bernoulli event probability uses selected probabilities and non-selected complement probabilities.
40,2,1,continue,bernoulli_full_event,45,1,44,0.006544364125,0.738985200763646,0.00483618823678352,full_event_available,0,1,,"11","0.0048835",paper_formula,Full Bernoulli event probability uses selected probabilities and non-selected complement probabilities.
40,2,2,continue,bernoulli_full_event,44,1,43,0.979779009258762,0.758948477425106,0.743601787290017,full_event_available,0,1,,"12","0.49966",paper_formula,Full Bernoulli event probability uses selected probabilities and non-selected complement probabilities.
40,2,3,continue,bernoulli_full_event,43,3,40,1,0.773472596560112,0.773472596560112,full_event_available,0,1,,"1,13,27","0.27663,0.76487,0.07596",paper_formula,Full Bernoulli event probability uses selected probabilities and non-selected complement probabilities.
40,2,4,load_loss_threshold,bernoulli_full_event,33,0,33,NaN,NaN,1,terminal_stage_probability_one,1,0,,"","",,Terminal recording stage excluded from Bernoulli complement product.
40,3,1,continue,bernoulli_full_event,45,1,44,0.00656119455,0.738997720342032,0.00484870781517057,full_event_available,0,1,,"31","5.7214e-06",paper_formula,Full Bernoulli event probability uses selected probabilities and non-selected complement probabilities.
40,3,2,no_new_outage,bernoulli_full_event,39,0,39,1,0.778729972041137,0.778729972041137,full_event_available,1,1,,"","",paper_formula,Full Bernoulli event probability uses selected probabilities and non-selected complement probabilities.
40,4,1,continue,bernoulli_full_event,45,1,44,0.006532483825,0.738976363669591,0.00482735114272892,full_event_available,0,1,,"20","0.0064242",paper_formula,Full Bernoulli event probability uses selected probabilities and non-selected complement probabilities.
40,4,2,continue,bernoulli_full_event,44,1,43,0.895591381918114,0.329763251660031,0.295333126260018,full_event_available,0,1,,"14","0.49318",paper_formula,Full Bernoulli event probability uses selected probabilities and non-selected complement probabilities.
40,4,3,continue,bernoulli_full_event,43,3,40,0.527264545440114,0.404561513992895,0.213310942778028,full_event_available,0,1,,"3,6,17","0.36013,0.60086,0.28305",paper_formula,Full Bernoulli event probability uses selected probabilities and non-selected complement probabilities.
40,4,4,load_loss_threshold,bernoulli_full_event,0,0,0,NaN,NaN,1,terminal_stage_probability_one,1,0,,"","",,Terminal recording stage excluded from Bernoulli complement product.
40,5,1,no_new_outage,bernoulli_full_event,45,0,45,1,0.734149012526862,0.734149012526862,full_event_available,1,1,,"","",paper_formula,Full Bernoulli event probability uses selected probabilities and non-selected complement probabilities.
40,6,1,no_new_outage,bernoulli_full_event,45,0,45,1,0.734149012526862,0.734149012526862,full_event_available,1,1,,"","",paper_formula,Full Bernoulli event probability uses selected probabilities and non-selected complement probabilities.
40,7,1,continue,bernoulli_full_event,45,2,43,3.83429409414508e-05,0.743330946859963,2.85014945954043e-05,full_event_available,0,1,,"27,46","0.0028157,0.0053072",paper_formula,Full Bernoulli event probability uses selected probabilities and non-selected complement probabilities.
40,7,2,continue,bernoulli_full_event,40,10,30,0.00509921403745437,0.530977292970167,0.002707566865883,full_event_available,0,1,,"3,7,8,13,14,19,23,24,31,42","0.059288,0.2728,0.23175,0.0057235,0.8183,0.63927,0.90175,0.29324,0.49957,0.51154",paper_formula,Full Bernoulli event probability uses selected probabilities and non-selected complement probabilities.
40,7,3,load_loss_threshold,bernoulli_full_event,11,0,11,NaN,NaN,1,terminal_stage_probability_one,1,0,,"","",,Terminal recording stage excluded from Bernoulli complement product.
40,8,1,no_new_outage,bernoulli_full_event,45,0,45,1,0.734149012526862,0.734149012526862,full_event_available,1,1,,"","",paper_formula,Full Bernoulli event probability uses selected probabilities and non-selected complement probabilities.
40,9,1,no_new_outage,bernoulli_full_event,45,0,45,1,0.734149012526862,0.734149012526862,full_event_available,1,1,,"","",paper_formula,Full Bernoulli event probability uses selected probabilities and non-selected complement probabilities.
40,10,1,no_new_outage,bernoulli_full_event,45,0,45,1,0.734149012526862,0.734149012526862,full_event_available,1,1,,"","",paper_formula,Full Bernoulli event probability uses selected probabilities and non-selected complement probabilities.
40,11,1,no_new_outage,bernoulli_full_event,45,0,45,1,0.734149012526862,0.734149012526862,full_event_available,1,1,,"","",paper_formula,Full Bernoulli event probability uses selected probabilities and non-selected complement probabilities.
40,12,1,continue,bernoulli_full_event,45,1,44,0.00649387285,0.73894764457353,0.00479863204666749,full_event_available,0,1,,"35","0.002058",paper_formula,Full Bernoulli event probability uses selected probabilities and non-selected complement probabilities.
40,12,2,continue,bernoulli_full_event,44,4,40,0.00625922382507082,0.662197142345364,0.00414484013026191,full_event_available,0,1,,"29,36,37,38","0.017246,0.58123,0.0062723,0.83302",paper_formula,Full Bernoulli event probability uses selected probabilities and non-selected complement probabilities.
40,12,3,continue,bernoulli_full_event,39,4,35,0.709468576011174,0.242401239535111,0.171976062236319,full_event_available,0,1,,"3,14,19,23","0.20207,0.65508,0.87877,0.83779",paper_formula,Full Bernoulli event probability uses selected probabilities and non-selected complement probabilities.
40,12,4,load_loss_threshold,bernoulli_full_event,35,0,35,NaN,NaN,1,terminal_stage_probability_one,1,0,,"","",,Terminal recording stage excluded from Bernoulli complement product.
40,13,1,no_new_outage,bernoulli_full_event,45,0,45,1,0.734149012526862,0.734149012526862,full_event_available,1,1,,"","",paper_formula,Full Bernoulli event probability uses selected probabilities and non-selected complement probabilities.
40,14,1,no_new_outage,bernoulli_full_event,45,0,45,1,0.734149012526862,0.734149012526862,full_event_available,1,1,,"","",paper_formula,Full Bernoulli event probability uses selected probabilities and non-selected complement probabilities.
40,15,1,continue,bernoulli_full_event,45,2,43,0.000169263146172705,0.758931068077712,0.000128459060311045,full_event_available,0,1,,"3,21","0.018168,0.0052084",paper_formula,Full Bernoulli event probability uses selected probabilities and non-selected complement probabilities.
40,15,2,continue,bernoulli_full_event,43,1,42,1,0.195083162744191,0.195083162744191,full_event_available,0,1,,"1","0.14881",paper_formula,Full Bernoulli event probability uses selected probabilities and non-selected complement probabilities.
40,15,3,continue,bernoulli_full_event,39,2,37,0.276970164164261,0.450060983392658,0.124653464454193,full_event_available,0,1,,"8,14","0.16733,0.66028",paper_formula,Full Bernoulli event probability uses selected probabilities and non-selected complement probabilities.
40,15,4,continue,bernoulli_full_event,37,9,28,0.726109129736705,0.835385494965574,0.60658103474412,full_event_available,0,1,,"9,13,16,17,18,19,20,23,27","0.93511,0.5968,0.60205,0.68062,0.83525,0.56098,0.97741,0.76086,0.4839",paper_formula,Full Bernoulli event probability uses selected probabilities and non-selected complement probabilities.
40,15,5,max_depth_reached,bernoulli_full_event,0,0,0,NaN,NaN,1,terminal_stage_probability_one,1,0,,"","",,Terminal recording stage excluded from Bernoulli complement product.
40,16,1,no_new_outage,bernoulli_full_event,45,0,45,1,0.734149012526862,0.734149012526862,full_event_available,1,1,,"","",paper_formula,Full Bernoulli event probability uses selected probabilities and non-selected complement probabilities.
40,17,1,continue,bernoulli_full_event,45,1,44,0.0064324913,0.738901993169477,0.00475298064261532,full_event_available,0,1,,"45","0.0061882",paper_formula,Full Bernoulli event probability uses selected probabilities and non-selected complement probabilities.
40,17,2,no_new_outage,bernoulli_full_event,44,0,44,1,0.704716519656487,0.704716519656487,full_event_available,1,1,,"","",paper_formula,Full Bernoulli event probability uses selected probabilities and non-selected complement probabilities.
40,18,1,no_new_outage,bernoulli_full_event,45,0,45,1,0.734149012526862,0.734149012526862,full_event_available,1,1,,"","",paper_formula,Full Bernoulli event probability uses selected probabilities and non-selected complement probabilities.
40,19,1,continue,bernoulli_full_event,45,1,44,0.006457241925,0.738920400315014,0.00477138778815189,full_event_available,0,1,,"5","0.0026882",paper_formula,Full Bernoulli event probability uses selected probabilities and non-selected complement probabilities.
40,19,2,no_new_outage,bernoulli_full_event,44,0,44,1,0.754142423021673,0.754142423021673,full_event_available,1,1,,"","",paper_formula,Full Bernoulli event probability uses selected probabilities and non-selected complement probabilities.
40,20,1,continue,bernoulli_full_event,45,1,44,0.005995890275,0.738577441827651,0.00442842930078879,full_event_available,0,1,,"27","0.0023572",paper_formula,Full Bernoulli event probability uses selected probabilities and non-selected complement probabilities.
40,20,2,continue,bernoulli_full_event,41,3,38,0.000730468606246858,0.633340453839546,0.000462635318595926,full_event_available,0,1,,"3,19,41","0.69626,0.022379,0.00067694",paper_formula,Full Bernoulli event probability uses selected probabilities and non-selected complement probabilities.
40,20,3,continue,bernoulli_full_event,38,5,33,0.997042028495035,0.165766245762442,0.165275913930991,full_event_available,0,1,,"6,8,10,14,18","0.61969,0.50569,0.22916,0.87745,0.25686",paper_formula,Full Bernoulli event probability uses selected probabilities and non-selected complement probabilities.
40,20,4,load_loss_threshold,bernoulli_full_event,0,0,0,NaN,NaN,1,terminal_stage_probability_one,1,0,,"","",,Terminal recording stage excluded from Bernoulli complement product.
40,21,1,no_new_outage,bernoulli_full_event,45,0,45,1,0.734149012526862,0.734149012526862,full_event_available,1,1,,"","",paper_formula,Full Bernoulli event probability uses selected probabilities and non-selected complement probabilities.
40,22,1,no_new_outage,bernoulli_full_event,45,0,45,1,0.734149012526862,0.734149012526862,full_event_available,1,1,,"","",paper_formula,Full Bernoulli event probability uses selected probabilities and non-selected complement probabilities.
40,23,1,no_new_outage,bernoulli_full_event,45,0,45,1,0.734149012526862,0.734149012526862,full_event_available,1,1,,"","",paper_formula,Full Bernoulli event probability uses selected probabilities and non-selected complement probabilities.
40,24,1,continue,bernoulli_full_event,45,1,44,0.0064324913,0.738901993169477,0.00475298064261532,full_event_available,0,1,,"45","0.0034988",paper_formula,Full Bernoulli event probability uses selected probabilities and non-selected complement probabilities.
40,24,2,no_new_outage,bernoulli_full_event,44,0,44,1,0.704716519656487,0.704716519656487,full_event_available,1,1,,"","",paper_formula,Full Bernoulli event probability uses selected probabilities and non-selected complement probabilities.
40,25,1,no_new_outage,bernoulli_full_event,45,0,45,1,0.734149012526862,0.734149012526862,full_event_available,1,1,,"","",paper_formula,Full Bernoulli event probability uses selected probabilities and non-selected complement probabilities.
40,26,1,no_new_outage,bernoulli_full_event,45,0,45,1,0.734149012526862,0.734149012526862,full_event_available,1,1,,"","",paper_formula,Full Bernoulli event probability uses selected probabilities and non-selected complement probabilities.
40,27,1,continue,bernoulli_full_event,45,1,44,0.0264154176577542,0.754068034603269,0.0199190220764072,full_event_available,0,1,,"3","0.0017008",paper_formula,Full Bernoulli event probability uses selected probabilities and non-selected complement probabilities.
40,27,2,continue,bernoulli_full_event,44,3,41,0.00400218078592388,0.768302758200729,0.00307488653664328,full_event_available,0,1,,"1,8,18","0.10655,0.11721,9.0031e-05",paper_formula,Full Bernoulli event probability uses selected probabilities and non-selected complement probabilities.
40,27,3,continue,bernoulli_full_event,38,3,35,1,0.75516299517513,0.75516299517513,full_event_available,0,1,,"9,19,23","0.71172,0.59753,0.25633",paper_formula,Full Bernoulli event probability uses selected probabilities and non-selected complement probabilities.
40,27,4,load_loss_threshold,bernoulli_full_event,23,0,23,NaN,NaN,1,terminal_stage_probability_one,1,0,,"","",,Terminal recording stage excluded from Bernoulli complement product.
40,28,1,no_new_outage,bernoulli_full_event,45,0,45,1,0.734149012526862,0.734149012526862,full_event_available,1,1,,"","",paper_formula,Full Bernoulli event probability uses selected probabilities and non-selected complement probabilities.
40,29,1,continue,bernoulli_full_event,45,1,44,0.0264154176577542,0.754068034603269,0.0199190220764072,full_event_available,0,1,,"3","0.00067356",paper_formula,Full Bernoulli event probability uses selected probabilities and non-selected complement probabilities.
40,29,2,continue,bernoulli_full_event,44,2,42,0.00641467085,0.272872243408299,0.00175038562556532,full_event_available,0,1,,"1,7","0.70517,0.0026388",paper_formula,Full Bernoulli event probability uses selected probabilities and non-selected complement probabilities.
40,29,3,continue,bernoulli_full_event,39,1,38,1,0.505269528534445,0.505269528534445,full_event_available,0,1,,"14","0.032977",paper_formula,Full Bernoulli event probability uses selected probabilities and non-selected complement probabilities.
40,29,4,continue,bernoulli_full_event,38,4,34,0.918592502344444,0.646879787819051,0.594218923008745,full_event_available,0,1,,"13,16,17,20","0.64775,0.32668,0.2545,0.48607",paper_formula,Full Bernoulli event probability uses selected probabilities and non-selected complement probabilities.
40,29,5,max_depth_reached,bernoulli_full_event,0,0,0,NaN,NaN,1,terminal_stage_probability_one,1,0,,"","",,Terminal recording stage excluded from Bernoulli complement product.
40,30,1,no_new_outage,bernoulli_full_event,45,0,45,1,0.734149012526862,0.734149012526862,full_event_available,1,1,,"","",paper_formula,Full Bernoulli event probability uses selected probabilities and non-selected complement probabilities.
41,1,1,no_new_outage,bernoulli_full_event,45,0,45,1,0.624802072972191,0.624802072972191,full_event_available,1,1,,"","",paper_formula,Full Bernoulli event probability uses selected probabilities and non-selected complement probabilities.
41,2,1,continue,bernoulli_full_event,45,1,44,0.0064483317,0.628857152483321,0.00405507951112993,full_event_available,0,1,,"25","0.0053613",paper_formula,Full Bernoulli event probability uses selected probabilities and non-selected complement probabilities.
41,2,2,continue,bernoulli_full_event,44,2,42,0.063973252423108,0.510199270686355,0.0326391067297038,full_event_available,0,1,,"19,23","0.13957,0.229",paper_formula,Full Bernoulli event probability uses selected probabilities and non-selected complement probabilities.
41,2,3,continue,bernoulli_full_event,42,5,37,0.825677406972886,0.788700448937894,0.651212141557391,full_event_available,0,1,,"8,10,13,14,18","0.024019,0.79032,0.80917,0.23637,0.77113",paper_formula,Full Bernoulli event probability uses selected probabilities and non-selected complement probabilities.
41,2,4,continue,bernoulli_full_event,34,7,27,0.00639487035,0.840953016645501,0.00537778551188937,full_event_available,0,1,,"3,6,7,26,27,30,46","0.56396,0.85473,0.38056,0.68318,0.47375,0.15206,0.001247",paper_formula,Full Bernoulli event probability uses selected probabilities and non-selected complement probabilities.
41,2,5,max_depth_reached,bernoulli_full_event,15,0,15,NaN,NaN,1,terminal_stage_probability_one,1,0,,"","",,Terminal recording stage excluded from Bernoulli complement product.
41,3,1,no_new_outage,bernoulli_full_event,45,0,45,1,0.624802072972191,0.624802072972191,full_event_available,1,1,,"","",paper_formula,Full Bernoulli event probability uses selected probabilities and non-selected complement probabilities.
41,4,1,continue,bernoulli_full_event,45,1,44,0.171380403421088,0.754027632887016,0.129225559914825,full_event_available,0,1,,"14","0.0061027",paper_formula,Full Bernoulli event probability uses selected probabilities and non-selected complement probabilities.
41,4,2,continue,bernoulli_full_event,44,1,43,1,0.758868305335324,0.758868305335324,full_event_available,0,1,,"3","0.077138",paper_formula,Full Bernoulli event probability uses selected probabilities and non-selected complement probabilities.
41,4,3,continue,bernoulli_full_event,43,1,42,1,0.299522590765544,0.299522590765544,full_event_available,0,1,,"4","0.017647",paper_formula,Full Bernoulli event probability uses selected probabilities and non-selected complement probabilities.
41,4,4,continue,bernoulli_full_event,42,3,39,0.680866917198013,0.249576832465405,0.169928608524765,full_event_available,0,1,,"16,17,20","0.39944,0.24057,0.1675",paper_formula,Full Bernoulli event probability uses selected probabilities and non-selected complement probabilities.
41,4,5,max_depth_reached,bernoulli_full_event,36,0,36,NaN,NaN,1,terminal_stage_probability_one,1,0,,"","",,Terminal recording stage excluded from Bernoulli complement product.
41,5,1,no_new_outage,bernoulli_full_event,45,0,45,1,0.624802072972191,0.624802072972191,full_event_available,1,1,,"","",paper_formula,Full Bernoulli event probability uses selected probabilities and non-selected complement probabilities.
41,6,1,no_new_outage,bernoulli_full_event,45,0,45,1,0.624802072972191,0.624802072972191,full_event_available,1,1,,"","",paper_formula,Full Bernoulli event probability uses selected probabilities and non-selected complement probabilities.
41,7,1,no_new_outage,bernoulli_full_event,45,0,45,1,0.624802072972191,0.624802072972191,full_event_available,1,1,,"","",paper_formula,Full Bernoulli event probability uses selected probabilities and non-selected complement probabilities.
41,8,1,continue,bernoulli_full_event,45,1,44,0.006663167125,0.628993159514518,0.00419108654232702,full_event_available,0,1,,"19","0.0049508",paper_formula,Full Bernoulli event probability uses selected probabilities and non-selected complement probabilities.
41,8,2,continue,bernoulli_full_event,44,4,40,0.614906424043855,0.515338789172991,0.316885132021454,full_event_available,0,1,,"8,10,13,18","0.66013,0.86743,0.20521,0.28663",paper_formula,Full Bernoulli event probability uses selected probabilities and non-selected complement probabilities.
41,8,3,continue,bernoulli_full_event,39,3,36,0.790971345984559,0.340177629860702,0.269070757764756,full_event_available,0,1,,"12,15,27","0.87328,0.0046383,0.12503",paper_formula,Full Bernoulli event probability uses selected probabilities and non-selected complement probabilities.
41,8,4,continue,bernoulli_full_event,32,3,29,0.850658483333696,0.829077987247403,0.705262223197229,full_event_available,0,1,,"1,2,3","0.91354,0.49242,0.1268",paper_formula,Full Bernoulli event probability uses selected probabilities and non-selected complement probabilities.
41,8,5,max_depth_reached,bernoulli_full_event,26,0,26,NaN,NaN,1,terminal_stage_probability_one,1,0,,"","",,Terminal recording stage excluded from Bernoulli complement product.
41,9,1,no_new_outage,bernoulli_full_event,45,0,45,1,0.624802072972191,0.624802072972191,full_event_available,1,1,,"","",paper_formula,Full Bernoulli event probability uses selected probabilities and non-selected complement probabilities.
41,10,1,no_new_outage,bernoulli_full_event,45,0,45,1,0.624802072972191,0.624802072972191,full_event_available,1,1,,"","",paper_formula,Full Bernoulli event probability uses selected probabilities and non-selected complement probabilities.
41,11,1,no_new_outage,bernoulli_full_event,45,0,45,1,0.624802072972191,0.624802072972191,full_event_available,1,1,,"","",paper_formula,Full Bernoulli event probability uses selected probabilities and non-selected complement probabilities.
41,12,1,continue,bernoulli_full_event,45,3,42,2.74025484721861e-07,0.63713722305274,1.74591836381368e-07,full_event_available,0,1,,"6,11,23","0.0001518,0.0019461,0.0021324",paper_formula,Full Bernoulli event probability uses selected probabilities and non-selected complement probabilities.
41,12,2,continue,bernoulli_full_event,42,8,34,0.282262826863274,0.709631393833216,0.200302563254289,full_event_available,0,1,,"8,9,12,13,14,15,18,26","0.34957,0.013304,0.89049,0.58524,0.3118,0.9554,0.96232,0.50412",paper_formula,Full Bernoulli event probability uses selected probabilities and non-selected complement probabilities.
41,12,3,load_loss_threshold,bernoulli_full_event,16,0,16,NaN,NaN,1,terminal_stage_probability_one,1,0,,"","",,Terminal recording stage excluded from Bernoulli complement product.
41,13,1,no_new_outage,bernoulli_full_event,45,0,45,1,0.624802072972191,0.624802072972191,full_event_available,1,1,,"","",paper_formula,Full Bernoulli event probability uses selected probabilities and non-selected complement probabilities.
41,14,1,no_new_outage,bernoulli_full_event,45,0,45,1,0.624802072972191,0.624802072972191,full_event_available,1,1,,"","",paper_formula,Full Bernoulli event probability uses selected probabilities and non-selected complement probabilities.
41,15,1,continue,bernoulli_full_event,45,1,44,0.171380403421088,0.754027632887016,0.129225559914825,full_event_available,0,1,,"14","0.10237",paper_formula,Full Bernoulli event probability uses selected probabilities and non-selected complement probabilities.
41,15,2,continue,bernoulli_full_event,44,2,42,0.006453281825,0.763797304599077,0.00492899926375322,full_event_available,0,1,,"3,28","0.80931,0.0038626",paper_formula,Full Bernoulli event probability uses selected probabilities and non-selected complement probabilities.
41,15,3,continue,bernoulli_full_event,42,2,40,1,0.195949217676812,0.195949217676812,full_event_available,0,1,,"4,38","0.28428,0.76865",paper_formula,Full Bernoulli event probability uses selected probabilities and non-selected complement probabilities.
41,15,4,load_loss_threshold,bernoulli_full_event,36,0,36,NaN,NaN,1,terminal_stage_probability_one,1,0,,"","",,Terminal recording stage excluded from Bernoulli complement product.
41,16,1,continue,bernoulli_full_event,45,1,44,0.006663167125,0.628993159514518,0.00419108654232702,full_event_available,0,1,,"19","0.0054517",paper_formula,Full Bernoulli event probability uses selected probabilities and non-selected complement probabilities.
41,16,2,continue,bernoulli_full_event,44,4,40,0.614906424043855,0.515338789172991,0.316885132021454,full_event_available,0,1,,"8,10,13,18","0.82406,0.37628,0.063127,0.11194",paper_formula,Full Bernoulli event probability uses selected probabilities and non-selected complement probabilities.
41,16,3,continue,bernoulli_full_event,39,3,36,0.790971345984559,0.340177629860702,0.269070757764756,full_event_available,0,1,,"12,15,27","0.39591,0.19122,0.57823",paper_formula,Full Bernoulli event probability uses selected probabilities and non-selected complement probabilities.
41,16,4,continue,bernoulli_full_event,32,3,29,0.850658483333696,0.829077987247403,0.705262223197229,full_event_available,0,1,,"1,2,3","0.47488,0.76193,0.99627",paper_formula,Full Bernoulli event probability uses selected probabilities and non-selected complement probabilities.
41,16,5,max_depth_reached,bernoulli_full_event,26,0,26,NaN,NaN,1,terminal_stage_probability_one,1,0,,"","",,Terminal recording stage excluded from Bernoulli complement product.
41,17,1,continue,bernoulli_full_event,45,2,43,0.00112446016890324,0.75900762960982,0.000853473847389908,full_event_available,0,1,,"14,31","0.16231,0.0032187",paper_formula,Full Bernoulli event probability uses selected probabilities and non-selected complement probabilities.
41,17,2,no_new_outage,bernoulli_full_event,43,0,43,1,0.474045453336286,0.474045453336286,full_event_available,1,1,,"","",paper_formula,Full Bernoulli event probability uses selected probabilities and non-selected complement probabilities.
41,18,1,no_new_outage,bernoulli_full_event,45,0,45,1,0.624802072972191,0.624802072972191,full_event_available,1,1,,"","",paper_formula,Full Bernoulli event probability uses selected probabilities and non-selected complement probabilities.
41,19,1,continue,bernoulli_full_event,45,2,43,0.00109816118189921,0.75889040580818,0.000833383984974285,full_event_available,0,1,,"14,21","0.10983,0.0048657",paper_formula,Full Bernoulli event probability uses selected probabilities and non-selected complement probabilities.
41,19,2,continue,bernoulli_full_event,43,1,42,1,0.763762296065857,0.763762296065857,full_event_available,0,1,,"3","0.50722",paper_formula,Full Bernoulli event probability uses selected probabilities and non-selected complement probabilities.
41,19,3,continue,bernoulli_full_event,42,3,39,0.0025691806789266,0.503457471584193,0.00129347320865534,full_event_available,0,1,,"4,17,45","0.55336,0.32914,0.0035427",paper_formula,Full Bernoulli event probability uses selected probabilities and non-selected complement probabilities.
41,19,4,load_loss_threshold,bernoulli_full_event,36,0,36,NaN,NaN,1,terminal_stage_probability_one,1,0,,"","",,Terminal recording stage excluded from Bernoulli complement product.
41,20,1,no_new_outage,bernoulli_full_event,45,0,45,1,0.624802072972191,0.624802072972191,full_event_available,1,1,,"","",paper_formula,Full Bernoulli event probability uses selected probabilities and non-selected complement probabilities.
41,21,1,no_new_outage,bernoulli_full_event,45,0,45,1,0.624802072972191,0.624802072972191,full_event_available,1,1,,"","",paper_formula,Full Bernoulli event probability uses selected probabilities and non-selected complement probabilities.
41,22,1,no_new_outage,bernoulli_full_event,45,0,45,1,0.624802072972191,0.624802072972191,full_event_available,1,1,,"","",paper_formula,Full Bernoulli event probability uses selected probabilities and non-selected complement probabilities.
41,23,1,no_new_outage,bernoulli_full_event,45,0,45,1,0.624802072972191,0.624802072972191,full_event_available,1,1,,"","",paper_formula,Full Bernoulli event probability uses selected probabilities and non-selected complement probabilities.
41,24,1,no_new_outage,bernoulli_full_event,45,0,45,1,0.624802072972191,0.624802072972191,full_event_available,1,1,,"","",paper_formula,Full Bernoulli event probability uses selected probabilities and non-selected complement probabilities.
41,25,1,continue,bernoulli_full_event,45,2,43,4.34909846940864e-05,0.633125277034716,2.75352417329561e-05,full_event_available,0,1,,"2,30","0.0059516,0.0033186",paper_formula,Full Bernoulli event probability uses selected probabilities and non-selected complement probabilities.
41,25,2,continue,bernoulli_full_event,43,2,41,0.00137284706863789,0.769133784286539,0.00105590306114814,full_event_available,0,1,,"10,14","0.0057914,0.099989",paper_formula,Full Bernoulli event probability uses selected probabilities and non-selected complement probabilities.
41,25,3,continue,bernoulli_full_event,41,2,39,1,0.778972918716524,0.778972918716524,full_event_available,0,1,,"16,17","0.98773,0.13689",paper_formula,Full Bernoulli event probability uses selected probabilities and non-selected complement probabilities.
41,25,4,continue,bernoulli_full_event,39,4,35,0.0065275337,0.783541843244938,0.00511459578714145,full_event_available,0,1,,"3,5,6,13","0.83478,0.6869,0.0029225,0.37009",paper_formula,Full Bernoulli event probability uses selected probabilities and non-selected complement probabilities.
41,25,5,max_depth_reached,bernoulli_full_event,34,0,34,NaN,NaN,1,terminal_stage_probability_one,1,0,,"","",,Terminal recording stage excluded from Bernoulli complement product.
41,26,1,continue,bernoulli_full_event,45,1,44,0.006245376575,0.62872872059583,0.00392664762363892,full_event_available,0,1,,"12","0.00043754",paper_formula,Full Bernoulli event probability uses selected probabilities and non-selected complement probabilities.
41,26,2,continue,bernoulli_full_event,44,3,41,0.331150273869227,0.256323653443707,0.0848816480370446,full_event_available,0,1,,"10,11,14","0.24479,0.056779,0.017345",paper_formula,Full Bernoulli event probability uses selected probabilities and non-selected complement probabilities.
41,26,3,continue,bernoulli_full_event,41,6,35,0.924331473763713,0.798999975831196,0.738540825197221,full_event_available,0,1,,"1,9,19,23,26,27","0.91006,0.51942,0.74816,0.76669,0.80238,0.092799",paper_formula,Full Bernoulli event probability uses selected probabilities and non-selected complement probabilities.
41,26,4,load_loss_threshold,bernoulli_full_event,14,0,14,NaN,NaN,1,terminal_stage_probability_one,1,0,,"","",,Terminal recording stage excluded from Bernoulli complement product.
41,27,1,no_new_outage,bernoulli_full_event,45,0,45,1,0.624802072972191,0.624802072972191,full_event_available,1,1,,"","",paper_formula,Full Bernoulli event probability uses selected probabilities and non-selected complement probabilities.
41,28,1,continue,bernoulli_full_event,45,2,43,4.22022157422128e-05,0.633000366864111,2.6714018047299e-05,full_event_available,0,1,,"23,29","0.000947,0.0019092",paper_formula,Full Bernoulli event probability uses selected probabilities and non-selected complement probabilities.
41,28,2,continue,bernoulli_full_event,43,4,39,1,0.428162132322591,0.428162132322591,full_event_available,0,1,,"8,10,13,18","0.15234,0.0094958,0.15361,0.43653",paper_formula,Full Bernoulli event probability uses selected probabilities and non-selected complement probabilities.
41,28,3,continue,bernoulli_full_event,35,3,32,0.398737971516108,0.160061863378344,0.0638227427205693,full_event_available,0,1,,"3,12,15","0.36223,0.92204,0.29688",paper_formula,Full Bernoulli event probability uses selected probabilities and non-selected complement probabilities.
41,28,4,continue,bernoulli_full_event,31,6,25,0.00386690372904288,0.851566641750629,0.00329292622251402,full_event_available,0,1,,"4,25,26,27,30,42","0.82055,0.70972,0.00046713,0.11445,0.25384,0.17096",paper_formula,Full Bernoulli event probability uses selected probabilities and non-selected complement probabilities.
41,28,5,max_depth_reached,bernoulli_full_event,6,0,6,NaN,NaN,1,terminal_stage_probability_one,1,0,,"","",,Terminal recording stage excluded from Bernoulli complement product.
41,29,1,no_new_outage,bernoulli_full_event,45,0,45,1,0.624802072972191,0.624802072972191,full_event_available,1,1,,"","",paper_formula,Full Bernoulli event probability uses selected probabilities and non-selected complement probabilities.
41,30,1,continue,bernoulli_full_event,45,1,44,0.006425561125,0.628842740438894,0.00404066746670262,full_event_available,0,1,,"4","0.0045681",paper_formula,Full Bernoulli event probability uses selected probabilities and non-selected complement probabilities.
41,30,2,continue,bernoulli_full_event,44,1,43,0.195144089387424,0.638201036920565,0.124541160195973,full_event_available,0,1,,"14","0.079451",paper_formula,Full Bernoulli event probability uses selected probabilities and non-selected complement probabilities.
41,30,3,continue,bernoulli_full_event,43,2,41,0.006579015,0.768834166186771,0.00505817151185526,full_event_available,0,1,,"3,29","0.60017,0.0026072",paper_formula,Full Bernoulli event probability uses selected probabilities and non-selected complement probabilities.
41,30,4,continue,bernoulli_full_event,41,4,37,0.00575838742809036,0.0286200295213318,0.000164805218187212,full_event_available,0,1,,"16,17,20,45","0.63805,0.76162,0.37838,0.0063449",paper_formula,Full Bernoulli event probability uses selected probabilities and non-selected complement probabilities.
41,30,5,max_depth_reached,bernoulli_full_event,0,0,0,NaN,NaN,1,terminal_stage_probability_one,1,0,,"","",,Terminal recording stage excluded from Bernoulli complement product.
42,1,1,continue,bernoulli_full_event,45,1,44,0.996816335048545,0.754152953257859,0.751751982932536,full_event_available,0,1,,"3","0.18376",paper_formula,Full Bernoulli event probability uses selected probabilities and non-selected complement probabilities.
42,1,2,continue,bernoulli_full_event,44,3,41,0.006358239425,0.70363188705932,0.00447386000498772,full_event_available,0,1,,"1,8,14","0.82008,0.86096,0.0062833",paper_formula,Full Bernoulli event probability uses selected probabilities and non-selected complement probabilities.
42,1,3,continue,bernoulli_full_event,33,8,25,0.00640308952105295,0.597432975664947,0.0038254168260117,full_event_available,0,1,,"9,16,17,19,20,21,23,27","0.42888,0.59914,0.85931,0.72583,0.62828,0.00029856,0.95963,0.1515",paper_formula,Full Bernoulli event probability uses selected probabilities and non-selected complement probabilities.
42,1,4,load_loss_threshold,bernoulli_full_event,0,0,0,NaN,NaN,1,terminal_stage_probability_one,1,0,,"","",,Terminal recording stage excluded from Bernoulli complement product.
42,2,1,continue,bernoulli_full_event,45,1,44,0.996816335048545,0.754152953257859,0.751751982932536,full_event_available,0,1,,"3","0.87382",paper_formula,Full Bernoulli event probability uses selected probabilities and non-selected complement probabilities.
42,2,2,continue,bernoulli_full_event,44,2,42,1,0.699158027054332,0.699158027054332,full_event_available,0,1,,"1,8","0.21649,0.20245",paper_formula,Full Bernoulli event probability uses selected probabilities and non-selected complement probabilities.
42,2,3,continue,bernoulli_full_event,34,8,26,0.186080968633553,0.678118434465758,0.126184935133657,full_event_available,0,1,,"9,13,14,19,20,23,26,27","0.39591,0.094982,0.95697,0.15647,0.86848,0.3755,0.23114,0.5098",paper_formula,Full Bernoulli event probability uses selected probabilities and non-selected complement probabilities.
42,2,4,load_loss_threshold,bernoulli_full_event,7,0,7,NaN,NaN,1,terminal_stage_probability_one,1,0,,"","",,Terminal recording stage excluded from Bernoulli complement product.
42,3,1,continue,bernoulli_full_event,45,2,43,0.0065116865852004,0.759111839067937,0.00494309837912549,full_event_available,0,1,,"3,20","0.80078,0.0041517",paper_formula,Full Bernoulli event probability uses selected probabilities and non-selected complement probabilities.
42,3,2,continue,bernoulli_full_event,43,4,39,0.821832867843837,0.77822661364389,0.639572209723356,full_event_available,0,1,,"1,8,14,27","0.28768,0.70211,0.22451,0.53962",paper_formula,Full Bernoulli event probability uses selected probabilities and non-selected complement probabilities.
42,3,3,load_loss_threshold,bernoulli_full_event,0,0,0,NaN,NaN,1,terminal_stage_probability_one,1,0,,"","",,Terminal recording stage excluded from Bernoulli complement product.
42,4,1,continue,bernoulli_full_event,45,1,44,0.996816335048545,0.754152953257859,0.751751982932536,full_event_available,0,1,,"3","0.66359",paper_formula,Full Bernoulli event probability uses selected probabilities and non-selected complement probabilities.
42,4,2,continue,bernoulli_full_event,44,2,42,1,0.699158027054332,0.699158027054332,full_event_available,0,1,,"1,8","0.87861,0.5052",paper_formula,Full Bernoulli event probability uses selected probabilities and non-selected complement probabilities.
42,4,3,continue,bernoulli_full_event,34,6,28,1,0.145922842555636,0.145922842555636,full_event_available,0,1,,"9,13,14,19,20,23","0.16219,0.61126,0.040737,0.33303,0.6263,0.40104",paper_formula,Full Bernoulli event probability uses selected probabilities and non-selected complement probabilities.
42,4,4,load_loss_threshold,bernoulli_full_event,18,0,18,NaN,NaN,1,terminal_stage_probability_one,1,0,,"","",,Terminal recording stage excluded from Bernoulli complement product.
42,5,1,continue,bernoulli_full_event,45,3,42,4.25825557971297e-05,0.76410866199494,3.25376997344697e-05,full_event_available,0,1,,"3,6,11","0.050427,0.0056726,0.0054859",paper_formula,Full Bernoulli event probability uses selected probabilities and non-selected complement probabilities.
42,5,2,continue,bernoulli_full_event,42,5,37,1,0.608662340082459,0.608662340082459,full_event_available,0,1,,"1,19,23,24,26","0.69955,0.90925,0.37389,0.026491,0.76071",paper_formula,Full Bernoulli event probability uses selected probabilities and non-selected complement probabilities.
42,5,3,load_loss_threshold,bernoulli_full_event,14,0,14,NaN,NaN,1,terminal_stage_probability_one,1,0,,"","",,Terminal recording stage excluded from Bernoulli complement product.
42,6,1,continue,bernoulli_full_event,45,1,44,0.996816335048545,0.754152953257859,0.751751982932536,full_event_available,0,1,,"3","0.016031",paper_formula,Full Bernoulli event probability uses selected probabilities and non-selected complement probabilities.
42,6,2,continue,bernoulli_full_event,44,2,42,1,0.699158027054332,0.699158027054332,full_event_available,0,1,,"1,8","0.022069,0.43148",paper_formula,Full Bernoulli event probability uses selected probabilities and non-selected complement probabilities.
42,6,3,continue,bernoulli_full_event,34,8,26,0.0046460237686241,0.503219624010846,0.00233797033399247,full_event_available,0,1,,"2,9,13,14,19,20,23,27","0.0040174,0.60924,0.39319,0.9339,0.59507,0.87858,0.13747,0.48724",paper_formula,Full Bernoulli event probability uses selected probabilities and non-selected complement probabilities.
42,6,4,load_loss_threshold,bernoulli_full_event,0,0,0,NaN,NaN,1,terminal_stage_probability_one,1,0,,"","",,Terminal recording stage excluded from Bernoulli complement product.
42,7,1,continue,bernoulli_full_event,45,2,43,0.00664195383335845,0.759211707749854,0.00504264911261976,full_event_available,0,1,,"3,17","0.9668,0.0040052",paper_formula,Full Bernoulli event probability uses selected probabilities and non-selected complement probabilities.
42,7,2,load_loss_threshold,bernoulli_full_event,33,0,33,NaN,NaN,1,terminal_stage_probability_one,1,0,,"","",,Terminal recording stage excluded from Bernoulli complement product.
42,8,1,continue,bernoulli_full_event,45,1,44,0.996816335048545,0.754152953257859,0.751751982932536,full_event_available,0,1,,"3","0.83613",paper_formula,Full Bernoulli event probability uses selected probabilities and non-selected complement probabilities.
42,8,2,continue,bernoulli_full_event,44,2,42,1,0.699158027054332,0.699158027054332,full_event_available,0,1,,"1,8","0.90873,0.93243",paper_formula,Full Bernoulli event probability uses selected probabilities and non-selected complement probabilities.
42,8,3,continue,bernoulli_full_event,34,7,27,0.708106387216349,0.499917902156333,0.353995059600697,full_event_available,0,1,,"9,13,14,19,20,23,27","0.062026,0.38893,0.14838,0.72856,0.57664,0.078522,0.19236",paper_formula,Full Bernoulli event probability uses selected probabilities and non-selected complement probabilities.
42,8,4,load_loss_threshold,bernoulli_full_event,0,0,0,NaN,NaN,1,terminal_stage_probability_one,1,0,,"","",,Terminal recording stage excluded from Bernoulli complement product.
42,9,1,continue,bernoulli_full_event,45,1,44,0.996816335048545,0.754152953257859,0.751751982932536,full_event_available,0,1,,"3","0.58094",paper_formula,Full Bernoulli event probability uses selected probabilities and non-selected complement probabilities.
42,9,2,continue,bernoulli_full_event,44,2,42,1,0.699158027054332,0.699158027054332,full_event_available,0,1,,"1,8","0.85069,0.12879",paper_formula,Full Bernoulli event probability uses selected probabilities and non-selected complement probabilities.
42,9,3,continue,bernoulli_full_event,34,9,25,0.0378955978245462,0.851534361622605,0.0322694037018319,full_event_available,0,1,,"9,13,14,18,19,20,23,26,27","0.86112,0.045552,0.31766,0.11378,0.23557,0.90227,0.048052,0.020961,0.63724",paper_formula,Full Bernoulli event probability uses selected probabilities and non-selected complement probabilities.
42,9,4,load_loss_threshold,bernoulli_full_event,7,0,7,NaN,NaN,1,terminal_stage_probability_one,1,0,,"","",,Terminal recording stage excluded from Bernoulli complement product.
42,10,1,continue,bernoulli_full_event,45,2,43,0.00639819617960816,0.75902485367548,0.0048563899190141,full_event_available,0,1,,"1,3","0.0045573,0.84401",paper_formula,Full Bernoulli event probability uses selected probabilities and non-selected complement probabilities.
42,10,2,continue,bernoulli_full_event,35,3,32,0.385875095540199,0.29361203128327,0.113297570623184,full_event_available,0,1,,"8,14,23","0.19523,0.26127,0.24584",paper_formula,Full Bernoulli event probability uses selected probabilities and non-selected complement probabilities.
42,10,3,load_loss_threshold,bernoulli_full_event,19,0,19,NaN,NaN,1,terminal_stage_probability_one,1,0,,"","",,Terminal recording stage excluded from Bernoulli complement product.
42,11,1,continue,bernoulli_full_event,45,1,44,0.996816335048545,0.754152953257859,0.751751982932536,full_event_available,0,1,,"3","0.57349",paper_formula,Full Bernoulli event probability uses selected probabilities and non-selected complement probabilities.
42,11,2,continue,bernoulli_full_event,44,2,42,1,0.699158027054332,0.699158027054332,full_event_available,0,1,,"1,8","0.36572,0.28972",paper_formula,Full Bernoulli event probability uses selected probabilities and non-selected complement probabilities.
42,11,3,continue,bernoulli_full_event,34,7,27,0.708106387216349,0.499917902156333,0.353995059600697,full_event_available,0,1,,"9,13,14,19,20,23,27","0.62839,0.54205,0.12372,0.54227,0.070471,0.85185,0.55355",paper_formula,Full Bernoulli event probability uses selected probabilities and non-selected complement probabilities.
42,11,4,load_loss_threshold,bernoulli_full_event,0,0,0,NaN,NaN,1,terminal_stage_probability_one,1,0,,"","",,Terminal recording stage excluded from Bernoulli complement product.
42,12,1,continue,bernoulli_full_event,45,1,44,0.996816335048545,0.754152953257859,0.751751982932536,full_event_available,0,1,,"3","0.56943",paper_formula,Full Bernoulli event probability uses selected probabilities and non-selected complement probabilities.
42,12,2,continue,bernoulli_full_event,44,3,41,0.00649387285,0.703727946862248,0.00456991980791499,full_event_available,0,1,,"1,8,35","0.72759,0.47323,0.0061964",paper_formula,Full Bernoulli event probability uses selected probabilities and non-selected complement probabilities.
42,12,3,continue,bernoulli_full_event,33,11,22,0.330471080080437,0.353678181270378,0.116880410565306,full_event_available,0,1,,"9,13,14,19,20,23,27,29,33,36,38","0.046487,0.05567,0.167,0.18828,0.60102,0.80175,0.50851,0.38781,0.16327,0.67505,0.31442",paper_formula,Full Bernoulli event probability uses selected probabilities and non-selected complement probabilities.
42,12,4,load_loss_threshold,bernoulli_full_event,7,0,7,NaN,NaN,1,terminal_stage_probability_one,1,0,,"","",,Terminal recording stage excluded from Bernoulli complement product.
42,13,1,continue,bernoulli_full_event,45,1,44,0.996816335048545,0.754152953257859,0.751751982932536,full_event_available,0,1,,"3","0.7844",paper_formula,Full Bernoulli event probability uses selected probabilities and non-selected complement probabilities.
42,13,2,continue,bernoulli_full_event,44,2,42,1,0.699158027054332,0.699158027054332,full_event_available,0,1,,"1,8","0.65359,0.86748",paper_formula,Full Bernoulli event probability uses selected probabilities and non-selected complement probabilities.
42,13,3,continue,bernoulli_full_event,34,6,28,1,0.145922842555636,0.145922842555636,full_event_available,0,1,,"9,13,14,19,20,23","0.93584,0.59069,0.42749,0.41633,0.25937,0.86178",paper_formula,Full Bernoulli event probability uses selected probabilities and non-selected complement probabilities.
42,13,4,load_loss_threshold,bernoulli_full_event,18,0,18,NaN,NaN,1,terminal_stage_probability_one,1,0,,"","",,Terminal recording stage excluded from Bernoulli complement product.
42,14,1,continue,bernoulli_full_event,45,1,44,0.996816335048545,0.754152953257859,0.751751982932536,full_event_available,0,1,,"3","0.16643",paper_formula,Full Bernoulli event probability uses selected probabilities and non-selected complement probabilities.
42,14,2,continue,bernoulli_full_event,44,2,42,1,0.699158027054332,0.699158027054332,full_event_available,0,1,,"1,8","0.82074,0.41074",paper_formula,Full Bernoulli event probability uses selected probabilities and non-selected complement probabilities.
42,14,3,continue,bernoulli_full_event,34,6,28,1,0.145922842555636,0.145922842555636,full_event_available,0,1,,"9,13,14,19,20,23","0.44514,0.24829,0.30636,0.88554,0.95522,0.94553",paper_formula,Full Bernoulli event probability uses selected probabilities and non-selected complement probabilities.
42,14,4,load_loss_threshold,bernoulli_full_event,18,0,18,NaN,NaN,1,terminal_stage_probability_one,1,0,,"","",,Terminal recording stage excluded from Bernoulli complement product.
42,15,1,continue,bernoulli_full_event,45,1,44,0.996816335048545,0.754152953257859,0.751751982932536,full_event_available,0,1,,"3","0.38415",paper_formula,Full Bernoulli event probability uses selected probabilities and non-selected complement probabilities.
42,15,2,continue,bernoulli_full_event,44,2,42,1,0.699158027054332,0.699158027054332,full_event_available,0,1,,"1,8","0.94766,0.66225",paper_formula,Full Bernoulli event probability uses selected probabilities and non-selected complement probabilities.
42,15,3,continue,bernoulli_full_event,34,7,27,0.708106387216349,0.499917902156333,0.353995059600697,full_event_available,0,1,,"9,13,14,19,20,23,27","0.40721,0.089769,0.45911,0.55162,0.99407,0.5697,0.26943",paper_formula,Full Bernoulli event probability uses selected probabilities and non-selected complement probabilities.
42,15,4,load_loss_threshold,bernoulli_full_event,0,0,0,NaN,NaN,1,terminal_stage_probability_one,1,0,,"","",,Terminal recording stage excluded from Bernoulli complement product.
42,16,1,continue,bernoulli_full_event,45,1,44,0.996816335048545,0.754152953257859,0.751751982932536,full_event_available,0,1,,"3","0.12556",paper_formula,Full Bernoulli event probability uses selected probabilities and non-selected complement probabilities.
42,16,2,continue,bernoulli_full_event,44,2,42,1,0.699158027054332,0.699158027054332,full_event_available,0,1,,"1,8","0.017415,0.54301",paper_formula,Full Bernoulli event probability uses selected probabilities and non-selected complement probabilities.
42,16,3,continue,bernoulli_full_event,34,6,28,1,0.145922842555636,0.145922842555636,full_event_available,0,1,,"9,13,14,19,20,23","0.18882,0.5271,0.0098222,0.57042,0.1857,0.72814",paper_formula,Full Bernoulli event probability uses selected probabilities and non-selected complement probabilities.
42,16,4,load_loss_threshold,bernoulli_full_event,18,0,18,NaN,NaN,1,terminal_stage_probability_one,1,0,,"","",,Terminal recording stage excluded from Bernoulli complement product.
42,17,1,continue,bernoulli_full_event,45,2,43,0.00633799692098967,0.758978721688837,0.00481040480116053,full_event_available,0,1,,"3,38","0.94441,0.0041566",paper_formula,Full Bernoulli event probability uses selected probabilities and non-selected complement probabilities.
42,17,2,continue,bernoulli_full_event,43,5,38,0.170844195024079,0.687610441351275,0.11747425234281,full_event_available,0,1,,"1,8,23,28,35","0.90131,0.31199,0.028317,0.68461,0.46756",paper_formula,Full Bernoulli event probability uses selected probabilities and non-selected complement probabilities.
42,17,3,load_loss_threshold,bernoulli_full_event,0,0,0,NaN,NaN,1,terminal_stage_probability_one,1,0,,"","",,Terminal recording stage excluded from Bernoulli complement product.
42,18,1,continue,bernoulli_full_event,45,1,44,0.996816335048545,0.754152953257859,0.751751982932536,full_event_available,0,1,,"3","0.23354",paper_formula,Full Bernoulli event probability uses selected probabilities and non-selected complement probabilities.
42,18,2,continue,bernoulli_full_event,44,2,42,1,0.699158027054332,0.699158027054332,full_event_available,0,1,,"1,8","0.2727,0.83702",paper_formula,Full Bernoulli event probability uses selected probabilities and non-selected complement probabilities.
42,18,3,continue,bernoulli_full_event,34,7,27,0.708106387216349,0.499917902156333,0.353995059600697,full_event_available,0,1,,"9,13,14,19,20,23,27","0.46014,0.56084,0.82268,0.77627,0.15964,0.45842,0.69447",paper_formula,Full Bernoulli event probability uses selected probabilities and non-selected complement probabilities.
42,18,4,load_loss_threshold,bernoulli_full_event,0,0,0,NaN,NaN,1,terminal_stage_probability_one,1,0,,"","",,Terminal recording stage excluded from Bernoulli complement product.
42,19,1,continue,bernoulli_full_event,45,2,43,0.00638734057559499,0.759016534378192,0.00484809710758132,full_event_available,0,1,,"3,21","0.40715,0.002599",paper_formula,Full Bernoulli event probability uses selected probabilities and non-selected complement probabilities.
42,19,2,continue,bernoulli_full_event,43,3,40,0.548386101583831,0.773700766027979,0.424286746874507,full_event_available,0,1,,"1,8,19","0.11765,0.52295,0.45261",paper_formula,Full Bernoulli event probability uses selected probabilities and non-selected complement probabilities.
42,19,3,load_loss_threshold,bernoulli_full_event,21,0,21,NaN,NaN,1,terminal_stage_probability_one,1,0,,"","",,Terminal recording stage excluded from Bernoulli complement product.
42,20,1,continue,bernoulli_full_event,45,1,44,0.996816335048545,0.754152953257859,0.751751982932536,full_event_available,0,1,,"3","0.69179",paper_formula,Full Bernoulli event probability uses selected probabilities and non-selected complement probabilities.
42,20,2,continue,bernoulli_full_event,44,2,42,1,0.699158027054332,0.699158027054332,full_event_available,0,1,,"1,8","0.15182,0.24611",paper_formula,Full Bernoulli event probability uses selected probabilities and non-selected complement probabilities.
42,20,3,continue,bernoulli_full_event,34,7,27,0.708106387216349,0.499917902156333,0.353995059600697,full_event_available,0,1,,"9,13,14,19,20,23,27","0.059418,0.55573,0.8383,0.14776,0.57879,0.055706,0.2007",paper_formula,Full Bernoulli event probability uses selected probabilities and non-selected complement probabilities.
42,20,4,load_loss_threshold,bernoulli_full_event,0,0,0,NaN,NaN,1,terminal_stage_probability_one,1,0,,"","",,Terminal recording stage excluded from Bernoulli complement product.
42,21,1,continue,bernoulli_full_event,45,2,43,0.00633799692098967,0.758978721688837,0.00481040480116053,full_event_available,0,1,,"3,38","0.63817,0.0031736",paper_formula,Full Bernoulli event probability uses selected probabilities and non-selected complement probabilities.
42,21,2,continue,bernoulli_full_event,43,4,39,1,0.570136189008465,0.570136189008465,full_event_available,0,1,,"1,8,28,35","0.29784,0.94358,0.74309,0.68422",paper_formula,Full Bernoulli event probability uses selected probabilities and non-selected complement probabilities.
42,21,3,load_loss_threshold,bernoulli_full_event,28,0,28,NaN,NaN,1,terminal_stage_probability_one,1,0,,"","",,Terminal recording stage excluded from Bernoulli complement product.
42,22,1,continue,bernoulli_full_event,45,1,44,0.996816335048545,0.754152953257859,0.751751982932536,full_event_available,0,1,,"3","0.61291",paper_formula,Full Bernoulli event probability uses selected probabilities and non-selected complement probabilities.
42,22,2,continue,bernoulli_full_event,44,2,42,1,0.699158027054332,0.699158027054332,full_event_available,0,1,,"1,8","0.47899,0.45399",paper_formula,Full Bernoulli event probability uses selected probabilities and non-selected complement probabilities.
42,22,3,continue,bernoulli_full_event,34,7,27,0.708106387216349,0.499917902156333,0.353995059600697,full_event_available,0,1,,"9,13,14,19,20,23,27","0.57423,0.76961,0.27722,0.65242,0.53598,0.47153,0.5317",paper_formula,Full Bernoulli event probability uses selected probabilities and non-selected complement probabilities.
42,22,4,load_loss_threshold,bernoulli_full_event,0,0,0,NaN,NaN,1,terminal_stage_probability_one,1,0,,"","",,Terminal recording stage excluded from Bernoulli complement product.
42,23,1,continue,bernoulli_full_event,45,1,44,0.996816335048545,0.754152953257859,0.751751982932536,full_event_available,0,1,,"3","0.64505",paper_formula,Full Bernoulli event probability uses selected probabilities and non-selected complement probabilities.
42,23,2,continue,bernoulli_full_event,44,2,42,1,0.699158027054332,0.699158027054332,full_event_available,0,1,,"1,8","0.36645,0.70281",paper_formula,Full Bernoulli event probability uses selected probabilities and non-selected complement probabilities.
42,23,3,continue,bernoulli_full_event,34,7,27,0.708106387216349,0.499917902156333,0.353995059600697,full_event_available,0,1,,"9,13,14,19,20,23,27","0.6203,0.073722,0.37617,0.035285,0.9312,0.61261,0.039373",paper_formula,Full Bernoulli event probability uses selected probabilities and non-selected complement probabilities.
42,23,4,load_loss_threshold,bernoulli_full_event,0,0,0,NaN,NaN,1,terminal_stage_probability_one,1,0,,"","",,Terminal recording stage excluded from Bernoulli complement product.
42,24,1,continue,bernoulli_full_event,45,1,44,0.996816335048545,0.754152953257859,0.751751982932536,full_event_available,0,1,,"3","0.97277",paper_formula,Full Bernoulli event probability uses selected probabilities and non-selected complement probabilities.
42,24,2,continue,bernoulli_full_event,44,2,42,1,0.699158027054332,0.699158027054332,full_event_available,0,1,,"1,8","0.72684,0.506",paper_formula,Full Bernoulli event probability uses selected probabilities and non-selected complement probabilities.
42,24,3,continue,bernoulli_full_event,34,8,26,0.186080968633553,0.678118434465758,0.126184935133657,full_event_available,0,1,,"9,13,14,19,20,23,26,27","0.45883,0.043111,0.96943,0.058178,0.72392,0.44733,0.045251,0.67888",paper_formula,Full Bernoulli event probability uses selected probabilities and non-selected complement probabilities.
42,24,4,load_loss_threshold,bernoulli_full_event,7,0,7,NaN,NaN,1,terminal_stage_probability_one,1,0,,"","",,Terminal recording stage excluded from Bernoulli complement product.
42,25,1,continue,bernoulli_full_event,45,1,44,0.996816335048545,0.754152953257859,0.751751982932536,full_event_available,0,1,,"3","0.63778",paper_formula,Full Bernoulli event probability uses selected probabilities and non-selected complement probabilities.
42,25,2,continue,bernoulli_full_event,44,2,42,1,0.699158027054332,0.699158027054332,full_event_available,0,1,,"1,8","0.61057,0.52717",paper_formula,Full Bernoulli event probability uses selected probabilities and non-selected complement probabilities.
42,25,3,continue,bernoulli_full_event,34,6,28,1,0.145922842555636,0.145922842555636,full_event_available,0,1,,"9,13,14,19,20,23","0.84967,0.67327,0.63238,0.11441,0.4648,0.49596",paper_formula,Full Bernoulli event probability uses selected probabilities and non-selected complement probabilities.
42,25,4,load_loss_threshold,bernoulli_full_event,18,0,18,NaN,NaN,1,terminal_stage_probability_one,1,0,,"","",,Terminal recording stage excluded from Bernoulli complement product.
42,26,1,continue,bernoulli_full_event,45,2,43,0.00642780237237136,0.75904754359503,0.00487900760146279,full_event_available,0,1,,"3,25","0.088457,0.0035249",paper_formula,Full Bernoulli event probability uses selected probabilities and non-selected complement probabilities.
42,26,2,continue,bernoulli_full_event,43,3,40,0.551606092802543,0.378448861034177,0.208754697560635,full_event_available,0,1,,"1,8,19","0.94855,0.78227,0.1002",paper_formula,Full Bernoulli event probability uses selected probabilities and non-selected complement probabilities.
42,26,3,load_loss_threshold,bernoulli_full_event,32,0,32,NaN,NaN,1,terminal_stage_probability_one,1,0,,"","",,Terminal recording stage excluded from Bernoulli complement product.
42,27,1,continue,bernoulli_full_event,45,1,44,0.996816335048545,0.754152953257859,0.751751982932536,full_event_available,0,1,,"3","0.66886",paper_formula,Full Bernoulli event probability uses selected probabilities and non-selected complement probabilities.
42,27,2,continue,bernoulli_full_event,44,3,41,0.00648199255,0.703719531816859,0.00456150476252637,full_event_available,0,1,,"1,8,13","0.97428,0.21753,0.0046435",paper_formula,Full Bernoulli event probability uses selected probabilities and non-selected complement probabilities.
42,27,3,load_loss_threshold,bernoulli_full_event,25,0,25,NaN,NaN,1,terminal_stage_probability_one,1,0,,"","",,Terminal recording stage excluded from Bernoulli complement product.
42,28,1,continue,bernoulli_full_event,45,1,44,0.996816335048545,0.754152953257859,0.751751982932536,full_event_available,0,1,,"3","0.57441",paper_formula,Full Bernoulli event probability uses selected probabilities and non-selected complement probabilities.
42,28,2,continue,bernoulli_full_event,44,2,42,1,0.699158027054332,0.699158027054332,full_event_available,0,1,,"1,8","0.53218,0.97525",paper_formula,Full Bernoulli event probability uses selected probabilities and non-selected complement probabilities.
42,28,3,continue,bernoulli_full_event,34,8,26,0.144206659412802,0.627762423258384,0.0905275219629772,full_event_available,0,1,,"9,13,14,18,19,20,23,27","0.75175,0.17619,0.38285,0.012735,0.52372,0.077837,0.21707,0.13183",paper_formula,Full Bernoulli event probability uses selected probabilities and non-selected complement probabilities.
42,28,4,load_loss_threshold,bernoulli_full_event,0,0,0,NaN,NaN,1,terminal_stage_probability_one,1,0,,"","",,Terminal recording stage excluded from Bernoulli complement product.
42,29,1,continue,bernoulli_full_event,45,1,44,0.996816335048545,0.754152953257859,0.751751982932536,full_event_available,0,1,,"3","0.96762",paper_formula,Full Bernoulli event probability uses selected probabilities and non-selected complement probabilities.
42,29,2,continue,bernoulli_full_event,44,2,42,1,0.699158027054332,0.699158027054332,full_event_available,0,1,,"1,8","0.6684,0.033415",paper_formula,Full Bernoulli event probability uses selected probabilities and non-selected complement probabilities.
42,29,3,continue,bernoulli_full_event,34,8,26,0.186080968633553,0.678118434465758,0.126184935133657,full_event_available,0,1,,"9,13,14,19,20,23,26,27","0.12933,0.6655,0.18538,0.55915,0.81375,0.41561,0.21683,0.47708",paper_formula,Full Bernoulli event probability uses selected probabilities and non-selected complement probabilities.
42,29,4,load_loss_threshold,bernoulli_full_event,7,0,7,NaN,NaN,1,terminal_stage_probability_one,1,0,,"","",,Terminal recording stage excluded from Bernoulli complement product.
42,30,1,continue,bernoulli_full_event,45,2,43,0.00622549338848954,0.758892522842965,0.00472448038353303,full_event_available,0,1,,"3,12","0.98736,0.0060688",paper_formula,Full Bernoulli event probability uses selected probabilities and non-selected complement probabilities.
42,30,2,continue,bernoulli_full_event,43,3,40,0.00643350561844208,0.362077513338267,0.00232942771637327,full_event_available,0,1,,"1,5,8","0.44944,0.0063746,0.22331",paper_formula,Full Bernoulli event probability uses selected probabilities and non-selected complement probabilities.
42,30,3,continue,bernoulli_full_event,33,10,23,0.99084236507709,0.500586048076956,0.496001863801165,full_event_available,0,1,,"9,10,11,13,14,18,19,20,23,27","0.72527,0.63503,0.7848,0.97741,0.20118,0.32857,0.48113,0.86126,0.81958,0.39584",paper_formula,Full Bernoulli event probability uses selected probabilities and non-selected complement probabilities.
42,30,4,load_loss_threshold,bernoulli_full_event,0,0,0,NaN,NaN,1,terminal_stage_probability_one,1,0,,"","",,Terminal recording stage excluded from Bernoulli complement product.
43,1,1,no_new_outage,bernoulli_full_event,45,0,45,1,0.749263036892236,0.749263036892236,full_event_available,1,1,,"","",paper_formula,Full Bernoulli event probability uses selected probabilities and non-selected complement probabilities.
43,2,1,no_new_outage,bernoulli_full_event,45,0,45,1,0.749263036892236,0.749263036892236,full_event_available,1,1,,"","",paper_formula,Full Bernoulli event probability uses selected probabilities and non-selected complement probabilities.
43,3,1,continue,bernoulli_full_event,45,1,44,0.00648199255,0.754151440913811,0.00488840402157509,full_event_available,0,1,,"37","0.0052535",paper_formula,Full Bernoulli event probability uses selected probabilities and non-selected complement probabilities.
43,3,2,continue,bernoulli_full_event,44,4,40,0.00157134349812243,0.357374788400197,0.000561558550145529,full_event_available,0,1,,"8,19,23,39","0.40521,0.14865,0.24382,0.0031116",paper_formula,Full Bernoulli event probability uses selected probabilities and non-selected complement probabilities.
43,3,3,continue,bernoulli_full_event,40,8,32,0.805129462701755,0.550614051787419,0.443315595671641,full_event_available,0,1,,"1,3,6,13,16,17,18,27","0.45397,0.23038,0.072796,0.19598,0.74418,0.086824,0.54975,0.19961",paper_formula,Full Bernoulli event probability uses selected probabilities and non-selected complement probabilities.
43,3,4,load_loss_threshold,bernoulli_full_event,0,0,0,NaN,NaN,1,terminal_stage_probability_one,1,0,,"","",,Terminal recording stage excluded from Bernoulli complement product.
43,4,1,no_new_outage,bernoulli_full_event,45,0,45,1,0.749263036892236,0.749263036892236,full_event_available,1,1,,"","",paper_formula,Full Bernoulli event probability uses selected probabilities and non-selected complement probabilities.
43,5,1,no_new_outage,bernoulli_full_event,45,0,45,1,0.749263036892236,0.749263036892236,full_event_available,1,1,,"","",paper_formula,Full Bernoulli event probability uses selected probabilities and non-selected complement probabilities.
43,6,1,no_new_outage,bernoulli_full_event,45,0,45,1,0.749263036892236,0.749263036892236,full_event_available,1,1,,"","",paper_formula,Full Bernoulli event probability uses selected probabilities and non-selected complement probabilities.
43,7,1,no_new_outage,bernoulli_full_event,45,0,45,1,0.749263036892236,0.749263036892236,full_event_available,1,1,,"","",paper_formula,Full Bernoulli event probability uses selected probabilities and non-selected complement probabilities.
43,8,1,no_new_outage,bernoulli_full_event,45,0,45,1,0.749263036892236,0.749263036892236,full_event_available,1,1,,"","",paper_formula,Full Bernoulli event probability uses selected probabilities and non-selected complement probabilities.
43,9,1,no_new_outage,bernoulli_full_event,45,0,45,1,0.749263036892236,0.749263036892236,full_event_available,1,1,,"","",paper_formula,Full Bernoulli event probability uses selected probabilities and non-selected complement probabilities.
43,10,1,no_new_outage,bernoulli_full_event,45,0,45,1,0.749263036892236,0.749263036892236,full_event_available,1,1,,"","",paper_formula,Full Bernoulli event probability uses selected probabilities and non-selected complement probabilities.
43,11,1,no_new_outage,bernoulli_full_event,45,0,45,1,0.749263036892236,0.749263036892236,full_event_available,1,1,,"","",paper_formula,Full Bernoulli event probability uses selected probabilities and non-selected complement probabilities.
43,12,1,no_new_outage,bernoulli_full_event,45,0,45,1,0.749263036892236,0.749263036892236,full_event_available,1,1,,"","",paper_formula,Full Bernoulli event probability uses selected probabilities and non-selected complement probabilities.
43,13,1,no_new_outage,bernoulli_full_event,45,0,45,1,0.749263036892236,0.749263036892236,full_event_available,1,1,,"","",paper_formula,Full Bernoulli event probability uses selected probabilities and non-selected complement probabilities.
43,14,1,no_new_outage,bernoulli_full_event,45,0,45,1,0.749263036892236,0.749263036892236,full_event_available,1,1,,"","",paper_formula,Full Bernoulli event probability uses selected probabilities and non-selected complement probabilities.
43,15,1,no_new_outage,bernoulli_full_event,45,0,45,1,0.749263036892236,0.749263036892236,full_event_available,1,1,,"","",paper_formula,Full Bernoulli event probability uses selected probabilities and non-selected complement probabilities.
43,16,1,no_new_outage,bernoulli_full_event,45,0,45,1,0.749263036892236,0.749263036892236,full_event_available,1,1,,"","",paper_formula,Full Bernoulli event probability uses selected probabilities and non-selected complement probabilities.
43,17,1,continue,bernoulli_full_event,45,1,44,0.00662851625,0.754262679318869,0.00499964242663366,full_event_available,0,1,,"30","0.00018877",paper_formula,Full Bernoulli event probability uses selected probabilities and non-selected complement probabilities.
43,17,2,continue,bernoulli_full_event,44,1,43,0.006007770575,0.758821504827248,0.00455882550837836,full_event_available,0,1,,"16","0.0025554",paper_formula,Full Bernoulli event probability uses selected probabilities and non-selected complement probabilities.
43,17,3,continue,bernoulli_full_event,43,1,42,0.006358239425,0.763677146971091,0.00485564214384311,full_event_available,0,1,,"14","0.0023546",paper_formula,Full Bernoulli event probability uses selected probabilities and non-selected complement probabilities.
43,17,4,continue,bernoulli_full_event,42,5,37,0.00654020084278431,0.522779980653997,0.00341908607006403,full_event_available,0,1,,"3,6,13,18,31","0.84435,0.8548,0.45019,0.46452,0.0010755",paper_formula,Full Bernoulli event probability uses selected probabilities and non-selected complement probabilities.
43,17,5,max_depth_reached,bernoulli_full_event,0,0,0,NaN,NaN,1,terminal_stage_probability_one,1,0,,"","",,Terminal recording stage excluded from Bernoulli complement product.
43,18,1,continue,bernoulli_full_event,45,1,44,0.006007770575,0.753791644151651,0.00452860725941516,full_event_available,0,1,,"16","0.0046761",paper_formula,Full Bernoulli event probability uses selected probabilities and non-selected complement probabilities.
43,18,2,no_new_outage,bernoulli_full_event,44,0,44,1,0.753791644151651,0.753791644151651,full_event_available,1,1,,"","",paper_formula,Full Bernoulli event probability uses selected probabilities and non-selected complement probabilities.
43,19,1,no_new_outage,bernoulli_full_event,45,0,45,1,0.749263036892236,0.749263036892236,full_event_available,1,1,,"","",paper_formula,Full Bernoulli event probability uses selected probabilities and non-selected complement probabilities.
43,20,1,continue,bernoulli_full_event,45,1,44,0.00641467085,0.754100342376453,0.00483730548421725,full_event_available,0,1,,"7","0.0044654",paper_formula,Full Bernoulli event probability uses selected probabilities and non-selected complement probabilities.
43,20,2,no_new_outage,bernoulli_full_event,44,0,44,1,0.754100342376453,0.754100342376453,full_event_available,1,1,,"","",paper_formula,Full Bernoulli event probability uses selected probabilities and non-selected complement probabilities.
43,21,1,continue,bernoulli_full_event,45,1,44,0.006245376575,0.753971875179692,0.00470883828745607,full_event_available,0,1,,"12","0.0042884",paper_formula,Full Bernoulli event probability uses selected probabilities and non-selected complement probabilities.
43,21,2,continue,bernoulli_full_event,44,2,42,0.800345279530174,0.763951077675141,0.611424638809288,full_event_available,0,1,,"10,11","0.65653,0.7408",paper_formula,Full Bernoulli event probability uses selected probabilities and non-selected complement probabilities.
43,21,3,continue,bernoulli_full_event,42,3,39,1,0.65638304768279,0.65638304768279,full_event_available,0,1,,"1,13,27","0.92662,0.15926,0.93662",paper_formula,Full Bernoulli event probability uses selected probabilities and non-selected complement probabilities.
43,21,4,load_loss_threshold,bernoulli_full_event,31,0,31,NaN,NaN,1,terminal_stage_probability_one,1,0,,"","",,Terminal recording stage excluded from Bernoulli complement product.
43,22,1,no_new_outage,bernoulli_full_event,45,0,45,1,0.749263036892236,0.749263036892236,full_event_available,1,1,,"","",paper_formula,Full Bernoulli event probability uses selected probabilities and non-selected complement probabilities.
43,23,1,continue,bernoulli_full_event,45,1,44,0.006009750625,0.753793145720852,0.00453010882861661,full_event_available,0,1,,"44","0.0012136",paper_formula,Full Bernoulli event probability uses selected probabilities and non-selected complement probabilities.
43,23,2,continue,bernoulli_full_event,42,1,41,0.00647011225,0.768528614126193,0.0049724664007334,full_event_available,0,1,,"40","0.0006614",paper_formula,Full Bernoulli event probability uses selected probabilities and non-selected complement probabilities.
43,23,3,continue,bernoulli_full_event,41,1,40,0.566881253029962,0.773447141969423,0.438452684992069,full_event_available,0,1,,"3","0.0015403",paper_formula,Full Bernoulli event probability uses selected probabilities and non-selected complement probabilities.
43,23,4,continue,bernoulli_full_event,40,4,36,0.974916531840404,0.793500598976768,0.773596851967714,full_event_available,0,1,,"1,8,19,23","0.59969,0.57053,0.14307,0.36508",paper_formula,Full Bernoulli event probability uses selected probabilities and non-selected complement probabilities.
43,23,5,max_depth_reached,bernoulli_full_event,20,0,20,NaN,NaN,1,terminal_stage_probability_one,1,0,,"","",,Terminal recording stage excluded from Bernoulli complement product.
43,24,1,no_new_outage,bernoulli_full_event,45,0,45,1,0.749263036892236,0.749263036892236,full_event_available,1,1,,"","",paper_formula,Full Bernoulli event probability uses selected probabilities and non-selected complement probabilities.
43,25,1,continue,bernoulli_full_event,45,1,44,0.006425561125,0.754108607846844,0.00484557095460855,full_event_available,0,1,,"39","0.0043344",paper_formula,Full Bernoulli event probability uses selected probabilities and non-selected complement probabilities.
43,25,2,continue,bernoulli_full_event,44,1,43,0.332540530630613,0.273053467482654,0.0908013449672106,full_event_available,0,1,,"19","0.27689",paper_formula,Full Bernoulli event probability uses selected probabilities and non-selected complement probabilities.
43,25,3,continue,bernoulli_full_event,43,4,39,0.386365353610796,0.595359397442592,0.230026244118418,full_event_available,0,1,,"8,10,14,18","0.50635,0.15344,0.27164,0.40642",paper_formula,Full Bernoulli event probability uses selected probabilities and non-selected complement probabilities.
43,25,4,continue,bernoulli_full_event,38,6,32,0.000331547160554823,0.814135686352957,0.000269924375116675,full_event_available,0,1,,"3,6,16,17,27,28","0.79278,0.068639,0.10741,0.32578,0.71184,0.0048589",paper_formula,Full Bernoulli event probability uses selected probabilities and non-selected complement probabilities.
43,25,5,max_depth_reached,bernoulli_full_event,0,0,0,NaN,NaN,1,terminal_stage_probability_one,1,0,,"","",,Terminal recording stage excluded from Bernoulli complement product.
43,26,1,no_new_outage,bernoulli_full_event,45,0,45,1,0.749263036892236,0.749263036892236,full_event_available,1,1,,"","",paper_formula,Full Bernoulli event probability uses selected probabilities and non-selected complement probabilities.
43,27,1,continue,bernoulli_full_event,45,2,43,4.10447901892108e-05,0.758958301567147,3.11512842501833e-05,full_event_available,0,1,,"6,26","0.0060954,0.0032217",paper_formula,Full Bernoulli event probability uses selected probabilities and non-selected complement probabilities.
43,27,2,continue,bernoulli_full_event,43,2,41,0.00533896429538614,0.768798929028891,0.00410459003241636,full_event_available,0,1,,"3,37","0.50457,0.0006401",paper_formula,Full Bernoulli event probability uses selected probabilities and non-selected complement probabilities.
43,27,3,continue,bernoulli_full_event,41,2,39,1,0.778932459540726,0.778932459540726,full_event_available,0,1,,"40,42","0.81704,0.66598",paper_formula,Full Bernoulli event probability uses selected probabilities and non-selected complement probabilities.
43,27,4,continue,bernoulli_full_event,33,1,32,1,0.814788805214539,0.814788805214539,full_event_available,0,1,,"1","0.84595",paper_formula,Full Bernoulli event probability uses selected probabilities and non-selected complement probabilities.
43,27,5,max_depth_reached,bernoulli_full_event,29,0,29,NaN,NaN,1,terminal_stage_probability_one,1,0,,"","",,Terminal recording stage excluded from Bernoulli complement product.
43,28,1,continue,bernoulli_full_event,45,1,44,0.006009750625,0.753793145720852,0.00453010882861661,full_event_available,0,1,,"44","0.0047661",paper_formula,Full Bernoulli event probability uses selected probabilities and non-selected complement probabilities.
43,28,2,no_new_outage,bernoulli_full_event,42,0,42,1,0.763556147725459,0.763556147725459,full_event_available,1,1,,"","",paper_formula,Full Bernoulli event probability uses selected probabilities and non-selected complement probabilities.
43,29,1,no_new_outage,bernoulli_full_event,45,0,45,1,0.749263036892236,0.749263036892236,full_event_available,1,1,,"","",paper_formula,Full Bernoulli event probability uses selected probabilities and non-selected complement probabilities.
43,30,1,no_new_outage,bernoulli_full_event,45,0,45,1,0.749263036892236,0.749263036892236,full_event_available,1,1,,"","",paper_formula,Full Bernoulli event probability uses selected probabilities and non-selected complement probabilities.
44,1,1,no_new_outage,bernoulli_full_event,45,0,45,1,0.748925721017526,0.748925721017526,full_event_available,1,1,,"","",paper_formula,Full Bernoulli event probability uses selected probabilities and non-selected complement probabilities.
44,2,1,no_new_outage,bernoulli_full_event,45,0,45,1,0.748925721017526,0.748925721017526,full_event_available,1,1,,"","",paper_formula,Full Bernoulli event probability uses selected probabilities and non-selected complement probabilities.
44,3,1,no_new_outage,bernoulli_full_event,45,0,45,1,0.748925721017526,0.748925721017526,full_event_available,1,1,,"","",paper_formula,Full Bernoulli event probability uses selected probabilities and non-selected complement probabilities.
44,4,1,no_new_outage,bernoulli_full_event,45,0,45,1,0.748925721017526,0.748925721017526,full_event_available,1,1,,"","",paper_formula,Full Bernoulli event probability uses selected probabilities and non-selected complement probabilities.
44,5,1,continue,bernoulli_full_event,45,1,44,0.006245376575,0.753632439400719,0.00470671838319336,full_event_available,0,1,,"12","0.0024453",paper_formula,Full Bernoulli event probability uses selected probabilities and non-selected complement probabilities.
44,5,2,continue,bernoulli_full_event,44,3,41,0.00521786169679917,0.768566928279996,0.00401027593649879,full_event_available,0,1,,"10,11,28","0.34415,0.1737,0.0048345",paper_formula,Full Bernoulli event probability uses selected probabilities and non-selected complement probabilities.
44,5,3,continue,bernoulli_full_event,41,4,37,1,0.783837022860915,0.783837022860915,full_event_available,0,1,,"1,13,27,38","0.52649,0.8854,0.10356,0.019718",paper_formula,Full Bernoulli event probability uses selected probabilities and non-selected complement probabilities.
44,5,4,load_loss_threshold,bernoulli_full_event,25,0,25,NaN,NaN,1,terminal_stage_probability_one,1,0,,"","",,Terminal recording stage excluded from Bernoulli complement product.
44,6,1,continue,bernoulli_full_event,45,1,44,0.006425561125,0.753769110511253,0.00484338949372694,full_event_available,0,1,,"39","0.0016146",paper_formula,Full Bernoulli event probability uses selected probabilities and non-selected complement probabilities.
44,6,2,continue,bernoulli_full_event,44,1,43,0.342277053409738,0.261648643230788,0.0895563266336898,full_event_available,0,1,,"19","0.16825",paper_formula,Full Bernoulli event probability uses selected probabilities and non-selected complement probabilities.
44,6,3,continue,bernoulli_full_event,43,4,39,0.398682644193566,0.59148596977421,0.235815190432978,full_event_available,0,1,,"8,10,14,18","0.9131,0.63539,0.02934,0.1559",paper_formula,Full Bernoulli event probability uses selected probabilities and non-selected complement probabilities.
44,6,4,continue,bernoulli_full_event,38,5,33,0.0579697172088468,0.808517683252118,0.0468695414564773,full_event_available,0,1,,"3,6,16,17,27","0.22991,0.40026,0.025762,0.1173,0.20593",paper_formula,Full Bernoulli event probability uses selected probabilities and non-selected complement probabilities.
44,6,5,max_depth_reached,bernoulli_full_event,0,0,0,NaN,NaN,1,terminal_stage_probability_one,1,0,,"","",,Terminal recording stage excluded from Bernoulli complement product.
44,7,1,no_new_outage,bernoulli_full_event,45,0,45,1,0.748925721017526,0.748925721017526,full_event_available,1,1,,"","",paper_formula,Full Bernoulli event probability uses selected probabilities and non-selected complement probabilities.
44,8,1,no_new_outage,bernoulli_full_event,45,0,45,1,0.748925721017526,0.748925721017526,full_event_available,1,1,,"","",paper_formula,Full Bernoulli event probability uses selected probabilities and non-selected complement probabilities.
44,9,1,no_new_outage,bernoulli_full_event,45,0,45,1,0.748925721017526,0.748925721017526,full_event_available,1,1,,"","",paper_formula,Full Bernoulli event probability uses selected probabilities and non-selected complement probabilities.
44,10,1,no_new_outage,bernoulli_full_event,45,0,45,1,0.748925721017526,0.748925721017526,full_event_available,1,1,,"","",paper_formula,Full Bernoulli event probability uses selected probabilities and non-selected complement probabilities.
44,11,1,no_new_outage,bernoulli_full_event,45,0,45,1,0.748925721017526,0.748925721017526,full_event_available,1,1,,"","",paper_formula,Full Bernoulli event probability uses selected probabilities and non-selected complement probabilities.
44,12,1,continue,bernoulli_full_event,45,1,44,0.006544364125,0.75385925045148,0.00493352943395406,full_event_available,0,1,,"11","0.0037051",paper_formula,Full Bernoulli event probability uses selected probabilities and non-selected complement probabilities.
44,12,2,continue,bernoulli_full_event,44,2,42,0.00641112925823722,0.763494540396582,0.0048948621864409,full_event_available,0,1,,"7,12","0.0038223,0.3299",paper_formula,Full Bernoulli event probability uses selected probabilities and non-selected complement probabilities.
44,12,3,continue,bernoulli_full_event,42,5,37,0.999975887125469,0.788220464812071,0.788201458550901,full_event_available,0,1,,"1,4,13,25,27","0.90149,0.026173,0.1762,0.89981,0.94513",paper_formula,Full Bernoulli event probability uses selected probabilities and non-selected complement probabilities.
44,12,4,load_loss_threshold,bernoulli_full_event,16,0,16,NaN,NaN,1,terminal_stage_probability_one,1,0,,"","",,Terminal recording stage excluded from Bernoulli complement product.
44,13,1,continue,bernoulli_full_event,45,1,44,0.00639487035,0.753745827863567,0.00482010684604093,full_event_available,0,1,,"22","0.0022368",paper_formula,Full Bernoulli event probability uses selected probabilities and non-selected complement probabilities.
44,13,2,continue,bernoulli_full_event,44,1,43,0.006007770575,0.75830152947935,0.00455570161578354,full_event_available,0,1,,"16","0.00029493",paper_formula,Full Bernoulli event probability uses selected probabilities and non-selected complement probabilities.
44,13,3,no_new_outage,bernoulli_full_event,43,0,43,1,0.75830152947935,0.75830152947935,full_event_available,1,1,,"","",paper_formula,Full Bernoulli event probability uses selected probabilities and non-selected complement probabilities.
44,14,1,continue,bernoulli_full_event,45,3,42,2.65109086144036e-07,0.763547020070764,2.02423252718962e-07,full_event_available,0,1,,"24,37,45","0.0015684,0.0060627,0.0020242",paper_formula,Full Bernoulli event probability uses selected probabilities and non-selected complement probabilities.
44,14,2,continue,bernoulli_full_event,41,10,31,0.00522223708799092,0.0389614013929574,0.000203465675354403,full_event_available,0,1,,"6,7,8,9,10,14,15,20,23,30","0.040372,0.19624,0.72436,0.087089,0.27255,0.34052,0.0048693,0.62393,0.11598,0.060751",paper_formula,Full Bernoulli event probability uses selected probabilities and non-selected complement probabilities.
44,14,3,continue,bernoulli_full_event,25,5,20,1,0.879340163701651,0.879340163701651,full_event_available,0,1,,"1,4,27,40,42","0.36846,0.34394,0.80468,0.088843,0.82121",paper_formula,Full Bernoulli event probability uses selected probabilities and non-selected complement probabilities.
44,14,4,load_loss_threshold,bernoulli_full_event,0,0,0,NaN,NaN,1,terminal_stage_probability_one,1,0,,"","",,Terminal recording stage excluded from Bernoulli complement product.
44,15,1,no_new_outage,bernoulli_full_event,45,0,45,1,0.748925721017526,0.748925721017526,full_event_available,1,1,,"","",paper_formula,Full Bernoulli event probability uses selected probabilities and non-selected complement probabilities.
44,16,1,continue,bernoulli_full_event,45,1,44,0.00656119455,0.7538720220198,0.00494630100227379,full_event_available,0,1,,"31","0.0051255",paper_formula,Full Bernoulli event probability uses selected probabilities and non-selected complement probabilities.
44,16,2,continue,bernoulli_full_event,44,1,43,0.006532483825,0.758829060584005,0.00495703856420496,full_event_available,0,1,,"20","0.00028105",paper_formula,Full Bernoulli event probability uses selected probabilities and non-selected complement probabilities.
44,16,3,continue,bernoulli_full_event,43,1,42,0.870456426986437,0.763684751076571,0.664754299766139,full_event_available,0,1,,"14","0.21191",paper_formula,Full Bernoulli event probability uses selected probabilities and non-selected complement probabilities.
44,16,4,continue,bernoulli_full_event,42,3,39,0.321025456821862,0.534530310913864,0.171597837246255,full_event_available,0,1,,"3,6,25","0.088837,0.26628,0.17079",paper_formula,Full Bernoulli event probability uses selected probabilities and non-selected complement probabilities.
44,16,5,max_depth_reached,bernoulli_full_event,0,0,0,NaN,NaN,1,terminal_stage_probability_one,1,0,,"","",,Terminal recording stage excluded from Bernoulli complement product.
44,17,1,continue,bernoulli_full_event,45,1,44,0.00662851625,0.753923112620783,0.00499739160325744,full_event_available,0,1,,"30","0.0049477",paper_formula,Full Bernoulli event probability uses selected probabilities and non-selected complement probabilities.
44,17,2,no_new_outage,bernoulli_full_event,44,0,44,1,0.753923112620783,0.753923112620783,full_event_available,1,1,,"","",paper_formula,Full Bernoulli event probability uses selected probabilities and non-selected complement probabilities.
44,18,1,no_new_outage,bernoulli_full_event,45,0,45,1,0.748925721017526,0.748925721017526,full_event_available,1,1,,"","",paper_formula,Full Bernoulli event probability uses selected probabilities and non-selected complement probabilities.
44,19,1,no_new_outage,bernoulli_full_event,45,0,45,1,0.748925721017526,0.748925721017526,full_event_available,1,1,,"","",paper_formula,Full Bernoulli event probability uses selected probabilities and non-selected complement probabilities.
44,20,1,continue,bernoulli_full_event,45,1,44,0.00648199255,0.753811924294907,0.00488620327738075,full_event_available,0,1,,"37","0.0042781",paper_formula,Full Bernoulli event probability uses selected probabilities and non-selected complement probabilities.
44,20,2,continue,bernoulli_full_event,44,4,40,0.141904828028388,0.773309288554115,0.109736321605026,full_event_available,0,1,,"8,14,19,23","0.16799,0.25521,0.26436,0.76636",paper_formula,Full Bernoulli event probability uses selected probabilities and non-selected complement probabilities.
44,20,3,continue,bernoulli_full_event,40,8,32,0.00629948364399941,0.813829075349071,0.00512670294917264,full_event_available,0,1,,"1,2,3,6,13,18,27,38","0.80285,0.69919,0.95926,0.98394,0.31453,0.34989,0.83271,0.0030728",paper_formula,Full Bernoulli event probability uses selected probabilities and non-selected complement probabilities.
44,20,4,load_loss_threshold,bernoulli_full_event,0,0,0,NaN,NaN,1,terminal_stage_probability_one,1,0,,"","",,Terminal recording stage excluded from Bernoulli complement product.
44,21,1,no_new_outage,bernoulli_full_event,45,0,45,1,0.748925721017526,0.748925721017526,full_event_available,1,1,,"","",paper_formula,Full Bernoulli event probability uses selected probabilities and non-selected complement probabilities.
44,22,1,continue,bernoulli_full_event,45,1,44,0.00656119455,0.7538720220198,0.00494630100227379,full_event_available,0,1,,"31","0.0021183",paper_formula,Full Bernoulli event probability uses selected probabilities and non-selected complement probabilities.
44,22,2,continue,bernoulli_full_event,44,1,43,0.006457241925,0.758771593766568,0.00489957174676855,full_event_available,0,1,,"43","0.0029242",paper_formula,Full Bernoulli event probability uses selected probabilities and non-selected complement probabilities.
44,22,3,no_new_outage,bernoulli_full_event,41,0,41,1,0.768599075792685,0.768599075792685,full_event_available,1,1,,"","",paper_formula,Full Bernoulli event probability uses selected probabilities and non-selected complement probabilities.
44,23,1,continue,bernoulli_full_event,45,1,44,0.0065948554,0.753897566454707,0.00497184543718068,full_event_available,0,1,,"9","0.0036711",paper_formula,Full Bernoulli event probability uses selected probabilities and non-selected complement probabilities.
44,23,2,no_new_outage,bernoulli_full_event,44,0,44,1,0.753897566454707,0.753897566454707,full_event_available,1,1,,"","",paper_formula,Full Bernoulli event probability uses selected probabilities and non-selected complement probabilities.
44,24,1,continue,bernoulli_full_event,45,1,44,0.00635922945,0.753718791755073,0.00479307073754728,full_event_available,0,1,,"3","0.0016558",paper_formula,Full Bernoulli event probability uses selected probabilities and non-selected complement probabilities.
44,24,2,continue,bernoulli_full_event,44,1,43,0.006009750625,0.758275840461208,0.00455704870613414,full_event_available,0,1,,"34","0.00050834",paper_formula,Full Bernoulli event probability uses selected probabilities and non-selected complement probabilities.
44,24,3,continue,bernoulli_full_event,43,4,39,0.00511600932364422,0.575365463189178,0.00294357507417871,full_event_available,0,1,,"8,18,19,23","0.43215,0.00053098,0.78897,0.58257",paper_formula,Full Bernoulli event probability uses selected probabilities and non-selected complement probabilities.
44,24,4,continue,bernoulli_full_event,38,4,34,1,0.251176973593301,0.251176973593301,full_event_available,0,1,,"4,31,40,42","0.46884,0.55469,0.9429,0.78103",paper_formula,Full Bernoulli event probability uses selected probabilities and non-selected complement probabilities.
44,24,5,max_depth_reached,bernoulli_full_event,17,0,17,NaN,NaN,1,terminal_stage_probability_one,1,0,,"","",,Terminal recording stage excluded from Bernoulli complement product.
44,25,1,no_new_outage,bernoulli_full_event,45,0,45,1,0.748925721017526,0.748925721017526,full_event_available,1,1,,"","",paper_formula,Full Bernoulli event probability uses selected probabilities and non-selected complement probabilities.
44,26,1,no_new_outage,bernoulli_full_event,45,0,45,1,0.748925721017526,0.748925721017526,full_event_available,1,1,,"","",paper_formula,Full Bernoulli event probability uses selected probabilities and non-selected complement probabilities.
44,27,1,no_new_outage,bernoulli_full_event,45,0,45,1,0.748925721017526,0.748925721017526,full_event_available,1,1,,"","",paper_formula,Full Bernoulli event probability uses selected probabilities and non-selected complement probabilities.
44,28,1,no_new_outage,bernoulli_full_event,45,0,45,1,0.748925721017526,0.748925721017526,full_event_available,1,1,,"","",paper_formula,Full Bernoulli event probability uses selected probabilities and non-selected complement probabilities.
44,29,1,no_new_outage,bernoulli_full_event,45,0,45,1,0.748925721017526,0.748925721017526,full_event_available,1,1,,"","",paper_formula,Full Bernoulli event probability uses selected probabilities and non-selected complement probabilities.
44,30,1,no_new_outage,bernoulli_full_event,45,0,45,1,0.748925721017526,0.748925721017526,full_event_available,1,1,,"","",paper_formula,Full Bernoulli event probability uses selected probabilities and non-selected complement probabilities.
45,1,1,continue,bernoulli_full_event,45,2,43,4.16129017611813e-05,0.759005179179983,3.15844079574445e-05,full_event_available,0,1,,"25,28","0.0053978,0.0059742",paper_formula,Full Bernoulli event probability uses selected probabilities and non-selected complement probabilities.
45,1,2,continue,bernoulli_full_event,43,1,42,1,0.763861996642293,0.763861996642293,full_event_available,0,1,,"38","0.29118",paper_formula,Full Bernoulli event probability uses selected probabilities and non-selected complement probabilities.
45,1,3,continue,bernoulli_full_event,38,4,34,0.57191201392514,0.804298583747327,0.459988022828072,full_event_available,0,1,,"8,14,19,23","0.092819,0.11365,0.2741,0.34528",paper_formula,Full Bernoulli event probability uses selected probabilities and non-selected complement probabilities.
45,1,4,continue,bernoulli_full_event,34,5,29,0.998800511062906,0.830178867747998,0.829183077380325,full_event_available,0,1,,"3,6,13,18,27","0.26296,0.68874,0.65111,0.21509,0.78567",paper_formula,Full Bernoulli event probability uses selected probabilities and non-selected complement probabilities.
45,1,5,max_depth_reached,bernoulli_full_event,0,0,0,NaN,NaN,1,terminal_stage_probability_one,1,0,,"","",,Terminal recording stage excluded from Bernoulli complement product.
45,2,1,continue,bernoulli_full_event,45,1,44,0.006007770575,0.753772866550583,0.00452849444789599,full_event_available,0,1,,"15","0.0012745",paper_formula,Full Bernoulli event probability uses selected probabilities and non-selected complement probabilities.
45,2,2,no_new_outage,bernoulli_full_event,44,0,44,1,0.753772866550583,0.753772866550583,full_event_available,1,1,,"","",paper_formula,Full Bernoulli event probability uses selected probabilities and non-selected complement probabilities.
45,3,1,no_new_outage,bernoulli_full_event,45,0,45,1,0.749244372102687,0.749244372102687,full_event_available,1,1,,"","",paper_formula,Full Bernoulli event probability uses selected probabilities and non-selected complement probabilities.
45,4,1,continue,bernoulli_full_event,45,2,43,3.93299963904463e-05,0.758739837857462,2.98412350842218e-05,full_event_available,0,1,,"11,34","0.0054884,0.0035227",paper_formula,Full Bernoulli event probability uses selected probabilities and non-selected complement probabilities.
45,4,2,continue,bernoulli_full_event,43,3,40,0.159139220807843,0.386518926575129,0.0615103208026501,full_event_available,0,1,,"8,12,19","0.17354,0.80378,0.1239",paper_formula,Full Bernoulli event probability uses selected probabilities and non-selected complement probabilities.
45,4,3,continue,bernoulli_full_event,40,5,35,0.782748235235942,0.798384050351778,0.624933706453378,full_event_available,0,1,,"1,18,21,22,23","0.59331,0.85455,0.98607,0.82123,0.56855",paper_formula,Full Bernoulli event probability uses selected probabilities and non-selected complement probabilities.
45,4,4,load_loss_threshold,bernoulli_full_event,27,0,27,NaN,NaN,1,terminal_stage_probability_one,1,0,,"","",,Terminal recording stage excluded from Bernoulli complement product.
45,5,1,no_new_outage,bernoulli_full_event,45,0,45,1,0.749244372102687,0.749244372102687,full_event_available,1,1,,"","",paper_formula,Full Bernoulli event probability uses selected probabilities and non-selected complement probabilities.
45,6,1,continue,bernoulli_full_event,45,1,44,0.006007770575,0.753772866550583,0.00452849444789599,full_event_available,0,1,,"16","0.00098949",paper_formula,Full Bernoulli event probability uses selected probabilities and non-selected complement probabilities.
45,6,2,continue,bernoulli_full_event,44,2,42,4.06601167771335e-05,0.763478549172066,3.10431269661727e-05,full_event_available,0,1,,"38,46","0.0043704,0.0022578",paper_formula,Full Bernoulli event probability uses selected probabilities and non-selected complement probabilities.
45,6,3,continue,bernoulli_full_event,42,7,35,1,0.222694989264669,0.222694989264669,full_event_available,0,1,,"6,8,14,19,23,28,35","0.38129,0.48116,0.13988,0.13899,0.91506,0.38772,0.79128",paper_formula,Full Bernoulli event probability uses selected probabilities and non-selected complement probabilities.
45,6,4,load_loss_threshold,bernoulli_full_event,23,0,23,NaN,NaN,1,terminal_stage_probability_one,1,0,,"","",,Terminal recording stage excluded from Bernoulli complement product.
45,7,1,no_new_outage,bernoulli_full_event,45,0,45,1,0.749244372102687,0.749244372102687,full_event_available,1,1,,"","",paper_formula,Full Bernoulli event probability uses selected probabilities and non-selected complement probabilities.
45,8,1,continue,bernoulli_full_event,45,1,44,0.00648199255,0.754132654349895,0.00488828224720774,full_event_available,0,1,,"13","0.0052422",paper_formula,Full Bernoulli event probability uses selected probabilities and non-selected complement probabilities.
45,8,2,continue,bernoulli_full_event,44,3,41,0.00593794712615521,0.708521476424956,0.00420716306475682,full_event_available,0,1,,"19,23,40","0.33226,0.54277,0.004669",paper_formula,Full Bernoulli event probability uses selected probabilities and non-selected complement probabilities.
45,8,3,continue,bernoulli_full_event,37,3,34,0.956263334317189,0.803998922197881,0.768834690128372,full_event_available,0,1,,"3,8,14","0.98298,0.33866,0.60776",paper_formula,Full Bernoulli event probability uses selected probabilities and non-selected complement probabilities.
45,8,4,load_loss_threshold,bernoulli_full_event,23,0,23,NaN,NaN,1,terminal_stage_probability_one,1,0,,"","",,Terminal recording stage excluded from Bernoulli complement product.
45,9,1,no_new_outage,bernoulli_full_event,45,0,45,1,0.749244372102687,0.749244372102687,full_event_available,1,1,,"","",paper_formula,Full Bernoulli event probability uses selected probabilities and non-selected complement probabilities.
45,10,1,continue,bernoulli_full_event,45,1,44,0.006425561125,0.754089822349937,0.00484545024724991,full_event_available,0,1,,"39","0.0044243",paper_formula,Full Bernoulli event probability uses selected probabilities and non-selected complement probabilities.
45,10,2,continue,bernoulli_full_event,44,2,42,0.00368545636224878,0.297188738356262,0.00109527612656378,full_event_available,0,1,,"2,23","0.0065571,0.018102",paper_formula,Full Bernoulli event probability uses selected probabilities and non-selected complement probabilities.
45,10,3,continue,bernoulli_full_event,42,5,37,0.569830942911745,0.78859748954777,0.449367251046841,full_event_available,0,1,,"8,10,13,14,18","0.027108,0.061402,0.14651,0.32922,0.35898",paper_formula,Full Bernoulli event probability uses selected probabilities and non-selected complement probabilities.
45,10,4,load_loss_threshold,bernoulli_full_event,28,0,28,NaN,NaN,1,terminal_stage_probability_one,1,0,,"","",,Terminal recording stage excluded from Bernoulli complement product.
45,11,1,no_new_outage,bernoulli_full_event,45,0,45,1,0.749244372102687,0.749244372102687,full_event_available,1,1,,"","",paper_formula,Full Bernoulli event probability uses selected probabilities and non-selected complement probabilities.
45,12,1,no_new_outage,bernoulli_full_event,45,0,45,1,0.749244372102687,0.749244372102687,full_event_available,1,1,,"","",paper_formula,Full Bernoulli event probability uses selected probabilities and non-selected complement probabilities.
45,13,1,no_new_outage,bernoulli_full_event,45,0,45,1,0.749244372102687,0.749244372102687,full_event_available,1,1,,"","",paper_formula,Full Bernoulli event probability uses selected probabilities and non-selected complement probabilities.
45,14,1,continue,bernoulli_full_event,45,1,44,0.00656119455,0.754192777645021,0.00494840554233387,full_event_available,0,1,,"2","0.0021586",paper_formula,Full Bernoulli event probability uses selected probabilities and non-selected complement probabilities.
45,14,2,continue,bernoulli_full_event,44,1,43,0.487911553893871,0.759019557166077,0.370334411572739,full_event_available,0,1,,"3","0.34293",paper_formula,Full Bernoulli event probability uses selected probabilities and non-selected complement probabilities.
45,14,3,continue,bernoulli_full_event,43,2,41,1,0.769024185881335,0.769024185881335,full_event_available,0,1,,"40,42","0.15822,0.90124",paper_formula,Full Bernoulli event probability uses selected probabilities and non-selected complement probabilities.
45,14,4,continue,bernoulli_full_event,34,2,32,0.856757666770383,0.307723659032341,0.263644604122594,full_event_available,0,1,,"8,14","0.35313,0.037481",paper_formula,Full Bernoulli event probability uses selected probabilities and non-selected complement probabilities.
45,14,5,max_depth_reached,bernoulli_full_event,32,0,32,NaN,NaN,1,terminal_stage_probability_one,1,0,,"","",,Terminal recording stage excluded from Bernoulli complement product.
45,15,1,no_new_outage,bernoulli_full_event,45,0,45,1,0.749244372102687,0.749244372102687,full_event_available,1,1,,"","",paper_formula,Full Bernoulli event probability uses selected probabilities and non-selected complement probabilities.
45,16,1,continue,bernoulli_full_event,45,1,44,0.00649387285,0.754141672233055,0.00489730013036783,full_event_available,0,1,,"35","0.0010376",paper_formula,Full Bernoulli event probability uses selected probabilities and non-selected complement probabilities.
45,16,2,continue,bernoulli_full_event,44,3,41,0.961608171477201,0.769039512310216,0.739514679226345,full_event_available,0,1,,"29,36,38","0.15874,0.86159,0.94336",paper_formula,Full Bernoulli event probability uses selected probabilities and non-selected complement probabilities.
45,16,3,continue,bernoulli_full_event,39,3,36,0.446705529216817,0.24136035518604,0.107817005195339,full_event_available,0,1,,"8,19,23","0.37292,0.42389,0.4531",paper_formula,Full Bernoulli event probability uses selected probabilities and non-selected complement probabilities.
45,16,4,continue,bernoulli_full_event,36,10,26,0.00333574794462737,0.65077391453693,0.00217081774783367,full_event_available,0,1,,"1,3,6,12,13,16,17,18,25,27","0.75546,0.68735,0.35912,0.76248,0.94753,0.78969,0.045559,0.10387,0.0047946,0.075242",paper_formula,Full Bernoulli event probability uses selected probabilities and non-selected complement probabilities.
45,16,5,max_depth_reached,bernoulli_full_event,0,0,0,NaN,NaN,1,terminal_stage_probability_one,1,0,,"","",,Terminal recording stage excluded from Bernoulli complement product.
45,17,1,no_new_outage,bernoulli_full_event,45,0,45,1,0.749244372102687,0.749244372102687,full_event_available,1,1,,"","",paper_formula,Full Bernoulli event probability uses selected probabilities and non-selected complement probabilities.
45,18,1,no_new_outage,bernoulli_full_event,45,0,45,1,0.749244372102687,0.749244372102687,full_event_available,1,1,,"","",paper_formula,Full Bernoulli event probability uses selected probabilities and non-selected complement probabilities.
45,19,1,continue,bernoulli_full_event,45,1,44,0.006457241925,0.754113867785978,0.00486949568329153,full_event_available,0,1,,"5","0.0044223",paper_formula,Full Bernoulli event probability uses selected probabilities and non-selected complement probabilities.
45,19,2,no_new_outage,bernoulli_full_event,44,0,44,1,0.754113867785978,0.754113867785978,full_event_available,1,1,,"","",paper_formula,Full Bernoulli event probability uses selected probabilities and non-selected complement probabilities.
45,20,1,no_new_outage,bernoulli_full_event,45,0,45,1,0.749244372102687,0.749244372102687,full_event_available,1,1,,"","",paper_formula,Full Bernoulli event probability uses selected probabilities and non-selected complement probabilities.
45,21,1,no_new_outage,bernoulli_full_event,45,0,45,1,0.749244372102687,0.749244372102687,full_event_available,1,1,,"","",paper_formula,Full Bernoulli event probability uses selected probabilities and non-selected complement probabilities.
45,22,1,no_new_outage,bernoulli_full_event,45,0,45,1,0.749244372102687,0.749244372102687,full_event_available,1,1,,"","",paper_formula,Full Bernoulli event probability uses selected probabilities and non-selected complement probabilities.
45,23,1,no_new_outage,bernoulli_full_event,45,0,45,1,0.749244372102687,0.749244372102687,full_event_available,1,1,,"","",paper_formula,Full Bernoulli event probability uses selected probabilities and non-selected complement probabilities.
45,24,1,no_new_outage,bernoulli_full_event,45,0,45,1,0.749244372102687,0.749244372102687,full_event_available,1,1,,"","",paper_formula,Full Bernoulli event probability uses selected probabilities and non-selected complement probabilities.
45,25,1,no_new_outage,bernoulli_full_event,45,0,45,1,0.749244372102687,0.749244372102687,full_event_available,1,1,,"","",paper_formula,Full Bernoulli event probability uses selected probabilities and non-selected complement probabilities.
45,26,1,no_new_outage,bernoulli_full_event,45,0,45,1,0.749244372102687,0.749244372102687,full_event_available,1,1,,"","",paper_formula,Full Bernoulli event probability uses selected probabilities and non-selected complement probabilities.
45,27,1,no_new_outage,bernoulli_full_event,45,0,45,1,0.749244372102687,0.749244372102687,full_event_available,1,1,,"","",paper_formula,Full Bernoulli event probability uses selected probabilities and non-selected complement probabilities.
45,28,1,no_new_outage,bernoulli_full_event,45,0,45,1,0.749244372102687,0.749244372102687,full_event_available,1,1,,"","",paper_formula,Full Bernoulli event probability uses selected probabilities and non-selected complement probabilities.
45,29,1,no_new_outage,bernoulli_full_event,45,0,45,1,0.749244372102687,0.749244372102687,full_event_available,1,1,,"","",paper_formula,Full Bernoulli event probability uses selected probabilities and non-selected complement probabilities.
45,30,1,no_new_outage,bernoulli_full_event,45,0,45,1,0.749244372102687,0.749244372102687,full_event_available,1,1,,"","",paper_formula,Full Bernoulli event probability uses selected probabilities and non-selected complement probabilities.
46,1,1,continue,bernoulli_full_event,45,4,41,0.473843416644621,0.768594494053974,0.364193441076779,full_event_available,0,1,,"8,14,19,23","0.71529,0.76401,0.25009,0.66813",paper_formula,Full Bernoulli event probability uses selected probabilities and non-selected complement probabilities.
46,1,2,continue,bernoulli_full_event,41,6,35,1,0.167154398933119,0.167154398933119,full_event_available,0,1,,"1,2,3,13,18,40","0.55398,0.88833,0.53254,0.5045,0.9821,0.42715",paper_formula,Full Bernoulli event probability uses selected probabilities and non-selected complement probabilities.
46,1,3,load_loss_threshold,bernoulli_full_event,0,0,0,NaN,NaN,1,terminal_stage_probability_one,1,0,,"","",,Terminal recording stage excluded from Bernoulli complement product.
46,2,1,continue,bernoulli_full_event,45,5,40,0.00312492881501323,0.773696913320751,0.00241774777852281,full_event_available,0,1,,"8,9,14,19,23","0.15313,0.0021595,0.82982,0.46668,0.72045",paper_formula,Full Bernoulli event probability uses selected probabilities and non-selected complement probabilities.
46,2,2,continue,bernoulli_full_event,40,8,32,0.601553092808638,0.711594959084718,0.428062148464448,full_event_available,0,1,,"1,2,3,6,13,18,27,40","0.79089,0.4171,0.61989,0.63008,0.26712,0.65344,0.016247,0.70006",paper_formula,Full Bernoulli event probability uses selected probabilities and non-selected complement probabilities.
46,2,3,load_loss_threshold,bernoulli_full_event,0,0,0,NaN,NaN,1,terminal_stage_probability_one,1,0,,"","",,Terminal recording stage excluded from Bernoulli complement product.
46,3,1,continue,bernoulli_full_event,45,3,42,0.783017069062893,0.303478910414601,0.237629166955241,full_event_available,0,1,,"8,14,23","0.47003,0.76349,0.43596",paper_formula,Full Bernoulli event probability uses selected probabilities and non-selected complement probabilities.
46,3,2,continue,bernoulli_full_event,42,7,35,0.683653585219127,0.525126491310595,0.359004608478029,full_event_available,0,1,,"1,2,3,13,18,27,40","0.25001,0.21377,0.33149,0.50386,0.61808,0.065626,0.61993",paper_formula,Full Bernoulli event probability uses selected probabilities and non-selected complement probabilities.
46,3,3,load_loss_threshold,bernoulli_full_event,0,0,0,NaN,NaN,1,terminal_stage_probability_one,1,0,,"","",,Terminal recording stage excluded from Bernoulli complement product.
46,4,1,continue,bernoulli_full_event,45,3,42,0.783017069062893,0.303478910414601,0.237629166955241,full_event_available,0,1,,"8,14,23","0.62671,0.87283,0.23379",paper_formula,Full Bernoulli event probability uses selected probabilities and non-selected complement probabilities.
46,4,2,continue,bernoulli_full_event,42,7,35,0.683653585219127,0.525126491310595,0.359004608478029,full_event_available,0,1,,"1,2,3,13,18,27,40","0.10012,0.53201,0.49651,0.57083,0.44135,0.50432,0.80931",paper_formula,Full Bernoulli event probability uses selected probabilities and non-selected complement probabilities.
46,4,3,load_loss_threshold,bernoulli_full_event,0,0,0,NaN,NaN,1,terminal_stage_probability_one,1,0,,"","",,Terminal recording stage excluded from Bernoulli complement product.
46,5,1,continue,bernoulli_full_event,45,5,40,0.00305033923927162,0.773574333513853,0.0023596641440107,full_event_available,0,1,,"8,14,19,23,41","0.13509,0.1412,0.56863,0.055585,0.0024618",paper_formula,Full Bernoulli event probability uses selected probabilities and non-selected complement probabilities.
46,5,2,continue,bernoulli_full_event,40,7,33,1,0.808848692161231,0.808848692161231,full_event_available,0,1,,"1,2,3,4,13,18,27","0.50282,0.2507,0.40822,0.21914,0.58611,0.67543,0.26349",paper_formula,Full Bernoulli event probability uses selected probabilities and non-selected complement probabilities.
46,5,3,load_loss_threshold,bernoulli_full_event,0,0,0,NaN,NaN,1,terminal_stage_probability_one,1,0,,"","",,Terminal recording stage excluded from Bernoulli complement product.
46,6,1,continue,bernoulli_full_event,45,4,41,0.473843416644621,0.768594494053974,0.364193441076779,full_event_available,0,1,,"8,14,19,23","0.95307,0.14633,0.29729,0.58277",paper_formula,Full Bernoulli event probability uses selected probabilities and non-selected complement probabilities.
46,6,2,continue,bernoulli_full_event,41,9,32,2.61292965052357e-05,0.535248462784085,1.3985665788057e-05,full_event_available,0,1,,"1,2,3,13,18,27,38,40,44","0.6803,0.66053,0.053307,0.40786,0.68052,0.32527,0.0013658,0.88122,0.0027273",paper_formula,Full Bernoulli event probability uses selected probabilities and non-selected complement probabilities.
46,6,3,load_loss_threshold,bernoulli_full_event,0,0,0,NaN,NaN,1,terminal_stage_probability_one,1,0,,"","",,Terminal recording stage excluded from Bernoulli complement product.
46,7,1,continue,bernoulli_full_event,45,4,41,0.473843416644621,0.768594494053974,0.364193441076779,full_event_available,0,1,,"8,14,19,23","0.41352,0.34813,0.56941,0.44376",paper_formula,Full Bernoulli event probability uses selected probabilities and non-selected complement probabilities.
46,7,2,continue,bernoulli_full_event,41,7,34,0.68380833192599,0.52864896773306,0.36149456879994,full_event_available,0,1,,"1,2,3,13,18,27,40","0.81357,0.77219,0.99848,0.82209,0.87901,0.34779,0.18164",paper_formula,Full Bernoulli event probability uses selected probabilities and non-selected complement probabilities.
46,7,3,load_loss_threshold,bernoulli_full_event,0,0,0,NaN,NaN,1,terminal_stage_probability_one,1,0,,"","",,Terminal recording stage excluded from Bernoulli complement product.
46,8,1,continue,bernoulli_full_event,45,4,41,0.473843416644621,0.768594494053974,0.364193441076779,full_event_available,0,1,,"8,14,19,23","0.59983,0.28402,0.53314,0.034227",paper_formula,Full Bernoulli event probability uses selected probabilities and non-selected complement probabilities.
46,8,2,continue,bernoulli_full_event,41,7,34,0.68380833192599,0.52864896773306,0.36149456879994,full_event_available,0,1,,"1,2,3,13,18,27,40","0.45204,0.78334,0.4937,0.4589,0.8677,0.044645,0.69535",paper_formula,Full Bernoulli event probability uses selected probabilities and non-selected complement probabilities.
46,8,3,load_loss_threshold,bernoulli_full_event,0,0,0,NaN,NaN,1,terminal_stage_probability_one,1,0,,"","",,Terminal recording stage excluded from Bernoulli complement product.
46,9,1,continue,bernoulli_full_event,45,4,41,0.00513752732609243,0.305483245419564,0.00156942852100641,full_event_available,0,1,,"8,14,23,31","0.06315,0.19425,0.69453,0.005218",paper_formula,Full Bernoulli event probability uses selected probabilities and non-selected complement probabilities.
46,9,2,continue,bernoulli_full_event,41,4,37,0.844045570408229,0.60500650902305,0.510653064009052,full_event_available,0,1,,"13,18,27,40","0.86068,0.14265,0.7348,0.28444",paper_formula,Full Bernoulli event probability uses selected probabilities and non-selected complement probabilities.
46,9,3,load_loss_threshold,bernoulli_full_event,26,0,26,NaN,NaN,1,terminal_stage_probability_one,1,0,,"","",,Terminal recording stage excluded from Bernoulli complement product.
46,10,1,continue,bernoulli_full_event,45,3,42,0.605150813904622,0.166771886021954,0.100922142562594,full_event_available,0,1,,"8,14,19","0.78116,0.21193,0.30795",paper_formula,Full Bernoulli event probability uses selected probabilities and non-selected complement probabilities.
46,10,2,continue,bernoulli_full_event,42,6,36,3.95560889182219e-05,0.793374133108358,3.13827777546515e-05,full_event_available,0,1,,"1,3,18,40,42,44","0.47327,0.60391,0.75486,0.69221,0.0014632,0.0024041",paper_formula,Full Bernoulli event probability uses selected probabilities and non-selected complement probabilities.
46,10,3,load_loss_threshold,bernoulli_full_event,30,0,30,NaN,NaN,1,terminal_stage_probability_one,1,0,,"","",,Terminal recording stage excluded from Bernoulli complement product.
46,11,1,continue,bernoulli_full_event,45,4,41,0.473843416644621,0.768594494053974,0.364193441076779,full_event_available,0,1,,"8,14,19,23","0.30668,0.81513,0.16412,0.52761",paper_formula,Full Bernoulli event probability uses selected probabilities and non-selected complement probabilities.
46,11,2,continue,bernoulli_full_event,41,6,35,1,0.167154398933119,0.167154398933119,full_event_available,0,1,,"1,2,3,13,18,40","0.88537,0.9159,0.99357,0.61025,0.31654,0.49956",paper_formula,Full Bernoulli event probability uses selected probabilities and non-selected complement probabilities.
46,11,3,load_loss_threshold,bernoulli_full_event,0,0,0,NaN,NaN,1,terminal_stage_probability_one,1,0,,"","",,Terminal recording stage excluded from Bernoulli complement product.
46,12,1,continue,bernoulli_full_event,45,4,41,0.00380515663818715,0.167827174509517,0.000638608687153084,full_event_available,0,1,,"8,14,19,26","0.79838,0.30303,0.28367,0.0024207",paper_formula,Full Bernoulli event probability uses selected probabilities and non-selected complement probabilities.
46,12,2,continue,bernoulli_full_event,41,4,37,1,0.663751499217098,0.663751499217098,full_event_available,0,1,,"1,3,18,40","0.61059,0.73888,0.09951,0.899",paper_formula,Full Bernoulli event probability uses selected probabilities and non-selected complement probabilities.
46,12,3,load_loss_threshold,bernoulli_full_event,0,0,0,NaN,NaN,1,terminal_stage_probability_one,1,0,,"","",,Terminal recording stage excluded from Bernoulli complement product.
46,13,1,continue,bernoulli_full_event,45,3,42,0.605150813904622,0.166771886021954,0.100922142562594,full_event_available,0,1,,"8,14,19","0.7733,0.68965,0.58399",paper_formula,Full Bernoulli event probability uses selected probabilities and non-selected complement probabilities.
46,13,2,continue,bernoulli_full_event,42,4,38,1,0.783415558490796,0.783415558490796,full_event_available,0,1,,"1,3,18,40","0.82899,0.13848,0.11224,0.74688",paper_formula,Full Bernoulli event probability uses selected probabilities and non-selected complement probabilities.
46,13,3,load_loss_threshold,bernoulli_full_event,0,0,0,NaN,NaN,1,terminal_stage_probability_one,1,0,,"","",,Terminal recording stage excluded from Bernoulli complement product.
46,14,1,continue,bernoulli_full_event,45,4,41,0.00470573732018639,0.305313770034889,0.00143672640201998,full_event_available,0,1,,"8,14,23,44","0.56933,0.206,0.73283,0.00035223",paper_formula,Full Bernoulli event probability uses selected probabilities and non-selected complement probabilities.
46,14,2,continue,bernoulli_full_event,41,7,34,0.955446211699118,0.803149501025068,0.767366148182439,full_event_available,0,1,,"1,2,3,13,18,27,40","0.68785,0.98326,0.80776,0.9831,0.45278,0.33924,0.11093",paper_formula,Full Bernoulli event probability uses selected probabilities and non-selected complement probabilities.
46,14,3,load_loss_threshold,bernoulli_full_event,0,0,0,NaN,NaN,1,terminal_stage_probability_one,1,0,,"","",,Terminal recording stage excluded from Bernoulli complement product.
46,15,1,continue,bernoulli_full_event,45,3,42,0.783017069062893,0.303478910414601,0.237629166955241,full_event_available,0,1,,"8,14,23","0.53595,0.91268,0.31594",paper_formula,Full Bernoulli event probability uses selected probabilities and non-selected complement probabilities.
46,15,2,continue,bernoulli_full_event,42,9,33,0.00157844058437783,0.808958315051303,0.00127689263554688,full_event_available,0,1,,"1,2,3,6,13,18,19,27,40","0.38076,0.5327,0.22102,0.29528,0.46411,0.82239,0.0020625,0.10389,0.3258",paper_formula,Full Bernoulli event probability uses selected probabilities and non-selected complement probabilities.
46,15,3,load_loss_threshold,bernoulli_full_event,0,0,0,NaN,NaN,1,terminal_stage_probability_one,1,0,,"","",,Terminal recording stage excluded from Bernoulli complement product.
46,16,1,continue,bernoulli_full_event,45,4,41,0.473843416644621,0.768594494053974,0.364193441076779,full_event_available,0,1,,"8,14,19,23","0.2014,0.040339,0.44423,0.42197",paper_formula,Full Bernoulli event probability uses selected probabilities and non-selected complement probabilities.
46,16,2,continue,bernoulli_full_event,41,7,34,0.68380833192599,0.52864896773306,0.36149456879994,full_event_available,0,1,,"1,2,3,13,18,27,40","0.92225,0.17473,0.94117,0.17119,0.19015,0.095684,0.27488",paper_formula,Full Bernoulli event probability uses selected probabilities and non-selected complement probabilities.
46,16,3,load_loss_threshold,bernoulli_full_event,0,0,0,NaN,NaN,1,terminal_stage_probability_one,1,0,,"","",,Terminal recording stage excluded from Bernoulli complement product.
46,17,1,continue,bernoulli_full_event,45,3,42,0.783017069062893,0.303478910414601,0.237629166955241,full_event_available,0,1,,"8,14,23","0.77248,0.86527,0.46873",paper_formula,Full Bernoulli event probability uses selected probabilities and non-selected complement probabilities.
46,17,2,continue,bernoulli_full_event,42,7,35,0.346428125822387,0.254081534978164,0.0880209899685606,full_event_available,0,1,,"1,2,3,6,13,18,40","0.69063,0.58454,0.78561,0.049177,0.0072948,0.87718,0.40546",paper_formula,Full Bernoulli event probability uses selected probabilities and non-selected complement probabilities.
46,17,3,load_loss_threshold,bernoulli_full_event,0,0,0,NaN,NaN,1,terminal_stage_probability_one,1,0,,"","",,Terminal recording stage excluded from Bernoulli complement product.
46,18,1,continue,bernoulli_full_event,45,3,42,0.783017069062893,0.303478910414601,0.237629166955241,full_event_available,0,1,,"8,14,23","0.35558,0.74748,0.7303",paper_formula,Full Bernoulli event probability uses selected probabilities and non-selected complement probabilities.
46,18,2,continue,bernoulli_full_event,42,7,35,0.346428125822387,0.254081534978164,0.0880209899685606,full_event_available,0,1,,"1,2,3,6,13,18,40","0.7613,0.93367,0.27502,0.095727,0.97631,0.082401,0.2863",paper_formula,Full Bernoulli event probability uses selected probabilities and non-selected complement probabilities.
46,18,3,load_loss_threshold,bernoulli_full_event,0,0,0,NaN,NaN,1,terminal_stage_probability_one,1,0,,"","",,Terminal recording stage excluded from Bernoulli complement product.
46,19,1,continue,bernoulli_full_event,45,5,40,0.00305549952438582,0.773582812627214,0.00236368191605549,full_event_available,0,1,,"8,14,19,23,25","0.11684,0.55365,0.15235,0.75387,0.0061547",paper_formula,Full Bernoulli event probability uses selected probabilities and non-selected complement probabilities.
46,19,2,continue,bernoulli_full_event,40,6,34,0.998195731886406,0.803527278652322,0.802077500005046,full_event_available,0,1,,"3,6,13,18,26,27","0.99297,0.63582,0.30202,0.26465,0.80292,0.6913",paper_formula,Full Bernoulli event probability uses selected probabilities and non-selected complement probabilities.
46,19,3,load_loss_threshold,bernoulli_full_event,19,0,19,NaN,NaN,1,terminal_stage_probability_one,1,0,,"","",,Terminal recording stage excluded from Bernoulli complement product.
46,20,1,continue,bernoulli_full_event,45,3,42,0.605150813904622,0.166771886021954,0.100922142562594,full_event_available,0,1,,"8,14,19","0.64687,0.68058,0.23222",paper_formula,Full Bernoulli event probability uses selected probabilities and non-selected complement probabilities.
46,20,2,continue,bernoulli_full_event,42,4,38,1,0.783415558490796,0.783415558490796,full_event_available,0,1,,"1,3,18,40","0.72829,0.12137,0.41287,0.66141",paper_formula,Full Bernoulli event probability uses selected probabilities and non-selected complement probabilities.
46,20,3,load_loss_threshold,bernoulli_full_event,0,0,0,NaN,NaN,1,terminal_stage_probability_one,1,0,,"","",,Terminal recording stage excluded from Bernoulli complement product.
46,21,1,continue,bernoulli_full_event,45,4,41,0.473843416644621,0.768594494053974,0.364193441076779,full_event_available,0,1,,"8,14,19,23","0.86314,0.92938,0.021383,0.4159",paper_formula,Full Bernoulli event probability uses selected probabilities and non-selected complement probabilities.
46,21,2,continue,bernoulli_full_event,41,7,34,0.68380833192599,0.52864896773306,0.36149456879994,full_event_available,0,1,,"1,2,3,13,18,27,40","0.37942,0.28524,0.45811,0.84217,0.36788,0.2948,0.62148",paper_formula,Full Bernoulli event probability uses selected probabilities and non-selected complement probabilities.
46,21,3,load_loss_threshold,bernoulli_full_event,0,0,0,NaN,NaN,1,terminal_stage_probability_one,1,0,,"","",,Terminal recording stage excluded from Bernoulli complement product.
46,22,1,continue,bernoulli_full_event,45,4,41,0.473843416644621,0.768594494053974,0.364193441076779,full_event_available,0,1,,"8,14,19,23","0.97939,0.49082,0.24872,0.65359",paper_formula,Full Bernoulli event probability uses selected probabilities and non-selected complement probabilities.
46,22,2,continue,bernoulli_full_event,41,7,34,0.68380833192599,0.52864896773306,0.36149456879994,full_event_available,0,1,,"1,2,3,13,18,27,40","0.26013,0.6035,0.7597,0.9768,0.73582,0.23628,0.30481",paper_formula,Full Bernoulli event probability uses selected probabilities and non-selected complement probabilities.
46,22,3,load_loss_threshold,bernoulli_full_event,0,0,0,NaN,NaN,1,terminal_stage_probability_one,1,0,,"","",,Terminal recording stage excluded from Bernoulli complement product.
46,23,1,continue,bernoulli_full_event,45,3,42,0.783017069062893,0.303478910414601,0.237629166955241,full_event_available,0,1,,"8,14,23","0.84703,0.87852,0.46106",paper_formula,Full Bernoulli event probability uses selected probabilities and non-selected complement probabilities.
46,23,2,continue,bernoulli_full_event,42,9,33,0.00155428425633533,0.808875278671003,0.00125722211097719,full_event_available,0,1,,"1,2,3,6,13,18,27,31,40","0.57065,0.73486,0.71733,0.3389,0.16213,0.22678,0.20094,0.00077313,0.21236",paper_formula,Full Bernoulli event probability uses selected probabilities and non-selected complement probabilities.
46,23,3,load_loss_threshold,bernoulli_full_event,0,0,0,NaN,NaN,1,terminal_stage_probability_one,1,0,,"","",,Terminal recording stage excluded from Bernoulli complement product.
46,24,1,continue,bernoulli_full_event,45,3,42,0.783017069062893,0.303478910414601,0.237629166955241,full_event_available,0,1,,"8,14,23","0.15177,0.18374,0.70749",paper_formula,Full Bernoulli event probability uses selected probabilities and non-selected complement probabilities.
46,24,2,continue,bernoulli_full_event,42,7,35,0.683653585219127,0.525126491310595,0.359004608478029,full_event_available,0,1,,"1,2,3,13,18,27,40","0.77253,0.23062,0.19375,0.16112,0.019261,0.27429,0.99984",paper_formula,Full Bernoulli event probability uses selected probabilities and non-selected complement probabilities.
46,24,3,load_loss_threshold,bernoulli_full_event,0,0,0,NaN,NaN,1,terminal_stage_probability_one,1,0,,"","",,Terminal recording stage excluded from Bernoulli complement product.
46,25,1,continue,bernoulli_full_event,45,3,42,0.783017069062893,0.303478910414601,0.237629166955241,full_event_available,0,1,,"8,14,23","0.051106,0.041376,0.30142",paper_formula,Full Bernoulli event probability uses selected probabilities and non-selected complement probabilities.
46,25,2,continue,bernoulli_full_event,42,7,35,0.346428125822387,0.254081534978164,0.0880209899685606,full_event_available,0,1,,"1,2,3,6,13,18,40","0.70403,0.81521,0.16532,0.32462,0.96585,0.64676,0.092601",paper_formula,Full Bernoulli event probability uses selected probabilities and non-selected complement probabilities.
46,25,3,load_loss_threshold,bernoulli_full_event,0,0,0,NaN,NaN,1,terminal_stage_probability_one,1,0,,"","",,Terminal recording stage excluded from Bernoulli complement product.
46,26,1,continue,bernoulli_full_event,45,3,42,0.783017069062893,0.303478910414601,0.237629166955241,full_event_available,0,1,,"8,14,23","0.87919,0.16928,0.29487",paper_formula,Full Bernoulli event probability uses selected probabilities and non-selected complement probabilities.
46,26,2,continue,bernoulli_full_event,42,8,34,0.236890438850854,0.803568090600957,0.190357597629003,full_event_available,0,1,,"1,2,3,6,13,18,27,40","0.3375,0.294,0.73749,0.28701,0.29537,0.46938,0.48334,0.10029",paper_formula,Full Bernoulli event probability uses selected probabilities and non-selected complement probabilities.
46,26,3,load_loss_threshold,bernoulli_full_event,0,0,0,NaN,NaN,1,terminal_stage_probability_one,1,0,,"","",,Terminal recording stage excluded from Bernoulli complement product.
46,27,1,continue,bernoulli_full_event,45,2,43,1,0.0658497434593598,0.0658497434593598,full_event_available,0,1,,"8,14","0.76782,0.36321",paper_formula,Full Bernoulli event probability uses selected probabilities and non-selected complement probabilities.
46,27,2,continue,bernoulli_full_event,43,3,40,0.244435090757002,0.773366222885484,0.189037842879413,full_event_available,0,1,,"1,3,40","0.25503,0.90589,0.38142",paper_formula,Full Bernoulli event probability uses selected probabilities and non-selected complement probabilities.
46,27,3,continue,bernoulli_full_event,37,6,31,1,0.735002808984085,0.735002808984085,full_event_available,0,1,,"9,19,23,26,27,31","0.36975,0.35391,0.95259,0.018367,0.19127,0.52402",paper_formula,Full Bernoulli event probability uses selected probabilities and non-selected complement probabilities.
46,27,4,load_loss_threshold,bernoulli_full_event,12,0,12,NaN,NaN,1,terminal_stage_probability_one,1,0,,"","",,Terminal recording stage excluded from Bernoulli complement product.
46,28,1,continue,bernoulli_full_event,45,3,42,0.605150813904622,0.166771886021954,0.100922142562594,full_event_available,0,1,,"8,14,19","0.80388,0.26363,0.041214",paper_formula,Full Bernoulli event probability uses selected probabilities and non-selected complement probabilities.
46,28,2,continue,bernoulli_full_event,42,5,37,0.00641467085,0.788473355540584,0.00505779704978787,full_event_available,0,1,,"1,3,18,23,40","0.95256,0.32517,0.21779,0.00067345,0.46397",paper_formula,Full Bernoulli event probability uses selected probabilities and non-selected complement probabilities.
46,28,3,load_loss_threshold,bernoulli_full_event,0,0,0,NaN,NaN,1,terminal_stage_probability_one,1,0,,"","",,Terminal recording stage excluded from Bernoulli complement product.
46,29,1,continue,bernoulli_full_event,45,5,40,0.00306582009461422,0.773599771411582,0.00237171772438259,full_event_available,0,1,,"8,14,19,23,40","0.58486,0.36932,0.56335,0.21551,0.0027895",paper_formula,Full Bernoulli event probability uses selected probabilities and non-selected complement probabilities.
46,29,2,continue,bernoulli_full_event,40,6,34,0.997350862668757,0.730629181536025,0.728693644495923,full_event_available,0,1,,"3,7,13,18,27,31","0.12055,0.49194,0.37394,0.33125,0.75107,0.97568",paper_formula,Full Bernoulli event probability uses selected probabilities and non-selected complement probabilities.
46,29,3,load_loss_threshold,bernoulli_full_event,0,0,0,NaN,NaN,1,terminal_stage_probability_one,1,0,,"","",,Terminal recording stage excluded from Bernoulli complement product.
46,30,1,continue,bernoulli_full_event,45,4,41,0.473843416644621,0.768594494053974,0.364193441076779,full_event_available,0,1,,"8,14,19,23","0.95755,0.11802,0.21088,0.49409",paper_formula,Full Bernoulli event probability uses selected probabilities and non-selected complement probabilities.
46,30,2,continue,bernoulli_full_event,41,6,35,1,0.167154398933119,0.167154398933119,full_event_available,0,1,,"1,2,3,13,18,40","0.22319,0.4899,0.29368,0.79184,0.24605,0.28556",paper_formula,Full Bernoulli event probability uses selected probabilities and non-selected complement probabilities.
46,30,3,load_loss_threshold,bernoulli_full_event,0,0,0,NaN,NaN,1,terminal_stage_probability_one,1,0,,"","",,Terminal recording stage excluded from Bernoulli complement product.
