initial_branch,trial_id,stage_id,terminated_reason,stage_probability_mode,candidate_count,selected_candidate_count,unselected_candidate_count,selected_probability_product,unselected_probability_product,stage_transition_probability,probability_status,terminal_stage_flag,should_multiply_candidate_complements,missing_reason,selected_branch_ids,random_u_selected,candidate_probability_basis,note
1,1,1,continue,bernoulli_full_event,45,1,44,1,0.935538700449752,0.935538700449752,full_event_available,0,1,,"3","0.16777",paper_formula,Full Bernoulli event probability uses selected probabilities and non-selected complement probabilities.
1,1,2,continue,bernoulli_full_event,44,3,41,1,0.940073760859413,0.940073760859413,full_event_available,0,1,,"4,40,42","0.84134,0.86507,0.70673",paper_formula,Full Bernoulli event probability uses selected probabilities and non-selected complement probabilities.
1,1,3,continue,bernoulli_full_event,35,3,32,0.629146034758753,0.00868202135780183,0.00546225931095183,full_event_available,0,1,,"8,14,19","0.18445,0.55492,0.31452",paper_formula,Full Bernoulli event probability uses selected probabilities and non-selected complement probabilities.
1,1,4,load_loss_threshold,bernoulli_full_event,32,0,32,NaN,NaN,1,terminal_stage_probability_one,1,0,,"","",,Terminal recording stage excluded from Bernoulli complement product.
1,2,1,continue,bernoulli_full_event,45,1,44,1,0.935538700449752,0.935538700449752,full_event_available,0,1,,"3","0.63933",paper_formula,Full Bernoulli event probability uses selected probabilities and non-selected complement probabilities.
1,2,2,continue,bernoulli_full_event,44,3,41,1,0.940073760859413,0.940073760859413,full_event_available,0,1,,"4,40,42","0.97115,0.92201,0.45724",paper_formula,Full Bernoulli event probability uses selected probabilities and non-selected complement probabilities.
1,2,3,continue,bernoulli_full_event,35,5,30,0.405550517497763,0.231225880338518,0.0937737754301617,full_event_available,0,1,,"8,10,14,19,20","0.28448,0.79493,0.58236,0.33504,0.55021",paper_formula,Full Bernoulli event probability uses selected probabilities and non-selected complement probabilities.
1,2,4,load_loss_threshold,bernoulli_full_event,30,0,30,NaN,NaN,1,terminal_stage_probability_one,1,0,,"","",,Terminal recording stage excluded from Bernoulli complement product.
1,3,1,continue,bernoulli_full_event,45,1,44,1,0.935538700449752,0.935538700449752,full_event_available,0,1,,"3","0.84347",paper_formula,Full Bernoulli event probability uses selected probabilities and non-selected complement probabilities.
1,3,2,continue,bernoulli_full_event,44,3,41,1,0.940073760859413,0.940073760859413,full_event_available,0,1,,"4,40,42","0.69536,0.58399,0.61202",paper_formula,Full Bernoulli event probability uses selected probabilities and non-selected complement probabilities.
1,3,3,continue,bernoulli_full_event,35,6,29,0.290701563664496,0.816496557437507,0.237356825973761,full_event_available,0,1,,"8,10,14,19,20,23","0.42732,0.83059,0.34143,0.30605,0.22312,0.35658",paper_formula,Full Bernoulli event probability uses selected probabilities and non-selected complement probabilities.
1,3,4,load_loss_threshold,bernoulli_full_event,19,0,19,NaN,NaN,1,terminal_stage_probability_one,1,0,,"","",,Terminal recording stage excluded from Bernoulli complement product.
1,4,1,continue,bernoulli_full_event,45,1,44,1,0.935538700449752,0.935538700449752,full_event_available,0,1,,"3","0.60817",paper_formula,Full Bernoulli event probability uses selected probabilities and non-selected complement probabilities.
1,4,2,continue,bernoulli_full_event,44,3,41,1,0.940073760859413,0.940073760859413,full_event_available,0,1,,"4,40,42","0.49993,0.032152,0.61979",paper_formula,Full Bernoulli event probability uses selected probabilities and non-selected complement probabilities.
1,4,3,continue,bernoulli_full_event,35,5,30,0.461737918072145,0.302445584615572,0.139650594570507,full_event_available,0,1,,"8,10,14,20,23","0.9968,0.27291,0.077461,0.47414,0.141",paper_formula,Full Bernoulli event probability uses selected probabilities and non-selected complement probabilities.
1,4,4,load_loss_threshold,bernoulli_full_event,19,0,19,NaN,NaN,1,terminal_stage_probability_one,1,0,,"","",,Terminal recording stage excluded from Bernoulli complement product.
1,5,1,continue,bernoulli_full_event,45,1,44,1,0.935538700449752,0.935538700449752,full_event_available,0,1,,"3","0.63342",paper_formula,Full Bernoulli event probability uses selected probabilities and non-selected complement probabilities.
1,5,2,continue,bernoulli_full_event,44,3,41,1,0.940073760859413,0.940073760859413,full_event_available,0,1,,"4,40,42","0.52712,0.42755,0.6103",paper_formula,Full Bernoulli event probability uses selected probabilities and non-selected complement probabilities.
1,5,3,continue,bernoulli_full_event,35,6,29,0.290701563664496,0.816496557437507,0.237356825973761,full_event_available,0,1,,"8,10,14,19,20,23","0.26234,0.012836,0.26401,0.091893,0.41696,0.13198",paper_formula,Full Bernoulli event probability uses selected probabilities and non-selected complement probabilities.
1,5,4,load_loss_threshold,bernoulli_full_event,19,0,19,NaN,NaN,1,terminal_stage_probability_one,1,0,,"","",,Terminal recording stage excluded from Bernoulli complement product.
1,6,1,continue,bernoulli_full_event,45,1,44,1,0.935538700449752,0.935538700449752,full_event_available,0,1,,"3","0.9289",paper_formula,Full Bernoulli event probability uses selected probabilities and non-selected complement probabilities.
1,6,2,continue,bernoulli_full_event,44,3,41,1,0.940073760859413,0.940073760859413,full_event_available,0,1,,"4,40,42","0.75921,0.21909,0.85218",paper_formula,Full Bernoulli event probability uses selected probabilities and non-selected complement probabilities.
1,6,3,continue,bernoulli_full_event,35,6,29,0.290701563664496,0.816496557437507,0.237356825973761,full_event_available,0,1,,"8,10,14,19,20,23","0.50915,0.43746,0.67557,0.137,0.034073,0.54622",paper_formula,Full Bernoulli event probability uses selected probabilities and non-selected complement probabilities.
1,6,4,load_loss_threshold,bernoulli_full_event,19,0,19,NaN,NaN,1,terminal_stage_probability_one,1,0,,"","",,Terminal recording stage excluded from Bernoulli complement product.
1,7,1,continue,bernoulli_full_event,45,1,44,1,0.935538700449752,0.935538700449752,full_event_available,0,1,,"3","0.60317",paper_formula,Full Bernoulli event probability uses selected probabilities and non-selected complement probabilities.
1,7,2,continue,bernoulli_full_event,44,3,41,1,0.940073760859413,0.940073760859413,full_event_available,0,1,,"4,40,42","0.97382,0.91912,0.14203",paper_formula,Full Bernoulli event probability uses selected probabilities and non-selected complement probabilities.
1,7,3,continue,bernoulli_full_event,35,5,30,0.461737918072145,0.302445584615572,0.139650594570507,full_event_available,0,1,,"8,10,14,20,23","0.97103,0.63336,0.69314,0.5406,0.42723",paper_formula,Full Bernoulli event probability uses selected probabilities and non-selected complement probabilities.
1,7,4,load_loss_threshold,bernoulli_full_event,19,0,19,NaN,NaN,1,terminal_stage_probability_one,1,0,,"","",,Terminal recording stage excluded from Bernoulli complement product.
1,8,1,continue,bernoulli_full_event,45,1,44,1,0.935538700449752,0.935538700449752,full_event_available,0,1,,"3","0.078751",paper_formula,Full Bernoulli event probability uses selected probabilities and non-selected complement probabilities.
1,8,2,continue,bernoulli_full_event,44,3,41,1,0.940073760859413,0.940073760859413,full_event_available,0,1,,"4,40,42","0.48501,0.88234,0.14285",paper_formula,Full Bernoulli event probability uses selected probabilities and non-selected complement probabilities.
1,8,3,continue,bernoulli_full_event,35,6,29,0.000536595665600482,0.134126645742518,7.19717767469664e-05,full_event_available,0,1,,"8,14,19,20,23,39","0.59867,0.89722,0.5685,0.22411,0.52063,0.00042019",paper_formula,Full Bernoulli event probability uses selected probabilities and non-selected complement probabilities.
1,8,4,load_loss_threshold,bernoulli_full_event,18,0,18,NaN,NaN,1,terminal_stage_probability_one,1,0,,"","",,Terminal recording stage excluded from Bernoulli complement product.
1,9,1,continue,bernoulli_full_event,45,1,44,1,0.935538700449752,0.935538700449752,full_event_available,0,1,,"3","0.28319",paper_formula,Full Bernoulli event probability uses selected probabilities and non-selected complement probabilities.
1,9,2,continue,bernoulli_full_event,44,3,41,1,0.940073760859413,0.940073760859413,full_event_available,0,1,,"4,40,42","0.81592,0.25584,0.34727",paper_formula,Full Bernoulli event probability uses selected probabilities and non-selected complement probabilities.
1,9,3,continue,bernoulli_full_event,35,5,30,0.347736396535429,0.13391967351452,0.0465687446931402,full_event_available,0,1,,"8,14,19,20,23","0.38264,0.061091,0.038221,0.29426,0.018197",paper_formula,Full Bernoulli event probability uses selected probabilities and non-selected complement probabilities.
1,9,4,load_loss_threshold,bernoulli_full_event,19,0,19,NaN,NaN,1,terminal_stage_probability_one,1,0,,"","",,Terminal recording stage excluded from Bernoulli complement product.
1,10,1,continue,bernoulli_full_event,45,1,44,1,0.935538700449752,0.935538700449752,full_event_available,0,1,,"3","0.60941",paper_formula,Full Bernoulli event probability uses selected probabilities and non-selected complement probabilities.
1,10,2,continue,bernoulli_full_event,44,3,41,1,0.940073760859413,0.940073760859413,full_event_available,0,1,,"4,40,42","0.10026,0.36016,0.79361",paper_formula,Full Bernoulli event probability uses selected probabilities and non-selected complement probabilities.
1,10,3,continue,bernoulli_full_event,35,4,31,0.644159079373292,0.0856503875248559,0.0551724747759769,full_event_available,0,1,,"8,10,14,20","0.064545,0.4258,0.73534,0.097867",paper_formula,Full Bernoulli event probability uses selected probabilities and non-selected complement probabilities.
1,10,4,load_loss_threshold,bernoulli_full_event,31,0,31,NaN,NaN,1,terminal_stage_probability_one,1,0,,"","",,Terminal recording stage excluded from Bernoulli complement product.
2,1,1,continue,bernoulli_full_event,45,1,44,1,0.935673374953346,0.935673374953346,full_event_available,0,1,,"3","0.58285",paper_formula,Full Bernoulli event probability uses selected probabilities and non-selected complement probabilities.
2,1,2,continue,bernoulli_full_event,44,2,42,1,0.938758241738436,0.938758241738436,full_event_available,0,1,,"40,42","0.88354,0.78251",paper_formula,Full Bernoulli event probability uses selected probabilities and non-selected complement probabilities.
2,1,3,continue,bernoulli_full_event,34,3,31,0.62193917475344,0.20126281583013,0.125173229585945,full_event_available,0,1,,"8,14,23","0.54762,0.84102,0.29494",paper_formula,Full Bernoulli event probability uses selected probabilities and non-selected complement probabilities.
2,1,4,load_loss_threshold,bernoulli_full_event,19,0,19,NaN,NaN,1,terminal_stage_probability_one,1,0,,"","",,Terminal recording stage excluded from Bernoulli complement product.
2,2,1,continue,bernoulli_full_event,45,1,44,1,0.935673374953346,0.935673374953346,full_event_available,0,1,,"3","0.7769",paper_formula,Full Bernoulli event probability uses selected probabilities and non-selected complement probabilities.
2,2,2,continue,bernoulli_full_event,44,2,42,1,0.938758241738436,0.938758241738436,full_event_available,0,1,,"40,42","0.58048,0.39595",paper_formula,Full Bernoulli event probability uses selected probabilities and non-selected complement probabilities.
2,2,3,continue,bernoulli_full_event,34,4,30,0.269958623711047,0.355625415140818,0.096004147628085,full_event_available,0,1,,"8,10,14,23","0.84431,0.091279,0.85651,0.12933",paper_formula,Full Bernoulli event probability uses selected probabilities and non-selected complement probabilities.
2,2,4,load_loss_threshold,bernoulli_full_event,19,0,19,NaN,NaN,1,terminal_stage_probability_one,1,0,,"","",,Terminal recording stage excluded from Bernoulli complement product.
2,3,1,continue,bernoulli_full_event,45,1,44,1,0.935673374953346,0.935673374953346,full_event_available,0,1,,"3","0.054798",paper_formula,Full Bernoulli event probability uses selected probabilities and non-selected complement probabilities.
2,3,2,continue,bernoulli_full_event,44,2,42,1,0.938758241738436,0.938758241738436,full_event_available,0,1,,"40,42","0.87342,0.76329",paper_formula,Full Bernoulli event probability uses selected probabilities and non-selected complement probabilities.
2,3,3,continue,bernoulli_full_event,34,3,31,0.211527805902905,0.0965025612999811,0.0204129750557956,full_event_available,0,1,,"8,14,20","0.20332,0.14624,0.17001",paper_formula,Full Bernoulli event probability uses selected probabilities and non-selected complement probabilities.
2,3,4,load_loss_threshold,bernoulli_full_event,31,0,31,NaN,NaN,1,terminal_stage_probability_one,1,0,,"","",,Terminal recording stage excluded from Bernoulli complement product.
2,4,1,continue,bernoulli_full_event,45,1,44,1,0.935673374953346,0.935673374953346,full_event_available,0,1,,"3","0.28201",paper_formula,Full Bernoulli event probability uses selected probabilities and non-selected complement probabilities.
2,4,2,continue,bernoulli_full_event,44,2,42,1,0.938758241738436,0.938758241738436,full_event_available,0,1,,"40,42","0.99594,0.57938",paper_formula,Full Bernoulli event probability uses selected probabilities and non-selected complement probabilities.
2,4,3,continue,bernoulli_full_event,34,3,31,0.529642623857735,0.161769731067577,0.0856801448233917,full_event_available,0,1,,"8,14,19","0.61709,0.55695,0.19136",paper_formula,Full Bernoulli event probability uses selected probabilities and non-selected complement probabilities.
2,4,4,load_loss_threshold,bernoulli_full_event,31,0,31,NaN,NaN,1,terminal_stage_probability_one,1,0,,"","",,Terminal recording stage excluded from Bernoulli complement product.
2,5,1,continue,bernoulli_full_event,45,2,43,0.001611972514,0.937184089946899,0.0015107149935525,full_event_available,0,1,,"3,35","0.19772,0.0011891",paper_formula,Full Bernoulli event probability uses selected probabilities and non-selected complement probabilities.
2,5,2,continue,bernoulli_full_event,43,4,39,1,0.370736733405257,0.370736733405257,full_event_available,0,1,,"36,38,40,42","0.0090216,0.072824,0.2543,0.087576",paper_formula,Full Bernoulli event probability uses selected probabilities and non-selected complement probabilities.
2,5,3,load_loss_threshold,bernoulli_full_event,29,0,29,NaN,NaN,1,terminal_stage_probability_one,1,0,,"","",,Terminal recording stage excluded from Bernoulli complement product.
2,6,1,continue,bernoulli_full_event,45,1,44,1,0.935673374953346,0.935673374953346,full_event_available,0,1,,"3","0.24112",paper_formula,Full Bernoulli event probability uses selected probabilities and non-selected complement probabilities.
2,6,2,continue,bernoulli_full_event,44,2,42,1,0.938758241738436,0.938758241738436,full_event_available,0,1,,"40,42","0.72659,0.58528",paper_formula,Full Bernoulli event probability uses selected probabilities and non-selected complement probabilities.
2,6,3,continue,bernoulli_full_event,34,3,31,0.62193917475344,0.20126281583013,0.125173229585945,full_event_available,0,1,,"8,14,23","0.73485,0.75821,0.39097",paper_formula,Full Bernoulli event probability uses selected probabilities and non-selected complement probabilities.
2,6,4,load_loss_threshold,bernoulli_full_event,19,0,19,NaN,NaN,1,terminal_stage_probability_one,1,0,,"","",,Terminal recording stage excluded from Bernoulli complement product.
2,7,1,continue,bernoulli_full_event,45,1,44,1,0.935673374953346,0.935673374953346,full_event_available,0,1,,"3","0.29092",paper_formula,Full Bernoulli event probability uses selected probabilities and non-selected complement probabilities.
2,7,2,continue,bernoulli_full_event,44,3,41,0.0016978006,0.940354776642433,0.00159653490399639,full_event_available,0,1,,"29,40,42","0.00023275,0.50546,0.22509",paper_formula,Full Bernoulli event probability uses selected probabilities and non-selected complement probabilities.
2,7,3,continue,bernoulli_full_event,33,4,29,0.27892621671818,0.134823476757738,0.0376058022968274,full_event_available,0,1,,"8,14,20,23","0.23005,0.17191,0.25895,0.61946",paper_formula,Full Bernoulli event probability uses selected probabilities and non-selected complement probabilities.
2,7,4,load_loss_threshold,bernoulli_full_event,18,0,18,NaN,NaN,1,terminal_stage_probability_one,1,0,,"","",,Terminal recording stage excluded from Bernoulli complement product.
2,8,1,continue,bernoulli_full_event,45,1,44,1,0.935673374953346,0.935673374953346,full_event_available,0,1,,"3","0.67453",paper_formula,Full Bernoulli event probability uses selected probabilities and non-selected complement probabilities.
2,8,2,continue,bernoulli_full_event,44,2,42,1,0.938758241738436,0.938758241738436,full_event_available,0,1,,"40,42","0.34153,0.91894",paper_formula,Full Bernoulli event probability uses selected probabilities and non-selected complement probabilities.
2,8,3,continue,bernoulli_full_event,34,4,30,0.229896426530818,0.285842307884043,0.0657141251338634,full_event_available,0,1,,"8,10,14,19","0.64313,0.36618,0.59738,0.013161",paper_formula,Full Bernoulli event probability uses selected probabilities and non-selected complement probabilities.
2,8,4,load_loss_threshold,bernoulli_full_event,30,0,30,NaN,NaN,1,terminal_stage_probability_one,1,0,,"","",,Terminal recording stage excluded from Bernoulli complement product.
2,9,1,continue,bernoulli_full_event,45,1,44,1,0.935673374953346,0.935673374953346,full_event_available,0,1,,"3","0.6356",paper_formula,Full Bernoulli event probability uses selected probabilities and non-selected complement probabilities.
2,9,2,continue,bernoulli_full_event,44,2,42,1,0.938758241738436,0.938758241738436,full_event_available,0,1,,"40,42","0.31071,0.52333",paper_formula,Full Bernoulli event probability uses selected probabilities and non-selected complement probabilities.
2,9,3,continue,bernoulli_full_event,34,3,31,0.434059526509275,0.134448037926788,0.0583584516826026,full_event_available,0,1,,"8,10,14","0.41408,0.19283,0.54702",paper_formula,Full Bernoulli event probability uses selected probabilities and non-selected complement probabilities.
2,9,4,continue,bernoulli_full_event,31,9,22,0.274997503970317,0.967328259966254,0.26601285701067,full_event_available,0,1,,"9,13,16,17,19,20,23,26,27","0.4244,0.64995,0.46921,0.036503,0.43062,0.99534,0.65249,0.07102,0.099305",paper_formula,Full Bernoulli event probability uses selected probabilities and non-selected complement probabilities.
2,9,5,max_depth_reached,bernoulli_full_event,9,0,9,NaN,NaN,1,terminal_stage_probability_one,1,0,,"","",,Terminal recording stage excluded from Bernoulli complement product.
2,10,1,continue,bernoulli_full_event,45,1,44,1,0.935673374953346,0.935673374953346,full_event_available,0,1,,"3","0.12824",paper_formula,Full Bernoulli event probability uses selected probabilities and non-selected complement probabilities.
2,10,2,continue,bernoulli_full_event,44,2,42,1,0.938758241738436,0.938758241738436,full_event_available,0,1,,"40,42","0.35199,0.95959",paper_formula,Full Bernoulli event probability uses selected probabilities and non-selected complement probabilities.
2,10,3,continue,bernoulli_full_event,34,3,31,0.434059526509275,0.134448037926788,0.0583584516826026,full_event_available,0,1,,"8,10,14","0.48914,0.40659,0.56307",paper_formula,Full Bernoulli event probability uses selected probabilities and non-selected complement probabilities.
2,10,4,continue,bernoulli_full_event,31,8,23,1,0.701315402955584,0.701315402955584,full_event_available,0,1,,"9,13,16,17,19,20,23,27","0.5131,0.27211,0.61083,0.80124,0.53733,0.31644,0.45578,0.99998",paper_formula,Full Bernoulli event probability uses selected probabilities and non-selected complement probabilities.
2,10,5,max_depth_reached,bernoulli_full_event,0,0,0,NaN,NaN,1,terminal_stage_probability_one,1,0,,"","",,Terminal recording stage excluded from Bernoulli complement product.
3,1,1,no_new_outage,bernoulli_full_event,45,0,45,1,0.934101596589296,0.934101596589296,full_event_available,1,1,,"","",paper_formula,Full Bernoulli event probability uses selected probabilities and non-selected complement probabilities.
3,2,1,no_new_outage,bernoulli_full_event,45,0,45,1,0.934101596589296,0.934101596589296,full_event_available,1,1,,"","",paper_formula,Full Bernoulli event probability uses selected probabilities and non-selected complement probabilities.
3,3,1,no_new_outage,bernoulli_full_event,45,0,45,1,0.934101596589296,0.934101596589296,full_event_available,1,1,,"","",paper_formula,Full Bernoulli event probability uses selected probabilities and non-selected complement probabilities.
3,4,1,no_new_outage,bernoulli_full_event,45,0,45,1,0.934101596589296,0.934101596589296,full_event_available,1,1,,"","",paper_formula,Full Bernoulli event probability uses selected probabilities and non-selected complement probabilities.
3,5,1,no_new_outage,bernoulli_full_event,45,0,45,1,0.934101596589296,0.934101596589296,full_event_available,1,1,,"","",paper_formula,Full Bernoulli event probability uses selected probabilities and non-selected complement probabilities.
3,6,1,no_new_outage,bernoulli_full_event,45,0,45,1,0.934101596589296,0.934101596589296,full_event_available,1,1,,"","",paper_formula,Full Bernoulli event probability uses selected probabilities and non-selected complement probabilities.
3,7,1,no_new_outage,bernoulli_full_event,45,0,45,1,0.934101596589296,0.934101596589296,full_event_available,1,1,,"","",paper_formula,Full Bernoulli event probability uses selected probabilities and non-selected complement probabilities.
3,8,1,no_new_outage,bernoulli_full_event,45,0,45,1,0.934101596589296,0.934101596589296,full_event_available,1,1,,"","",paper_formula,Full Bernoulli event probability uses selected probabilities and non-selected complement probabilities.
3,9,1,no_new_outage,bernoulli_full_event,45,0,45,1,0.934101596589296,0.934101596589296,full_event_available,1,1,,"","",paper_formula,Full Bernoulli event probability uses selected probabilities and non-selected complement probabilities.
3,10,1,no_new_outage,bernoulli_full_event,45,0,45,1,0.934101596589296,0.934101596589296,full_event_available,1,1,,"","",paper_formula,Full Bernoulli event probability uses selected probabilities and non-selected complement probabilities.
4,1,1,no_new_outage,bernoulli_full_event,45,0,45,1,0.934164152820412,0.934164152820412,full_event_available,1,1,,"","",paper_formula,Full Bernoulli event probability uses selected probabilities and non-selected complement probabilities.
4,2,1,no_new_outage,bernoulli_full_event,45,0,45,1,0.934164152820412,0.934164152820412,full_event_available,1,1,,"","",paper_formula,Full Bernoulli event probability uses selected probabilities and non-selected complement probabilities.
4,3,1,no_new_outage,bernoulli_full_event,45,0,45,1,0.934164152820412,0.934164152820412,full_event_available,1,1,,"","",paper_formula,Full Bernoulli event probability uses selected probabilities and non-selected complement probabilities.
4,4,1,no_new_outage,bernoulli_full_event,45,0,45,1,0.934164152820412,0.934164152820412,full_event_available,1,1,,"","",paper_formula,Full Bernoulli event probability uses selected probabilities and non-selected complement probabilities.
4,5,1,no_new_outage,bernoulli_full_event,45,0,45,1,0.934164152820412,0.934164152820412,full_event_available,1,1,,"","",paper_formula,Full Bernoulli event probability uses selected probabilities and non-selected complement probabilities.
4,6,1,no_new_outage,bernoulli_full_event,45,0,45,1,0.934164152820412,0.934164152820412,full_event_available,1,1,,"","",paper_formula,Full Bernoulli event probability uses selected probabilities and non-selected complement probabilities.
4,7,1,no_new_outage,bernoulli_full_event,45,0,45,1,0.934164152820412,0.934164152820412,full_event_available,1,1,,"","",paper_formula,Full Bernoulli event probability uses selected probabilities and non-selected complement probabilities.
4,8,1,no_new_outage,bernoulli_full_event,45,0,45,1,0.934164152820412,0.934164152820412,full_event_available,1,1,,"","",paper_formula,Full Bernoulli event probability uses selected probabilities and non-selected complement probabilities.
4,9,1,no_new_outage,bernoulli_full_event,45,0,45,1,0.934164152820412,0.934164152820412,full_event_available,1,1,,"","",paper_formula,Full Bernoulli event probability uses selected probabilities and non-selected complement probabilities.
4,10,1,no_new_outage,bernoulli_full_event,45,0,45,1,0.934164152820412,0.934164152820412,full_event_available,1,1,,"","",paper_formula,Full Bernoulli event probability uses selected probabilities and non-selected complement probabilities.
5,1,1,continue,bernoulli_full_event,45,2,43,0.198222328491739,0.936635380108161,0.185662045992784,full_event_available,0,1,,"8,14","0.10814,0.11045",paper_formula,Full Bernoulli event probability uses selected probabilities and non-selected complement probabilities.
5,1,2,continue,bernoulli_full_event,43,1,42,1,0.938020127047166,0.938020127047166,full_event_available,0,1,,"3","0.26761",paper_formula,Full Bernoulli event probability uses selected probabilities and non-selected complement probabilities.
5,1,3,continue,bernoulli_full_event,42,3,39,1,0.242192364689169,0.242192364689169,full_event_available,0,1,,"9,40,42","0.29024,0.33865,0.1213",paper_formula,Full Bernoulli event probability uses selected probabilities and non-selected complement probabilities.
5,1,4,continue,bernoulli_full_event,35,4,31,1,0.238664610941603,0.238664610941603,full_event_available,0,1,,"7,26,27,30","0.49526,0.93305,0.85197,0.78461",paper_formula,Full Bernoulli event probability uses selected probabilities and non-selected complement probabilities.
5,1,5,max_depth_reached,bernoulli_full_event,26,0,26,NaN,NaN,1,terminal_stage_probability_one,1,0,,"","",,Terminal recording stage excluded from Bernoulli complement product.
5,2,1,continue,bernoulli_full_event,45,1,44,0.918050551836796,0.73440027919643,0.67421658158538,full_event_available,0,1,,"14","0.59857",paper_formula,Full Bernoulli event probability uses selected probabilities and non-selected complement probabilities.
5,2,2,continue,bernoulli_full_event,44,2,42,0.001121954023,0.938009817885487,0.00105240388879012,full_event_available,0,1,,"3,15","0.044651,0.00010902",paper_formula,Full Bernoulli event probability uses selected probabilities and non-selected complement probabilities.
5,2,3,continue,bernoulli_full_event,42,2,40,0.001650894553,0.13251814131112,0.000218773477664213,full_event_available,0,1,,"20,40","0.00070297,0.16471",paper_formula,Full Bernoulli event probability uses selected probabilities and non-selected complement probabilities.
5,2,4,continue,bernoulli_full_event,40,1,39,1,0.485732375480306,0.485732375480306,full_event_available,0,1,,"27","0.31662",paper_formula,Full Bernoulli event probability uses selected probabilities and non-selected complement probabilities.
5,2,5,max_depth_reached,bernoulli_full_event,36,0,36,NaN,NaN,1,terminal_stage_probability_one,1,0,,"","",,Terminal recording stage excluded from Bernoulli complement product.
5,3,1,no_new_outage,bernoulli_full_event,45,0,45,1,0.0601836976110508,0.0601836976110508,full_event_available,1,1,,"","",paper_formula,Full Bernoulli event probability uses selected probabilities and non-selected complement probabilities.
5,4,1,continue,bernoulli_full_event,45,2,43,0.198222328491739,0.936635380108161,0.185662045992784,full_event_available,0,1,,"8,14","0.16103,0.77681",paper_formula,Full Bernoulli event probability uses selected probabilities and non-selected complement probabilities.
5,4,2,continue,bernoulli_full_event,43,1,42,1,0.938020127047166,0.938020127047166,full_event_available,0,1,,"3","0.5639",paper_formula,Full Bernoulli event probability uses selected probabilities and non-selected complement probabilities.
5,4,3,continue,bernoulli_full_event,42,4,38,0.420548092340329,0.417968016823609,0.175775652134439,full_event_available,0,1,,"9,19,40,42","0.28981,0.3506,0.58458,0.19699",paper_formula,Full Bernoulli event probability uses selected probabilities and non-selected complement probabilities.
5,4,4,load_loss_threshold,bernoulli_full_event,34,0,34,NaN,NaN,1,terminal_stage_probability_one,1,0,,"","",,Terminal recording stage excluded from Bernoulli complement product.
5,5,1,no_new_outage,bernoulli_full_event,45,0,45,1,0.0601836976110508,0.0601836976110508,full_event_available,1,1,,"","",paper_formula,Full Bernoulli event probability uses selected probabilities and non-selected complement probabilities.
5,6,1,continue,bernoulli_full_event,45,2,43,0.00103184294068823,0.735226637193685,0.000758638415394251,full_event_available,0,1,,"14,34","0.82832,0.00065892",paper_formula,Full Bernoulli event probability uses selected probabilities and non-selected complement probabilities.
5,6,2,continue,bernoulli_full_event,43,4,39,1,0.802926764886352,0.802926764886352,full_event_available,0,1,,"1,3,16,17","0.76811,0.60817,0.40865,0.94404",paper_formula,Full Bernoulli event probability uses selected probabilities and non-selected complement probabilities.
5,6,3,load_loss_threshold,bernoulli_full_event,38,0,38,NaN,NaN,1,terminal_stage_probability_one,1,0,,"","",,Terminal recording stage excluded from Bernoulli complement product.
5,7,1,continue,bernoulli_full_event,45,1,44,0.918050551836796,0.73440027919643,0.67421658158538,full_event_available,0,1,,"14","0.76447",paper_formula,Full Bernoulli event probability uses selected probabilities and non-selected complement probabilities.
5,7,2,continue,bernoulli_full_event,44,1,43,1,0.936957413996697,0.936957413996697,full_event_available,0,1,,"3","0.7386",paper_formula,Full Bernoulli event probability uses selected probabilities and non-selected complement probabilities.
5,7,3,continue,bernoulli_full_event,43,3,40,0.17566449965233,0.789189941498229,0.138632656203938,full_event_available,0,1,,"17,40,42","0.112,0.14618,0.42492",paper_formula,Full Bernoulli event probability uses selected probabilities and non-selected complement probabilities.
5,7,4,load_loss_threshold,bernoulli_full_event,32,0,32,NaN,NaN,1,terminal_stage_probability_one,1,0,,"","",,Terminal recording stage excluded from Bernoulli complement product.
5,8,1,continue,bernoulli_full_event,45,1,44,0.918050551836796,0.73440027919643,0.67421658158538,full_event_available,0,1,,"14","0.60059",paper_formula,Full Bernoulli event probability uses selected probabilities and non-selected complement probabilities.
5,8,2,continue,bernoulli_full_event,44,1,43,1,0.936957413996697,0.936957413996697,full_event_available,0,1,,"3","0.63387",paper_formula,Full Bernoulli event probability uses selected probabilities and non-selected complement probabilities.
5,8,3,continue,bernoulli_full_event,43,2,41,0.290842391844793,0.312530898349117,0.0908972340012591,full_event_available,0,1,,"17,40","0.28676,0.38741",paper_formula,Full Bernoulli event probability uses selected probabilities and non-selected complement probabilities.
5,8,4,load_loss_threshold,bernoulli_full_event,37,0,37,NaN,NaN,1,terminal_stage_probability_one,1,0,,"","",,Terminal recording stage excluded from Bernoulli complement product.
5,9,1,continue,bernoulli_full_event,45,2,43,0.00163654508408546,0.735711781593615,0.00120402549947078,full_event_available,0,1,,"14,17","0.91571,0.0002683",paper_formula,Full Bernoulli event probability uses selected probabilities and non-selected complement probabilities.
5,9,2,continue,bernoulli_full_event,43,5,38,0.204655036363459,0.408456295807284,0.0835926380713237,full_event_available,0,1,,"1,2,3,13,18","0.28419,0.2377,0.54995,0.70203,0.086739",paper_formula,Full Bernoulli event probability uses selected probabilities and non-selected complement probabilities.
5,9,3,load_loss_threshold,bernoulli_full_event,38,0,38,NaN,NaN,1,terminal_stage_probability_one,1,0,,"","",,Terminal recording stage excluded from Bernoulli complement product.
5,10,1,continue,bernoulli_full_event,45,1,44,0.918050551836796,0.73440027919643,0.67421658158538,full_event_available,0,1,,"14","0.73532",paper_formula,Full Bernoulli event probability uses selected probabilities and non-selected complement probabilities.
5,10,2,continue,bernoulli_full_event,44,1,43,1,0.936957413996697,0.936957413996697,full_event_available,0,1,,"3","0.47797",paper_formula,Full Bernoulli event probability uses selected probabilities and non-selected complement probabilities.
5,10,3,continue,bernoulli_full_event,43,3,40,0.0904943616932516,0.644633489698355,0.058335696176346,full_event_available,0,1,,"16,40,42","0.081185,0.58297,0.4413",paper_formula,Full Bernoulli event probability uses selected probabilities and non-selected complement probabilities.
5,10,4,load_loss_threshold,bernoulli_full_event,31,0,31,NaN,NaN,1,terminal_stage_probability_one,1,0,,"","",,Terminal recording stage excluded from Bernoulli complement product.
6,1,1,no_new_outage,bernoulli_full_event,45,0,45,1,0.934260337697683,0.934260337697683,full_event_available,1,1,,"","",paper_formula,Full Bernoulli event probability uses selected probabilities and non-selected complement probabilities.
6,2,1,no_new_outage,bernoulli_full_event,45,0,45,1,0.934260337697683,0.934260337697683,full_event_available,1,1,,"","",paper_formula,Full Bernoulli event probability uses selected probabilities and non-selected complement probabilities.
6,3,1,no_new_outage,bernoulli_full_event,45,0,45,1,0.934260337697683,0.934260337697683,full_event_available,1,1,,"","",paper_formula,Full Bernoulli event probability uses selected probabilities and non-selected complement probabilities.
6,4,1,no_new_outage,bernoulli_full_event,45,0,45,1,0.934260337697683,0.934260337697683,full_event_available,1,1,,"","",paper_formula,Full Bernoulli event probability uses selected probabilities and non-selected complement probabilities.
6,5,1,no_new_outage,bernoulli_full_event,45,0,45,1,0.934260337697683,0.934260337697683,full_event_available,1,1,,"","",paper_formula,Full Bernoulli event probability uses selected probabilities and non-selected complement probabilities.
6,6,1,no_new_outage,bernoulli_full_event,45,0,45,1,0.934260337697683,0.934260337697683,full_event_available,1,1,,"","",paper_formula,Full Bernoulli event probability uses selected probabilities and non-selected complement probabilities.
6,7,1,no_new_outage,bernoulli_full_event,45,0,45,1,0.934260337697683,0.934260337697683,full_event_available,1,1,,"","",paper_formula,Full Bernoulli event probability uses selected probabilities and non-selected complement probabilities.
6,8,1,no_new_outage,bernoulli_full_event,45,0,45,1,0.934260337697683,0.934260337697683,full_event_available,1,1,,"","",paper_formula,Full Bernoulli event probability uses selected probabilities and non-selected complement probabilities.
6,9,1,no_new_outage,bernoulli_full_event,45,0,45,1,0.934260337697683,0.934260337697683,full_event_available,1,1,,"","",paper_formula,Full Bernoulli event probability uses selected probabilities and non-selected complement probabilities.
6,10,1,no_new_outage,bernoulli_full_event,45,0,45,1,0.934260337697683,0.934260337697683,full_event_available,1,1,,"","",paper_formula,Full Bernoulli event probability uses selected probabilities and non-selected complement probabilities.
7,1,1,no_new_outage,bernoulli_full_event,45,0,45,1,0.934153881819533,0.934153881819533,full_event_available,1,1,,"","",paper_formula,Full Bernoulli event probability uses selected probabilities and non-selected complement probabilities.
7,2,1,no_new_outage,bernoulli_full_event,45,0,45,1,0.934153881819533,0.934153881819533,full_event_available,1,1,,"","",paper_formula,Full Bernoulli event probability uses selected probabilities and non-selected complement probabilities.
7,3,1,no_new_outage,bernoulli_full_event,45,0,45,1,0.934153881819533,0.934153881819533,full_event_available,1,1,,"","",paper_formula,Full Bernoulli event probability uses selected probabilities and non-selected complement probabilities.
7,4,1,no_new_outage,bernoulli_full_event,45,0,45,1,0.934153881819533,0.934153881819533,full_event_available,1,1,,"","",paper_formula,Full Bernoulli event probability uses selected probabilities and non-selected complement probabilities.
7,5,1,no_new_outage,bernoulli_full_event,45,0,45,1,0.934153881819533,0.934153881819533,full_event_available,1,1,,"","",paper_formula,Full Bernoulli event probability uses selected probabilities and non-selected complement probabilities.
7,6,1,no_new_outage,bernoulli_full_event,45,0,45,1,0.934153881819533,0.934153881819533,full_event_available,1,1,,"","",paper_formula,Full Bernoulli event probability uses selected probabilities and non-selected complement probabilities.
7,7,1,no_new_outage,bernoulli_full_event,45,0,45,1,0.934153881819533,0.934153881819533,full_event_available,1,1,,"","",paper_formula,Full Bernoulli event probability uses selected probabilities and non-selected complement probabilities.
7,8,1,no_new_outage,bernoulli_full_event,45,0,45,1,0.934153881819533,0.934153881819533,full_event_available,1,1,,"","",paper_formula,Full Bernoulli event probability uses selected probabilities and non-selected complement probabilities.
7,9,1,no_new_outage,bernoulli_full_event,45,0,45,1,0.934153881819533,0.934153881819533,full_event_available,1,1,,"","",paper_formula,Full Bernoulli event probability uses selected probabilities and non-selected complement probabilities.
7,10,1,no_new_outage,bernoulli_full_event,45,0,45,1,0.934153881819533,0.934153881819533,full_event_available,1,1,,"","",paper_formula,Full Bernoulli event probability uses selected probabilities and non-selected complement probabilities.
8,1,1,continue,bernoulli_full_event,45,3,42,0.321140943599183,0.938491890337215,0.301388171223074,full_event_available,0,1,,"9,19,23","0.21176,0.45333,0.036365",paper_formula,Full Bernoulli event probability uses selected probabilities and non-selected complement probabilities.
8,1,2,continue,bernoulli_full_event,42,7,35,1,0.510051887838541,0.510051887838541,full_event_available,0,1,,"3,6,12,13,16,17,18","0.46919,0.33134,0.088016,0.35666,0.49665,0.69001,0.43753",paper_formula,Full Bernoulli event probability uses selected probabilities and non-selected complement probabilities.
8,1,3,continue,bernoulli_full_event,28,2,26,1,0.961524031836835,0.961524031836835,full_event_available,0,1,,"40,42","0.27623,0.29882",paper_formula,Full Bernoulli event probability uses selected probabilities and non-selected complement probabilities.
8,1,4,load_loss_threshold,bernoulli_full_event,17,0,17,NaN,NaN,1,terminal_stage_probability_one,1,0,,"","",,Terminal recording stage excluded from Bernoulli complement product.
8,2,1,continue,bernoulli_full_event,45,3,42,0.321140943599183,0.938491890337215,0.301388171223074,full_event_available,0,1,,"9,19,23","0.14966,0.4245,0.61339",paper_formula,Full Bernoulli event probability uses selected probabilities and non-selected complement probabilities.
8,2,2,continue,bernoulli_full_event,42,7,35,1,0.510051887838541,0.510051887838541,full_event_available,0,1,,"3,6,12,13,16,17,18","0.68164,0.12458,0.4441,0.35618,0.71961,0.64277,0.74384",paper_formula,Full Bernoulli event probability uses selected probabilities and non-selected complement probabilities.
8,2,3,continue,bernoulli_full_event,28,2,26,1,0.961524031836835,0.961524031836835,full_event_available,0,1,,"40,42","0.73071,0.073809",paper_formula,Full Bernoulli event probability uses selected probabilities and non-selected complement probabilities.
8,2,4,load_loss_threshold,bernoulli_full_event,17,0,17,NaN,NaN,1,terminal_stage_probability_one,1,0,,"","",,Terminal recording stage excluded from Bernoulli complement product.
8,3,1,continue,bernoulli_full_event,45,3,42,0.321140943599183,0.938491890337215,0.301388171223074,full_event_available,0,1,,"9,19,23","0.041437,0.7979,0.39845",paper_formula,Full Bernoulli event probability uses selected probabilities and non-selected complement probabilities.
8,3,2,continue,bernoulli_full_event,42,8,34,0.462992660607697,0.949804314435878,0.439752426597337,full_event_available,0,1,,"3,6,11,12,13,16,17,18","0.27285,0.8006,0.12832,0.76603,0.21321,0.67951,0.11862,0.26367",paper_formula,Full Bernoulli event probability uses selected probabilities and non-selected complement probabilities.
8,3,3,continue,bernoulli_full_event,28,2,26,1,0.961524031836835,0.961524031836835,full_event_available,0,1,,"40,42","0.1118,0.76997",paper_formula,Full Bernoulli event probability uses selected probabilities and non-selected complement probabilities.
8,3,4,load_loss_threshold,bernoulli_full_event,17,0,17,NaN,NaN,1,terminal_stage_probability_one,1,0,,"","",,Terminal recording stage excluded from Bernoulli complement product.
8,4,1,continue,bernoulli_full_event,45,2,43,1,0.637103719114141,0.637103719114141,full_event_available,0,1,,"19,23","0.46559,0.56108",paper_formula,Full Bernoulli event probability uses selected probabilities and non-selected complement probabilities.
8,4,2,continue,bernoulli_full_event,43,6,37,1,0.520183360834233,0.520183360834233,full_event_available,0,1,,"3,12,13,16,17,18","0.58757,0.92861,0.11368,0.38169,0.81332,0.054627",paper_formula,Full Bernoulli event probability uses selected probabilities and non-selected complement probabilities.
8,4,3,continue,bernoulli_full_event,30,8,22,1,0.967139779242838,0.967139779242838,full_event_available,0,1,,"4,7,25,27,30,31,40,42","0.16133,0.71625,0.38219,0.32189,0.53188,0.57404,0.62995,0.44031",paper_formula,Full Bernoulli event probability uses selected probabilities and non-selected complement probabilities.
8,4,4,load_loss_threshold,bernoulli_full_event,3,0,3,NaN,NaN,1,terminal_stage_probability_one,1,0,,"","",,Terminal recording stage excluded from Bernoulli complement product.
8,5,1,continue,bernoulli_full_event,45,3,42,0.321140943599183,0.938491890337215,0.301388171223074,full_event_available,0,1,,"9,19,23","0.085729,0.54628,0.918",paper_formula,Full Bernoulli event probability uses selected probabilities and non-selected complement probabilities.
8,5,2,continue,bernoulli_full_event,42,7,35,1,0.510051887838541,0.510051887838541,full_event_available,0,1,,"3,6,12,13,16,17,18","0.31848,0.82742,0.75027,0.22467,0.44827,0.19689,0.93537",paper_formula,Full Bernoulli event probability uses selected probabilities and non-selected complement probabilities.
8,5,3,continue,bernoulli_full_event,28,2,26,1,0.961524031836835,0.961524031836835,full_event_available,0,1,,"40,42","0.46697,0.43412",paper_formula,Full Bernoulli event probability uses selected probabilities and non-selected complement probabilities.
8,5,4,load_loss_threshold,bernoulli_full_event,17,0,17,NaN,NaN,1,terminal_stage_probability_one,1,0,,"","",,Terminal recording stage excluded from Bernoulli complement product.
8,6,1,continue,bernoulli_full_event,45,3,42,0.321140943599183,0.938491890337215,0.301388171223074,full_event_available,0,1,,"9,19,23","0.19559,0.32754,0.75532",paper_formula,Full Bernoulli event probability uses selected probabilities and non-selected complement probabilities.
8,6,2,continue,bernoulli_full_event,42,7,35,1,0.510051887838541,0.510051887838541,full_event_available,0,1,,"3,6,12,13,16,17,18","0.14735,0.29644,0.86842,0.040865,0.37581,0.9757,0.79868",paper_formula,Full Bernoulli event probability uses selected probabilities and non-selected complement probabilities.
8,6,3,continue,bernoulli_full_event,28,2,26,1,0.961524031836835,0.961524031836835,full_event_available,0,1,,"40,42","0.20352,0.59113",paper_formula,Full Bernoulli event probability uses selected probabilities and non-selected complement probabilities.
8,6,4,load_loss_threshold,bernoulli_full_event,17,0,17,NaN,NaN,1,terminal_stage_probability_one,1,0,,"","",,Terminal recording stage excluded from Bernoulli complement product.
8,7,1,continue,bernoulli_full_event,45,2,43,1,0.637103719114141,0.637103719114141,full_event_available,0,1,,"19,23","0.80824,0.32812",paper_formula,Full Bernoulli event probability uses selected probabilities and non-selected complement probabilities.
8,7,2,continue,bernoulli_full_event,43,6,37,1,0.520183360834233,0.520183360834233,full_event_available,0,1,,"3,12,13,16,17,18","0.3663,0.65727,0.94025,0.19108,0.99484,0.38679",paper_formula,Full Bernoulli event probability uses selected probabilities and non-selected complement probabilities.
8,7,3,continue,bernoulli_full_event,30,8,22,1,0.967139779242838,0.967139779242838,full_event_available,0,1,,"4,7,25,27,30,31,40,42","0.51038,0.97321,0.848,0.46055,0.48294,0.23192,0.34421,0.94605",paper_formula,Full Bernoulli event probability uses selected probabilities and non-selected complement probabilities.
8,7,4,load_loss_threshold,bernoulli_full_event,3,0,3,NaN,NaN,1,terminal_stage_probability_one,1,0,,"","",,Terminal recording stage excluded from Bernoulli complement product.
8,8,1,continue,bernoulli_full_event,45,2,43,1,0.637103719114141,0.637103719114141,full_event_available,0,1,,"19,23","0.13622,0.32365",paper_formula,Full Bernoulli event probability uses selected probabilities and non-selected complement probabilities.
8,8,2,continue,bernoulli_full_event,43,6,37,1,0.520183360834233,0.520183360834233,full_event_available,0,1,,"3,12,13,16,17,18","0.95432,0.77791,0.4364,0.71818,0.25983,0.66059",paper_formula,Full Bernoulli event probability uses selected probabilities and non-selected complement probabilities.
8,8,3,continue,bernoulli_full_event,30,8,22,1,0.967139779242838,0.967139779242838,full_event_available,0,1,,"4,7,25,27,30,31,40,42","0.71436,0.55642,0.8144,0.7939,0.46201,0.56031,0.35223,0.57416",paper_formula,Full Bernoulli event probability uses selected probabilities and non-selected complement probabilities.
8,8,4,load_loss_threshold,bernoulli_full_event,3,0,3,NaN,NaN,1,terminal_stage_probability_one,1,0,,"","",,Terminal recording stage excluded from Bernoulli complement product.
8,9,1,continue,bernoulli_full_event,45,3,42,0.321140943599183,0.938491890337215,0.301388171223074,full_event_available,0,1,,"9,19,23","0.31237,0.90183,0.8117",paper_formula,Full Bernoulli event probability uses selected probabilities and non-selected complement probabilities.
8,9,2,continue,bernoulli_full_event,42,9,33,1.90824302681502e-06,0.511494220920828,9.76055280328349e-07,full_event_available,0,1,,"3,6,12,13,16,17,18,29,34","0.60529,0.96621,0.2107,0.70396,0.53679,0.83177,0.47145,0.0013373,0.00053194",paper_formula,Full Bernoulli event probability uses selected probabilities and non-selected complement probabilities.
8,9,3,continue,bernoulli_full_event,26,4,22,1,0.513426911884962,0.513426911884962,full_event_available,0,1,,"4,31,40,42","0.55191,0.30178,0.52169,0.40612",paper_formula,Full Bernoulli event probability uses selected probabilities and non-selected complement probabilities.
8,9,4,load_loss_threshold,bernoulli_full_event,14,0,14,NaN,NaN,1,terminal_stage_probability_one,1,0,,"","",,Terminal recording stage excluded from Bernoulli complement product.
8,10,1,continue,bernoulli_full_event,45,2,43,1,0.637103719114141,0.637103719114141,full_event_available,0,1,,"19,23","0.21424,0.77352",paper_formula,Full Bernoulli event probability uses selected probabilities and non-selected complement probabilities.
8,10,2,continue,bernoulli_full_event,43,7,36,0.450481101100681,0.946615961482227,0.426432600647994,full_event_available,0,1,,"3,11,12,13,16,17,18","0.89526,0.19613,0.020233,0.83329,0.28389,0.029599,0.31384",paper_formula,Full Bernoulli event probability uses selected probabilities and non-selected complement probabilities.
8,10,3,continue,bernoulli_full_event,30,8,22,1,0.967139779242838,0.967139779242838,full_event_available,0,1,,"4,7,25,27,30,31,40,42","0.23065,0.39997,0.22587,0.14829,0.45565,0.91781,0.51929,0.1506",paper_formula,Full Bernoulli event probability uses selected probabilities and non-selected complement probabilities.
8,10,4,load_loss_threshold,bernoulli_full_event,3,0,3,NaN,NaN,1,terminal_stage_probability_one,1,0,,"","",,Terminal recording stage excluded from Bernoulli complement product.
9,1,1,no_new_outage,bernoulli_full_event,45,0,45,1,0.934323849248874,0.934323849248874,full_event_available,1,1,,"","",paper_formula,Full Bernoulli event probability uses selected probabilities and non-selected complement probabilities.
9,2,1,no_new_outage,bernoulli_full_event,45,0,45,1,0.934323849248874,0.934323849248874,full_event_available,1,1,,"","",paper_formula,Full Bernoulli event probability uses selected probabilities and non-selected complement probabilities.
9,3,1,no_new_outage,bernoulli_full_event,45,0,45,1,0.934323849248874,0.934323849248874,full_event_available,1,1,,"","",paper_formula,Full Bernoulli event probability uses selected probabilities and non-selected complement probabilities.
9,4,1,no_new_outage,bernoulli_full_event,45,0,45,1,0.934323849248874,0.934323849248874,full_event_available,1,1,,"","",paper_formula,Full Bernoulli event probability uses selected probabilities and non-selected complement probabilities.
9,5,1,continue,bernoulli_full_event,45,1,44,0.001612970515,0.935833320802282,0.00150947155340862,full_event_available,0,1,,"32","0.00080523",paper_formula,Full Bernoulli event probability uses selected probabilities and non-selected complement probabilities.
9,5,2,continue,bernoulli_full_event,43,1,42,0.927770853094584,0.850293318875528,0.788877357833773,full_event_available,0,1,,"27","0.18717",paper_formula,Full Bernoulli event probability uses selected probabilities and non-selected complement probabilities.
9,5,3,continue,bernoulli_full_event,41,2,39,0.561348813517707,0.941436644003997,0.528474343113735,full_event_available,0,1,,"8,14","0.27014,0.028197",paper_formula,Full Bernoulli event probability uses selected probabilities and non-selected complement probabilities.
9,5,4,continue,bernoulli_full_event,39,2,37,1,0.944382853293976,0.944382853293976,full_event_available,0,1,,"3,6","0.90559,0.00064367",paper_formula,Full Bernoulli event probability uses selected probabilities and non-selected complement probabilities.
9,5,5,max_depth_reached,bernoulli_full_event,37,0,37,NaN,NaN,1,terminal_stage_probability_one,1,0,,"","",,Terminal recording stage excluded from Bernoulli complement product.
9,6,1,no_new_outage,bernoulli_full_event,45,0,45,1,0.934323849248874,0.934323849248874,full_event_available,1,1,,"","",paper_formula,Full Bernoulli event probability uses selected probabilities and non-selected complement probabilities.
9,7,1,no_new_outage,bernoulli_full_event,45,0,45,1,0.934323849248874,0.934323849248874,full_event_available,1,1,,"","",paper_formula,Full Bernoulli event probability uses selected probabilities and non-selected complement probabilities.
9,8,1,no_new_outage,bernoulli_full_event,45,0,45,1,0.934323849248874,0.934323849248874,full_event_available,1,1,,"","",paper_formula,Full Bernoulli event probability uses selected probabilities and non-selected complement probabilities.
9,9,1,no_new_outage,bernoulli_full_event,45,0,45,1,0.934323849248874,0.934323849248874,full_event_available,1,1,,"","",paper_formula,Full Bernoulli event probability uses selected probabilities and non-selected complement probabilities.
9,10,1,no_new_outage,bernoulli_full_event,45,0,45,1,0.934323849248874,0.934323849248874,full_event_available,1,1,,"","",paper_formula,Full Bernoulli event probability uses selected probabilities and non-selected complement probabilities.
10,1,1,continue,bernoulli_full_event,45,3,42,1,0.856400305098064,0.856400305098064,full_event_available,0,1,,"12,19,23","0.58583,0.33192,0.76502",paper_formula,Full Bernoulli event probability uses selected probabilities and non-selected complement probabilities.
10,1,2,continue,bernoulli_full_event,36,2,34,1,0.894423519695725,0.894423519695725,full_event_available,0,1,,"3,6","0.49639,0.36412",paper_formula,Full Bernoulli event probability uses selected probabilities and non-selected complement probabilities.
10,1,3,continue,bernoulli_full_event,34,5,29,0.859638064171125,0.957542615545599,0.823140080388975,full_event_available,0,1,,"9,25,27,40,42","0.55353,0.49156,0.7721,0.65117,0.21434",paper_formula,Full Bernoulli event probability uses selected probabilities and non-selected complement probabilities.
10,1,4,load_loss_threshold,bernoulli_full_event,0,0,0,NaN,NaN,1,terminal_stage_probability_one,1,0,,"","",,Terminal recording stage excluded from Bernoulli complement product.
10,2,1,continue,bernoulli_full_event,45,3,42,1,0.856400305098064,0.856400305098064,full_event_available,0,1,,"12,19,23","0.32879,0.456,0.95338",paper_formula,Full Bernoulli event probability uses selected probabilities and non-selected complement probabilities.
10,2,2,continue,bernoulli_full_event,36,2,34,1,0.894423519695725,0.894423519695725,full_event_available,0,1,,"3,6","0.05508,0.9724",paper_formula,Full Bernoulli event probability uses selected probabilities and non-selected complement probabilities.
10,2,3,continue,bernoulli_full_event,34,5,29,0.859638064171125,0.957542615545599,0.823140080388975,full_event_available,0,1,,"9,25,27,40,42","0.05046,0.12403,0.4861,0.92733,0.23859",paper_formula,Full Bernoulli event probability uses selected probabilities and non-selected complement probabilities.
10,2,4,load_loss_threshold,bernoulli_full_event,0,0,0,NaN,NaN,1,terminal_stage_probability_one,1,0,,"","",,Terminal recording stage excluded from Bernoulli complement product.
10,3,1,continue,bernoulli_full_event,45,3,42,1,0.856400305098064,0.856400305098064,full_event_available,0,1,,"12,19,23","0.60256,0.066758,0.5702",paper_formula,Full Bernoulli event probability uses selected probabilities and non-selected complement probabilities.
10,3,2,continue,bernoulli_full_event,36,2,34,1,0.894423519695725,0.894423519695725,full_event_available,0,1,,"3,6","0.41115,0.37983",paper_formula,Full Bernoulli event probability uses selected probabilities and non-selected complement probabilities.
10,3,3,continue,bernoulli_full_event,34,4,30,1,0.134402535156624,0.134402535156624,full_event_available,0,1,,"25,27,40,42","0.079559,0.47658,0.86775,0.75347",paper_formula,Full Bernoulli event probability uses selected probabilities and non-selected complement probabilities.
10,3,4,load_loss_threshold,bernoulli_full_event,0,0,0,NaN,NaN,1,terminal_stage_probability_one,1,0,,"","",,Terminal recording stage excluded from Bernoulli complement product.
10,4,1,continue,bernoulli_full_event,45,4,41,0.0730689109485328,0.923909355521155,0.0675090504230916,full_event_available,0,1,,"9,12,19,23","0.038382,0.63795,0.56993,0.30413",paper_formula,Full Bernoulli event probability uses selected probabilities and non-selected complement probabilities.
10,4,2,continue,bernoulli_full_event,35,4,31,0.377248675955489,0.954614525387612,0.360127065750354,full_event_available,0,1,,"3,6,16,17","0.14477,0.4842,0.45746,0.6751",paper_formula,Full Bernoulli event probability uses selected probabilities and non-selected complement probabilities.
10,4,3,continue,bernoulli_full_event,28,2,26,1,0.961524031836835,0.961524031836835,full_event_available,0,1,,"40,42","0.31659,0.62105",paper_formula,Full Bernoulli event probability uses selected probabilities and non-selected complement probabilities.
10,4,4,load_loss_threshold,bernoulli_full_event,17,0,17,NaN,NaN,1,terminal_stage_probability_one,1,0,,"","",,Terminal recording stage excluded from Bernoulli complement product.
10,5,1,continue,bernoulli_full_event,45,4,41,0.001599996502,0.857772738479142,0.00137243338107759,full_event_available,0,1,,"12,13,19,23","0.13151,0.00040065,0.69707,0.12329",paper_formula,Full Bernoulli event probability uses selected probabilities and non-selected complement probabilities.
10,5,2,continue,bernoulli_full_event,36,2,34,1,0.894423519695725,0.894423519695725,full_event_available,0,1,,"3,6","0.51381,0.44854",paper_formula,Full Bernoulli event probability uses selected probabilities and non-selected complement probabilities.
10,5,3,continue,bernoulli_full_event,34,5,29,0.859638064171125,0.957542615545599,0.823140080388975,full_event_available,0,1,,"9,25,27,40,42","0.27444,0.85299,0.15961,0.85581,0.11974",paper_formula,Full Bernoulli event probability uses selected probabilities and non-selected complement probabilities.
10,5,4,load_loss_threshold,bernoulli_full_event,0,0,0,NaN,NaN,1,terminal_stage_probability_one,1,0,,"","",,Terminal recording stage excluded from Bernoulli complement product.
10,6,1,continue,bernoulli_full_event,45,3,42,1,0.856400305098064,0.856400305098064,full_event_available,0,1,,"12,19,23","0.077317,0.039898,0.52479",paper_formula,Full Bernoulli event probability uses selected probabilities and non-selected complement probabilities.
10,6,2,continue,bernoulli_full_event,36,2,34,1,0.894423519695725,0.894423519695725,full_event_available,0,1,,"3,6","0.29622,0.11349",paper_formula,Full Bernoulli event probability uses selected probabilities and non-selected complement probabilities.
10,6,3,continue,bernoulli_full_event,34,5,29,0.859638064171125,0.957542615545599,0.823140080388975,full_event_available,0,1,,"9,25,27,40,42","0.211,0.27836,0.98332,0.6567,0.88271",paper_formula,Full Bernoulli event probability uses selected probabilities and non-selected complement probabilities.
10,6,4,load_loss_threshold,bernoulli_full_event,0,0,0,NaN,NaN,1,terminal_stage_probability_one,1,0,,"","",,Terminal recording stage excluded from Bernoulli complement product.
10,7,1,continue,bernoulli_full_event,45,3,42,1,0.856400305098064,0.856400305098064,full_event_available,0,1,,"12,19,23","0.31372,0.63159,0.30768",paper_formula,Full Bernoulli event probability uses selected probabilities and non-selected complement probabilities.
10,7,2,continue,bernoulli_full_event,36,2,34,1,0.894423519695725,0.894423519695725,full_event_available,0,1,,"3,6","0.29465,0.26213",paper_formula,Full Bernoulli event probability uses selected probabilities and non-selected complement probabilities.
10,7,3,continue,bernoulli_full_event,34,4,30,1,0.134402535156624,0.134402535156624,full_event_available,0,1,,"25,27,40,42","0.39151,0.97596,0.69896,0.70187",paper_formula,Full Bernoulli event probability uses selected probabilities and non-selected complement probabilities.
10,7,4,load_loss_threshold,bernoulli_full_event,0,0,0,NaN,NaN,1,terminal_stage_probability_one,1,0,,"","",,Terminal recording stage excluded from Bernoulli complement product.
10,8,1,continue,bernoulli_full_event,45,3,42,1,0.856400305098064,0.856400305098064,full_event_available,0,1,,"12,19,23","0.22221,0.92028,0.73569",paper_formula,Full Bernoulli event probability uses selected probabilities and non-selected complement probabilities.
10,8,2,continue,bernoulli_full_event,36,2,34,1,0.894423519695725,0.894423519695725,full_event_available,0,1,,"3,6","0.55961,0.58239",paper_formula,Full Bernoulli event probability uses selected probabilities and non-selected complement probabilities.
10,8,3,continue,bernoulli_full_event,34,5,29,0.859638064171125,0.957542615545599,0.823140080388975,full_event_available,0,1,,"9,25,27,40,42","0.13549,0.65034,0.71663,0.04873,0.65151",paper_formula,Full Bernoulli event probability uses selected probabilities and non-selected complement probabilities.
10,8,4,load_loss_threshold,bernoulli_full_event,0,0,0,NaN,NaN,1,terminal_stage_probability_one,1,0,,"","",,Terminal recording stage excluded from Bernoulli complement product.
10,9,1,continue,bernoulli_full_event,45,3,42,1,0.856400305098064,0.856400305098064,full_event_available,0,1,,"12,19,23","0.43599,0.77781,0.5525",paper_formula,Full Bernoulli event probability uses selected probabilities and non-selected complement probabilities.
10,9,2,continue,bernoulli_full_event,36,2,34,1,0.894423519695725,0.894423519695725,full_event_available,0,1,,"3,6","0.047302,0.38866",paper_formula,Full Bernoulli event probability uses selected probabilities and non-selected complement probabilities.
10,9,3,continue,bernoulli_full_event,34,5,29,0.859638064171125,0.957542615545599,0.823140080388975,full_event_available,0,1,,"9,25,27,40,42","0.8063,0.86655,0.57738,0.33315,0.78065",paper_formula,Full Bernoulli event probability uses selected probabilities and non-selected complement probabilities.
10,9,4,load_loss_threshold,bernoulli_full_event,0,0,0,NaN,NaN,1,terminal_stage_probability_one,1,0,,"","",,Terminal recording stage excluded from Bernoulli complement product.
10,10,1,continue,bernoulli_full_event,45,3,42,1,0.856400305098064,0.856400305098064,full_event_available,0,1,,"12,19,23","0.51018,0.088023,0.45622",paper_formula,Full Bernoulli event probability uses selected probabilities and non-selected complement probabilities.
10,10,2,continue,bernoulli_full_event,36,2,34,1,0.894423519695725,0.894423519695725,full_event_available,0,1,,"3,6","0.11107,0.17318",paper_formula,Full Bernoulli event probability uses selected probabilities and non-selected complement probabilities.
10,10,3,continue,bernoulli_full_event,34,5,29,0.859638064171125,0.957542615545599,0.823140080388975,full_event_available,0,1,,"9,25,27,40,42","0.82849,0.95897,0.4082,0.43748,0.57681",paper_formula,Full Bernoulli event probability uses selected probabilities and non-selected complement probabilities.
10,10,4,load_loss_threshold,bernoulli_full_event,0,0,0,NaN,NaN,1,terminal_stage_probability_one,1,0,,"","",,Terminal recording stage excluded from Bernoulli complement product.
11,1,1,continue,bernoulli_full_event,45,1,44,1,0.935549941943689,0.935549941943689,full_event_available,0,1,,"12","0.43003",paper_formula,Full Bernoulli event probability uses selected probabilities and non-selected complement probabilities.
11,1,2,continue,bernoulli_full_event,44,2,42,1,0.691309563262303,0.691309563262303,full_event_available,0,1,,"1,27","0.61475,0.79089",paper_formula,Full Bernoulli event probability uses selected probabilities and non-selected complement probabilities.
11,1,3,load_loss_threshold,bernoulli_full_event,35,0,35,NaN,NaN,1,terminal_stage_probability_one,1,0,,"","",,Terminal recording stage excluded from Bernoulli complement product.
11,2,1,continue,bernoulli_full_event,45,1,44,1,0.935549941943689,0.935549941943689,full_event_available,0,1,,"12","0.25334",paper_formula,Full Bernoulli event probability uses selected probabilities and non-selected complement probabilities.
11,2,2,continue,bernoulli_full_event,44,2,42,1,0.691309563262303,0.691309563262303,full_event_available,0,1,,"1,27","0.16605,0.36036",paper_formula,Full Bernoulli event probability uses selected probabilities and non-selected complement probabilities.
11,2,3,load_loss_threshold,bernoulli_full_event,35,0,35,NaN,NaN,1,terminal_stage_probability_one,1,0,,"","",,Terminal recording stage excluded from Bernoulli complement product.
11,3,1,continue,bernoulli_full_event,45,1,44,1,0.935549941943689,0.935549941943689,full_event_available,0,1,,"12","0.68347",paper_formula,Full Bernoulli event probability uses selected probabilities and non-selected complement probabilities.
11,3,2,continue,bernoulli_full_event,44,3,41,0.264199304318091,0.939533717920213,0.24822415465791,full_event_available,0,1,,"1,13,27","0.77382,0.20855,0.37205",paper_formula,Full Bernoulli event probability uses selected probabilities and non-selected complement probabilities.
11,3,3,load_loss_threshold,bernoulli_full_event,34,0,34,NaN,NaN,1,terminal_stage_probability_one,1,0,,"","",,Terminal recording stage excluded from Bernoulli complement product.
11,4,1,continue,bernoulli_full_event,45,1,44,1,0.935549941943689,0.935549941943689,full_event_available,0,1,,"12","0.12087",paper_formula,Full Bernoulli event probability uses selected probabilities and non-selected complement probabilities.
11,4,2,continue,bernoulli_full_event,44,2,42,1,0.691309563262303,0.691309563262303,full_event_available,0,1,,"1,27","0.93541,0.91229",paper_formula,Full Bernoulli event probability uses selected probabilities and non-selected complement probabilities.
11,4,3,load_loss_threshold,bernoulli_full_event,35,0,35,NaN,NaN,1,terminal_stage_probability_one,1,0,,"","",,Terminal recording stage excluded from Bernoulli complement product.
11,5,1,continue,bernoulli_full_event,45,1,44,1,0.935549941943689,0.935549941943689,full_event_available,0,1,,"12","0.73092",paper_formula,Full Bernoulli event probability uses selected probabilities and non-selected complement probabilities.
11,5,2,continue,bernoulli_full_event,44,2,42,1,0.691309563262303,0.691309563262303,full_event_available,0,1,,"1,27","0.84624,0.86763",paper_formula,Full Bernoulli event probability uses selected probabilities and non-selected complement probabilities.
11,5,3,load_loss_threshold,bernoulli_full_event,35,0,35,NaN,NaN,1,terminal_stage_probability_one,1,0,,"","",,Terminal recording stage excluded from Bernoulli complement product.
11,6,1,continue,bernoulli_full_event,45,1,44,1,0.935549941943689,0.935549941943689,full_event_available,0,1,,"12","0.9072",paper_formula,Full Bernoulli event probability uses selected probabilities and non-selected complement probabilities.
11,6,2,continue,bernoulli_full_event,44,3,41,0.264199304318091,0.939533717920213,0.24822415465791,full_event_available,0,1,,"1,13,27","0.78665,0.25483,0.42387",paper_formula,Full Bernoulli event probability uses selected probabilities and non-selected complement probabilities.
11,6,3,load_loss_threshold,bernoulli_full_event,34,0,34,NaN,NaN,1,terminal_stage_probability_one,1,0,,"","",,Terminal recording stage excluded from Bernoulli complement product.
11,7,1,continue,bernoulli_full_event,45,1,44,1,0.935549941943689,0.935549941943689,full_event_available,0,1,,"12","0.42171",paper_formula,Full Bernoulli event probability uses selected probabilities and non-selected complement probabilities.
11,7,2,continue,bernoulli_full_event,44,3,41,0.001123950025,0.69208743495212,0.000777871689816621,full_event_available,0,1,,"1,27,44","0.55785,0.7733,7.0723e-05",paper_formula,Full Bernoulli event probability uses selected probabilities and non-selected complement probabilities.
11,7,3,load_loss_threshold,bernoulli_full_event,34,0,34,NaN,NaN,1,terminal_stage_probability_one,1,0,,"","",,Terminal recording stage excluded from Bernoulli complement product.
11,8,1,continue,bernoulli_full_event,45,1,44,1,0.935549941943689,0.935549941943689,full_event_available,0,1,,"12","0.06245",paper_formula,Full Bernoulli event probability uses selected probabilities and non-selected complement probabilities.
11,8,2,continue,bernoulli_full_event,44,2,42,1,0.691309563262303,0.691309563262303,full_event_available,0,1,,"1,27","0.52808,0.94797",paper_formula,Full Bernoulli event probability uses selected probabilities and non-selected complement probabilities.
11,8,3,load_loss_threshold,bernoulli_full_event,35,0,35,NaN,NaN,1,terminal_stage_probability_one,1,0,,"","",,Terminal recording stage excluded from Bernoulli complement product.
11,9,1,continue,bernoulli_full_event,45,1,44,1,0.935549941943689,0.935549941943689,full_event_available,0,1,,"12","0.49411",paper_formula,Full Bernoulli event probability uses selected probabilities and non-selected complement probabilities.
11,9,2,continue,bernoulli_full_event,44,2,42,1,0.691309563262303,0.691309563262303,full_event_available,0,1,,"1,27","0.98798,0.073074",paper_formula,Full Bernoulli event probability uses selected probabilities and non-selected complement probabilities.
11,9,3,load_loss_threshold,bernoulli_full_event,35,0,35,NaN,NaN,1,terminal_stage_probability_one,1,0,,"","",,Terminal recording stage excluded from Bernoulli complement product.
11,10,1,continue,bernoulli_full_event,45,1,44,1,0.935549941943689,0.935549941943689,full_event_available,0,1,,"12","0.2944",paper_formula,Full Bernoulli event probability uses selected probabilities and non-selected complement probabilities.
11,10,2,continue,bernoulli_full_event,44,2,42,1,0.691309563262303,0.691309563262303,full_event_available,0,1,,"1,27","0.28063,0.18755",paper_formula,Full Bernoulli event probability uses selected probabilities and non-selected complement probabilities.
11,10,3,load_loss_threshold,bernoulli_full_event,35,0,35,NaN,NaN,1,terminal_stage_probability_one,1,0,,"","",,Terminal recording stage excluded from Bernoulli complement product.
12,1,1,continue,bernoulli_full_event,45,2,43,1,0.93712415738514,0.93712415738514,full_event_available,0,1,,"10,11","0.18473,0.21476",paper_formula,Full Bernoulli event probability uses selected probabilities and non-selected complement probabilities.
12,1,2,continue,bernoulli_full_event,43,2,41,1,0.939608856588097,0.939608856588097,full_event_available,0,1,,"1,27","0.97251,0.56414",paper_formula,Full Bernoulli event probability uses selected probabilities and non-selected complement probabilities.
12,1,3,load_loss_threshold,bernoulli_full_event,34,0,34,NaN,NaN,1,terminal_stage_probability_one,1,0,,"","",,Terminal recording stage excluded from Bernoulli complement product.
12,2,1,continue,bernoulli_full_event,45,2,43,1,0.93712415738514,0.93712415738514,full_event_available,0,1,,"10,11","0.34114,0.17705",paper_formula,Full Bernoulli event probability uses selected probabilities and non-selected complement probabilities.
12,2,2,continue,bernoulli_full_event,43,2,41,1,0.939608856588097,0.939608856588097,full_event_available,0,1,,"1,27","0.42457,0.37881",paper_formula,Full Bernoulli event probability uses selected probabilities and non-selected complement probabilities.
12,2,3,load_loss_threshold,bernoulli_full_event,34,0,34,NaN,NaN,1,terminal_stage_probability_one,1,0,,"","",,Terminal recording stage excluded from Bernoulli complement product.
12,3,1,continue,bernoulli_full_event,45,2,43,1,0.93712415738514,0.93712415738514,full_event_available,0,1,,"10,11","0.4752,0.5688",paper_formula,Full Bernoulli event probability uses selected probabilities and non-selected complement probabilities.
12,3,2,continue,bernoulli_full_event,43,2,41,1,0.939608856588097,0.939608856588097,full_event_available,0,1,,"1,27","0.64472,0.27683",paper_formula,Full Bernoulli event probability uses selected probabilities and non-selected complement probabilities.
12,3,3,load_loss_threshold,bernoulli_full_event,34,0,34,NaN,NaN,1,terminal_stage_probability_one,1,0,,"","",,Terminal recording stage excluded from Bernoulli complement product.
12,4,1,continue,bernoulli_full_event,45,2,43,1,0.93712415738514,0.93712415738514,full_event_available,0,1,,"10,11","0.23465,0.67598",paper_formula,Full Bernoulli event probability uses selected probabilities and non-selected complement probabilities.
12,4,2,continue,bernoulli_full_event,43,2,41,1,0.939608856588097,0.939608856588097,full_event_available,0,1,,"1,27","0.75373,0.97514",paper_formula,Full Bernoulli event probability uses selected probabilities and non-selected complement probabilities.
12,4,3,load_loss_threshold,bernoulli_full_event,34,0,34,NaN,NaN,1,terminal_stage_probability_one,1,0,,"","",,Terminal recording stage excluded from Bernoulli complement product.
12,5,1,continue,bernoulli_full_event,45,2,43,1,0.93712415738514,0.93712415738514,full_event_available,0,1,,"10,11","0.35548,0.67707",paper_formula,Full Bernoulli event probability uses selected probabilities and non-selected complement probabilities.
12,5,2,continue,bernoulli_full_event,43,2,41,1,0.939608856588097,0.939608856588097,full_event_available,0,1,,"1,27","0.47152,0.91252",paper_formula,Full Bernoulli event probability uses selected probabilities and non-selected complement probabilities.
12,5,3,load_loss_threshold,bernoulli_full_event,34,0,34,NaN,NaN,1,terminal_stage_probability_one,1,0,,"","",,Terminal recording stage excluded from Bernoulli complement product.
12,6,1,continue,bernoulli_full_event,45,2,43,1,0.93712415738514,0.93712415738514,full_event_available,0,1,,"10,11","0.43028,0.73146",paper_formula,Full Bernoulli event probability uses selected probabilities and non-selected complement probabilities.
12,6,2,continue,bernoulli_full_event,43,2,41,1,0.939608856588097,0.939608856588097,full_event_available,0,1,,"1,27","0.31455,0.62146",paper_formula,Full Bernoulli event probability uses selected probabilities and non-selected complement probabilities.
12,6,3,load_loss_threshold,bernoulli_full_event,34,0,34,NaN,NaN,1,terminal_stage_probability_one,1,0,,"","",,Terminal recording stage excluded from Bernoulli complement product.
12,7,1,continue,bernoulli_full_event,45,2,43,1,0.93712415738514,0.93712415738514,full_event_available,0,1,,"10,11","0.20836,0.84484",paper_formula,Full Bernoulli event probability uses selected probabilities and non-selected complement probabilities.
12,7,2,continue,bernoulli_full_event,43,2,41,1,0.939608856588097,0.939608856588097,full_event_available,0,1,,"1,27","0.71289,0.12292",paper_formula,Full Bernoulli event probability uses selected probabilities and non-selected complement probabilities.
12,7,3,load_loss_threshold,bernoulli_full_event,34,0,34,NaN,NaN,1,terminal_stage_probability_one,1,0,,"","",,Terminal recording stage excluded from Bernoulli complement product.
12,8,1,continue,bernoulli_full_event,45,2,43,1,0.93712415738514,0.93712415738514,full_event_available,0,1,,"10,11","0.91982,0.63203",paper_formula,Full Bernoulli event probability uses selected probabilities and non-selected complement probabilities.
12,8,2,continue,bernoulli_full_event,43,2,41,1,0.939608856588097,0.939608856588097,full_event_available,0,1,,"1,27","0.13529,0.76502",paper_formula,Full Bernoulli event probability uses selected probabilities and non-selected complement probabilities.
12,8,3,load_loss_threshold,bernoulli_full_event,34,0,34,NaN,NaN,1,terminal_stage_probability_one,1,0,,"","",,Terminal recording stage excluded from Bernoulli complement product.
12,9,1,continue,bernoulli_full_event,45,2,43,1,0.93712415738514,0.93712415738514,full_event_available,0,1,,"10,11","0.5246,0.29852",paper_formula,Full Bernoulli event probability uses selected probabilities and non-selected complement probabilities.
12,9,2,continue,bernoulli_full_event,43,2,41,1,0.939608856588097,0.939608856588097,full_event_available,0,1,,"1,27","0.22871,0.92546",paper_formula,Full Bernoulli event probability uses selected probabilities and non-selected complement probabilities.
12,9,3,load_loss_threshold,bernoulli_full_event,34,0,34,NaN,NaN,1,terminal_stage_probability_one,1,0,,"","",,Terminal recording stage excluded from Bernoulli complement product.
12,10,1,continue,bernoulli_full_event,45,2,43,1,0.93712415738514,0.93712415738514,full_event_available,0,1,,"10,11","0.81965,0.91564",paper_formula,Full Bernoulli event probability uses selected probabilities and non-selected complement probabilities.
12,10,2,continue,bernoulli_full_event,43,2,41,1,0.939608856588097,0.939608856588097,full_event_available,0,1,,"1,27","0.34235,0.68166",paper_formula,Full Bernoulli event probability uses selected probabilities and non-selected complement probabilities.
12,10,3,load_loss_threshold,bernoulli_full_event,34,0,34,NaN,NaN,1,terminal_stage_probability_one,1,0,,"","",,Terminal recording stage excluded from Bernoulli complement product.
13,1,1,continue,bernoulli_full_event,45,1,44,0.71709182963112,0.405490215544235,0.290773720562133,full_event_available,0,1,,"23","0.45918",paper_formula,Full Bernoulli event probability uses selected probabilities and non-selected complement probabilities.
13,1,2,continue,bernoulli_full_event,39,2,37,1,0.945440450565338,0.945440450565338,full_event_available,0,1,,"8,14","0.89684,0.91137",paper_formula,Full Bernoulli event probability uses selected probabilities and non-selected complement probabilities.
13,1,3,continue,bernoulli_full_event,37,1,36,1,0.946491034801577,0.946491034801577,full_event_available,0,1,,"27","0.98171",paper_formula,Full Bernoulli event probability uses selected probabilities and non-selected complement probabilities.
13,1,4,continue,bernoulli_full_event,33,2,31,0.001536124438,0.953023513280975,0.00146396270873952,full_event_available,0,1,,"1,3","0.00040878,0.52821",paper_formula,Full Bernoulli event probability uses selected probabilities and non-selected complement probabilities.
13,1,5,max_depth_reached,bernoulli_full_event,24,0,24,NaN,NaN,1,terminal_stage_probability_one,1,0,,"","",,Terminal recording stage excluded from Bernoulli complement product.
13,2,1,continue,bernoulli_full_event,45,3,42,0.000457306305899916,0.938376506952758,0.000429125493937833,full_event_available,0,1,,"19,23,33","0.24074,0.32942,0.00029118",paper_formula,Full Bernoulli event probability uses selected probabilities and non-selected complement probabilities.
13,2,2,continue,bernoulli_full_event,38,3,35,1,0.625243839020492,0.625243839020492,full_event_available,0,1,,"8,10,14","0.344,0.036701,0.8712",paper_formula,Full Bernoulli event probability uses selected probabilities and non-selected complement probabilities.
13,2,3,continue,bernoulli_full_event,35,1,34,1,0.949498613951395,0.949498613951395,full_event_available,0,1,,"3","0.37746",paper_formula,Full Bernoulli event probability uses selected probabilities and non-selected complement probabilities.
13,2,4,continue,bernoulli_full_event,34,4,30,0.323863097511343,0.92582475689037,0.299840473519201,full_event_available,0,1,,"4,31,40,42","0.12895,0.50612,0.83228,0.36334",paper_formula,Full Bernoulli event probability uses selected probabilities and non-selected complement probabilities.
13,2,5,max_depth_reached,bernoulli_full_event,17,0,17,NaN,NaN,1,terminal_stage_probability_one,1,0,,"","",,Terminal recording stage excluded from Bernoulli complement product.
13,3,1,continue,bernoulli_full_event,45,1,44,0.567394882446685,0.265176000762322,0.150459505780219,full_event_available,0,1,,"19","0.34214",paper_formula,Full Bernoulli event probability uses selected probabilities and non-selected complement probabilities.
13,3,2,continue,bernoulli_full_event,44,4,40,0.855046022918473,0.941419399163662,0.804956913153188,full_event_available,0,1,,"18,21,22,23","0.81935,0.55861,0.65906,0.79846",paper_formula,Full Bernoulli event probability uses selected probabilities and non-selected complement probabilities.
13,3,3,continue,bernoulli_full_event,39,2,37,1,0.945440450565338,0.945440450565338,full_event_available,0,1,,"8,14","0.93704,0.1586",paper_formula,Full Bernoulli event probability uses selected probabilities and non-selected complement probabilities.
13,3,4,continue,bernoulli_full_event,37,1,36,1,0.946491034801577,0.946491034801577,full_event_available,0,1,,"27","0.84696",paper_formula,Full Bernoulli event probability uses selected probabilities and non-selected complement probabilities.
13,3,5,max_depth_reached,bernoulli_full_event,33,0,33,NaN,NaN,1,terminal_stage_probability_one,1,0,,"","",,Terminal recording stage excluded from Bernoulli complement product.
13,4,1,continue,bernoulli_full_event,45,2,43,0.406874234377028,0.937321818654309,0.381372097329855,full_event_available,0,1,,"19,23","0.2566,0.026065",paper_formula,Full Bernoulli event probability uses selected probabilities and non-selected complement probabilities.
13,4,2,continue,bernoulli_full_event,39,2,37,1,0.945440450565338,0.945440450565338,full_event_available,0,1,,"8,14","0.35682,0.27391",paper_formula,Full Bernoulli event probability uses selected probabilities and non-selected complement probabilities.
13,4,3,continue,bernoulli_full_event,37,1,36,1,0.946491034801577,0.946491034801577,full_event_available,0,1,,"27","0.0375",paper_formula,Full Bernoulli event probability uses selected probabilities and non-selected complement probabilities.
13,4,4,continue,bernoulli_full_event,33,1,32,1,0.951559550572235,0.951559550572235,full_event_available,0,1,,"3","0.025711",paper_formula,Full Bernoulli event probability uses selected probabilities and non-selected complement probabilities.
13,4,5,max_depth_reached,bernoulli_full_event,32,0,32,NaN,NaN,1,terminal_stage_probability_one,1,0,,"","",,Terminal recording stage excluded from Bernoulli complement product.
13,5,1,no_new_outage,bernoulli_full_event,45,0,45,1,0.114716494982102,0.114716494982102,full_event_available,1,1,,"","",paper_formula,Full Bernoulli event probability uses selected probabilities and non-selected complement probabilities.
13,6,1,no_new_outage,bernoulli_full_event,45,0,45,1,0.114716494982102,0.114716494982102,full_event_available,1,1,,"","",paper_formula,Full Bernoulli event probability uses selected probabilities and non-selected complement probabilities.
13,7,1,continue,bernoulli_full_event,45,2,43,0.406874234377028,0.937321818654309,0.381372097329855,full_event_available,0,1,,"19,23","0.26679,0.60898",paper_formula,Full Bernoulli event probability uses selected probabilities and non-selected complement probabilities.
13,7,2,continue,bernoulli_full_event,39,2,37,1,0.945440450565338,0.945440450565338,full_event_available,0,1,,"8,14","0.52956,0.69126",paper_formula,Full Bernoulli event probability uses selected probabilities and non-selected complement probabilities.
13,7,3,continue,bernoulli_full_event,37,1,36,1,0.946491034801577,0.946491034801577,full_event_available,0,1,,"27","0.95549",paper_formula,Full Bernoulli event probability uses selected probabilities and non-selected complement probabilities.
13,7,4,continue,bernoulli_full_event,33,1,32,1,0.951559550572235,0.951559550572235,full_event_available,0,1,,"3","0.7679",paper_formula,Full Bernoulli event probability uses selected probabilities and non-selected complement probabilities.
13,7,5,max_depth_reached,bernoulli_full_event,32,0,32,NaN,NaN,1,terminal_stage_probability_one,1,0,,"","",,Terminal recording stage excluded from Bernoulli complement product.
13,8,1,continue,bernoulli_full_event,45,2,43,0.406874234377028,0.937321818654309,0.381372097329855,full_event_available,0,1,,"19,23","0.14121,0.51645",paper_formula,Full Bernoulli event probability uses selected probabilities and non-selected complement probabilities.
13,8,2,continue,bernoulli_full_event,39,2,37,1,0.945440450565338,0.945440450565338,full_event_available,0,1,,"8,14","0.19483,0.13172",paper_formula,Full Bernoulli event probability uses selected probabilities and non-selected complement probabilities.
13,8,3,continue,bernoulli_full_event,37,1,36,1,0.946491034801577,0.946491034801577,full_event_available,0,1,,"27","0.44141",paper_formula,Full Bernoulli event probability uses selected probabilities and non-selected complement probabilities.
13,8,4,continue,bernoulli_full_event,33,1,32,1,0.951559550572235,0.951559550572235,full_event_available,0,1,,"3","0.10181",paper_formula,Full Bernoulli event probability uses selected probabilities and non-selected complement probabilities.
13,8,5,max_depth_reached,bernoulli_full_event,32,0,32,NaN,NaN,1,terminal_stage_probability_one,1,0,,"","",,Terminal recording stage excluded from Bernoulli complement product.
13,9,1,continue,bernoulli_full_event,45,1,44,0.71709182963112,0.405490215544235,0.290773720562133,full_event_available,0,1,,"23","0.65291",paper_formula,Full Bernoulli event probability uses selected probabilities and non-selected complement probabilities.
13,9,2,continue,bernoulli_full_event,39,2,37,1,0.945440450565338,0.945440450565338,full_event_available,0,1,,"8,14","0.74316,0.32145",paper_formula,Full Bernoulli event probability uses selected probabilities and non-selected complement probabilities.
13,9,3,continue,bernoulli_full_event,37,1,36,1,0.946491034801577,0.946491034801577,full_event_available,0,1,,"27","0.65352",paper_formula,Full Bernoulli event probability uses selected probabilities and non-selected complement probabilities.
13,9,4,continue,bernoulli_full_event,33,1,32,1,0.951559550572235,0.951559550572235,full_event_available,0,1,,"3","0.97648",paper_formula,Full Bernoulli event probability uses selected probabilities and non-selected complement probabilities.
13,9,5,max_depth_reached,bernoulli_full_event,32,0,32,NaN,NaN,1,terminal_stage_probability_one,1,0,,"","",,Terminal recording stage excluded from Bernoulli complement product.
13,10,1,continue,bernoulli_full_event,45,1,44,0.71709182963112,0.405490215544235,0.290773720562133,full_event_available,0,1,,"23","0.32882",paper_formula,Full Bernoulli event probability uses selected probabilities and non-selected complement probabilities.
13,10,2,continue,bernoulli_full_event,39,2,37,1,0.945440450565338,0.945440450565338,full_event_available,0,1,,"8,14","0.44036,0.7551",paper_formula,Full Bernoulli event probability uses selected probabilities and non-selected complement probabilities.
13,10,3,continue,bernoulli_full_event,37,1,36,1,0.946491034801577,0.946491034801577,full_event_available,0,1,,"27","0.16974",paper_formula,Full Bernoulli event probability uses selected probabilities and non-selected complement probabilities.
13,10,4,continue,bernoulli_full_event,33,2,31,0.001536124438,0.953023513280975,0.00146396270873952,full_event_available,0,1,,"1,3","0.00099792,0.35178",paper_formula,Full Bernoulli event probability uses selected probabilities and non-selected complement probabilities.
13,10,5,max_depth_reached,bernoulli_full_event,24,0,24,NaN,NaN,1,terminal_stage_probability_one,1,0,,"","",,Terminal recording stage excluded from Bernoulli complement product.
14,1,1,continue,bernoulli_full_event,45,1,44,1,0.935481662522683,0.935481662522683,full_event_available,0,1,,"3","0.13233",paper_formula,Full Bernoulli event probability uses selected probabilities and non-selected complement probabilities.
14,1,2,continue,bernoulli_full_event,44,2,42,1,0.938565897241792,0.938565897241792,full_event_available,0,1,,"40,42","0.76667,0.86817",paper_formula,Full Bernoulli event probability uses selected probabilities and non-selected complement probabilities.
14,1,3,continue,bernoulli_full_event,38,5,33,0.426001450461196,0.95082071242398,0.405051002621163,full_event_available,0,1,,"1,16,17,20,27","0.93599,0.15755,0.84923,0.047354,0.091681",paper_formula,Full Bernoulli event probability uses selected probabilities and non-selected complement probabilities.
14,1,4,load_loss_threshold,bernoulli_full_event,0,0,0,NaN,NaN,1,terminal_stage_probability_one,1,0,,"","",,Terminal recording stage excluded from Bernoulli complement product.
14,2,1,continue,bernoulli_full_event,45,1,44,1,0.935481662522683,0.935481662522683,full_event_available,0,1,,"3","0.42286",paper_formula,Full Bernoulli event probability uses selected probabilities and non-selected complement probabilities.
14,2,2,continue,bernoulli_full_event,44,2,42,1,0.938565897241792,0.938565897241792,full_event_available,0,1,,"40,42","0.053616,0.93449",paper_formula,Full Bernoulli event probability uses selected probabilities and non-selected complement probabilities.
14,2,3,continue,bernoulli_full_event,38,4,34,0.871340014355153,0.485960846070974,0.423437130591524,full_event_available,0,1,,"1,16,17,27","0.36832,0.68935,0.60773,0.38172",paper_formula,Full Bernoulli event probability uses selected probabilities and non-selected complement probabilities.
14,2,4,load_loss_threshold,bernoulli_full_event,27,0,27,NaN,NaN,1,terminal_stage_probability_one,1,0,,"","",,Terminal recording stage excluded from Bernoulli complement product.
14,3,1,continue,bernoulli_full_event,45,1,44,1,0.935481662522683,0.935481662522683,full_event_available,0,1,,"3","0.014271",paper_formula,Full Bernoulli event probability uses selected probabilities and non-selected complement probabilities.
14,3,2,continue,bernoulli_full_event,44,2,42,1,0.938565897241792,0.938565897241792,full_event_available,0,1,,"40,42","0.88386,0.42181",paper_formula,Full Bernoulli event probability uses selected probabilities and non-selected complement probabilities.
14,3,3,continue,bernoulli_full_event,38,4,34,0.871340014355153,0.485960846070974,0.423437130591524,full_event_available,0,1,,"1,16,17,27","0.59293,0.67642,0.11121,0.37684",paper_formula,Full Bernoulli event probability uses selected probabilities and non-selected complement probabilities.
14,3,4,load_loss_threshold,bernoulli_full_event,27,0,27,NaN,NaN,1,terminal_stage_probability_one,1,0,,"","",,Terminal recording stage excluded from Bernoulli complement product.
14,4,1,continue,bernoulli_full_event,45,1,44,1,0.935481662522683,0.935481662522683,full_event_available,0,1,,"3","0.89266",paper_formula,Full Bernoulli event probability uses selected probabilities and non-selected complement probabilities.
14,4,2,continue,bernoulli_full_event,44,2,42,1,0.938565897241792,0.938565897241792,full_event_available,0,1,,"40,42","0.86134,0.69944",paper_formula,Full Bernoulli event probability uses selected probabilities and non-selected complement probabilities.
14,4,3,continue,bernoulli_full_event,38,4,34,0.871340014355153,0.485960846070974,0.423437130591524,full_event_available,0,1,,"1,16,17,27","0.40756,0.45199,0.35804,0.50747",paper_formula,Full Bernoulli event probability uses selected probabilities and non-selected complement probabilities.
14,4,4,load_loss_threshold,bernoulli_full_event,27,0,27,NaN,NaN,1,terminal_stage_probability_one,1,0,,"","",,Terminal recording stage excluded from Bernoulli complement product.
14,5,1,continue,bernoulli_full_event,45,1,44,1,0.935481662522683,0.935481662522683,full_event_available,0,1,,"3","0.14127",paper_formula,Full Bernoulli event probability uses selected probabilities and non-selected complement probabilities.
14,5,2,continue,bernoulli_full_event,44,2,42,1,0.938565897241792,0.938565897241792,full_event_available,0,1,,"40,42","0.89428,0.35942",paper_formula,Full Bernoulli event probability uses selected probabilities and non-selected complement probabilities.
14,5,3,continue,bernoulli_full_event,38,4,34,0.871340014355153,0.485960846070974,0.423437130591524,full_event_available,0,1,,"1,16,17,27","0.65077,0.12101,0.26467,0.52338",paper_formula,Full Bernoulli event probability uses selected probabilities and non-selected complement probabilities.
14,5,4,load_loss_threshold,bernoulli_full_event,27,0,27,NaN,NaN,1,terminal_stage_probability_one,1,0,,"","",,Terminal recording stage excluded from Bernoulli complement product.
14,6,1,continue,bernoulli_full_event,45,1,44,1,0.935481662522683,0.935481662522683,full_event_available,0,1,,"3","0.14899",paper_formula,Full Bernoulli event probability uses selected probabilities and non-selected complement probabilities.
14,6,2,continue,bernoulli_full_event,44,2,42,1,0.938565897241792,0.938565897241792,full_event_available,0,1,,"40,42","0.71415,0.5572",paper_formula,Full Bernoulli event probability uses selected probabilities and non-selected complement probabilities.
14,6,3,continue,bernoulli_full_event,38,4,34,0.871340014355153,0.485960846070974,0.423437130591524,full_event_available,0,1,,"1,16,17,27","0.83873,0.66369,0.98917,0.85022",paper_formula,Full Bernoulli event probability uses selected probabilities and non-selected complement probabilities.
14,6,4,load_loss_threshold,bernoulli_full_event,27,0,27,NaN,NaN,1,terminal_stage_probability_one,1,0,,"","",,Terminal recording stage excluded from Bernoulli complement product.
14,7,1,continue,bernoulli_full_event,45,1,44,1,0.935481662522683,0.935481662522683,full_event_available,0,1,,"3","0.52854",paper_formula,Full Bernoulli event probability uses selected probabilities and non-selected complement probabilities.
14,7,2,continue,bernoulli_full_event,44,2,42,1,0.938565897241792,0.938565897241792,full_event_available,0,1,,"40,42","0.62519,0.46492",paper_formula,Full Bernoulli event probability uses selected probabilities and non-selected complement probabilities.
14,7,3,continue,bernoulli_full_event,38,3,35,1,0.062523715479449,0.062523715479449,full_event_available,0,1,,"1,16,17","0.022594,0.17594,0.23238",paper_formula,Full Bernoulli event probability uses selected probabilities and non-selected complement probabilities.
14,7,4,load_loss_threshold,bernoulli_full_event,31,0,31,NaN,NaN,1,terminal_stage_probability_one,1,0,,"","",,Terminal recording stage excluded from Bernoulli complement product.
14,8,1,continue,bernoulli_full_event,45,1,44,1,0.935481662522683,0.935481662522683,full_event_available,0,1,,"3","0.60737",paper_formula,Full Bernoulli event probability uses selected probabilities and non-selected complement probabilities.
14,8,2,continue,bernoulli_full_event,44,2,42,1,0.938565897241792,0.938565897241792,full_event_available,0,1,,"40,42","0.58676,0.22298",paper_formula,Full Bernoulli event probability uses selected probabilities and non-selected complement probabilities.
14,8,3,continue,bernoulli_full_event,38,4,34,0.871340014355153,0.485960846070974,0.423437130591524,full_event_available,0,1,,"1,16,17,27","0.91644,0.93543,0.62752,0.25806",paper_formula,Full Bernoulli event probability uses selected probabilities and non-selected complement probabilities.
14,8,4,load_loss_threshold,bernoulli_full_event,27,0,27,NaN,NaN,1,terminal_stage_probability_one,1,0,,"","",,Terminal recording stage excluded from Bernoulli complement product.
14,9,1,continue,bernoulli_full_event,45,1,44,1,0.935481662522683,0.935481662522683,full_event_available,0,1,,"3","0.1031",paper_formula,Full Bernoulli event probability uses selected probabilities and non-selected complement probabilities.
14,9,2,continue,bernoulli_full_event,44,3,41,0.001599996502,0.940070005962968,0.00150410872117587,full_event_available,0,1,,"37,40,42","0.00072669,0.31149,0.77052",paper_formula,Full Bernoulli event probability uses selected probabilities and non-selected complement probabilities.
14,9,3,load_loss_threshold,bernoulli_full_event,37,0,37,NaN,NaN,1,terminal_stage_probability_one,1,0,,"","",,Terminal recording stage excluded from Bernoulli complement product.
14,10,1,continue,bernoulli_full_event,45,1,44,1,0.935481662522683,0.935481662522683,full_event_available,0,1,,"3","0.77239",paper_formula,Full Bernoulli event probability uses selected probabilities and non-selected complement probabilities.
14,10,2,continue,bernoulli_full_event,44,2,42,1,0.938565897241792,0.938565897241792,full_event_available,0,1,,"40,42","0.54358,0.54243",paper_formula,Full Bernoulli event probability uses selected probabilities and non-selected complement probabilities.
14,10,3,continue,bernoulli_full_event,38,4,34,0.871340014355153,0.485960846070974,0.423437130591524,full_event_available,0,1,,"1,16,17,27","0.48477,0.53784,0.63564,0.3225",paper_formula,Full Bernoulli event probability uses selected probabilities and non-selected complement probabilities.
14,10,4,load_loss_threshold,bernoulli_full_event,27,0,27,NaN,NaN,1,terminal_stage_probability_one,1,0,,"","",,Terminal recording stage excluded from Bernoulli complement product.
15,1,1,no_new_outage,bernoulli_full_event,45,0,45,1,0.933770281682943,0.933770281682943,full_event_available,1,1,,"","",paper_formula,Full Bernoulli event probability uses selected probabilities and non-selected complement probabilities.
15,2,1,no_new_outage,bernoulli_full_event,45,0,45,1,0.933770281682943,0.933770281682943,full_event_available,1,1,,"","",paper_formula,Full Bernoulli event probability uses selected probabilities and non-selected complement probabilities.
15,3,1,continue,bernoulli_full_event,45,1,44,0.001599996502,0.935266705139603,0.00149642345666043,full_event_available,0,1,,"13","0.00026026",paper_formula,Full Bernoulli event probability uses selected probabilities and non-selected complement probabilities.
15,3,2,continue,bernoulli_full_event,44,3,41,0.000670546175186123,0.939851189262437,0.000630213620204056,full_event_available,0,1,,"19,23,28","0.51029,0.63324,0.00014122",paper_formula,Full Bernoulli event probability uses selected probabilities and non-selected complement probabilities.
15,3,3,continue,bernoulli_full_event,37,4,33,1,0.95098982444033,0.95098982444033,full_event_available,0,1,,"8,10,14,38","0.98581,0.08242,0.98566,0.61981",paper_formula,Full Bernoulli event probability uses selected probabilities and non-selected complement probabilities.
15,3,4,continue,bernoulli_full_event,28,5,23,0.968351418346409,0.815601304209732,0.789788679736675,full_event_available,0,1,,"1,2,3,6,27","0.1246,0.32102,0.64146,0.60099,0.39345",paper_formula,Full Bernoulli event probability uses selected probabilities and non-selected complement probabilities.
15,3,5,max_depth_reached,bernoulli_full_event,0,0,0,NaN,NaN,1,terminal_stage_probability_one,1,0,,"","",,Terminal recording stage excluded from Bernoulli complement product.
15,4,1,no_new_outage,bernoulli_full_event,45,0,45,1,0.933770281682943,0.933770281682943,full_event_available,1,1,,"","",paper_formula,Full Bernoulli event probability uses selected probabilities and non-selected complement probabilities.
15,5,1,no_new_outage,bernoulli_full_event,45,0,45,1,0.933770281682943,0.933770281682943,full_event_available,1,1,,"","",paper_formula,Full Bernoulli event probability uses selected probabilities and non-selected complement probabilities.
15,6,1,no_new_outage,bernoulli_full_event,45,0,45,1,0.933770281682943,0.933770281682943,full_event_available,1,1,,"","",paper_formula,Full Bernoulli event probability uses selected probabilities and non-selected complement probabilities.
15,7,1,no_new_outage,bernoulli_full_event,45,0,45,1,0.933770281682943,0.933770281682943,full_event_available,1,1,,"","",paper_formula,Full Bernoulli event probability uses selected probabilities and non-selected complement probabilities.
15,8,1,no_new_outage,bernoulli_full_event,45,0,45,1,0.933770281682943,0.933770281682943,full_event_available,1,1,,"","",paper_formula,Full Bernoulli event probability uses selected probabilities and non-selected complement probabilities.
15,9,1,no_new_outage,bernoulli_full_event,45,0,45,1,0.933770281682943,0.933770281682943,full_event_available,1,1,,"","",paper_formula,Full Bernoulli event probability uses selected probabilities and non-selected complement probabilities.
15,10,1,no_new_outage,bernoulli_full_event,45,0,45,1,0.933770281682943,0.933770281682943,full_event_available,1,1,,"","",paper_formula,Full Bernoulli event probability uses selected probabilities and non-selected complement probabilities.
16,1,1,continue,bernoulli_full_event,45,1,44,0.001132932034,0.502059655728197,0.000568799466953486,full_event_available,0,1,,"8","0.00016409",paper_formula,Full Bernoulli event probability uses selected probabilities and non-selected complement probabilities.
16,1,2,continue,bernoulli_full_event,44,3,41,1,0.50667342940926,0.50667342940926,full_event_available,0,1,,"9,19,23","0.91309,0.97247,0.70364",paper_formula,Full Bernoulli event probability uses selected probabilities and non-selected complement probabilities.
16,1,3,continue,bernoulli_full_event,31,2,29,1,0.956655944360745,0.956655944360745,full_event_available,0,1,,"3,6","0.10298,0.18689",paper_formula,Full Bernoulli event probability uses selected probabilities and non-selected complement probabilities.
16,1,4,continue,bernoulli_full_event,29,2,27,1,0.959809989593318,0.959809989593318,full_event_available,0,1,,"40,42","0.82342,0.32481",paper_formula,Full Bernoulli event probability uses selected probabilities and non-selected complement probabilities.
16,1,5,max_depth_reached,bernoulli_full_event,17,0,17,NaN,NaN,1,terminal_stage_probability_one,1,0,,"","",,Terminal recording stage excluded from Bernoulli complement product.
16,2,1,no_new_outage,bernoulli_full_event,45,0,45,1,0.501490856261243,0.501490856261243,full_event_available,1,1,,"","",paper_formula,Full Bernoulli event probability uses selected probabilities and non-selected complement probabilities.
16,3,1,continue,bernoulli_full_event,45,1,44,0.463764789130948,0.935206875819474,0.433716019558231,full_event_available,0,1,,"1","0.33821",paper_formula,Full Bernoulli event probability uses selected probabilities and non-selected complement probabilities.
16,3,2,continue,bernoulli_full_event,42,1,41,1,0.939840864669414,0.939840864669414,full_event_available,0,1,,"3","0.4503",paper_formula,Full Bernoulli event probability uses selected probabilities and non-selected complement probabilities.
16,3,3,continue,bernoulli_full_event,41,3,38,1,0.944396779988252,0.944396779988252,full_event_available,0,1,,"4,40,42","0.9611,0.036774,0.29548",paper_formula,Full Bernoulli event probability uses selected probabilities and non-selected complement probabilities.
16,3,4,load_loss_threshold,bernoulli_full_event,32,0,32,NaN,NaN,1,terminal_stage_probability_one,1,0,,"","",,Terminal recording stage excluded from Bernoulli complement product.
16,4,1,continue,bernoulli_full_event,45,1,44,0.463764789130948,0.935206875819474,0.433716019558231,full_event_available,0,1,,"1","0.16486",paper_formula,Full Bernoulli event probability uses selected probabilities and non-selected complement probabilities.
16,4,2,continue,bernoulli_full_event,42,1,41,1,0.939840864669414,0.939840864669414,full_event_available,0,1,,"3","0.14562",paper_formula,Full Bernoulli event probability uses selected probabilities and non-selected complement probabilities.
16,4,3,continue,bernoulli_full_event,41,3,38,1,0.944396779988252,0.944396779988252,full_event_available,0,1,,"4,40,42","0.49609,0.44195,0.40507",paper_formula,Full Bernoulli event probability uses selected probabilities and non-selected complement probabilities.
16,4,4,load_loss_threshold,bernoulli_full_event,32,0,32,NaN,NaN,1,terminal_stage_probability_one,1,0,,"","",,Terminal recording stage excluded from Bernoulli complement product.
16,5,1,continue,bernoulli_full_event,45,1,44,0.463764789130948,0.935206875819474,0.433716019558231,full_event_available,0,1,,"1","0.43869",paper_formula,Full Bernoulli event probability uses selected probabilities and non-selected complement probabilities.
16,5,2,continue,bernoulli_full_event,42,2,40,0.001645904548,0.941390303250979,0.00154943858156389,full_event_available,0,1,,"3,6","0.068798,0.00052318",paper_formula,Full Bernoulli event probability uses selected probabilities and non-selected complement probabilities.
16,5,3,continue,bernoulli_full_event,40,3,37,1,0.945953729533889,0.945953729533889,full_event_available,0,1,,"4,40,42","0.80676,0.85719,0.90389",paper_formula,Full Bernoulli event probability uses selected probabilities and non-selected complement probabilities.
16,5,4,load_loss_threshold,bernoulli_full_event,31,0,31,NaN,NaN,1,terminal_stage_probability_one,1,0,,"","",,Terminal recording stage excluded from Bernoulli complement product.
16,6,1,no_new_outage,bernoulli_full_event,45,0,45,1,0.501490856261243,0.501490856261243,full_event_available,1,1,,"","",paper_formula,Full Bernoulli event probability uses selected probabilities and non-selected complement probabilities.
16,7,1,no_new_outage,bernoulli_full_event,45,0,45,1,0.501490856261243,0.501490856261243,full_event_available,1,1,,"","",paper_formula,Full Bernoulli event probability uses selected probabilities and non-selected complement probabilities.
16,8,1,no_new_outage,bernoulli_full_event,45,0,45,1,0.501490856261243,0.501490856261243,full_event_available,1,1,,"","",paper_formula,Full Bernoulli event probability uses selected probabilities and non-selected complement probabilities.
16,9,1,no_new_outage,bernoulli_full_event,45,0,45,1,0.501490856261243,0.501490856261243,full_event_available,1,1,,"","",paper_formula,Full Bernoulli event probability uses selected probabilities and non-selected complement probabilities.
16,10,1,no_new_outage,bernoulli_full_event,45,0,45,1,0.501490856261243,0.501490856261243,full_event_available,1,1,,"","",paper_formula,Full Bernoulli event probability uses selected probabilities and non-selected complement probabilities.
17,1,1,no_new_outage,bernoulli_full_event,45,0,45,1,0.610971969291621,0.610971969291621,full_event_available,1,1,,"","",paper_formula,Full Bernoulli event probability uses selected probabilities and non-selected complement probabilities.
17,2,1,no_new_outage,bernoulli_full_event,45,0,45,1,0.610971969291621,0.610971969291621,full_event_available,1,1,,"","",paper_formula,Full Bernoulli event probability uses selected probabilities and non-selected complement probabilities.
17,3,1,continue,bernoulli_full_event,45,1,44,0.347130697211333,0.9358258485763,0.324853879284679,full_event_available,0,1,,"1","0.136",paper_formula,Full Bernoulli event probability uses selected probabilities and non-selected complement probabilities.
17,3,2,continue,bernoulli_full_event,43,1,42,1,0.938786406430319,0.938786406430319,full_event_available,0,1,,"3","0.61961",paper_formula,Full Bernoulli event probability uses selected probabilities and non-selected complement probabilities.
17,3,3,continue,bernoulli_full_event,42,3,39,1,0.943337210221636,0.943337210221636,full_event_available,0,1,,"4,40,42","0.17522,0.65235,0.93544",paper_formula,Full Bernoulli event probability uses selected probabilities and non-selected complement probabilities.
17,3,4,load_loss_threshold,bernoulli_full_event,33,0,33,NaN,NaN,1,terminal_stage_probability_one,1,0,,"","",,Terminal recording stage excluded from Bernoulli complement product.
17,4,1,continue,bernoulli_full_event,45,1,44,0.347130697211333,0.9358258485763,0.324853879284679,full_event_available,0,1,,"1","0.15859",paper_formula,Full Bernoulli event probability uses selected probabilities and non-selected complement probabilities.
17,4,2,continue,bernoulli_full_event,43,1,42,1,0.938786406430319,0.938786406430319,full_event_available,0,1,,"3","0.37601",paper_formula,Full Bernoulli event probability uses selected probabilities and non-selected complement probabilities.
17,4,3,continue,bernoulli_full_event,42,3,39,1,0.943337210221636,0.943337210221636,full_event_available,0,1,,"4,40,42","0.41075,0.56037,0.21314",paper_formula,Full Bernoulli event probability uses selected probabilities and non-selected complement probabilities.
17,4,4,load_loss_threshold,bernoulli_full_event,33,0,33,NaN,NaN,1,terminal_stage_probability_one,1,0,,"","",,Terminal recording stage excluded from Bernoulli complement product.
17,5,1,no_new_outage,bernoulli_full_event,45,0,45,1,0.610971969291621,0.610971969291621,full_event_available,1,1,,"","",paper_formula,Full Bernoulli event probability uses selected probabilities and non-selected complement probabilities.
17,6,1,continue,bernoulli_full_event,45,1,44,0.347130697211333,0.9358258485763,0.324853879284679,full_event_available,0,1,,"1","0.21841",paper_formula,Full Bernoulli event probability uses selected probabilities and non-selected complement probabilities.
17,6,2,continue,bernoulli_full_event,43,1,42,1,0.938786406430319,0.938786406430319,full_event_available,0,1,,"3","0.64137",paper_formula,Full Bernoulli event probability uses selected probabilities and non-selected complement probabilities.
17,6,3,continue,bernoulli_full_event,42,3,39,1,0.943337210221636,0.943337210221636,full_event_available,0,1,,"4,40,42","0.96632,0.50093,0.42633",paper_formula,Full Bernoulli event probability uses selected probabilities and non-selected complement probabilities.
17,6,4,load_loss_threshold,bernoulli_full_event,33,0,33,NaN,NaN,1,terminal_stage_probability_one,1,0,,"","",,Terminal recording stage excluded from Bernoulli complement product.
17,7,1,continue,bernoulli_full_event,45,1,44,0.347130697211333,0.9358258485763,0.324853879284679,full_event_available,0,1,,"1","0.057397",paper_formula,Full Bernoulli event probability uses selected probabilities and non-selected complement probabilities.
17,7,2,continue,bernoulli_full_event,43,1,42,1,0.938786406430319,0.938786406430319,full_event_available,0,1,,"3","0.56881",paper_formula,Full Bernoulli event probability uses selected probabilities and non-selected complement probabilities.
17,7,3,continue,bernoulli_full_event,42,3,39,1,0.943337210221636,0.943337210221636,full_event_available,0,1,,"4,40,42","0.56213,0.53415,0.67861",paper_formula,Full Bernoulli event probability uses selected probabilities and non-selected complement probabilities.
17,7,4,load_loss_threshold,bernoulli_full_event,33,0,33,NaN,NaN,1,terminal_stage_probability_one,1,0,,"","",,Terminal recording stage excluded from Bernoulli complement product.
17,8,1,no_new_outage,bernoulli_full_event,45,0,45,1,0.610971969291621,0.610971969291621,full_event_available,1,1,,"","",paper_formula,Full Bernoulli event probability uses selected probabilities and non-selected complement probabilities.
17,9,1,continue,bernoulli_full_event,45,1,44,0.347130697211333,0.9358258485763,0.324853879284679,full_event_available,0,1,,"1","0.072931",paper_formula,Full Bernoulli event probability uses selected probabilities and non-selected complement probabilities.
17,9,2,continue,bernoulli_full_event,43,1,42,1,0.938786406430319,0.938786406430319,full_event_available,0,1,,"3","0.16722",paper_formula,Full Bernoulli event probability uses selected probabilities and non-selected complement probabilities.
17,9,3,continue,bernoulli_full_event,42,3,39,1,0.943337210221636,0.943337210221636,full_event_available,0,1,,"4,40,42","0.44998,0.81642,0.89686",paper_formula,Full Bernoulli event probability uses selected probabilities and non-selected complement probabilities.
17,9,4,load_loss_threshold,bernoulli_full_event,33,0,33,NaN,NaN,1,terminal_stage_probability_one,1,0,,"","",,Terminal recording stage excluded from Bernoulli complement product.
17,10,1,continue,bernoulli_full_event,45,1,44,0.347130697211333,0.9358258485763,0.324853879284679,full_event_available,0,1,,"1","0.099601",paper_formula,Full Bernoulli event probability uses selected probabilities and non-selected complement probabilities.
17,10,2,continue,bernoulli_full_event,43,1,42,1,0.938786406430319,0.938786406430319,full_event_available,0,1,,"3","0.085575",paper_formula,Full Bernoulli event probability uses selected probabilities and non-selected complement probabilities.
17,10,3,continue,bernoulli_full_event,42,3,39,1,0.943337210221636,0.943337210221636,full_event_available,0,1,,"4,40,42","0.81253,0.65247,0.15302",paper_formula,Full Bernoulli event probability uses selected probabilities and non-selected complement probabilities.
17,10,4,load_loss_threshold,bernoulli_full_event,33,0,33,NaN,NaN,1,terminal_stage_probability_one,1,0,,"","",,Terminal recording stage excluded from Bernoulli complement product.
18,1,1,continue,bernoulli_full_event,45,1,44,1,0.93562478250305,0.93562478250305,full_event_available,0,1,,"19","0.84519",paper_formula,Full Bernoulli event probability uses selected probabilities and non-selected complement probabilities.
18,1,2,continue,bernoulli_full_event,43,2,41,0.521687731420797,0.939621083563416,0.49018879147935,full_event_available,0,1,,"8,14","0.39205,0.29509",paper_formula,Full Bernoulli event probability uses selected probabilities and non-selected complement probabilities.
18,1,3,continue,bernoulli_full_event,41,1,40,1,0.501617509075918,0.501617509075918,full_event_available,0,1,,"3","0.12398",paper_formula,Full Bernoulli event probability uses selected probabilities and non-selected complement probabilities.
18,1,4,continue,bernoulli_full_event,40,5,35,1,0.663100308060445,0.663100308060445,full_event_available,0,1,,"25,27,30,40,42","0.63851,0.83956,0.023048,0.32214,0.011576",paper_formula,Full Bernoulli event probability uses selected probabilities and non-selected complement probabilities.
18,1,5,max_depth_reached,bernoulli_full_event,0,0,0,NaN,NaN,1,terminal_stage_probability_one,1,0,,"","",,Terminal recording stage excluded from Bernoulli complement product.
18,2,1,continue,bernoulli_full_event,45,1,44,1,0.93562478250305,0.93562478250305,full_event_available,0,1,,"19","0.59452",paper_formula,Full Bernoulli event probability uses selected probabilities and non-selected complement probabilities.
18,2,2,continue,bernoulli_full_event,43,1,42,1,0.449432292084066,0.449432292084066,full_event_available,0,1,,"14","0.57052",paper_formula,Full Bernoulli event probability uses selected probabilities and non-selected complement probabilities.
18,2,3,continue,bernoulli_full_event,42,2,40,1,0.682963103756866,0.682963103756866,full_event_available,0,1,,"3,6","0.72541,0.53877",paper_formula,Full Bernoulli event probability uses selected probabilities and non-selected complement probabilities.
18,2,4,continue,bernoulli_full_event,40,5,35,0.650390937082533,0.569631180037675,0.370482956976132,full_event_available,0,1,,"24,25,27,40,42","0.56344,0.52708,0.82146,0.39034,0.31235",paper_formula,Full Bernoulli event probability uses selected probabilities and non-selected complement probabilities.
18,2,5,max_depth_reached,bernoulli_full_event,0,0,0,NaN,NaN,1,terminal_stage_probability_one,1,0,,"","",,Terminal recording stage excluded from Bernoulli complement product.
18,3,1,continue,bernoulli_full_event,45,2,43,0.001550096452,0.937077342767323,0.00145256026427322,full_event_available,0,1,,"19,45","0.1294,0.00037748",paper_formula,Full Bernoulli event probability uses selected probabilities and non-selected complement probabilities.
18,3,2,continue,bernoulli_full_event,42,2,40,0.588963405703167,0.941079848097,0.554261592373828,full_event_available,0,1,,"8,14","0.21279,0.24694",paper_formula,Full Bernoulli event probability uses selected probabilities and non-selected complement probabilities.
18,3,3,continue,bernoulli_full_event,40,2,38,0.233055959834418,0.581913840386259,0.135618488612152,full_event_available,0,1,,"3,6","0.0030338,0.10231",paper_formula,Full Bernoulli event probability uses selected probabilities and non-selected complement probabilities.
18,3,4,continue,bernoulli_full_event,38,3,35,1,0.523622817855557,0.523622817855557,full_event_available,0,1,,"25,27,42","0.60927,0.58562,0.55144",paper_formula,Full Bernoulli event probability uses selected probabilities and non-selected complement probabilities.
18,3,5,max_depth_reached,bernoulli_full_event,0,0,0,NaN,NaN,1,terminal_stage_probability_one,1,0,,"","",,Terminal recording stage excluded from Bernoulli complement product.
18,4,1,continue,bernoulli_full_event,45,1,44,1,0.93562478250305,0.93562478250305,full_event_available,0,1,,"19","0.88513",paper_formula,Full Bernoulli event probability uses selected probabilities and non-selected complement probabilities.
18,4,2,continue,bernoulli_full_event,43,2,41,0.521687731420797,0.939621083563416,0.49018879147935,full_event_available,0,1,,"8,14","0.0087122,0.56199",paper_formula,Full Bernoulli event probability uses selected probabilities and non-selected complement probabilities.
18,4,3,continue,bernoulli_full_event,41,3,38,0.0563434122344496,0.863033652706158,0.0486262608666258,full_event_available,0,1,,"3,6,25","0.65351,0.18905,0.11213",paper_formula,Full Bernoulli event probability uses selected probabilities and non-selected complement probabilities.
18,4,4,load_loss_threshold,bernoulli_full_event,0,0,0,NaN,NaN,1,terminal_stage_probability_one,1,0,,"","",,Terminal recording stage excluded from Bernoulli complement product.
18,5,1,continue,bernoulli_full_event,45,1,44,1,0.93562478250305,0.93562478250305,full_event_available,0,1,,"19","0.9856",paper_formula,Full Bernoulli event probability uses selected probabilities and non-selected complement probabilities.
18,5,2,continue,bernoulli_full_event,43,1,42,1,0.449432292084066,0.449432292084066,full_event_available,0,1,,"14","0.60681",paper_formula,Full Bernoulli event probability uses selected probabilities and non-selected complement probabilities.
18,5,3,continue,bernoulli_full_event,42,2,40,1,0.682963103756866,0.682963103756866,full_event_available,0,1,,"3,6","0.96093,0.44574",paper_formula,Full Bernoulli event probability uses selected probabilities and non-selected complement probabilities.
18,5,4,continue,bernoulli_full_event,40,5,35,0.650390937082533,0.569631180037675,0.370482956976132,full_event_available,0,1,,"24,25,27,40,42","0.21513,0.054025,0.65876,0.058261,0.36152",paper_formula,Full Bernoulli event probability uses selected probabilities and non-selected complement probabilities.
18,5,5,max_depth_reached,bernoulli_full_event,0,0,0,NaN,NaN,1,terminal_stage_probability_one,1,0,,"","",,Terminal recording stage excluded from Bernoulli complement product.
18,6,1,continue,bernoulli_full_event,45,1,44,1,0.93562478250305,0.93562478250305,full_event_available,0,1,,"19","0.23364",paper_formula,Full Bernoulli event probability uses selected probabilities and non-selected complement probabilities.
18,6,2,continue,bernoulli_full_event,43,2,41,0.521687731420797,0.939621083563416,0.49018879147935,full_event_available,0,1,,"8,14","0.021306,0.54136",paper_formula,Full Bernoulli event probability uses selected probabilities and non-selected complement probabilities.
18,6,3,continue,bernoulli_full_event,41,2,39,0.001404388306,0.502322965574606,0.000705456498688217,full_event_available,0,1,,"3,26","0.11594,0.00079112",paper_formula,Full Bernoulli event probability uses selected probabilities and non-selected complement probabilities.
18,6,4,continue,bernoulli_full_event,39,5,34,0.001599996502,0.949494836013886,0.00151918841628928,full_event_available,0,1,,"25,27,37,40,42","0.048064,0.91564,0.0011459,0.31716,0.27592",paper_formula,Full Bernoulli event probability uses selected probabilities and non-selected complement probabilities.
18,6,5,max_depth_reached,bernoulli_full_event,0,0,0,NaN,NaN,1,terminal_stage_probability_one,1,0,,"","",,Terminal recording stage excluded from Bernoulli complement product.
18,7,1,continue,bernoulli_full_event,45,1,44,1,0.93562478250305,0.93562478250305,full_event_available,0,1,,"19","0.61021",paper_formula,Full Bernoulli event probability uses selected probabilities and non-selected complement probabilities.
18,7,2,continue,bernoulli_full_event,43,1,42,1,0.449432292084066,0.449432292084066,full_event_available,0,1,,"14","0.32857",paper_formula,Full Bernoulli event probability uses selected probabilities and non-selected complement probabilities.
18,7,3,continue,bernoulli_full_event,42,2,40,1,0.682963103756866,0.682963103756866,full_event_available,0,1,,"3,6","0.24491,0.067496",paper_formula,Full Bernoulli event probability uses selected probabilities and non-selected complement probabilities.
18,7,4,continue,bernoulli_full_event,40,6,34,0.0320915670725988,0.599196724024124,0.0192291618587016,full_event_available,0,1,,"9,24,25,27,40,42","0.0036794,0.44185,0.69811,0.89931,0.017349,0.83951",paper_formula,Full Bernoulli event probability uses selected probabilities and non-selected complement probabilities.
18,7,5,max_depth_reached,bernoulli_full_event,0,0,0,NaN,NaN,1,terminal_stage_probability_one,1,0,,"","",,Terminal recording stage excluded from Bernoulli complement product.
18,8,1,continue,bernoulli_full_event,45,2,43,0.001525146427,0.937053926951646,0.00142914444859662,full_event_available,0,1,,"19,21","0.66912,0.00036428",paper_formula,Full Bernoulli event probability uses selected probabilities and non-selected complement probabilities.
18,8,2,continue,bernoulli_full_event,42,2,40,1,0.941056332266177,0.941056332266177,full_event_available,0,1,,"8,14","0.019196,0.27862",paper_formula,Full Bernoulli event probability uses selected probabilities and non-selected complement probabilities.
18,8,3,continue,bernoulli_full_event,40,1,39,1,0.942102044820045,0.942102044820045,full_event_available,0,1,,"27","0.22932",paper_formula,Full Bernoulli event probability uses selected probabilities and non-selected complement probabilities.
18,8,4,continue,bernoulli_full_event,36,1,35,1,0.947147057288379,0.947147057288379,full_event_available,0,1,,"3","0.52918",paper_formula,Full Bernoulli event probability uses selected probabilities and non-selected complement probabilities.
18,8,5,max_depth_reached,bernoulli_full_event,35,0,35,NaN,NaN,1,terminal_stage_probability_one,1,0,,"","",,Terminal recording stage excluded from Bernoulli complement product.
18,9,1,continue,bernoulli_full_event,45,1,44,1,0.93562478250305,0.93562478250305,full_event_available,0,1,,"19","0.088147",paper_formula,Full Bernoulli event probability uses selected probabilities and non-selected complement probabilities.
18,9,2,continue,bernoulli_full_event,43,1,42,1,0.449432292084066,0.449432292084066,full_event_available,0,1,,"14","0.57325",paper_formula,Full Bernoulli event probability uses selected probabilities and non-selected complement probabilities.
18,9,3,continue,bernoulli_full_event,42,3,39,0.208907607880105,0.863316485608876,0.18035338185201,full_event_available,0,1,,"3,6,25","0.75031,0.92182,0.088933",paper_formula,Full Bernoulli event probability uses selected probabilities and non-selected complement probabilities.
18,9,4,load_loss_threshold,bernoulli_full_event,0,0,0,NaN,NaN,1,terminal_stage_probability_one,1,0,,"","",,Terminal recording stage excluded from Bernoulli complement product.
18,10,1,continue,bernoulli_full_event,45,2,43,0.001361474263,0.93690034821414,0.00127556571108929,full_event_available,0,1,,"12,19","0.00046521,0.9068",paper_formula,Full Bernoulli event probability uses selected probabilities and non-selected complement probabilities.
18,10,2,continue,bernoulli_full_event,42,4,38,1,0.944055160407851,0.944055160407851,full_event_available,0,1,,"8,10,11,14","0.11617,0.65514,0.10255,0.91158",paper_formula,Full Bernoulli event probability uses selected probabilities and non-selected complement probabilities.
18,10,3,continue,bernoulli_full_event,38,2,36,1,0.946558236532959,0.946558236532959,full_event_available,0,1,,"1,27","0.19443,0.26451",paper_formula,Full Bernoulli event probability uses selected probabilities and non-selected complement probabilities.
18,10,4,load_loss_threshold,bernoulli_full_event,29,0,29,NaN,NaN,1,terminal_stage_probability_one,1,0,,"","",,Terminal recording stage excluded from Bernoulli complement product.
19,1,1,continue,bernoulli_full_event,45,2,43,0.780521276925237,0.937124177909645,0.731445359979549,full_event_available,0,1,,"13,18","0.30154,0.1838",paper_formula,Full Bernoulli event probability uses selected probabilities and non-selected complement probabilities.
19,1,2,continue,bernoulli_full_event,42,2,40,1,0.941126883284609,0.941126883284609,full_event_available,0,1,,"8,14","0.80502,0.0080634",paper_formula,Full Bernoulli event probability uses selected probabilities and non-selected complement probabilities.
19,1,3,continue,bernoulli_full_event,40,1,39,1,0.942172674235575,0.942172674235575,full_event_available,0,1,,"27","0.48942",paper_formula,Full Bernoulli event probability uses selected probabilities and non-selected complement probabilities.
19,1,4,continue,bernoulli_full_event,36,1,35,1,0.94721806492863,0.94721806492863,full_event_available,0,1,,"3","0.12442",paper_formula,Full Bernoulli event probability uses selected probabilities and non-selected complement probabilities.
19,1,5,max_depth_reached,bernoulli_full_event,35,0,35,NaN,NaN,1,terminal_stage_probability_one,1,0,,"","",,Terminal recording stage excluded from Bernoulli complement product.
19,2,1,continue,bernoulli_full_event,45,3,42,0.00128466351950201,0.938669137712473,0.00120587399810163,full_event_available,0,1,,"6,13,18","0.0010788,0.54117,0.061326",paper_formula,Full Bernoulli event probability uses selected probabilities and non-selected complement probabilities.
19,2,2,continue,bernoulli_full_event,41,2,39,1,0.942678442019631,0.942678442019631,full_event_available,0,1,,"8,14","0.67172,0.030023",paper_formula,Full Bernoulli event probability uses selected probabilities and non-selected complement probabilities.
19,2,3,continue,bernoulli_full_event,39,2,37,1,0.945206210942289,0.945206210942289,full_event_available,0,1,,"25,27","0.39976,0.21365",paper_formula,Full Bernoulli event probability uses selected probabilities and non-selected complement probabilities.
19,2,4,load_loss_threshold,bernoulli_full_event,29,0,29,NaN,NaN,1,terminal_stage_probability_one,1,0,,"","",,Terminal recording stage excluded from Bernoulli complement product.
19,3,1,continue,bernoulli_full_event,45,1,44,1,0.205678817930096,0.205678817930096,full_event_available,0,1,,"18","0.8154",paper_formula,Full Bernoulli event probability uses selected probabilities and non-selected complement probabilities.
19,3,2,continue,bernoulli_full_event,43,2,41,0.521687731420797,0.939621083563416,0.49018879147935,full_event_available,0,1,,"8,14","0.097406,0.87477",paper_formula,Full Bernoulli event probability uses selected probabilities and non-selected complement probabilities.
19,3,3,continue,bernoulli_full_event,41,2,39,0.22803242311535,0.649790903265969,0.148173394190051,full_event_available,0,1,,"3,25","0.3501,0.15019",paper_formula,Full Bernoulli event probability uses selected probabilities and non-selected complement probabilities.
19,3,4,load_loss_threshold,bernoulli_full_event,0,0,0,NaN,NaN,1,terminal_stage_probability_one,1,0,,"","",,Terminal recording stage excluded from Bernoulli complement product.
19,4,1,continue,bernoulli_full_event,45,2,43,0.780521276925237,0.937124177909645,0.731445359979549,full_event_available,0,1,,"13,18","0.11517,0.51591",paper_formula,Full Bernoulli event probability uses selected probabilities and non-selected complement probabilities.
19,4,2,continue,bernoulli_full_event,42,2,40,1,0.941126883284609,0.941126883284609,full_event_available,0,1,,"8,14","0.34637,0.49185",paper_formula,Full Bernoulli event probability uses selected probabilities and non-selected complement probabilities.
19,4,3,continue,bernoulli_full_event,40,1,39,1,0.942172674235575,0.942172674235575,full_event_available,0,1,,"27","0.80258",paper_formula,Full Bernoulli event probability uses selected probabilities and non-selected complement probabilities.
19,4,4,continue,bernoulli_full_event,36,1,35,1,0.94721806492863,0.94721806492863,full_event_available,0,1,,"3","0.46005",paper_formula,Full Bernoulli event probability uses selected probabilities and non-selected complement probabilities.
19,4,5,max_depth_reached,bernoulli_full_event,35,0,35,NaN,NaN,1,terminal_stage_probability_one,1,0,,"","",,Terminal recording stage excluded from Bernoulli complement product.
19,5,1,continue,bernoulli_full_event,45,1,44,1,0.205678817930096,0.205678817930096,full_event_available,0,1,,"18","0.88195",paper_formula,Full Bernoulli event probability uses selected probabilities and non-selected complement probabilities.
19,5,2,continue,bernoulli_full_event,43,1,42,1,0.449432292084066,0.449432292084066,full_event_available,0,1,,"14","0.75443",paper_formula,Full Bernoulli event probability uses selected probabilities and non-selected complement probabilities.
19,5,3,continue,bernoulli_full_event,42,3,39,0.208907607880105,0.863316485608876,0.18035338185201,full_event_available,0,1,,"3,6,25","0.20382,0.87741,0.086714",paper_formula,Full Bernoulli event probability uses selected probabilities and non-selected complement probabilities.
19,5,4,load_loss_threshold,bernoulli_full_event,0,0,0,NaN,NaN,1,terminal_stage_probability_one,1,0,,"","",,Terminal recording stage excluded from Bernoulli complement product.
19,6,1,continue,bernoulli_full_event,45,2,43,0.780521276925237,0.937124177909645,0.731445359979549,full_event_available,0,1,,"13,18","0.59594,0.76921",paper_formula,Full Bernoulli event probability uses selected probabilities and non-selected complement probabilities.
19,6,2,continue,bernoulli_full_event,42,2,40,1,0.941126883284609,0.941126883284609,full_event_available,0,1,,"8,14","0.72578,0.24782",paper_formula,Full Bernoulli event probability uses selected probabilities and non-selected complement probabilities.
19,6,3,continue,bernoulli_full_event,40,1,39,1,0.942172674235575,0.942172674235575,full_event_available,0,1,,"27","0.96113",paper_formula,Full Bernoulli event probability uses selected probabilities and non-selected complement probabilities.
19,6,4,continue,bernoulli_full_event,36,1,35,1,0.94721806492863,0.94721806492863,full_event_available,0,1,,"3","0.022949",paper_formula,Full Bernoulli event probability uses selected probabilities and non-selected complement probabilities.
19,6,5,max_depth_reached,bernoulli_full_event,35,0,35,NaN,NaN,1,terminal_stage_probability_one,1,0,,"","",,Terminal recording stage excluded from Bernoulli complement product.
19,7,1,continue,bernoulli_full_event,45,2,43,0.780521276925237,0.937124177909645,0.731445359979549,full_event_available,0,1,,"13,18","0.75047,0.33082",paper_formula,Full Bernoulli event probability uses selected probabilities and non-selected complement probabilities.
19,7,2,continue,bernoulli_full_event,42,2,40,1,0.941126883284609,0.941126883284609,full_event_available,0,1,,"8,14","0.31811,0.44665",paper_formula,Full Bernoulli event probability uses selected probabilities and non-selected complement probabilities.
19,7,3,continue,bernoulli_full_event,40,1,39,1,0.942172674235575,0.942172674235575,full_event_available,0,1,,"27","0.94956",paper_formula,Full Bernoulli event probability uses selected probabilities and non-selected complement probabilities.
19,7,4,continue,bernoulli_full_event,36,1,35,1,0.94721806492863,0.94721806492863,full_event_available,0,1,,"3","0.62901",paper_formula,Full Bernoulli event probability uses selected probabilities and non-selected complement probabilities.
19,7,5,max_depth_reached,bernoulli_full_event,35,0,35,NaN,NaN,1,terminal_stage_probability_one,1,0,,"","",,Terminal recording stage excluded from Bernoulli complement product.
19,8,1,continue,bernoulli_full_event,45,2,43,0.780521276925237,0.937124177909645,0.731445359979549,full_event_available,0,1,,"13,18","0.45341,0.66504",paper_formula,Full Bernoulli event probability uses selected probabilities and non-selected complement probabilities.
19,8,2,continue,bernoulli_full_event,42,2,40,1,0.941126883284609,0.941126883284609,full_event_available,0,1,,"8,14","0.42333,0.36749",paper_formula,Full Bernoulli event probability uses selected probabilities and non-selected complement probabilities.
19,8,3,continue,bernoulli_full_event,40,1,39,1,0.942172674235575,0.942172674235575,full_event_available,0,1,,"27","0.60494",paper_formula,Full Bernoulli event probability uses selected probabilities and non-selected complement probabilities.
19,8,4,continue,bernoulli_full_event,36,1,35,1,0.94721806492863,0.94721806492863,full_event_available,0,1,,"3","0.11999",paper_formula,Full Bernoulli event probability uses selected probabilities and non-selected complement probabilities.
19,8,5,max_depth_reached,bernoulli_full_event,35,0,35,NaN,NaN,1,terminal_stage_probability_one,1,0,,"","",,Terminal recording stage excluded from Bernoulli complement product.
19,9,1,continue,bernoulli_full_event,45,2,43,0.780521276925237,0.937124177909645,0.731445359979549,full_event_available,0,1,,"13,18","0.64784,0.93159",paper_formula,Full Bernoulli event probability uses selected probabilities and non-selected complement probabilities.
19,9,2,continue,bernoulli_full_event,42,2,40,1,0.941126883284609,0.941126883284609,full_event_available,0,1,,"8,14","0.37113,0.91329",paper_formula,Full Bernoulli event probability uses selected probabilities and non-selected complement probabilities.
19,9,3,continue,bernoulli_full_event,40,1,39,1,0.942172674235575,0.942172674235575,full_event_available,0,1,,"27","0.40693",paper_formula,Full Bernoulli event probability uses selected probabilities and non-selected complement probabilities.
19,9,4,continue,bernoulli_full_event,36,1,35,1,0.94721806492863,0.94721806492863,full_event_available,0,1,,"3","0.29678",paper_formula,Full Bernoulli event probability uses selected probabilities and non-selected complement probabilities.
19,9,5,max_depth_reached,bernoulli_full_event,35,0,35,NaN,NaN,1,terminal_stage_probability_one,1,0,,"","",,Terminal recording stage excluded from Bernoulli complement product.
19,10,1,continue,bernoulli_full_event,45,2,43,0.780521276925237,0.937124177909645,0.731445359979549,full_event_available,0,1,,"13,18","0.75674,0.50279",paper_formula,Full Bernoulli event probability uses selected probabilities and non-selected complement probabilities.
19,10,2,continue,bernoulli_full_event,42,2,40,1,0.941126883284609,0.941126883284609,full_event_available,0,1,,"8,14","0.85991,0.46581",paper_formula,Full Bernoulli event probability uses selected probabilities and non-selected complement probabilities.
19,10,3,continue,bernoulli_full_event,40,1,39,1,0.942172674235575,0.942172674235575,full_event_available,0,1,,"27","0.42566",paper_formula,Full Bernoulli event probability uses selected probabilities and non-selected complement probabilities.
19,10,4,continue,bernoulli_full_event,36,1,35,1,0.94721806492863,0.94721806492863,full_event_available,0,1,,"3","0.021126",paper_formula,Full Bernoulli event probability uses selected probabilities and non-selected complement probabilities.
19,10,5,max_depth_reached,bernoulli_full_event,35,0,35,NaN,NaN,1,terminal_stage_probability_one,1,0,,"","",,Terminal recording stage excluded from Bernoulli complement product.
20,1,1,continue,bernoulli_full_event,45,1,44,1,0.935645314731291,0.935645314731291,full_event_available,0,1,,"14","0.55703",paper_formula,Full Bernoulli event probability uses selected probabilities and non-selected complement probabilities.
20,1,2,continue,bernoulli_full_event,44,2,42,1,0.655267731541475,0.655267731541475,full_event_available,0,1,,"3,6","0.40543,0.88317",paper_formula,Full Bernoulli event probability uses selected probabilities and non-selected complement probabilities.
20,1,3,continue,bernoulli_full_event,42,5,37,0.448584572450833,0.945587862231892,0.42417612689399,full_event_available,0,1,,"24,25,27,40,42","0.015216,0.73704,0.25656,0.020268,0.72691",paper_formula,Full Bernoulli event probability uses selected probabilities and non-selected complement probabilities.
20,1,4,load_loss_threshold,bernoulli_full_event,0,0,0,NaN,NaN,1,terminal_stage_probability_one,1,0,,"","",,Terminal recording stage excluded from Bernoulli complement product.
20,2,1,continue,bernoulli_full_event,45,1,44,1,0.935645314731291,0.935645314731291,full_event_available,0,1,,"14","0.11104",paper_formula,Full Bernoulli event probability uses selected probabilities and non-selected complement probabilities.
20,2,2,continue,bernoulli_full_event,44,2,42,1,0.655267731541475,0.655267731541475,full_event_available,0,1,,"3,6","0.0070742,0.54889",paper_formula,Full Bernoulli event probability uses selected probabilities and non-selected complement probabilities.
20,2,3,continue,bernoulli_full_event,42,5,37,0.448584572450833,0.945587862231892,0.42417612689399,full_event_available,0,1,,"24,25,27,40,42","0.094119,0.52386,0.082875,0.98937,0.79499",paper_formula,Full Bernoulli event probability uses selected probabilities and non-selected complement probabilities.
20,2,4,load_loss_threshold,bernoulli_full_event,0,0,0,NaN,NaN,1,terminal_stage_probability_one,1,0,,"","",,Terminal recording stage excluded from Bernoulli complement product.
20,3,1,continue,bernoulli_full_event,45,2,43,0.0016978006,0.937236555517591,0.0015912407862997,full_event_available,0,1,,"14,29","0.5791,0.00042465",paper_formula,Full Bernoulli event probability uses selected probabilities and non-selected complement probabilities.
20,3,2,continue,bernoulli_full_event,43,3,40,0.297843896002866,0.709920239302608,0.211445409925176,full_event_available,0,1,,"3,6,27","0.25391,0.30115,0.14629",paper_formula,Full Bernoulli event probability uses selected probabilities and non-selected complement probabilities.
20,3,3,load_loss_threshold,bernoulli_full_event,37,0,37,NaN,NaN,1,terminal_stage_probability_one,1,0,,"","",,Terminal recording stage excluded from Bernoulli complement product.
20,4,1,continue,bernoulli_full_event,45,1,44,1,0.935645314731291,0.935645314731291,full_event_available,0,1,,"14","0.12547",paper_formula,Full Bernoulli event probability uses selected probabilities and non-selected complement probabilities.
20,4,2,continue,bernoulli_full_event,44,2,42,1,0.655267731541475,0.655267731541475,full_event_available,0,1,,"3,6","0.27553,0.4534",paper_formula,Full Bernoulli event probability uses selected probabilities and non-selected complement probabilities.
20,4,3,continue,bernoulli_full_event,42,4,38,1,0.521411735337902,0.521411735337902,full_event_available,0,1,,"25,27,40,42","0.59736,0.40098,0.9748,0.84321",paper_formula,Full Bernoulli event probability uses selected probabilities and non-selected complement probabilities.
20,4,4,load_loss_threshold,bernoulli_full_event,0,0,0,NaN,NaN,1,terminal_stage_probability_one,1,0,,"","",,Terminal recording stage excluded from Bernoulli complement product.
20,5,1,continue,bernoulli_full_event,45,1,44,1,0.935645314731291,0.935645314731291,full_event_available,0,1,,"14","0.98884",paper_formula,Full Bernoulli event probability uses selected probabilities and non-selected complement probabilities.
20,5,2,continue,bernoulli_full_event,44,2,42,1,0.655267731541475,0.655267731541475,full_event_available,0,1,,"3,6","0.72338,0.96788",paper_formula,Full Bernoulli event probability uses selected probabilities and non-selected complement probabilities.
20,5,3,continue,bernoulli_full_event,42,5,37,0.001575046477,0.522234278598577,0.000822543260675326,full_event_available,0,1,,"5,25,27,40,42","0.00023227,0.32971,0.37951,0.50694,0.66481",paper_formula,Full Bernoulli event probability uses selected probabilities and non-selected complement probabilities.
20,5,4,load_loss_threshold,bernoulli_full_event,0,0,0,NaN,NaN,1,terminal_stage_probability_one,1,0,,"","",,Terminal recording stage excluded from Bernoulli complement product.
20,6,1,continue,bernoulli_full_event,45,1,44,1,0.935645314731291,0.935645314731291,full_event_available,0,1,,"14","0.92725",paper_formula,Full Bernoulli event probability uses selected probabilities and non-selected complement probabilities.
20,6,2,continue,bernoulli_full_event,44,2,42,1,0.655267731541475,0.655267731541475,full_event_available,0,1,,"3,6","0.49809,0.23328",paper_formula,Full Bernoulli event probability uses selected probabilities and non-selected complement probabilities.
20,6,3,continue,bernoulli_full_event,42,4,38,1,0.521411735337902,0.521411735337902,full_event_available,0,1,,"25,27,40,42","0.88589,0.23712,0.028421,0.17214",paper_formula,Full Bernoulli event probability uses selected probabilities and non-selected complement probabilities.
20,6,4,load_loss_threshold,bernoulli_full_event,0,0,0,NaN,NaN,1,terminal_stage_probability_one,1,0,,"","",,Terminal recording stage excluded from Bernoulli complement product.
20,7,1,continue,bernoulli_full_event,45,1,44,1,0.935645314731291,0.935645314731291,full_event_available,0,1,,"14","0.54162",paper_formula,Full Bernoulli event probability uses selected probabilities and non-selected complement probabilities.
20,7,2,continue,bernoulli_full_event,44,2,42,1,0.655267731541475,0.655267731541475,full_event_available,0,1,,"3,6","0.80209,0.96397",paper_formula,Full Bernoulli event probability uses selected probabilities and non-selected complement probabilities.
20,7,3,continue,bernoulli_full_event,42,5,37,0.00174770065,0.522324602385001,0.000912867047099258,full_event_available,0,1,,"25,27,30,40,42","0.70775,0.95355,0.0008192,0.67317,0.84618",paper_formula,Full Bernoulli event probability uses selected probabilities and non-selected complement probabilities.
20,7,4,load_loss_threshold,bernoulli_full_event,0,0,0,NaN,NaN,1,terminal_stage_probability_one,1,0,,"","",,Terminal recording stage excluded from Bernoulli complement product.
20,8,1,continue,bernoulli_full_event,45,1,44,1,0.935645314731291,0.935645314731291,full_event_available,0,1,,"14","0.74876",paper_formula,Full Bernoulli event probability uses selected probabilities and non-selected complement probabilities.
20,8,2,continue,bernoulli_full_event,44,2,42,1,0.655267731541475,0.655267731541475,full_event_available,0,1,,"3,6","0.53968,0.72234",paper_formula,Full Bernoulli event probability uses selected probabilities and non-selected complement probabilities.
20,8,3,continue,bernoulli_full_event,42,5,37,0.448584572450833,0.945587862231892,0.42417612689399,full_event_available,0,1,,"24,25,27,40,42","0.096908,0.75186,0.52567,0.39983,0.43817",paper_formula,Full Bernoulli event probability uses selected probabilities and non-selected complement probabilities.
20,8,4,load_loss_threshold,bernoulli_full_event,0,0,0,NaN,NaN,1,terminal_stage_probability_one,1,0,,"","",,Terminal recording stage excluded from Bernoulli complement product.
20,9,1,continue,bernoulli_full_event,45,1,44,1,0.935645314731291,0.935645314731291,full_event_available,0,1,,"14","0.90388",paper_formula,Full Bernoulli event probability uses selected probabilities and non-selected complement probabilities.
20,9,2,continue,bernoulli_full_event,44,3,41,0.302940462707261,0.940045572127776,0.2847778405863,full_event_available,0,1,,"3,6,25","0.38385,0.95805,0.15451",paper_formula,Full Bernoulli event probability uses selected probabilities and non-selected complement probabilities.
20,9,3,load_loss_threshold,bernoulli_full_event,0,0,0,NaN,NaN,1,terminal_stage_probability_one,1,0,,"","",,Terminal recording stage excluded from Bernoulli complement product.
20,10,1,continue,bernoulli_full_event,45,1,44,1,0.935645314731291,0.935645314731291,full_event_available,0,1,,"14","0.48017",paper_formula,Full Bernoulli event probability uses selected probabilities and non-selected complement probabilities.
20,10,2,continue,bernoulli_full_event,44,3,41,0.302940462707261,0.940045572127776,0.2847778405863,full_event_available,0,1,,"3,6,25","0.62747,0.61696,0.22358",paper_formula,Full Bernoulli event probability uses selected probabilities and non-selected complement probabilities.
20,10,3,load_loss_threshold,bernoulli_full_event,0,0,0,NaN,NaN,1,terminal_stage_probability_one,1,0,,"","",,Terminal recording stage excluded from Bernoulli complement product.
21,1,1,no_new_outage,bernoulli_full_event,45,0,45,1,0.934147345845658,0.934147345845658,full_event_available,1,1,,"","",paper_formula,Full Bernoulli event probability uses selected probabilities and non-selected complement probabilities.
21,2,1,no_new_outage,bernoulli_full_event,45,0,45,1,0.934147345845658,0.934147345845658,full_event_available,1,1,,"","",paper_formula,Full Bernoulli event probability uses selected probabilities and non-selected complement probabilities.
21,3,1,no_new_outage,bernoulli_full_event,45,0,45,1,0.934147345845658,0.934147345845658,full_event_available,1,1,,"","",paper_formula,Full Bernoulli event probability uses selected probabilities and non-selected complement probabilities.
21,4,1,no_new_outage,bernoulli_full_event,45,0,45,1,0.934147345845658,0.934147345845658,full_event_available,1,1,,"","",paper_formula,Full Bernoulli event probability uses selected probabilities and non-selected complement probabilities.
21,5,1,no_new_outage,bernoulli_full_event,45,0,45,1,0.934147345845658,0.934147345845658,full_event_available,1,1,,"","",paper_formula,Full Bernoulli event probability uses selected probabilities and non-selected complement probabilities.
21,6,1,no_new_outage,bernoulli_full_event,45,0,45,1,0.934147345845658,0.934147345845658,full_event_available,1,1,,"","",paper_formula,Full Bernoulli event probability uses selected probabilities and non-selected complement probabilities.
21,7,1,continue,bernoulli_full_event,45,1,44,0.001123950025,0.935198462180606,0.00105111633494785,full_event_available,0,1,,"33","0.00098838",paper_formula,Full Bernoulli event probability uses selected probabilities and non-selected complement probabilities.
21,7,2,continue,bernoulli_full_event,44,4,40,0.862468587405448,0.940758255145739,0.811374443405559,full_event_available,0,1,,"8,14,19,23","0.72709,0.049023,0.56962,0.30669",paper_formula,Full Bernoulli event probability uses selected probabilities and non-selected complement probabilities.
21,7,3,continue,bernoulli_full_event,39,6,33,1,0.950954652819032,0.950954652819032,full_event_available,0,1,,"1,2,3,6,13,18","0.48014,0.66511,0.74863,0.34837,0.085056,0.97004",paper_formula,Full Bernoulli event probability uses selected probabilities and non-selected complement probabilities.
21,7,4,load_loss_threshold,bernoulli_full_event,26,0,26,NaN,NaN,1,terminal_stage_probability_one,1,0,,"","",,Terminal recording stage excluded from Bernoulli complement product.
21,8,1,no_new_outage,bernoulli_full_event,45,0,45,1,0.934147345845658,0.934147345845658,full_event_available,1,1,,"","",paper_formula,Full Bernoulli event probability uses selected probabilities and non-selected complement probabilities.
21,9,1,no_new_outage,bernoulli_full_event,45,0,45,1,0.934147345845658,0.934147345845658,full_event_available,1,1,,"","",paper_formula,Full Bernoulli event probability uses selected probabilities and non-selected complement probabilities.
21,10,1,no_new_outage,bernoulli_full_event,45,0,45,1,0.934147345845658,0.934147345845658,full_event_available,1,1,,"","",paper_formula,Full Bernoulli event probability uses selected probabilities and non-selected complement probabilities.
22,1,1,no_new_outage,bernoulli_full_event,45,0,45,1,0.934135207851109,0.934135207851109,full_event_available,1,1,,"","",paper_formula,Full Bernoulli event probability uses selected probabilities and non-selected complement probabilities.
22,2,1,no_new_outage,bernoulli_full_event,45,0,45,1,0.934135207851109,0.934135207851109,full_event_available,1,1,,"","",paper_formula,Full Bernoulli event probability uses selected probabilities and non-selected complement probabilities.
22,3,1,no_new_outage,bernoulli_full_event,45,0,45,1,0.934135207851109,0.934135207851109,full_event_available,1,1,,"","",paper_formula,Full Bernoulli event probability uses selected probabilities and non-selected complement probabilities.
22,4,1,no_new_outage,bernoulli_full_event,45,0,45,1,0.934135207851109,0.934135207851109,full_event_available,1,1,,"","",paper_formula,Full Bernoulli event probability uses selected probabilities and non-selected complement probabilities.
22,5,1,no_new_outage,bernoulli_full_event,45,0,45,1,0.934135207851109,0.934135207851109,full_event_available,1,1,,"","",paper_formula,Full Bernoulli event probability uses selected probabilities and non-selected complement probabilities.
22,6,1,no_new_outage,bernoulli_full_event,45,0,45,1,0.934135207851109,0.934135207851109,full_event_available,1,1,,"","",paper_formula,Full Bernoulli event probability uses selected probabilities and non-selected complement probabilities.
22,7,1,no_new_outage,bernoulli_full_event,45,0,45,1,0.934135207851109,0.934135207851109,full_event_available,1,1,,"","",paper_formula,Full Bernoulli event probability uses selected probabilities and non-selected complement probabilities.
22,8,1,no_new_outage,bernoulli_full_event,45,0,45,1,0.934135207851109,0.934135207851109,full_event_available,1,1,,"","",paper_formula,Full Bernoulli event probability uses selected probabilities and non-selected complement probabilities.
22,9,1,no_new_outage,bernoulli_full_event,45,0,45,1,0.934135207851109,0.934135207851109,full_event_available,1,1,,"","",paper_formula,Full Bernoulli event probability uses selected probabilities and non-selected complement probabilities.
22,10,1,no_new_outage,bernoulli_full_event,45,0,45,1,0.934135207851109,0.934135207851109,full_event_available,1,1,,"","",paper_formula,Full Bernoulli event probability uses selected probabilities and non-selected complement probabilities.
23,1,1,continue,bernoulli_full_event,45,3,42,0.721214428201382,0.937951705258466,0.676464302788496,full_event_available,0,1,,"8,13,18","0.25838,0.87471,0.26101",paper_formula,Full Bernoulli event probability uses selected probabilities and non-selected complement probabilities.
23,1,2,continue,bernoulli_full_event,38,1,37,1,0.720076212732076,0.720076212732076,full_event_available,0,1,,"3","0.78061",paper_formula,Full Bernoulli event probability uses selected probabilities and non-selected complement probabilities.
23,1,3,continue,bernoulli_full_event,37,9,28,0.000596139183973489,0.958658373339446,0.00057149382039193,full_event_available,0,1,,"4,7,25,26,27,30,31,40,42","0.27441,0.14456,0.41387,0.00092537,0.59222,0.57961,0.70734,0.78502,0.55834",paper_formula,Full Bernoulli event probability uses selected probabilities and non-selected complement probabilities.
23,1,4,load_loss_threshold,bernoulli_full_event,10,0,10,NaN,NaN,1,terminal_stage_probability_one,1,0,,"","",,Terminal recording stage excluded from Bernoulli complement product.
23,2,1,continue,bernoulli_full_event,45,3,42,0.721214428201382,0.937951705258466,0.676464302788496,full_event_available,0,1,,"8,13,18","0.02272,0.23557,0.31282",paper_formula,Full Bernoulli event probability uses selected probabilities and non-selected complement probabilities.
23,2,2,continue,bernoulli_full_event,38,1,37,1,0.720076212732076,0.720076212732076,full_event_available,0,1,,"3","0.8573",paper_formula,Full Bernoulli event probability uses selected probabilities and non-selected complement probabilities.
23,2,3,continue,bernoulli_full_event,37,7,30,0.926059992221031,0.518503712779247,0.480165544222926,full_event_available,0,1,,"4,25,27,30,31,40,42","0.37735,0.13069,0.56456,0.25618,0.8163,0.7779,0.4151",paper_formula,Full Bernoulli event probability uses selected probabilities and non-selected complement probabilities.
23,2,4,load_loss_threshold,bernoulli_full_event,10,0,10,NaN,NaN,1,terminal_stage_probability_one,1,0,,"","",,Terminal recording stage excluded from Bernoulli complement product.
23,3,1,continue,bernoulli_full_event,45,2,43,1,0.261487402469971,0.261487402469971,full_event_available,0,1,,"8,13","0.85892,0.30065",paper_formula,Full Bernoulli event probability uses selected probabilities and non-selected complement probabilities.
23,3,2,continue,bernoulli_full_event,38,1,37,1,0.720076212732076,0.720076212732076,full_event_available,0,1,,"3","0.13628",paper_formula,Full Bernoulli event probability uses selected probabilities and non-selected complement probabilities.
23,3,3,continue,bernoulli_full_event,37,7,30,0.926059992221031,0.518503712779247,0.480165544222926,full_event_available,0,1,,"4,25,27,30,31,40,42","0.023983,0.52573,0.32008,0.96339,0.381,0.99164,0.66201",paper_formula,Full Bernoulli event probability uses selected probabilities and non-selected complement probabilities.
23,3,4,load_loss_threshold,bernoulli_full_event,10,0,10,NaN,NaN,1,terminal_stage_probability_one,1,0,,"","",,Terminal recording stage excluded from Bernoulli complement product.
23,4,1,continue,bernoulli_full_event,45,3,42,0.721214428201382,0.937951705258466,0.676464302788496,full_event_available,0,1,,"8,13,18","0.22702,0.11541,0.70022",paper_formula,Full Bernoulli event probability uses selected probabilities and non-selected complement probabilities.
23,4,2,continue,bernoulli_full_event,38,1,37,1,0.720076212732076,0.720076212732076,full_event_available,0,1,,"3","0.2607",paper_formula,Full Bernoulli event probability uses selected probabilities and non-selected complement probabilities.
23,4,3,continue,bernoulli_full_event,37,7,30,0.926059992221031,0.518503712779247,0.480165544222926,full_event_available,0,1,,"4,25,27,30,31,40,42","0.49955,0.061106,0.18598,0.62239,0.63624,0.24039,0.13618",paper_formula,Full Bernoulli event probability uses selected probabilities and non-selected complement probabilities.
23,4,4,load_loss_threshold,bernoulli_full_event,10,0,10,NaN,NaN,1,terminal_stage_probability_one,1,0,,"","",,Terminal recording stage excluded from Bernoulli complement product.
23,5,1,continue,bernoulli_full_event,45,3,42,0.001599996502,0.261906451876825,0.000419049406854151,full_event_available,0,1,,"8,13,37","0.96499,0.42106,1.6942e-05",paper_formula,Full Bernoulli event probability uses selected probabilities and non-selected complement probabilities.
23,5,2,continue,bernoulli_full_event,37,2,35,0.79558889767243,0.948008791547437,0.754225269450999,full_event_available,0,1,,"3,27","0.37252,0.6702",paper_formula,Full Bernoulli event probability uses selected probabilities and non-selected complement probabilities.
23,5,3,load_loss_threshold,bernoulli_full_event,0,0,0,NaN,NaN,1,terminal_stage_probability_one,1,0,,"","",,Terminal recording stage excluded from Bernoulli complement product.
23,6,1,continue,bernoulli_full_event,45,2,43,1,0.261487402469971,0.261487402469971,full_event_available,0,1,,"8,13","0.84572,0.65991",paper_formula,Full Bernoulli event probability uses selected probabilities and non-selected complement probabilities.
23,6,2,continue,bernoulli_full_event,38,2,36,0.239493927046007,0.94683821515734,0.226762002425263,full_event_available,0,1,,"3,14","0.91764,0.19456",paper_formula,Full Bernoulli event probability uses selected probabilities and non-selected complement probabilities.
23,6,3,continue,bernoulli_full_event,36,1,35,1,0.37147393930989,0.37147393930989,full_event_available,0,1,,"27","0.91626",paper_formula,Full Bernoulli event probability uses selected probabilities and non-selected complement probabilities.
23,6,4,load_loss_threshold,bernoulli_full_event,32,0,32,NaN,NaN,1,terminal_stage_probability_one,1,0,,"","",,Terminal recording stage excluded from Bernoulli complement product.
23,7,1,continue,bernoulli_full_event,45,3,42,0.721214428201382,0.937951705258466,0.676464302788496,full_event_available,0,1,,"8,13,18","0.33437,0.87672,0.59348",paper_formula,Full Bernoulli event probability uses selected probabilities and non-selected complement probabilities.
23,7,2,continue,bernoulli_full_event,38,1,37,1,0.720076212732076,0.720076212732076,full_event_available,0,1,,"3","0.16716",paper_formula,Full Bernoulli event probability uses selected probabilities and non-selected complement probabilities.
23,7,3,continue,bernoulli_full_event,37,7,30,0.926059992221031,0.518503712779247,0.480165544222926,full_event_available,0,1,,"4,25,27,30,31,40,42","0.28889,0.12613,0.5228,0.31316,0.19666,0.79816,0.72037",paper_formula,Full Bernoulli event probability uses selected probabilities and non-selected complement probabilities.
23,7,4,load_loss_threshold,bernoulli_full_event,10,0,10,NaN,NaN,1,terminal_stage_probability_one,1,0,,"","",,Terminal recording stage excluded from Bernoulli complement product.
23,8,1,continue,bernoulli_full_event,45,3,42,0.721214428201382,0.937951705258466,0.676464302788496,full_event_available,0,1,,"8,13,18","0.96221,0.643,0.69192",paper_formula,Full Bernoulli event probability uses selected probabilities and non-selected complement probabilities.
23,8,2,continue,bernoulli_full_event,38,1,37,1,0.720076212732076,0.720076212732076,full_event_available,0,1,,"3","0.047588",paper_formula,Full Bernoulli event probability uses selected probabilities and non-selected complement probabilities.
23,8,3,continue,bernoulli_full_event,37,7,30,0.926059992221031,0.518503712779247,0.480165544222926,full_event_available,0,1,,"4,25,27,30,31,40,42","0.015129,0.73941,0.2911,0.9009,0.1819,0.90741,0.99635",paper_formula,Full Bernoulli event probability uses selected probabilities and non-selected complement probabilities.
23,8,4,load_loss_threshold,bernoulli_full_event,10,0,10,NaN,NaN,1,terminal_stage_probability_one,1,0,,"","",,Terminal recording stage excluded from Bernoulli complement product.
23,9,1,continue,bernoulli_full_event,45,3,42,0.721214428201382,0.937951705258466,0.676464302788496,full_event_available,0,1,,"8,13,18","0.71671,0.035942,0.37971",paper_formula,Full Bernoulli event probability uses selected probabilities and non-selected complement probabilities.
23,9,2,continue,bernoulli_full_event,38,2,36,0.239493927046007,0.94683821515734,0.226762002425263,full_event_available,0,1,,"3,14","0.96444,0.19802",paper_formula,Full Bernoulli event probability uses selected probabilities and non-selected complement probabilities.
23,9,3,continue,bernoulli_full_event,36,1,35,1,0.37147393930989,0.37147393930989,full_event_available,0,1,,"27","0.57884",paper_formula,Full Bernoulli event probability uses selected probabilities and non-selected complement probabilities.
23,9,4,load_loss_threshold,bernoulli_full_event,32,0,32,NaN,NaN,1,terminal_stage_probability_one,1,0,,"","",,Terminal recording stage excluded from Bernoulli complement product.
23,10,1,continue,bernoulli_full_event,45,3,42,0.721214428201382,0.937951705258466,0.676464302788496,full_event_available,0,1,,"8,13,18","0.86531,0.94662,0.60578",paper_formula,Full Bernoulli event probability uses selected probabilities and non-selected complement probabilities.
23,10,2,continue,bernoulli_full_event,38,1,37,1,0.720076212732076,0.720076212732076,full_event_available,0,1,,"3","0.17134",paper_formula,Full Bernoulli event probability uses selected probabilities and non-selected complement probabilities.
23,10,3,continue,bernoulli_full_event,37,7,30,0.926059992221031,0.518503712779247,0.480165544222926,full_event_available,0,1,,"4,25,27,30,31,40,42","0.49043,0.12496,0.4335,0.65059,0.88479,0.41284,0.61184",paper_formula,Full Bernoulli event probability uses selected probabilities and non-selected complement probabilities.
23,10,4,load_loss_threshold,bernoulli_full_event,10,0,10,NaN,NaN,1,terminal_stage_probability_one,1,0,,"","",,Terminal recording stage excluded from Bernoulli complement product.
24,1,1,no_new_outage,bernoulli_full_event,45,0,45,1,0.934100662977662,0.934100662977662,full_event_available,1,1,,"","",paper_formula,Full Bernoulli event probability uses selected probabilities and non-selected complement probabilities.
24,2,1,no_new_outage,bernoulli_full_event,45,0,45,1,0.934100662977662,0.934100662977662,full_event_available,1,1,,"","",paper_formula,Full Bernoulli event probability uses selected probabilities and non-selected complement probabilities.
24,3,1,no_new_outage,bernoulli_full_event,45,0,45,1,0.934100662977662,0.934100662977662,full_event_available,1,1,,"","",paper_formula,Full Bernoulli event probability uses selected probabilities and non-selected complement probabilities.
24,4,1,no_new_outage,bernoulli_full_event,45,0,45,1,0.934100662977662,0.934100662977662,full_event_available,1,1,,"","",paper_formula,Full Bernoulli event probability uses selected probabilities and non-selected complement probabilities.
24,5,1,no_new_outage,bernoulli_full_event,45,0,45,1,0.934100662977662,0.934100662977662,full_event_available,1,1,,"","",paper_formula,Full Bernoulli event probability uses selected probabilities and non-selected complement probabilities.
24,6,1,no_new_outage,bernoulli_full_event,45,0,45,1,0.934100662977662,0.934100662977662,full_event_available,1,1,,"","",paper_formula,Full Bernoulli event probability uses selected probabilities and non-selected complement probabilities.
24,7,1,no_new_outage,bernoulli_full_event,45,0,45,1,0.934100662977662,0.934100662977662,full_event_available,1,1,,"","",paper_formula,Full Bernoulli event probability uses selected probabilities and non-selected complement probabilities.
24,8,1,no_new_outage,bernoulli_full_event,45,0,45,1,0.934100662977662,0.934100662977662,full_event_available,1,1,,"","",paper_formula,Full Bernoulli event probability uses selected probabilities and non-selected complement probabilities.
24,9,1,no_new_outage,bernoulli_full_event,45,0,45,1,0.934100662977662,0.934100662977662,full_event_available,1,1,,"","",paper_formula,Full Bernoulli event probability uses selected probabilities and non-selected complement probabilities.
24,10,1,continue,bernoulli_full_event,45,1,44,0.001700794603,0.935692083022536,0.00159142004487456,full_event_available,0,1,,"42","0.0007707",paper_formula,Full Bernoulli event probability uses selected probabilities and non-selected complement probabilities.
24,10,2,continue,bernoulli_full_event,44,1,43,1,0.937075435365757,0.937075435365757,full_event_available,0,1,,"3","0.85039",paper_formula,Full Bernoulli event probability uses selected probabilities and non-selected complement probabilities.
24,10,3,continue,bernoulli_full_event,43,4,39,0.707638315149904,0.94274625662489,0.667123372651916,full_event_available,0,1,,"1,6,8,9","0.85716,0.3461,0.92045,0.066724",paper_formula,Full Bernoulli event probability uses selected probabilities and non-selected complement probabilities.
24,10,4,load_loss_threshold,bernoulli_full_event,16,0,16,NaN,NaN,1,terminal_stage_probability_one,1,0,,"","",,Terminal recording stage excluded from Bernoulli complement product.
25,1,1,no_new_outage,bernoulli_full_event,45,0,45,1,0.934185629279381,0.934185629279381,full_event_available,1,1,,"","",paper_formula,Full Bernoulli event probability uses selected probabilities and non-selected complement probabilities.
25,2,1,no_new_outage,bernoulli_full_event,45,0,45,1,0.934185629279381,0.934185629279381,full_event_available,1,1,,"","",paper_formula,Full Bernoulli event probability uses selected probabilities and non-selected complement probabilities.
25,3,1,no_new_outage,bernoulli_full_event,45,0,45,1,0.934185629279381,0.934185629279381,full_event_available,1,1,,"","",paper_formula,Full Bernoulli event probability uses selected probabilities and non-selected complement probabilities.
25,4,1,no_new_outage,bernoulli_full_event,45,0,45,1,0.934185629279381,0.934185629279381,full_event_available,1,1,,"","",paper_formula,Full Bernoulli event probability uses selected probabilities and non-selected complement probabilities.
25,5,1,no_new_outage,bernoulli_full_event,45,0,45,1,0.934185629279381,0.934185629279381,full_event_available,1,1,,"","",paper_formula,Full Bernoulli event probability uses selected probabilities and non-selected complement probabilities.
25,6,1,no_new_outage,bernoulli_full_event,45,0,45,1,0.934185629279381,0.934185629279381,full_event_available,1,1,,"","",paper_formula,Full Bernoulli event probability uses selected probabilities and non-selected complement probabilities.
25,7,1,no_new_outage,bernoulli_full_event,45,0,45,1,0.934185629279381,0.934185629279381,full_event_available,1,1,,"","",paper_formula,Full Bernoulli event probability uses selected probabilities and non-selected complement probabilities.
25,8,1,no_new_outage,bernoulli_full_event,45,0,45,1,0.934185629279381,0.934185629279381,full_event_available,1,1,,"","",paper_formula,Full Bernoulli event probability uses selected probabilities and non-selected complement probabilities.
25,9,1,no_new_outage,bernoulli_full_event,45,0,45,1,0.934185629279381,0.934185629279381,full_event_available,1,1,,"","",paper_formula,Full Bernoulli event probability uses selected probabilities and non-selected complement probabilities.
25,10,1,no_new_outage,bernoulli_full_event,45,0,45,1,0.934185629279381,0.934185629279381,full_event_available,1,1,,"","",paper_formula,Full Bernoulli event probability uses selected probabilities and non-selected complement probabilities.
26,1,1,no_new_outage,bernoulli_full_event,45,0,45,1,0.93403438132138,0.93403438132138,full_event_available,1,1,,"","",paper_formula,Full Bernoulli event probability uses selected probabilities and non-selected complement probabilities.
26,2,1,no_new_outage,bernoulli_full_event,45,0,45,1,0.93403438132138,0.93403438132138,full_event_available,1,1,,"","",paper_formula,Full Bernoulli event probability uses selected probabilities and non-selected complement probabilities.
26,3,1,no_new_outage,bernoulli_full_event,45,0,45,1,0.93403438132138,0.93403438132138,full_event_available,1,1,,"","",paper_formula,Full Bernoulli event probability uses selected probabilities and non-selected complement probabilities.
26,4,1,no_new_outage,bernoulli_full_event,45,0,45,1,0.93403438132138,0.93403438132138,full_event_available,1,1,,"","",paper_formula,Full Bernoulli event probability uses selected probabilities and non-selected complement probabilities.
26,5,1,no_new_outage,bernoulli_full_event,45,0,45,1,0.93403438132138,0.93403438132138,full_event_available,1,1,,"","",paper_formula,Full Bernoulli event probability uses selected probabilities and non-selected complement probabilities.
26,6,1,no_new_outage,bernoulli_full_event,45,0,45,1,0.93403438132138,0.93403438132138,full_event_available,1,1,,"","",paper_formula,Full Bernoulli event probability uses selected probabilities and non-selected complement probabilities.
26,7,1,no_new_outage,bernoulli_full_event,45,0,45,1,0.93403438132138,0.93403438132138,full_event_available,1,1,,"","",paper_formula,Full Bernoulli event probability uses selected probabilities and non-selected complement probabilities.
26,8,1,no_new_outage,bernoulli_full_event,45,0,45,1,0.93403438132138,0.93403438132138,full_event_available,1,1,,"","",paper_formula,Full Bernoulli event probability uses selected probabilities and non-selected complement probabilities.
26,9,1,no_new_outage,bernoulli_full_event,45,0,45,1,0.93403438132138,0.93403438132138,full_event_available,1,1,,"","",paper_formula,Full Bernoulli event probability uses selected probabilities and non-selected complement probabilities.
26,10,1,no_new_outage,bernoulli_full_event,45,0,45,1,0.93403438132138,0.93403438132138,full_event_available,1,1,,"","",paper_formula,Full Bernoulli event probability uses selected probabilities and non-selected complement probabilities.
27,1,1,continue,bernoulli_full_event,42,1,41,0.169801853125474,0.444597443961951,0.0754934698795885,full_event_available,0,1,,"23","0.02691",paper_formula,Full Bernoulli event probability uses selected probabilities and non-selected complement probabilities.
27,1,2,continue,bernoulli_full_event,41,4,37,1,0.189131843848831,0.189131843848831,full_event_available,0,1,,"8,10,13,18","0.42723,0.73481,0.20921,0.019218",paper_formula,Full Bernoulli event probability uses selected probabilities and non-selected complement probabilities.
27,1,3,continue,bernoulli_full_event,33,5,28,0.000625389560696251,0.957009011603412,0.000598503445349012,full_event_available,0,1,,"3,12,14,15,39","0.3836,0.29245,0.237,0.40931,0.00064001",paper_formula,Full Bernoulli event probability uses selected probabilities and non-selected complement probabilities.
27,1,4,load_loss_threshold,bernoulli_full_event,28,0,28,NaN,NaN,1,terminal_stage_probability_one,1,0,,"","",,Terminal recording stage excluded from Bernoulli complement product.
27,2,1,continue,bernoulli_full_event,42,1,41,0.499407367400391,0.737334011820314,0.368230037737951,full_event_available,0,1,,"14","0.30566",paper_formula,Full Bernoulli event probability uses selected probabilities and non-selected complement probabilities.
27,2,2,continue,bernoulli_full_event,41,1,40,1,0.940146369367579,0.940146369367579,full_event_available,0,1,,"3","0.70132",paper_formula,Full Bernoulli event probability uses selected probabilities and non-selected complement probabilities.
27,2,3,continue,bernoulli_full_event,40,7,33,0.916146458573231,0.950617445443802,0.870904806101271,full_event_available,0,1,,"4,16,17,20,31,40,42","0.28722,0.23983,0.35446,0.46873,0.49712,0.48904,0.074453",paper_formula,Full Bernoulli event probability uses selected probabilities and non-selected complement probabilities.
27,2,4,load_loss_threshold,bernoulli_full_event,0,0,0,NaN,NaN,1,terminal_stage_probability_one,1,0,,"","",,Terminal recording stage excluded from Bernoulli complement product.
27,3,1,continue,bernoulli_full_event,42,2,40,0.000679930277468217,0.738339241695245,0.000502019205471521,full_event_available,0,1,,"12,14","0.00073244,0.020078",paper_formula,Full Bernoulli event probability uses selected probabilities and non-selected complement probabilities.
27,3,2,continue,bernoulli_full_event,40,1,39,1,0.941428099495507,0.941428099495507,full_event_available,0,1,,"3","0.63716",paper_formula,Full Bernoulli event probability uses selected probabilities and non-selected complement probabilities.
27,3,3,continue,bernoulli_full_event,39,7,32,1,0.951913451108089,0.951913451108089,full_event_available,0,1,,"4,16,17,20,31,40,42","0.25597,0.81514,0.54528,0.15604,0.067138,0.93816,0.54634",paper_formula,Full Bernoulli event probability uses selected probabilities and non-selected complement probabilities.
27,3,4,load_loss_threshold,bernoulli_full_event,0,0,0,NaN,NaN,1,terminal_stage_probability_one,1,0,,"","",,Terminal recording stage excluded from Bernoulli complement product.
27,4,1,no_new_outage,bernoulli_full_event,42,0,42,1,0.369103974082363,0.369103974082363,full_event_available,1,1,,"","",paper_formula,Full Bernoulli event probability uses selected probabilities and non-selected complement probabilities.
27,5,1,continue,bernoulli_full_event,42,2,40,0.0848002964491009,0.888142203877688,0.0753147221777858,full_event_available,0,1,,"14,23","0.072034,0.062576",paper_formula,Full Bernoulli event probability uses selected probabilities and non-selected complement probabilities.
27,5,2,continue,bernoulli_full_event,40,3,37,1,0.944345966266611,0.944345966266611,full_event_available,0,1,,"3,13,18","0.27336,0.50551,0.95162",paper_formula,Full Bernoulli event probability uses selected probabilities and non-selected complement probabilities.
27,5,3,load_loss_threshold,bernoulli_full_event,33,0,33,NaN,NaN,1,terminal_stage_probability_one,1,0,,"","",,Terminal recording stage excluded from Bernoulli complement product.
27,6,1,no_new_outage,bernoulli_full_event,42,0,42,1,0.369103974082363,0.369103974082363,full_event_available,1,1,,"","",paper_formula,Full Bernoulli event probability uses selected probabilities and non-selected complement probabilities.
27,7,1,no_new_outage,bernoulli_full_event,42,0,42,1,0.369103974082363,0.369103974082363,full_event_available,1,1,,"","",paper_formula,Full Bernoulli event probability uses selected probabilities and non-selected complement probabilities.
27,8,1,no_new_outage,bernoulli_full_event,42,0,42,1,0.369103974082363,0.369103974082363,full_event_available,1,1,,"","",paper_formula,Full Bernoulli event probability uses selected probabilities and non-selected complement probabilities.
27,9,1,continue,bernoulli_full_event,42,2,40,0.0284920752781963,0.781945381468738,0.0222792466722452,full_event_available,0,1,,"14,19","0.13671,0.047812",paper_formula,Full Bernoulli event probability uses selected probabilities and non-selected complement probabilities.
27,9,2,continue,bernoulli_full_event,40,3,37,1,0.944582945726356,0.944582945726356,full_event_available,0,1,,"3,13,18","0.39403,0.11851,0.41753",paper_formula,Full Bernoulli event probability uses selected probabilities and non-selected complement probabilities.
27,9,3,load_loss_threshold,bernoulli_full_event,36,0,36,NaN,NaN,1,terminal_stage_probability_one,1,0,,"","",,Terminal recording stage excluded from Bernoulli complement product.
27,10,1,no_new_outage,bernoulli_full_event,42,0,42,1,0.369103974082363,0.369103974082363,full_event_available,1,1,,"","",paper_formula,Full Bernoulli event probability uses selected probabilities and non-selected complement probabilities.
28,1,1,continue,bernoulli_full_event,45,1,44,1,0.935570495188935,0.935570495188935,full_event_available,0,1,,"38","0.87861",paper_formula,Full Bernoulli event probability uses selected probabilities and non-selected complement probabilities.
28,1,2,continue,bernoulli_full_event,40,4,36,0.999323112278406,0.947213048198784,0.946571891316725,full_event_available,0,1,,"8,14,19,23","0.964,0.34829,0.55071,0.28046",paper_formula,Full Bernoulli event probability uses selected probabilities and non-selected complement probabilities.
28,1,3,continue,bernoulli_full_event,36,7,29,0.968351418346409,0.808408513334304,0.782823530490585,full_event_available,0,1,,"1,2,3,6,13,18,27","0.11744,0.21513,0.85865,0.2523,0.33717,0.15309,0.61898",paper_formula,Full Bernoulli event probability uses selected probabilities and non-selected complement probabilities.
28,1,4,load_loss_threshold,bernoulli_full_event,0,0,0,NaN,NaN,1,terminal_stage_probability_one,1,0,,"","",,Terminal recording stage excluded from Bernoulli complement product.
28,2,1,continue,bernoulli_full_event,45,1,44,1,0.935570495188935,0.935570495188935,full_event_available,0,1,,"38","0.72497",paper_formula,Full Bernoulli event probability uses selected probabilities and non-selected complement probabilities.
28,2,2,continue,bernoulli_full_event,40,4,36,0.999323112278406,0.947213048198784,0.946571891316725,full_event_available,0,1,,"8,14,19,23","0.12216,0.54355,0.70115,0.018978",paper_formula,Full Bernoulli event probability uses selected probabilities and non-selected complement probabilities.
28,2,3,continue,bernoulli_full_event,36,7,29,0.968351418346409,0.808408513334304,0.782823530490585,full_event_available,0,1,,"1,2,3,6,13,18,27","0.79549,0.079212,0.075159,0.72457,0.12926,0.66165,0.66099",paper_formula,Full Bernoulli event probability uses selected probabilities and non-selected complement probabilities.
28,2,4,load_loss_threshold,bernoulli_full_event,0,0,0,NaN,NaN,1,terminal_stage_probability_one,1,0,,"","",,Terminal recording stage excluded from Bernoulli complement product.
28,3,1,continue,bernoulli_full_event,45,2,43,0.001321554223,0.936808538469091,0.00123804328015629,full_event_available,0,1,,"18,38","0.00077627,0.60013",paper_formula,Full Bernoulli event probability uses selected probabilities and non-selected complement probabilities.
28,3,2,continue,bernoulli_full_event,39,4,35,1,0.948466498104728,0.948466498104728,full_event_available,0,1,,"8,14,19,23","0.35433,0.27507,0.0031583,0.82843",paper_formula,Full Bernoulli event probability uses selected probabilities and non-selected complement probabilities.
28,3,3,load_loss_threshold,bernoulli_full_event,34,0,34,NaN,NaN,1,terminal_stage_probability_one,1,0,,"","",,Terminal recording stage excluded from Bernoulli complement product.
28,4,1,continue,bernoulli_full_event,45,1,44,1,0.935570495188935,0.935570495188935,full_event_available,0,1,,"38","0.71317",paper_formula,Full Bernoulli event probability uses selected probabilities and non-selected complement probabilities.
28,4,2,continue,bernoulli_full_event,40,4,36,0.999323112278406,0.947213048198784,0.946571891316725,full_event_available,0,1,,"8,14,19,23","0.53269,0.77148,0.44431,0.27314",paper_formula,Full Bernoulli event probability uses selected probabilities and non-selected complement probabilities.
28,4,3,continue,bernoulli_full_event,36,7,29,0.968351418346409,0.808408513334304,0.782823530490585,full_event_available,0,1,,"1,2,3,6,13,18,27","0.88153,0.51796,0.32925,0.93899,0.21752,0.29295,0.56294",paper_formula,Full Bernoulli event probability uses selected probabilities and non-selected complement probabilities.
28,4,4,load_loss_threshold,bernoulli_full_event,0,0,0,NaN,NaN,1,terminal_stage_probability_one,1,0,,"","",,Terminal recording stage excluded from Bernoulli complement product.
28,5,1,continue,bernoulli_full_event,45,1,44,1,0.935570495188935,0.935570495188935,full_event_available,0,1,,"38","0.84072",paper_formula,Full Bernoulli event probability uses selected probabilities and non-selected complement probabilities.
28,5,2,continue,bernoulli_full_event,40,4,36,0.999323112278406,0.947213048198784,0.946571891316725,full_event_available,0,1,,"8,14,19,23","0.65434,0.056126,0.61823,0.72479",paper_formula,Full Bernoulli event probability uses selected probabilities and non-selected complement probabilities.
28,5,3,continue,bernoulli_full_event,36,7,29,0.968351418346409,0.808408513334304,0.782823530490585,full_event_available,0,1,,"1,2,3,6,13,18,27","0.45672,0.53028,0.43063,0.41386,0.64934,0.94445,0.0010363",paper_formula,Full Bernoulli event probability uses selected probabilities and non-selected complement probabilities.
28,5,4,load_loss_threshold,bernoulli_full_event,0,0,0,NaN,NaN,1,terminal_stage_probability_one,1,0,,"","",,Terminal recording stage excluded from Bernoulli complement product.
28,6,1,continue,bernoulli_full_event,45,1,44,1,0.935570495188935,0.935570495188935,full_event_available,0,1,,"38","0.12658",paper_formula,Full Bernoulli event probability uses selected probabilities and non-selected complement probabilities.
28,6,2,continue,bernoulli_full_event,40,4,36,0.999323112278406,0.947213048198784,0.946571891316725,full_event_available,0,1,,"8,14,19,23","0.33904,0.92002,0.67353,0.20564",paper_formula,Full Bernoulli event probability uses selected probabilities and non-selected complement probabilities.
28,6,3,continue,bernoulli_full_event,36,7,29,0.968351418346409,0.808408513334304,0.782823530490585,full_event_available,0,1,,"1,2,3,6,13,18,27","0.10956,0.032751,0.69415,0.057229,0.79688,0.89808,0.78306",paper_formula,Full Bernoulli event probability uses selected probabilities and non-selected complement probabilities.
28,6,4,load_loss_threshold,bernoulli_full_event,0,0,0,NaN,NaN,1,terminal_stage_probability_one,1,0,,"","",,Terminal recording stage excluded from Bernoulli complement product.
28,7,1,continue,bernoulli_full_event,45,1,44,1,0.935570495188935,0.935570495188935,full_event_available,0,1,,"38","0.62213",paper_formula,Full Bernoulli event probability uses selected probabilities and non-selected complement probabilities.
28,7,2,continue,bernoulli_full_event,40,4,36,0.999323112278406,0.947213048198784,0.946571891316725,full_event_available,0,1,,"8,14,19,23","0.014828,0.54674,0.19633,0.25084",paper_formula,Full Bernoulli event probability uses selected probabilities and non-selected complement probabilities.
28,7,3,continue,bernoulli_full_event,36,8,28,0.151687397002273,0.958562530037929,0.145401855045367,full_event_available,0,1,,"1,2,3,6,7,13,18,27","0.52309,0.97068,0.44833,0.88536,0.053931,0.71046,0.72862,0.29685",paper_formula,Full Bernoulli event probability uses selected probabilities and non-selected complement probabilities.
28,7,4,load_loss_threshold,bernoulli_full_event,0,0,0,NaN,NaN,1,terminal_stage_probability_one,1,0,,"","",,Terminal recording stage excluded from Bernoulli complement product.
28,8,1,continue,bernoulli_full_event,45,1,44,1,0.935570495188935,0.935570495188935,full_event_available,0,1,,"38","0.038995",paper_formula,Full Bernoulli event probability uses selected probabilities and non-selected complement probabilities.
28,8,2,continue,bernoulli_full_event,40,4,36,0.999323112278406,0.947213048198784,0.946571891316725,full_event_available,0,1,,"8,14,19,23","0.66213,0.08543,0.47852,0.66175",paper_formula,Full Bernoulli event probability uses selected probabilities and non-selected complement probabilities.
28,8,3,continue,bernoulli_full_event,36,7,29,0.968351418346409,0.808408513334304,0.782823530490585,full_event_available,0,1,,"1,2,3,6,13,18,27","0.10929,0.93339,0.70722,0.57767,0.44864,0.25699,0.35388",paper_formula,Full Bernoulli event probability uses selected probabilities and non-selected complement probabilities.
28,8,4,load_loss_threshold,bernoulli_full_event,0,0,0,NaN,NaN,1,terminal_stage_probability_one,1,0,,"","",,Terminal recording stage excluded from Bernoulli complement product.
28,9,1,continue,bernoulli_full_event,45,1,44,1,0.935570495188935,0.935570495188935,full_event_available,0,1,,"38","0.27149",paper_formula,Full Bernoulli event probability uses selected probabilities and non-selected complement probabilities.
28,9,2,continue,bernoulli_full_event,40,4,36,0.999323112278406,0.947213048198784,0.946571891316725,full_event_available,0,1,,"8,14,19,23","0.90259,0.25399,0.99004,0.33584",paper_formula,Full Bernoulli event probability uses selected probabilities and non-selected complement probabilities.
28,9,3,continue,bernoulli_full_event,36,7,29,0.968351418346409,0.808408513334304,0.782823530490585,full_event_available,0,1,,"1,2,3,6,13,18,27","0.54545,0.37783,0.72862,0.90932,0.11944,0.30272,0.080058",paper_formula,Full Bernoulli event probability uses selected probabilities and non-selected complement probabilities.
28,9,4,load_loss_threshold,bernoulli_full_event,0,0,0,NaN,NaN,1,terminal_stage_probability_one,1,0,,"","",,Terminal recording stage excluded from Bernoulli complement product.
28,10,1,continue,bernoulli_full_event,45,1,44,1,0.935570495188935,0.935570495188935,full_event_available,0,1,,"38","0.25695",paper_formula,Full Bernoulli event probability uses selected probabilities and non-selected complement probabilities.
28,10,2,continue,bernoulli_full_event,40,4,36,0.999323112278406,0.947213048198784,0.946571891316725,full_event_available,0,1,,"8,14,19,23","0.65946,0.12184,0.96349,0.51427",paper_formula,Full Bernoulli event probability uses selected probabilities and non-selected complement probabilities.
28,10,3,continue,bernoulli_full_event,36,7,29,0.968351418346409,0.808408513334304,0.782823530490585,full_event_available,0,1,,"1,2,3,6,13,18,27","0.092637,0.82359,0.94895,0.15132,0.14013,0.56891,0.21054",paper_formula,Full Bernoulli event probability uses selected probabilities and non-selected complement probabilities.
28,10,4,load_loss_threshold,bernoulli_full_event,0,0,0,NaN,NaN,1,terminal_stage_probability_one,1,0,,"","",,Terminal recording stage excluded from Bernoulli complement product.
29,1,1,no_new_outage,bernoulli_full_event,45,0,45,1,0.934308904577628,0.934308904577628,full_event_available,1,1,,"","",paper_formula,Full Bernoulli event probability uses selected probabilities and non-selected complement probabilities.
29,2,1,no_new_outage,bernoulli_full_event,45,0,45,1,0.934308904577628,0.934308904577628,full_event_available,1,1,,"","",paper_formula,Full Bernoulli event probability uses selected probabilities and non-selected complement probabilities.
29,3,1,no_new_outage,bernoulli_full_event,45,0,45,1,0.934308904577628,0.934308904577628,full_event_available,1,1,,"","",paper_formula,Full Bernoulli event probability uses selected probabilities and non-selected complement probabilities.
29,4,1,continue,bernoulli_full_event,45,1,44,0.001599996502,0.935806191210114,0.00149728663248613,full_event_available,0,1,,"13","0.0011925",paper_formula,Full Bernoulli event probability uses selected probabilities and non-selected complement probabilities.
29,4,2,continue,bernoulli_full_event,44,1,43,0.73333548611084,0.384467586473648,0.281943724420514,full_event_available,0,1,,"23","0.047335",paper_formula,Full Bernoulli event probability uses selected probabilities and non-selected complement probabilities.
29,4,3,continue,bernoulli_full_event,38,2,36,1,0.947048349821895,0.947048349821895,full_event_available,0,1,,"8,14","0.77256,0.87999",paper_formula,Full Bernoulli event probability uses selected probabilities and non-selected complement probabilities.
29,4,4,continue,bernoulli_full_event,36,1,35,1,0.948100720774167,0.948100720774167,full_event_available,0,1,,"27","0.47685",paper_formula,Full Bernoulli event probability uses selected probabilities and non-selected complement probabilities.
29,4,5,max_depth_reached,bernoulli_full_event,32,0,32,NaN,NaN,1,terminal_stage_probability_one,1,0,,"","",,Terminal recording stage excluded from Bernoulli complement product.
29,5,1,no_new_outage,bernoulli_full_event,45,0,45,1,0.934308904577628,0.934308904577628,full_event_available,1,1,,"","",paper_formula,Full Bernoulli event probability uses selected probabilities and non-selected complement probabilities.
29,6,1,no_new_outage,bernoulli_full_event,45,0,45,1,0.934308904577628,0.934308904577628,full_event_available,1,1,,"","",paper_formula,Full Bernoulli event probability uses selected probabilities and non-selected complement probabilities.
29,7,1,no_new_outage,bernoulli_full_event,45,0,45,1,0.934308904577628,0.934308904577628,full_event_available,1,1,,"","",paper_formula,Full Bernoulli event probability uses selected probabilities and non-selected complement probabilities.
29,8,1,no_new_outage,bernoulli_full_event,45,0,45,1,0.934308904577628,0.934308904577628,full_event_available,1,1,,"","",paper_formula,Full Bernoulli event probability uses selected probabilities and non-selected complement probabilities.
29,9,1,no_new_outage,bernoulli_full_event,45,0,45,1,0.934308904577628,0.934308904577628,full_event_available,1,1,,"","",paper_formula,Full Bernoulli event probability uses selected probabilities and non-selected complement probabilities.
29,10,1,no_new_outage,bernoulli_full_event,45,0,45,1,0.934308904577628,0.934308904577628,full_event_available,1,1,,"","",paper_formula,Full Bernoulli event probability uses selected probabilities and non-selected complement probabilities.
30,1,1,no_new_outage,bernoulli_full_event,45,0,45,1,0.934355608262743,0.934355608262743,full_event_available,1,1,,"","",paper_formula,Full Bernoulli event probability uses selected probabilities and non-selected complement probabilities.
30,2,1,no_new_outage,bernoulli_full_event,45,0,45,1,0.934355608262743,0.934355608262743,full_event_available,1,1,,"","",paper_formula,Full Bernoulli event probability uses selected probabilities and non-selected complement probabilities.
30,3,1,continue,bernoulli_full_event,45,1,44,0.00158802049,0.935841744127815,0.00148613586507231,full_event_available,0,1,,"40","0.001189",paper_formula,Full Bernoulli event probability uses selected probabilities and non-selected complement probabilities.
30,3,2,no_new_outage,bernoulli_full_event,44,0,44,1,0.296872497276444,0.296872497276444,full_event_available,1,1,,"","",paper_formula,Full Bernoulli event probability uses selected probabilities and non-selected complement probabilities.
30,4,1,no_new_outage,bernoulli_full_event,45,0,45,1,0.934355608262743,0.934355608262743,full_event_available,1,1,,"","",paper_formula,Full Bernoulli event probability uses selected probabilities and non-selected complement probabilities.
30,5,1,no_new_outage,bernoulli_full_event,45,0,45,1,0.934355608262743,0.934355608262743,full_event_available,1,1,,"","",paper_formula,Full Bernoulli event probability uses selected probabilities and non-selected complement probabilities.
30,6,1,no_new_outage,bernoulli_full_event,45,0,45,1,0.934355608262743,0.934355608262743,full_event_available,1,1,,"","",paper_formula,Full Bernoulli event probability uses selected probabilities and non-selected complement probabilities.
30,7,1,no_new_outage,bernoulli_full_event,45,0,45,1,0.934355608262743,0.934355608262743,full_event_available,1,1,,"","",paper_formula,Full Bernoulli event probability uses selected probabilities and non-selected complement probabilities.
30,8,1,no_new_outage,bernoulli_full_event,45,0,45,1,0.934355608262743,0.934355608262743,full_event_available,1,1,,"","",paper_formula,Full Bernoulli event probability uses selected probabilities and non-selected complement probabilities.
30,9,1,no_new_outage,bernoulli_full_event,45,0,45,1,0.934355608262743,0.934355608262743,full_event_available,1,1,,"","",paper_formula,Full Bernoulli event probability uses selected probabilities and non-selected complement probabilities.
30,10,1,no_new_outage,bernoulli_full_event,45,0,45,1,0.934355608262743,0.934355608262743,full_event_available,1,1,,"","",paper_formula,Full Bernoulli event probability uses selected probabilities and non-selected complement probabilities.
31,1,1,no_new_outage,bernoulli_full_event,45,0,45,1,0.934292092393927,0.934292092393927,full_event_available,1,1,,"","",paper_formula,Full Bernoulli event probability uses selected probabilities and non-selected complement probabilities.
31,2,1,no_new_outage,bernoulli_full_event,45,0,45,1,0.934292092393927,0.934292092393927,full_event_available,1,1,,"","",paper_formula,Full Bernoulli event probability uses selected probabilities and non-selected complement probabilities.
31,3,1,no_new_outage,bernoulli_full_event,45,0,45,1,0.934292092393927,0.934292092393927,full_event_available,1,1,,"","",paper_formula,Full Bernoulli event probability uses selected probabilities and non-selected complement probabilities.
31,4,1,no_new_outage,bernoulli_full_event,45,0,45,1,0.934292092393927,0.934292092393927,full_event_available,1,1,,"","",paper_formula,Full Bernoulli event probability uses selected probabilities and non-selected complement probabilities.
31,5,1,no_new_outage,bernoulli_full_event,45,0,45,1,0.934292092393927,0.934292092393927,full_event_available,1,1,,"","",paper_formula,Full Bernoulli event probability uses selected probabilities and non-selected complement probabilities.
31,6,1,no_new_outage,bernoulli_full_event,45,0,45,1,0.934292092393927,0.934292092393927,full_event_available,1,1,,"","",paper_formula,Full Bernoulli event probability uses selected probabilities and non-selected complement probabilities.
31,7,1,no_new_outage,bernoulli_full_event,45,0,45,1,0.934292092393927,0.934292092393927,full_event_available,1,1,,"","",paper_formula,Full Bernoulli event probability uses selected probabilities and non-selected complement probabilities.
31,8,1,no_new_outage,bernoulli_full_event,45,0,45,1,0.934292092393927,0.934292092393927,full_event_available,1,1,,"","",paper_formula,Full Bernoulli event probability uses selected probabilities and non-selected complement probabilities.
31,9,1,no_new_outage,bernoulli_full_event,45,0,45,1,0.934292092393927,0.934292092393927,full_event_available,1,1,,"","",paper_formula,Full Bernoulli event probability uses selected probabilities and non-selected complement probabilities.
31,10,1,no_new_outage,bernoulli_full_event,45,0,45,1,0.934292092393927,0.934292092393927,full_event_available,1,1,,"","",paper_formula,Full Bernoulli event probability uses selected probabilities and non-selected complement probabilities.
32,1,1,continue,bernoulli_full_event,44,1,43,0.932897656182684,0.936320022460895,0.873490754390687,full_event_available,0,1,,"27","0.37158",paper_formula,Full Bernoulli event probability uses selected probabilities and non-selected complement probabilities.
32,1,2,continue,bernoulli_full_event,42,1,41,0.499407367400391,0.737334011820314,0.368230037737951,full_event_available,0,1,,"14","0.041723",paper_formula,Full Bernoulli event probability uses selected probabilities and non-selected complement probabilities.
32,1,3,continue,bernoulli_full_event,41,1,40,1,0.940146369367579,0.940146369367579,full_event_available,0,1,,"3","0.65916",paper_formula,Full Bernoulli event probability uses selected probabilities and non-selected complement probabilities.
32,1,4,continue,bernoulli_full_event,40,7,33,0.916146458573231,0.950617445443802,0.870904806101271,full_event_available,0,1,,"4,16,17,20,31,40,42","0.92569,0.77609,0.44346,0.62269,0.034674,0.57316,0.61655",paper_formula,Full Bernoulli event probability uses selected probabilities and non-selected complement probabilities.
32,1,5,max_depth_reached,bernoulli_full_event,0,0,0,NaN,NaN,1,terminal_stage_probability_one,1,0,,"","",,Terminal recording stage excluded from Bernoulli complement product.
32,2,1,continue,bernoulli_full_event,44,2,42,0.00166301198787583,0.937992115989146,0.00155989213342297,full_event_available,0,1,,"19,27","0.00084443,0.5456",paper_formula,Full Bernoulli event probability uses selected probabilities and non-selected complement probabilities.
32,2,2,continue,bernoulli_full_event,41,4,37,0.1701158017857,0.289092747062288,0.0491792444569318,full_event_available,0,1,,"8,10,13,18","0.91333,0.67874,0.15331,0.44867",paper_formula,Full Bernoulli event probability uses selected probabilities and non-selected complement probabilities.
32,2,3,continue,bernoulli_full_event,36,4,32,0.603852648469748,0.951172629978022,0.574368111764163,full_event_available,0,1,,"3,12,14,15","0.47024,0.2561,0.12369,0.29695",paper_formula,Full Bernoulli event probability uses selected probabilities and non-selected complement probabilities.
32,2,4,load_loss_threshold,bernoulli_full_event,32,0,32,NaN,NaN,1,terminal_stage_probability_one,1,0,,"","",,Terminal recording stage excluded from Bernoulli complement product.
32,3,1,continue,bernoulli_full_event,44,1,43,0.932897656182684,0.936320022460895,0.873490754390687,full_event_available,0,1,,"27","0.099748",paper_formula,Full Bernoulli event probability uses selected probabilities and non-selected complement probabilities.
32,3,2,no_new_outage,bernoulli_full_event,42,0,42,1,0.369103974082363,0.369103974082363,full_event_available,1,1,,"","",paper_formula,Full Bernoulli event probability uses selected probabilities and non-selected complement probabilities.
32,4,1,continue,bernoulli_full_event,44,2,42,0.00146097787162818,0.937788659959752,0.00137008848046504,full_event_available,0,1,,"25,27","0.00038353,0.11001",paper_formula,Full Bernoulli event probability uses selected probabilities and non-selected complement probabilities.
32,4,2,continue,bernoulli_full_event,41,2,39,0.00103277101700547,0.608280372205071,0.000628214338626697,full_event_available,0,1,,"13,14","0.00077807,0.44738",paper_formula,Full Bernoulli event probability uses selected probabilities and non-selected complement probabilities.
32,4,3,continue,bernoulli_full_event,39,3,36,1,0.946264070072632,0.946264070072632,full_event_available,0,1,,"3,19,23","0.52869,0.66392,0.39177",paper_formula,Full Bernoulli event probability uses selected probabilities and non-selected complement probabilities.
32,4,4,load_loss_threshold,bernoulli_full_event,0,0,0,NaN,NaN,1,terminal_stage_probability_one,1,0,,"","",,Terminal recording stage excluded from Bernoulli complement product.
32,5,1,continue,bernoulli_full_event,44,1,43,0.932897656182684,0.936320022460895,0.873490754390687,full_event_available,0,1,,"27","0.20369",paper_formula,Full Bernoulli event probability uses selected probabilities and non-selected complement probabilities.
32,5,2,continue,bernoulli_full_event,42,1,41,0.499407367400391,0.737334011820314,0.368230037737951,full_event_available,0,1,,"14","0.27382",paper_formula,Full Bernoulli event probability uses selected probabilities and non-selected complement probabilities.
32,5,3,continue,bernoulli_full_event,41,1,40,1,0.940146369367579,0.940146369367579,full_event_available,0,1,,"3","0.77265",paper_formula,Full Bernoulli event probability uses selected probabilities and non-selected complement probabilities.
32,5,4,continue,bernoulli_full_event,40,7,33,0.916146458573231,0.950617445443802,0.870904806101271,full_event_available,0,1,,"4,16,17,20,31,40,42","0.54187,0.11127,0.81377,0.71411,0.29177,0.31058,0.52811",paper_formula,Full Bernoulli event probability uses selected probabilities and non-selected complement probabilities.
32,5,5,max_depth_reached,bernoulli_full_event,0,0,0,NaN,NaN,1,terminal_stage_probability_one,1,0,,"","",,Terminal recording stage excluded from Bernoulli complement product.
32,6,1,continue,bernoulli_full_event,44,1,43,0.932897656182684,0.936320022460895,0.873490754390687,full_event_available,0,1,,"27","0.024948",paper_formula,Full Bernoulli event probability uses selected probabilities and non-selected complement probabilities.
32,6,2,no_new_outage,bernoulli_full_event,42,0,42,1,0.369103974082363,0.369103974082363,full_event_available,1,1,,"","",paper_formula,Full Bernoulli event probability uses selected probabilities and non-selected complement probabilities.
32,7,1,continue,bernoulli_full_event,44,1,43,0.001476244378,0.0629221565500671,9.28884798586724e-05,full_event_available,0,1,,"3","0.00086332",paper_formula,Full Bernoulli event probability uses selected probabilities and non-selected complement probabilities.
32,7,2,continue,bernoulli_full_event,43,1,42,0.999468727493138,0.937704303166672,0.937206126650833,full_event_available,0,1,,"27","0.97631",paper_formula,Full Bernoulli event probability uses selected probabilities and non-selected complement probabilities.
32,7,3,continue,bernoulli_full_event,41,3,38,0.542112092303304,0.295298919939003,0.160085115343039,full_event_available,0,1,,"8,14,23","0.15466,0.066383,0.63135",paper_formula,Full Bernoulli event probability uses selected probabilities and non-selected complement probabilities.
32,7,4,load_loss_threshold,bernoulli_full_event,38,0,38,NaN,NaN,1,terminal_stage_probability_one,1,0,,"","",,Terminal recording stage excluded from Bernoulli complement product.
32,8,1,continue,bernoulli_full_event,44,1,43,0.932897656182684,0.936320022460895,0.873490754390687,full_event_available,0,1,,"27","0.0024325",paper_formula,Full Bernoulli event probability uses selected probabilities and non-selected complement probabilities.
32,8,2,no_new_outage,bernoulli_full_event,42,0,42,1,0.369103974082363,0.369103974082363,full_event_available,1,1,,"","",paper_formula,Full Bernoulli event probability uses selected probabilities and non-selected complement probabilities.
32,9,1,continue,bernoulli_full_event,44,1,43,0.932897656182684,0.936320022460895,0.873490754390687,full_event_available,0,1,,"27","0.24676",paper_formula,Full Bernoulli event probability uses selected probabilities and non-selected complement probabilities.
32,9,2,no_new_outage,bernoulli_full_event,42,0,42,1,0.369103974082363,0.369103974082363,full_event_available,1,1,,"","",paper_formula,Full Bernoulli event probability uses selected probabilities and non-selected complement probabilities.
32,10,1,continue,bernoulli_full_event,44,1,43,0.932897656182684,0.936320022460895,0.873490754390687,full_event_available,0,1,,"27","0.12387",paper_formula,Full Bernoulli event probability uses selected probabilities and non-selected complement probabilities.
32,10,2,no_new_outage,bernoulli_full_event,42,0,42,1,0.369103974082363,0.369103974082363,full_event_available,1,1,,"","",paper_formula,Full Bernoulli event probability uses selected probabilities and non-selected complement probabilities.
33,1,1,continue,bernoulli_full_event,45,4,41,0.698956741069194,0.939323461054233,0.656546465148303,full_event_available,0,1,,"8,14,19,23","0.7979,0.83697,0.2776,0.81489",paper_formula,Full Bernoulli event probability uses selected probabilities and non-selected complement probabilities.
33,1,2,continue,bernoulli_full_event,41,6,35,1,0.948068493506925,0.948068493506925,full_event_available,0,1,,"1,2,3,6,13,18","0.22092,0.8601,0.45855,0.46993,0.84267,0.084525",paper_formula,Full Bernoulli event probability uses selected probabilities and non-selected complement probabilities.
33,1,3,load_loss_threshold,bernoulli_full_event,26,0,26,NaN,NaN,1,terminal_stage_probability_one,1,0,,"","",,Terminal recording stage excluded from Bernoulli complement product.
33,2,1,continue,bernoulli_full_event,45,3,42,0.88133419733577,0.194377370078743,0.171311423438587,full_event_available,0,1,,"8,14,23","0.84294,0.84082,0.096956",paper_formula,Full Bernoulli event probability uses selected probabilities and non-selected complement probabilities.
33,2,2,continue,bernoulli_full_event,42,6,36,0.807434606184959,0.946378437518918,0.764138701000025,full_event_available,0,1,,"1,2,3,6,13,18","0.051236,0.81369,0.57115,0.67775,0.19394,0.61608",paper_formula,Full Bernoulli event probability uses selected probabilities and non-selected complement probabilities.
33,2,3,load_loss_threshold,bernoulli_full_event,26,0,26,NaN,NaN,1,terminal_stage_probability_one,1,0,,"","",,Terminal recording stage excluded from Bernoulli complement product.
33,3,1,continue,bernoulli_full_event,45,4,41,0.698956741069194,0.939323461054233,0.656546465148303,full_event_available,0,1,,"8,14,19,23","0.023907,0.27473,0.14823,0.056459",paper_formula,Full Bernoulli event probability uses selected probabilities and non-selected complement probabilities.
33,3,2,continue,bernoulli_full_event,41,6,35,1,0.948068493506925,0.948068493506925,full_event_available,0,1,,"1,2,3,6,13,18","0.94907,0.73931,0.36416,0.92757,0.65214,0.035247",paper_formula,Full Bernoulli event probability uses selected probabilities and non-selected complement probabilities.
33,3,3,load_loss_threshold,bernoulli_full_event,26,0,26,NaN,NaN,1,terminal_stage_probability_one,1,0,,"","",,Terminal recording stage excluded from Bernoulli complement product.
33,4,1,continue,bernoulli_full_event,45,4,41,0.698956741069194,0.939323461054233,0.656546465148303,full_event_available,0,1,,"8,14,19,23","0.723,0.13488,0.43478,0.27319",paper_formula,Full Bernoulli event probability uses selected probabilities and non-selected complement probabilities.
33,4,2,continue,bernoulli_full_event,41,6,35,1,0.948068493506925,0.948068493506925,full_event_available,0,1,,"1,2,3,6,13,18","0.34662,0.46445,0.25024,0.84847,0.38966,0.71647",paper_formula,Full Bernoulli event probability uses selected probabilities and non-selected complement probabilities.
33,4,3,load_loss_threshold,bernoulli_full_event,26,0,26,NaN,NaN,1,terminal_stage_probability_one,1,0,,"","",,Terminal recording stage excluded from Bernoulli complement product.
33,5,1,continue,bernoulli_full_event,45,3,42,0.88133419733577,0.194377370078743,0.171311423438587,full_event_available,0,1,,"8,14,23","0.27044,0.8757,0.90676",paper_formula,Full Bernoulli event probability uses selected probabilities and non-selected complement probabilities.
33,5,2,continue,bernoulli_full_event,42,6,36,0.001571054473,0.182526495586225,0.000286759067331754,full_event_available,0,1,,"1,2,3,6,13,28","0.93724,0.77968,0.24373,0.90263,0.41343,0.00055142",paper_formula,Full Bernoulli event probability uses selected probabilities and non-selected complement probabilities.
33,5,3,load_loss_threshold,bernoulli_full_event,25,0,25,NaN,NaN,1,terminal_stage_probability_one,1,0,,"","",,Terminal recording stage excluded from Bernoulli complement product.
33,6,1,continue,bernoulli_full_event,45,4,41,0.698956741069194,0.939323461054233,0.656546465148303,full_event_available,0,1,,"8,14,19,23","0.51227,0.71884,0.54007,0.42643",paper_formula,Full Bernoulli event probability uses selected probabilities and non-selected complement probabilities.
33,6,2,continue,bernoulli_full_event,41,6,35,1,0.948068493506925,0.948068493506925,full_event_available,0,1,,"1,2,3,6,13,18","0.39529,0.067266,0.50752,0.53943,0.65076,0.38",paper_formula,Full Bernoulli event probability uses selected probabilities and non-selected complement probabilities.
33,6,3,load_loss_threshold,bernoulli_full_event,26,0,26,NaN,NaN,1,terminal_stage_probability_one,1,0,,"","",,Terminal recording stage excluded from Bernoulli complement product.
33,7,1,continue,bernoulli_full_event,45,4,41,0.698956741069194,0.939323461054233,0.656546465148303,full_event_available,0,1,,"8,14,19,23","0.79678,0.93748,0.092849,0.74912",paper_formula,Full Bernoulli event probability uses selected probabilities and non-selected complement probabilities.
33,7,2,continue,bernoulli_full_event,41,6,35,1,0.948068493506925,0.948068493506925,full_event_available,0,1,,"1,2,3,6,13,18","0.81417,0.066295,0.46702,0.0043998,0.98109,0.75452",paper_formula,Full Bernoulli event probability uses selected probabilities and non-selected complement probabilities.
33,7,3,load_loss_threshold,bernoulli_full_event,26,0,26,NaN,NaN,1,terminal_stage_probability_one,1,0,,"","",,Terminal recording stage excluded from Bernoulli complement product.
33,8,1,continue,bernoulli_full_event,45,4,41,0.698956741069194,0.939323461054233,0.656546465148303,full_event_available,0,1,,"8,14,19,23","0.61886,0.39826,0.21163,0.51637",paper_formula,Full Bernoulli event probability uses selected probabilities and non-selected complement probabilities.
33,8,2,continue,bernoulli_full_event,41,6,35,1,0.948068493506925,0.948068493506925,full_event_available,0,1,,"1,2,3,6,13,18","0.85391,0.48749,0.07698,0.81468,0.26654,0.53186",paper_formula,Full Bernoulli event probability uses selected probabilities and non-selected complement probabilities.
33,8,3,load_loss_threshold,bernoulli_full_event,26,0,26,NaN,NaN,1,terminal_stage_probability_one,1,0,,"","",,Terminal recording stage excluded from Bernoulli complement product.
33,9,1,continue,bernoulli_full_event,45,4,41,0.698956741069194,0.939323461054233,0.656546465148303,full_event_available,0,1,,"8,14,19,23","0.26008,0.41609,0.70072,0.6758",paper_formula,Full Bernoulli event probability uses selected probabilities and non-selected complement probabilities.
33,9,2,continue,bernoulli_full_event,41,6,35,1,0.948068493506925,0.948068493506925,full_event_available,0,1,,"1,2,3,6,13,18","0.13697,0.080394,0.07325,0.42476,0.11416,0.38234",paper_formula,Full Bernoulli event probability uses selected probabilities and non-selected complement probabilities.
33,9,3,load_loss_threshold,bernoulli_full_event,26,0,26,NaN,NaN,1,terminal_stage_probability_one,1,0,,"","",,Terminal recording stage excluded from Bernoulli complement product.
33,10,1,continue,bernoulli_full_event,45,4,41,0.698956741069194,0.939323461054233,0.656546465148303,full_event_available,0,1,,"8,14,19,23","0.32439,0.20755,0.55155,0.055339",paper_formula,Full Bernoulli event probability uses selected probabilities and non-selected complement probabilities.
33,10,2,continue,bernoulli_full_event,41,6,35,1,0.948068493506925,0.948068493506925,full_event_available,0,1,,"1,2,3,6,13,18","0.61628,0.47366,0.54218,0.05209,0.36592,0.17312",paper_formula,Full Bernoulli event probability uses selected probabilities and non-selected complement probabilities.
33,10,3,load_loss_threshold,bernoulli_full_event,26,0,26,NaN,NaN,1,terminal_stage_probability_one,1,0,,"","",,Terminal recording stage excluded from Bernoulli complement product.
34,1,1,continue,bernoulli_full_event,45,3,42,0.590919311669676,0.334366378154896,0.197583550024774,full_event_available,0,1,,"8,14,23","0.45972,0.21939,0.29993",paper_formula,Full Bernoulli event probability uses selected probabilities and non-selected complement probabilities.
34,1,2,continue,bernoulli_full_event,42,6,36,0.8074346061849,0.946378437518918,0.764138700999968,full_event_available,0,1,,"1,2,3,6,13,18","0.81002,0.28758,0.96746,0.87971,0.73622,0.48536",paper_formula,Full Bernoulli event probability uses selected probabilities and non-selected complement probabilities.
34,1,3,load_loss_threshold,bernoulli_full_event,26,0,26,NaN,NaN,1,terminal_stage_probability_one,1,0,,"","",,Terminal recording stage excluded from Bernoulli complement product.
34,2,1,continue,bernoulli_full_event,45,5,40,0.000632843065027958,0.940888036074381,0.000595434468597448,full_event_available,0,1,,"8,11,14,19,23","0.54585,0.0013961,0.87135,0.56697,0.58109",paper_formula,Full Bernoulli event probability uses selected probabilities and non-selected complement probabilities.
34,2,2,continue,bernoulli_full_event,40,6,34,1,0.949647634605633,0.949647634605633,full_event_available,0,1,,"1,2,3,6,13,18","0.39514,0.22583,0.4846,0.42921,0.50308,0.92531",paper_formula,Full Bernoulli event probability uses selected probabilities and non-selected complement probabilities.
34,2,3,load_loss_threshold,bernoulli_full_event,26,0,26,NaN,NaN,1,terminal_stage_probability_one,1,0,,"","",,Terminal recording stage excluded from Bernoulli complement product.
34,3,1,continue,bernoulli_full_event,45,4,41,0.380572654509618,0.939323461054233,0.357480823016571,full_event_available,0,1,,"8,14,19,23","0.65176,0.42659,0.56883,0.30382",paper_formula,Full Bernoulli event probability uses selected probabilities and non-selected complement probabilities.
34,3,2,continue,bernoulli_full_event,41,6,35,1,0.948068493506925,0.948068493506925,full_event_available,0,1,,"1,2,3,6,13,18","0.31749,0.28445,0.24415,0.83715,0.2469,0.2464",paper_formula,Full Bernoulli event probability uses selected probabilities and non-selected complement probabilities.
34,3,3,load_loss_threshold,bernoulli_full_event,26,0,26,NaN,NaN,1,terminal_stage_probability_one,1,0,,"","",,Terminal recording stage excluded from Bernoulli complement product.
34,4,1,continue,bernoulli_full_event,45,3,42,0.548642182071839,0.28774974926522,0.157871650327495,full_event_available,0,1,,"14,19,23","0.17544,0.10406,0.54936",paper_formula,Full Bernoulli event probability uses selected probabilities and non-selected complement probabilities.
34,4,2,continue,bernoulli_full_event,42,3,39,1,0.942397689127338,0.942397689127338,full_event_available,0,1,,"3,13,18","0.48161,0.86822,0.5358",paper_formula,Full Bernoulli event probability uses selected probabilities and non-selected complement probabilities.
34,4,3,continue,bernoulli_full_event,36,5,31,0.774815880143179,0.954319791860731,0.739422129468627,full_event_available,0,1,,"16,17,31,40,42","0.13847,0.84093,0.60027,0.5205,0.55441",paper_formula,Full Bernoulli event probability uses selected probabilities and non-selected complement probabilities.
34,4,4,load_loss_threshold,bernoulli_full_event,0,0,0,NaN,NaN,1,terminal_stage_probability_one,1,0,,"","",,Terminal recording stage excluded from Bernoulli complement product.
34,5,1,continue,bernoulli_full_event,45,3,42,0.446743025039654,0.139130054599055,0.062155381465514,full_event_available,0,1,,"8,14,19","0.025886,0.056274,0.11106",paper_formula,Full Bernoulli event probability uses selected probabilities and non-selected complement probabilities.
34,5,2,continue,bernoulli_full_event,42,3,39,1,0.941960795495916,0.941960795495916,full_event_available,0,1,,"1,3,18","0.61171,0.58464,0.88666",paper_formula,Full Bernoulli event probability uses selected probabilities and non-selected complement probabilities.
34,5,3,continue,bernoulli_full_event,38,6,32,0.000889676484755319,0.324620791778102,0.000288807484907631,full_event_available,0,1,,"4,21,30,31,40,42","0.99418,0.00085151,0.34794,0.66183,0.59958,0.082501",paper_formula,Full Bernoulli event probability uses selected probabilities and non-selected complement probabilities.
34,5,4,load_loss_threshold,bernoulli_full_event,18,0,18,NaN,NaN,1,terminal_stage_probability_one,1,0,,"","",,Terminal recording stage excluded from Bernoulli complement product.
34,6,1,continue,bernoulli_full_event,45,4,41,0.380572654509618,0.939323461054233,0.357480823016571,full_event_available,0,1,,"8,14,19,23","0.54324,0.83421,0.039592,0.66652",paper_formula,Full Bernoulli event probability uses selected probabilities and non-selected complement probabilities.
34,6,2,continue,bernoulli_full_event,41,6,35,1,0.948068493506925,0.948068493506925,full_event_available,0,1,,"1,2,3,6,13,18","0.78043,0.95062,0.12493,0.86982,0.73853,0.40542",paper_formula,Full Bernoulli event probability uses selected probabilities and non-selected complement probabilities.
34,6,3,load_loss_threshold,bernoulli_full_event,26,0,26,NaN,NaN,1,terminal_stage_probability_one,1,0,,"","",,Terminal recording stage excluded from Bernoulli complement product.
34,7,1,continue,bernoulli_full_event,45,4,41,0.380572654509618,0.939323461054233,0.357480823016571,full_event_available,0,1,,"8,14,19,23","0.16743,0.59426,0.1356,0.80891",paper_formula,Full Bernoulli event probability uses selected probabilities and non-selected complement probabilities.
34,7,2,continue,bernoulli_full_event,41,6,35,1,0.948068493506925,0.948068493506925,full_event_available,0,1,,"1,2,3,6,13,18","0.86597,0.10249,0.97064,0.81206,0.57522,0.59785",paper_formula,Full Bernoulli event probability uses selected probabilities and non-selected complement probabilities.
34,7,3,load_loss_threshold,bernoulli_full_event,26,0,26,NaN,NaN,1,terminal_stage_probability_one,1,0,,"","",,Terminal recording stage excluded from Bernoulli complement product.
34,8,1,continue,bernoulli_full_event,45,4,41,0.380572654509618,0.939323461054233,0.357480823016571,full_event_available,0,1,,"8,14,19,23","0.077154,0.90001,0.24769,0.79637",paper_formula,Full Bernoulli event probability uses selected probabilities and non-selected complement probabilities.
34,8,2,continue,bernoulli_full_event,41,6,35,1,0.948068493506925,0.948068493506925,full_event_available,0,1,,"1,2,3,6,13,18","0.29486,0.65881,0.75947,0.67033,0.88743,0.52623",paper_formula,Full Bernoulli event probability uses selected probabilities and non-selected complement probabilities.
34,8,3,load_loss_threshold,bernoulli_full_event,26,0,26,NaN,NaN,1,terminal_stage_probability_one,1,0,,"","",,Terminal recording stage excluded from Bernoulli complement product.
34,9,1,continue,bernoulli_full_event,45,4,41,0.380572654509618,0.939323461054233,0.357480823016571,full_event_available,0,1,,"8,14,19,23","0.15395,0.74295,0.064556,0.11128",paper_formula,Full Bernoulli event probability uses selected probabilities and non-selected complement probabilities.
34,9,2,continue,bernoulli_full_event,41,6,35,1,0.948068493506925,0.948068493506925,full_event_available,0,1,,"1,2,3,6,13,18","0.16121,0.81291,0.049003,0.70443,0.27094,0.23032",paper_formula,Full Bernoulli event probability uses selected probabilities and non-selected complement probabilities.
34,9,3,load_loss_threshold,bernoulli_full_event,26,0,26,NaN,NaN,1,terminal_stage_probability_one,1,0,,"","",,Terminal recording stage excluded from Bernoulli complement product.
34,10,1,continue,bernoulli_full_event,45,3,42,0.548642182071839,0.28774974926522,0.157871650327495,full_event_available,0,1,,"14,19,23","0.67023,0.31462,0.29956",paper_formula,Full Bernoulli event probability uses selected probabilities and non-selected complement probabilities.
34,10,2,continue,bernoulli_full_event,42,3,39,1,0.942397689127338,0.942397689127338,full_event_available,0,1,,"3,13,18","0.31403,0.19256,0.97643",paper_formula,Full Bernoulli event probability uses selected probabilities and non-selected complement probabilities.
34,10,3,continue,bernoulli_full_event,36,5,31,0.774815880143179,0.954319791860731,0.739422129468627,full_event_available,0,1,,"16,17,31,40,42","0.26093,0.73876,0.42482,0.78418,0.85734",paper_formula,Full Bernoulli event probability uses selected probabilities and non-selected complement probabilities.
34,10,4,load_loss_threshold,bernoulli_full_event,0,0,0,NaN,NaN,1,terminal_stage_probability_one,1,0,,"","",,Terminal recording stage excluded from Bernoulli complement product.
35,1,1,continue,bernoulli_full_event,45,3,42,0.603464305587108,0.938777009424255,0.56651841609335,full_event_available,0,1,,"29,36,38","0.39363,0.37413,0.32051",paper_formula,Full Bernoulli event probability uses selected probabilities and non-selected complement probabilities.
35,1,2,continue,bernoulli_full_event,40,4,36,0.889358471231255,0.947333307961184,0.842518902514806,full_event_available,0,1,,"8,14,19,23","0.0058675,0.90848,0.86688,0.77174",paper_formula,Full Bernoulli event probability uses selected probabilities and non-selected complement probabilities.
35,1,3,continue,bernoulli_full_event,36,7,29,1,0.957215399545745,0.957215399545745,full_event_available,0,1,,"1,2,3,6,13,18,27","0.10165,0.068143,0.97271,0.91577,0.81794,0.098954,0.6783",paper_formula,Full Bernoulli event probability uses selected probabilities and non-selected complement probabilities.
35,1,4,load_loss_threshold,bernoulli_full_event,0,0,0,NaN,NaN,1,terminal_stage_probability_one,1,0,,"","",,Terminal recording stage excluded from Bernoulli complement product.
35,2,1,continue,bernoulli_full_event,45,2,43,1,0.372258593330904,0.372258593330904,full_event_available,0,1,,"36,38","0.22199,0.30138",paper_formula,Full Bernoulli event probability uses selected probabilities and non-selected complement probabilities.
35,2,2,continue,bernoulli_full_event,41,7,34,0.00152582004411031,0.642654783120499,0.000980575549528619,full_event_available,0,1,,"7,8,10,14,19,23,24","7.1629e-05,0.40808,0.91218,0.56528,0.35011,0.69108,0.21579",paper_formula,Full Bernoulli event probability uses selected probabilities and non-selected complement probabilities.
35,2,3,continue,bernoulli_full_event,34,15,19,0.351584531916498,0.971848289785244,0.341686826057994,full_event_available,0,1,,"1,2,3,4,5,6,13,18,26,27,31,33,40,41,42","0.72463,0.74754,0.11677,0.25101,0.62979,0.43771,0.032585,0.69373,0.60183,0.12736,0.20718,0.31879,0.52667,0.26564,0.19059",paper_formula,Full Bernoulli event probability uses selected probabilities and non-selected complement probabilities.
35,2,4,load_loss_threshold,bernoulli_full_event,5,0,5,NaN,NaN,1,terminal_stage_probability_one,1,0,,"","",,Terminal recording stage excluded from Bernoulli complement product.
35,3,1,continue,bernoulli_full_event,45,3,42,0.603464305587108,0.938777009424255,0.56651841609335,full_event_available,0,1,,"29,36,38","0.22411,0.38801,0.042956",paper_formula,Full Bernoulli event probability uses selected probabilities and non-selected complement probabilities.
35,3,2,continue,bernoulli_full_event,40,4,36,0.889358471231255,0.947333307961184,0.842518902514806,full_event_available,0,1,,"8,14,19,23","0.31886,0.95811,0.36484,0.71122",paper_formula,Full Bernoulli event probability uses selected probabilities and non-selected complement probabilities.
35,3,3,continue,bernoulli_full_event,36,7,29,1,0.957215399545745,0.957215399545745,full_event_available,0,1,,"1,2,3,6,13,18,27","0.017836,0.54234,0.87521,0.80035,0.35327,0.58591,0.28395",paper_formula,Full Bernoulli event probability uses selected probabilities and non-selected complement probabilities.
35,3,4,load_loss_threshold,bernoulli_full_event,0,0,0,NaN,NaN,1,terminal_stage_probability_one,1,0,,"","",,Terminal recording stage excluded from Bernoulli complement product.
35,4,1,continue,bernoulli_full_event,45,2,43,1,0.372258593330904,0.372258593330904,full_event_available,0,1,,"36,38","0.56294,0.22386",paper_formula,Full Bernoulli event probability uses selected probabilities and non-selected complement probabilities.
35,4,2,continue,bernoulli_full_event,41,6,35,0.995879997218508,0.641670150883414,0.639026468076974,full_event_available,0,1,,"8,10,14,19,23,24","0.01821,0.4456,0.15324,0.077462,0.8093,0.25216",paper_formula,Full Bernoulli event probability uses selected probabilities and non-selected complement probabilities.
35,4,3,continue,bernoulli_full_event,35,9,26,0.991274542979824,0.961433565474783,0.953044618221478,full_event_available,0,1,,"1,2,3,6,7,13,18,26,27","0.22525,0.66459,0.19123,0.93859,0.56046,0.18893,0.48843,0.64174,0.70541",paper_formula,Full Bernoulli event probability uses selected probabilities and non-selected complement probabilities.
35,4,4,load_loss_threshold,bernoulli_full_event,5,0,5,NaN,NaN,1,terminal_stage_probability_one,1,0,,"","",,Terminal recording stage excluded from Bernoulli complement product.
35,5,1,continue,bernoulli_full_event,45,3,42,0.603464305587108,0.938777009424255,0.56651841609335,full_event_available,0,1,,"29,36,38","0.28171,0.98764,0.39381",paper_formula,Full Bernoulli event probability uses selected probabilities and non-selected complement probabilities.
35,5,2,continue,bernoulli_full_event,40,4,36,0.889358471231255,0.947333307961184,0.842518902514806,full_event_available,0,1,,"8,14,19,23","0.091269,0.66909,0.20824,0.7515",paper_formula,Full Bernoulli event probability uses selected probabilities and non-selected complement probabilities.
35,5,3,continue,bernoulli_full_event,36,7,29,1,0.957215399545745,0.957215399545745,full_event_available,0,1,,"1,2,3,6,13,18,27","0.77497,0.64901,0.62088,0.19571,0.25375,0.9599,0.76315",paper_formula,Full Bernoulli event probability uses selected probabilities and non-selected complement probabilities.
35,5,4,load_loss_threshold,bernoulli_full_event,0,0,0,NaN,NaN,1,terminal_stage_probability_one,1,0,,"","",,Terminal recording stage excluded from Bernoulli complement product.
35,6,1,continue,bernoulli_full_event,45,3,42,0.603464305587108,0.938777009424255,0.56651841609335,full_event_available,0,1,,"29,36,38","0.37014,0.4275,0.27114",paper_formula,Full Bernoulli event probability uses selected probabilities and non-selected complement probabilities.
35,6,2,continue,bernoulli_full_event,40,4,36,0.889358471231255,0.947333307961184,0.842518902514806,full_event_available,0,1,,"8,14,19,23","0.71054,0.15777,0.35892,0.29227",paper_formula,Full Bernoulli event probability uses selected probabilities and non-selected complement probabilities.
35,6,3,continue,bernoulli_full_event,36,7,29,1,0.957215399545745,0.957215399545745,full_event_available,0,1,,"1,2,3,6,13,18,27","0.47475,0.26639,0.86159,0.030054,0.49344,0.37762,0.12236",paper_formula,Full Bernoulli event probability uses selected probabilities and non-selected complement probabilities.
35,6,4,load_loss_threshold,bernoulli_full_event,0,0,0,NaN,NaN,1,terminal_stage_probability_one,1,0,,"","",,Terminal recording stage excluded from Bernoulli complement product.
35,7,1,continue,bernoulli_full_event,45,2,43,1,0.372258593330904,0.372258593330904,full_event_available,0,1,,"36,38","0.28156,0.61127",paper_formula,Full Bernoulli event probability uses selected probabilities and non-selected complement probabilities.
35,7,2,continue,bernoulli_full_event,41,7,34,0.323422061509449,0.950284670822074,0.307343027258103,full_event_available,0,1,,"8,10,14,19,20,23,24","0.15087,0.6434,0.10934,0.89284,0.056314,0.51866,0.96675",paper_formula,Full Bernoulli event probability uses selected probabilities and non-selected complement probabilities.
35,7,3,load_loss_threshold,bernoulli_full_event,34,0,34,NaN,NaN,1,terminal_stage_probability_one,1,0,,"","",,Terminal recording stage excluded from Bernoulli complement product.
35,8,1,continue,bernoulli_full_event,45,3,42,0.603464305587108,0.938777009424255,0.56651841609335,full_event_available,0,1,,"29,36,38","0.15668,0.74962,0.47361",paper_formula,Full Bernoulli event probability uses selected probabilities and non-selected complement probabilities.
35,8,2,continue,bernoulli_full_event,40,4,36,0.889358471231255,0.947333307961184,0.842518902514806,full_event_available,0,1,,"8,14,19,23","0.35628,0.30078,0.23149,0.1674",paper_formula,Full Bernoulli event probability uses selected probabilities and non-selected complement probabilities.
35,8,3,continue,bernoulli_full_event,36,7,29,1,0.957215399545745,0.957215399545745,full_event_available,0,1,,"1,2,3,6,13,18,27","0.74916,0.20176,0.59077,0.94636,0.37714,0.079507,0.78",paper_formula,Full Bernoulli event probability uses selected probabilities and non-selected complement probabilities.
35,8,4,load_loss_threshold,bernoulli_full_event,0,0,0,NaN,NaN,1,terminal_stage_probability_one,1,0,,"","",,Terminal recording stage excluded from Bernoulli complement product.
35,9,1,continue,bernoulli_full_event,45,3,42,0.603464305587108,0.938777009424255,0.56651841609335,full_event_available,0,1,,"29,36,38","0.48013,0.051225,0.50251",paper_formula,Full Bernoulli event probability uses selected probabilities and non-selected complement probabilities.
35,9,2,continue,bernoulli_full_event,40,4,36,0.889358471231255,0.947333307961184,0.842518902514806,full_event_available,0,1,,"8,14,19,23","0.49477,0.29049,0.50086,0.8735",paper_formula,Full Bernoulli event probability uses selected probabilities and non-selected complement probabilities.
35,9,3,continue,bernoulli_full_event,36,7,29,1,0.957215399545745,0.957215399545745,full_event_available,0,1,,"1,2,3,6,13,18,27","0.45055,0.81682,0.47921,0.059855,0.53725,0.55211,0.093082",paper_formula,Full Bernoulli event probability uses selected probabilities and non-selected complement probabilities.
35,9,4,load_loss_threshold,bernoulli_full_event,0,0,0,NaN,NaN,1,terminal_stage_probability_one,1,0,,"","",,Terminal recording stage excluded from Bernoulli complement product.
35,10,1,continue,bernoulli_full_event,45,3,42,0.603464305587108,0.938777009424255,0.56651841609335,full_event_available,0,1,,"29,36,38","0.57386,0.10289,0.82856",paper_formula,Full Bernoulli event probability uses selected probabilities and non-selected complement probabilities.
35,10,2,continue,bernoulli_full_event,40,4,36,0.889358471231255,0.947333307961184,0.842518902514806,full_event_available,0,1,,"8,14,19,23","0.47956,0.57519,0.080829,0.038626",paper_formula,Full Bernoulli event probability uses selected probabilities and non-selected complement probabilities.
35,10,3,continue,bernoulli_full_event,36,7,29,1,0.957215399545745,0.957215399545745,full_event_available,0,1,,"1,2,3,6,13,18,27","0.40577,0.62268,0.87237,0.22899,0.53452,0.68896,0.62319",paper_formula,Full Bernoulli event probability uses selected probabilities and non-selected complement probabilities.
35,10,4,load_loss_threshold,bernoulli_full_event,0,0,0,NaN,NaN,1,terminal_stage_probability_one,1,0,,"","",,Terminal recording stage excluded from Bernoulli complement product.
36,1,1,no_new_outage,bernoulli_full_event,45,0,45,1,0.934292092393927,0.934292092393927,full_event_available,1,1,,"","",paper_formula,Full Bernoulli event probability uses selected probabilities and non-selected complement probabilities.
36,2,1,no_new_outage,bernoulli_full_event,45,0,45,1,0.934292092393927,0.934292092393927,full_event_available,1,1,,"","",paper_formula,Full Bernoulli event probability uses selected probabilities and non-selected complement probabilities.
36,3,1,no_new_outage,bernoulli_full_event,45,0,45,1,0.934292092393927,0.934292092393927,full_event_available,1,1,,"","",paper_formula,Full Bernoulli event probability uses selected probabilities and non-selected complement probabilities.
36,4,1,no_new_outage,bernoulli_full_event,45,0,45,1,0.934292092393927,0.934292092393927,full_event_available,1,1,,"","",paper_formula,Full Bernoulli event probability uses selected probabilities and non-selected complement probabilities.
36,5,1,no_new_outage,bernoulli_full_event,45,0,45,1,0.934292092393927,0.934292092393927,full_event_available,1,1,,"","",paper_formula,Full Bernoulli event probability uses selected probabilities and non-selected complement probabilities.
36,6,1,no_new_outage,bernoulli_full_event,45,0,45,1,0.934292092393927,0.934292092393927,full_event_available,1,1,,"","",paper_formula,Full Bernoulli event probability uses selected probabilities and non-selected complement probabilities.
36,7,1,no_new_outage,bernoulli_full_event,45,0,45,1,0.934292092393927,0.934292092393927,full_event_available,1,1,,"","",paper_formula,Full Bernoulli event probability uses selected probabilities and non-selected complement probabilities.
36,8,1,continue,bernoulli_full_event,45,1,44,0.001612970515,0.935801512641711,0.00150942024778348,full_event_available,0,1,,"32","0.00084331",paper_formula,Full Bernoulli event probability uses selected probabilities and non-selected complement probabilities.
36,8,2,continue,bernoulli_full_event,43,1,42,0.945465453274532,0.93789553368848,0.886747825882938,full_event_available,0,1,,"27","0.27705",paper_formula,Full Bernoulli event probability uses selected probabilities and non-selected complement probabilities.
36,8,3,continue,bernoulli_full_event,41,2,39,0.0877984484559261,0.882936769212864,0.0775204784215775,full_event_available,0,1,,"14,23","0.25436,0.013373",paper_formula,Full Bernoulli event probability uses selected probabilities and non-selected complement probabilities.
36,8,4,continue,bernoulli_full_event,39,3,36,1,0.945934982454331,0.945934982454331,full_event_available,0,1,,"3,13,18","0.59404,0.24827,0.022754",paper_formula,Full Bernoulli event probability uses selected probabilities and non-selected complement probabilities.
36,8,5,max_depth_reached,bernoulli_full_event,32,0,32,NaN,NaN,1,terminal_stage_probability_one,1,0,,"","",,Terminal recording stage excluded from Bernoulli complement product.
36,9,1,no_new_outage,bernoulli_full_event,45,0,45,1,0.934292092393927,0.934292092393927,full_event_available,1,1,,"","",paper_formula,Full Bernoulli event probability uses selected probabilities and non-selected complement probabilities.
36,10,1,no_new_outage,bernoulli_full_event,45,0,45,1,0.934292092393927,0.934292092393927,full_event_available,1,1,,"","",paper_formula,Full Bernoulli event probability uses selected probabilities and non-selected complement probabilities.
37,1,1,continue,bernoulli_full_event,45,4,41,0.743755383958726,0.939771339282229,0.69895999328126,full_event_available,0,1,,"8,14,19,23","0.14404,0.46349,0.58322,0.20269",paper_formula,Full Bernoulli event probability uses selected probabilities and non-selected complement probabilities.
37,1,2,continue,bernoulli_full_event,41,7,34,0.640450909928974,0.949574548316776,0.608155883514874,full_event_available,0,1,,"1,2,3,6,13,18,27","0.66086,0.98538,0.64271,0.099279,0.17469,0.52603,0.39241",paper_formula,Full Bernoulli event probability uses selected probabilities and non-selected complement probabilities.
37,1,3,load_loss_threshold,bernoulli_full_event,0,0,0,NaN,NaN,1,terminal_stage_probability_one,1,0,,"","",,Terminal recording stage excluded from Bernoulli complement product.
37,2,1,continue,bernoulli_full_event,45,5,40,0.00113953174672529,0.941213402864072,0.00107254255300695,full_event_available,0,1,,"7,8,14,19,23","0.00072776,0.33571,0.18377,0.68619,0.094496",paper_formula,Full Bernoulli event probability uses selected probabilities and non-selected complement probabilities.
37,2,2,continue,bernoulli_full_event,40,10,30,0.965816459626333,0.955641817871917,0.922974597207927,full_event_available,0,1,,"1,2,3,4,6,13,18,27,40,42","0.91278,0.45212,0.21054,0.8116,0.30648,0.48651,0.79203,0.79074,0.3046,0.86391",paper_formula,Full Bernoulli event probability uses selected probabilities and non-selected complement probabilities.
37,2,3,load_loss_threshold,bernoulli_full_event,0,0,0,NaN,NaN,1,terminal_stage_probability_one,1,0,,"","",,Terminal recording stage excluded from Bernoulli complement product.
37,3,1,continue,bernoulli_full_event,45,2,43,0.999461808089969,0.0140739332067289,0.0140663587297347,full_event_available,0,1,,"14,23","0.82635,0.87493",paper_formula,Full Bernoulli event probability uses selected probabilities and non-selected complement probabilities.
37,3,2,continue,bernoulli_full_event,43,3,40,1,0.941166285123486,0.941166285123486,full_event_available,0,1,,"3,13,18","0.22814,0.99127,0.57155",paper_formula,Full Bernoulli event probability uses selected probabilities and non-selected complement probabilities.
37,3,3,continue,bernoulli_full_event,36,6,30,1,0.722858699472446,0.722858699472446,full_event_available,0,1,,"16,17,27,31,40,42","0.68139,0.69961,0.15226,0.52356,0.2012,0.44889",paper_formula,Full Bernoulli event probability uses selected probabilities and non-selected complement probabilities.
37,3,4,load_loss_threshold,bernoulli_full_event,0,0,0,NaN,NaN,1,terminal_stage_probability_one,1,0,,"","",,Terminal recording stage excluded from Bernoulli complement product.
37,4,1,continue,bernoulli_full_event,45,5,40,0.00132584116957878,0.941449596220833,0.0012482126337529,full_event_available,0,1,,"8,14,17,19,23","0.4965,0.61589,0.00090382,0.24623,0.65519",paper_formula,Full Bernoulli event probability uses selected probabilities and non-selected complement probabilities.
37,4,2,continue,bernoulli_full_event,30,5,25,0.640450909928974,0.962412566113835,0.616378003694684,full_event_available,0,1,,"1,2,3,6,27","0.26677,0.35429,0.73487,0.55303,0.45136",paper_formula,Full Bernoulli event probability uses selected probabilities and non-selected complement probabilities.
37,4,3,load_loss_threshold,bernoulli_full_event,0,0,0,NaN,NaN,1,terminal_stage_probability_one,1,0,,"","",,Terminal recording stage excluded from Bernoulli complement product.
37,5,1,continue,bernoulli_full_event,45,5,40,0.00119000601267763,0.941277379797316,0.00112012574155625,full_event_available,0,1,,"8,13,14,19,23","0.5638,0.0006059,0.21455,0.28836,0.59033",paper_formula,Full Bernoulli event probability uses selected probabilities and non-selected complement probabilities.
37,5,2,continue,bernoulli_full_event,36,2,34,1,0.949409404331467,0.949409404331467,full_event_available,0,1,,"3,27","0.066502,0.28591",paper_formula,Full Bernoulli event probability uses selected probabilities and non-selected complement probabilities.
37,5,3,load_loss_threshold,bernoulli_full_event,31,0,31,NaN,NaN,1,terminal_stage_probability_one,1,0,,"","",,Terminal recording stage excluded from Bernoulli complement product.
37,6,1,continue,bernoulli_full_event,45,3,42,0.922058633421064,0.181728447055357,0.167564283545595,full_event_available,0,1,,"8,14,23","0.5018,0.97583,0.89605",paper_formula,Full Bernoulli event probability uses selected probabilities and non-selected complement probabilities.
37,6,2,continue,bernoulli_full_event,42,7,35,0.5171222282393,0.947881807589252,0.490170752448049,full_event_available,0,1,,"1,2,3,6,13,18,27","0.99325,0.85247,0.62707,0.73236,0.9489,0.61378,0.54689",paper_formula,Full Bernoulli event probability uses selected probabilities and non-selected complement probabilities.
37,6,3,load_loss_threshold,bernoulli_full_event,0,0,0,NaN,NaN,1,terminal_stage_probability_one,1,0,,"","",,Terminal recording stage excluded from Bernoulli complement product.
37,7,1,continue,bernoulli_full_event,45,4,41,0.743755383958726,0.939771339282229,0.69895999328126,full_event_available,0,1,,"8,14,19,23","0.75127,0.45321,0.35551,0.010079",paper_formula,Full Bernoulli event probability uses selected probabilities and non-selected complement probabilities.
37,7,2,continue,bernoulli_full_event,41,7,34,0.640450909928974,0.949574548316776,0.608155883514874,full_event_available,0,1,,"1,2,3,6,13,18,27","0.42018,0.91683,0.060971,0.35619,0.37104,0.23093,0.38744",paper_formula,Full Bernoulli event probability uses selected probabilities and non-selected complement probabilities.
37,7,3,load_loss_threshold,bernoulli_full_event,0,0,0,NaN,NaN,1,terminal_stage_probability_one,1,0,,"","",,Terminal recording stage excluded from Bernoulli complement product.
37,8,1,continue,bernoulli_full_event,45,3,42,0.922058633421064,0.181728447055357,0.167564283545595,full_event_available,0,1,,"8,14,23","0.45988,0.97052,0.71852",paper_formula,Full Bernoulli event probability uses selected probabilities and non-selected complement probabilities.
37,8,2,continue,bernoulli_full_event,42,6,36,0.807434606184959,0.340810041413595,0.275181821572665,full_event_available,0,1,,"1,2,3,6,13,18","0.18826,0.83587,0.13199,0.64643,0.4172,0.7257",paper_formula,Full Bernoulli event probability uses selected probabilities and non-selected complement probabilities.
37,8,3,load_loss_threshold,bernoulli_full_event,26,0,26,NaN,NaN,1,terminal_stage_probability_one,1,0,,"","",,Terminal recording stage excluded from Bernoulli complement product.
37,9,1,continue,bernoulli_full_event,45,5,40,0.00119000601267763,0.941277379797316,0.00112012574155625,full_event_available,0,1,,"8,13,14,19,23","0.0314,0.0014221,0.22019,0.57079,0.13622",paper_formula,Full Bernoulli event probability uses selected probabilities and non-selected complement probabilities.
37,9,2,continue,bernoulli_full_event,36,2,34,1,0.949409404331467,0.949409404331467,full_event_available,0,1,,"3,27","0.8566,0.090812",paper_formula,Full Bernoulli event probability uses selected probabilities and non-selected complement probabilities.
37,9,3,load_loss_threshold,bernoulli_full_event,31,0,31,NaN,NaN,1,terminal_stage_probability_one,1,0,,"","",,Terminal recording stage excluded from Bernoulli complement product.
37,10,1,continue,bernoulli_full_event,45,4,41,0.743755383958726,0.939771339282229,0.69895999328126,full_event_available,0,1,,"8,14,19,23","0.020302,0.90462,0.67432,0.67136",paper_formula,Full Bernoulli event probability uses selected probabilities and non-selected complement probabilities.
37,10,2,continue,bernoulli_full_event,41,7,34,0.640450909928974,0.949574548316776,0.608155883514874,full_event_available,0,1,,"1,2,3,6,13,18,27","0.93528,0.60638,0.89995,0.37613,0.74875,0.0070477,0.11029",paper_formula,Full Bernoulli event probability uses selected probabilities and non-selected complement probabilities.
37,10,3,load_loss_threshold,bernoulli_full_event,0,0,0,NaN,NaN,1,terminal_stage_probability_one,1,0,,"","",,Terminal recording stage excluded from Bernoulli complement product.
38,1,1,continue,bernoulli_full_event,45,2,43,0.99919413566541,0.937081044075375,0.936325883883335,full_event_available,0,1,,"28,35","0.12922,0.85024",paper_formula,Full Bernoulli event probability uses selected probabilities and non-selected complement probabilities.
38,1,2,continue,bernoulli_full_event,40,4,36,0.999323112278406,0.947213048198784,0.946571891316725,full_event_available,0,1,,"8,14,19,23","0.97283,0.47125,0.87868,0.38264",paper_formula,Full Bernoulli event probability uses selected probabilities and non-selected complement probabilities.
38,1,3,continue,bernoulli_full_event,36,8,28,0.151687397002273,0.958562530037929,0.145401855045367,full_event_available,0,1,,"1,2,3,6,7,13,18,27","0.60101,0.64598,0.007424,0.19977,0.0078779,0.80579,0.62387,0.95267",paper_formula,Full Bernoulli event probability uses selected probabilities and non-selected complement probabilities.
38,1,4,load_loss_threshold,bernoulli_full_event,0,0,0,NaN,NaN,1,terminal_stage_probability_one,1,0,,"","",,Terminal recording stage excluded from Bernoulli complement product.
38,2,1,continue,bernoulli_full_event,45,2,43,0.99919413566541,0.937081044075375,0.936325883883335,full_event_available,0,1,,"28,35","0.90868,0.3301",paper_formula,Full Bernoulli event probability uses selected probabilities and non-selected complement probabilities.
38,2,2,continue,bernoulli_full_event,40,4,36,0.999323112278406,0.947213048198784,0.946571891316725,full_event_available,0,1,,"8,14,19,23","0.31155,0.8535,0.95419,0.46452",paper_formula,Full Bernoulli event probability uses selected probabilities and non-selected complement probabilities.
38,2,3,continue,bernoulli_full_event,36,7,29,0.968351418346409,0.808408513334304,0.782823530490585,full_event_available,0,1,,"1,2,3,6,13,18,27","0.20762,0.88917,0.90005,0.37472,0.95461,0.36669,0.38692",paper_formula,Full Bernoulli event probability uses selected probabilities and non-selected complement probabilities.
38,2,4,load_loss_threshold,bernoulli_full_event,0,0,0,NaN,NaN,1,terminal_stage_probability_one,1,0,,"","",,Terminal recording stage excluded from Bernoulli complement product.
38,3,1,continue,bernoulli_full_event,45,2,43,0.99919413566541,0.937081044075375,0.936325883883335,full_event_available,0,1,,"28,35","0.88291,0.90777",paper_formula,Full Bernoulli event probability uses selected probabilities and non-selected complement probabilities.
38,3,2,continue,bernoulli_full_event,40,4,36,0.999323112278406,0.947213048198784,0.946571891316725,full_event_available,0,1,,"8,14,19,23","0.097935,0.53732,0.26689,0.64355",paper_formula,Full Bernoulli event probability uses selected probabilities and non-selected complement probabilities.
38,3,3,continue,bernoulli_full_event,36,7,29,0.968351418346409,0.808408513334304,0.782823530490585,full_event_available,0,1,,"1,2,3,6,13,18,27","0.15077,0.945,0.52501,0.72604,0.33696,0.26881,0.22425",paper_formula,Full Bernoulli event probability uses selected probabilities and non-selected complement probabilities.
38,3,4,load_loss_threshold,bernoulli_full_event,0,0,0,NaN,NaN,1,terminal_stage_probability_one,1,0,,"","",,Terminal recording stage excluded from Bernoulli complement product.
38,4,1,continue,bernoulli_full_event,45,2,43,0.99919413566541,0.937081044075375,0.936325883883335,full_event_available,0,1,,"28,35","0.6034,0.31447",paper_formula,Full Bernoulli event probability uses selected probabilities and non-selected complement probabilities.
38,4,2,continue,bernoulli_full_event,40,5,35,0.0015989134840132,0.948731014503328,0.0015169388117909,full_event_available,0,1,,"8,13,14,19,23","0.52792,0.0012276,0.041967,0.052173,0.3583",paper_formula,Full Bernoulli event probability uses selected probabilities and non-selected complement probabilities.
38,4,3,continue,bernoulli_full_event,31,2,29,1,0.956927433594916,0.956927433594916,full_event_available,0,1,,"3,27","0.93486,0.97437",paper_formula,Full Bernoulli event probability uses selected probabilities and non-selected complement probabilities.
38,4,4,load_loss_threshold,bernoulli_full_event,0,0,0,NaN,NaN,1,terminal_stage_probability_one,1,0,,"","",,Terminal recording stage excluded from Bernoulli complement product.
38,5,1,continue,bernoulli_full_event,45,3,42,0.00112104988026782,0.938133586827227,0.00105169454518788,full_event_available,0,1,,"15,28,35","0.0010201,0.17197,0.91504",paper_formula,Full Bernoulli event probability uses selected probabilities and non-selected complement probabilities.
38,5,2,continue,bernoulli_full_event,39,5,34,1,0.94987260210698,0.94987260210698,full_event_available,0,1,,"8,10,14,19,23","0.85054,0.91872,0.22453,0.10486,0.1718",paper_formula,Full Bernoulli event probability uses selected probabilities and non-selected complement probabilities.
38,5,3,continue,bernoulli_full_event,28,5,23,0.968351418346409,0.815601304209732,0.789788679736675,full_event_available,0,1,,"1,2,3,6,27","0.19473,0.92741,0.37007,0.91709,0.3686",paper_formula,Full Bernoulli event probability uses selected probabilities and non-selected complement probabilities.
38,5,4,load_loss_threshold,bernoulli_full_event,0,0,0,NaN,NaN,1,terminal_stage_probability_one,1,0,,"","",,Terminal recording stage excluded from Bernoulli complement product.
38,6,1,continue,bernoulli_full_event,45,2,43,0.99919413566541,0.937081044075375,0.936325883883335,full_event_available,0,1,,"28,35","0.32265,0.66395",paper_formula,Full Bernoulli event probability uses selected probabilities and non-selected complement probabilities.
38,6,2,continue,bernoulli_full_event,40,5,35,0.00112318923702839,0.948278866254217,0.00106509661627822,full_event_available,0,1,,"8,14,19,23,34","0.16917,0.045839,0.82864,0.99646,0.00054969",paper_formula,Full Bernoulli event probability uses selected probabilities and non-selected complement probabilities.
38,6,3,continue,bernoulli_full_event,35,9,26,0.806153922164186,0.809805748727067,0.652828080527431,full_event_available,0,1,,"1,2,3,6,7,13,18,26,42","0.74184,0.78684,0.17139,0.53079,0.44128,0.90761,0.84675,0.79448,0.33073",paper_formula,Full Bernoulli event probability uses selected probabilities and non-selected complement probabilities.
38,6,4,load_loss_threshold,bernoulli_full_event,7,0,7,NaN,NaN,1,terminal_stage_probability_one,1,0,,"","",,Terminal recording stage excluded from Bernoulli complement product.
38,7,1,continue,bernoulli_full_event,45,2,43,0.99919413566541,0.937081044075375,0.936325883883335,full_event_available,0,1,,"28,35","0.96663,0.20519",paper_formula,Full Bernoulli event probability uses selected probabilities and non-selected complement probabilities.
38,7,2,continue,bernoulli_full_event,40,5,35,0.00157398034737878,0.948707306299275,0.00149324665552972,full_event_available,0,1,,"5,8,14,19,23","0.00059895,0.49635,0.17368,0.38305,0.61498",paper_formula,Full Bernoulli event probability uses selected probabilities and non-selected complement probabilities.
38,7,3,continue,bernoulli_full_event,35,6,29,1,0.957025960484429,0.957025960484429,full_event_available,0,1,,"1,2,3,13,18,27","0.54852,0.77821,0.52512,0.17516,0.70975,0.018718",paper_formula,Full Bernoulli event probability uses selected probabilities and non-selected complement probabilities.
38,7,4,load_loss_threshold,bernoulli_full_event,0,0,0,NaN,NaN,1,terminal_stage_probability_one,1,0,,"","",,Terminal recording stage excluded from Bernoulli complement product.
38,8,1,continue,bernoulli_full_event,45,2,43,0.99919413566541,0.937081044075375,0.936325883883335,full_event_available,0,1,,"28,35","0.50942,0.62424",paper_formula,Full Bernoulli event probability uses selected probabilities and non-selected complement probabilities.
38,8,2,continue,bernoulli_full_event,40,4,36,0.999323112278406,0.947213048198784,0.946571891316725,full_event_available,0,1,,"8,14,19,23","0.086747,0.93717,0.72236,0.11795",paper_formula,Full Bernoulli event probability uses selected probabilities and non-selected complement probabilities.
38,8,3,continue,bernoulli_full_event,36,7,29,0.968351418346409,0.808408513334304,0.782823530490585,full_event_available,0,1,,"1,2,3,6,13,18,27","0.33044,0.71456,0.33237,0.73851,0.87316,0.88492,0.82777",paper_formula,Full Bernoulli event probability uses selected probabilities and non-selected complement probabilities.
38,8,4,load_loss_threshold,bernoulli_full_event,0,0,0,NaN,NaN,1,terminal_stage_probability_one,1,0,,"","",,Terminal recording stage excluded from Bernoulli complement product.
38,9,1,continue,bernoulli_full_event,45,2,43,0.99919413566541,0.937081044075375,0.936325883883335,full_event_available,0,1,,"28,35","0.8145,0.13198",paper_formula,Full Bernoulli event probability uses selected probabilities and non-selected complement probabilities.
38,9,2,continue,bernoulli_full_event,40,4,36,0.999323112278406,0.947213048198784,0.946571891316725,full_event_available,0,1,,"8,14,19,23","0.92096,0.30343,0.88187,0.14024",paper_formula,Full Bernoulli event probability uses selected probabilities and non-selected complement probabilities.
38,9,3,continue,bernoulli_full_event,36,7,29,0.968351418346409,0.808408513334304,0.782823530490585,full_event_available,0,1,,"1,2,3,6,13,18,27","0.95644,0.98595,0.3142,0.36511,0.26135,0.44226,0.50564",paper_formula,Full Bernoulli event probability uses selected probabilities and non-selected complement probabilities.
38,9,4,load_loss_threshold,bernoulli_full_event,0,0,0,NaN,NaN,1,terminal_stage_probability_one,1,0,,"","",,Terminal recording stage excluded from Bernoulli complement product.
38,10,1,continue,bernoulli_full_event,45,2,43,0.99919413566541,0.937081044075375,0.936325883883335,full_event_available,0,1,,"28,35","0.04562,0.27776",paper_formula,Full Bernoulli event probability uses selected probabilities and non-selected complement probabilities.
38,10,2,continue,bernoulli_full_event,40,4,36,0.999323112278406,0.947213048198784,0.946571891316725,full_event_available,0,1,,"8,14,19,23","0.090073,0.75938,0.83723,0.010601",paper_formula,Full Bernoulli event probability uses selected probabilities and non-selected complement probabilities.
38,10,3,continue,bernoulli_full_event,36,7,29,0.968351418346409,0.808408513334304,0.782823530490585,full_event_available,0,1,,"1,2,3,6,13,18,27","0.47562,0.76492,0.26091,0.090168,0.5391,0.34275,0.80106",paper_formula,Full Bernoulli event probability uses selected probabilities and non-selected complement probabilities.
38,10,4,load_loss_threshold,bernoulli_full_event,0,0,0,NaN,NaN,1,terminal_stage_probability_one,1,0,,"","",,Terminal recording stage excluded from Bernoulli complement product.
39,1,1,continue,bernoulli_full_event,45,3,42,0.662549537093522,0.33277188949521,0.220477861342788,full_event_available,0,1,,"8,14,23","0.21494,0.074919,0.61279",paper_formula,Full Bernoulli event probability uses selected probabilities and non-selected complement probabilities.
39,1,2,continue,bernoulli_full_event,42,6,36,0.8074346061849,0.946775734976124,0.764459492715865,full_event_available,0,1,,"1,2,3,6,13,18","0.67314,0.1776,0.17564,0.93823,0.40366,0.39189",paper_formula,Full Bernoulli event probability uses selected probabilities and non-selected complement probabilities.
39,1,3,load_loss_threshold,bernoulli_full_event,26,0,26,NaN,NaN,1,terminal_stage_probability_one,1,0,,"","",,Terminal recording stage excluded from Bernoulli complement product.
39,2,1,continue,bernoulli_full_event,45,3,42,0.568945603166093,0.232916078524322,0.132516578783101,full_event_available,0,1,,"14,19,23","0.20331,0.25668,0.87558",paper_formula,Full Bernoulli event probability uses selected probabilities and non-selected complement probabilities.
39,2,2,continue,bernoulli_full_event,42,3,39,1,0.942793315433605,0.942793315433605,full_event_available,0,1,,"3,13,18","0.5908,0.16259,0.49069",paper_formula,Full Bernoulli event probability uses selected probabilities and non-selected complement probabilities.
39,2,3,continue,bernoulli_full_event,36,6,30,0.764617495511415,0.955781319411721,0.730807118705186,full_event_available,0,1,,"16,17,27,31,40,42","0.62754,0.72495,0.59964,0.91606,0.31745,0.33336",paper_formula,Full Bernoulli event probability uses selected probabilities and non-selected complement probabilities.
39,2,4,load_loss_threshold,bernoulli_full_event,0,0,0,NaN,NaN,1,terminal_stage_probability_one,1,0,,"","",,Terminal recording stage excluded from Bernoulli complement product.
39,3,1,continue,bernoulli_full_event,45,4,41,0.427928183640797,0.939717796774252,0.402131729908537,full_event_available,0,1,,"8,14,19,23","0.36795,0.53401,0.35955,0.71897",paper_formula,Full Bernoulli event probability uses selected probabilities and non-selected complement probabilities.
39,3,2,continue,bernoulli_full_event,41,6,35,1,0.948466500463544,0.948466500463544,full_event_available,0,1,,"1,2,3,6,13,18","0.28694,0.73168,0.066589,0.29586,0.91849,0.73992",paper_formula,Full Bernoulli event probability uses selected probabilities and non-selected complement probabilities.
39,3,3,load_loss_threshold,bernoulli_full_event,26,0,26,NaN,NaN,1,terminal_stage_probability_one,1,0,,"","",,Terminal recording stage excluded from Bernoulli complement product.
39,4,1,continue,bernoulli_full_event,45,2,43,0.880882962187659,0.0824799996450137,0.0726552264085368,full_event_available,0,1,,"14,23","0.30011,0.73379",paper_formula,Full Bernoulli event probability uses selected probabilities and non-selected complement probabilities.
39,4,2,continue,bernoulli_full_event,43,3,40,1,0.9411126631399,0.9411126631399,full_event_available,0,1,,"3,13,18","0.74219,0.70415,0.29644",paper_formula,Full Bernoulli event probability uses selected probabilities and non-selected complement probabilities.
39,4,3,continue,bernoulli_full_event,36,6,30,0.764617495511415,0.955781319411721,0.730807118705186,full_event_available,0,1,,"16,17,27,31,40,42","0.2337,0.17313,0.80592,0.9658,0.32184,0.73137",paper_formula,Full Bernoulli event probability uses selected probabilities and non-selected complement probabilities.
39,4,4,load_loss_threshold,bernoulli_full_event,0,0,0,NaN,NaN,1,terminal_stage_probability_one,1,0,,"","",,Terminal recording stage excluded from Bernoulli complement product.
39,5,1,continue,bernoulli_full_event,45,2,43,0.880882962187659,0.0824799996450137,0.0726552264085368,full_event_available,0,1,,"14,23","0.56358,0.76955",paper_formula,Full Bernoulli event probability uses selected probabilities and non-selected complement probabilities.
39,5,2,continue,bernoulli_full_event,43,3,40,1,0.9411126631399,0.9411126631399,full_event_available,0,1,,"3,13,18","0.61057,0.73275,0.29758",paper_formula,Full Bernoulli event probability uses selected probabilities and non-selected complement probabilities.
39,5,3,continue,bernoulli_full_event,36,6,30,0.764617495511415,0.955781319411721,0.730807118705186,full_event_available,0,1,,"16,17,27,31,40,42","0.064361,0.9161,0.67495,0.41396,0.19809,0.31514",paper_formula,Full Bernoulli event probability uses selected probabilities and non-selected complement probabilities.
39,5,4,load_loss_threshold,bernoulli_full_event,0,0,0,NaN,NaN,1,terminal_stage_probability_one,1,0,,"","",,Terminal recording stage excluded from Bernoulli complement product.
39,6,1,continue,bernoulli_full_event,45,5,40,0.000647101194474739,0.941140964177968,0.000609013442088671,full_event_available,0,1,,"8,14,19,23,46","0.47683,0.58479,0.38582,0.33352,0.00064817",paper_formula,Full Bernoulli event probability uses selected probabilities and non-selected complement probabilities.
39,6,2,continue,bernoulli_full_event,40,7,33,1,0.903604592281962,0.903604592281962,full_event_available,0,1,,"1,2,3,13,18,27,40","0.22125,0.76708,0.83959,0.5837,0.36264,0.81696,0.00017165",paper_formula,Full Bernoulli event probability uses selected probabilities and non-selected complement probabilities.
39,6,3,load_loss_threshold,bernoulli_full_event,0,0,0,NaN,NaN,1,terminal_stage_probability_one,1,0,,"","",,Terminal recording stage excluded from Bernoulli complement product.
39,7,1,continue,bernoulli_full_event,45,4,41,0.427928183640797,0.939717796774252,0.402131729908537,full_event_available,0,1,,"8,14,19,23","0.74026,0.19825,0.20581,0.79167",paper_formula,Full Bernoulli event probability uses selected probabilities and non-selected complement probabilities.
39,7,2,continue,bernoulli_full_event,41,6,35,1,0.948466500463544,0.948466500463544,full_event_available,0,1,,"1,2,3,6,13,18","0.11738,0.40581,0.39581,0.65096,0.63337,0.19898",paper_formula,Full Bernoulli event probability uses selected probabilities and non-selected complement probabilities.
39,7,3,load_loss_threshold,bernoulli_full_event,26,0,26,NaN,NaN,1,terminal_stage_probability_one,1,0,,"","",,Terminal recording stage excluded from Bernoulli complement product.
39,8,1,continue,bernoulli_full_event,45,2,43,0.880882962187659,0.0824799996450137,0.0726552264085368,full_event_available,0,1,,"14,23","0.12444,0.45029",paper_formula,Full Bernoulli event probability uses selected probabilities and non-selected complement probabilities.
39,8,2,continue,bernoulli_full_event,43,3,40,1,0.9411126631399,0.9411126631399,full_event_available,0,1,,"3,13,18","0.81039,0.19383,0.10278",paper_formula,Full Bernoulli event probability uses selected probabilities and non-selected complement probabilities.
39,8,3,continue,bernoulli_full_event,36,5,31,1,0.224974200706535,0.224974200706535,full_event_available,0,1,,"17,27,31,40,42","0.39604,0.78008,0.64702,0.0158,0.15632",paper_formula,Full Bernoulli event probability uses selected probabilities and non-selected complement probabilities.
39,8,4,load_loss_threshold,bernoulli_full_event,0,0,0,NaN,NaN,1,terminal_stage_probability_one,1,0,,"","",,Terminal recording stage excluded from Bernoulli complement product.
39,9,1,continue,bernoulli_full_event,45,4,41,0.427928183640797,0.939717796774252,0.402131729908537,full_event_available,0,1,,"8,14,19,23","0.0082482,0.69201,0.61043,0.25262",paper_formula,Full Bernoulli event probability uses selected probabilities and non-selected complement probabilities.
39,9,2,continue,bernoulli_full_event,41,6,35,1,0.948466500463544,0.948466500463544,full_event_available,0,1,,"1,2,3,6,13,18","0.40227,0.52837,0.77461,0.44749,0.52324,0.51841",paper_formula,Full Bernoulli event probability uses selected probabilities and non-selected complement probabilities.
39,9,3,load_loss_threshold,bernoulli_full_event,26,0,26,NaN,NaN,1,terminal_stage_probability_one,1,0,,"","",,Terminal recording stage excluded from Bernoulli complement product.
39,10,1,continue,bernoulli_full_event,45,5,40,0.000663329959172404,0.941176711455384,0.000624310709583718,full_event_available,0,1,,"8,14,19,23,45","0.68776,0.96313,0.26714,0.19628,0.00078336",paper_formula,Full Bernoulli event probability uses selected probabilities and non-selected complement probabilities.
39,10,2,continue,bernoulli_full_event,40,6,34,1,0.753634964238233,0.753634964238233,full_event_available,0,1,,"1,2,3,6,13,18","0.80244,0.076144,0.49257,0.48466,0.11524,0.50784",paper_formula,Full Bernoulli event probability uses selected probabilities and non-selected complement probabilities.
39,10,3,load_loss_threshold,bernoulli_full_event,25,0,25,NaN,NaN,1,terminal_stage_probability_one,1,0,,"","",,Terminal recording stage excluded from Bernoulli complement product.
40,1,1,continue,bernoulli_full_event,45,1,44,0.660000491836154,0.935587328437039,0.617488096924118,full_event_available,0,1,,"3","0.42581",paper_formula,Full Bernoulli event probability uses selected probabilities and non-selected complement probabilities.
40,1,2,continue,bernoulli_full_event,44,3,41,0.11622389963515,0.710961985736479,0.0826307744746437,full_event_available,0,1,,"1,8,19","0.80132,0.62066,0.075862",paper_formula,Full Bernoulli event probability uses selected probabilities and non-selected complement probabilities.
40,1,3,continue,bernoulli_full_event,38,6,32,1,0.952440536133033,0.952440536133033,full_event_available,0,1,,"9,18,21,22,23,27","0.89983,0.73612,0.88833,0.65778,0.3558,0.94033",paper_formula,Full Bernoulli event probability uses selected probabilities and non-selected complement probabilities.
40,1,4,load_loss_threshold,bernoulli_full_event,19,0,19,NaN,NaN,1,terminal_stage_probability_one,1,0,,"","",,Terminal recording stage excluded from Bernoulli complement product.
40,2,1,continue,bernoulli_full_event,45,1,44,0.660000491836154,0.935587328437039,0.617488096924118,full_event_available,0,1,,"3","0.2393",paper_formula,Full Bernoulli event probability uses selected probabilities and non-selected complement probabilities.
40,2,2,continue,bernoulli_full_event,44,3,41,0.11622389963515,0.710961985736479,0.0826307744746437,full_event_available,0,1,,"1,8,19","0.31603,0.25826,0.090816",paper_formula,Full Bernoulli event probability uses selected probabilities and non-selected complement probabilities.
40,2,3,continue,bernoulli_full_event,38,6,32,1,0.952440536133033,0.952440536133033,full_event_available,0,1,,"9,18,21,22,23,27","0.23788,0.83894,0.69792,0.8753,0.5366,0.71931",paper_formula,Full Bernoulli event probability uses selected probabilities and non-selected complement probabilities.
40,2,4,load_loss_threshold,bernoulli_full_event,19,0,19,NaN,NaN,1,terminal_stage_probability_one,1,0,,"","",,Terminal recording stage excluded from Bernoulli complement product.
40,3,1,no_new_outage,bernoulli_full_event,45,0,45,1,0.31809923151292,0.31809923151292,full_event_available,1,1,,"","",paper_formula,Full Bernoulli event probability uses selected probabilities and non-selected complement probabilities.
40,4,1,no_new_outage,bernoulli_full_event,45,0,45,1,0.31809923151292,0.31809923151292,full_event_available,1,1,,"","",paper_formula,Full Bernoulli event probability uses selected probabilities and non-selected complement probabilities.
40,5,1,continue,bernoulli_full_event,45,1,44,0.660000491836154,0.935587328437039,0.617488096924118,full_event_available,0,1,,"3","0.096599",paper_formula,Full Bernoulli event probability uses selected probabilities and non-selected complement probabilities.
40,5,2,continue,bernoulli_full_event,44,2,42,1,0.628331211261835,0.628331211261835,full_event_available,0,1,,"1,8","0.50922,0.7177",paper_formula,Full Bernoulli event probability uses selected probabilities and non-selected complement probabilities.
40,5,3,continue,bernoulli_full_event,39,7,32,1,0.663149408471184,0.663149408471184,full_event_available,0,1,,"9,13,14,18,19,20,23","0.079735,0.63684,0.84362,0.063209,0.83058,0.82269,0.95891",paper_formula,Full Bernoulli event probability uses selected probabilities and non-selected complement probabilities.
40,5,4,load_loss_threshold,bernoulli_full_event,23,0,23,NaN,NaN,1,terminal_stage_probability_one,1,0,,"","",,Terminal recording stage excluded from Bernoulli complement product.
40,6,1,continue,bernoulli_full_event,45,2,43,0.00112252527449228,0.93718128130231,0.0010520096750429,full_event_available,0,1,,"3,42","0.20032,0.00026984",paper_formula,Full Bernoulli event probability uses selected probabilities and non-selected complement probabilities.
40,6,2,continue,bernoulli_full_event,39,3,36,0.122070655601492,0.747624672300119,0.091263033891526,full_event_available,0,1,,"1,8,19","0.4434,0.79022,0.10246",paper_formula,Full Bernoulli event probability uses selected probabilities and non-selected complement probabilities.
40,6,3,load_loss_threshold,bernoulli_full_event,33,0,33,NaN,NaN,1,terminal_stage_probability_one,1,0,,"","",,Terminal recording stage excluded from Bernoulli complement product.
40,7,1,continue,bernoulli_full_event,45,1,44,0.660000491836154,0.935587328437039,0.617488096924118,full_event_available,0,1,,"3","0.53308",paper_formula,Full Bernoulli event probability uses selected probabilities and non-selected complement probabilities.
40,7,2,continue,bernoulli_full_event,44,2,42,1,0.628331211261835,0.628331211261835,full_event_available,0,1,,"1,8","0.2082,0.70978",paper_formula,Full Bernoulli event probability uses selected probabilities and non-selected complement probabilities.
40,7,3,continue,bernoulli_full_event,39,7,32,1,0.663149408471184,0.663149408471184,full_event_available,0,1,,"9,13,14,18,19,20,23","0.16402,0.21468,0.00040283,0.55027,0.28115,0.89986,0.79009",paper_formula,Full Bernoulli event probability uses selected probabilities and non-selected complement probabilities.
40,7,4,load_loss_threshold,bernoulli_full_event,23,0,23,NaN,NaN,1,terminal_stage_probability_one,1,0,,"","",,Terminal recording stage excluded from Bernoulli complement product.
40,8,1,continue,bernoulli_full_event,45,1,44,0.660000491836154,0.935587328437039,0.617488096924118,full_event_available,0,1,,"3","0.27072",paper_formula,Full Bernoulli event probability uses selected probabilities and non-selected complement probabilities.
40,8,2,continue,bernoulli_full_event,44,2,42,1,0.628331211261835,0.628331211261835,full_event_available,0,1,,"1,8","0.71761,0.073693",paper_formula,Full Bernoulli event probability uses selected probabilities and non-selected complement probabilities.
40,8,3,continue,bernoulli_full_event,39,9,30,0.000487859001828117,0.955580680761852,0.00046618863708271,full_event_available,0,1,,"9,13,14,18,19,20,23,27,37","0.58815,0.39407,0.17754,0.87154,0.49058,0.81033,0.43678,0.27384,0.0013239",paper_formula,Full Bernoulli event probability uses selected probabilities and non-selected complement probabilities.
40,8,4,load_loss_threshold,bernoulli_full_event,0,0,0,NaN,NaN,1,terminal_stage_probability_one,1,0,,"","",,Terminal recording stage excluded from Bernoulli complement product.
40,9,1,continue,bernoulli_full_event,45,1,44,0.660000491836154,0.935587328437039,0.617488096924118,full_event_available,0,1,,"3","0.65364",paper_formula,Full Bernoulli event probability uses selected probabilities and non-selected complement probabilities.
40,9,2,continue,bernoulli_full_event,44,2,42,1,0.628331211261835,0.628331211261835,full_event_available,0,1,,"1,8","0.20321,0.83462",paper_formula,Full Bernoulli event probability uses selected probabilities and non-selected complement probabilities.
40,9,3,continue,bernoulli_full_event,39,7,32,1,0.663149408471184,0.663149408471184,full_event_available,0,1,,"9,13,14,18,19,20,23","0.95174,0.78789,0.78276,0.19611,0.40437,0.57969,0.020713",paper_formula,Full Bernoulli event probability uses selected probabilities and non-selected complement probabilities.
40,9,4,load_loss_threshold,bernoulli_full_event,23,0,23,NaN,NaN,1,terminal_stage_probability_one,1,0,,"","",,Terminal recording stage excluded from Bernoulli complement product.
40,10,1,no_new_outage,bernoulli_full_event,45,0,45,1,0.31809923151292,0.31809923151292,full_event_available,1,1,,"","",paper_formula,Full Bernoulli event probability uses selected probabilities and non-selected complement probabilities.
41,1,1,continue,bernoulli_full_event,45,2,43,0.72194881523603,0.851613655949134,0.614821469951302,full_event_available,0,1,,"8,14","0.33823,0.98405",paper_formula,Full Bernoulli event probability uses selected probabilities and non-selected complement probabilities.
41,1,2,continue,bernoulli_full_event,43,1,42,1,0.938001374985592,0.938001374985592,full_event_available,0,1,,"3","0.83992",paper_formula,Full Bernoulli event probability uses selected probabilities and non-selected complement probabilities.
41,1,3,continue,bernoulli_full_event,42,6,36,0.387333989303955,0.174656604744733,0.0676504394740615,full_event_available,0,1,,"4,9,19,23,40,42","0.91283,0.39703,0.067308,0.53963,0.12241,0.18488",paper_formula,Full Bernoulli event probability uses selected probabilities and non-selected complement probabilities.
41,1,4,load_loss_threshold,bernoulli_full_event,18,0,18,NaN,NaN,1,terminal_stage_probability_one,1,0,,"","",,Terminal recording stage excluded from Bernoulli complement product.
41,2,1,continue,bernoulli_full_event,45,3,42,0.0665264732554396,0.938053878501305,0.0624054162602785,full_event_available,0,1,,"8,14,23","0.27263,0.54894,0.059463",paper_formula,Full Bernoulli event probability uses selected probabilities and non-selected complement probabilities.
41,2,2,continue,bernoulli_full_event,42,6,36,0.8074346061849,0.946689616689887,0.764389957831333,full_event_available,0,1,,"1,2,3,4,13,18","0.91821,0.2829,0.26945,0.13996,0.22308,0.29738",paper_formula,Full Bernoulli event probability uses selected probabilities and non-selected complement probabilities.
41,2,3,load_loss_threshold,bernoulli_full_event,25,0,25,NaN,NaN,1,terminal_stage_probability_one,1,0,,"","",,Terminal recording stage excluded from Bernoulli complement product.
41,3,1,continue,bernoulli_full_event,45,2,43,0.72194881523603,0.851613655949134,0.614821469951302,full_event_available,0,1,,"8,14","0.33898,0.84584",paper_formula,Full Bernoulli event probability uses selected probabilities and non-selected complement probabilities.
41,3,2,continue,bernoulli_full_event,43,1,42,1,0.938001374985592,0.938001374985592,full_event_available,0,1,,"3","0.2333",paper_formula,Full Bernoulli event probability uses selected probabilities and non-selected complement probabilities.
41,3,3,continue,bernoulli_full_event,42,5,37,0.895048746249687,0.0990736381660733,0.088675735626939,full_event_available,0,1,,"4,9,19,23,40","0.89274,0.77397,0.38902,0.7645,0.09312",paper_formula,Full Bernoulli event probability uses selected probabilities and non-selected complement probabilities.
41,3,4,load_loss_threshold,bernoulli_full_event,23,0,23,NaN,NaN,1,terminal_stage_probability_one,1,0,,"","",,Terminal recording stage excluded from Bernoulli complement product.
41,4,1,continue,bernoulli_full_event,45,2,43,0.72194881523603,0.851613655949134,0.614821469951302,full_event_available,0,1,,"8,14","0.06347,0.95811",paper_formula,Full Bernoulli event probability uses selected probabilities and non-selected complement probabilities.
41,4,2,continue,bernoulli_full_event,43,1,42,1,0.938001374985592,0.938001374985592,full_event_available,0,1,,"3","0.11172",paper_formula,Full Bernoulli event probability uses selected probabilities and non-selected complement probabilities.
41,4,3,continue,bernoulli_full_event,42,5,37,0.895048746249687,0.0990736381660733,0.088675735626939,full_event_available,0,1,,"4,9,19,23,40","0.81188,0.5393,0.37601,0.92945,0.87087",paper_formula,Full Bernoulli event probability uses selected probabilities and non-selected complement probabilities.
41,4,4,load_loss_threshold,bernoulli_full_event,23,0,23,NaN,NaN,1,terminal_stage_probability_one,1,0,,"","",,Terminal recording stage excluded from Bernoulli complement product.
41,5,1,continue,bernoulli_full_event,45,2,43,0.72194881523603,0.851613655949134,0.614821469951302,full_event_available,0,1,,"8,14","0.22563,0.76069",paper_formula,Full Bernoulli event probability uses selected probabilities and non-selected complement probabilities.
41,5,2,continue,bernoulli_full_event,43,1,42,1,0.938001374985592,0.938001374985592,full_event_available,0,1,,"3","0.83222",paper_formula,Full Bernoulli event probability uses selected probabilities and non-selected complement probabilities.
41,5,3,continue,bernoulli_full_event,42,6,36,0.502440830239259,0.22586334103509,0.113482964590284,full_event_available,0,1,,"4,9,17,19,23,40","0.89028,0.63764,0.14682,0.64183,0.99839,0.57476",paper_formula,Full Bernoulli event probability uses selected probabilities and non-selected complement probabilities.
41,5,4,load_loss_threshold,bernoulli_full_event,23,0,23,NaN,NaN,1,terminal_stage_probability_one,1,0,,"","",,Terminal recording stage excluded from Bernoulli complement product.
41,6,1,continue,bernoulli_full_event,45,2,43,0.72194881523603,0.851613655949134,0.614821469951302,full_event_available,0,1,,"8,14","0.010656,0.41498",paper_formula,Full Bernoulli event probability uses selected probabilities and non-selected complement probabilities.
41,6,2,continue,bernoulli_full_event,43,1,42,1,0.938001374985592,0.938001374985592,full_event_available,0,1,,"3","0.36975",paper_formula,Full Bernoulli event probability uses selected probabilities and non-selected complement probabilities.
41,6,3,continue,bernoulli_full_event,42,7,35,0.111132148853884,0.236785328309269,0.0263144623520816,full_event_available,0,1,,"4,9,16,19,20,23,40","0.47019,0.15564,0.016454,0.35148,0.068603,0.44609,0.035555",paper_formula,Full Bernoulli event probability uses selected probabilities and non-selected complement probabilities.
41,6,4,load_loss_threshold,bernoulli_full_event,23,0,23,NaN,NaN,1,terminal_stage_probability_one,1,0,,"","",,Terminal recording stage excluded from Bernoulli complement product.
41,7,1,continue,bernoulli_full_event,45,3,42,0.00115511557900069,0.852978418434912,0.000985288659685539,full_event_available,0,1,,"8,14,37","0.70752,0.95451,0.0010525",paper_formula,Full Bernoulli event probability uses selected probabilities and non-selected complement probabilities.
41,7,2,continue,bernoulli_full_event,42,9,33,0.513643317288509,0.951454762752774,0.488708380590286,full_event_available,0,1,,"1,2,3,4,16,17,19,20,23","0.33172,0.57189,0.90169,0.87198,0.26177,0.024286,0.079205,0.47533,0.29367",paper_formula,Full Bernoulli event probability uses selected probabilities and non-selected complement probabilities.
41,7,3,load_loss_threshold,bernoulli_full_event,24,0,24,NaN,NaN,1,terminal_stage_probability_one,1,0,,"","",,Terminal recording stage excluded from Bernoulli complement product.
41,8,1,continue,bernoulli_full_event,45,2,43,0.72194881523603,0.851613655949134,0.614821469951302,full_event_available,0,1,,"8,14","0.61942,0.91531",paper_formula,Full Bernoulli event probability uses selected probabilities and non-selected complement probabilities.
41,8,2,continue,bernoulli_full_event,43,1,42,1,0.938001374985592,0.938001374985592,full_event_available,0,1,,"3","0.67746",paper_formula,Full Bernoulli event probability uses selected probabilities and non-selected complement probabilities.
41,8,3,continue,bernoulli_full_event,42,7,35,0.186809137899121,0.359542363280774,0.0671657989226938,full_event_available,0,1,,"4,9,16,17,19,23,40","0.79238,0.6183,0.12889,0.39297,0.98114,0.83283,0.31616",paper_formula,Full Bernoulli event probability uses selected probabilities and non-selected complement probabilities.
41,8,4,load_loss_threshold,bernoulli_full_event,23,0,23,NaN,NaN,1,terminal_stage_probability_one,1,0,,"","",,Terminal recording stage excluded from Bernoulli complement product.
41,9,1,continue,bernoulli_full_event,45,2,43,0.72194881523603,0.851613655949134,0.614821469951302,full_event_available,0,1,,"8,14","0.53153,0.86016",paper_formula,Full Bernoulli event probability uses selected probabilities and non-selected complement probabilities.
41,9,2,continue,bernoulli_full_event,43,1,42,1,0.938001374985592,0.938001374985592,full_event_available,0,1,,"3","0.26223",paper_formula,Full Bernoulli event probability uses selected probabilities and non-selected complement probabilities.
41,9,3,continue,bernoulli_full_event,42,7,35,0.129349704402469,0.262226978282397,0.0339189821271807,full_event_available,0,1,,"4,9,19,20,23,40,42","0.88978,0.14002,0.57973,0.14697,0.37284,0.44864,0.32142",paper_formula,Full Bernoulli event probability uses selected probabilities and non-selected complement probabilities.
41,9,4,load_loss_threshold,bernoulli_full_event,18,0,18,NaN,NaN,1,terminal_stage_probability_one,1,0,,"","",,Terminal recording stage excluded from Bernoulli complement product.
41,10,1,continue,bernoulli_full_event,45,2,43,0.72194881523603,0.851613655949134,0.614821469951302,full_event_available,0,1,,"8,14","0.33693,0.1912",paper_formula,Full Bernoulli event probability uses selected probabilities and non-selected complement probabilities.
41,10,2,continue,bernoulli_full_event,43,1,42,1,0.938001374985592,0.938001374985592,full_event_available,0,1,,"3","0.46135",paper_formula,Full Bernoulli event probability uses selected probabilities and non-selected complement probabilities.
41,10,3,continue,bernoulli_full_event,42,6,36,0.502440830239259,0.22586334103509,0.113482964590284,full_event_available,0,1,,"4,9,17,19,23,40","0.912,0.38352,0.46074,0.02224,0.50574,0.15942",paper_formula,Full Bernoulli event probability uses selected probabilities and non-selected complement probabilities.
41,10,4,load_loss_threshold,bernoulli_full_event,23,0,23,NaN,NaN,1,terminal_stage_probability_one,1,0,,"","",,Terminal recording stage excluded from Bernoulli complement product.
42,1,1,continue,bernoulli_full_event,45,1,44,0.520519749882491,0.935693018224758,0.487046695813144,full_event_available,0,1,,"3","0.071131",paper_formula,Full Bernoulli event probability uses selected probabilities and non-selected complement probabilities.
42,1,2,continue,bernoulli_full_event,44,2,42,1,0.644287850062928,0.644287850062928,full_event_available,0,1,,"1,8","0.74154,0.38398",paper_formula,Full Bernoulli event probability uses selected probabilities and non-selected complement probabilities.
42,1,3,continue,bernoulli_full_event,34,8,26,1,0.603564285017663,0.603564285017663,full_event_available,0,1,,"9,13,14,18,19,20,23,27","0.74964,0.012332,0.87417,0.62036,0.47116,0.6365,0.49067,0.77995",paper_formula,Full Bernoulli event probability uses selected probabilities and non-selected complement probabilities.
42,1,4,load_loss_threshold,bernoulli_full_event,0,0,0,NaN,NaN,1,terminal_stage_probability_one,1,0,,"","",,Terminal recording stage excluded from Bernoulli complement product.
42,2,1,continue,bernoulli_full_event,45,1,44,0.520519749882491,0.935693018224758,0.487046695813144,full_event_available,0,1,,"3","0.50507",paper_formula,Full Bernoulli event probability uses selected probabilities and non-selected complement probabilities.
42,2,2,continue,bernoulli_full_event,44,2,42,1,0.644287850062928,0.644287850062928,full_event_available,0,1,,"1,8","0.11419,0.057232",paper_formula,Full Bernoulli event probability uses selected probabilities and non-selected complement probabilities.
42,2,3,continue,bernoulli_full_event,34,9,25,0.37295593994415,0.96255482423979,0.358990539222127,full_event_available,0,1,,"9,13,14,18,19,20,23,26,27","0.2091,0.90259,0.82132,0.52187,0.54139,0.28801,0.10967,0.26231,0.38243",paper_formula,Full Bernoulli event probability uses selected probabilities and non-selected complement probabilities.
42,2,4,load_loss_threshold,bernoulli_full_event,7,0,7,NaN,NaN,1,terminal_stage_probability_one,1,0,,"","",,Terminal recording stage excluded from Bernoulli complement product.
42,3,1,continue,bernoulli_full_event,45,1,44,0.520519749882491,0.935693018224758,0.487046695813144,full_event_available,0,1,,"3","0.37164",paper_formula,Full Bernoulli event probability uses selected probabilities and non-selected complement probabilities.
42,3,2,continue,bernoulli_full_event,44,2,42,1,0.644287850062928,0.644287850062928,full_event_available,0,1,,"1,8","0.63673,0.34225",paper_formula,Full Bernoulli event probability uses selected probabilities and non-selected complement probabilities.
42,3,3,continue,bernoulli_full_event,34,8,26,1,0.603564285017663,0.603564285017663,full_event_available,0,1,,"9,13,14,18,19,20,23,27","0.3526,0.77157,0.26436,0.75272,0.81088,0.78537,0.076851,0.86587",paper_formula,Full Bernoulli event probability uses selected probabilities and non-selected complement probabilities.
42,3,4,load_loss_threshold,bernoulli_full_event,0,0,0,NaN,NaN,1,terminal_stage_probability_one,1,0,,"","",,Terminal recording stage excluded from Bernoulli complement product.
42,4,1,continue,bernoulli_full_event,45,1,44,0.520519749882491,0.935693018224758,0.487046695813144,full_event_available,0,1,,"3","0.47687",paper_formula,Full Bernoulli event probability uses selected probabilities and non-selected complement probabilities.
42,4,2,continue,bernoulli_full_event,44,3,41,0.126532844541456,0.737621152709167,0.0933333026462389,full_event_available,0,1,,"1,8,19","0.093296,0.30491,0.11",paper_formula,Full Bernoulli event probability uses selected probabilities and non-selected complement probabilities.
42,4,3,load_loss_threshold,bernoulli_full_event,33,0,33,NaN,NaN,1,terminal_stage_probability_one,1,0,,"","",,Terminal recording stage excluded from Bernoulli complement product.
42,5,1,continue,bernoulli_full_event,45,1,44,0.520519749882491,0.935693018224758,0.487046695813144,full_event_available,0,1,,"3","0.51758",paper_formula,Full Bernoulli event probability uses selected probabilities and non-selected complement probabilities.
42,5,2,continue,bernoulli_full_event,44,2,42,1,0.644287850062928,0.644287850062928,full_event_available,0,1,,"1,8","0.13031,0.38509",paper_formula,Full Bernoulli event probability uses selected probabilities and non-selected complement probabilities.
42,5,3,continue,bernoulli_full_event,34,8,26,1,0.603564285017663,0.603564285017663,full_event_available,0,1,,"9,13,14,18,19,20,23,27","0.73974,0.3336,0.51647,0.087528,0.3514,0.14545,0.48507,0.23331",paper_formula,Full Bernoulli event probability uses selected probabilities and non-selected complement probabilities.
42,5,4,load_loss_threshold,bernoulli_full_event,0,0,0,NaN,NaN,1,terminal_stage_probability_one,1,0,,"","",,Terminal recording stage excluded from Bernoulli complement product.
42,6,1,continue,bernoulli_full_event,45,1,44,0.520519749882491,0.935693018224758,0.487046695813144,full_event_available,0,1,,"3","0.01935",paper_formula,Full Bernoulli event probability uses selected probabilities and non-selected complement probabilities.
42,6,2,continue,bernoulli_full_event,44,2,42,1,0.644287850062928,0.644287850062928,full_event_available,0,1,,"1,8","0.44032,0.079983",paper_formula,Full Bernoulli event probability uses selected probabilities and non-selected complement probabilities.
42,6,3,continue,bernoulli_full_event,34,8,26,1,0.603564285017663,0.603564285017663,full_event_available,0,1,,"9,13,14,18,19,20,23,27","0.42793,0.85383,0.22091,0.56452,0.37206,0.37074,0.54651,0.076898",paper_formula,Full Bernoulli event probability uses selected probabilities and non-selected complement probabilities.
42,6,4,load_loss_threshold,bernoulli_full_event,0,0,0,NaN,NaN,1,terminal_stage_probability_one,1,0,,"","",,Terminal recording stage excluded from Bernoulli complement product.
42,7,1,no_new_outage,bernoulli_full_event,45,0,45,1,0.448646322411613,0.448646322411613,full_event_available,1,1,,"","",paper_formula,Full Bernoulli event probability uses selected probabilities and non-selected complement probabilities.
42,8,1,no_new_outage,bernoulli_full_event,45,0,45,1,0.448646322411613,0.448646322411613,full_event_available,1,1,,"","",paper_formula,Full Bernoulli event probability uses selected probabilities and non-selected complement probabilities.
42,9,1,no_new_outage,bernoulli_full_event,45,0,45,1,0.448646322411613,0.448646322411613,full_event_available,1,1,,"","",paper_formula,Full Bernoulli event probability uses selected probabilities and non-selected complement probabilities.
42,10,1,no_new_outage,bernoulli_full_event,45,0,45,1,0.448646322411613,0.448646322411613,full_event_available,1,1,,"","",paper_formula,Full Bernoulli event probability uses selected probabilities and non-selected complement probabilities.
43,1,1,no_new_outage,bernoulli_full_event,45,0,45,1,0.93419403337996,0.93419403337996,full_event_available,1,1,,"","",paper_formula,Full Bernoulli event probability uses selected probabilities and non-selected complement probabilities.
43,2,1,no_new_outage,bernoulli_full_event,45,0,45,1,0.93419403337996,0.93419403337996,full_event_available,1,1,,"","",paper_formula,Full Bernoulli event probability uses selected probabilities and non-selected complement probabilities.
43,3,1,no_new_outage,bernoulli_full_event,45,0,45,1,0.93419403337996,0.93419403337996,full_event_available,1,1,,"","",paper_formula,Full Bernoulli event probability uses selected probabilities and non-selected complement probabilities.
43,4,1,no_new_outage,bernoulli_full_event,45,0,45,1,0.93419403337996,0.93419403337996,full_event_available,1,1,,"","",paper_formula,Full Bernoulli event probability uses selected probabilities and non-selected complement probabilities.
43,5,1,continue,bernoulli_full_event,45,1,44,0.0016978006,0.935782805989439,0.00158877260947855,full_event_available,0,1,,"29","0.0015158",paper_formula,Full Bernoulli event probability uses selected probabilities and non-selected complement probabilities.
43,5,2,no_new_outage,bernoulli_full_event,44,0,44,1,0.935782805989439,0.935782805989439,full_event_available,1,1,,"","",paper_formula,Full Bernoulli event probability uses selected probabilities and non-selected complement probabilities.
43,6,1,no_new_outage,bernoulli_full_event,45,0,45,1,0.93419403337996,0.93419403337996,full_event_available,1,1,,"","",paper_formula,Full Bernoulli event probability uses selected probabilities and non-selected complement probabilities.
43,7,1,no_new_outage,bernoulli_full_event,45,0,45,1,0.93419403337996,0.93419403337996,full_event_available,1,1,,"","",paper_formula,Full Bernoulli event probability uses selected probabilities and non-selected complement probabilities.
43,8,1,no_new_outage,bernoulli_full_event,45,0,45,1,0.93419403337996,0.93419403337996,full_event_available,1,1,,"","",paper_formula,Full Bernoulli event probability uses selected probabilities and non-selected complement probabilities.
43,9,1,no_new_outage,bernoulli_full_event,45,0,45,1,0.93419403337996,0.93419403337996,full_event_available,1,1,,"","",paper_formula,Full Bernoulli event probability uses selected probabilities and non-selected complement probabilities.
43,10,1,no_new_outage,bernoulli_full_event,45,0,45,1,0.93419403337996,0.93419403337996,full_event_available,1,1,,"","",paper_formula,Full Bernoulli event probability uses selected probabilities and non-selected complement probabilities.
44,1,1,no_new_outage,bernoulli_full_event,45,0,45,1,0.933772147587476,0.933772147587476,full_event_available,1,1,,"","",paper_formula,Full Bernoulli event probability uses selected probabilities and non-selected complement probabilities.
44,2,1,no_new_outage,bernoulli_full_event,45,0,45,1,0.933772147587476,0.933772147587476,full_event_available,1,1,,"","",paper_formula,Full Bernoulli event probability uses selected probabilities and non-selected complement probabilities.
44,3,1,no_new_outage,bernoulli_full_event,45,0,45,1,0.933772147587476,0.933772147587476,full_event_available,1,1,,"","",paper_formula,Full Bernoulli event probability uses selected probabilities and non-selected complement probabilities.
44,4,1,no_new_outage,bernoulli_full_event,45,0,45,1,0.933772147587476,0.933772147587476,full_event_available,1,1,,"","",paper_formula,Full Bernoulli event probability uses selected probabilities and non-selected complement probabilities.
44,5,1,no_new_outage,bernoulli_full_event,45,0,45,1,0.933772147587476,0.933772147587476,full_event_available,1,1,,"","",paper_formula,Full Bernoulli event probability uses selected probabilities and non-selected complement probabilities.
44,6,1,no_new_outage,bernoulli_full_event,45,0,45,1,0.933772147587476,0.933772147587476,full_event_available,1,1,,"","",paper_formula,Full Bernoulli event probability uses selected probabilities and non-selected complement probabilities.
44,7,1,no_new_outage,bernoulli_full_event,45,0,45,1,0.933772147587476,0.933772147587476,full_event_available,1,1,,"","",paper_formula,Full Bernoulli event probability uses selected probabilities and non-selected complement probabilities.
44,8,1,no_new_outage,bernoulli_full_event,45,0,45,1,0.933772147587476,0.933772147587476,full_event_available,1,1,,"","",paper_formula,Full Bernoulli event probability uses selected probabilities and non-selected complement probabilities.
44,9,1,no_new_outage,bernoulli_full_event,45,0,45,1,0.933772147587476,0.933772147587476,full_event_available,1,1,,"","",paper_formula,Full Bernoulli event probability uses selected probabilities and non-selected complement probabilities.
44,10,1,no_new_outage,bernoulli_full_event,45,0,45,1,0.933772147587476,0.933772147587476,full_event_available,1,1,,"","",paper_formula,Full Bernoulli event probability uses selected probabilities and non-selected complement probabilities.
45,1,1,no_new_outage,bernoulli_full_event,45,0,45,1,0.934170689029478,0.934170689029478,full_event_available,1,1,,"","",paper_formula,Full Bernoulli event probability uses selected probabilities and non-selected complement probabilities.
45,2,1,no_new_outage,bernoulli_full_event,45,0,45,1,0.934170689029478,0.934170689029478,full_event_available,1,1,,"","",paper_formula,Full Bernoulli event probability uses selected probabilities and non-selected complement probabilities.
45,3,1,no_new_outage,bernoulli_full_event,45,0,45,1,0.934170689029478,0.934170689029478,full_event_available,1,1,,"","",paper_formula,Full Bernoulli event probability uses selected probabilities and non-selected complement probabilities.
45,4,1,no_new_outage,bernoulli_full_event,45,0,45,1,0.934170689029478,0.934170689029478,full_event_available,1,1,,"","",paper_formula,Full Bernoulli event probability uses selected probabilities and non-selected complement probabilities.
45,5,1,no_new_outage,bernoulli_full_event,45,0,45,1,0.934170689029478,0.934170689029478,full_event_available,1,1,,"","",paper_formula,Full Bernoulli event probability uses selected probabilities and non-selected complement probabilities.
45,6,1,no_new_outage,bernoulli_full_event,45,0,45,1,0.934170689029478,0.934170689029478,full_event_available,1,1,,"","",paper_formula,Full Bernoulli event probability uses selected probabilities and non-selected complement probabilities.
45,7,1,no_new_outage,bernoulli_full_event,45,0,45,1,0.934170689029478,0.934170689029478,full_event_available,1,1,,"","",paper_formula,Full Bernoulli event probability uses selected probabilities and non-selected complement probabilities.
45,8,1,no_new_outage,bernoulli_full_event,45,0,45,1,0.934170689029478,0.934170689029478,full_event_available,1,1,,"","",paper_formula,Full Bernoulli event probability uses selected probabilities and non-selected complement probabilities.
45,9,1,no_new_outage,bernoulli_full_event,45,0,45,1,0.934170689029478,0.934170689029478,full_event_available,1,1,,"","",paper_formula,Full Bernoulli event probability uses selected probabilities and non-selected complement probabilities.
45,10,1,no_new_outage,bernoulli_full_event,45,0,45,1,0.934170689029478,0.934170689029478,full_event_available,1,1,,"","",paper_formula,Full Bernoulli event probability uses selected probabilities and non-selected complement probabilities.
46,1,1,continue,bernoulli_full_event,45,4,41,0.443650950042881,0.939688679725927,0.416893775504948,full_event_available,0,1,,"8,14,19,23","0.069194,0.8222,0.47059,0.10386",paper_formula,Full Bernoulli event probability uses selected probabilities and non-selected complement probabilities.
46,1,2,continue,bernoulli_full_event,41,8,33,0.231936568286285,0.951001235947393,0.220571963101654,full_event_available,0,1,,"1,2,3,6,13,18,27,40","0.017211,0.3558,0.23414,0.34969,0.23334,0.74104,0.22263,0.40802",paper_formula,Full Bernoulli event probability uses selected probabilities and non-selected complement probabilities.
46,1,3,load_loss_threshold,bernoulli_full_event,0,0,0,NaN,NaN,1,terminal_stage_probability_one,1,0,,"","",,Terminal recording stage excluded from Bernoulli complement product.
46,2,1,continue,bernoulli_full_event,45,3,42,0.770341370840859,0.398508118373119,0.30698729019876,full_event_available,0,1,,"8,14,23","0.97148,0.40421,0.14421",paper_formula,Full Bernoulli event probability uses selected probabilities and non-selected complement probabilities.
46,2,2,continue,bernoulli_full_event,42,6,36,0.481985999215985,0.0948365820640342,0.0457099047683623,full_event_available,0,1,,"1,2,3,13,27,40","0.83526,0.94016,0.99548,0.51762,0.21833,0.42861",paper_formula,Full Bernoulli event probability uses selected probabilities and non-selected complement probabilities.
46,2,3,load_loss_threshold,bernoulli_full_event,0,0,0,NaN,NaN,1,terminal_stage_probability_one,1,0,,"","",,Terminal recording stage excluded from Bernoulli complement product.
46,3,1,continue,bernoulli_full_event,45,3,42,0.575914739667451,0.215807614022219,0.12428678584786,full_event_available,0,1,,"8,14,19","0.80039,0.65804,0.014408",paper_formula,Full Bernoulli event probability uses selected probabilities and non-selected complement probabilities.
46,3,2,continue,bernoulli_full_event,42,4,38,1,0.943825854386262,0.943825854386262,full_event_available,0,1,,"1,3,18,40","0.21042,0.85475,0.77177,0.94141",paper_formula,Full Bernoulli event probability uses selected probabilities and non-selected complement probabilities.
46,3,3,load_loss_threshold,bernoulli_full_event,0,0,0,NaN,NaN,1,terminal_stage_probability_one,1,0,,"","",,Terminal recording stage excluded from Bernoulli complement product.
46,4,1,continue,bernoulli_full_event,45,3,42,0.770341370840859,0.398508118373119,0.30698729019876,full_event_available,0,1,,"8,14,23","0.54169,0.97535,0.4101",paper_formula,Full Bernoulli event probability uses selected probabilities and non-selected complement probabilities.
46,4,2,continue,bernoulli_full_event,42,7,35,0.389172175463623,0.492490266216394,0.191663508298093,full_event_available,0,1,,"1,2,3,13,18,27,40","0.12507,0.96588,0.85292,0.6402,0.44067,0.36918,0.30354",paper_formula,Full Bernoulli event probability uses selected probabilities and non-selected complement probabilities.
46,4,3,load_loss_threshold,bernoulli_full_event,0,0,0,NaN,NaN,1,terminal_stage_probability_one,1,0,,"","",,Terminal recording stage excluded from Bernoulli complement product.
46,5,1,continue,bernoulli_full_event,45,4,41,0.443650950042881,0.939688679725927,0.416893775504948,full_event_available,0,1,,"8,14,19,23","0.41915,0.56545,0.36653,0.33897",paper_formula,Full Bernoulli event probability uses selected probabilities and non-selected complement probabilities.
46,5,2,continue,bernoulli_full_event,41,6,35,1,0.255572444431623,0.255572444431623,full_event_available,0,1,,"1,2,3,13,18,40","0.29376,0.81253,0.97079,0.074304,0.56565,0.39536",paper_formula,Full Bernoulli event probability uses selected probabilities and non-selected complement probabilities.
46,5,3,load_loss_threshold,bernoulli_full_event,0,0,0,NaN,NaN,1,terminal_stage_probability_one,1,0,,"","",,Terminal recording stage excluded from Bernoulli complement product.
46,6,1,continue,bernoulli_full_event,45,5,40,0.000745261095521086,0.941269859269061,0.000701491806499839,full_event_available,0,1,,"8,14,19,23,31","0.31447,0.2887,0.43036,0.40423,0.00017056",paper_formula,Full Bernoulli event probability uses selected probabilities and non-selected complement probabilities.
46,6,2,continue,bernoulli_full_event,40,6,34,1,0.485185376266803,0.485185376266803,full_event_available,0,1,,"1,3,4,13,18,40","0.68542,0.38227,0.26669,0.33132,0.055887,0.90587",paper_formula,Full Bernoulli event probability uses selected probabilities and non-selected complement probabilities.
46,6,3,load_loss_threshold,bernoulli_full_event,18,0,18,NaN,NaN,1,terminal_stage_probability_one,1,0,,"","",,Terminal recording stage excluded from Bernoulli complement product.
46,7,1,continue,bernoulli_full_event,45,2,43,1,0.091520828174359,0.091520828174359,full_event_available,0,1,,"8,14","0.62346,0.35093",paper_formula,Full Bernoulli event probability uses selected probabilities and non-selected complement probabilities.
46,7,2,continue,bernoulli_full_event,43,2,41,0.892128012748928,0.939452931095909,0.838112276489749,full_event_available,0,1,,"3,40","0.88888,0.18161",paper_formula,Full Bernoulli event probability uses selected probabilities and non-selected complement probabilities.
46,7,3,continue,bernoulli_full_event,41,9,32,0.0591362135457356,0.349101072403688,0.0206445155667098,full_event_available,0,1,,"1,9,16,19,20,23,26,27,31","0.2144,0.27106,0.19014,0.35278,0.13251,0.95312,0.53827,0.46867,0.73247",paper_formula,Full Bernoulli event probability uses selected probabilities and non-selected complement probabilities.
46,7,4,load_loss_threshold,bernoulli_full_event,9,0,9,NaN,NaN,1,terminal_stage_probability_one,1,0,,"","",,Terminal recording stage excluded from Bernoulli complement product.
46,8,1,continue,bernoulli_full_event,45,2,43,1,0.091520828174359,0.091520828174359,full_event_available,0,1,,"8,14","0.57637,0.81564",paper_formula,Full Bernoulli event probability uses selected probabilities and non-selected complement probabilities.
46,8,2,continue,bernoulli_full_event,43,2,41,0.892128012748928,0.939452931095909,0.838112276489749,full_event_available,0,1,,"3,40","0.83199,0.31991",paper_formula,Full Bernoulli event probability uses selected probabilities and non-selected complement probabilities.
46,8,3,continue,bernoulli_full_event,41,8,33,0.634051471439921,0.478366771473957,0.303309155341027,full_event_available,0,1,,"1,9,17,19,23,26,27,31","0.84877,0.089806,0.32651,0.017575,0.28098,0.35843,0.62987,0.010496",paper_formula,Full Bernoulli event probability uses selected probabilities and non-selected complement probabilities.
46,8,4,load_loss_threshold,bernoulli_full_event,9,0,9,NaN,NaN,1,terminal_stage_probability_one,1,0,,"","",,Terminal recording stage excluded from Bernoulli complement product.
46,9,1,continue,bernoulli_full_event,45,3,42,0.770341370840859,0.398508118373119,0.30698729019876,full_event_available,0,1,,"8,14,23","0.99071,0.27936,0.047093",paper_formula,Full Bernoulli event probability uses selected probabilities and non-selected complement probabilities.
46,9,2,continue,bernoulli_full_event,42,6,36,0.807434606184959,0.255116853149939,0.205990175854267,full_event_available,0,1,,"1,2,3,13,18,40","0.52916,0.28594,0.4668,0.19172,0.24637,0.89669",paper_formula,Full Bernoulli event probability uses selected probabilities and non-selected complement probabilities.
46,9,3,load_loss_threshold,bernoulli_full_event,0,0,0,NaN,NaN,1,terminal_stage_probability_one,1,0,,"","",,Terminal recording stage excluded from Bernoulli complement product.
46,10,1,continue,bernoulli_full_event,45,3,42,0.770341370840859,0.398508118373119,0.30698729019876,full_event_available,0,1,,"8,14,23","0.72926,0.59033,0.74239",paper_formula,Full Bernoulli event probability uses selected probabilities and non-selected complement probabilities.
46,10,2,continue,bernoulli_full_event,42,7,35,0.389172175463623,0.492490266216394,0.191663508298093,full_event_available,0,1,,"1,2,3,13,18,27,40","0.76128,0.60182,0.38718,0.97461,0.63814,0.28854,0.81764",paper_formula,Full Bernoulli event probability uses selected probabilities and non-selected complement probabilities.
46,10,3,load_loss_threshold,bernoulli_full_event,0,0,0,NaN,NaN,1,terminal_stage_probability_one,1,0,,"","",,Terminal recording stage excluded from Bernoulli complement product.
