sigma,SLLR,SLFOR,SNVOR,CRI
0.9,0.282732186139614,0.584857701188562,0.0199340586523434,0.29059766365195
0.95,0.559772309326906,0.702960378613983,0.0525942171491248,0.486974304748765
0.98,0.708001352841417,1.06534326255111,0.0787386277013779,0.653617189755348
