sigma,SLLR,SLFOR,SNVOR,CRI
0.9,0.656269436845143,1.09431956051449,0.164318625210188,0.645489299252021
0.95,0.700291642616277,1.29681406179884,0.212404606639498,0.722018719257434
0.98,0.718926870294185,1.65592435928679,0.244456059502701,0.811432205934409
