sigma,SLLR,SLFOR,SNVOR,CRI
0.9,0.301273106065982,0.495828134164154,0.0194583212407052,0.283821154720561
0.95,0.559772145323552,0.564580609584563,0.0660217716079914,0.461983763432642
0.98,0.682953369723388,1.49436913531676,0.0819490693774572,0.725035662772876
