sigma,SLLR,SLFOR,SNVOR,CRI
0.9,0.24476064894014,0.36630730770932,0,0.220117850905948
0.95,0.548209955897392,0.56458060922838,0.0558671679225999,0.453015528968631
0.98,0.682953369723388,1.04134143101502,0.0819490693774572,0.634430121912527
