sigma,SLLR,SLFOR,SNVOR,CRI,result_status
0.9,0.000329772095893565,0.00156972352243953,2.58195576284003e-06,0.000512324353176613,valid
0.95,0.00154693693421766,0.00616124994560742,3.7249962041106e-05,0.0021678621420603,valid
0.98,0.00395912313113467,0.0103505511680227,0.00299892630551429,0.0050453693733882,valid
