sigma,SLLR,SLFOR,SNVOR,CRI,result_status
0.9,0.000187278746544931,0.00186820458630712,2.51399496434754e-06,0.000486510964181252,valid
0.95,0.00125917301608981,0.00706747171297075,8.91640788944004e-05,0.00218683096802691,valid
0.98,0.0025967710834569,0.0117012388105829,0.000537901493510053,0.00400589071089273,valid
