sigma,SLLR,SLFOR,SNVOR,CRI
0.9,0.379256918917277,0.776673312917357,0.0966054249669266,0.402209898927223
0.95,0.477387464164254,1.3627563859913,0.146046135839184,0.588192982864648
0.98,0.644322082814351,1.86408573866518,0.227589916849193,0.804928380791485
