sigma,SLLR,SLFOR,SNVOR,CRI
0.9,0.354395345230348,0.776673312917357,0.0826848847266706,0.384508846667014
0.95,0.477387464164254,1.18353839197418,0.144441388227122,0.552028434538813
0.98,0.644322082814351,1.75864948359463,0.227589916849193,0.783841129777376
