sigma,SLLR,SLFOR,SNVOR,CRI
0.9,0.678320752514698,0.97447529187635,0.199992902465965,0.641886090377282
0.95,0.700291642616277,1.67297727884469,0.206878069093983,0.796146055157501
0.98,0.745247896223836,1.68106948916829,0.224477734347868,0.828258182437533
