sigma,SLLR,SLFOR,SNVOR,CRI
0.9,0.712139783794328,1.32065030987145,0.199992902465965,0.73141251274408
0.95,0.744284987920176,1.6769611617945,0.220259028874978,0.826015030886001
0.98,0.771719380323397,1.71453419489494,0.227589916849164,0.851456450542859
