sigma,SLLR,SLFOR,SNVOR,CRI,result_status
0.9,0.00440722423284994,0.00839299777804071,0.00207654957226694,0.00473824400977149,valid
0.95,0.0104261931662252,0.0148853379796497,0.00610578647236552,0.0104539407901382,valid
0.98,0.0139612471266674,0.0585407797972851,0.0174419522502161,0.0235732946855007,valid
