sigma,SLLR,SLFOR,SNVOR,CRI
0.9,0.712139783794328,1.32689532252503,0.199992902465965,0.732661515274796
0.95,0.746435732296382,1.64044970880273,0.220259028874978,0.820003186913371
0.98,0.786030494561281,1.71453419489494,0.240544249436925,0.862633985603142
