sigma,SLLR,SLFOR,SNVOR,CRI
0.9,0.66014201588365,1.67091795948095,0.194028559706813,0.769074513367743
0.95,0.715277060485463,1.76354278644758,0.246500444280425,0.831174882436879
0.98,0.751034100121038,1.77117010194644,0.262103443408279,0.857275169143567
