sigma,SLLR,SLFOR,SNVOR,CRI
0.9,0.665408314852508,1.66276021781274,0.194028559706813,0.770602744415415
0.95,0.715277060485463,1.76354278644758,0.227589916849164,0.827392776950627
0.98,0.744284987920176,1.77117010194644,0.262103443408279,0.853225701823049
