sigma,SLLR,SLFOR,SNVOR,CRI,result_status
0.9,0.0161018617748818,0.0450225196632394,0.00505516833585024,0.019676654664747,valid
0.95,0.0194718970025162,0.0813203662684152,0.0104307161639185,0.0300333546879765,valid
0.98,0.0249315927754535,0.0997870323843927,0.0351596226639651,0.0419482866749437,valid
