sigma,SLLR,SLFOR,SNVOR,CRI,result_status
0.9,0.000473558400754969,0.00131922792232096,2.1948783636831e-07,0.000548024522484448,valid
0.95,0.0034455202991013,0.00645329445690951,2.71479913869201e-05,0.00336340066912006,valid
0.98,0.00597607201032989,0.0109118685112964,0.000622128474588202,0.00589244260337485,valid
