sigma,SLLR,SLFOR,SNVOR,CRI
0.9,0.179492405959418,0.400379656587709,0.00490087075150003,0.188751549043493
0.95,0.378865408671296,0.567534307178149,0.0430005573794917,0.349426218114306
0.98,0.675824112137148,0.817107283797406,0.0660494832479641,0.582125820691363
