sigma,SLLR,SLFOR,SNVOR,CRI
0.9,0.179492405959418,0.400379656587709,0,0.187771374893193
0.95,0.378865408671296,0.567534307178149,0.0430005573794917,0.349426218114306
0.98,0.668306141523145,0.692189531895646,0.0660494832479641,0.552631487942609
