sigma,basic_SLLR,paper_SLLR,delta_SLLR,basic_SLFOR,paper_SLFOR,delta_SLFOR,basic_SNVOR,paper_SNVOR,delta_SNVOR,basic_CRI,paper_CRI,delta_CRI
0.9,0.510529619553486,0.000464019572888546,-0.510065599980597,0.86477012515511,0.00414293384771072,-0.860627191307399,0.11458710399753,4.72095861002774e-05,-0.11453989441143,0.50218921756262,0.00111644043049533,-0.501072777132125
0.95,0.649059276681542,0.00139243315396803,-0.647666843527574,1.14196708152143,0.0106726059541878,-1.13129447556724,0.154793512908785,0.000390828343862844,-0.154402684564922,0.648787684894968,0.00304814675199094,-0.645739538142977
0.98,0.738528723759759,0.00497777265958604,-0.733550951100173,1.92644589228011,0.0189269324034645,-1.90751895987665,0.212404606639498,0.00105923317440002,-0.211345373465098,0.870887334039777,0.00698389671132453,-0.863903437328453
