sigma,SLLR,SLFOR,SNVOR,CRI
0.9,0.485508607774258,0.88306336982102,0.11458710399753,0.490835259428265
0.95,0.644322082814351,1.15550939655981,0.154793512908785,0.64865383158233
0.98,0.738528723759759,1.92644589228011,0.22196159918353,0.872798732548583
