sigma,SLLR,SLFOR,SNVOR,CRI
0.9,0.510529619553486,0.86477012515511,0.11458710399753,0.50218921756262
0.95,0.649059276681542,1.14196708152143,0.154793512908785,0.648787684894968
0.98,0.738528723759759,1.92644589228011,0.212404606639498,0.870887334039777
