sigma,SLLR,SLFOR,SNVOR,CRI,result_status
0.9,0.000464019572888546,0.00414293384771072,4.72095861002774e-05,0.00111644043049533,valid
0.95,0.00139243315396803,0.0106726059541878,0.000390828343862844,0.00304814675199094,valid
0.98,0.00497777265958604,0.0189269324034645,0.00105923317440002,0.00698389671132453,valid
