sigma,uniform_SLLR,weighted_SLLR,delta_SLLR,uniform_SLFOR,weighted_SLFOR,delta_SLFOR,uniform_SNVOR,weighted_SNVOR,delta_SNVOR,uniform_CRI,weighted_CRI,delta_CRI
0.9,0.510529619553486,0.485508607774258,-0.0250210117792279,0.86477012515511,0.88306336982102,0.01829324466591,0.11458710399753,0.11458710399753,0,0.50218921756262,0.490835259428265,-0.011353958134355
0.95,0.649059276681542,0.644322082814351,-0.00473719386719096,1.14196708152143,1.15550939655981,0.01354231503838,0.154793512908785,0.154793512908785,0,0.648787684894968,0.64865383158233,-0.000133853312637933
0.98,0.738528723759759,0.738528723759759,0,1.92644589228011,1.92644589228011,0,0.212404606639498,0.22196159918353,0.009556992544032,0.870887334039777,0.872798732548583,0.00191139850880595
