sigma,SLLR,SLFOR,SNVOR,CRI,result_status
0.9,0.00153468556803898,0.00173676505015508,4.14451940926869e-06,0.00126899325473626,valid
0.95,0.00381727561469214,0.00611092862397971,5.83716926611054e-05,0.00352422543214345,valid
0.98,0.00420040861205098,0.0104900923329328,0.00132499017666834,0.00488326166915081,valid
