sigma,SLLR,SLFOR,SNVOR,CRI
0.9,0.25308381983732,0.571340802749339,0.0272262502992926,0.271563702512118
0.95,0.399714258950969,0.821250356222262,0.0787386277013779,0.419826352155309
0.98,0.674023014580559,1.6153310840099,0.0943589090941842,0.746351807369152
