sigma,SLLR,SLFOR,SNVOR,CRI,result_status
0.9,0.0131804372950181,0.0230862853525715,0.00604556652116457,0.0137346327517581,valid
0.95,0.0235242429655936,0.0678919358050853,0.0240511468439327,0.0325031623091598,valid
0.98,0.0294669245567166,0.125055717256354,0.0600560452641978,0.0547025072381404,valid
